序号,全局序号,消融模型,去除模块,情景类别,题型,来源标签,模块标签,模块标签说明,难度,问题,参考答案,模型回答,是否正确,部分准确率,耗时毫秒,回答路径,上下文精确率,证据召回率,幻觉标记,多跳路径覆盖率,上下文条数,缺失文本项,缺失数值项,命中数值,无证据编号,无证据数值,标准文本项,标准数值项,预期字段,原始行号,错误信息
1,1,baseline模型,baseline兼容旧逻辑,故障原因诊断类,项目失效现象后果查原因,故障原因查询,,,简单,在项目/功能“Tower / Tower / Primary steelwork”中，故障现象“Abnormal vibration”会造成“Excessive Fatigue Life Consumption”，它的潜在原因/机理是什么？,Design phase; Resonance occurs when the natural frequency of the tower or other components of the wind turbine matches the frequency of the wind or other external forces.,失效原因 / FailureCause / cause / reason / 为什么 / 为啥 / 咋来的: Environmental condition; Resonance occurs when the natural frequency of the tower or other components of the wind turbine matches the frequency of the wind or other external forces.,错误,0.0,948.14,语义RAG,0.6667,0.0,0,,3,Design phase; Resonance occurs when the natural frequency of the tower or other components of the wind turbine matches the frequency of the wind or other external forces.,,,,,Design phase; Resonance occurs when the natural frequency of the tower or other components of the wind turbine matches the frequency of the wind or other external forces.,,项目/功能；潜在失效模式；潜在失效后果；潜在失效原因/机理,0,
2,2,baseline模型,baseline兼容旧逻辑,故障原因诊断类,项目失效现象后果查原因,故障原因查询,,,简单,在项目/功能“Tower / Tower / Primary steelwork”中，故障现象“Abnormal vibration”会造成“Potential collapse”，它的潜在原因/机理是什么？,"Installation phase; Faulty welding of Tower [10,15]","安装阶段；焊缝缺陷 [10,15]",错误,0.0,543.99,语义RAG,0.6667,1.0,0,,3,"Installation phase; Faulty welding of Tower [10,15]",,10.0；15.0,,,"Installation phase; Faulty welding of Tower [10,15]",,项目/功能；潜在失效模式；潜在失效后果；潜在失效原因/机理,2,
3,3,baseline模型,baseline兼容旧逻辑,故障原因诊断类,项目失效现象后果查原因,故障原因查询,,,简单,在项目/功能“Tower / Tower / Primary steelwork”中，故障现象“Cracks”会造成“Failure of whole facility and vast economic loses”，它的潜在原因/机理是什么？,"Environmental loads; The interaction between the blades and the tower can cause pressure fluctuations, leading to cyclic fatigue [14]","失效原因 / FailureCause / cause / reason / 为什么 / 为啥 / 咋来的: - Environmental loads; The interaction between the blades and the tower can cause pressure fluctuations, leading to cyclic fatigue [14] - due to Operation; Hit by blades due to human error or operational failure [15] - Design phase; Braking system failure due to wrong estimation of operating conditions [15]",正确,1.0,1139.39,语义RAG,1.0,1.0,0,,3,,,14.0,,,"Environmental loads; The interaction between the blades and the tower can cause pressure fluctuations, leading to cyclic fatigue [14]",,项目/功能；潜在失效模式；潜在失效后果；潜在失效原因/机理,4,
4,4,baseline模型,baseline兼容旧逻辑,故障原因诊断类,项目失效现象后果查原因,故障原因查询,,,简单,在项目/功能“Tower / Tower / Primary steelwork”中，故障现象“Cracks”会造成“Potential collapse”，它的潜在原因/机理是什么？,Environmental condition; Cyclic wind/wave loading (above design assumption)creates stress concentrations and fatigue. [11],安装阶段；安装阶段应力/疲劳由于波浪、风和工艺过程。错误的安装/错误可以导致应力集中和疲劳。,错误,0.0,671.48,语义RAG,0.6667,0.0,0,,3,Environmental condition; Cyclic wind/wave loading (above design assumption)creates stress concentrations and fatigue. [11],,,,,Environmental condition; Cyclic wind/wave loading (above design assumption)creates stress concentrations and fatigue. [11],,项目/功能；潜在失效模式；潜在失效后果；潜在失效原因/机理,6,
5,5,baseline模型,baseline兼容旧逻辑,故障原因诊断类,项目失效现象后果查原因,故障原因查询,,,简单,在项目/功能“Tower / Tower / Primary structure & welding”中，故障现象“Cracks”会造成“Potential collapse”，它的潜在原因/机理是什么？,"Design phase; Welding failure due to Poor design or inadequate specification of welding procedures considering harsh environmental condition [1,15]","失效原因是：Welding failure due to Poor design or inadequate specification of welding procedures considering harsh environmental condition [1,15]。",错误,0.0,697.67,语义RAG,1.0,1.0,0,,3,"Design phase; Welding failure due to Poor design or inadequate specification of welding procedures considering harsh environmental condition [1,15]",,1.0；15.0,,,"Design phase; Welding failure due to Poor design or inadequate specification of welding procedures considering harsh environmental condition [1,15]",,项目/功能；潜在失效模式；潜在失效后果；潜在失效原因/机理,7,
6,6,baseline模型,baseline兼容旧逻辑,故障原因诊断类,项目失效现象后果查原因,故障原因查询,,,简单,在项目/功能“Tower / Tower / Welding”中，故障现象“Cracks”会造成“Potential collapse”，它的潜在原因/机理是什么？,"Fabrication; Welding failure due to Poor quality control during the welding process [1,10]",根据上下文，提供的信息中并没有直接提到“Cracks”这一失效模式及其相关细节。因此，无法给出具体的原因/机理。 但是，可以参考与“Tower / Tower (TO) / Primary steelwork”相关的故障模式和其原因： 1. 故障模式：Tower collapse 潜在原因：Operation phase; Mooring system failure can lead to direct tower collapse [1] 2. 故障模式：Plastic deformation 潜在原因：Design phase; Plastic deformation due to insufficient yield strength and lack of detailed stress analysis and simulations [13] 由于没有直接信息，建议根据上述类似故障模式的原因进行推测或进一步调查。,错误,0.0,1651.71,语义RAG,0.3333,0.0,1,,3,"Fabrication; Welding failure due to Poor quality control during the welding process [1,10]",,1.0；1.0,,2.0,"Fabrication; Welding failure due to Poor quality control during the welding process [1,10]",,项目/功能；潜在失效模式；潜在失效后果；潜在失效原因/机理,10,
7,7,baseline模型,baseline兼容旧逻辑,故障原因诊断类,项目失效现象后果查原因,故障原因查询,,,简单,在项目/功能“Tower / Tower / Primary steelwork”中，故障现象“Cracks”会造成“Failure of the WTG/Major repair campaign/Structure reassessment”，它的潜在原因/机理是什么？,Environmental condition; Lightning strikes[9],失效原因 / FailureCause / cause / reason / 为什么 / 为啥 / 咋来的: Environmental condition; Lightning strikes[9],正确,1.0,653.74,语义RAG,1.0,1.0,0,,3,,,9.0,,,Environmental condition; Lightning strikes[9],,项目/功能；潜在失效模式；潜在失效后果；潜在失效原因/机理,16,
8,8,baseline模型,baseline兼容旧逻辑,故障原因诊断类,项目失效现象后果查原因,故障原因查询,,,简单,在项目/功能“Tower / Tower / Primary steelwork”中，故障现象“Plastic deformation”会造成“Potential collapse”，它的潜在原因/机理是什么？,"Manufacturing; Inadequate quality control during the manufacturing process may create structural weaknesses or defects in the tower, causing plastic deformation over time. [11]","失效原因 / FailureCause / cause / reason / 为什么 / 为啥 / 咋来的: Design phase; Plastic deformation due to insufficient yield strength and lack of detailed stress analysis and simulations [13] Manufacturing; Inadequate quality control during the manufacturing process may create structural weaknesses or defects in the tower, causing plastic deformation over time. [11]",正确,1.0,1057.96,语义RAG,1.0,1.0,0,,3,,,11.0,,,"Manufacturing; Inadequate quality control during the manufacturing process may create structural weaknesses or defects in the tower, causing plastic deformation over time. [11]",,项目/功能；潜在失效模式；潜在失效后果；潜在失效原因/机理,21,
9,9,baseline模型,baseline兼容旧逻辑,故障原因诊断类,项目失效现象后果查原因,故障原因查询,,,简单,在项目/功能“Tower / Tower / Primary steelwork”中，故障现象“Tower collapse”会造成“Failure of whole facility and vast economic loses”，它的潜在原因/机理是什么？,Operation phase; Mooring system failure can lead to direct tower collapse [1],Operation phase; Mooring system failure can lead to direct tower collapse [1],正确,1.0,589.46,语义RAG,1.0,1.0,0,,3,,,1.0,,,Operation phase; Mooring system failure can lead to direct tower collapse [1],,项目/功能；潜在失效模式；潜在失效后果；潜在失效原因/机理,23,
10,10,baseline模型,baseline兼容旧逻辑,故障原因诊断类,项目失效现象后果查原因,故障原因查询,,,简单,"在项目/功能“Transition piece / Transition Piece / Primary structure & welding”中，故障现象“Transition piece break”会造成“Tower Unit collapse, Floater Unit damage”，它的潜在原因/机理是什么？",Design; Analysis and calculation fault due to human error [11],Operation and Maintenance; Undetected defects and poor quality control [11],错误,0.0,592.84,语义RAG,0.6667,0.0,0,,3,Design; Analysis and calculation fault due to human error [11],,11.0,,,Design; Analysis and calculation fault due to human error [11],,项目/功能；潜在失效模式；潜在失效后果；潜在失效原因/机理,24,
11,11,baseline模型,baseline兼容旧逻辑,故障原因诊断类,项目失效现象后果查原因,故障原因查询,,,简单,"在项目/功能“Transition piece / Transition Piece / Primary structure”中，故障现象“Transition piece break”会造成“tension failure (rupture), buckling of the transition piece/ Tower unit damage”，它的潜在原因/机理是什么？","Operation and Maintenance; Brittle fracture due to extreme environmental temperature, leading to a shift in the ductile-to-brittle transition temperature [16]","失效原因是：Operation and Maintenance; Brittle fracture due to extreme environmental temperature, leading to a shift in the ductile-to-brittle transition temperature [16]。",正确,1.0,718.63,语义RAG,0.6667,1.0,0,,3,,,16.0,,,"Operation and Maintenance; Brittle fracture due to extreme environmental temperature, leading to a shift in the ductile-to-brittle transition temperature [16]",,项目/功能；潜在失效模式；潜在失效后果；潜在失效原因/机理,25,
12,12,baseline模型,baseline兼容旧逻辑,故障原因诊断类,项目失效现象后果查原因,故障原因查询,,,简单,在项目/功能“Transition piece / Transition Piece / Primary stucture”中，故障现象“Structural plastic deformation”会造成“Local stress accumulation”，它的潜在原因/机理是什么？,"Operation; Changes in wave spectra can cause increased loads, resonance, and stress concentrations, leading to plastic deformation in offshore wind turbines. [11]","失效原因 / FailureCause / cause / reason / 为啥 / 咋来的: Maintenance; Plastic deformation can occur due to the application of excessive force or improper handling of the structure. [1] 失效原因 / FailureCause / cause / reason / 为啥 / 咋来的: Installation; During installation, plastic deformation can occur due to processes like welding and bending [1]",错误,0.0,1091.59,语义RAG,1.0,0.0,0,,3,"Operation; Changes in wave spectra can cause increased loads, resonance, and stress concentrations, leading to plastic deformation in offshore wind turbines. [11]",,,,,"Operation; Changes in wave spectra can cause increased loads, resonance, and stress concentrations, leading to plastic deformation in offshore wind turbines. [11]",,项目/功能；潜在失效模式；潜在失效后果；潜在失效原因/机理,26,
13,13,baseline模型,baseline兼容旧逻辑,故障原因诊断类,项目失效现象后果查原因,故障原因查询,,,简单,在项目/功能“Transition piece / Transition Piece / Primary structure & welding”中，故障现象“Cracks”会造成“Tower transition piece connections failure / resonance”，它的潜在原因/机理是什么？,"Operation; Cycling loading could cause microstructural changes in the material and eventually lead to fatigue crack initiation [1,15]","失效原因 / FailureCause / cause / reason / 为什么 / 为啥 / 咋来的: - Operation; Cycling loading could cause microstructural changes in the material and eventually lead to fatigue crack initiation [1,15] - Fabrication; Welding and heat treatment could induce fatigue cracks in fabrication process. [1] - Maintenance; The transition piece may be subjected to large forces from lifting and handling equipment during maintenance, which are not considered in design assumptions [11]",正确,1.0,1287.33,语义RAG,1.0,1.0,0,,3,,,1.0；15.0；1.0,,,"Operation; Cycling loading could cause microstructural changes in the material and eventually lead to fatigue crack initiation [1,15]",,项目/功能；潜在失效模式；潜在失效后果；潜在失效原因/机理,27,
14,14,baseline模型,baseline兼容旧逻辑,故障原因诊断类,项目失效现象后果查原因,故障原因查询,,,简单,在项目/功能“Transition piece / Transition Piece / Primary structure & welding”中，故障现象“Abnormal vibration”会造成“potential tower connections failure”，它的潜在原因/机理是什么？,Operation; due to unbalanced loads or wind-induced vibrations. [11],失效原因是：Operation; due to unbalanced loads or wind-induced vibrations. [11],正确,1.0,655.91,语义RAG,1.0,1.0,0,,3,,,11.0,,,Operation; due to unbalanced loads or wind-induced vibrations. [11],,项目/功能；潜在失效模式；潜在失效后果；潜在失效原因/机理,29,
15,15,baseline模型,baseline兼容旧逻辑,故障原因诊断类,项目失效现象后果查原因,故障原因查询,,,简单,在项目/功能“Transition piece / Transition Piece / Primary structure”中，故障现象“Cracks”会造成“Tower transition piece connections failure”，它的潜在原因/机理是什么？,Installation; During Transportation and installation transition piece may be subjected to bending and twisting loads which could lead to fatigue cracks,安装；在运输和安装过程中，过渡件可能受到弯曲和扭转载荷的作用，这可能导致疲劳裂纹。,错误,0.0,661.19,语义RAG,1.0,1.0,0,,3,Installation; During Transportation and installation transition piece may be subjected to bending and twisting loads which could lead to fatigue cracks,,,,,Installation; During Transportation and installation transition piece may be subjected to bending and twisting loads which could lead to fatigue cracks,,项目/功能；潜在失效模式；潜在失效后果；潜在失效原因/机理,31,
16,16,baseline模型,baseline兼容旧逻辑,故障原因诊断类,项目失效现象后果查原因,故障原因查询,,,简单,在项目/功能“Transition piece / Transition Piece / Primary structure & welding”中，故障现象“Cracks”会造成“Tower transition piece connections failure/ displacement variations between tower end”，它的潜在原因/机理是什么？,"Environmental Loads; Extreme environmental conditions like hurricanes or storm surges can subject the transition piece to large forces that exceed their design limits [10,11,15]",安装过程中，过渡件可能受到波浪、风和船舶运动产生的大作用力。,错误,0.0,652.16,语义RAG,0.6667,1.0,0,,3,"Environmental Loads; Extreme environmental conditions like hurricanes or storm surges can subject the transition piece to large forces that exceed their design limits [10,11,15]",,,,,"Environmental Loads; Extreme environmental conditions like hurricanes or storm surges can subject the transition piece to large forces that exceed their design limits [10,11,15]",,项目/功能；潜在失效模式；潜在失效后果；潜在失效原因/机理,32,
17,17,baseline模型,baseline兼容旧逻辑,故障原因诊断类,项目失效现象后果查原因,故障原因查询,,,简单,在项目/功能“Transition piece / Transition Piece / Welding”中，故障现象“Cracks”会造成“potential tower connections failure”，它的潜在原因/机理是什么？,Fabrication; Improper surface preparation before applying a protective coating or performing welding repairs like cleaning the surface with solvent and treating the surface with a rust inhibitor or primer for improving the adhesion can cause corrosion and crack propagation. [15],失效原因 / FailureCause / cause / reason / 为啥 / 咋来的: Fabrication; Improper surface preparation before applying a protective coating or performing welding repairs like cleaning the surface with solvent and treating the surface with a rust inhibitor or primer for improving the adhesion can cause corrosion and crack propagation.,错误,0.0,914.08,语义RAG,1.0,1.0,0,,3,Fabrication; Improper surface preparation before applying a protective coating or performing welding repairs like cleaning the surface with solvent and treating the surface with a rust inhibitor or primer for improving the adhesion can cause corrosion and crack propagation. [15],,,,,Fabrication; Improper surface preparation before applying a protective coating or performing welding repairs like cleaning the surface with solvent and treating the surface with a rust inhibitor or primer for improving the adhesion can cause corrosion and crack propagation. [15],,项目/功能；潜在失效模式；潜在失效后果；潜在失效原因/机理,33,
18,18,baseline模型,baseline兼容旧逻辑,故障原因诊断类,项目失效现象后果查原因,故障原因查询,,,简单,在项目/功能“Transition piece / Transition Piece / Welding”中，故障现象“Cracks”会造成“Tower transition piece connections failure”，它的潜在原因/机理是什么？,"Maintenance; Repairing welding during maintenance can introduce residual stresses, leading to crack initiation [11]",安装和焊接过程中的应力集中、焊接质量问题以及维护不当都可能导致裂缝的产生。具体来说： 1. 在运输和安装过程中，过渡件可能受到弯曲和扭转载荷的作用，这会导致疲劳裂纹的形成。 2. 焊接失败可能是由于腐蚀而没有适当的维护。 3. 焊接过程中的不良性能（例如过热、焊缝未熔合）也可能导致焊接缺陷。,错误,0.0,1181.91,语义RAG,1.0,0.0,1,,3,"Maintenance; Repairing welding during maintenance can introduce residual stresses, leading to crack initiation [11]",,,,2.0,"Maintenance; Repairing welding during maintenance can introduce residual stresses, leading to crack initiation [11]",,项目/功能；潜在失效模式；潜在失效后果；潜在失效原因/机理,36,
19,19,baseline模型,baseline兼容旧逻辑,故障原因诊断类,项目失效现象后果查原因,故障原因查询,,,简单,在项目/功能“Transition piece / Transition Piece / Primary structure & welding”中，故障现象“Cracks”会造成“Tower transition piece connections failure”，它的潜在原因/机理是什么？,"Maintenance; The transition piece may be subjected to large forces from lifting and handling equipment during maintenance, which are not considered in design assumptions [11]","失效原因 / FailureCause / cause / reason / 为什么 / 为啥 / 咋来的: Fabrication; Welding and heat treatment could induce fatigue cracks in fabrication process. Maintenance; The transition piece may be subjected to large forces from lifting and handling equipment during maintenance, which are not considered in design assumptions. Operation; Cycling loading could cause microstructural changes in the material and eventually lead to fatigue crack initiation.",错误,0.0,1140.69,语义RAG,1.0,1.0,0,,3,"Maintenance; The transition piece may be subjected to large forces from lifting and handling equipment during maintenance, which are not considered in design assumptions [11]",,,,,"Maintenance; The transition piece may be subjected to large forces from lifting and handling equipment during maintenance, which are not considered in design assumptions [11]",,项目/功能；潜在失效模式；潜在失效后果；潜在失效原因/机理,37,
20,20,baseline模型,baseline兼容旧逻辑,故障原因诊断类,项目失效现象后果查原因,故障原因查询,,,简单,"在项目/功能“Floating support structure / Floating Support structure / All structures”中，故障现象“Capsize”会造成“Watertight fault, Potential Floater Unit sinkage”，它的潜在原因/机理是什么？",Design; Analysis and Calculation fault due to human error,根据上下文，提供的故障模式是“Structural break [11]”或“Floating support structure / Floating Support structure / All structures”的相关问题，并没有直接提到“Capsize”这一故障现象及其具体的原因。因此，无法从给定的信息中得出“Capsize”故障现象的具体潜在原因/机理。 根据提供的信息，“Structural break [11]”的失效原因是： - Design; Underdesigned structure/Component due to insufficient environmental data - Operation and Maintenance; Structural degradation due to corrosion [11] 但这些并不是“Capsize”的具体原因。,错误,0.0,1481.1,语义RAG,0.6667,0.0,0,,3,Design; Analysis and Calculation fault due to human error,,,,,Design; Analysis and Calculation fault due to human error,,项目/功能；潜在失效模式；潜在失效后果；潜在失效原因/机理,45,
21,21,baseline模型,baseline兼容旧逻辑,故障原因诊断类,项目失效现象后果查原因,故障原因查询,,,简单,在项目/功能“Floating support structure / Floating Support structure / Primary structure”中，故障现象“Capsize”会造成“Project cancellation”，它的潜在原因/机理是什么？,Design; Analysis and Calculation fault due to human error [11],失效模式/Capsize 的潜在原因是：Analysis and Calculation fault due to human error [11]。,错误,0.0,608.31,语义RAG,1.0,1.0,0,,3,Design; Analysis and Calculation fault due to human error [11],,11.0,,,Design; Analysis and Calculation fault due to human error [11],,项目/功能；潜在失效模式；潜在失效后果；潜在失效原因/机理,46,
22,22,baseline模型,baseline兼容旧逻辑,故障原因诊断类,项目失效现象后果查原因,故障原因查询,,,简单,在项目/功能“Floating support structure / Floating Support structure / Secondary structure”中，故障现象“Additional Structures Failures”会造成“Potential failure”，它的潜在原因/机理是什么？,"Operation; Bilge piping/pumps fail [1,12]","失效原因 / FailureCause / cause / reason / 为什么 / 为啥 / 咋来的: Operation; Helicopter assistance equipment fail [1,12]",错误,0.0,720.51,语义RAG,0.3333,0.0,0,,3,"Operation; Bilge piping/pumps fail [1,12]",,1.0；12.0,,,"Operation; Bilge piping/pumps fail [1,12]",,项目/功能；潜在失效模式；潜在失效后果；潜在失效原因/机理,47,
23,23,baseline模型,baseline兼容旧逻辑,故障原因诊断类,项目失效现象后果查原因,故障原因查询,,,简单,"在项目/功能“Floating support structure / Floating Support structure / All structures”中，故障现象“Hit by dropped objects”会造成“Damage to the facility, vast economic loses”，它的潜在原因/机理是什么？",Operation; Biological collision,失效原因 / FailureCause: Environmental condition; Typhoon can cause failure of the floating unit if it gets hit by dropping objects. (eg. damaged blade)(strong wind/wave) 失效原因 / FailureCause: Operation; Plane crush 失效原因 / FailureCause: Operation; Biological collision,正确,1.0,923.93,语义RAG,1.0,1.0,0,,3,,,,,,Operation; Biological collision,,项目/功能；潜在失效模式；潜在失效后果；潜在失效原因/机理,48,
24,24,baseline模型,baseline兼容旧逻辑,故障原因诊断类,项目失效现象后果查原因,故障原因查询,,,简单,在项目/功能“Floating support structure / Floating Support structure / All structures”中，故障现象“Structural break”会造成“Structural reassessment”，它的潜在原因/机理是什么？,Environmental condition; Design parameter superseded due to climate change [11],失效原因 / FailureCause / cause / reason / 为啥 / 咋来的: Operation; Structure brittle fracture due to extreme environmental temperature,错误,0.0,689.11,语义RAG,0.6667,0.0,0,,3,Environmental condition; Design parameter superseded due to climate change [11],,,,,Environmental condition; Design parameter superseded due to climate change [11],,项目/功能；潜在失效模式；潜在失效后果；潜在失效原因/机理,49,
25,25,baseline模型,baseline兼容旧逻辑,故障原因诊断类,项目失效现象后果查原因,故障原因查询,,,简单,在项目/功能“Floating support structure / Floating Support structure / Primary Structure”中，故障现象“Cracks”会造成“Structural failure”，它的潜在原因/机理是什么？,Installation; Excessive fatigue life consumption due to installation/ transportation [19],失效原因是：Installation; Excessive fatigue life consumption due to installation/ transportation [19]。,正确,1.0,592.15,语义RAG,0.6667,1.0,0,,3,,,19.0,,,Installation; Excessive fatigue life consumption due to installation/ transportation [19],,项目/功能；潜在失效模式；潜在失效后果；潜在失效原因/机理,51,
26,26,baseline模型,baseline兼容旧逻辑,故障原因诊断类,项目失效现象后果查原因,故障原因查询,,,简单,在项目/功能“Floating support structure / Floating Support structure / Primary structure & Welding”中，故障现象“Capsize”会造成“Asset damage Energy production loss”，它的潜在原因/机理是什么？,Environmental condition; Extreme horizontal oscillatory force,环境条件；极端水平振荡力。,错误,0.0,559.88,语义RAG,1.0,1.0,0,,3,Environmental condition; Extreme horizontal oscillatory force,,,,,Environmental condition; Extreme horizontal oscillatory force,,项目/功能；潜在失效模式；潜在失效后果；潜在失效原因/机理,52,
27,27,baseline模型,baseline兼容旧逻辑,故障原因诊断类,项目失效现象后果查原因,故障原因查询,,,简单,在项目/功能“Floating support structure / Floating Support structure / Primary structure & Welding”中，故障现象“Cracks”会造成“Structural failure”，它的潜在原因/机理是什么？,Operation; Fatigue due to continuous vibrations/resonance [11],失效原因是Installation; Excessive fatigue life consumption due to installation/ transportation [19]。,错误,0.0,582.55,语义RAG,0.6667,0.0,0,,3,Operation; Fatigue due to continuous vibrations/resonance [11],,,,,Operation; Fatigue due to continuous vibrations/resonance [11],,项目/功能；潜在失效模式；潜在失效后果；潜在失效原因/机理,53,
28,28,baseline模型,baseline兼容旧逻辑,故障原因诊断类,项目失效现象后果查原因,故障原因查询,,,简单,在项目/功能“Floating support structure / Floating Support structure / All structures”中，故障现象“Cracks”会造成“Structural failure”，它的潜在原因/机理是什么？,Design; Fatigue due to underestimation of steel thickness and/or environmental loads,失效原因是Installation; Excessive fatigue life consumption due to installation/ transportation [19]。,错误,0.0,533.34,语义RAG,0.6667,0.0,0,,3,Design; Fatigue due to underestimation of steel thickness and/or environmental loads,,,,,Design; Fatigue due to underestimation of steel thickness and/or environmental loads,,项目/功能；潜在失效模式；潜在失效后果；潜在失效原因/机理,54,
29,29,baseline模型,baseline兼容旧逻辑,故障原因诊断类,项目失效现象后果查原因,故障原因查询,,,简单,在项目/功能“Floating support structure / Floating Support structure / Secondary structure”中，故障现象“Additional Structures Failures”会造成“Potential failure of landing platform”，它的潜在原因/机理是什么？,"Operation; Helicopter assistance equipment fail [1,12]","Operation; Sensors for platform monitoring fail [1,12]",错误,0.0,1014.25,语义RAG,1.0,1.0,0,,3,"Operation; Helicopter assistance equipment fail [1,12]",,1.0；12.0,,,"Operation; Helicopter assistance equipment fail [1,12]",,项目/功能；潜在失效模式；潜在失效后果；潜在失效原因/机理,56,
30,30,baseline模型,baseline兼容旧逻辑,故障原因诊断类,项目失效现象后果查原因,故障原因查询,,,简单,在项目/功能“Floating support structure / Floating Support structure / Secondary structure”中，故障现象“Watertight fault”会造成“Potential Failure/Asset damage Energy production loss”，它的潜在原因/机理是什么？,Maintenance; Inefficient detection [1],失效原因 / FailureCause: Maintenance; Insufficient structural strength due to ship collision,错误,0.0,624.27,语义RAG,0.6667,0.0,0,,3,Maintenance; Inefficient detection [1],,,,,Maintenance; Inefficient detection [1],,项目/功能；潜在失效模式；潜在失效后果；潜在失效原因/机理,57,
31,31,baseline模型,baseline兼容旧逻辑,故障原因诊断类,项目失效现象后果查原因,故障原因查询,,,简单,在项目/功能“Floating support structure / Floating Support structure / Secondary structure”中，故障现象“Floater unit sinkage”会造成“Potential Failure/Asset damage Energy production loss”，它的潜在原因/机理是什么？,Design; Insufficient structural strength and cracks on the floater resulting in water ingress to the support structure,失效原因 / FailureCause / cause / reason / 为什么 / 为啥 / 咋来的: Design; Insufficient structural strength and cracks on the floater resulting in water ingress to the support structure,正确,1.0,784.73,语义RAG,1.0,1.0,0,,3,,,,,,Design; Insufficient structural strength and cracks on the floater resulting in water ingress to the support structure,,项目/功能；潜在失效模式；潜在失效后果；潜在失效原因/机理,58,
32,32,baseline模型,baseline兼容旧逻辑,故障原因诊断类,项目失效现象后果查原因,故障原因查询,,,简单,在项目/功能“Floating support structure / Floating Support structure / All structures”中，故障现象“Structural plastic deformation”会造成“Local stress accumulation”，它的潜在原因/机理是什么？,Operation and Maintenance; Insufficient structural strength due to ship collision,失效原因 / FailureCause / cause / reason / 为啥 / 咋来的: Operation and Maintenance; Insufficient structural strength due to ship collision,正确,1.0,719.11,语义RAG,1.0,1.0,0,,3,,,,,,Operation and Maintenance; Insufficient structural strength due to ship collision,,项目/功能；潜在失效模式；潜在失效后果；潜在失效原因/机理,59,
33,33,baseline模型,baseline兼容旧逻辑,故障原因诊断类,项目失效现象后果查原因,故障原因查询,,,简单,在项目/功能“Floating support structure / Floating Support structure / Secondary structure”中，故障现象“Watertight fault”会造成“Asset damage Energy production loss/reduced stability”，它的潜在原因/机理是什么？,Maintenance; Insufficient structural strength due to ship collision [11],Maintenance; Insufficient structural strength due to ship collision,错误,0.0,519.24,语义RAG,0.6667,1.0,0,,3,Maintenance; Insufficient structural strength due to ship collision [11],,,,,Maintenance; Insufficient structural strength due to ship collision [11],,项目/功能；潜在失效模式；潜在失效后果；潜在失效原因/机理,60,
34,34,baseline模型,baseline兼容旧逻辑,故障原因诊断类,项目失效现象后果查原因,故障原因查询,,,简单,"在项目/功能“Floating support structure / Floating Support structure / All structures”中，故障现象“Watertight fault”会造成“If these cracks propagate through the wall and lie under water or within the splash zone, then they constitute a risk to the watertightness.”，它的潜在原因/机理是什么？","Environmental condition; Marine growth under water can add additional weight and stress for the material, which can lead to cracks in the outer hull",环境条件;海水中的生物附着会增加材料的重量和应力，从而导致外船体裂缝。,错误,0.0,674.38,语义RAG,0.6667,1.0,0,,3,"Environmental condition; Marine growth under water can add additional weight and stress for the material, which can lead to cracks in the outer hull",,,,,"Environmental condition; Marine growth under water can add additional weight and stress for the material, which can lead to cracks in the outer hull",,项目/功能；潜在失效模式；潜在失效后果；潜在失效原因/机理,62,
35,35,baseline模型,baseline兼容旧逻辑,故障原因诊断类,项目失效现象后果查原因,故障原因查询,,,简单,"在项目/功能“Floating support structure / Floating Support structure / Secondary structure”中，故障现象“Additional Structures Failures”会造成“Increased risk of collision, potential damage to the floater”，它的潜在原因/机理是什么？","Operation; Navigation and work lights fail [1,12]","失效原因 / FailureCause / cause / reason / 为什么 / 为啥 / 咋来的: Operation; Navigation and work lights fail [1,12]",正确,1.0,716.17,语义RAG,0.6667,1.0,0,,3,,,1.0；12.0,,,"Operation; Navigation and work lights fail [1,12]",,项目/功能；潜在失效模式；潜在失效后果；潜在失效原因/机理,63,
36,36,baseline模型,baseline兼容旧逻辑,故障原因诊断类,项目失效现象后果查原因,故障原因查询,,,简单,在项目/功能“Floating support structure / Floating Support structure / Secondary structure”中，故障现象“Structural break”会造成“Asset damage Energy production loss/reduced stability”，它的潜在原因/机理是什么？,Operation and Maintenance; Structural component degradation due to corrosion [12],失效原因 / FailureCause / cause / reason / 为什么 / 为啥 / 咋来的: Operation; Structure brittle fracture due to extreme environmental temperature,错误,0.0,712.33,语义RAG,1.0,0.0,0,,3,Operation and Maintenance; Structural component degradation due to corrosion [12],,,,,Operation and Maintenance; Structural component degradation due to corrosion [12],,项目/功能；潜在失效模式；潜在失效后果；潜在失效原因/机理,66,
37,37,baseline模型,baseline兼容旧逻辑,故障原因诊断类,项目失效现象后果查原因,故障原因查询,,,简单,"在项目/功能“Floating support structure / Floating Support structure / All structures”中，故障现象“Structural break”会造成“Watertight fault, Potential Floater Unit sinkage”，它的潜在原因/机理是什么？",Operation and Maintenance; Structural degradation due to corrosion [11],失效原因 / FailureCause: Structural degradation due to corrosion [11],错误,0.0,580.86,语义RAG,0.6667,1.0,0,,3,Operation and Maintenance; Structural degradation due to corrosion [11],,11.0,,,Operation and Maintenance; Structural degradation due to corrosion [11],,项目/功能；潜在失效模式；潜在失效后果；潜在失效原因/机理,67,
38,38,baseline模型,baseline兼容旧逻辑,故障原因诊断类,项目失效现象后果查原因,故障原因查询,,,简单,在项目/功能“Floating support structure / Floating Support structure / Primary structure & Welding”中，故障现象“Structural break”会造成“Tower collapse”，它的潜在原因/机理是什么？,Operation; Structure brittle fracture due to extreme environmental temperature,失效原因是：Operation; Structure brittle fracture due to extreme environmental temperature。,正确,1.0,597.18,语义RAG,0.6667,1.0,0,,3,,,,,,Operation; Structure brittle fracture due to extreme environmental temperature,,项目/功能；潜在失效模式；潜在失效后果；潜在失效原因/机理,68,
39,39,baseline模型,baseline兼容旧逻辑,故障原因诊断类,项目失效现象后果查原因,故障原因查询,,,简单,在项目/功能“Floating support structure / Floating Support structure / All structures”中，故障现象“Floater unit sinkage”会造成“Potential Failure/Asset damage Energy production loss”，它的潜在原因/机理是什么？,Operation; Structures break/collapse due to collision with other FWT,Design; Structures break/collapse due to collision with other FWT,错误,0.0,922.79,语义RAG,1.0,1.0,0,,3,Operation; Structures break/collapse due to collision with other FWT,,,,,Operation; Structures break/collapse due to collision with other FWT,,项目/功能；潜在失效模式；潜在失效后果；潜在失效原因/机理,69,
40,40,baseline模型,baseline兼容旧逻辑,故障原因诊断类,项目失效现象后果查原因,故障原因查询,,,简单,"在项目/功能“Floating support structure / Floating Support structure / All structures & Welding”中，故障现象“Structural break”会造成“Watertight fault, Potential Floater Unit sinkage”，它的潜在原因/机理是什么？",Maintenance; Undetected defects due to poor quality control,失效原因 / FailureCause: Structural degradation due to corrosion [11],错误,0.0,534.54,语义RAG,0.3333,0.0,0,,3,Maintenance; Undetected defects due to poor quality control,,,,,Maintenance; Undetected defects due to poor quality control,,项目/功能；潜在失效模式；潜在失效后果；潜在失效原因/机理,72,
41,41,baseline模型,baseline兼容旧逻辑,故障原因诊断类,项目失效现象后果查原因,故障原因查询,,,简单,在项目/功能“Floating support structure / Floating Support structure / Secondary structure & Welding”中，故障现象“Watertight fault”会造成“Reduced stability”，它的潜在原因/机理是什么？,Manufacturing and Installation; Ventilation heads/Manholes failure due to Manufacturing defect/Welding defect,失效原因是：Manufacturing and Installation; Ventilation heads/Manholes failure due to Manufacturing defect/Welding defect。,正确,1.0,664.62,语义RAG,0.6667,1.0,0,,3,,,,,,Manufacturing and Installation; Ventilation heads/Manholes failure due to Manufacturing defect/Welding defect,,项目/功能；潜在失效模式；潜在失效后果；潜在失效原因/机理,73,
42,42,baseline模型,baseline兼容旧逻辑,故障原因诊断类,项目失效现象后果查原因,故障原因查询,,,简单,在项目/功能“Floating support structure / Floating Support structure / Welding”中，故障现象“Cracks”会造成“Watertight fault”，它的潜在原因/机理是什么？,Manufacturing; Welding failure,失效原因 / FailureCause / cause / reason / 为什么 / 为啥 / 咋来的: Manufacturing; Welding failure,正确,1.0,601.27,语义RAG,1.0,1.0,0,,3,,,,,,Manufacturing; Welding failure,,项目/功能；潜在失效模式；潜在失效后果；潜在失效原因/机理,74,
43,43,baseline模型,baseline兼容旧逻辑,故障原因诊断类,项目失效现象后果查原因,故障原因查询,,,简单,在项目/功能“Station keeping / Anchor”中，故障现象“Anchor failure”会造成“Anchor failure”，它的潜在原因/机理是什么？,Operation; Abnormal working conditions,失效原因是Operation和Cyclic degradation。,错误,0.0,526.43,语义RAG,0.6667,1.0,0,,3,Operation; Abnormal working conditions,,,,,Operation; Abnormal working conditions,,项目/功能；潜在失效模式；潜在失效后果；潜在失效原因/机理,75,
44,44,baseline模型,baseline兼容旧逻辑,故障原因诊断类,项目失效现象后果查原因,故障原因查询,,,简单,在项目/功能“Station keeping / Mooring Lines / Buoyancy element”中，故障现象“Failure in buoyancy element”会造成“未说明”，它的潜在原因/机理是什么？,Operation,失效原因是Operation。,正确,1.0,456.41,语义RAG,0.6667,1.0,0,,3,,,,,,Operation,,项目/功能；潜在失效模式；潜在失效后果；潜在失效原因/机理,77,
45,45,baseline模型,baseline兼容旧逻辑,故障原因诊断类,项目失效现象后果查原因,故障原因查询,,,简单,在项目/功能“Station keeping / Mooring Lines / Clump weight”中，故障现象“Failure in clump weight”会造成“未说明”，它的潜在原因/机理是什么？,Operation,失效原因是Operation。,正确,1.0,498.1,语义RAG,0.6667,1.0,0,,3,,,,,,Operation,,项目/功能；潜在失效模式；潜在失效后果；潜在失效原因/机理,78,
46,46,baseline模型,baseline兼容旧逻辑,故障原因诊断类,项目失效现象后果查原因,故障原因查询,,,简单,在项目/功能“Station keeping / Fairlead”中，故障现象“Fairlead failure”会造成“The anchor cannot be dropped and lift”，它的潜在原因/机理是什么？,Operation; Fairlead fatigue,故障现象“Fairlead failure”的潜在原因是Operation; Fairlead fatigue 和 Operation; Fairlead corrosion。,正确,1.0,628.66,语义RAG,1.0,1.0,0,,3,,,,,,Operation; Fairlead fatigue,,项目/功能；潜在失效模式；潜在失效后果；潜在失效原因/机理,79,
47,47,baseline模型,baseline兼容旧逻辑,故障原因诊断类,项目失效现象后果查原因,故障原因查询,,,简单,在项目/功能“Station keeping / Monitoring System”中，故障现象“Monitoring system fails”会造成“Unable to monitor tension in the mooring lines”，它的潜在原因/机理是什么？,Operation,失效原因 / FailureCause / cause / reason: Operation,正确,1.0,552.76,语义RAG,0.6667,1.0,0,,3,,,,,,Operation,,项目/功能；潜在失效模式；潜在失效后果；潜在失效原因/机理,81,
48,48,baseline模型,baseline兼容旧逻辑,故障原因诊断类,项目失效现象后果查原因,故障原因查询,,,简单,在项目/功能“Station keeping / Mooring Lines / Mooring lines”中，故障现象“Mooring line breakage”会造成“Mooring line strength decrease or broken”，它的潜在原因/机理是什么？,Manufacturing; Poor splice quality/ workmanship/qualification,环境条件;异常应力导致系泊绳磨损引起的超载;系泊绳强度下降或断裂 环境条件;外部损坏（例如过度拖网）引起的磨损、颗粒物侵入/紫外线照射;系泊绳强度下降或断裂,错误,0.0,888.44,语义RAG,1.0,0.0,0,,3,Manufacturing; Poor splice quality/ workmanship/qualification,,,,,Manufacturing; Poor splice quality/ workmanship/qualification,,项目/功能；潜在失效模式；潜在失效后果；潜在失效原因/机理,82,
49,49,baseline模型,baseline兼容旧逻辑,故障原因诊断类,项目失效现象后果查原因,故障原因查询,,,简单,在项目/功能“Station keeping / Mooring Lines / Mooring lines”中，故障现象“Mooring Line Corrosion”会造成“Mooring line strength decrease or broken”，它的潜在原因/机理是什么？,Maintenance; Mooring lines corrosion due to improper maintenance of the corroded components,根据上下文，没有找到与“Mooring Line Corrosion”相关的失效模式和失效原因。提供的失效模式主要涉及“Mooring Line Fatigue”、“Mooring line breakage”，且其失效原因是维护不足、环境条件或外部损害等，并未提及腐蚀问题。因此，无法回答该问题。,错误,0.0,1009.69,语义RAG,1.0,0.0,0,,3,Maintenance; Mooring lines corrosion due to improper maintenance of the corroded components,,,,,Maintenance; Mooring lines corrosion due to improper maintenance of the corroded components,,项目/功能；潜在失效模式；潜在失效后果；潜在失效原因/机理,85,
50,50,baseline模型,baseline兼容旧逻辑,故障原因诊断类,项目失效现象后果查原因,故障原因查询,,,简单,在项目/功能“Station keeping / Mooring Lines / Mooring lines”中，故障现象“Mooring Line Fatigue”会造成“Mooring line strength decrease or broken”，它的潜在原因/机理是什么？,"Maintenance; Mooring line fatigue due to Lack of proper maintenance, including inspection, monitoring, and replacement of the mooring lines.","失效原因是：Maintenance; Mooring line fatigue due to Lack of proper maintenance, including inspection, monitoring, and replacement of the mooring lines.",正确,1.0,510.03,语义RAG,1.0,1.0,0,,3,,,,,,"Maintenance; Mooring line fatigue due to Lack of proper maintenance, including inspection, monitoring, and replacement of the mooring lines.",,项目/功能；潜在失效模式；潜在失效后果；潜在失效原因/机理,86,
51,51,baseline模型,baseline兼容旧逻辑,故障原因诊断类,项目失效现象后果查原因,故障原因查询,,,简单,在项目/功能“Station keeping / Mooring Lines / Mooring lines”中，故障现象“Mooring line wear”会造成“Mooring line strength decrease or broken”，它的潜在原因/机理是什么？,Manufacturing; Mooring lines wear due to poor quality during fabrication,"失效原因是：Operation; Mooring lines wear due to Improper handling, such as excessive tension, bending, or twisting of the mooring lines.",错误,0.0,796.6,语义RAG,1.0,1.0,0,,3,Manufacturing; Mooring lines wear due to poor quality during fabrication,,,,,Manufacturing; Mooring lines wear due to poor quality during fabrication,,项目/功能；潜在失效模式；潜在失效后果；潜在失效原因/机理,88,
52,52,baseline模型,baseline兼容旧逻辑,故障原因诊断类,项目失效现象后果查原因,故障原因查询,,,简单,在项目/功能“Station keeping / Mooring lines / Mooring lines”中，故障现象“Mooring lines broken”会造成“Asset not in correct location or position”，它的潜在原因/机理是什么？,Operation; Transitional chain wear due to repeated loading and unloading cycles over time,"故障现象“Mooring lines broken [1,3]”的潜在原因是： - Operation; Mooring line wear due to hysteretic heating or wet-dry cycling - Maintenance; Transitional chain wear due to improper inspection and maintenance",错误,0.0,877.54,语义RAG,1.0,1.0,0,,3,Operation; Transitional chain wear due to repeated loading and unloading cycles over time,,,,,Operation; Transitional chain wear due to repeated loading and unloading cycles over time,,项目/功能；潜在失效模式；潜在失效后果；潜在失效原因/机理,91,
53,53,baseline模型,baseline兼容旧逻辑,故障原因诊断类,项目失效现象后果查原因,故障原因查询,,,简单,在项目/功能“Station keeping / Mooring lines / Mooring winch”中，故障现象“Mooring winch failure”会造成“Asset not in correct location or position”，它的潜在原因/机理是什么？,Design; Mooring winch failure due to understimation of loads during design phase,失效原因是： 1. Maintenance; Mooring winch failure due to undetected hazard during operation 2. Design; Mooring winch failure due to understimation of loads during design phase,正确,1.0,787.1,语义RAG,1.0,1.0,0,,3,,,,,,Design; Mooring winch failure due to understimation of loads during design phase,,项目/功能；潜在失效模式；潜在失效后果；潜在失效原因/机理,95,
54,54,baseline模型,baseline兼容旧逻辑,故障原因诊断类,项目失效现象后果查原因,故障原因查询,,,简单,在项目/功能“Dynamic cable / Dynamic Cable / Dynamic Cable”中，故障现象“accelerated mechanical fatigue”会造成“Structural damage - cable composition weakening”，它的潜在原因/机理是什么？,Design Phase; Underestimation of dynamic conditions - Unexpected contingency scenario ( loss of mooring line ) - unexpected dynamic loads,Design Phase; Underestimation of dynamic conditions - Unexpected contingency scenario ( loss of mooring line ) - unexpected dynamic loads,正确,1.0,652.54,语义RAG,0.6667,1.0,0,,3,,,,,,Design Phase; Underestimation of dynamic conditions - Unexpected contingency scenario ( loss of mooring line ) - unexpected dynamic loads,,项目/功能；潜在失效模式；潜在失效后果；潜在失效原因/机理,97,
55,55,baseline模型,baseline兼容旧逻辑,故障原因诊断类,项目失效现象后果查原因,故障原因查询,,,简单,在项目/功能“Dynamic cable / Dynamic Cable / Dynamic Cable”中，故障现象“anchoring damages”会造成“Structural integrity damage - extra stress on cables”，它的潜在原因/机理是什么？,Environmental conditions; Anchor impacts - seabed movement,失效原因 / FailureCause / cause / reason / 为什么 / 为啥 / 咋来的: Environmental conditions; Anchor impacts - seabed movement,正确,1.0,704.34,语义RAG,0.6667,1.0,0,,3,,,,,,Environmental conditions; Anchor impacts - seabed movement,,项目/功能；潜在失效模式；潜在失效后果；潜在失效原因/机理,98,
56,56,baseline模型,baseline兼容旧逻辑,故障原因诊断类,项目失效现象后果查原因,故障原因查询,,,简单,在项目/功能“Dynamic cable / Dynamic Cable / Dynamic Cable”中，故障现象“Cable Damage”会造成“Operational disruption”，它的潜在原因/机理是什么？,"Operation; Mechanical stress - cable motion,Bending and motion","失效原因 / FailureCause / cause / reason / 为什么 / 为啥 / 咋来的: Operation; Mechanical stress - cable motion,Bending and motion",正确,1.0,680.27,语义RAG,0.6667,1.0,0,,3,,,,,,"Operation; Mechanical stress - cable motion,Bending and motion",,项目/功能；潜在失效模式；潜在失效后果；潜在失效原因/机理,99,
57,57,baseline模型,baseline兼容旧逻辑,故障原因诊断类,项目失效现象后果查原因,故障原因查询,,,简单,在项目/功能“Dynamic cable / Dynamic Cable / J-tube”中，故障现象“Corrosion of J-tube”会造成“J-tube degradation affecting cable integrity”，它的潜在原因/机理是什么？,"Installation phase; Seawater exposure, environmental conditions due to failure of corrosion protection anodes","失效原因 / FailureCause / cause / reason / 为什么 / 为啥 / 咋来的: Design Phase; Seawater exposure, environmental conditions due to insufficient coating",错误,0.0,740.19,语义RAG,1.0,1.0,0,,3,"Installation phase; Seawater exposure, environmental conditions due to failure of corrosion protection anodes",,,,,"Installation phase; Seawater exposure, environmental conditions due to failure of corrosion protection anodes",,项目/功能；潜在失效模式；潜在失效后果；潜在失效原因/机理,100,
58,58,baseline模型,baseline兼容旧逻辑,故障原因诊断类,项目失效现象后果查原因,故障原因查询,,,简单,在项目/功能“Dynamic cable / Dynamic Cable / Dynamic Cable”中，故障现象“Crushing or deformation”会造成“Structural damage - cable weakening”，它的潜在原因/机理是什么？,Design Phase; Excessive mechanical load - equipment interraction,失效原因 / FailureCause / cause / reason / 为什么 / 为啥 / 咋来的: Design Phase; Excessive mechanical load - equipment interraction,正确,1.0,723.31,语义RAG,1.0,1.0,0,,3,,,,,,Design Phase; Excessive mechanical load - equipment interraction,,项目/功能；潜在失效模式；潜在失效后果；潜在失效原因/机理,102,
59,59,baseline模型,baseline兼容旧逻辑,故障原因诊断类,项目失效现象后果查原因,故障原因查询,,,简单,在项目/功能“Dynamic cable / Dynamic Cable / Hang-off”中，故障现象“damage and corrosion of mechanical parts”会造成“High risk of fault on the cable - total loss of the line Prodution loss on the string”，它的潜在原因/机理是什么？,Design Phase; Wrong design/execution of the isolation material,失效原因是Design Phase; Wrong design/execution of the isolation material。,正确,1.0,569.61,语义RAG,0.6667,1.0,0,,3,,,,,,Design Phase; Wrong design/execution of the isolation material,,项目/功能；潜在失效模式；潜在失效后果；潜在失效原因/机理,103,
60,60,baseline模型,baseline兼容旧逻辑,故障原因诊断类,项目失效现象后果查原因,故障原因查询,,,简单,在项目/功能“Dynamic cable / Dynamic Cable / Dynamic Cable”中，故障现象“Debris disturbance”会造成“Cable damage - operational disruption”，它的潜在原因/机理是什么？,Environmental conditions; Floating debris - marine activities,根据上下文，没有找到失效模式为“Crushing or deformation”且失效后果为“Cable damage - operational disruption”的记录。提供的失效模式和后果组合中没有包含“Debris disturbance”。因此，无法回答该问题。 根据现有信息，在“Dynamic cable / Dynamic Cable / Dynamic Cable”项目/功能中的相关FMEA条目里，最接近的失效模式是“accelerated mechanical fatigue”，其失效后果为“Structural damage - cable composition weakening”。 综上所述，基于提供的上下文，没有找到符合问题描述的具体记录。,错误,0.0,1441.61,语义RAG,1.0,0.0,0,,3,Environmental conditions; Floating debris - marine activities,,,,,Environmental conditions; Floating debris - marine activities,,项目/功能；潜在失效模式；潜在失效后果；潜在失效原因/机理,104,
61,61,baseline模型,baseline兼容旧逻辑,故障原因诊断类,项目失效现象后果查原因,故障原因查询,,,简单,在项目/功能“Dynamic cable / Dynamic Cable / Dynamic Cable”中，故障现象“Detachment”会造成“cable disconnection - water penetration - Power loss”，它的潜在原因/机理是什么？,Operation; Connector failure - Mechanical stress,失效原因 / FailureCause / cause / reason / 为什么 / 为啥 / 咋来的: Operation; Connector failure - Mechanical stress,正确,1.0,628.93,语义RAG,0.3333,1.0,0,,3,,,,,,Operation; Connector failure - Mechanical stress,,项目/功能；潜在失效模式；潜在失效后果；潜在失效原因/机理,105,
62,62,baseline模型,baseline兼容旧逻辑,故障原因诊断类,项目失效现象后果查原因,故障原因查询,,,简单,在项目/功能“Dynamic cable / Dynamic Cable / Joints and terminations”中，故障现象“Failure of end termination”会造成“breakdown of insulation”，它的潜在原因/机理是什么？,Manufacturing; Poor quality components [6],潜在原因/机理：Manufacturing; Poor quality of insulating fluids [6]。,错误,0.0,600.48,语义RAG,0.3333,1.0,0,,3,Manufacturing; Poor quality components [6],,6.0,,,Manufacturing; Poor quality components [6],,项目/功能；潜在失效模式；潜在失效后果；潜在失效原因/机理,106,
63,63,baseline模型,baseline兼容旧逻辑,故障原因诊断类,项目失效现象后果查原因,故障原因查询,,,简单,在项目/功能“Dynamic cable / Dynamic Cable / Dynamic Cable”中，故障现象“Failure of fixing clamps”会造成“Cable damage - exposure to elements”，它的潜在原因/机理是什么？,Operation; Mechanical stress,失效原因 / FailureCause / cause / reason / 为什么 / 为啥 / 咋来的: Operation; Mechanical stress,正确,1.0,624.05,语义RAG,0.6667,1.0,0,,3,,,,,,Operation; Mechanical stress,,项目/功能；潜在失效模式；潜在失效后果；潜在失效原因/机理,109,
64,64,baseline模型,baseline兼容旧逻辑,故障原因诊断类,项目失效现象后果查原因,故障原因查询,,,简单,在项目/功能“Dynamic cable / Dynamic Cable / Insulation”中，故障现象“Failure of insulations”会造成“Fault in the cable - power disruption”，它的潜在原因/机理是什么？,Design Phase; Inproper design : need quality insulation materials and protection,失效原因 / FailureCause / cause / reason / 为什么 / 为啥 / 咋来的: Design Phase; Inproper design : need quality insulation materials and protection,正确,1.0,712.9,语义RAG,0.6667,1.0,0,,3,,,,,,Design Phase; Inproper design : need quality insulation materials and protection,,项目/功能；潜在失效模式；潜在失效后果；潜在失效原因/机理,110,
65,65,baseline模型,baseline兼容旧逻辑,故障原因诊断类,项目失效现象后果查原因,故障原因查询,,,简单,在项目/功能“Dynamic cable / Dynamic Cable / Sheath”中，故障现象“Failure of sheath”会造成“Fault in the cable - exposure to elements”，它的潜在原因/机理是什么？,Operation; Mechanical and thermal stress,Operation; Mechanical and thermal stress,正确,1.0,454.46,语义RAG,0.6667,1.0,0,,3,,,,,,Operation; Mechanical and thermal stress,,项目/功能；潜在失效模式；潜在失效后果；潜在失效原因/机理,111,
66,66,baseline模型,baseline兼容旧逻辑,故障原因诊断类,项目失效现象后果查原因,故障原因查询,,,简单,在项目/功能“Dynamic cable / Dynamic Cable / Dynamic Cable”中，故障现象“Failure of watertightness”会造成“Reduced or interupted electricity flow”，它的潜在原因/机理是什么？,Manufacturing; Errors or defects during manufacturing,失效原因 / FailureCause / cause / reason / 为什么 / 为啥 / 咋来的: Operation; Damage on the cable due to extreme environmental events 失效原因 / FailureCause / cause / reason / 为什么 / 为啥 / 咋来的: Manufacturing; Errors or defects during manufacturing,正确,1.0,975.37,语义RAG,1.0,1.0,0,,3,,,,,,Manufacturing; Errors or defects during manufacturing,,项目/功能；潜在失效模式；潜在失效后果；潜在失效原因/机理,112,
67,67,baseline模型,baseline兼容旧逻辑,故障原因诊断类,项目失效现象后果查原因,故障原因查询,,,简单,在项目/功能“Dynamic cable / Dynamic Cable / Conductor”中，故障现象“failures of conductors”会造成“Electrical faults - loss of production”，它的潜在原因/机理是什么？,Operation; Internal damage: Problem in insulation material - Electrical overload,失效原因 / FailureCause / cause / reason / 为什么 / 为啥 / 咋来的: Operation; Internal damage: Problem in insulation material - Electrical overload,正确,1.0,648.06,语义RAG,0.6667,1.0,0,,3,,,,,,Operation; Internal damage: Problem in insulation material - Electrical overload,,项目/功能；潜在失效模式；潜在失效后果；潜在失效原因/机理,114,
68,68,baseline模型,baseline兼容旧逻辑,故障原因诊断类,项目失效现象后果查原因,故障原因查询,,,简单,在项目/功能“Dynamic cable / Dynamic Cable / Dynamic Cable”中，故障现象“Fatigue Cracks”会造成“Crack may evolve in a fault of the cable - Cable weakening”，它的潜在原因/机理是什么？,Operation; Repeated stress cycles - bending motions,失效原因 / FailureCause: Operation; Repeated stress cycles - bending motions,正确,1.0,573.29,语义RAG,1.0,1.0,0,,3,,,,,,Operation; Repeated stress cycles - bending motions,,项目/功能；潜在失效模式；潜在失效后果；潜在失效原因/机理,115,
69,69,baseline模型,baseline兼容旧逻辑,故障原因诊断类,项目失效现象后果查原因,故障原因查询,,,简单,"在项目/功能“Dynamic cable / Dynamic Cable / Dynamic Cable”中，故障现象“Geo-Hazards”会造成“Cable damage, production disruption”，它的潜在原因/机理是什么？","Design Phase; Unexpected contingency ( earthquake, seabed movement)","根据上下文，提供的 FMEA 内容中并没有涉及到 “Geo-Hazards” 这一失效模式或其对应的失效后果是 “Cable damage, production disruption”。因此，无法从给定的信息中得出该问题的答案。",错误,0.0,867.88,语义RAG,1.0,0.0,0,,3,"Design Phase; Unexpected contingency ( earthquake, seabed movement)",,,,,"Design Phase; Unexpected contingency ( earthquake, seabed movement)",,项目/功能；潜在失效模式；潜在失效后果；潜在失效原因/机理,116,
70,70,baseline模型,baseline兼容旧逻辑,故障原因诊断类,项目失效现象后果查原因,故障原因查询,,,简单,在项目/功能“Dynamic cable / Dynamic Cable / Dynamic Cable”中，故障现象“Loss of dynamic positioning”会造成“Cables stress”，它的潜在原因/机理是什么？,Environmental conditions; Dynamic positioning system failure due to excessive environmental conditions,失效原因 / FailureCause / cause / reason / 为什么 / 为啥 / 咋来的: Environmental conditions; Dynamic positioning system failure due to excessive environmental conditions,正确,1.0,718.81,语义RAG,1.0,1.0,0,,3,,,,,,Environmental conditions; Dynamic positioning system failure due to excessive environmental conditions,,项目/功能；潜在失效模式；潜在失效后果；潜在失效原因/机理,117,
71,71,baseline模型,baseline兼容旧逻辑,故障原因诊断类,项目失效现象后果查原因,故障原因查询,,,简单,在项目/功能“Dynamic cable / Dynamic Cable / Buoyancy modules”中，故障现象“Loss of float bility (water adsorption)”会造成“未说明”，它的潜在原因/机理是什么？,Operation,失效原因是Operation。,正确,1.0,451.67,语义RAG,0.6667,1.0,0,,3,,,,,,Operation,,项目/功能；潜在失效模式；潜在失效后果；潜在失效原因/机理,118,
72,72,baseline模型,baseline兼容旧逻辑,故障原因诊断类,项目失效现象后果查原因,故障原因查询,,,简单,在项目/功能“Dynamic cable / Dynamic Cable / Dynamic Cable”中，故障现象“material degradation”会造成“Weakening of cable materials - loss of production”，它的潜在原因/机理是什么？,Design Phase; Underestimation of dynamic conditions - Unexpected contingency scenario ( loss of mooring line ),失效原因 / FailureCause / cause / reason / 为什么 / 为啥 / 咋来的: Design Phase; Underestimation of dynamic conditions - Unexpected contingency scenario ( loss of mooring line ),正确,1.0,785.2,语义RAG,0.3333,1.0,0,,3,,,,,,Design Phase; Underestimation of dynamic conditions - Unexpected contingency scenario ( loss of mooring line ),,项目/功能；潜在失效模式；潜在失效后果；潜在失效原因/机理,119,
73,73,baseline模型,baseline兼容旧逻辑,故障原因诊断类,项目失效现象后果查原因,故障原因查询,,,简单,在项目/功能“Dynamic cable / Dynamic Cable / Fiber optic”中，故障现象“Mechanical degradation”会造成“未说明”，它的潜在原因/机理是什么？,Operation,失效原因 / FailureCause / cause / reason / 为什么 / 为啥 / 咋来的: Operation,正确,1.0,619.05,语义RAG,0.3333,1.0,0,,3,,,,,,Operation,,项目/功能；潜在失效模式；潜在失效后果；潜在失效原因/机理,120,
74,74,baseline模型,baseline兼容旧逻辑,故障原因诊断类,项目失效现象后果查原因,故障原因查询,,,简单,在项目/功能“Dynamic cable / Dynamic Cable / Cable Protection System”中，故障现象“Movement of CPS due to scour/seabed mobility”会造成“Cable being vulnerable to scour and need for repair or replacement”，它的潜在原因/机理是什么？,Design Phase; Design inefficiency [6],"失效原因 / FailureCause / cause / reason / 为什么 / 为啥 / 咋来的: Installation phase; incorrect installation [6] 失效原因 / FailureCause / cause / reason / 为什么 / 为啥 / 咋来的: Design Phase; lack of data of the deployment location [4,6] 失效原因 / FailureCause / cause / reason / 为什么 / 为啥 / 咋来的: Design Phase; Design inefficiency [6]",正确,1.0,1260.66,语义RAG,1.0,1.0,0,,3,,,6.0；6.0；6.0,,,Design Phase; Design inefficiency [6],,项目/功能；潜在失效模式；潜在失效后果；潜在失效原因/机理,121,
75,75,baseline模型,baseline兼容旧逻辑,故障原因诊断类,项目失效现象后果查原因,故障原因查询,,,简单,"在项目/功能“Dynamic cable / Dynamic Cable / Dynamic Cable”中，故障现象“Premature damage of outer protection layer”会造成“Structural damage - cable weakening, exposure to elements”，它的潜在原因/机理是什么？",Environmental conditions; Environmental exposure - wear,环境条件; 环境暴露 - 磨损,错误,0.0,525.09,语义RAG,0.3333,1.0,0,,3,Environmental conditions; Environmental exposure - wear,,,,,Environmental conditions; Environmental exposure - wear,,项目/功能；潜在失效模式；潜在失效后果；潜在失效原因/机理,124,
76,76,baseline模型,baseline兼容旧逻辑,故障原因诊断类,项目失效现象后果查原因,故障原因查询,,,简单,"在项目/功能“Dynamic cable / Dynamic Cable / Static cable/Export Cable”中，故障现象“Reduced sediment cover lower than designed value for protection”会造成“need for re-burial, change of cable protection requirement or even replacement of cable”，它的潜在原因/机理是什么？",Design Phase; Insufficient information for the deployment location [6],环境条件；海底覆盖暴露于极端环境现象。,错误,0.0,563.03,语义RAG,1.0,1.0,0,,3,Design Phase; Insufficient information for the deployment location [6],,,,,Design Phase; Insufficient information for the deployment location [6],,项目/功能；潜在失效模式；潜在失效后果；潜在失效原因/机理,125,
77,77,baseline模型,baseline兼容旧逻辑,故障原因诊断类,项目失效现象后果查原因,故障原因查询,,,简单,"在项目/功能“Dynamic cable / Dynamic Cable / Dynamic Cable (Touchdown point)”中，故障现象“Reduced sediment cover lower than designed value for protection”会造成“need for re-burial, change of cable protection requirement or even replacement of cable”，它的潜在原因/机理是什么？",Design Phase; Insufficient information for the deployment location [6],失效原因是Environmental conditions; exposure of seabed cover to extreme environmental phenomena。,错误,0.0,586.52,语义RAG,1.0,1.0,0,,3,Design Phase; Insufficient information for the deployment location [6],,,,,Design Phase; Insufficient information for the deployment location [6],,项目/功能；潜在失效模式；潜在失效后果；潜在失效原因/机理,126,
78,78,baseline模型,baseline兼容旧逻辑,故障原因诊断类,项目失效现象后果查原因,故障原因查询,,,简单,在项目/功能“Dynamic cable / Dynamic Cable / Dynamic Cable”中，故障现象“Small bending radius”会造成“Cable damage - insulation degradation”，它的潜在原因/机理是什么？,Operation; Mechanical stress - excessive bending,失效原因 / FailureCause: Operation; Mechanical stress - excessive bending,正确,1.0,573.12,语义RAG,1.0,1.0,0,,3,,,,,,Operation; Mechanical stress - excessive bending,,项目/功能；潜在失效模式；潜在失效后果；潜在失效原因/机理,128,
79,79,baseline模型,baseline兼容旧逻辑,故障原因诊断类,fmea_id_to_cause,故障原因查询,,,中等,FMEA编号TO1的潜在失效原因/机理是什么？,Design phase; Resonance occurs when the natural frequency of the tower or other components of the wind turbine matches the frequency of the wind or other external forces.,失效原因/机理=Design; Analysis and Calculation fault due to human error [11],错误,0.0,582.13,语义RAG,0.0,0.0,0,,3,Design phase; Resonance occurs when the natural frequency of the tower or other components of the wind turbine matches the frequency of the wind or other external forces.,,,,,Design phase; Resonance occurs when the natural frequency of the tower or other components of the wind turbine matches the frequency of the wind or other external forces.,,FMEA编号；潜在失效原因/机理,0,
80,80,baseline模型,baseline兼容旧逻辑,故障原因诊断类,fmea_id_to_cause,故障原因查询,,,简单,FMEA编号TO2这条记录，原因是什么？,Environmental condition; Resonance occurs when the natural frequency of the tower or other components of the wind turbine matches the frequency of the wind or other external forces.,Design phase; Resonance occurs when the natural frequency of the tower or other components of the wind turbine matches the frequency of the wind or other external forces.,错误,0.0,1047.74,语义RAG,0.0,0.0,0,,3,Environmental condition; Resonance occurs when the natural frequency of the tower or other components of the wind turbine matches the frequency of the wind or other external forces.,,,,,Environmental condition; Resonance occurs when the natural frequency of the tower or other components of the wind turbine matches the frequency of the wind or other external forces.,,FMEA编号；潜在失效原因/机理,1,
81,81,baseline模型,baseline兼容旧逻辑,故障原因诊断类,fmea_id_to_cause,故障原因查询,,,简单,查一下FMEA编号TO3对应的原因/机理。,"Installation phase; Faulty welding of Tower [10,15]",根据上下文，没有找到FMEA编号为TO3的相关信息。因此无法提供该编号对应的原因/机理。,错误,0.0,637.29,语义RAG,0.0,0.0,0,,3,"Installation phase; Faulty welding of Tower [10,15]",,,,,"Installation phase; Faulty welding of Tower [10,15]",,FMEA编号；潜在失效原因/机理,2,
82,82,baseline模型,baseline兼容旧逻辑,故障原因诊断类,fmea_id_to_cause,故障原因查询,,,中等,FMEA编号TO4这条FMEA里，为什么会发生这个失效？请给出原因。,"Maintenance phase; Due to poor inspection Faulty welding of Tower couldn't be detected before getting severe [10,15]","Environmental condition; Marine growth under water can add additional weight and stress for the material, which can lead to cracks in the outer hull.",错误,0.0,679.21,语义RAG,0.0,0.0,0,,3,"Maintenance phase; Due to poor inspection Faulty welding of Tower couldn't be detected before getting severe [10,15]",,,,,"Maintenance phase; Due to poor inspection Faulty welding of Tower couldn't be detected before getting severe [10,15]",,FMEA编号；潜在失效原因/机理,3,
83,83,baseline模型,baseline兼容旧逻辑,故障原因诊断类,fmea_id_to_cause,故障原因查询,,,简单,FMEA编号TO5的失效原因写的什么？,"Environmental loads; The interaction between the blades and the tower can cause pressure fluctuations, leading to cyclic fatigue [14]",Design phase; Resonance occurs when the natural frequency of the tower or other components of the wind turbine matches the frequency of the wind or other external forces.,错误,0.0,700.5,语义RAG,0.0,0.0,0,,3,"Environmental loads; The interaction between the blades and the tower can cause pressure fluctuations, leading to cyclic fatigue [14]",,,,,"Environmental loads; The interaction between the blades and the tower can cause pressure fluctuations, leading to cyclic fatigue [14]",,FMEA编号；潜在失效原因/机理,4,
84,84,baseline模型,baseline兼容旧逻辑,故障原因诊断类,fmea_id_to_cause,故障原因查询,,,简单,FMEA编号TO6的潜在失效原因/机理是什么？,Environmental loads; Material fatigue due to high waves and high frequency of loads [1],根据上下文，没有找到FMEA编号为TO6的相关信息。因此，无法回答该问题。,错误,0.0,584.62,语义RAG,0.0,0.0,0,,3,Environmental loads; Material fatigue due to high waves and high frequency of loads [1],,,,,Environmental loads; Material fatigue due to high waves and high frequency of loads [1],,FMEA编号；潜在失效原因/机理,5,
85,85,baseline模型,baseline兼容旧逻辑,故障原因诊断类,fmea_id_to_cause,故障原因查询,,,中等,FMEA编号TO7这条记录，原因是什么？,Environmental condition; Cyclic wind/wave loading (above design assumption)creates stress concentrations and fatigue. [11],Design phase; Resonance occurs when the natural frequency of the tower or other components of the wind turbine matches the frequency of the wind or other external forces.,错误,0.0,1075.99,语义RAG,0.0,0.0,0,,3,Environmental condition; Cyclic wind/wave loading (above design assumption)creates stress concentrations and fatigue. [11],,,,,Environmental condition; Cyclic wind/wave loading (above design assumption)creates stress concentrations and fatigue. [11],,FMEA编号；潜在失效原因/机理,6,
86,86,baseline模型,baseline兼容旧逻辑,故障原因诊断类,fmea_id_to_cause,故障原因查询,,,简单,查一下FMEA编号TO8对应的原因/机理。,"Design phase; Welding failure due to Poor design or inadequate specification of welding procedures considering harsh environmental condition [1,15]",根据上下文，没有找到FMEA编号为TO8的相关信息。因此无法提供该编号对应的原因/机理。,错误,0.0,675.63,语义RAG,0.0,0.0,0,,3,"Design phase; Welding failure due to Poor design or inadequate specification of welding procedures considering harsh environmental condition [1,15]",,,,,"Design phase; Welding failure due to Poor design or inadequate specification of welding procedures considering harsh environmental condition [1,15]",,FMEA编号；潜在失效原因/机理,7,
87,87,baseline模型,baseline兼容旧逻辑,故障原因诊断类,fmea_id_to_cause,故障原因查询,,,简单,FMEA编号TO9这条FMEA里，为什么会发生这个失效？请给出原因。,"Manufacturing; Welding failure due to Poor design or inadequate specification of welding procedures considering harsh environmental condition [1,15]","Environmental condition; Marine growth under water can add additional weight and stress for the material, which can lead to cracks in the outer hull.",错误,0.0,660.98,语义RAG,0.0,0.0,0,,3,"Manufacturing; Welding failure due to Poor design or inadequate specification of welding procedures considering harsh environmental condition [1,15]",,,,,"Manufacturing; Welding failure due to Poor design or inadequate specification of welding procedures considering harsh environmental condition [1,15]",,FMEA编号；潜在失效原因/机理,8,
88,88,baseline模型,baseline兼容旧逻辑,故障原因诊断类,fmea_id_to_cause,故障原因查询,,,中等,FMEA编号TO10的失效原因写的什么？,Fabrication; Material fatigue due to insufficient manufacturing quality [15],Design phase; Resonance occurs when the natural frequency of the tower or other components of the wind turbine matches the frequency of the wind or other external forces.,错误,0.0,670.11,语义RAG,0.0,0.0,0,,3,Fabrication; Material fatigue due to insufficient manufacturing quality [15],,,,,Fabrication; Material fatigue due to insufficient manufacturing quality [15],,FMEA编号；潜在失效原因/机理,9,
89,89,baseline模型,baseline兼容旧逻辑,故障原因诊断类,fmea_id_to_cause,故障原因查询,,,简单,FMEA编号TO11的潜在失效原因/机理是什么？,"Fabrication; Welding failure due to Poor quality control during the welding process [1,10]",Design; Analysis and Calculation fault due to human error [11],错误,0.0,528.78,语义RAG,0.0,0.0,0,,3,"Fabrication; Welding failure due to Poor quality control during the welding process [1,10]",,,,,"Fabrication; Welding failure due to Poor quality control during the welding process [1,10]",,FMEA编号；潜在失效原因/机理,10,
90,90,baseline模型,baseline兼容旧逻辑,故障原因诊断类,fmea_id_to_cause,故障原因查询,,,简单,FMEA编号TO12这条记录，原因是什么？,"Installation phase; Installation phase stress/fatigue due to waves, wind, and process. Incorrect installation/error can cause stress concentration and fatigue. [11]",Design phase; Resonance occurs when the natural frequency of the tower or other components of the wind turbine matches the frequency of the wind or other external forces.,错误,0.0,1091.0,语义RAG,0.0,0.0,0,,3,"Installation phase; Installation phase stress/fatigue due to waves, wind, and process. Incorrect installation/error can cause stress concentration and fatigue. [11]",,,,,"Installation phase; Installation phase stress/fatigue due to waves, wind, and process. Incorrect installation/error can cause stress concentration and fatigue. [11]",,FMEA编号；潜在失效原因/机理,11,
91,91,baseline模型,baseline兼容旧逻辑,故障原因诊断类,fmea_id_to_cause,故障原因查询,,,中等,查一下FMEA编号TO13对应的原因/机理。,Maintenance phase; Corrosion due to lack of regular inspection and maintenance to prevent critical steps and failure [11],失效原因 / FailureCause / cause / reason / 为什么 / 为啥 / 咋来的: Environmental condition; Extreme horizontal oscillatory force,错误,0.0,676.97,语义RAG,0.0,0.0,0,,3,Maintenance phase; Corrosion due to lack of regular inspection and maintenance to prevent critical steps and failure [11],,,,,Maintenance phase; Corrosion due to lack of regular inspection and maintenance to prevent critical steps and failure [11],,FMEA编号；潜在失效原因/机理,12,
92,92,baseline模型,baseline兼容旧逻辑,故障原因诊断类,fmea_id_to_cause,故障原因查询,,,简单,FMEA编号TO14这条FMEA里，为什么会发生这个失效？请给出原因。,Operation phase; Repeated or cyclic loading and unloading of the tower over a long period of time can cause cracks caused by plastic deformation [11],"Environmental condition; Marine growth under water can add additional weight and stress for the material, which can lead to cracks in the outer hull.",错误,0.0,638.0,语义RAG,0.0,0.0,0,,3,Operation phase; Repeated or cyclic loading and unloading of the tower over a long period of time can cause cracks caused by plastic deformation [11],,,,,Operation phase; Repeated or cyclic loading and unloading of the tower over a long period of time can cause cracks caused by plastic deformation [11],,FMEA编号；潜在失效原因/机理,13,
93,93,baseline模型,baseline兼容旧逻辑,故障原因诊断类,fmea_id_to_cause,故障原因查询,,,简单,FMEA编号TO15的失效原因写的什么？,"Maintenance phase; Blade replacements, repairs, and corrosion mitigation can add stress. Improper execution can lead to damage and fatigue. [11]",Design phase; Resonance occurs when the natural frequency of the tower or other components of the wind turbine matches the frequency of the wind or other external forces.,错误,0.0,616.91,语义RAG,0.0,0.0,0,,3,"Maintenance phase; Blade replacements, repairs, and corrosion mitigation can add stress. Improper execution can lead to damage and fatigue. [11]",,,,,"Maintenance phase; Blade replacements, repairs, and corrosion mitigation can add stress. Improper execution can lead to damage and fatigue. [11]",,FMEA编号；潜在失效原因/机理,14,
94,94,baseline模型,baseline兼容旧逻辑,故障原因诊断类,fmea_id_to_cause,故障原因查询,,,中等,FMEA编号TO16的潜在失效原因/机理是什么？,Design phase; Braking system failure due to wrong estimation of operating conditions [15],根据上下文，没有找到FMEA编号为TO16的相关信息。因此，无法回答该问题。,错误,0.0,643.78,语义RAG,0.0,0.0,0,,3,Design phase; Braking system failure due to wrong estimation of operating conditions [15],,,,,Design phase; Braking system failure due to wrong estimation of operating conditions [15],,FMEA编号；潜在失效原因/机理,15,
95,95,baseline模型,baseline兼容旧逻辑,故障原因诊断类,fmea_id_to_cause,故障原因查询,,,简单,FMEA编号TO17这条记录，原因是什么？,Environmental condition; Lightning strikes[9],Design phase; Resonance occurs when the natural frequency of the tower or other components of the wind turbine matches the frequency of the wind or other external forces.,错误,0.0,1090.85,语义RAG,0.0,0.0,0,,3,Environmental condition; Lightning strikes[9],,,,,Environmental condition; Lightning strikes[9],,FMEA编号；潜在失效原因/机理,16,
96,96,baseline模型,baseline兼容旧逻辑,故障原因诊断类,fmea_id_to_cause,故障原因查询,,,简单,查一下FMEA编号TO18对应的原因/机理。,Design phase; Lightning strikes damages due to inefficient lightning prevention system [9],失效原因 / FailureCause / cause / reason / 为什么 / 为啥 / 咋来的: Environmental condition; Extreme horizontal oscillatory force,错误,0.0,644.99,语义RAG,0.0,0.0,0,,3,Design phase; Lightning strikes damages due to inefficient lightning prevention system [9],,,,,Design phase; Lightning strikes damages due to inefficient lightning prevention system [9],,FMEA编号；潜在失效原因/机理,17,
97,97,baseline模型,baseline兼容旧逻辑,故障原因诊断类,fmea_id_to_cause,故障原因查询,,,中等,FMEA编号TO19这条FMEA里，为什么会发生这个失效？请给出原因。,Manufacturing; Hit by blades due to poor manufacturing quality control [9],"Environmental condition; Marine growth under water can add additional weight and stress for the material, which can lead to cracks in the outer hull.",错误,0.0,627.84,语义RAG,0.0,0.0,0,,3,Manufacturing; Hit by blades due to poor manufacturing quality control [9],,,,,Manufacturing; Hit by blades due to poor manufacturing quality control [9],,FMEA编号；潜在失效原因/机理,18,
98,98,baseline模型,baseline兼容旧逻辑,故障原因诊断类,fmea_id_to_cause,故障原因查询,,,简单,FMEA编号TO20的失效原因写的什么？,Maintenance; Hit by blades due to poor maintenance and inspection leading to undetected wear and damage [15],Design phase; Resonance occurs when the natural frequency of the tower or other components of the wind turbine matches the frequency of the wind or other external forces.,错误,0.0,661.38,语义RAG,0.0,0.0,0,,3,Maintenance; Hit by blades due to poor maintenance and inspection leading to undetected wear and damage [15],,,,,Maintenance; Hit by blades due to poor maintenance and inspection leading to undetected wear and damage [15],,FMEA编号；潜在失效原因/机理,19,
99,99,baseline模型,baseline兼容旧逻辑,故障原因诊断类,fmea_id_to_cause,故障原因查询,,,简单,FMEA编号TO21的潜在失效原因/机理是什么？,due to Operation; Hit by blades due to human error or operational failure [15],根据上下文，没有找到FMEA编号为TO21的相关信息。因此，无法回答该问题。,错误,0.0,607.57,语义RAG,0.0,0.0,0,,3,due to Operation; Hit by blades due to human error or operational failure [15],,,,,due to Operation; Hit by blades due to human error or operational failure [15],,FMEA编号；潜在失效原因/机理,20,
100,100,baseline模型,baseline兼容旧逻辑,故障原因诊断类,fmea_id_to_cause,故障原因查询,,,中等,FMEA编号TO22这条记录，原因是什么？,"Manufacturing; Inadequate quality control during the manufacturing process may create structural weaknesses or defects in the tower, causing plastic deformation over time. [11]",Design phase; Resonance occurs when the natural frequency of the tower or other components of the wind turbine matches the frequency of the wind or other external forces.,错误,0.0,1052.0,语义RAG,0.0,0.0,0,,3,"Manufacturing; Inadequate quality control during the manufacturing process may create structural weaknesses or defects in the tower, causing plastic deformation over time. [11]",,,,,"Manufacturing; Inadequate quality control during the manufacturing process may create structural weaknesses or defects in the tower, causing plastic deformation over time. [11]",,FMEA编号；潜在失效原因/机理,21,
101,101,baseline模型,baseline兼容旧逻辑,故障原因诊断类,fmea_id_to_cause,故障原因查询,,,简单,查一下FMEA编号TO23对应的原因/机理。,Design phase; Plastic deformation due to insufficient yield strength and lack of detailed stress analysis and simulations [13],根据上下文，没有找到FMEA编号为TO23的相关信息。因此无法提供该编号对应的原因/机理。,错误,0.0,616.79,语义RAG,0.0,0.0,0,,3,Design phase; Plastic deformation due to insufficient yield strength and lack of detailed stress analysis and simulations [13],,,,,Design phase; Plastic deformation due to insufficient yield strength and lack of detailed stress analysis and simulations [13],,FMEA编号；潜在失效原因/机理,22,
102,102,baseline模型,baseline兼容旧逻辑,故障原因诊断类,fmea_id_to_cause,故障原因查询,,,简单,FMEA编号TO24这条FMEA里，为什么会发生这个失效？请给出原因。,Operation phase; Mooring system failure can lead to direct tower collapse [1],"Environmental condition; Marine growth under water can add additional weight and stress for the material, which can lead to cracks in the outer hull.",错误,0.0,652.68,语义RAG,0.0,0.0,0,,3,Operation phase; Mooring system failure can lead to direct tower collapse [1],,,,,Operation phase; Mooring system failure can lead to direct tower collapse [1],,FMEA编号；潜在失效原因/机理,23,
103,103,baseline模型,baseline兼容旧逻辑,故障原因诊断类,fmea_id_to_cause,故障原因查询,,,中等,FMEA编号TP1的失效原因写的什么？,Design; Analysis and calculation fault due to human error [11],Environmental condition; Extreme horizontal oscillatory force,错误,0.0,429.86,语义RAG,0.0,0.0,0,,3,Design; Analysis and calculation fault due to human error [11],,,,,Design; Analysis and calculation fault due to human error [11],,FMEA编号；潜在失效原因/机理,24,
104,104,baseline模型,baseline兼容旧逻辑,故障原因诊断类,fmea_id_to_cause,故障原因查询,,,简单,FMEA编号TP2的潜在失效原因/机理是什么？,"Operation and Maintenance; Brittle fracture due to extreme environmental temperature, leading to a shift in the ductile-to-brittle transition temperature [16]",根据上下文，没有找到FMEA编号为TP2的相关信息。因此，无法回答该问题。,错误,0.0,594.63,语义RAG,0.0,0.0,0,,3,"Operation and Maintenance; Brittle fracture due to extreme environmental temperature, leading to a shift in the ductile-to-brittle transition temperature [16]",,,,,"Operation and Maintenance; Brittle fracture due to extreme environmental temperature, leading to a shift in the ductile-to-brittle transition temperature [16]",,FMEA编号；潜在失效原因/机理,25,
105,105,baseline模型,baseline兼容旧逻辑,故障原因诊断类,fmea_id_to_cause,故障原因查询,,,简单,FMEA编号TP3这条记录，原因是什么？,"Operation; Changes in wave spectra can cause increased loads, resonance, and stress concentrations, leading to plastic deformation in offshore wind turbines. [11]",失效原因 / FailureCause / cause / reason / 为什么 / 为啥 / 咋来的: Design phase; Resonance occurs when the natural frequency of the tower or other components of the wind turbine matches the frequency of the wind or other external forces.,错误,0.0,1250.97,语义RAG,0.0,0.0,0,,3,"Operation; Changes in wave spectra can cause increased loads, resonance, and stress concentrations, leading to plastic deformation in offshore wind turbines. [11]",,,,,"Operation; Changes in wave spectra can cause increased loads, resonance, and stress concentrations, leading to plastic deformation in offshore wind turbines. [11]",,FMEA编号；潜在失效原因/机理,26,
106,106,baseline模型,baseline兼容旧逻辑,故障原因诊断类,fmea_id_to_cause,故障原因查询,,,中等,查一下FMEA编号TP4对应的原因/机理。,"Operation; Cycling loading could cause microstructural changes in the material and eventually lead to fatigue crack initiation [1,15]",根据上下文，没有找到FMEA编号为TP4的相关信息。因此无法提供该编号对应的原因/机理。,错误,0.0,644.59,语义RAG,0.0,0.0,0,,3,"Operation; Cycling loading could cause microstructural changes in the material and eventually lead to fatigue crack initiation [1,15]",,,,,"Operation; Cycling loading could cause microstructural changes in the material and eventually lead to fatigue crack initiation [1,15]",,FMEA编号；潜在失效原因/机理,27,
107,107,baseline模型,baseline兼容旧逻辑,故障原因诊断类,fmea_id_to_cause,故障原因查询,,,简单,FMEA编号TP5这条FMEA里，为什么会发生这个失效？请给出原因。,Environmental condition; Design parameters superseded due to climate change [11],失效原因 / FailureCause / cause / reason / 为什么 / 为啥 / 咋来的: Installation; During Transportation and installation transition piece may be subjected to bending and twisting loads which could lead to fatigue cracks,错误,0.0,779.19,语义RAG,0.0,0.0,0,,3,Environmental condition; Design parameters superseded due to climate change [11],,,,,Environmental condition; Design parameters superseded due to climate change [11],,FMEA编号；潜在失效原因/机理,28,
108,108,baseline模型,baseline兼容旧逻辑,故障原因诊断类,fmea_id_to_cause,故障原因查询,,,简单,FMEA编号TP6的失效原因写的什么？,Operation; due to unbalanced loads or wind-induced vibrations. [11],FMEA编号 / FmeaID / record id / 编号: TP6 失效原因 / FailureCause / cause / reason / 为什么 / 为啥 / 咋来的: Environmental condition; Extreme horizontal oscillatory force,错误,0.0,826.62,语义RAG,0.0,0.0,0,,3,Operation; due to unbalanced loads or wind-induced vibrations. [11],,,,,Operation; due to unbalanced loads or wind-induced vibrations. [11],,FMEA编号；潜在失效原因/机理,29,
109,109,baseline模型,baseline兼容旧逻辑,故障原因诊断类,fmea_id_to_cause,故障原因查询,,,中等,FMEA编号TP7的潜在失效原因/机理是什么？,"Installation; During installation, plastic deformation can occur due to processes like welding and bending [1]",根据上下文，没有找到FMEA编号为TP7的相关信息。因此，无法回答该问题。,错误,0.0,562.24,语义RAG,0.0,0.0,0,,3,"Installation; During installation, plastic deformation can occur due to processes like welding and bending [1]",,,,,"Installation; During installation, plastic deformation can occur due to processes like welding and bending [1]",,FMEA编号；潜在失效原因/机理,30,
110,110,baseline模型,baseline兼容旧逻辑,故障原因诊断类,fmea_id_to_cause,故障原因查询,,,简单,FMEA编号TP8这条记录，原因是什么？,Installation; During Transportation and installation transition piece may be subjected to bending and twisting loads which could lead to fatigue cracks,"失效原因 / FailureCause / cause / reason / 为什么 / 为啥 / 咋来的: Environmental Loads; Extreme environmental conditions like hurricanes or storm surges can subject the transition piece to large forces that exceed their design limits [10,11,15]",错误,0.0,1268.34,语义RAG,0.0,0.0,0,,3,Installation; During Transportation and installation transition piece may be subjected to bending and twisting loads which could lead to fatigue cracks,,,,,Installation; During Transportation and installation transition piece may be subjected to bending and twisting loads which could lead to fatigue cracks,,FMEA编号；潜在失效原因/机理,31,
111,111,baseline模型,baseline兼容旧逻辑,故障原因诊断类,fmea_id_to_cause,故障原因查询,,,简单,查一下FMEA编号TP9对应的原因/机理。,"Environmental Loads; Extreme environmental conditions like hurricanes or storm surges can subject the transition piece to large forces that exceed their design limits [10,11,15]",根据上下文，没有找到FMEA编号为TP9的相关信息。最接近的是失效模式为Capsize [11]时的失效原因，但其编号为None。因此，无法提供FMEA编号TP9对应的原因/机理。,错误,0.0,875.98,语义RAG,0.0,0.0,0,,3,"Environmental Loads; Extreme environmental conditions like hurricanes or storm surges can subject the transition piece to large forces that exceed their design limits [10,11,15]",,11.0,,,"Environmental Loads; Extreme environmental conditions like hurricanes or storm surges can subject the transition piece to large forces that exceed their design limits [10,11,15]",,FMEA编号；潜在失效原因/机理,32,
112,112,baseline模型,baseline兼容旧逻辑,故障原因诊断类,fmea_id_to_cause,故障原因查询,,,中等,FMEA编号TP10这条FMEA里，为什么会发生这个失效？请给出原因。,Fabrication; Improper surface preparation before applying a protective coating or performing welding repairs like cleaning the surface with solvent and treating the surface with a rust inhibitor or primer for improving the adhesion can cause corrosion and crack propagation. [15],失效原因 / FailureCause / cause / reason / 为什么 / 为啥 / 咋来的: Installation; During Transportation and installation transition piece may be subjected to bending and twisting loads which could lead to fatigue cracks,错误,0.0,790.86,语义RAG,0.0,0.0,0,,3,Fabrication; Improper surface preparation before applying a protective coating or performing welding repairs like cleaning the surface with solvent and treating the surface with a rust inhibitor or primer for improving the adhesion can cause corrosion and crack propagation. [15],,,,,Fabrication; Improper surface preparation before applying a protective coating or performing welding repairs like cleaning the surface with solvent and treating the surface with a rust inhibitor or primer for improving the adhesion can cause corrosion and crack propagation. [15],,FMEA编号；潜在失效原因/机理,33,
113,113,baseline模型,baseline兼容旧逻辑,故障原因诊断类,fmea_id_to_cause,故障原因查询,,,简单,FMEA编号TP11的失效原因写的什么？,Maintenance; Misalignments or looseness in the connections between the tower and the foundation or inadequate bracing can cause abnormal vibration in the transition piece [12],Environmental condition; Extreme horizontal oscillatory force,错误,0.0,476.65,语义RAG,0.0,0.0,0,,3,Maintenance; Misalignments or looseness in the connections between the tower and the foundation or inadequate bracing can cause abnormal vibration in the transition piece [12],,,,,Maintenance; Misalignments or looseness in the connections between the tower and the foundation or inadequate bracing can cause abnormal vibration in the transition piece [12],,FMEA编号；潜在失效原因/机理,34,
114,114,baseline模型,baseline兼容旧逻辑,故障原因诊断类,fmea_id_to_cause,故障原因查询,,,简单,FMEA编号TP12的潜在失效原因/机理是什么？,Maintenance; Plastic deformation can occur due to the application of excessive force or improper handling of the structure. [1],根据上下文，没有找到FMEA编号为TP12的相关信息。因此，无法回答该问题。,错误,0.0,613.18,语义RAG,0.0,0.0,0,,3,Maintenance; Plastic deformation can occur due to the application of excessive force or improper handling of the structure. [1],,,,,Maintenance; Plastic deformation can occur due to the application of excessive force or improper handling of the structure. [1],,FMEA编号；潜在失效原因/机理,35,
115,115,baseline模型,baseline兼容旧逻辑,故障原因诊断类,fmea_id_to_cause,故障原因查询,,,中等,FMEA编号TP13这条记录，原因是什么？,"Maintenance; Repairing welding during maintenance can introduce residual stresses, leading to crack initiation [11]",失效原因 / FailureCause / cause / reason / 为什么 / 为啥 / 咋来的: Design; Analysis and Calculation fault due to human error [11],错误,0.0,1102.94,语义RAG,0.0,0.0,0,,3,"Maintenance; Repairing welding during maintenance can introduce residual stresses, leading to crack initiation [11]",,11.0,,,"Maintenance; Repairing welding during maintenance can introduce residual stresses, leading to crack initiation [11]",,FMEA编号；潜在失效原因/机理,36,
116,116,baseline模型,baseline兼容旧逻辑,故障原因诊断类,fmea_id_to_cause,故障原因查询,,,简单,查一下FMEA编号TP14对应的原因/机理。,"Maintenance; The transition piece may be subjected to large forces from lifting and handling equipment during maintenance, which are not considered in design assumptions [11]",根据上下文，没有找到FMEA编号为TP14的相关信息。因此无法提供该编号对应的原因/机理。,错误,0.0,708.25,语义RAG,0.0,0.0,0,,3,"Maintenance; The transition piece may be subjected to large forces from lifting and handling equipment during maintenance, which are not considered in design assumptions [11]",,,,,"Maintenance; The transition piece may be subjected to large forces from lifting and handling equipment during maintenance, which are not considered in design assumptions [11]",,FMEA编号；潜在失效原因/机理,37,
117,117,baseline模型,baseline兼容旧逻辑,故障原因诊断类,fmea_id_to_cause,故障原因查询,,,简单,FMEA编号TP15这条FMEA里，为什么会发生这个失效？请给出原因。,"Installation; Transition piece may be subjected to large forces from wave, wind, and vessel motion during installation. [10]",失效原因 / FailureCause / cause / reason / 为什么 / 为啥 / 咋来的: Installation; During Transportation and installation transition piece may be subjected to bending and twisting loads which could lead to fatigue cracks,错误,0.0,793.43,语义RAG,0.0,0.0,0,,3,"Installation; Transition piece may be subjected to large forces from wave, wind, and vessel motion during installation. [10]",,,,,"Installation; Transition piece may be subjected to large forces from wave, wind, and vessel motion during installation. [10]",,FMEA编号；潜在失效原因/机理,38,
118,118,baseline模型,baseline兼容旧逻辑,故障原因诊断类,fmea_id_to_cause,故障原因查询,,,中等,FMEA编号TP16的失效原因写的什么？,Design; Under-designed structure/ Component due to human error/Insufficient environmental data,Environmental condition; Extreme horizontal oscillatory force,错误,0.0,448.25,语义RAG,0.0,0.0,0,,3,Design; Under-designed structure/ Component due to human error/Insufficient environmental data,,,,,Design; Under-designed structure/ Component due to human error/Insufficient environmental data,,FMEA编号；潜在失效原因/机理,39,
119,119,baseline模型,baseline兼容旧逻辑,故障原因诊断类,fmea_id_to_cause,故障原因查询,,,简单,FMEA编号TP17的潜在失效原因/机理是什么？,Operation and Maintenance; Undetected defects and poor quality control [11],根据上下文，没有找到FMEA编号为TP17的相关信息。因此，无法回答该问题。,错误,0.0,618.88,语义RAG,0.0,0.0,0,,3,Operation and Maintenance; Undetected defects and poor quality control [11],,,,,Operation and Maintenance; Undetected defects and poor quality control [11],,FMEA编号；潜在失效原因/机理,40,
120,120,baseline模型,baseline兼容旧逻辑,故障原因诊断类,fmea_id_to_cause,故障原因查询,,,简单,FMEA编号TP18这条记录，原因是什么？,Fabrication; Welding and heat treatment could induce fatigue cracks in fabrication process. [1],"失效原因 / FailureCause / cause / reason / 为什么 / 为啥 / 咋来的: Environmental Loads; Extreme environmental conditions like hurricanes or storm surges can subject the transition piece to large forces that exceed their design limits [10,11,15]",错误,0.0,1248.17,语义RAG,0.0,0.0,0,,3,Fabrication; Welding and heat treatment could induce fatigue cracks in fabrication process. [1],,,,,Fabrication; Welding and heat treatment could induce fatigue cracks in fabrication process. [1],,FMEA编号；潜在失效原因/机理,41,
121,121,baseline模型,baseline兼容旧逻辑,故障原因诊断类,fmea_id_to_cause,故障原因查询,,,中等,查一下FMEA编号TP19对应的原因/机理。,Maintenance; Welding and heat treatment during maintenance can add more residual stresses and increase the likelihood of fatigue crack in the welds and heat-affected areas. [11],根据上下文，没有找到FMEA编号为TP19的相关信息。最接近的是失效模式为Capsize [11] 的情况，其原因/机理是Environmental condition; Extreme horizontal oscillatory force。但请注意，这里的FMEA编号为None，并非TP19。,错误,0.0,905.78,语义RAG,0.0,0.0,0,,3,Maintenance; Welding and heat treatment during maintenance can add more residual stresses and increase the likelihood of fatigue crack in the welds and heat-affected areas. [11],,11.0,,,Maintenance; Welding and heat treatment during maintenance can add more residual stresses and increase the likelihood of fatigue crack in the welds and heat-affected areas. [11],,FMEA编号；潜在失效原因/机理,42,
122,122,baseline模型,baseline兼容旧逻辑,故障原因诊断类,fmea_id_to_cause,故障原因查询,,,简单,FMEA编号TP20这条FMEA里，为什么会发生这个失效？请给出原因。,Maintenance; Welding failure due to corrosion without proper maintenance [11],失效原因 / FailureCause / cause / reason / 为什么 / 为啥 / 咋来的: Installation; During Transportation and installation transition piece may be subjected to bending and twisting loads which could lead to fatigue cracks,错误,0.0,787.61,语义RAG,0.0,0.0,0,,3,Maintenance; Welding failure due to corrosion without proper maintenance [11],,,,,Maintenance; Welding failure due to corrosion without proper maintenance [11],,FMEA编号；潜在失效原因/机理,43,
123,123,baseline模型,baseline兼容旧逻辑,故障原因诊断类,fmea_id_to_cause,故障原因查询,,,简单,FMEA编号TP21的失效原因写的什么？,"Installation; Welding failure due to poor performance (e.g. overheating, lack of fusion) during installation [1,10,15]",Environmental condition; Extreme horizontal oscillatory force,错误,0.0,443.89,语义RAG,0.0,0.0,0,,3,"Installation; Welding failure due to poor performance (e.g. overheating, lack of fusion) during installation [1,10,15]",,,,,"Installation; Welding failure due to poor performance (e.g. overheating, lack of fusion) during installation [1,10,15]",,FMEA编号；潜在失效原因/机理,44,
124,124,baseline模型,baseline兼容旧逻辑,故障原因诊断类,fmea_id_to_cause,故障原因查询,,,中等,FMEA编号FF1的潜在失效原因/机理是什么？,Design; Analysis and Calculation fault due to human error,根据上下文，没有找到FMEA编号为FF1的相关信息。因此，无法回答该问题。,错误,0.0,640.61,语义RAG,0.3333,1.0,0,,3,Design; Analysis and Calculation fault due to human error,,,,,Design; Analysis and Calculation fault due to human error,,FMEA编号；潜在失效原因/机理,45,
125,125,baseline模型,baseline兼容旧逻辑,故障原因诊断类,fmea_id_to_cause,故障原因查询,,,简单,FMEA编号FF2这条记录，原因是什么？,Design; Analysis and Calculation fault due to human error [11],"Design Phase; lack of data of the deployment location [4,6]",错误,0.0,924.89,语义RAG,0.3333,1.0,0,,3,Design; Analysis and Calculation fault due to human error [11],,,,,Design; Analysis and Calculation fault due to human error [11],,FMEA编号；潜在失效原因/机理,46,
126,126,baseline模型,baseline兼容旧逻辑,故障原因诊断类,fmea_id_to_cause,故障原因查询,,,简单,查一下FMEA编号FF3对应的原因/机理。,"Operation; Bilge piping/pumps fail [1,12]",失效原因 / FailureCause / cause / reason / 为什么 / 为啥 / 咋来的: Environmental condition; Extreme horizontal oscillatory force,错误,0.0,675.5,语义RAG,0.0,0.0,0,,3,"Operation; Bilge piping/pumps fail [1,12]",,,,,"Operation; Bilge piping/pumps fail [1,12]",,FMEA编号；潜在失效原因/机理,47,
127,127,baseline模型,baseline兼容旧逻辑,故障原因诊断类,fmea_id_to_cause,故障原因查询,,,中等,FMEA编号FF4这条FMEA里，为什么会发生这个失效？请给出原因。,Operation; Biological collision,"Environmental condition; Marine growth under water can add additional weight and stress for the material, which can lead to cracks in the outer hull.",错误,0.0,660.72,语义RAG,0.0,0.0,0,,3,Operation; Biological collision,,,,,Operation; Biological collision,,FMEA编号；潜在失效原因/机理,48,
128,128,baseline模型,baseline兼容旧逻辑,故障原因诊断类,fmea_id_to_cause,故障原因查询,,,简单,FMEA编号FF5的失效原因写的什么？,Environmental condition; Design parameter superseded due to climate change [11],FMEA编号 / FmeaID / record id / 编号: FF5 失效原因 / FailureCause / cause / reason / 为什么 / 为啥 / 咋来的: Environmental condition; Extreme horizontal oscillatory force,错误,0.0,803.73,语义RAG,0.0,0.0,0,,3,Environmental condition; Design parameter superseded due to climate change [11],,,,,Environmental condition; Design parameter superseded due to climate change [11],,FMEA编号；潜在失效原因/机理,49,
129,129,baseline模型,baseline兼容旧逻辑,故障原因诊断类,fmea_id_to_cause,故障原因查询,,,简单,FMEA编号FF6的潜在失效原因/机理是什么？,"Operation; Dynamic umbilical connection/cable fail [1,12]",根据上下文，没有找到FMEA编号为FF6的相关信息。因此，无法回答该问题。,错误,0.0,597.07,语义RAG,0.0,0.0,0,,3,"Operation; Dynamic umbilical connection/cable fail [1,12]",,,,,"Operation; Dynamic umbilical connection/cable fail [1,12]",,FMEA编号；潜在失效原因/机理,50,
130,130,baseline模型,baseline兼容旧逻辑,故障原因诊断类,fmea_id_to_cause,故障原因查询,,,中等,FMEA编号FF7这条记录，原因是什么？,Installation; Excessive fatigue life consumption due to installation/ transportation [19],"Design Phase; lack of data of the deployment location [4,6]",错误,0.0,956.68,语义RAG,0.0,0.0,0,,3,Installation; Excessive fatigue life consumption due to installation/ transportation [19],,,,,Installation; Excessive fatigue life consumption due to installation/ transportation [19],,FMEA编号；潜在失效原因/机理,51,
131,131,baseline模型,baseline兼容旧逻辑,故障原因诊断类,fmea_id_to_cause,故障原因查询,,,简单,查一下FMEA编号FF8对应的原因/机理。,Environmental condition; Extreme horizontal oscillatory force,"根据上下文，没有找到FMEA编号为FF8的相关信息。最接近的是失效模式为Capsize [11]时的失效原因，其内容为""Design; Analysis and Calculation fault due to human error [11]""和""Environmental condition; Extreme horizontal oscillatory force""。但这些并不是对应于FMEA编号FF8的原因/机理。",正确,1.0,1063.73,语义RAG,0.6667,1.0,0,,3,,,,,,Environmental condition; Extreme horizontal oscillatory force,,FMEA编号；潜在失效原因/机理,52,
132,132,baseline模型,baseline兼容旧逻辑,故障原因诊断类,fmea_id_to_cause,故障原因查询,,,简单,FMEA编号FF9这条FMEA里，为什么会发生这个失效？请给出原因。,Operation; Fatigue due to continuous vibrations/resonance [11],"Environmental condition; Marine growth under water can add additional weight and stress for the material, which can lead to cracks in the outer hull.",错误,0.0,642.13,语义RAG,0.0,0.0,0,,3,Operation; Fatigue due to continuous vibrations/resonance [11],,,,,Operation; Fatigue due to continuous vibrations/resonance [11],,FMEA编号；潜在失效原因/机理,53,
133,133,baseline模型,baseline兼容旧逻辑,故障原因诊断类,fmea_id_to_cause,故障原因查询,,,中等,FMEA编号FF10的失效原因写的什么？,Design; Fatigue due to underestimation of steel thickness and/or environmental loads,Environmental condition; Extreme horizontal oscillatory force,错误,0.0,477.61,语义RAG,0.0,0.0,0,,3,Design; Fatigue due to underestimation of steel thickness and/or environmental loads,,,,,Design; Fatigue due to underestimation of steel thickness and/or environmental loads,,FMEA编号；潜在失效原因/机理,54,
134,134,baseline模型,baseline兼容旧逻辑,故障原因诊断类,fmea_id_to_cause,故障原因查询,,,简单,FMEA编号FF11的潜在失效原因/机理是什么？,"Operation; Handrails Corrosion [1,12]",Design; Analysis and Calculation fault due to human error [11],错误,0.0,554.25,语义RAG,0.0,0.0,0,,3,"Operation; Handrails Corrosion [1,12]",,,,,"Operation; Handrails Corrosion [1,12]",,FMEA编号；潜在失效原因/机理,55,
135,135,baseline模型,baseline兼容旧逻辑,故障原因诊断类,fmea_id_to_cause,故障原因查询,,,简单,FMEA编号FF12这条记录，原因是什么？,"Operation; Helicopter assistance equipment fail [1,12]",Design Phase; Analysis and Calculation fault due to human error [11],错误,0.0,937.57,语义RAG,0.0,0.0,0,,3,"Operation; Helicopter assistance equipment fail [1,12]",,,,,"Operation; Helicopter assistance equipment fail [1,12]",,FMEA编号；潜在失效原因/机理,56,
136,136,baseline模型,baseline兼容旧逻辑,故障原因诊断类,fmea_id_to_cause,故障原因查询,,,中等,查一下FMEA编号FF13对应的原因/机理。,Maintenance; Inefficient detection [1],失效原因 / FailureCause / cause / reason / 为什么 / 为啥 / 咋来的: Environmental condition; Extreme horizontal oscillatory force,错误,0.0,663.54,语义RAG,0.0,0.0,0,,3,Maintenance; Inefficient detection [1],,,,,Maintenance; Inefficient detection [1],,FMEA编号；潜在失效原因/机理,57,
137,137,baseline模型,baseline兼容旧逻辑,故障原因诊断类,fmea_id_to_cause,故障原因查询,,,简单,FMEA编号FF14这条FMEA里，为什么会发生这个失效？请给出原因。,Design; Insufficient structural strength and cracks on the floater resulting in water ingress to the support structure,"Environmental condition; Marine growth under water can add additional weight and stress for the material, which can lead to cracks in the outer hull.",错误,0.0,643.34,语义RAG,0.0,0.0,0,,3,Design; Insufficient structural strength and cracks on the floater resulting in water ingress to the support structure,,,,,Design; Insufficient structural strength and cracks on the floater resulting in water ingress to the support structure,,FMEA编号；潜在失效原因/机理,58,
138,138,baseline模型,baseline兼容旧逻辑,故障原因诊断类,fmea_id_to_cause,故障原因查询,,,简单,FMEA编号FF15的失效原因写的什么？,Operation and Maintenance; Insufficient structural strength due to ship collision,Environmental condition; Extreme horizontal oscillatory force,错误,0.0,470.3,语义RAG,0.0,0.0,0,,3,Operation and Maintenance; Insufficient structural strength due to ship collision,,,,,Operation and Maintenance; Insufficient structural strength due to ship collision,,FMEA编号；潜在失效原因/机理,59,
139,139,baseline模型,baseline兼容旧逻辑,故障原因诊断类,fmea_id_to_cause,故障原因查询,,,中等,FMEA编号FF16的潜在失效原因/机理是什么？,Maintenance; Insufficient structural strength due to ship collision [11],根据上下文，没有找到FMEA编号为FF16的相关信息。因此，无法回答该问题。,错误,0.0,580.86,语义RAG,0.0,0.0,0,,3,Maintenance; Insufficient structural strength due to ship collision [11],,,,,Maintenance; Insufficient structural strength due to ship collision [11],,FMEA编号；潜在失效原因/机理,60,
140,140,baseline模型,baseline兼容旧逻辑,故障原因诊断类,fmea_id_to_cause,故障原因查询,,,简单,FMEA编号FF17这条记录，原因是什么？,"Operation; Ladders Corrosion [1,12]",Design Phase; Analysis and Calculation fault due to human error [11],错误,0.0,930.66,语义RAG,0.0,0.0,0,,3,"Operation; Ladders Corrosion [1,12]",,,,,"Operation; Ladders Corrosion [1,12]",,FMEA编号；潜在失效原因/机理,61,
141,141,baseline模型,baseline兼容旧逻辑,故障原因诊断类,fmea_id_to_cause,故障原因查询,,,简单,查一下FMEA编号FF18对应的原因/机理。,"Environmental condition; Marine growth under water can add additional weight and stress for the material, which can lead to cracks in the outer hull",失效原因 / FailureCause / cause / reason / 为什么 / 为啥 / 咋来的: Environmental condition; Extreme horizontal oscillatory force,错误,0.0,668.15,语义RAG,0.0,0.0,0,,3,"Environmental condition; Marine growth under water can add additional weight and stress for the material, which can lead to cracks in the outer hull",,,,,"Environmental condition; Marine growth under water can add additional weight and stress for the material, which can lead to cracks in the outer hull",,FMEA编号；潜在失效原因/机理,62,
142,142,baseline模型,baseline兼容旧逻辑,故障原因诊断类,fmea_id_to_cause,故障原因查询,,,中等,FMEA编号FF19这条FMEA里，为什么会发生这个失效？请给出原因。,"Operation; Navigation and work lights fail [1,12]","Environmental condition; Marine growth under water can add additional weight and stress for the material, which can lead to cracks in the outer hull.",错误,0.0,669.43,语义RAG,0.0,0.0,0,,3,"Operation; Navigation and work lights fail [1,12]",,,,,"Operation; Navigation and work lights fail [1,12]",,FMEA编号；潜在失效原因/机理,63,
143,143,baseline模型,baseline兼容旧逻辑,故障原因诊断类,fmea_id_to_cause,故障原因查询,,,简单,FMEA编号FF20的失效原因写的什么？,Operation; Plane crush,Environmental condition; Extreme horizontal oscillatory force,错误,0.0,458.43,语义RAG,0.0,0.0,0,,3,Operation; Plane crush,,,,,Operation; Plane crush,,FMEA编号；潜在失效原因/机理,64,
144,144,baseline模型,baseline兼容旧逻辑,故障原因诊断类,fmea_id_to_cause,故障原因查询,,,简单,FMEA编号FF21的潜在失效原因/机理是什么？,"Operation; Sensors for platform monitoring fail [1,12]",根据上下文，没有找到FMEA编号为FF21的相关信息。因此，无法回答该问题。,错误,0.0,585.69,语义RAG,0.0,0.0,0,,3,"Operation; Sensors for platform monitoring fail [1,12]",,,,,"Operation; Sensors for platform monitoring fail [1,12]",,FMEA编号；潜在失效原因/机理,65,
145,145,baseline模型,baseline兼容旧逻辑,故障原因诊断类,fmea_id_to_cause,故障原因查询,,,中等,FMEA编号FF22这条记录，原因是什么？,Operation and Maintenance; Structural component degradation due to corrosion [12],Design Phase; Analysis and Calculation fault due to human error [11],错误,0.0,903.92,语义RAG,0.0,0.0,0,,3,Operation and Maintenance; Structural component degradation due to corrosion [12],,,,,Operation and Maintenance; Structural component degradation due to corrosion [12],,FMEA编号；潜在失效原因/机理,66,
146,146,baseline模型,baseline兼容旧逻辑,故障原因诊断类,fmea_id_to_cause,故障原因查询,,,简单,查一下FMEA编号FF23对应的原因/机理。,Operation and Maintenance; Structural degradation due to corrosion [11],失效原因 / FailureCause / cause / reason / 为什么 / 为啥 / 咋来的: Environmental condition; Extreme horizontal oscillatory force,错误,0.0,693.36,语义RAG,0.0,0.0,0,,3,Operation and Maintenance; Structural degradation due to corrosion [11],,,,,Operation and Maintenance; Structural degradation due to corrosion [11],,FMEA编号；潜在失效原因/机理,67,
147,147,baseline模型,baseline兼容旧逻辑,故障原因诊断类,fmea_id_to_cause,故障原因查询,,,简单,FMEA编号FF24这条FMEA里，为什么会发生这个失效？请给出原因。,Operation; Structure brittle fracture due to extreme environmental temperature,"Environmental condition; Marine growth under water can add additional weight and stress for the material, which can lead to cracks in the outer hull.",错误,0.0,663.42,语义RAG,0.0,0.0,0,,3,Operation; Structure brittle fracture due to extreme environmental temperature,,,,,Operation; Structure brittle fracture due to extreme environmental temperature,,FMEA编号；潜在失效原因/机理,68,
148,148,baseline模型,baseline兼容旧逻辑,故障原因诊断类,fmea_id_to_cause,故障原因查询,,,中等,FMEA编号FF25的失效原因写的什么？,Operation; Structures break/collapse due to collision with other FWT,Environmental condition; Extreme horizontal oscillatory force,错误,0.0,444.73,语义RAG,0.0,0.0,0,,3,Operation; Structures break/collapse due to collision with other FWT,,,,,Operation; Structures break/collapse due to collision with other FWT,,FMEA编号；潜在失效原因/机理,69,
149,149,baseline模型,baseline兼容旧逻辑,故障原因诊断类,fmea_id_to_cause,故障原因查询,,,简单,FMEA编号FF26的潜在失效原因/机理是什么？,Environmental condition; Typhoon can cause failure of the floating unit if it gets hit by dropping objects. (eg. damaged blade)(strong wind/wave),根据上下文，没有找到FMEA编号为FF26的相关信息。因此，无法回答该问题。,错误,0.0,609.29,语义RAG,0.0,0.0,0,,3,Environmental condition; Typhoon can cause failure of the floating unit if it gets hit by dropping objects. (eg. damaged blade)(strong wind/wave),,,,,Environmental condition; Typhoon can cause failure of the floating unit if it gets hit by dropping objects. (eg. damaged blade)(strong wind/wave),,FMEA编号；潜在失效原因/机理,70,
150,150,baseline模型,baseline兼容旧逻辑,故障原因诊断类,fmea_id_to_cause,故障原因查询,,,简单,FMEA编号FF27这条记录，原因是什么？,Design; Underdesigned structure/Component due to insufficient environmental data,Design Phase; Analysis and Calculation fault due to human error [11],错误,0.0,911.7,语义RAG,0.0,0.0,0,,3,Design; Underdesigned structure/Component due to insufficient environmental data,,,,,Design; Underdesigned structure/Component due to insufficient environmental data,,FMEA编号；潜在失效原因/机理,71,
151,151,baseline模型,baseline兼容旧逻辑,故障原因诊断类,fmea_id_to_cause,故障原因查询,,,中等,查一下FMEA编号FF28对应的原因/机理。,Maintenance; Undetected defects due to poor quality control,失效原因 / FailureCause / cause / reason / 为什么 / 为啥 / 咋来的: Environmental condition; Extreme horizontal oscillatory force,错误,0.0,639.37,语义RAG,0.0,0.0,0,,3,Maintenance; Undetected defects due to poor quality control,,,,,Maintenance; Undetected defects due to poor quality control,,FMEA编号；潜在失效原因/机理,72,
152,152,baseline模型,baseline兼容旧逻辑,故障原因诊断类,fmea_id_to_cause,故障原因查询,,,简单,FMEA编号FF29这条FMEA里，为什么会发生这个失效？请给出原因。,Manufacturing and Installation; Ventilation heads/Manholes failure due to Manufacturing defect/Welding defect,"Environmental condition; Marine growth under water can add additional weight and stress for the material, which can lead to cracks in the outer hull.",错误,0.0,684.3,语义RAG,0.0,0.0,0,,3,Manufacturing and Installation; Ventilation heads/Manholes failure due to Manufacturing defect/Welding defect,,,,,Manufacturing and Installation; Ventilation heads/Manholes failure due to Manufacturing defect/Welding defect,,FMEA编号；潜在失效原因/机理,73,
153,153,baseline模型,baseline兼容旧逻辑,故障原因诊断类,fmea_id_to_cause,故障原因查询,,,简单,FMEA编号FF30的失效原因写的什么？,Manufacturing; Welding failure,失效原因 / FailureCause / cause / reason / 为什么 / 为啥 / 咋来的: Environmental condition; Extreme horizontal oscillatory force,错误,0.0,662.08,语义RAG,0.0,0.0,0,,3,Manufacturing; Welding failure,,,,,Manufacturing; Welding failure,,FMEA编号；潜在失效原因/机理,74,
154,154,baseline模型,baseline兼容旧逻辑,故障原因诊断类,fmea_id_to_cause,故障原因查询,,,中等,FMEA编号SKS1的潜在失效原因/机理是什么？,Operation; Abnormal working conditions,根据上下文，没有找到FMEA编号为SKS1的相关信息。因此，无法回答该问题。,错误,0.0,590.14,语义RAG,0.0,0.0,0,,3,Operation; Abnormal working conditions,,,,,Operation; Abnormal working conditions,,FMEA编号；潜在失效原因/机理,75,
155,155,baseline模型,baseline兼容旧逻辑,故障原因诊断类,fmea_id_to_cause,故障原因查询,,,简单,FMEA编号SKS2这条记录，原因是什么？,Operation; Cyclic degradation,失效原因 / FailureCause / cause / reason / 为什么 / 为啥 / 咋来的: Environmental condition; Extreme horizontal oscillatory force,错误,0.0,1028.06,语义RAG,0.0,0.0,0,,3,Operation; Cyclic degradation,,,,,Operation; Cyclic degradation,,FMEA编号；潜在失效原因/机理,76,
156,156,baseline模型,baseline兼容旧逻辑,故障原因诊断类,fmea_id_to_cause,故障原因查询,,,简单,查一下FMEA编号SKS3对应的原因/机理。,Operation,失效原因 / FailureCause / cause / reason / 为什么 / 为啥 / 咋来的: Environmental condition; Extreme horizontal oscillatory force,错误,0.0,665.44,语义RAG,0.3333,1.0,0,,3,Operation,,,,,Operation,,FMEA编号；潜在失效原因/机理,77,
157,157,baseline模型,baseline兼容旧逻辑,故障原因诊断类,fmea_id_to_cause,故障原因查询,,,中等,FMEA编号SKS4这条FMEA里，为什么会发生这个失效？请给出原因。,Operation,"Environmental condition; Marine growth under water can add additional weight and stress for the material, which can lead to cracks in the outer hull.",错误,0.0,684.37,语义RAG,0.0,0.0,0,,3,Operation,,,,,Operation,,FMEA编号；潜在失效原因/机理,78,
158,158,baseline模型,baseline兼容旧逻辑,故障原因诊断类,fmea_id_to_cause,故障原因查询,,,简单,FMEA编号SKS5的失效原因写的什么？,Operation; Fairlead fatigue,Environmental condition; Extreme horizontal oscillatory force,错误,0.0,507.37,语义RAG,0.0,0.0,0,,3,Operation; Fairlead fatigue,,,,,Operation; Fairlead fatigue,,FMEA编号；潜在失效原因/机理,79,
159,159,baseline模型,baseline兼容旧逻辑,故障原因诊断类,fmea_id_to_cause,故障原因查询,,,简单,FMEA编号SKS6的潜在失效原因/机理是什么？,Operation; Fairlead corrosion,根据上下文，没有找到FMEA编号为SKS6的相关信息。因此，无法回答该问题。,错误,0.0,613.99,语义RAG,0.0,0.0,0,,3,Operation; Fairlead corrosion,,,,,Operation; Fairlead corrosion,,FMEA编号；潜在失效原因/机理,80,
160,160,baseline模型,baseline兼容旧逻辑,故障原因诊断类,fmea_id_to_cause,故障原因查询,,,中等,FMEA编号SKS7这条记录，原因是什么？,Operation,"失效原因 / FailureCause / cause / reason / 为什么 / 为啥 / 咋来的: Design Phase; lack of data of the deployment location [4,6]",错误,0.0,1133.09,语义RAG,0.3333,1.0,0,,3,Operation,,,,,Operation,,FMEA编号；潜在失效原因/机理,81,
161,161,baseline模型,baseline兼容旧逻辑,故障原因诊断类,fmea_id_to_cause,故障原因查询,,,简单,查一下FMEA编号SKS8对应的原因/机理。,Manufacturing; Poor splice quality/ workmanship/qualification,根据上下文，没有找到FMEA编号为SKS8的相关信息。因此无法提供该编号对应的原因/机理。,错误,0.0,653.77,语义RAG,0.0,0.0,0,,3,Manufacturing; Poor splice quality/ workmanship/qualification,,,,,Manufacturing; Poor splice quality/ workmanship/qualification,,FMEA编号；潜在失效原因/机理,82,
162,162,baseline模型,baseline兼容旧逻辑,故障原因诊断类,fmea_id_to_cause,故障原因查询,,,简单,FMEA编号SKS9这条FMEA里，为什么会发生这个失效？请给出原因。,Environmental condition; Abnormal stress due to mooring lines wear caused by unexpected seismic loads/ The tension overpassing the limit value can cause the mooring line to instantaneously break [18],"Environmental condition; Marine growth under water can add additional weight and stress for the material, which can lead to cracks in the outer hull.",错误,0.0,637.23,语义RAG,0.0,0.0,0,,3,Environmental condition; Abnormal stress due to mooring lines wear caused by unexpected seismic loads/ The tension overpassing the limit value can cause the mooring line to instantaneously break [18],,,,,Environmental condition; Abnormal stress due to mooring lines wear caused by unexpected seismic loads/ The tension overpassing the limit value can cause the mooring line to instantaneously break [18],,FMEA编号；潜在失效原因/机理,83,
163,163,baseline模型,baseline兼容旧逻辑,故障原因诊断类,fmea_id_to_cause,故障原因查询,,,中等,FMEA编号SKS10的失效原因写的什么？,Environmental condition; Mooring lines wear caused by unexpected external damage (from e.g. overtrawling)/particulate ingress/UV light,Environmental condition; Extreme horizontal oscillatory force,错误,0.0,489.48,语义RAG,0.0,0.0,0,,3,Environmental condition; Mooring lines wear caused by unexpected external damage (from e.g. overtrawling)/particulate ingress/UV light,,,,,Environmental condition; Mooring lines wear caused by unexpected external damage (from e.g. overtrawling)/particulate ingress/UV light,,FMEA编号；潜在失效原因/机理,84,
164,164,baseline模型,baseline兼容旧逻辑,故障原因诊断类,fmea_id_to_cause,故障原因查询,,,简单,FMEA编号SKS11的潜在失效原因/机理是什么？,Maintenance; Mooring lines corrosion due to improper maintenance of the corroded components,Design; Analysis and Calculation fault due to human error [11],错误,0.0,540.75,语义RAG,0.0,0.0,0,,3,Maintenance; Mooring lines corrosion due to improper maintenance of the corroded components,,,,,Maintenance; Mooring lines corrosion due to improper maintenance of the corroded components,,FMEA编号；潜在失效原因/机理,85,
165,165,baseline模型,baseline兼容旧逻辑,故障原因诊断类,fmea_id_to_cause,故障原因查询,,,简单,FMEA编号SKS12这条记录，原因是什么？,"Maintenance; Mooring line fatigue due to Lack of proper maintenance, including inspection, monitoring, and replacement of the mooring lines.","Design Phase; lack of data of the deployment location [4,6]",错误,0.0,927.55,语义RAG,0.0,0.0,0,,3,"Maintenance; Mooring line fatigue due to Lack of proper maintenance, including inspection, monitoring, and replacement of the mooring lines.",,,,,"Maintenance; Mooring line fatigue due to Lack of proper maintenance, including inspection, monitoring, and replacement of the mooring lines.",,FMEA编号；潜在失效原因/机理,86,
166,166,baseline模型,baseline兼容旧逻辑,故障原因诊断类,fmea_id_to_cause,故障原因查询,,,中等,查一下FMEA编号SKS13对应的原因/机理。,"Operation; Mooring line fatigue due to Improper operational procedures, such as excessive loading, bending or twisting.",失效原因 / FailureCause / cause / reason / 为什么 / 为啥 / 咋来的: Environmental condition; Extreme horizontal oscillatory force,错误,0.0,680.7,语义RAG,0.0,0.0,0,,3,"Operation; Mooring line fatigue due to Improper operational procedures, such as excessive loading, bending or twisting.",,,,,"Operation; Mooring line fatigue due to Improper operational procedures, such as excessive loading, bending or twisting.",,FMEA编号；潜在失效原因/机理,87,
167,167,baseline模型,baseline兼容旧逻辑,故障原因诊断类,fmea_id_to_cause,故障原因查询,,,简单,FMEA编号SKS14这条FMEA里，为什么会发生这个失效？请给出原因。,Manufacturing; Mooring lines wear due to poor quality during fabrication,"Environmental condition; Marine growth under water can add additional weight and stress for the material, which can lead to cracks in the outer hull.",错误,0.0,613.93,语义RAG,0.0,0.0,0,,3,Manufacturing; Mooring lines wear due to poor quality during fabrication,,,,,Manufacturing; Mooring lines wear due to poor quality during fabrication,,FMEA编号；潜在失效原因/机理,88,
168,168,baseline模型,baseline兼容旧逻辑,故障原因诊断类,fmea_id_to_cause,故障原因查询,,,简单,FMEA编号SKS15的失效原因写的什么？,Design; Mooring lines wear due to underestimation of seisemic events during design or due to rope compression not considered,Environmental condition; Extreme horizontal oscillatory force,错误,0.0,479.61,语义RAG,0.0,0.0,0,,3,Design; Mooring lines wear due to underestimation of seisemic events during design or due to rope compression not considered,,,,,Design; Mooring lines wear due to underestimation of seisemic events during design or due to rope compression not considered,,FMEA编号；潜在失效原因/机理,89,
169,169,baseline模型,baseline兼容旧逻辑,故障原因诊断类,fmea_id_to_cause,故障原因查询,,,中等,FMEA编号SKS16的潜在失效原因/机理是什么？,"Operation; Mooring lines wear due to Improper handling, such as excessive tension, bending, or twisting of the mooring lines.",根据上下文，没有找到FMEA编号为SKS16的相关信息。因此，无法回答该问题。,错误,0.0,620.61,语义RAG,0.0,0.0,0,,3,"Operation; Mooring lines wear due to Improper handling, such as excessive tension, bending, or twisting of the mooring lines.",,,,,"Operation; Mooring lines wear due to Improper handling, such as excessive tension, bending, or twisting of the mooring lines.",,FMEA编号；潜在失效原因/机理,90,
170,170,baseline模型,baseline兼容旧逻辑,故障原因诊断类,fmea_id_to_cause,故障原因查询,,,简单,FMEA编号SKS17这条记录，原因是什么？,Operation; Transitional chain wear due to repeated loading and unloading cycles over time,"Design Phase; lack of data of the deployment location [4,6]",错误,0.0,925.38,语义RAG,0.0,0.0,0,,3,Operation; Transitional chain wear due to repeated loading and unloading cycles over time,,,,,Operation; Transitional chain wear due to repeated loading and unloading cycles over time,,FMEA编号；潜在失效原因/机理,91,
171,171,baseline模型,baseline兼容旧逻辑,故障原因诊断类,fmea_id_to_cause,故障原因查询,,,简单,查一下FMEA编号SKS18对应的原因/机理。,Maintenance; Transitional chain wear due to improper inspection and maintenance,失效原因 / FailureCause / cause / reason / 为什么 / 为啥 / 咋来的: Environmental condition; Extreme horizontal oscillatory force,错误,0.0,624.25,语义RAG,0.0,0.0,0,,3,Maintenance; Transitional chain wear due to improper inspection and maintenance,,,,,Maintenance; Transitional chain wear due to improper inspection and maintenance,,FMEA编号；潜在失效原因/机理,92,
172,172,baseline模型,baseline兼容旧逻辑,故障原因诊断类,fmea_id_to_cause,故障原因查询,,,中等,FMEA编号SKS19这条FMEA里，为什么会发生这个失效？请给出原因。,"Operation; Friction chain wear due to significant movement and tension due to the forces of wind, waves","Environmental condition; Marine growth under water can add additional weight and stress for the material, which can lead to cracks in the outer hull.",错误,0.0,705.8,语义RAG,0.0,0.0,0,,3,"Operation; Friction chain wear due to significant movement and tension due to the forces of wind, waves",,,,,"Operation; Friction chain wear due to significant movement and tension due to the forces of wind, waves",,FMEA编号；潜在失效原因/机理,93,
173,173,baseline模型,baseline兼容旧逻辑,故障原因诊断类,fmea_id_to_cause,故障原因查询,,,简单,FMEA编号SKS20的失效原因写的什么？,Operation; Mooring line wear due to hysteretic heating or wet-dry cycling,FMEA编号 / FmeaID / record id / 编号: SKS20 失效原因 / FailureCause / cause / reason / 为什么 / 为啥 / 咋来的: Environmental condition; Extreme horizontal oscillatory force,错误,0.0,800.8,语义RAG,0.0,0.0,0,,3,Operation; Mooring line wear due to hysteretic heating or wet-dry cycling,,,,,Operation; Mooring line wear due to hysteretic heating or wet-dry cycling,,FMEA编号；潜在失效原因/机理,94,
174,174,baseline模型,baseline兼容旧逻辑,故障原因诊断类,fmea_id_to_cause,故障原因查询,,,简单,FMEA编号SKS21的潜在失效原因/机理是什么？,Design; Mooring winch failure due to understimation of loads during design phase,根据上下文，没有找到FMEA编号为SKS21的相关信息。因此，无法回答该问题。,错误,0.0,645.53,语义RAG,0.0,0.0,0,,3,Design; Mooring winch failure due to understimation of loads during design phase,,,,,Design; Mooring winch failure due to understimation of loads during design phase,,FMEA编号；潜在失效原因/机理,95,
175,175,baseline模型,baseline兼容旧逻辑,故障原因诊断类,fmea_id_to_cause,故障原因查询,,,中等,FMEA编号SKS22这条记录，原因是什么？,Maintenance; Mooring winch failure due to undetected hazard during operation,未记录。,错误,0.0,815.16,语义RAG,0.0,0.0,0,,3,Maintenance; Mooring winch failure due to undetected hazard during operation,,,,,Maintenance; Mooring winch failure due to undetected hazard during operation,,FMEA编号；潜在失效原因/机理,96,
176,176,baseline模型,baseline兼容旧逻辑,故障原因诊断类,fmea_id_to_cause,故障原因查询,,,简单,查一下FMEA编号DC1对应的原因/机理。,Design Phase; Underestimation of dynamic conditions - Unexpected contingency scenario ( loss of mooring line ) - unexpected dynamic loads,根据上下文，没有找到FMEA编号为DC1的相关信息。因此无法提供该编号对应的原因/机理。,错误,0.0,665.62,语义RAG,0.0,0.0,0,,3,Design Phase; Underestimation of dynamic conditions - Unexpected contingency scenario ( loss of mooring line ) - unexpected dynamic loads,,,,,Design Phase; Underestimation of dynamic conditions - Unexpected contingency scenario ( loss of mooring line ) - unexpected dynamic loads,,FMEA编号；潜在失效原因/机理,97,
177,177,baseline模型,baseline兼容旧逻辑,故障原因诊断类,fmea_id_to_cause,故障原因查询,,,简单,FMEA编号DC2这条FMEA里，为什么会发生这个失效？请给出原因。,Environmental conditions; Anchor impacts - seabed movement,"Environmental condition; Marine growth under water can add additional weight and stress for the material, which can lead to cracks in the outer hull.",错误,0.0,655.63,语义RAG,0.0,0.0,0,,3,Environmental conditions; Anchor impacts - seabed movement,,,,,Environmental conditions; Anchor impacts - seabed movement,,FMEA编号；潜在失效原因/机理,98,
178,178,baseline模型,baseline兼容旧逻辑,故障原因诊断类,fmea_id_to_cause,故障原因查询,,,中等,FMEA编号DC3的失效原因写的什么？,"Operation; Mechanical stress - cable motion,Bending and motion",Environmental condition; Extreme horizontal oscillatory force,错误,0.0,475.77,语义RAG,0.0,0.0,0,,3,"Operation; Mechanical stress - cable motion,Bending and motion",,,,,"Operation; Mechanical stress - cable motion,Bending and motion",,FMEA编号；潜在失效原因/机理,99,
179,179,baseline模型,baseline兼容旧逻辑,故障原因诊断类,fmea_id_to_cause,故障原因查询,,,简单,FMEA编号DC4的潜在失效原因/机理是什么？,"Installation phase; Seawater exposure, environmental conditions due to failure of corrosion protection anodes",根据上下文，没有找到FMEA编号为DC4的相关信息。因此，无法回答该问题。,错误,0.0,567.45,语义RAG,0.0,0.0,0,,3,"Installation phase; Seawater exposure, environmental conditions due to failure of corrosion protection anodes",,,,,"Installation phase; Seawater exposure, environmental conditions due to failure of corrosion protection anodes",,FMEA编号；潜在失效原因/机理,100,
180,180,baseline模型,baseline兼容旧逻辑,故障原因诊断类,fmea_id_to_cause,故障原因查询,,,简单,FMEA编号DC5这条记录，原因是什么？,"Design Phase; Seawater exposure, environmental conditions due to insufficient coating","Design Phase; lack of data of the deployment location [4,6]",错误,0.0,932.54,语义RAG,0.0,0.0,0,,3,"Design Phase; Seawater exposure, environmental conditions due to insufficient coating",,,,,"Design Phase; Seawater exposure, environmental conditions due to insufficient coating",,FMEA编号；潜在失效原因/机理,101,
181,181,baseline模型,baseline兼容旧逻辑,故障原因诊断类,fmea_id_to_cause,故障原因查询,,,中等,查一下FMEA编号DC6对应的原因/机理。,Design Phase; Excessive mechanical load - equipment interraction,根据上下文，没有找到FMEA编号为DC6的相关信息。因此无法提供该编号对应的原因/机理。,错误,0.0,635.93,语义RAG,0.0,0.0,0,,3,Design Phase; Excessive mechanical load - equipment interraction,,,,,Design Phase; Excessive mechanical load - equipment interraction,,FMEA编号；潜在失效原因/机理,102,
182,182,baseline模型,baseline兼容旧逻辑,故障原因诊断类,fmea_id_to_cause,故障原因查询,,,简单,FMEA编号DC7这条FMEA里，为什么会发生这个失效？请给出原因。,Design Phase; Wrong design/execution of the isolation material,"Environmental condition; Marine growth under water can add additional weight and stress for the material, which can lead to cracks in the outer hull.",错误,0.0,676.24,语义RAG,0.0,0.0,0,,3,Design Phase; Wrong design/execution of the isolation material,,,,,Design Phase; Wrong design/execution of the isolation material,,FMEA编号；潜在失效原因/机理,103,
183,183,baseline模型,baseline兼容旧逻辑,故障原因诊断类,fmea_id_to_cause,故障原因查询,,,简单,FMEA编号DC8的失效原因写的什么？,Environmental conditions; Floating debris - marine activities,FMEA编号 / FmeaID / record id / 编号: DC8 失效原因 / FailureCause / cause / reason / 为什么 / 为啥 / 咋来的: Environmental condition; Extreme horizontal oscillatory force,错误,0.0,773.23,语义RAG,0.0,0.0,0,,3,Environmental conditions; Floating debris - marine activities,,,,,Environmental conditions; Floating debris - marine activities,,FMEA编号；潜在失效原因/机理,104,
184,184,baseline模型,baseline兼容旧逻辑,故障原因诊断类,fmea_id_to_cause,故障原因查询,,,中等,FMEA编号DC9的潜在失效原因/机理是什么？,Operation; Connector failure - Mechanical stress,根据上下文，没有找到FMEA编号为DC9的相关信息。因此，无法回答该问题。,错误,0.0,595.54,语义RAG,0.0,0.0,0,,3,Operation; Connector failure - Mechanical stress,,,,,Operation; Connector failure - Mechanical stress,,FMEA编号；潜在失效原因/机理,105,
185,185,baseline模型,baseline兼容旧逻辑,故障原因诊断类,fmea_id_to_cause,故障原因查询,,,简单,FMEA编号DC10这条记录，原因是什么？,Manufacturing; Poor quality components [6],"Design Phase; lack of data of the deployment location [4,6]",错误,0.0,952.97,语义RAG,0.0,0.0,0,,3,Manufacturing; Poor quality components [6],,6.0,,,Manufacturing; Poor quality components [6],,FMEA编号；潜在失效原因/机理,106,
186,186,baseline模型,baseline兼容旧逻辑,故障原因诊断类,fmea_id_to_cause,故障原因查询,,,简单,查一下FMEA编号DC11对应的原因/机理。,Manufacturing; Poor quality of insulating fluids [6],失效原因 / FailureCause / cause / reason / 为什么 / 为啥 / 咋来的: Environmental condition; Extreme horizontal oscillatory force,错误,0.0,655.49,语义RAG,0.0,0.0,0,,3,Manufacturing; Poor quality of insulating fluids [6],,,,,Manufacturing; Poor quality of insulating fluids [6],,FMEA编号；潜在失效原因/机理,107,
187,187,baseline模型,baseline兼容旧逻辑,故障原因诊断类,fmea_id_to_cause,故障原因查询,,,中等,FMEA编号DC12这条FMEA里，为什么会发生这个失效？请给出原因。,Manufacturing; Quality of workmanship [6],"Environmental condition; Marine growth under water can add additional weight and stress for the material, which can lead to cracks in the outer hull.",错误,0.0,671.76,语义RAG,0.0,0.0,0,,3,Manufacturing; Quality of workmanship [6],,,,,Manufacturing; Quality of workmanship [6],,FMEA编号；潜在失效原因/机理,108,
188,188,baseline模型,baseline兼容旧逻辑,故障原因诊断类,fmea_id_to_cause,故障原因查询,,,简单,FMEA编号DC13的失效原因写的什么？,Operation; Mechanical stress,Environmental condition; Extreme horizontal oscillatory force,错误,0.0,485.89,语义RAG,0.0,0.0,0,,3,Operation; Mechanical stress,,,,,Operation; Mechanical stress,,FMEA编号；潜在失效原因/机理,109,
189,189,baseline模型,baseline兼容旧逻辑,故障原因诊断类,fmea_id_to_cause,故障原因查询,,,简单,FMEA编号DC14的潜在失效原因/机理是什么？,Design Phase; Inproper design : need quality insulation materials and protection,根据上下文，没有找到FMEA编号为DC14的相关信息。因此，无法回答该问题。,错误,0.0,582.98,语义RAG,0.0,0.0,0,,3,Design Phase; Inproper design : need quality insulation materials and protection,,,,,Design Phase; Inproper design : need quality insulation materials and protection,,FMEA编号；潜在失效原因/机理,110,
190,190,baseline模型,baseline兼容旧逻辑,故障原因诊断类,fmea_id_to_cause,故障原因查询,,,中等,FMEA编号DC15这条记录，原因是什么？,Operation; Mechanical and thermal stress,"Design Phase; lack of data of the deployment location [4,6]",错误,0.0,932.81,语义RAG,0.0,0.0,0,,3,Operation; Mechanical and thermal stress,,,,,Operation; Mechanical and thermal stress,,FMEA编号；潜在失效原因/机理,111,
191,191,baseline模型,baseline兼容旧逻辑,故障原因诊断类,fmea_id_to_cause,故障原因查询,,,简单,查一下FMEA编号DC16对应的原因/机理。,Manufacturing; Errors or defects during manufacturing,根据上下文，没有找到FMEA编号为DC16的相关信息。因此无法提供该编号对应的原因/机理。,错误,0.0,619.36,语义RAG,0.0,0.0,0,,3,Manufacturing; Errors or defects during manufacturing,,,,,Manufacturing; Errors or defects during manufacturing,,FMEA编号；潜在失效原因/机理,112,
192,192,baseline模型,baseline兼容旧逻辑,故障原因诊断类,fmea_id_to_cause,故障原因查询,,,简单,FMEA编号DC17这条FMEA里，为什么会发生这个失效？请给出原因。,Operation; Damage on the cable due to extreme environmental events,"Environmental condition; Marine growth under water can add additional weight and stress for the material, which can lead to cracks in the outer hull.",错误,0.0,689.75,语义RAG,0.0,0.0,0,,3,Operation; Damage on the cable due to extreme environmental events,,,,,Operation; Damage on the cable due to extreme environmental events,,FMEA编号；潜在失效原因/机理,113,
193,193,baseline模型,baseline兼容旧逻辑,故障原因诊断类,fmea_id_to_cause,故障原因查询,,,中等,FMEA编号DC18的失效原因写的什么？,Operation; Internal damage: Problem in insulation material - Electrical overload,Environmental condition; Extreme horizontal oscillatory force,错误,0.0,464.32,语义RAG,0.0,0.0,0,,3,Operation; Internal damage: Problem in insulation material - Electrical overload,,,,,Operation; Internal damage: Problem in insulation material - Electrical overload,,FMEA编号；潜在失效原因/机理,114,
194,194,baseline模型,baseline兼容旧逻辑,故障原因诊断类,fmea_id_to_cause,故障原因查询,,,简单,FMEA编号DC19的潜在失效原因/机理是什么？,Operation; Repeated stress cycles - bending motions,根据上下文，没有找到FMEA编号为DC19的相关信息。因此，无法回答该问题。,错误,0.0,596.6,语义RAG,0.0,0.0,0,,3,Operation; Repeated stress cycles - bending motions,,,,,Operation; Repeated stress cycles - bending motions,,FMEA编号；潜在失效原因/机理,115,
195,195,baseline模型,baseline兼容旧逻辑,故障原因诊断类,fmea_id_to_cause,故障原因查询,,,简单,FMEA编号DC20这条记录，原因是什么？,"Design Phase; Unexpected contingency ( earthquake, seabed movement)","Design Phase; lack of data of the deployment location [4,6]",错误,0.0,939.78,语义RAG,0.0,0.0,0,,3,"Design Phase; Unexpected contingency ( earthquake, seabed movement)",,,,,"Design Phase; Unexpected contingency ( earthquake, seabed movement)",,FMEA编号；潜在失效原因/机理,116,
196,196,baseline模型,baseline兼容旧逻辑,故障原因诊断类,fmea_id_to_cause,故障原因查询,,,中等,查一下FMEA编号DC21对应的原因/机理。,Environmental conditions; Dynamic positioning system failure due to excessive environmental conditions,根据上下文，没有找到FMEA编号为DC21的相关信息。因此无法提供对应的失效原因/机理。,错误,0.0,635.9,语义RAG,0.0,0.0,0,,3,Environmental conditions; Dynamic positioning system failure due to excessive environmental conditions,,,,,Environmental conditions; Dynamic positioning system failure due to excessive environmental conditions,,FMEA编号；潜在失效原因/机理,117,
197,197,baseline模型,baseline兼容旧逻辑,故障原因诊断类,fmea_id_to_cause,故障原因查询,,,简单,FMEA编号DC22这条FMEA里，为什么会发生这个失效？请给出原因。,Operation,"Environmental condition; Marine growth under water can add additional weight and stress for the material, which can lead to cracks in the outer hull.",错误,0.0,667.8,语义RAG,0.0,0.0,0,,3,Operation,,,,,Operation,,FMEA编号；潜在失效原因/机理,118,
198,198,baseline模型,baseline兼容旧逻辑,故障原因诊断类,fmea_id_to_cause,故障原因查询,,,简单,FMEA编号DC23的失效原因写的什么？,Design Phase; Underestimation of dynamic conditions - Unexpected contingency scenario ( loss of mooring line ),Environmental condition; Extreme horizontal oscillatory force,错误,0.0,484.96,语义RAG,0.0,0.0,0,,3,Design Phase; Underestimation of dynamic conditions - Unexpected contingency scenario ( loss of mooring line ),,,,,Design Phase; Underestimation of dynamic conditions - Unexpected contingency scenario ( loss of mooring line ),,FMEA编号；潜在失效原因/机理,119,
199,199,baseline模型,baseline兼容旧逻辑,故障原因诊断类,fmea_id_to_cause,故障原因查询,,,中等,FMEA编号DC24的潜在失效原因/机理是什么？,Operation,根据上下文，没有找到FMEA编号为DC24的相关信息。因此，无法回答该问题。,错误,0.0,578.49,语义RAG,0.6667,1.0,0,,3,Operation,,,,,Operation,,FMEA编号；潜在失效原因/机理,120,
200,200,baseline模型,baseline兼容旧逻辑,故障原因诊断类,fmea_id_to_cause,故障原因查询,,,简单,FMEA编号DC25这条记录，原因是什么？,Design Phase; Design inefficiency [6],"Design Phase; lack of data of the deployment location [4,6]",错误,0.0,938.33,语义RAG,0.3333,1.0,0,,3,Design Phase; Design inefficiency [6],,6.0,,,Design Phase; Design inefficiency [6],,FMEA编号；潜在失效原因/机理,121,
201,201,baseline模型,baseline兼容旧逻辑,故障原因诊断类,fmea_id_to_cause,故障原因查询,,,简单,查一下FMEA编号DC26对应的原因/机理。,"Design Phase; lack of data of the deployment location [4,6]",根据上下文，没有找到FMEA编号为DC26的相关信息。因此无法提供该编号对应的原因/机理。,错误,0.0,654.64,语义RAG,0.0,0.0,0,,3,"Design Phase; lack of data of the deployment location [4,6]",,,,,"Design Phase; lack of data of the deployment location [4,6]",,FMEA编号；潜在失效原因/机理,122,
202,202,baseline模型,baseline兼容旧逻辑,故障原因诊断类,fmea_id_to_cause,故障原因查询,,,中等,FMEA编号DC27这条FMEA里，为什么会发生这个失效？请给出原因。,Installation phase; incorrect installation [6],"Environmental condition; Marine growth under water can add additional weight and stress for the material, which can lead to cracks in the outer hull.",错误,0.0,671.52,语义RAG,0.0,0.0,0,,3,Installation phase; incorrect installation [6],,,,,Installation phase; incorrect installation [6],,FMEA编号；潜在失效原因/机理,123,
203,203,baseline模型,baseline兼容旧逻辑,故障原因诊断类,fmea_id_to_cause,故障原因查询,,,简单,FMEA编号DC28的失效原因写的什么？,Environmental conditions; Environmental exposure - wear,FMEA编号 / FmeaID / record id / 编号: DC28 失效原因 / FailureCause / cause / reason / 为什么 / 为啥 / 咋来的: Environmental condition; Extreme horizontal oscillatory force,错误,0.0,802.12,语义RAG,0.0,0.0,0,,3,Environmental conditions; Environmental exposure - wear,,,,,Environmental conditions; Environmental exposure - wear,,FMEA编号；潜在失效原因/机理,124,
204,204,baseline模型,baseline兼容旧逻辑,故障原因诊断类,fmea_id_to_cause,故障原因查询,,,简单,FMEA编号DC29的潜在失效原因/机理是什么？,Design Phase; Insufficient information for the deployment location [6],根据上下文，没有找到FMEA编号为DC29的相关信息。因此，无法回答该问题。,错误,0.0,598.79,语义RAG,0.0,0.0,0,,3,Design Phase; Insufficient information for the deployment location [6],,,,,Design Phase; Insufficient information for the deployment location [6],,FMEA编号；潜在失效原因/机理,125,
205,205,baseline模型,baseline兼容旧逻辑,故障原因诊断类,fmea_id_to_cause,故障原因查询,,,中等,FMEA编号DC30这条记录，原因是什么？,Design Phase; Insufficient information for the deployment location [6],"Design Phase; lack of data of the deployment location [4,6]",错误,0.0,925.86,语义RAG,0.0,0.0,0,,3,Design Phase; Insufficient information for the deployment location [6],,6.0,,,Design Phase; Insufficient information for the deployment location [6],,FMEA编号；潜在失效原因/机理,126,
206,206,baseline模型,baseline兼容旧逻辑,故障原因诊断类,fmea_id_to_cause,故障原因查询,,,简单,查一下FMEA编号DC31对应的原因/机理。,Environmental conditions; exposure of seabed cover to extreme environmental phenomena,根据上下文，没有找到FMEA编号为DC31的相关信息。因此无法提供该编号对应的原因/机理。,错误,0.0,656.93,语义RAG,0.0,0.0,0,,3,Environmental conditions; exposure of seabed cover to extreme environmental phenomena,,,,,Environmental conditions; exposure of seabed cover to extreme environmental phenomena,,FMEA编号；潜在失效原因/机理,127,
207,207,baseline模型,baseline兼容旧逻辑,故障原因诊断类,fmea_id_to_cause,故障原因查询,,,简单,FMEA编号DC32这条FMEA里，为什么会发生这个失效？请给出原因。,Operation; Mechanical stress - excessive bending,"Environmental condition; Marine growth under water can add additional weight and stress for the material, which can lead to cracks in the outer hull.",错误,0.0,671.54,语义RAG,0.0,0.0,0,,3,Operation; Mechanical stress - excessive bending,,,,,Operation; Mechanical stress - excessive bending,,FMEA编号；潜在失效原因/机理,128,
208,208,baseline模型,baseline兼容旧逻辑,故障原因诊断类,fmea_id_to_cause,故障原因查询,,,中等,FMEA编号TO1的失效原因写的什么？,Design phase; Resonance occurs when the natural frequency of the tower or other components of the wind turbine matches the frequency of the wind or other external forces.,Design phase; Resonance occurs when the natural frequency of the tower or other components of the wind turbine matches the frequency of the wind or other external forces.,正确,1.0,640.14,语义RAG,0.3333,1.0,0,,3,,,,,,Design phase; Resonance occurs when the natural frequency of the tower or other components of the wind turbine matches the frequency of the wind or other external forces.,,FMEA编号；潜在失效原因/机理,0,
209,209,baseline模型,baseline兼容旧逻辑,故障原因诊断类,fmea_id_to_cause,故障原因查询,,,简单,FMEA编号TO2的潜在失效原因/机理是什么？,Environmental condition; Resonance occurs when the natural frequency of the tower or other components of the wind turbine matches the frequency of the wind or other external forces.,根据上下文，没有找到FMEA编号为TO2的相关信息。因此，无法回答该问题。,错误,0.0,607.84,语义RAG,0.0,0.0,0,,3,Environmental condition; Resonance occurs when the natural frequency of the tower or other components of the wind turbine matches the frequency of the wind or other external forces.,,,,,Environmental condition; Resonance occurs when the natural frequency of the tower or other components of the wind turbine matches the frequency of the wind or other external forces.,,FMEA编号；潜在失效原因/机理,1,
210,210,baseline模型,baseline兼容旧逻辑,故障原因诊断类,fmea_id_to_cause,故障原因查询,,,简单,FMEA编号TO3这条记录，原因是什么？,"Installation phase; Faulty welding of Tower [10,15]",Design phase; Resonance occurs when the natural frequency of the tower or other components of the wind turbine matches the frequency of the wind or other external forces.,错误,0.0,1073.67,语义RAG,0.0,0.0,0,,3,"Installation phase; Faulty welding of Tower [10,15]",,,,,"Installation phase; Faulty welding of Tower [10,15]",,FMEA编号；潜在失效原因/机理,2,
211,211,baseline模型,baseline兼容旧逻辑,故障原因诊断类,fmea_id_to_cause,故障原因查询,,,中等,查一下FMEA编号TO4对应的原因/机理。,"Maintenance phase; Due to poor inspection Faulty welding of Tower couldn't be detected before getting severe [10,15]",根据上下文，没有找到FMEA编号为TO4的相关信息。因此无法提供该编号对应的原因/机理。,错误,0.0,633.67,语义RAG,0.0,0.0,0,,3,"Maintenance phase; Due to poor inspection Faulty welding of Tower couldn't be detected before getting severe [10,15]",,,,,"Maintenance phase; Due to poor inspection Faulty welding of Tower couldn't be detected before getting severe [10,15]",,FMEA编号；潜在失效原因/机理,3,
212,212,baseline模型,baseline兼容旧逻辑,故障原因诊断类,fmea_id_to_cause,故障原因查询,,,简单,FMEA编号TO5这条FMEA里，为什么会发生这个失效？请给出原因。,"Environmental loads; The interaction between the blades and the tower can cause pressure fluctuations, leading to cyclic fatigue [14]","Environmental condition; Marine growth under water can add additional weight and stress for the material, which can lead to cracks in the outer hull.",错误,0.0,621.77,语义RAG,0.0,0.0,0,,3,"Environmental loads; The interaction between the blades and the tower can cause pressure fluctuations, leading to cyclic fatigue [14]",,,,,"Environmental loads; The interaction between the blades and the tower can cause pressure fluctuations, leading to cyclic fatigue [14]",,FMEA编号；潜在失效原因/机理,4,
213,213,baseline模型,baseline兼容旧逻辑,故障原因诊断类,fmea_id_to_cause,故障原因查询,,,简单,FMEA编号TO6的失效原因写的什么？,Environmental loads; Material fatigue due to high waves and high frequency of loads [1],Design phase; Resonance occurs when the natural frequency of the tower or other components of the wind turbine matches the frequency of the wind or other external forces.,错误,0.0,672.46,语义RAG,0.0,0.0,0,,3,Environmental loads; Material fatigue due to high waves and high frequency of loads [1],,,,,Environmental loads; Material fatigue due to high waves and high frequency of loads [1],,FMEA编号；潜在失效原因/机理,5,
214,214,baseline模型,baseline兼容旧逻辑,故障原因诊断类,fmea_id_to_cause,故障原因查询,,,中等,FMEA编号TO7的潜在失效原因/机理是什么？,Environmental condition; Cyclic wind/wave loading (above design assumption)creates stress concentrations and fatigue. [11],根据上下文，没有找到FMEA编号为TO7的相关信息。因此，无法回答该问题。,错误,0.0,601.83,语义RAG,0.0,0.0,0,,3,Environmental condition; Cyclic wind/wave loading (above design assumption)creates stress concentrations and fatigue. [11],,,,,Environmental condition; Cyclic wind/wave loading (above design assumption)creates stress concentrations and fatigue. [11],,FMEA编号；潜在失效原因/机理,6,
215,215,baseline模型,baseline兼容旧逻辑,故障原因诊断类,fmea_id_to_cause,故障原因查询,,,简单,FMEA编号TO8这条记录，原因是什么？,"Design phase; Welding failure due to Poor design or inadequate specification of welding procedures considering harsh environmental condition [1,15]",Design phase; Resonance occurs when the natural frequency of the tower or other components of the wind turbine matches the frequency of the wind or other external forces.,错误,0.0,1069.92,语义RAG,0.0,0.0,0,,3,"Design phase; Welding failure due to Poor design or inadequate specification of welding procedures considering harsh environmental condition [1,15]",,,,,"Design phase; Welding failure due to Poor design or inadequate specification of welding procedures considering harsh environmental condition [1,15]",,FMEA编号；潜在失效原因/机理,7,
216,216,baseline模型,baseline兼容旧逻辑,故障原因诊断类,fmea_id_to_cause,故障原因查询,,,简单,查一下FMEA编号TO9对应的原因/机理。,"Manufacturing; Welding failure due to Poor design or inadequate specification of welding procedures considering harsh environmental condition [1,15]",根据上下文，没有找到FMEA编号为TO9的相关信息。最接近的是失效模式为Capsize [11]时的失效原因，但该编号与问题中询问的TO9不符。 失效原因 / FailureCause / cause / reason / 为什么 / 为啥 / 咋来的: Environmental condition; Extreme horizontal oscillatory force,错误,0.0,1030.53,语义RAG,0.0,0.0,0,,3,"Manufacturing; Welding failure due to Poor design or inadequate specification of welding procedures considering harsh environmental condition [1,15]",,,,,"Manufacturing; Welding failure due to Poor design or inadequate specification of welding procedures considering harsh environmental condition [1,15]",,FMEA编号；潜在失效原因/机理,8,
217,217,baseline模型,baseline兼容旧逻辑,故障原因诊断类,fmea_id_to_cause,故障原因查询,,,中等,FMEA编号TO10这条FMEA里，为什么会发生这个失效？请给出原因。,Fabrication; Material fatigue due to insufficient manufacturing quality [15],"Environmental condition; Marine growth under water can add additional weight and stress for the material, which can lead to cracks in the outer hull.",错误,0.0,628.62,语义RAG,0.0,0.0,0,,3,Fabrication; Material fatigue due to insufficient manufacturing quality [15],,,,,Fabrication; Material fatigue due to insufficient manufacturing quality [15],,FMEA编号；潜在失效原因/机理,9,
218,218,baseline模型,baseline兼容旧逻辑,故障原因诊断类,fmea_id_to_cause,故障原因查询,,,简单,FMEA编号TO11的失效原因写的什么？,"Fabrication; Welding failure due to Poor quality control during the welding process [1,10]",Design phase; Resonance occurs when the natural frequency of the tower or other components of the wind turbine matches the frequency of the wind or other external forces.,错误,0.0,658.49,语义RAG,0.0,0.0,0,,3,"Fabrication; Welding failure due to Poor quality control during the welding process [1,10]",,,,,"Fabrication; Welding failure due to Poor quality control during the welding process [1,10]",,FMEA编号；潜在失效原因/机理,10,
219,219,baseline模型,baseline兼容旧逻辑,故障原因诊断类,fmea_id_to_cause,故障原因查询,,,简单,FMEA编号TO12的潜在失效原因/机理是什么？,"Installation phase; Installation phase stress/fatigue due to waves, wind, and process. Incorrect installation/error can cause stress concentration and fatigue. [11]",根据上下文，没有找到FMEA编号为TO12的相关信息。因此，无法回答该问题。,错误,0.0,628.78,语义RAG,0.0,0.0,0,,3,"Installation phase; Installation phase stress/fatigue due to waves, wind, and process. Incorrect installation/error can cause stress concentration and fatigue. [11]",,,,,"Installation phase; Installation phase stress/fatigue due to waves, wind, and process. Incorrect installation/error can cause stress concentration and fatigue. [11]",,FMEA编号；潜在失效原因/机理,11,
220,220,baseline模型,baseline兼容旧逻辑,故障原因诊断类,fmea_id_to_cause,故障原因查询,,,中等,FMEA编号TO13这条记录，原因是什么？,Maintenance phase; Corrosion due to lack of regular inspection and maintenance to prevent critical steps and failure [11],Design phase; Resonance occurs when the natural frequency of the tower or other components of the wind turbine matches the frequency of the wind or other external forces.,错误,0.0,1047.59,语义RAG,0.3333,1.0,0,,3,Maintenance phase; Corrosion due to lack of regular inspection and maintenance to prevent critical steps and failure [11],,,,,Maintenance phase; Corrosion due to lack of regular inspection and maintenance to prevent critical steps and failure [11],,FMEA编号；潜在失效原因/机理,12,
221,221,baseline模型,baseline兼容旧逻辑,故障原因诊断类,fmea_id_to_cause,故障原因查询,,,简单,查一下FMEA编号TO14对应的原因/机理。,Operation phase; Repeated or cyclic loading and unloading of the tower over a long period of time can cause cracks caused by plastic deformation [11],失效原因 / FailureCause / cause / reason / 为什么 / 为啥 / 咋来的: Environmental condition; Extreme horizontal oscillatory force,错误,0.0,673.18,语义RAG,0.0,0.0,0,,3,Operation phase; Repeated or cyclic loading and unloading of the tower over a long period of time can cause cracks caused by plastic deformation [11],,,,,Operation phase; Repeated or cyclic loading and unloading of the tower over a long period of time can cause cracks caused by plastic deformation [11],,FMEA编号；潜在失效原因/机理,13,
222,222,baseline模型,baseline兼容旧逻辑,故障原因诊断类,fmea_id_to_cause,故障原因查询,,,简单,FMEA编号TO15这条FMEA里，为什么会发生这个失效？请给出原因。,"Maintenance phase; Blade replacements, repairs, and corrosion mitigation can add stress. Improper execution can lead to damage and fatigue. [11]","Environmental condition; Marine growth under water can add additional weight and stress for the material, which can lead to cracks in the outer hull.",错误,0.0,652.36,语义RAG,0.0,0.0,0,,3,"Maintenance phase; Blade replacements, repairs, and corrosion mitigation can add stress. Improper execution can lead to damage and fatigue. [11]",,,,,"Maintenance phase; Blade replacements, repairs, and corrosion mitigation can add stress. Improper execution can lead to damage and fatigue. [11]",,FMEA编号；潜在失效原因/机理,14,
223,223,baseline模型,baseline兼容旧逻辑,故障原因诊断类,fmea_id_to_cause,故障原因查询,,,中等,FMEA编号TO16的失效原因写的什么？,Design phase; Braking system failure due to wrong estimation of operating conditions [15],Design phase; Resonance occurs when the natural frequency of the tower or other components of the wind turbine matches the frequency of the wind or other external forces.,错误,0.0,677.62,语义RAG,0.0,0.0,0,,3,Design phase; Braking system failure due to wrong estimation of operating conditions [15],,,,,Design phase; Braking system failure due to wrong estimation of operating conditions [15],,FMEA编号；潜在失效原因/机理,15,
224,224,baseline模型,baseline兼容旧逻辑,故障原因诊断类,fmea_id_to_cause,故障原因查询,,,简单,FMEA编号TO17的潜在失效原因/机理是什么？,Environmental condition; Lightning strikes[9],根据上下文，没有找到FMEA编号为TO17的相关信息。请确认FMEA编号是否正确。,错误,0.0,628.41,语义RAG,0.0,0.0,0,,3,Environmental condition; Lightning strikes[9],,,,,Environmental condition; Lightning strikes[9],,FMEA编号；潜在失效原因/机理,16,
225,225,baseline模型,baseline兼容旧逻辑,故障原因诊断类,fmea_id_to_cause,故障原因查询,,,简单,FMEA编号TO18这条记录，原因是什么？,Design phase; Lightning strikes damages due to inefficient lightning prevention system [9],Design phase; Resonance occurs when the natural frequency of the tower or other components of the wind turbine matches the frequency of the wind or other external forces.,错误,0.0,1093.17,语义RAG,0.0,0.0,0,,3,Design phase; Lightning strikes damages due to inefficient lightning prevention system [9],,,,,Design phase; Lightning strikes damages due to inefficient lightning prevention system [9],,FMEA编号；潜在失效原因/机理,17,
226,226,baseline模型,baseline兼容旧逻辑,故障原因诊断类,fmea_id_to_cause,故障原因查询,,,中等,查一下FMEA编号TO19对应的原因/机理。,Manufacturing; Hit by blades due to poor manufacturing quality control [9],失效原因 / FailureCause / cause / reason / 为什么 / 为啥 / 咋来的: Environmental condition; Extreme horizontal oscillatory force,错误,0.0,641.21,语义RAG,0.0,0.0,0,,3,Manufacturing; Hit by blades due to poor manufacturing quality control [9],,,,,Manufacturing; Hit by blades due to poor manufacturing quality control [9],,FMEA编号；潜在失效原因/机理,18,
227,227,baseline模型,baseline兼容旧逻辑,故障原因诊断类,fmea_id_to_cause,故障原因查询,,,简单,FMEA编号TO20这条FMEA里，为什么会发生这个失效？请给出原因。,Maintenance; Hit by blades due to poor maintenance and inspection leading to undetected wear and damage [15],"Environmental condition; Marine growth under water can add additional weight and stress for the material, which can lead to cracks in the outer hull.",错误,0.0,651.24,语义RAG,0.0,0.0,0,,3,Maintenance; Hit by blades due to poor maintenance and inspection leading to undetected wear and damage [15],,,,,Maintenance; Hit by blades due to poor maintenance and inspection leading to undetected wear and damage [15],,FMEA编号；潜在失效原因/机理,19,
228,228,baseline模型,baseline兼容旧逻辑,故障原因诊断类,fmea_id_to_cause,故障原因查询,,,简单,FMEA编号TO21的失效原因写的什么？,due to Operation; Hit by blades due to human error or operational failure [15],Design phase; Resonance occurs when the natural frequency of the tower or other components of the wind turbine matches the frequency of the wind or other external forces.,错误,0.0,661.42,语义RAG,0.0,0.0,0,,3,due to Operation; Hit by blades due to human error or operational failure [15],,,,,due to Operation; Hit by blades due to human error or operational failure [15],,FMEA编号；潜在失效原因/机理,20,
229,229,baseline模型,baseline兼容旧逻辑,故障原因诊断类,fmea_id_to_cause,故障原因查询,,,中等,FMEA编号TO22的潜在失效原因/机理是什么？,"Manufacturing; Inadequate quality control during the manufacturing process may create structural weaknesses or defects in the tower, causing plastic deformation over time. [11]",根据上下文，没有找到FMEA编号为TO22的相关信息。因此，无法回答该问题。,错误,0.0,620.45,语义RAG,0.0,0.0,0,,3,"Manufacturing; Inadequate quality control during the manufacturing process may create structural weaknesses or defects in the tower, causing plastic deformation over time. [11]",,,,,"Manufacturing; Inadequate quality control during the manufacturing process may create structural weaknesses or defects in the tower, causing plastic deformation over time. [11]",,FMEA编号；潜在失效原因/机理,21,
230,230,baseline模型,baseline兼容旧逻辑,故障原因诊断类,fmea_id_to_cause,故障原因查询,,,简单,FMEA编号TO23这条记录，原因是什么？,Design phase; Plastic deformation due to insufficient yield strength and lack of detailed stress analysis and simulations [13],Design phase; Resonance occurs when the natural frequency of the tower or other components of the wind turbine matches the frequency of the wind or other external forces.,错误,0.0,1103.04,语义RAG,0.0,0.0,0,,3,Design phase; Plastic deformation due to insufficient yield strength and lack of detailed stress analysis and simulations [13],,,,,Design phase; Plastic deformation due to insufficient yield strength and lack of detailed stress analysis and simulations [13],,FMEA编号；潜在失效原因/机理,22,
231,231,baseline模型,baseline兼容旧逻辑,故障原因诊断类,fmea_id_to_cause,故障原因查询,,,简单,查一下FMEA编号TO24对应的原因/机理。,Operation phase; Mooring system failure can lead to direct tower collapse [1],失效原因 / FailureCause / cause / reason / 为什么 / 为啥 / 咋来的: Environmental condition; Extreme horizontal oscillatory force,错误,0.0,675.2,语义RAG,0.0,0.0,0,,3,Operation phase; Mooring system failure can lead to direct tower collapse [1],,,,,Operation phase; Mooring system failure can lead to direct tower collapse [1],,FMEA编号；潜在失效原因/机理,23,
232,232,baseline模型,baseline兼容旧逻辑,故障原因诊断类,fmea_id_to_cause,故障原因查询,,,中等,FMEA编号TP1这条FMEA里，为什么会发生这个失效？请给出原因。,Design; Analysis and calculation fault due to human error [11],失效原因 / FailureCause / cause / reason / 为什么 / 为啥 / 咋来的: Installation; During Transportation and installation transition piece may be subjected to bending and twisting loads which could lead to fatigue cracks,错误,0.0,782.41,语义RAG,0.0,0.0,0,,3,Design; Analysis and calculation fault due to human error [11],,,,,Design; Analysis and calculation fault due to human error [11],,FMEA编号；潜在失效原因/机理,24,
233,233,baseline模型,baseline兼容旧逻辑,故障原因诊断类,fmea_id_to_cause,故障原因查询,,,简单,FMEA编号TP2的失效原因写的什么？,"Operation and Maintenance; Brittle fracture due to extreme environmental temperature, leading to a shift in the ductile-to-brittle transition temperature [16]",Environmental condition; Extreme horizontal oscillatory force,错误,0.0,478.52,语义RAG,0.0,0.0,0,,3,"Operation and Maintenance; Brittle fracture due to extreme environmental temperature, leading to a shift in the ductile-to-brittle transition temperature [16]",,,,,"Operation and Maintenance; Brittle fracture due to extreme environmental temperature, leading to a shift in the ductile-to-brittle transition temperature [16]",,FMEA编号；潜在失效原因/机理,25,
234,234,baseline模型,baseline兼容旧逻辑,故障原因诊断类,fmea_id_to_cause,故障原因查询,,,简单,FMEA编号TP3的潜在失效原因/机理是什么？,"Operation; Changes in wave spectra can cause increased loads, resonance, and stress concentrations, leading to plastic deformation in offshore wind turbines. [11]",根据上下文，没有找到FMEA编号为TP3的相关信息。请确认FMEA编号是否正确。,错误,0.0,619.57,语义RAG,0.0,0.0,0,,3,"Operation; Changes in wave spectra can cause increased loads, resonance, and stress concentrations, leading to plastic deformation in offshore wind turbines. [11]",,,,,"Operation; Changes in wave spectra can cause increased loads, resonance, and stress concentrations, leading to plastic deformation in offshore wind turbines. [11]",,FMEA编号；潜在失效原因/机理,26,
235,235,baseline模型,baseline兼容旧逻辑,故障原因诊断类,fmea_id_to_cause,故障原因查询,,,中等,FMEA编号TP4这条记录，原因是什么？,"Operation; Cycling loading could cause microstructural changes in the material and eventually lead to fatigue crack initiation [1,15]","失效原因 / FailureCause / cause / reason / 为什么 / 为啥 / 咋来的: Environmental Loads; Extreme environmental conditions like hurricanes or storm surges can subject the transition piece to large forces that exceed their design limits [10,11,15]",错误,0.0,1268.93,语义RAG,0.0,0.0,0,,3,"Operation; Cycling loading could cause microstructural changes in the material and eventually lead to fatigue crack initiation [1,15]",,15.0,,,"Operation; Cycling loading could cause microstructural changes in the material and eventually lead to fatigue crack initiation [1,15]",,FMEA编号；潜在失效原因/机理,27,
236,236,baseline模型,baseline兼容旧逻辑,故障原因诊断类,fmea_id_to_cause,故障原因查询,,,简单,查一下FMEA编号TP5对应的原因/机理。,Environmental condition; Design parameters superseded due to climate change [11],根据上下文，没有找到FMEA编号为TP5的相关信息。因此无法提供该编号对应的原因/机理。,错误,0.0,662.21,语义RAG,0.0,0.0,0,,3,Environmental condition; Design parameters superseded due to climate change [11],,,,,Environmental condition; Design parameters superseded due to climate change [11],,FMEA编号；潜在失效原因/机理,28,
237,237,baseline模型,baseline兼容旧逻辑,故障原因诊断类,fmea_id_to_cause,故障原因查询,,,简单,FMEA编号TP6这条FMEA里，为什么会发生这个失效？请给出原因。,Operation; due to unbalanced loads or wind-induced vibrations. [11],失效原因 / FailureCause / cause / reason / 为什么 / 为啥 / 咋来的: Installation; During Transportation and installation transition piece may be subjected to bending and twisting loads which could lead to fatigue cracks,错误,0.0,788.52,语义RAG,0.0,0.0,0,,3,Operation; due to unbalanced loads or wind-induced vibrations. [11],,,,,Operation; due to unbalanced loads or wind-induced vibrations. [11],,FMEA编号；潜在失效原因/机理,29,
238,238,baseline模型,baseline兼容旧逻辑,故障原因诊断类,fmea_id_to_cause,故障原因查询,,,中等,FMEA编号TP7的失效原因写的什么？,"Installation; During installation, plastic deformation can occur due to processes like welding and bending [1]",FMEA编号 / FmeaID / record id / 编号: TP7 失效原因 / FailureCause / cause / reason / 为什么 / 为啥 / 咋来的: Environmental condition; Extreme horizontal oscillatory force,错误,0.0,754.38,语义RAG,0.0,0.0,0,,3,"Installation; During installation, plastic deformation can occur due to processes like welding and bending [1]",,,,,"Installation; During installation, plastic deformation can occur due to processes like welding and bending [1]",,FMEA编号；潜在失效原因/机理,30,
239,239,baseline模型,baseline兼容旧逻辑,故障原因诊断类,fmea_id_to_cause,故障原因查询,,,简单,FMEA编号TP8的潜在失效原因/机理是什么？,Installation; During Transportation and installation transition piece may be subjected to bending and twisting loads which could lead to fatigue cracks,根据上下文，没有找到FMEA编号为TP8的相关信息。因此，无法回答该问题。,错误,0.0,618.58,语义RAG,0.0,0.0,0,,3,Installation; During Transportation and installation transition piece may be subjected to bending and twisting loads which could lead to fatigue cracks,,,,,Installation; During Transportation and installation transition piece may be subjected to bending and twisting loads which could lead to fatigue cracks,,FMEA编号；潜在失效原因/机理,31,
240,240,baseline模型,baseline兼容旧逻辑,故障原因诊断类,fmea_id_to_cause,故障原因查询,,,简单,FMEA编号TP9这条记录，原因是什么？,"Environmental Loads; Extreme environmental conditions like hurricanes or storm surges can subject the transition piece to large forces that exceed their design limits [10,11,15]",Design; Analysis and calculation fault due to human error [11],错误,0.0,917.92,语义RAG,0.3333,1.0,0,,3,"Environmental Loads; Extreme environmental conditions like hurricanes or storm surges can subject the transition piece to large forces that exceed their design limits [10,11,15]",,11.0,,,"Environmental Loads; Extreme environmental conditions like hurricanes or storm surges can subject the transition piece to large forces that exceed their design limits [10,11,15]",,FMEA编号；潜在失效原因/机理,32,
241,241,baseline模型,baseline兼容旧逻辑,故障原因诊断类,fmea_id_to_cause,故障原因查询,,,中等,查一下FMEA编号TP10对应的原因/机理。,Fabrication; Improper surface preparation before applying a protective coating or performing welding repairs like cleaning the surface with solvent and treating the surface with a rust inhibitor or primer for improving the adhesion can cause corrosion and crack propagation. [15],根据上下文，没有找到FMEA编号为TP10的相关信息。因此无法提供该编号对应的原因/机理。,错误,0.0,668.2,语义RAG,0.0,0.0,0,,3,Fabrication; Improper surface preparation before applying a protective coating or performing welding repairs like cleaning the surface with solvent and treating the surface with a rust inhibitor or primer for improving the adhesion can cause corrosion and crack propagation. [15],,,,,Fabrication; Improper surface preparation before applying a protective coating or performing welding repairs like cleaning the surface with solvent and treating the surface with a rust inhibitor or primer for improving the adhesion can cause corrosion and crack propagation. [15],,FMEA编号；潜在失效原因/机理,33,
242,242,baseline模型,baseline兼容旧逻辑,故障原因诊断类,fmea_id_to_cause,故障原因查询,,,简单,FMEA编号TP11这条FMEA里，为什么会发生这个失效？请给出原因。,Maintenance; Misalignments or looseness in the connections between the tower and the foundation or inadequate bracing can cause abnormal vibration in the transition piece [12],失效原因 / FailureCause / cause / reason / 为什么 / 为啥 / 咋来的: Installation; During Transportation and installation transition piece may be subjected to bending and twisting loads which could lead to fatigue cracks,错误,0.0,750.66,语义RAG,0.0,0.0,0,,3,Maintenance; Misalignments or looseness in the connections between the tower and the foundation or inadequate bracing can cause abnormal vibration in the transition piece [12],,,,,Maintenance; Misalignments or looseness in the connections between the tower and the foundation or inadequate bracing can cause abnormal vibration in the transition piece [12],,FMEA编号；潜在失效原因/机理,34,
243,243,baseline模型,baseline兼容旧逻辑,故障原因诊断类,fmea_id_to_cause,故障原因查询,,,简单,FMEA编号TP12的失效原因写的什么？,Maintenance; Plastic deformation can occur due to the application of excessive force or improper handling of the structure. [1],Environmental condition; Extreme horizontal oscillatory force,错误,0.0,495.62,语义RAG,0.0,0.0,0,,3,Maintenance; Plastic deformation can occur due to the application of excessive force or improper handling of the structure. [1],,,,,Maintenance; Plastic deformation can occur due to the application of excessive force or improper handling of the structure. [1],,FMEA编号；潜在失效原因/机理,35,
244,244,baseline模型,baseline兼容旧逻辑,故障原因诊断类,fmea_id_to_cause,故障原因查询,,,中等,FMEA编号TP13的潜在失效原因/机理是什么？,"Maintenance; Repairing welding during maintenance can introduce residual stresses, leading to crack initiation [11]",根据上下文，没有找到FMEA编号为TP13的相关信息。因此，无法回答该问题。,错误,0.0,596.03,语义RAG,0.0,0.0,0,,3,"Maintenance; Repairing welding during maintenance can introduce residual stresses, leading to crack initiation [11]",,,,,"Maintenance; Repairing welding during maintenance can introduce residual stresses, leading to crack initiation [11]",,FMEA编号；潜在失效原因/机理,36,
245,245,baseline模型,baseline兼容旧逻辑,故障原因诊断类,fmea_id_to_cause,故障原因查询,,,简单,FMEA编号TP14这条记录，原因是什么？,"Maintenance; The transition piece may be subjected to large forces from lifting and handling equipment during maintenance, which are not considered in design assumptions [11]",失效原因 / FailureCause / cause / reason / 为什么 / 为啥 / 咋来的: Design; Analysis and Calculation fault due to human error [11],错误,0.0,1097.62,语义RAG,0.0,0.0,0,,3,"Maintenance; The transition piece may be subjected to large forces from lifting and handling equipment during maintenance, which are not considered in design assumptions [11]",,11.0,,,"Maintenance; The transition piece may be subjected to large forces from lifting and handling equipment during maintenance, which are not considered in design assumptions [11]",,FMEA编号；潜在失效原因/机理,37,
246,246,baseline模型,baseline兼容旧逻辑,故障原因诊断类,项目失效现象风险指标查原因,项目范围原因查询,,,困难,在“Floating support structure / Floating Support structure / All structures”下，如果失效模式是“Hit by dropped objects”，且S/O/D分别为3.57/2.17/4.14，应追溯到什么原因？,Operation; Biological collision,Operation; Biological collision,正确,1.0,484.28,语义RAG,1.0,1.0,0,1.0,3,,,,,,Operation; Biological collision,,项目/功能；潜在失效模式；严酷度(S)；发生度(O)；可探测度(D)；潜在失效原因/机理,48,
247,247,baseline模型,baseline兼容旧逻辑,故障原因诊断类,项目失效现象风险指标查原因,项目范围原因查询,,,困难,在“Floating support structure / Floating Support structure / All structures”下，如果失效模式是“Structural break”，且S/O/D分别为4.33/1.67/3.5，应追溯到什么原因？,Environmental condition; Design parameter superseded due to climate change [11],Operation and Maintenance; Insufficient structural strength due to ship collision,错误,0.0,540.21,语义RAG,1.0,0.0,0,0.0,3,Environmental condition; Design parameter superseded due to climate change [11],,,,,Environmental condition; Design parameter superseded due to climate change [11],,项目/功能；潜在失效模式；严酷度(S)；发生度(O)；可探测度(D)；潜在失效原因/机理,49,
248,248,baseline模型,baseline兼容旧逻辑,故障原因诊断类,项目失效现象风险指标查原因,项目范围原因查询,,,困难,在“Floating support structure / Floating Support structure / Secondary structure”下，如果失效模式是“Additional Structures Failures”，且S/O/D分别为3.83/2.6/4，应追溯到什么原因？,"Operation; Dynamic umbilical connection/cable fail [1,12]","根据上下文，""Floating support structure / Floating Support structure / Secondary structure""下的最高风险条目并不是“Additional Structures Failures”，而是“Watertight fault [1]”。且提供的S/O/D值（3.83/2.6/4）与该条目不符。因此，在给定的上下文中，没有找到匹配的失效模式和S/O/D值。 根据问题描述，如果要追溯“Additional Structures Failures”的原因，并且S=3.83, O=2.6, D=4，则需要参考其他相关数据或补充信息。但基于当前提供的内容，无法直接回答此问题。",错误,0.0,1445.39,语义RAG,0.3333,0.0,0,0.0,3,"Operation; Dynamic umbilical connection/cable fail [1,12]",,1.0,,,"Operation; Dynamic umbilical connection/cable fail [1,12]",,项目/功能；潜在失效模式；严酷度(S)；发生度(O)；可探测度(D)；潜在失效原因/机理,50,
249,249,baseline模型,baseline兼容旧逻辑,故障原因诊断类,项目失效现象风险指标查原因,项目范围原因查询,,,困难,在“Floating support structure / Floating Support structure / Primary Structure”下，如果失效模式是“Cracks”，且S/O/D分别为4.17/2.83/3.5，应追溯到什么原因？,Installation; Excessive fatigue life consumption due to installation/ transportation [19],安装; Excessive fatigue life consumption due to installation/ transportation [19],错误,0.0,515.1,语义RAG,0.6667,1.0,0,1.0,3,Installation; Excessive fatigue life consumption due to installation/ transportation [19],,19.0,,,Installation; Excessive fatigue life consumption due to installation/ transportation [19],,项目/功能；潜在失效模式；严酷度(S)；发生度(O)；可探测度(D)；潜在失效原因/机理,51,
250,250,baseline模型,baseline兼容旧逻辑,故障原因诊断类,项目失效现象风险指标查原因,项目范围原因查询,,,困难,在“Floating support structure / Floating Support structure / Primary structure & Welding”下，如果失效模式是“Capsize”，且S/O/D分别为4.8/1.8/3.2，应追溯到什么原因？,Environmental condition; Extreme horizontal oscillatory force,环境条件；极端水平振动力。,错误,0.0,420.51,语义RAG,0.3333,1.0,0,1.0,3,Environmental condition; Extreme horizontal oscillatory force,,,,,Environmental condition; Extreme horizontal oscillatory force,,项目/功能；潜在失效模式；严酷度(S)；发生度(O)；可探测度(D)；潜在失效原因/机理,52,
251,251,baseline模型,baseline兼容旧逻辑,故障原因诊断类,项目失效现象风险指标查原因,项目范围原因查询,,,困难,在“Floating support structure / Floating Support structure / Primary structure & Welding”下，如果失效模式是“Cracks”，且S/O/D分别为4.14/2.86/3.57，应追溯到什么原因？,Operation; Fatigue due to continuous vibrations/resonance [11],原因=Operation; Fatigue due to continuous vibrations/resonance [11],正确,1.0,506.14,语义RAG,0.6667,1.0,0,1.0,3,,,11.0,,,Operation; Fatigue due to continuous vibrations/resonance [11],,项目/功能；潜在失效模式；严酷度(S)；发生度(O)；可探测度(D)；潜在失效原因/机理,53,
252,252,baseline模型,baseline兼容旧逻辑,故障原因诊断类,项目失效现象风险指标查原因,项目范围原因查询,,,困难,在“Floating support structure / Floating Support structure / All structures”下，如果失效模式是“Cracks”，且S/O/D分别为3.83/2.5/3.5，应追溯到什么原因？,Design; Fatigue due to underestimation of steel thickness and/or environmental loads,安装;由于安装/运输导致的疲劳寿命过度消耗 [19],错误,0.0,406.36,语义RAG,0.6667,0.0,0,0.0,3,Design; Fatigue due to underestimation of steel thickness and/or environmental loads,,,,,Design; Fatigue due to underestimation of steel thickness and/or environmental loads,,项目/功能；潜在失效模式；严酷度(S)；发生度(O)；可探测度(D)；潜在失效原因/机理,54,
253,253,baseline模型,baseline兼容旧逻辑,故障原因诊断类,项目失效现象风险指标查原因,项目范围原因查询,,,困难,在“Floating support structure / Floating Support structure / Secondary structure”下，如果失效模式是“Additional Structures Failures”，且S/O/D分别为3.86/3/2.71，应追溯到什么原因？,"Operation; Handrails Corrosion [1,12]","根据上下文，""Floating support structure / Floating Support structure / Secondary structure"" 下没有关于 ""Additional Structures Failures"" 的失效模式记录。因此无法追溯到具体的原因。 但在 ""Secondary structure & Welding"" 下面有最高风险条目： FMEA编号=None; 失效模式=Watertight fault [1]; RPN=36; S=3.6; O=2.33; D=3.6; 原因=Manufacturing and Installation; Ventilation heads/Manholes failure due to Manufacturing defect/Welding defect; 这与问题中提到的S/O/D值不完全匹配，但最接近的是 ""Watertight fault [1]"" 的失效模式。其原因可能是由于制造缺陷或焊接缺陷导致通风口/人孔故障。 因此，如果要追溯到类似的问题，可能的原因是： 原因=Manufacturing and Installation; Ventilation heads/Manholes failure due to Manufacturing defect/Welding defect;",错误,0.0,2030.73,语义RAG,0.3333,0.0,0,0.0,3,"Operation; Handrails Corrosion [1,12]",,1.0；1.0,,,"Operation; Handrails Corrosion [1,12]",,项目/功能；潜在失效模式；严酷度(S)；发生度(O)；可探测度(D)；潜在失效原因/机理,55,
254,254,baseline模型,baseline兼容旧逻辑,故障原因诊断类,项目失效现象风险指标查原因,项目范围原因查询,,,困难,在“Floating support structure / Floating Support structure / Secondary structure”下，如果失效模式是“Additional Structures Failures”，且S/O/D分别为4.17/1.83/2.83，应追溯到什么原因？,"Operation; Helicopter assistance equipment fail [1,12]","根据上下文，""Floating support structure / Floating Support structure / Secondary structure"" 下没有直接涉及 ""Additional Structures Failures"" 的失效模式。最接近的是在第二个片段中提到的 ""Cracks [11]""，但其 S/O/D 不匹配题目中的数值。 因此，按照提供的信息，无法追溯到“Secondary structure”下 “Additional Structures Failures”的原因。根据现有数据，没有找到符合条件的信息。",错误,0.0,1047.73,语义RAG,0.0,0.0,0,0.0,3,"Operation; Helicopter assistance equipment fail [1,12]",,,,,"Operation; Helicopter assistance equipment fail [1,12]",,项目/功能；潜在失效模式；严酷度(S)；发生度(O)；可探测度(D)；潜在失效原因/机理,56,
255,255,baseline模型,baseline兼容旧逻辑,故障原因诊断类,项目失效现象风险指标查原因,项目范围原因查询,,,困难,在“Floating support structure / Floating Support structure / Secondary structure”下，如果失效模式是“Watertight fault”，且S/O/D分别为3.83/2.83/3.33，应追溯到什么原因？,Maintenance; Inefficient detection [1],原因=Manufacturing and Installation; Ventilation heads/Manholes failure due to Manufacturing defect/Welding defect;,错误,0.0,1026.03,语义RAG,0.6667,0.0,0,0.0,3,Maintenance; Inefficient detection [1],,,,,Maintenance; Inefficient detection [1],,项目/功能；潜在失效模式；严酷度(S)；发生度(O)；可探测度(D)；潜在失效原因/机理,57,
256,256,baseline模型,baseline兼容旧逻辑,故障原因诊断类,项目失效现象风险指标查原因,项目范围原因查询,,,困难,在“Floating support structure / Floating Support structure / Secondary structure”下，如果失效模式是“Floater unit sinkage”，且S/O/D分别为4.83/1.83/3.4，应追溯到什么原因？,Design; Insufficient structural strength and cracks on the floater resulting in water ingress to the support structure,Design; Insufficient structural strength and cracks on the floater resulting in water ingress to the support structure,正确,1.0,626.16,语义RAG,1.0,1.0,0,1.0,3,,,,,,Design; Insufficient structural strength and cracks on the floater resulting in water ingress to the support structure,,项目/功能；潜在失效模式；严酷度(S)；发生度(O)；可探测度(D)；潜在失效原因/机理,58,
257,257,baseline模型,baseline兼容旧逻辑,故障原因诊断类,项目失效现象风险指标查原因,项目范围原因查询,,,困难,在“Floating support structure / Floating Support structure / All structures”下，如果失效模式是“Structural plastic deformation”，且S/O/D分别为4.43/2/3，应追溯到什么原因？,Operation and Maintenance; Insufficient structural strength due to ship collision,Operation and Maintenance; Insufficient structural strength due to ship collision,正确,1.0,553.03,语义RAG,1.0,1.0,0,1.0,3,,,,,,Operation and Maintenance; Insufficient structural strength due to ship collision,,项目/功能；潜在失效模式；严酷度(S)；发生度(O)；可探测度(D)；潜在失效原因/机理,59,
258,258,baseline模型,baseline兼容旧逻辑,故障原因诊断类,项目失效现象风险指标查原因,项目范围原因查询,,,困难,在“Floating support structure / Floating Support structure / Secondary structure”下，如果失效模式是“Watertight fault”，且S/O/D分别为4.5/2.33/3，应追溯到什么原因？,Maintenance; Insufficient structural strength due to ship collision [11],Maintenance; Insufficient structural strength due to ship collision [11],正确,1.0,928.81,语义RAG,0.6667,1.0,0,1.0,3,,,11.0,,,Maintenance; Insufficient structural strength due to ship collision [11],,项目/功能；潜在失效模式；严酷度(S)；发生度(O)；可探测度(D)；潜在失效原因/机理,60,
259,259,baseline模型,baseline兼容旧逻辑,故障原因诊断类,项目失效现象风险指标查原因,项目范围原因查询,,,困难,在“Floating support structure / Floating Support structure / Secondary structure”下，如果失效模式是“Additional Structures Failures”，且S/O/D分别为3.86/2.71/2.57，应追溯到什么原因？,"Operation; Ladders Corrosion [1,12]","根据上下文，""Floating support structure / Floating Support structure / Secondary structure & Welding"" 下没有包含失效模式为 ""Additional Structures Failures"" 的记录。因此无法追溯到具体的原因。 答案：不知道。",错误,0.0,821.81,语义RAG,0.3333,0.0,0,0.0,3,"Operation; Ladders Corrosion [1,12]",,,,,"Operation; Ladders Corrosion [1,12]",,项目/功能；潜在失效模式；严酷度(S)；发生度(O)；可探测度(D)；潜在失效原因/机理,61,
260,260,baseline模型,baseline兼容旧逻辑,故障原因诊断类,项目失效现象风险指标查原因,项目范围原因查询,,,困难,在“Floating support structure / Floating Support structure / All structures”下，如果失效模式是“Watertight fault”，且S/O/D分别为4/2.2/3.25，应追溯到什么原因？,"Environmental condition; Marine growth under water can add additional weight and stress for the material, which can lead to cracks in the outer hull",Environmental condition / Extreme horizontal oscillatory force,错误,0.0,912.85,语义RAG,0.3333,0.0,0,0.0,3,"Environmental condition; Marine growth under water can add additional weight and stress for the material, which can lead to cracks in the outer hull",,,,,"Environmental condition; Marine growth under water can add additional weight and stress for the material, which can lead to cracks in the outer hull",,项目/功能；潜在失效模式；严酷度(S)；发生度(O)；可探测度(D)；潜在失效原因/机理,62,
261,261,baseline模型,baseline兼容旧逻辑,故障原因诊断类,项目失效现象风险指标查原因,项目范围原因查询,,,困难,在“Floating support structure / Floating Support structure / Secondary structure”下，如果失效模式是“Additional Structures Failures”，且S/O/D分别为4/3/2，应追溯到什么原因？,"Operation; Navigation and work lights fail [1,12]",根据上下文，虽然没有直接提到“Additional Structures Failures”这一失效模式，但可以参考类似情况。在“Floating support structure / Floating Support structure / Secondary structure”下，如果失效模式是“Floater unit sinkage”，其S/O/D分别为4.83/1.83/3.4，失效原因如下： 失效原因 / FailureCause / cause / reason / 为什么 / 为啥 / 咋来的: Design; Insufficient structural strength and cracks on the floater resulting in water ingress to the support structure 因此，如果假设“Additional Structures Failures”的S/O/D分别为4/3/2，则其可能的原因可能是： 失效原因 / FailureCause / cause / reason / 为什么 / 为啥 / 咋来的: Design; Insufficient structural strength and cracks on the additional structures resulting in water ingress to the support structure,错误,0.0,1972.01,语义RAG,0.3333,0.0,0,0.0,3,"Operation; Navigation and work lights fail [1,12]",,,,,"Operation; Navigation and work lights fail [1,12]",,项目/功能；潜在失效模式；严酷度(S)；发生度(O)；可探测度(D)；潜在失效原因/机理,63,
262,262,baseline模型,baseline兼容旧逻辑,故障原因诊断类,项目失效现象风险指标查原因,项目范围原因查询,,,困难,在“Floating support structure / Floating Support structure / All structures”下，如果失效模式是“Hit by dropped objects”，且S/O/D分别为4.83/1.17/4.67，应追溯到什么原因？,Operation; Plane crush,Operation; Plane crush,正确,1.0,502.24,语义RAG,1.0,1.0,0,1.0,3,,,,,,Operation; Plane crush,,项目/功能；潜在失效模式；严酷度(S)；发生度(O)；可探测度(D)；潜在失效原因/机理,64,
263,263,baseline模型,baseline兼容旧逻辑,故障原因诊断类,项目失效现象风险指标查原因,项目范围原因查询,,,困难,在“Floating support structure / Floating Support structure / Secondary structure”下，如果失效模式是“Additional Structures Failures”，且S/O/D分别为2/3/3，应追溯到什么原因？,"Operation; Sensors for platform monitoring fail [1,12]","根据上下文，""Floating support structure / Floating Support structure / Secondary structure"" 下没有关于 ""Additional Structures Failures"" 的失效模式记录。因此无法直接回答该问题。 但是，如果需要参考相近的失效模式进行推测，可以查看其他相关条目。例如，在第二个片段中有一个与结构相关的失效模式： FMEA编号 / FmeaID / record id / 编号: 项目/功能 / ProcessStep / where it happens / 哪一块 / 哪个地方: Floating support structure / Floating Support structure / Secondary structure 失效模式 / FailureMode / problem / issue / 毛病 / 啥问题 / 什么坏: Floater unit sinkage 风险优先数 / RPN / risk score / 风险数 / 危险分 / 分数: 26.86 严重度 / S / severity: 4.83 发生度 / O / occurrence: 1.83 可探测度 / D / detection / 能查出来的分: 3.4 失效原因 / FailureCause / cause / reason / 为什么 / 为啥 / 咋来的: Design; Insufficient structural strength and cracks on the floater resulting in water ingress to the support structure 因此，如果要推测 ""Additional Structures Failures"" 的失效原因，并且 S/O/D 分别为2/3/3，则可能的原因是： 设计缺陷；附加结构强度不足和裂缝导致水进入支撑结构。",错误,0.0,3040.15,语义RAG,0.6667,0.0,0,0.0,3,"Operation; Sensors for platform monitoring fail [1,12]",,,,,"Operation; Sensors for platform monitoring fail [1,12]",,项目/功能；潜在失效模式；严酷度(S)；发生度(O)；可探测度(D)；潜在失效原因/机理,65,
264,264,baseline模型,baseline兼容旧逻辑,故障原因诊断类,项目失效现象风险指标查原因,项目范围原因查询,,,困难,在“Floating support structure / Floating Support structure / Secondary structure”下，如果失效模式是“Structural break”，且S/O/D分别为4/2.6/3.25，应追溯到什么原因？,Operation and Maintenance; Structural component degradation due to corrosion [12],Operation; Structure brittle fracture due to extreme environmental temperature,错误,0.0,477.31,语义RAG,0.6667,0.0,0,0.0,3,Operation and Maintenance; Structural component degradation due to corrosion [12],,,,,Operation and Maintenance; Structural component degradation due to corrosion [12],,项目/功能；潜在失效模式；严酷度(S)；发生度(O)；可探测度(D)；潜在失效原因/机理,66,
265,265,baseline模型,baseline兼容旧逻辑,故障原因诊断类,项目失效现象风险指标查原因,项目范围原因查询,,,困难,在“Floating support structure / Floating Support structure / All structures”下，如果失效模式是“Structural break”，且S/O/D分别为4.17/2.67/3.2，应追溯到什么原因？,Operation and Maintenance; Structural degradation due to corrosion [11],Operation and Maintenance; Insufficient structural strength due to ship collision,错误,0.0,397.61,语义RAG,0.6667,0.0,0,0.0,3,Operation and Maintenance; Structural degradation due to corrosion [11],,,,,Operation and Maintenance; Structural degradation due to corrosion [11],,项目/功能；潜在失效模式；严酷度(S)；发生度(O)；可探测度(D)；潜在失效原因/机理,67,
266,266,baseline模型,baseline兼容旧逻辑,故障原因诊断类,项目失效现象风险指标查原因,项目范围原因查询,,,困难,在“Floating support structure / Floating Support structure / Primary structure & Welding”下，如果失效模式是“Structural break”，且S/O/D分别为4.67/1.33/3.6，应追溯到什么原因？,Operation; Structure brittle fracture due to extreme environmental temperature,Operation; Structure brittle fracture due to extreme environmental temperature,正确,1.0,500.09,语义RAG,0.6667,1.0,0,1.0,3,,,,,,Operation; Structure brittle fracture due to extreme environmental temperature,,项目/功能；潜在失效模式；严酷度(S)；发生度(O)；可探测度(D)；潜在失效原因/机理,68,
267,267,baseline模型,baseline兼容旧逻辑,故障原因诊断类,项目失效现象风险指标查原因,项目范围原因查询,,,困难,在“Floating support structure / Floating Support structure / All structures”下，如果失效模式是“Floater unit sinkage”，且S/O/D分别为5/1.33/2.6，应追溯到什么原因？,Operation; Structures break/collapse due to collision with other FWT,Operation; Structures break/collapse due to collision with other FWT,正确,1.0,612.66,语义RAG,1.0,1.0,0,1.0,3,,,,,,Operation; Structures break/collapse due to collision with other FWT,,项目/功能；潜在失效模式；严酷度(S)；发生度(O)；可探测度(D)；潜在失效原因/机理,69,
268,268,baseline模型,baseline兼容旧逻辑,故障原因诊断类,项目失效现象风险指标查原因,项目范围原因查询,,,困难,在“Floating support structure / Floating Support structure / All structures”下，如果失效模式是“Hit by dropped objects”，且S/O/D分别为4.83/1.67/3.17，应追溯到什么原因？,Environmental condition; Typhoon can cause failure of the floating unit if it gets hit by dropping objects. (eg. damaged blade)(strong wind/wave),环境条件；台风可能会导致浮动单元被掉落物体击中而失效（例如：损坏的叶片）(强风/巨浪)。,错误,0.0,707.71,语义RAG,1.0,1.0,0,1.0,3,Environmental condition; Typhoon can cause failure of the floating unit if it gets hit by dropping objects. (eg. damaged blade)(strong wind/wave),,,,,Environmental condition; Typhoon can cause failure of the floating unit if it gets hit by dropping objects. (eg. damaged blade)(strong wind/wave),,项目/功能；潜在失效模式；严酷度(S)；发生度(O)；可探测度(D)；潜在失效原因/机理,70,
269,269,baseline模型,baseline兼容旧逻辑,故障原因诊断类,项目失效现象风险指标查原因,项目范围原因查询,,,困难,在“Floating support structure / Floating Support structure / All structures”下，如果失效模式是“Structural break”，且S/O/D分别为4.67/2.33/3，应追溯到什么原因？,Design; Underdesigned structure/Component due to insufficient environmental data,Operation and Maintenance; Insufficient structural strength due to ship collision,错误,0.0,512.04,语义RAG,1.0,0.0,0,0.0,3,Design; Underdesigned structure/Component due to insufficient environmental data,,,,,Design; Underdesigned structure/Component due to insufficient environmental data,,项目/功能；潜在失效模式；严酷度(S)；发生度(O)；可探测度(D)；潜在失效原因/机理,71,
270,270,baseline模型,baseline兼容旧逻辑,故障原因诊断类,项目失效现象风险指标查原因,项目范围原因查询,,,困难,在“Floating support structure / Floating Support structure / All structures & Welding”下，如果失效模式是“Structural break”，且S/O/D分别为4.5/2.33/3.6，应追溯到什么原因？,Maintenance; Undetected defects due to poor quality control,原因=Maintenance; Undetected defects due to poor quality control,正确,1.0,356.26,语义RAG,0.6667,1.0,0,1.0,3,,,,,,Maintenance; Undetected defects due to poor quality control,,项目/功能；潜在失效模式；严酷度(S)；发生度(O)；可探测度(D)；潜在失效原因/机理,72,
271,271,baseline模型,baseline兼容旧逻辑,故障原因诊断类,项目失效现象风险指标查原因,项目范围原因查询,,,困难,在“Floating support structure / Floating Support structure / Secondary structure & Welding”下，如果失效模式是“Watertight fault”，且S/O/D分别为3.6/2.33/3.6，应追溯到什么原因？,Manufacturing and Installation; Ventilation heads/Manholes failure due to Manufacturing defect/Welding defect,Manufacturing and Installation,错误,0.0,845.46,语义RAG,1.0,1.0,0,1.0,3,Manufacturing and Installation; Ventilation heads/Manholes failure due to Manufacturing defect/Welding defect,,,,,Manufacturing and Installation; Ventilation heads/Manholes failure due to Manufacturing defect/Welding defect,,项目/功能；潜在失效模式；严酷度(S)；发生度(O)；可探测度(D)；潜在失效原因/机理,73,
272,272,baseline模型,baseline兼容旧逻辑,故障原因诊断类,项目失效现象风险指标查原因,项目范围原因查询,,,困难,在“Floating support structure / Floating Support structure / Welding”下，如果失效模式是“Cracks”，且S/O/D分别为3.6/3/3.2，应追溯到什么原因？,Manufacturing; Welding failure,原因=Manufacturing; Welding failure,正确,1.0,497.98,语义RAG,0.6667,1.0,0,1.0,3,,,,,,Manufacturing; Welding failure,,项目/功能；潜在失效模式；严酷度(S)；发生度(O)；可探测度(D)；潜在失效原因/机理,74,
273,273,baseline模型,baseline兼容旧逻辑,故障原因诊断类,项目失效现象风险指标查原因,项目范围原因查询,,,困难,在“Station keeping / Anchor”下，如果失效模式是“Anchor failure”，且S/O/D分别为4.2/2.2/3.8，应追溯到什么原因？,Operation; Abnormal working conditions,Operation; Cyclic degradation,错误,0.0,508.37,语义RAG,0.6667,1.0,0,1.0,3,Operation; Abnormal working conditions,,,,,Operation; Abnormal working conditions,,项目/功能；潜在失效模式；严酷度(S)；发生度(O)；可探测度(D)；潜在失效原因/机理,75,
274,274,baseline模型,baseline兼容旧逻辑,故障原因诊断类,项目失效现象风险指标查原因,项目范围原因查询,,,困难,在“Station keeping / Mooring Lines / Buoyancy element”下，如果失效模式是“Failure in buoyancy element”，且S/O/D分别为3/3/3.25，应追溯到什么原因？,Operation,Operation,正确,1.0,391.22,语义RAG,0.6667,1.0,0,1.0,3,,,,,,Operation,,项目/功能；潜在失效模式；严酷度(S)；发生度(O)；可探测度(D)；潜在失效原因/机理,77,
275,275,baseline模型,baseline兼容旧逻辑,故障原因诊断类,项目失效现象风险指标查原因,项目范围原因查询,,,困难,在“Station keeping / Mooring Lines / Clump weight”下，如果失效模式是“Failure in clump weight”，且S/O/D分别为3/2.75/3.5，应追溯到什么原因？,Operation,Operation,正确,1.0,426.91,语义RAG,0.6667,1.0,0,1.0,3,,,,,,Operation,,项目/功能；潜在失效模式；严酷度(S)；发生度(O)；可探测度(D)；潜在失效原因/机理,78,
276,276,baseline模型,baseline兼容旧逻辑,故障原因诊断类,项目失效现象风险指标查原因,项目范围原因查询,,,困难,在“Station keeping / Fairlead”下，如果失效模式是“Fairlead failure”，且S/O/D分别为3.8/2.8/3，应追溯到什么原因？,Operation; Fairlead fatigue,Operation; Fairlead corrosion Operation; Fairlead fatigue,正确,1.0,927.32,语义RAG,0.3333,1.0,0,1.0,3,,,,,,Operation; Fairlead fatigue,,项目/功能；潜在失效模式；严酷度(S)；发生度(O)；可探测度(D)；潜在失效原因/机理,79,
277,277,baseline模型,baseline兼容旧逻辑,故障原因诊断类,项目失效现象风险指标查原因,项目范围原因查询,,,困难,在“Station keeping / Monitoring System”下，如果失效模式是“Monitoring system fails”，且S/O/D分别为2.6/3.2/2，应追溯到什么原因？,Operation,原因=Operation;,正确,1.0,459.9,语义RAG,0.3333,1.0,0,1.0,3,,,,,,Operation,,项目/功能；潜在失效模式；严酷度(S)；发生度(O)；可探测度(D)；潜在失效原因/机理,81,
278,278,baseline模型,baseline兼容旧逻辑,故障原因诊断类,项目失效现象风险指标查原因,项目范围原因查询,,,困难,在“Station keeping / Mooring Lines / Mooring lines”下，如果失效模式是“Mooring line breakage”，且S/O/D分别为4/2.4/3.2，应追溯到什么原因？,Manufacturing; Poor splice quality/ workmanship/qualification,环境条件;异常载荷引起的系泊线磨损导致的张力超过极限值会导致系泊线瞬间断裂。,错误,0.0,721.78,语义RAG,0.6667,0.0,0,0.0,3,Manufacturing; Poor splice quality/ workmanship/qualification,,,,,Manufacturing; Poor splice quality/ workmanship/qualification,,项目/功能；潜在失效模式；严酷度(S)；发生度(O)；可探测度(D)；潜在失效原因/机理,82,
279,279,baseline模型,baseline兼容旧逻辑,故障原因诊断类,项目失效现象风险指标查原因,项目范围原因查询,,,困难,在“Station keeping / Mooring Lines / Mooring lines”下，如果失效模式是“Mooring line breakage”，且S/O/D分别为4/2/2.6，应追溯到什么原因？,Environmental condition; Abnormal stress due to mooring lines wear caused by unexpected seismic loads/ The tension overpassing the limit value can cause the mooring line to instantaneously break [18],环境条件；系泊线因意外地震载荷引起的磨损导致的异常应力；超过极限张力会导致系泊线瞬间断裂。,错误,0.0,590.05,语义RAG,0.6667,1.0,0,1.0,3,Environmental condition; Abnormal stress due to mooring lines wear caused by unexpected seismic loads/ The tension overpassing the limit value can cause the mooring line to instantaneously break [18],,,,,Environmental condition; Abnormal stress due to mooring lines wear caused by unexpected seismic loads/ The tension overpassing the limit value can cause the mooring line to instantaneously break [18],,项目/功能；潜在失效模式；严酷度(S)；发生度(O)；可探测度(D)；潜在失效原因/机理,83,
280,280,baseline模型,baseline兼容旧逻辑,故障原因诊断类,项目失效现象风险指标查原因,项目范围原因查询,,,困难,在“Station keeping / Mooring Lines / Mooring lines”下，如果失效模式是“Mooring line breakage”，且S/O/D分别为4/2/3，应追溯到什么原因？,Environmental condition; Mooring lines wear caused by unexpected external damage (from e.g. overtrawling)/particulate ingress/UV light,环境条件；系泊线因意外 seismic 负荷导致的磨损引起的异常应力；系泊线超过限值的张力可导致系泊线瞬间断裂。,错误,0.0,587.37,语义RAG,0.6667,1.0,0,1.0,3,Environmental condition; Mooring lines wear caused by unexpected external damage (from e.g. overtrawling)/particulate ingress/UV light,,,,,Environmental condition; Mooring lines wear caused by unexpected external damage (from e.g. overtrawling)/particulate ingress/UV light,,项目/功能；潜在失效模式；严酷度(S)；发生度(O)；可探测度(D)；潜在失效原因/机理,84,
281,281,baseline模型,baseline兼容旧逻辑,故障原因诊断类,项目失效现象风险指标查原因,项目范围原因查询,,,困难,在“Station keeping / Mooring Lines / Mooring lines”下，如果失效模式是“Mooring Line Corrosion”，且S/O/D分别为3.6/2.8/3，应追溯到什么原因？,Maintenance; Mooring lines corrosion due to improper maintenance of the corroded components,Manufacturing; Mooring lines corrosion due to improper maintenance of the corroded components,错误,0.0,621.33,语义RAG,0.3333,1.0,0,1.0,3,Maintenance; Mooring lines corrosion due to improper maintenance of the corroded components,,,,,Maintenance; Mooring lines corrosion due to improper maintenance of the corroded components,,项目/功能；潜在失效模式；严酷度(S)；发生度(O)；可探测度(D)；潜在失效原因/机理,85,
282,282,baseline模型,baseline兼容旧逻辑,故障原因诊断类,项目失效现象风险指标查原因,项目范围原因查询,,,困难,在“Station keeping / Mooring Lines / Mooring lines”下，如果失效模式是“Mooring Line Fatigue”，且S/O/D分别为3.6/2.8/3，应追溯到什么原因？,"Maintenance; Mooring line fatigue due to Lack of proper maintenance, including inspection, monitoring, and replacement of the mooring lines.","Maintenance; Mooring line fatigue due to Lack of proper maintenance, including inspection, monitoring, and replacement of the mooring lines.",正确,1.0,493.04,语义RAG,0.6667,1.0,0,1.0,3,,,,,,"Maintenance; Mooring line fatigue due to Lack of proper maintenance, including inspection, monitoring, and replacement of the mooring lines.",,项目/功能；潜在失效模式；严酷度(S)；发生度(O)；可探测度(D)；潜在失效原因/机理,86,
283,283,baseline模型,baseline兼容旧逻辑,故障原因诊断类,项目失效现象风险指标查原因,项目范围原因查询,,,困难,在“Station keeping / Mooring Lines / Mooring lines”下，如果失效模式是“Mooring Line Fatigue”，且S/O/D分别为3.6/3/3，应追溯到什么原因？,"Operation; Mooring line fatigue due to Improper operational procedures, such as excessive loading, bending or twisting.","原因=Maintenance; Mooring line fatigue due to Lack of proper maintenance, including inspection, monitoring, and replacement of the mooring lines.",错误,0.0,493.96,语义RAG,0.6667,1.0,0,1.0,3,"Operation; Mooring line fatigue due to Improper operational procedures, such as excessive loading, bending or twisting.",,,,,"Operation; Mooring line fatigue due to Improper operational procedures, such as excessive loading, bending or twisting.",,项目/功能；潜在失效模式；严酷度(S)；发生度(O)；可探测度(D)；潜在失效原因/机理,87,
284,284,baseline模型,baseline兼容旧逻辑,故障原因诊断类,项目失效现象风险指标查原因,项目范围原因查询,,,困难,在“Station keeping / Mooring Lines / Mooring lines”下，如果失效模式是“Mooring line wear”，且S/O/D分别为3.6/2.8/3.6，应追溯到什么原因？,Manufacturing; Mooring lines wear due to poor quality during fabrication,"Operation; Mooring lines wear due to Improper handling, such as excessive tension, bending, or twisting of the mooring lines.",错误,0.0,573.94,语义RAG,1.0,1.0,0,1.0,3,Manufacturing; Mooring lines wear due to poor quality during fabrication,,,,,Manufacturing; Mooring lines wear due to poor quality during fabrication,,项目/功能；潜在失效模式；严酷度(S)；发生度(O)；可探测度(D)；潜在失效原因/机理,88,
285,285,baseline模型,baseline兼容旧逻辑,故障原因诊断类,项目失效现象风险指标查原因,项目范围原因查询,,,困难,在“Station keeping / Mooring Lines / Mooring lines”下，如果失效模式是“Mooring line wear”，且S/O/D分别为3.6/2/3.6，应追溯到什么原因？,Design; Mooring lines wear due to underestimation of seisemic events during design or due to rope compression not considered,"Operation; Mooring lines wear due to Improper handling, such as excessive tension, bending, or twisting of the mooring lines.",错误,0.0,474.54,语义RAG,1.0,0.0,0,0.0,3,Design; Mooring lines wear due to underestimation of seisemic events during design or due to rope compression not considered,,,,,Design; Mooring lines wear due to underestimation of seisemic events during design or due to rope compression not considered,,项目/功能；潜在失效模式；严酷度(S)；发生度(O)；可探测度(D)；潜在失效原因/机理,89,
286,286,baseline模型,baseline兼容旧逻辑,故障原因诊断类,项目失效现象风险指标查原因,项目范围原因查询,,,困难,在“Station keeping / Mooring Lines / Mooring lines”下，如果失效模式是“Mooring line wear”，且S/O/D分别为3.6/2.4/3.6，应追溯到什么原因？,"Operation; Mooring lines wear due to Improper handling, such as excessive tension, bending, or twisting of the mooring lines.","Operation; Mooring lines wear due to Improper handling, such as excessive tension, bending, or twisting of the mooring lines.",正确,1.0,523.44,语义RAG,1.0,1.0,0,1.0,3,,,,,,"Operation; Mooring lines wear due to Improper handling, such as excessive tension, bending, or twisting of the mooring lines.",,项目/功能；潜在失效模式；严酷度(S)；发生度(O)；可探测度(D)；潜在失效原因/机理,90,
287,287,baseline模型,baseline兼容旧逻辑,故障原因诊断类,项目失效现象风险指标查原因,项目范围原因查询,,,困难,在“Station keeping / Mooring lines / Mooring lines”下，如果失效模式是“Mooring lines broken”，且S/O/D分别为4/2.4/2.6，应追溯到什么原因？,Operation; Transitional chain wear due to repeated loading and unloading cycles over time,失效原因 / FailureCause / cause / reason / 为啥来的是：Operation; Transitional chain wear due to repeated loading and unloading cycles over time。,正确,1.0,825.92,语义RAG,0.3333,1.0,0,1.0,3,,,,,,Operation; Transitional chain wear due to repeated loading and unloading cycles over time,,项目/功能；潜在失效模式；严酷度(S)；发生度(O)；可探测度(D)；潜在失效原因/机理,91,
288,288,baseline模型,baseline兼容旧逻辑,故障原因诊断类,项目失效现象风险指标查原因,项目范围原因查询,,,困难,在“Station keeping / Mooring lines / Mooring lines”下，如果失效模式是“Mooring lines broken”，且S/O/D分别为4/2/2.6，应追溯到什么原因？,Maintenance; Transitional chain wear due to improper inspection and maintenance,环境条件;异常应力导致系泊线磨损引起的超负荷张力可导致系泊线瞬间断裂 [18],错误,0.0,681.34,语义RAG,0.3333,1.0,0,1.0,3,Maintenance; Transitional chain wear due to improper inspection and maintenance,,,,,Maintenance; Transitional chain wear due to improper inspection and maintenance,,项目/功能；潜在失效模式；严酷度(S)；发生度(O)；可探测度(D)；潜在失效原因/机理,92,
289,289,baseline模型,baseline兼容旧逻辑,故障原因诊断类,项目失效现象风险指标查原因,项目范围原因查询,,,困难,在“Station keeping / Mooring lines / Mooring lines”下，如果失效模式是“Mooring lines broken”，且S/O/D分别为4/2.2/2.6，应追溯到什么原因？,"Operation; Friction chain wear due to significant movement and tension due to the forces of wind, waves",环境条件；异常应力导致系泊线磨损引起的超载应力瞬间断裂 [18],错误,0.0,615.68,语义RAG,0.3333,1.0,0,1.0,3,"Operation; Friction chain wear due to significant movement and tension due to the forces of wind, waves",,,,,"Operation; Friction chain wear due to significant movement and tension due to the forces of wind, waves",,项目/功能；潜在失效模式；严酷度(S)；发生度(O)；可探测度(D)；潜在失效原因/机理,93,
290,290,baseline模型,baseline兼容旧逻辑,故障原因诊断类,项目失效现象风险指标查原因,项目范围原因查询,,,困难,在“Station keeping / Mooring lines / Mooring lines”下，如果失效模式是“Mooring lines broken”，且S/O/D分别为4/2.2/3，应追溯到什么原因？,Operation; Mooring line wear due to hysteretic heating or wet-dry cycling,Operation; Mooring line wear due to hysteretic heating or wet-dry cycling,正确,1.0,680.06,语义RAG,0.3333,1.0,0,1.0,3,,,,,,Operation; Mooring line wear due to hysteretic heating or wet-dry cycling,,项目/功能；潜在失效模式；严酷度(S)；发生度(O)；可探测度(D)；潜在失效原因/机理,94,
291,291,baseline模型,baseline兼容旧逻辑,故障原因诊断类,项目失效现象风险指标查原因,项目范围原因查询,,,困难,在“Station keeping / Mooring lines / Mooring winch”下，如果失效模式是“Mooring winch failure”，且S/O/D分别为4/2/2.8，应追溯到什么原因？,Design; Mooring winch failure due to understimation of loads during design phase,Design; Mooring winch failure due to understimation of loads during design phase,正确,1.0,609.41,语义RAG,1.0,1.0,0,1.0,3,,,,,,Design; Mooring winch failure due to understimation of loads during design phase,,项目/功能；潜在失效模式；严酷度(S)；发生度(O)；可探测度(D)；潜在失效原因/机理,95,
292,292,baseline模型,baseline兼容旧逻辑,故障原因诊断类,项目失效现象风险指标查原因,项目范围原因查询,,,困难,在“Station keeping / Mooring lines / Mooring winch”下，如果失效模式是“Mooring winch failure”，且S/O/D分别为4/2/3.2，应追溯到什么原因？,Maintenance; Mooring winch failure due to undetected hazard during operation,维护；锚机在操作过程中未检测到的危害导致锚机故障。,错误,0.0,404.23,语义RAG,1.0,1.0,0,1.0,3,Maintenance; Mooring winch failure due to undetected hazard during operation,,,,,Maintenance; Mooring winch failure due to undetected hazard during operation,,项目/功能；潜在失效模式；严酷度(S)；发生度(O)；可探测度(D)；潜在失效原因/机理,96,
293,293,baseline模型,baseline兼容旧逻辑,故障原因诊断类,项目失效现象风险指标查原因,项目范围原因查询,,,困难,在“Dynamic cable / Dynamic Cable / Dynamic Cable”下，如果失效模式是“accelerated mechanical fatigue”，且S/O/D分别为4.2/2.2/3.75，应追溯到什么原因？,Design Phase; Underestimation of dynamic conditions - Unexpected contingency scenario ( loss of mooring line ) - unexpected dynamic loads,Design Phase; Underestimation of dynamic conditions - Unexpected contingency scenario ( loss of mooring line ) - unexpected dynamic loads,正确,1.0,709.32,语义RAG,1.0,1.0,0,1.0,3,,,,,,Design Phase; Underestimation of dynamic conditions - Unexpected contingency scenario ( loss of mooring line ) - unexpected dynamic loads,,项目/功能；潜在失效模式；严酷度(S)；发生度(O)；可探测度(D)；潜在失效原因/机理,97,
294,294,baseline模型,baseline兼容旧逻辑,故障原因诊断类,项目失效现象风险指标查原因,项目范围原因查询,,,困难,在“Dynamic cable / Dynamic Cable / Dynamic Cable”下，如果失效模式是“anchoring damages”，且S/O/D分别为4.2/1.6/2.4，应追溯到什么原因？,Environmental conditions; Anchor impacts - seabed movement,环境条件;锚影响 - 海床运动,错误,0.0,533.75,语义RAG,1.0,1.0,0,1.0,3,Environmental conditions; Anchor impacts - seabed movement,,,,,Environmental conditions; Anchor impacts - seabed movement,,项目/功能；潜在失效模式；严酷度(S)；发生度(O)；可探测度(D)；潜在失效原因/机理,98,
295,295,baseline模型,baseline兼容旧逻辑,故障原因诊断类,项目失效现象风险指标查原因,项目范围原因查询,,,困难,在“Dynamic cable / Dynamic Cable / Dynamic Cable”下，如果失效模式是“Cable Damage”，且S/O/D分别为2.67/3/3，应追溯到什么原因？,"Operation; Mechanical stress - cable motion,Bending and motion","原因=Operation; Mechanical stress - cable motion,Bending and motion;",正确,1.0,621.16,语义RAG,0.3333,1.0,0,1.0,3,,,,,,"Operation; Mechanical stress - cable motion,Bending and motion",,项目/功能；潜在失效模式；严酷度(S)；发生度(O)；可探测度(D)；潜在失效原因/机理,99,
296,296,baseline模型,baseline兼容旧逻辑,故障原因诊断类,项目失效现象风险指标查原因,项目范围原因查询,,,困难,在“Dynamic cable / Dynamic Cable / J-tube”下，如果失效模式是“Corrosion of J-tube”，且S/O/D分别为2.8/2.8/3.2，应追溯到什么原因？,"Installation phase; Seawater exposure, environmental conditions due to failure of corrosion protection anodes",安装阶段;海水暴露，由于防腐阳极失效导致的环境条件不佳,错误,0.0,587.77,语义RAG,1.0,1.0,0,1.0,3,"Installation phase; Seawater exposure, environmental conditions due to failure of corrosion protection anodes",,,,,"Installation phase; Seawater exposure, environmental conditions due to failure of corrosion protection anodes",,项目/功能；潜在失效模式；严酷度(S)；发生度(O)；可探测度(D)；潜在失效原因/机理,100,
297,297,baseline模型,baseline兼容旧逻辑,故障原因诊断类,项目失效现象风险指标查原因,项目范围原因查询,,,困难,在“Dynamic cable / Dynamic Cable / J-tube”下，如果失效模式是“Corrosion of J-tube”，且S/O/D分别为3.2/2/3.4，应追溯到什么原因？,"Design Phase; Seawater exposure, environmental conditions due to insufficient coating","Seawater exposure, environmental conditions due to insufficient coating",错误,0.0,369.98,语义RAG,1.0,1.0,0,1.0,3,"Design Phase; Seawater exposure, environmental conditions due to insufficient coating",,,,,"Design Phase; Seawater exposure, environmental conditions due to insufficient coating",,项目/功能；潜在失效模式；严酷度(S)；发生度(O)；可探测度(D)；潜在失效原因/机理,101,
298,298,baseline模型,baseline兼容旧逻辑,故障原因诊断类,项目失效现象风险指标查原因,项目范围原因查询,,,困难,在“Dynamic cable / Dynamic Cable / Dynamic Cable”下，如果失效模式是“Crushing or deformation”，且S/O/D分别为3.8/1.8/3.2，应追溯到什么原因？,Design Phase; Excessive mechanical load - equipment interraction,Design Phase; Excessive mechanical load - equipment interraction,正确,1.0,502.21,语义RAG,1.0,1.0,0,1.0,3,,,,,,Design Phase; Excessive mechanical load - equipment interraction,,项目/功能；潜在失效模式；严酷度(S)；发生度(O)；可探测度(D)；潜在失效原因/机理,102,
299,299,baseline模型,baseline兼容旧逻辑,故障原因诊断类,项目失效现象风险指标查原因,项目范围原因查询,,,困难,在“Dynamic cable / Dynamic Cable / Hang-off”下，如果失效模式是“damage and corrosion of mechanical parts”，且S/O/D分别为3.2/1.75/3.5，应追溯到什么原因？,Design Phase; Wrong design/execution of the isolation material,Design Phase; Wrong design/execution of the isolation material,正确,1.0,527.91,语义RAG,0.6667,1.0,0,1.0,3,,,,,,Design Phase; Wrong design/execution of the isolation material,,项目/功能；潜在失效模式；严酷度(S)；发生度(O)；可探测度(D)；潜在失效原因/机理,103,
300,300,baseline模型,baseline兼容旧逻辑,故障原因诊断类,项目失效现象风险指标查原因,项目范围原因查询,,,困难,在“Dynamic cable / Dynamic Cable / Dynamic Cable”下，如果失效模式是“Debris disturbance”，且S/O/D分别为3.2/2/3.2，应追溯到什么原因？,Environmental conditions; Floating debris - marine activities,根据上下文，没有找到失效模式为“Debris disturbance”的记录。因此无法追溯其原因。,错误,0.0,709.91,语义RAG,1.0,0.0,0,0.0,3,Environmental conditions; Floating debris - marine activities,,,,,Environmental conditions; Floating debris - marine activities,,项目/功能；潜在失效模式；严酷度(S)；发生度(O)；可探测度(D)；潜在失效原因/机理,104,
301,301,baseline模型,baseline兼容旧逻辑,故障原因诊断类,项目失效现象风险指标查原因,项目范围原因查询,,,困难,在“Dynamic cable / Dynamic Cable / Dynamic Cable”下，如果失效模式是“Detachment”，且S/O/D分别为4.4/2/2.4，应追溯到什么原因？,Operation; Connector failure - Mechanical stress,"根据上下文，""Dynamic cable / Dynamic Cable / Dynamic Cable"" 下没有关于 ""Detachment"" 的失效模式记录。最接近的是 ""Fatigue Cracks""，但其 S/O/D 分别为 4.2/2.19/3.6，并不符合题目中给出的 S/O/D 值。 因此，无法根据给定信息追溯到 ""Detachment"" 的原因。",错误,0.0,1206.95,语义RAG,0.3333,0.0,0,0.0,3,Operation; Connector failure - Mechanical stress,,,,,Operation; Connector failure - Mechanical stress,,项目/功能；潜在失效模式；严酷度(S)；发生度(O)；可探测度(D)；潜在失效原因/机理,105,
302,302,baseline模型,baseline兼容旧逻辑,故障原因诊断类,项目失效现象风险指标查原因,项目范围原因查询,,,困难,在“Dynamic cable / Dynamic Cable / Joints and terminations”下，如果失效模式是“Failure of end termination”，且S/O/D分别为3.6/2.6/2.8，应追溯到什么原因？,Manufacturing; Poor quality components [6],Manufacturing; Quality of workmanship [6],错误,0.0,549.16,语义RAG,0.3333,1.0,0,1.0,3,Manufacturing; Poor quality components [6],,6.0,,,Manufacturing; Poor quality components [6],,项目/功能；潜在失效模式；严酷度(S)；发生度(O)；可探测度(D)；潜在失效原因/机理,106,
303,303,baseline模型,baseline兼容旧逻辑,故障原因诊断类,项目失效现象风险指标查原因,项目范围原因查询,,,困难,在“Dynamic cable / Dynamic Cable / Joints and terminations”下，如果失效模式是“Failure of end termination”，且S/O/D分别为3.8/2.6/3.2，应追溯到什么原因？,Manufacturing; Poor quality of insulating fluids [6],Manufacturing; Poor quality of insulating fluids [6],正确,1.0,356.53,语义RAG,0.3333,1.0,0,1.0,3,,,6.0,,,Manufacturing; Poor quality of insulating fluids [6],,项目/功能；潜在失效模式；严酷度(S)；发生度(O)；可探测度(D)；潜在失效原因/机理,107,
304,304,baseline模型,baseline兼容旧逻辑,故障原因诊断类,项目失效现象风险指标查原因,项目范围原因查询,,,困难,在“Dynamic cable / Dynamic Cable / Joints and terminations”下，如果失效模式是“Failure of end termination”，且S/O/D分别为3.6/2.8/2.8，应追溯到什么原因？,Manufacturing; Quality of workmanship [6],Manufacturing; Quality of workmanship [6],正确,1.0,329.51,语义RAG,0.3333,1.0,0,1.0,3,,,6.0,,,Manufacturing; Quality of workmanship [6],,项目/功能；潜在失效模式；严酷度(S)；发生度(O)；可探测度(D)；潜在失效原因/机理,108,
305,305,baseline模型,baseline兼容旧逻辑,故障原因诊断类,项目失效现象风险指标查原因,项目范围原因查询,,,困难,在“Dynamic cable / Dynamic Cable / Dynamic Cable”下，如果失效模式是“Failure of fixing clamps”，且S/O/D分别为3.6/2.6/3，应追溯到什么原因？,Operation; Mechanical stress,Operation; Mechanical stress,正确,1.0,485.98,语义RAG,1.0,1.0,0,1.0,3,,,,,,Operation; Mechanical stress,,项目/功能；潜在失效模式；严酷度(S)；发生度(O)；可探测度(D)；潜在失效原因/机理,109,
306,306,baseline模型,baseline兼容旧逻辑,故障原因诊断类,项目失效现象风险指标查原因,项目范围原因查询,,,困难,在“Dynamic cable / Dynamic Cable / Insulation”下，如果失效模式是“Failure of insulations”，且S/O/D分别为4.4/2.2/2.8，应追溯到什么原因？,Design Phase; Inproper design : need quality insulation materials and protection,Design Phase; Inproper design : need quality insulation materials and protection,正确,1.0,576.93,语义RAG,0.6667,1.0,0,1.0,3,,,,,,Design Phase; Inproper design : need quality insulation materials and protection,,项目/功能；潜在失效模式；严酷度(S)；发生度(O)；可探测度(D)；潜在失效原因/机理,110,
307,307,baseline模型,baseline兼容旧逻辑,故障原因诊断类,项目失效现象风险指标查原因,项目范围原因查询,,,困难,在“Dynamic cable / Dynamic Cable / Sheath”下，如果失效模式是“Failure of sheath”，且S/O/D分别为4.2/2.4/3，应追溯到什么原因？,Operation; Mechanical and thermal stress,Operation; Mechanical and thermal stress,正确,1.0,473.75,语义RAG,0.6667,1.0,0,1.0,3,,,,,,Operation; Mechanical and thermal stress,,项目/功能；潜在失效模式；严酷度(S)；发生度(O)；可探测度(D)；潜在失效原因/机理,111,
308,308,baseline模型,baseline兼容旧逻辑,故障原因诊断类,项目失效现象风险指标查原因,项目范围原因查询,,,困难,在“Dynamic cable / Dynamic Cable / Dynamic Cable”下，如果失效模式是“Failure of watertightness”，且S/O/D分别为4.2/2.6/3，应追溯到什么原因？,Manufacturing; Errors or defects during manufacturing,失效原因 / FailureCause / cause / reason / 为什么 / 为啥 / 咋来的: Manufacturing; Errors or defects during manufacturing,正确,1.0,665.4,语义RAG,1.0,1.0,0,1.0,3,,,,,,Manufacturing; Errors or defects during manufacturing,,项目/功能；潜在失效模式；严酷度(S)；发生度(O)；可探测度(D)；潜在失效原因/机理,112,
309,309,baseline模型,baseline兼容旧逻辑,故障原因诊断类,项目失效现象风险指标查原因,项目范围原因查询,,,困难,在“Dynamic cable / Dynamic Cable / Dynamic Cable”下，如果失效模式是“Failure of watertightness”，且S/O/D分别为4.2/2/3.6，应追溯到什么原因？,Operation; Damage on the cable due to extreme environmental events,Operation; Damage on the cable due to extreme environmental events,正确,1.0,360.76,语义RAG,1.0,1.0,0,1.0,3,,,,,,Operation; Damage on the cable due to extreme environmental events,,项目/功能；潜在失效模式；严酷度(S)；发生度(O)；可探测度(D)；潜在失效原因/机理,113,
310,310,baseline模型,baseline兼容旧逻辑,故障原因诊断类,项目失效现象风险指标查原因,项目范围原因查询,,,困难,在“Dynamic cable / Dynamic Cable / Conductor”下，如果失效模式是“failures of conductors”，且S/O/D分别为4.2/2.4/2.4，应追溯到什么原因？,Operation; Internal damage: Problem in insulation material - Electrical overload,原因=Operation; Internal damage: Problem in insulation material - Electrical overload,正确,1.0,519.07,语义RAG,0.3333,1.0,0,1.0,3,,,,,,Operation; Internal damage: Problem in insulation material - Electrical overload,,项目/功能；潜在失效模式；严酷度(S)；发生度(O)；可探测度(D)；潜在失效原因/机理,114,
311,311,baseline模型,baseline兼容旧逻辑,故障原因诊断类,项目失效现象风险指标查原因,项目范围原因查询,,,困难,在“Dynamic cable / Dynamic Cable / Dynamic Cable”下，如果失效模式是“Fatigue Cracks”，且S/O/D分别为4.2/2.4/3.6，应追溯到什么原因？,Operation; Repeated stress cycles - bending motions,原因=Operation; Repeated stress cycles - bending motions;,正确,1.0,515.73,语义RAG,0.3333,1.0,0,1.0,3,,,,,,Operation; Repeated stress cycles - bending motions,,项目/功能；潜在失效模式；严酷度(S)；发生度(O)；可探测度(D)；潜在失效原因/机理,115,
312,312,baseline模型,baseline兼容旧逻辑,故障原因诊断类,项目失效现象风险指标查原因,项目范围原因查询,,,困难,在“Dynamic cable / Dynamic Cable / Dynamic Cable”下，如果失效模式是“Geo-Hazards”，且S/O/D分别为4.6/1.4/3.5，应追溯到什么原因？,"Design Phase; Unexpected contingency ( earthquake, seabed movement)","原因=Design Phase; Unexpected contingency ( earthquake, seabed movement);",正确,1.0,386.37,语义RAG,0.3333,1.0,0,1.0,3,,,,,,"Design Phase; Unexpected contingency ( earthquake, seabed movement)",,项目/功能；潜在失效模式；严酷度(S)；发生度(O)；可探测度(D)；潜在失效原因/机理,116,
313,313,baseline模型,baseline兼容旧逻辑,故障原因诊断类,项目失效现象风险指标查原因,项目范围原因查询,,,困难,在“Dynamic cable / Dynamic Cable / Dynamic Cable”下，如果失效模式是“Loss of dynamic positioning”，且S/O/D分别为3.4/2.6/3，应追溯到什么原因？,Environmental conditions; Dynamic positioning system failure due to excessive environmental conditions,环境条件；动态定位系统因超出环境条件而故障。,错误,0.0,620.94,语义RAG,1.0,1.0,0,1.0,3,Environmental conditions; Dynamic positioning system failure due to excessive environmental conditions,,,,,Environmental conditions; Dynamic positioning system failure due to excessive environmental conditions,,项目/功能；潜在失效模式；严酷度(S)；发生度(O)；可探测度(D)；潜在失效原因/机理,117,
314,314,baseline模型,baseline兼容旧逻辑,故障原因诊断类,项目失效现象风险指标查原因,项目范围原因查询,,,困难,在“Dynamic cable / Dynamic Cable / Buoyancy modules”下，如果失效模式是“Loss of float bility (water adsorption)”，且S/O/D分别为3.5/2.5/3，应追溯到什么原因？,Operation,Operation,正确,1.0,440.69,语义RAG,0.6667,1.0,0,1.0,3,,,,,,Operation,,项目/功能；潜在失效模式；严酷度(S)；发生度(O)；可探测度(D)；潜在失效原因/机理,118,
315,315,baseline模型,baseline兼容旧逻辑,故障原因诊断类,项目失效现象风险指标查原因,项目范围原因查询,,,困难,在“Dynamic cable / Dynamic Cable / Dynamic Cable”下，如果失效模式是“material degradation”，且S/O/D分别为4.4/1.8/3，应追溯到什么原因？,Design Phase; Underestimation of dynamic conditions - Unexpected contingency scenario ( loss of mooring line ),Design Phase; Underestimation of dynamic conditions - Unexpected contingency scenario ( loss of mooring line ),正确,1.0,632.75,语义RAG,0.3333,1.0,0,1.0,3,,,,,,Design Phase; Underestimation of dynamic conditions - Unexpected contingency scenario ( loss of mooring line ),,项目/功能；潜在失效模式；严酷度(S)；发生度(O)；可探测度(D)；潜在失效原因/机理,119,
316,316,baseline模型,baseline兼容旧逻辑,故障原因诊断类,项目失效现象风险指标查原因,项目范围原因查询,,,困难,在“Dynamic cable / Dynamic Cable / Fiber optic”下，如果失效模式是“Mechanical degradation”，且S/O/D分别为2.5/1.75/2.5，应追溯到什么原因？,Operation,Operation,正确,1.0,455.41,语义RAG,0.3333,1.0,0,1.0,3,,,,,,Operation,,项目/功能；潜在失效模式；严酷度(S)；发生度(O)；可探测度(D)；潜在失效原因/机理,120,
317,317,baseline模型,baseline兼容旧逻辑,故障原因诊断类,项目失效现象风险指标查原因,项目范围原因查询,,,困难,在“Dynamic cable / Dynamic Cable / Cable Protection System”下，如果失效模式是“Movement of CPS due to scour/seabed mobility”，且S/O/D分别为3.8/2.2/4.4，应追溯到什么原因？,Design Phase; Design inefficiency [6],Design Phase; Design inefficiency [6],正确,1.0,563.06,语义RAG,1.0,1.0,0,1.0,3,,,6.0,,,Design Phase; Design inefficiency [6],,项目/功能；潜在失效模式；严酷度(S)；发生度(O)；可探测度(D)；潜在失效原因/机理,121,
318,318,baseline模型,baseline兼容旧逻辑,故障原因诊断类,项目失效现象风险指标查原因,项目范围原因查询,,,困难,在“Dynamic cable / Dynamic Cable / Cable Protection System”下，如果失效模式是“Movement of CPS due to scour/seabed mobility”，且S/O/D分别为3.8/2.6/4.4，应追溯到什么原因？,"Design Phase; lack of data of the deployment location [4,6]","Design Phase; lack of data of the deployment location [4,6]",正确,1.0,364.46,语义RAG,1.0,1.0,0,1.0,3,,,4.0；6.0,,,"Design Phase; lack of data of the deployment location [4,6]",,项目/功能；潜在失效模式；严酷度(S)；发生度(O)；可探测度(D)；潜在失效原因/机理,122,
319,319,baseline模型,baseline兼容旧逻辑,故障原因诊断类,项目失效现象风险指标查原因,项目范围原因查询,,,困难,在“Dynamic cable / Dynamic Cable / Cable Protection System”下，如果失效模式是“Movement of CPS due to scour/seabed mobility”，且S/O/D分别为3.8/2.8/4，应追溯到什么原因？,Installation phase; incorrect installation [6],安装阶段；错误的安装 [6],错误,0.0,330.14,语义RAG,1.0,1.0,0,1.0,3,Installation phase; incorrect installation [6],,6.0,,,Installation phase; incorrect installation [6],,项目/功能；潜在失效模式；严酷度(S)；发生度(O)；可探测度(D)；潜在失效原因/机理,123,
320,320,baseline模型,baseline兼容旧逻辑,故障原因诊断类,项目失效现象风险指标查原因,项目范围原因查询,,,困难,在“Dynamic cable / Dynamic Cable / Dynamic Cable”下，如果失效模式是“Premature damage of outer protection layer”，且S/O/D分别为3.6/2.2/3.75，应追溯到什么原因？,Environmental conditions; Environmental exposure - wear,Environmental conditions; Environmental exposure - wear,正确,1.0,516.39,语义RAG,0.3333,1.0,0,1.0,3,,,,,,Environmental conditions; Environmental exposure - wear,,项目/功能；潜在失效模式；严酷度(S)；发生度(O)；可探测度(D)；潜在失效原因/机理,124,
321,321,baseline模型,baseline兼容旧逻辑,故障原因诊断类,项目失效现象风险指标查原因,项目范围原因查询,,,困难,在“Dynamic cable / Dynamic Cable / Static cable/Export Cable”下，如果失效模式是“Reduced sediment cover lower than designed value for protection”，且S/O/D分别为3.6/2.4/3.8，应追溯到什么原因？,Design Phase; Insufficient information for the deployment location [6],失效原因 / FailureCause / cause / reason / 为什么 / 为啥 / 咋来的: Environmental conditions; exposure of seabed cover to extreme environmental phenomena,错误,0.0,720.18,语义RAG,1.0,1.0,0,1.0,3,Design Phase; Insufficient information for the deployment location [6],,,,,Design Phase; Insufficient information for the deployment location [6],,项目/功能；潜在失效模式；严酷度(S)；发生度(O)；可探测度(D)；潜在失效原因/机理,125,
322,322,baseline模型,baseline兼容旧逻辑,故障原因诊断类,项目失效现象风险指标查原因,项目范围原因查询,,,困难,在“Dynamic cable / Dynamic Cable / Dynamic Cable (Touchdown point)”下，如果失效模式是“Reduced sediment cover lower than designed value for protection”，且S/O/D分别为4/2/3.5，应追溯到什么原因？,Design Phase; Insufficient information for the deployment location [6],Design Phase; Insufficient information for the deployment location [6],正确,1.0,556.85,语义RAG,1.0,1.0,0,1.0,3,,,6.0,,,Design Phase; Insufficient information for the deployment location [6],,项目/功能；潜在失效模式；严酷度(S)；发生度(O)；可探测度(D)；潜在失效原因/机理,126,
323,323,baseline模型,baseline兼容旧逻辑,故障原因诊断类,项目失效现象风险指标查原因,项目范围原因查询,,,困难,在“Dynamic cable / Dynamic Cable / Static cable/Export Cable”下，如果失效模式是“Reduced sediment cover lower than designed value for protection”，且S/O/D分别为3.6/2.2/4.2，应追溯到什么原因？,Environmental conditions; exposure of seabed cover to extreme environmental phenomena,环境条件；海底覆盖暴露于极端环境现象。,错误,0.0,541.75,语义RAG,1.0,1.0,0,1.0,3,Environmental conditions; exposure of seabed cover to extreme environmental phenomena,,,,,Environmental conditions; exposure of seabed cover to extreme environmental phenomena,,项目/功能；潜在失效模式；严酷度(S)；发生度(O)；可探测度(D)；潜在失效原因/机理,127,
324,324,baseline模型,baseline兼容旧逻辑,故障原因诊断类,项目失效现象风险指标查原因,项目范围原因查询,,,困难,在“Dynamic cable / Dynamic Cable / Dynamic Cable”下，如果失效模式是“Small bending radius”，且S/O/D分别为3.4/2.6/3.2，应追溯到什么原因？,Operation; Mechanical stress - excessive bending,Operation; Mechanical stress - excessive bending,正确,1.0,514.99,语义RAG,1.0,1.0,0,1.0,3,,,,,,Operation; Mechanical stress - excessive bending,,项目/功能；潜在失效模式；严酷度(S)；发生度(O)；可探测度(D)；潜在失效原因/机理,128,
325,325,baseline模型,baseline兼容旧逻辑,故障原因诊断类,后果探测度查原因,后果到原因推理,,,困难,某条FMEA记录显示：“Abnormal vibration”会导致“Excessive Fatigue Life Consumption”，现行探测难度D为2.5；请判断其潜在原因。,Design phase; Resonance occurs when the natural frequency of the tower or other components of the wind turbine matches the frequency of the wind or other external forces.,失效原因 / FailureCause / cause / reason / 为什么 / 为啥 / 咋来的: Environmental condition; Resonance occurs when the natural frequency of the tower or other components of the wind turbine matches the frequency of the wind or other external forces.,错误,0.0,880.34,语义RAG,1.0,1.0,0,1.0,3,Design phase; Resonance occurs when the natural frequency of the tower or other components of the wind turbine matches the frequency of the wind or other external forces.,,,,,Design phase; Resonance occurs when the natural frequency of the tower or other components of the wind turbine matches the frequency of the wind or other external forces.,,潜在失效模式；潜在失效后果；可探测度(D)；潜在失效原因/机理,0,
326,326,baseline模型,baseline兼容旧逻辑,故障原因诊断类,后果探测度查原因,后果到原因推理,,,困难,某条FMEA记录显示：“Abnormal vibration”会导致“Potential collapse”，现行探测难度D为3；请判断其潜在原因。,"Installation phase; Faulty welding of Tower [10,15]","失效原因 / FailureCause / cause / reason / 为什么 / 为啥 / 咋来的: Installation phase; Faulty welding of Tower [10,15]",正确,1.0,763.3,语义RAG,0.6667,1.0,0,1.0,3,,,10.0；15.0,,,"Installation phase; Faulty welding of Tower [10,15]",,潜在失效模式；潜在失效后果；可探测度(D)；潜在失效原因/机理,2,
327,327,baseline模型,baseline兼容旧逻辑,故障原因诊断类,后果探测度查原因,后果到原因推理,,,困难,某条FMEA记录显示：“Cracks”会导致“Failure of whole facility and vast economic loses”，现行探测难度D为3；请判断其潜在原因。,"Environmental loads; The interaction between the blades and the tower can cause pressure fluctuations, leading to cyclic fatigue [14]",失效原因 / FailureCause / cause / reason / 为什么 / 为啥 / 咋来的: Design phase; Braking system failure due to wrong estimation of operating conditions [15],错误,0.0,762.48,语义RAG,0.6667,0.0,0,0.0,3,"Environmental loads; The interaction between the blades and the tower can cause pressure fluctuations, leading to cyclic fatigue [14]",,,,,"Environmental loads; The interaction between the blades and the tower can cause pressure fluctuations, leading to cyclic fatigue [14]",,潜在失效模式；潜在失效后果；可探测度(D)；潜在失效原因/机理,4,
328,328,baseline模型,baseline兼容旧逻辑,故障原因诊断类,后果探测度查原因,后果到原因推理,,,困难,某条FMEA记录显示：“Cracks”会导致“Failure of whole facility and vast economic loses”，现行探测难度D为3.2；请判断其潜在原因。,Environmental loads; Material fatigue due to high waves and high frequency of loads [1],失效原因 / FailureCause / cause / reason / 为什么 / 为啥 / 咋来的: Design phase; Braking system failure due to wrong estimation of operating conditions [15],错误,0.0,640.02,语义RAG,0.6667,0.0,0,0.0,3,Environmental loads; Material fatigue due to high waves and high frequency of loads [1],,,,,Environmental loads; Material fatigue due to high waves and high frequency of loads [1],,潜在失效模式；潜在失效后果；可探测度(D)；潜在失效原因/机理,5,
329,329,baseline模型,baseline兼容旧逻辑,故障原因诊断类,后果探测度查原因,后果到原因推理,,,困难,某条FMEA记录显示：“Cracks”会导致“Potential collapse”，现行探测难度D为3.2；请判断其潜在原因。,Environmental condition; Cyclic wind/wave loading (above design assumption)creates stress concentrations and fatigue. [11],失效原因 / FailureCause / cause / reason / 为啥来的原因: Operation; Fatigue due to continuous vibrations/resonance [11],错误,0.0,690.74,语义RAG,0.6667,0.0,0,0.0,3,Environmental condition; Cyclic wind/wave loading (above design assumption)creates stress concentrations and fatigue. [11],,11.0,,,Environmental condition; Cyclic wind/wave loading (above design assumption)creates stress concentrations and fatigue. [11],,潜在失效模式；潜在失效后果；可探测度(D)；潜在失效原因/机理,6,
330,330,baseline模型,baseline兼容旧逻辑,故障原因诊断类,后果探测度查原因,后果到原因推理,,,困难,某条FMEA记录显示：“Cracks”会导致“Potential collapse”，现行探测难度D为3.67；请判断其潜在原因。,"Design phase; Welding failure due to Poor design or inadequate specification of welding procedures considering harsh environmental condition [1,15]",失效原因 / FailureCause / cause / reason / 为啥来的原因: Operation; Fatigue due to continuous vibrations/resonance [11],错误,0.0,563.04,语义RAG,0.6667,0.0,0,0.0,3,"Design phase; Welding failure due to Poor design or inadequate specification of welding procedures considering harsh environmental condition [1,15]",,,,,"Design phase; Welding failure due to Poor design or inadequate specification of welding procedures considering harsh environmental condition [1,15]",,潜在失效模式；潜在失效后果；可探测度(D)；潜在失效原因/机理,7,
331,331,baseline模型,baseline兼容旧逻辑,故障原因诊断类,后果探测度查原因,后果到原因推理,,,困难,某条FMEA记录显示：“Cracks”会导致“Potential collapse”，现行探测难度D为3.75；请判断其潜在原因。,"Installation phase; Installation phase stress/fatigue due to waves, wind, and process. Incorrect installation/error can cause stress concentration and fatigue. [11]",失效原因是：Maintenance phase; Corrosion due to lack of regular inspection and maintenance to prevent critical steps and failure [11]。,错误,0.0,959.91,语义RAG,0.6667,0.0,0,0.0,3,"Installation phase; Installation phase stress/fatigue due to waves, wind, and process. Incorrect installation/error can cause stress concentration and fatigue. [11]",,11.0,,,"Installation phase; Installation phase stress/fatigue due to waves, wind, and process. Incorrect installation/error can cause stress concentration and fatigue. [11]",,潜在失效模式；潜在失效后果；可探测度(D)；潜在失效原因/机理,11,
332,332,baseline模型,baseline兼容旧逻辑,故障原因诊断类,后果探测度查原因,后果到原因推理,,,困难,某条FMEA记录显示：“Cracks”会导致“Potential collapse”，现行探测难度D为2.67；请判断其潜在原因。,Maintenance phase; Corrosion due to lack of regular inspection and maintenance to prevent critical steps and failure [11],"失效原因 / FailureCause / cause / reason / 为啥 / 咋来的: Installation phase; Installation phase stress/fatigue due to waves, wind, and process. Incorrect installation/error can cause stress concentration and fatigue. [11]",错误,0.0,817.29,语义RAG,0.6667,0.0,0,0.0,3,Maintenance phase; Corrosion due to lack of regular inspection and maintenance to prevent critical steps and failure [11],,11.0,,,Maintenance phase; Corrosion due to lack of regular inspection and maintenance to prevent critical steps and failure [11],,潜在失效模式；潜在失效后果；可探测度(D)；潜在失效原因/机理,12,
333,333,baseline模型,baseline兼容旧逻辑,故障原因诊断类,后果探测度查原因,后果到原因推理,,,困难,某条FMEA记录显示：“Cracks”会导致“Potential collapse”，现行探测难度D为3；请判断其潜在原因。,"Maintenance phase; Blade replacements, repairs, and corrosion mitigation can add stress. Improper execution can lead to damage and fatigue. [11]",失效原因 / FailureCause / cause / reason / 为什么 / 为啥 / 咋来的: Operation; Fatigue due to continuous vibrations/resonance [11],错误,0.0,662.28,语义RAG,0.6667,0.0,0,0.0,3,"Maintenance phase; Blade replacements, repairs, and corrosion mitigation can add stress. Improper execution can lead to damage and fatigue. [11]",,11.0,,,"Maintenance phase; Blade replacements, repairs, and corrosion mitigation can add stress. Improper execution can lead to damage and fatigue. [11]",,潜在失效模式；潜在失效后果；可探测度(D)；潜在失效原因/机理,14,
334,334,baseline模型,baseline兼容旧逻辑,故障原因诊断类,后果探测度查原因,后果到原因推理,,,困难,某条FMEA记录显示：“Cracks”会导致“Failure of the WTG/Major repair campaign/Structure reassessment”，现行探测难度D为3；请判断其潜在原因。,Environmental condition; Lightning strikes[9],失效原因 / FailureCause / cause / reason / 为什么 / 为啥 / 咋来的: Environmental condition; Lightning strikes[9],正确,1.0,671.83,语义RAG,0.6667,1.0,0,1.0,3,,,9.0,,,Environmental condition; Lightning strikes[9],,潜在失效模式；潜在失效后果；可探测度(D)；潜在失效原因/机理,16,
335,335,baseline模型,baseline兼容旧逻辑,故障原因诊断类,后果探测度查原因,后果到原因推理,,,困难,某条FMEA记录显示：“Cracks”会导致“Failure of whole facility and vast economic loses”，现行探测难度D为3.25；请判断其潜在原因。,Design phase; Lightning strikes damages due to inefficient lightning prevention system [9],失效原因 / FailureCause / cause / reason / 为什么 / 为啥 / 咋来的: Environmental loads; Material fatigue due to high waves and high frequency of loads [1],错误,0.0,742.0,语义RAG,1.0,0.0,0,0.0,3,Design phase; Lightning strikes damages due to inefficient lightning prevention system [9],,,,,Design phase; Lightning strikes damages due to inefficient lightning prevention system [9],,潜在失效模式；潜在失效后果；可探测度(D)；潜在失效原因/机理,17,
336,336,baseline模型,baseline兼容旧逻辑,故障原因诊断类,后果探测度查原因,后果到原因推理,,,困难,某条FMEA记录显示：“Cracks”会导致“Failure of whole facility and vast economic loses”，现行探测难度D为2.67；请判断其潜在原因。,Manufacturing; Hit by blades due to poor manufacturing quality control [9],失效原因 / FailureCause / cause / reason / 为啥 / 咋来的: Design phase; Braking system failure due to wrong estimation of operating conditions [15],错误,0.0,695.94,语义RAG,0.6667,0.0,0,0.0,3,Manufacturing; Hit by blades due to poor manufacturing quality control [9],,,,,Manufacturing; Hit by blades due to poor manufacturing quality control [9],,潜在失效模式；潜在失效后果；可探测度(D)；潜在失效原因/机理,18,
337,337,baseline模型,baseline兼容旧逻辑,故障原因诊断类,后果探测度查原因,后果到原因推理,,,困难,某条FMEA记录显示：“Cracks”会导致“Failure of whole facility and vast economic loses”，现行探测难度D为3.33；请判断其潜在原因。,due to Operation; Hit by blades due to human error or operational failure [15],失效原因 / FailureCause / cause / reason / 为什么 / 为啥 / 咋来的: Design phase; Braking system failure due to wrong estimation of operating conditions [15],错误,0.0,690.36,语义RAG,0.6667,0.0,0,0.0,3,due to Operation; Hit by blades due to human error or operational failure [15],,15.0,,,due to Operation; Hit by blades due to human error or operational failure [15],,潜在失效模式；潜在失效后果；可探测度(D)；潜在失效原因/机理,20,
338,338,baseline模型,baseline兼容旧逻辑,故障原因诊断类,后果探测度查原因,后果到原因推理,,,困难,某条FMEA记录显示：“Plastic deformation”会导致“Potential collapse”，现行探测难度D为3；请判断其潜在原因。,"Manufacturing; Inadequate quality control during the manufacturing process may create structural weaknesses or defects in the tower, causing plastic deformation over time. [11]","失效原因 / FailureCause / cause / reason / 为什么 / 为啥 / 咋来的: Design phase; Plastic deformation due to insufficient yield strength and lack of detailed stress analysis and simulations [13] 失效原因 / FailureCause / cause / reason / 为什么 / 为啥 / 咋来的: Manufacturing; Inadequate quality control during the manufacturing process may create structural weaknesses or defects in the tower, causing plastic deformation over time. [11]",正确,1.0,1223.41,语义RAG,1.0,1.0,0,1.0,3,,,11.0,,,"Manufacturing; Inadequate quality control during the manufacturing process may create structural weaknesses or defects in the tower, causing plastic deformation over time. [11]",,潜在失效模式；潜在失效后果；可探测度(D)；潜在失效原因/机理,21,
339,339,baseline模型,baseline兼容旧逻辑,故障原因诊断类,后果探测度查原因,后果到原因推理,,,困难,某条FMEA记录显示：“Plastic deformation”会导致“Potential collapse”，现行探测难度D为2.8；请判断其潜在原因。,Design phase; Plastic deformation due to insufficient yield strength and lack of detailed stress analysis and simulations [13],失效原因 / FailureCause / cause / reason / 为什么 / 为啥 / 咋来的: Design phase; Plastic deformation due to insufficient yield strength and lack of detailed stress analysis and simulations [13],正确,1.0,625.25,语义RAG,1.0,1.0,0,1.0,3,,,13.0,,,Design phase; Plastic deformation due to insufficient yield strength and lack of detailed stress analysis and simulations [13],,潜在失效模式；潜在失效后果；可探测度(D)；潜在失效原因/机理,22,
340,340,baseline模型,baseline兼容旧逻辑,故障原因诊断类,后果探测度查原因,后果到原因推理,,,困难,某条FMEA记录显示：“Tower collapse”会导致“Failure of whole facility and vast economic loses”，现行探测难度D为3.33；请判断其潜在原因。,Operation phase; Mooring system failure can lead to direct tower collapse [1],失效原因 / FailureCause / cause / reason / 为什么 / 为啥 / 咋来的: Operation phase; Mooring system failure can lead to direct tower collapse [1],正确,1.0,751.07,语义RAG,0.3333,1.0,0,1.0,3,,,1.0,,,Operation phase; Mooring system failure can lead to direct tower collapse [1],,潜在失效模式；潜在失效后果；可探测度(D)；潜在失效原因/机理,23,
341,341,baseline模型,baseline兼容旧逻辑,故障原因诊断类,后果探测度查原因,后果到原因推理,,,困难,"某条FMEA记录显示：“Transition piece break”会导致“Tower Unit collapse, Floater Unit damage”，现行探测难度D为3；请判断其潜在原因。",Design; Analysis and calculation fault due to human error [11],失效原因 / FailureCause / cause / reason / 为什么 / 为啥 / 咋来的: Design; Analysis and calculation fault due to human error [11],正确,1.0,765.81,语义RAG,1.0,1.0,0,1.0,3,,,11.0,,,Design; Analysis and calculation fault due to human error [11],,潜在失效模式；潜在失效后果；可探测度(D)；潜在失效原因/机理,24,
342,342,baseline模型,baseline兼容旧逻辑,故障原因诊断类,后果探测度查原因,后果到原因推理,,,困难,"某条FMEA记录显示：“Transition piece break”会导致“tension failure (rupture), buckling of the transition piece/ Tower unit damage”，现行探测难度D为3.25；请判断其潜在原因。","Operation and Maintenance; Brittle fracture due to extreme environmental temperature, leading to a shift in the ductile-to-brittle transition temperature [16]","Operation and Maintenance; Brittle fracture due to extreme environmental temperature, leading to a shift in the ductile-to-brittle transition temperature [16]",正确,1.0,697.86,语义RAG,0.6667,1.0,0,1.0,3,,,16.0,,,"Operation and Maintenance; Brittle fracture due to extreme environmental temperature, leading to a shift in the ductile-to-brittle transition temperature [16]",,潜在失效模式；潜在失效后果；可探测度(D)；潜在失效原因/机理,25,
343,343,baseline模型,baseline兼容旧逻辑,故障原因诊断类,后果探测度查原因,后果到原因推理,,,困难,某条FMEA记录显示：“Structural plastic deformation”会导致“Local stress accumulation”，现行探测难度D为3；请判断其潜在原因。,"Operation; Changes in wave spectra can cause increased loads, resonance, and stress concentrations, leading to plastic deformation in offshore wind turbines. [11]",Maintenance; Plastic deformation can occur due to the application of excessive force or improper handling of the structure. [1],错误,0.0,642.19,语义RAG,1.0,1.0,0,1.0,3,"Operation; Changes in wave spectra can cause increased loads, resonance, and stress concentrations, leading to plastic deformation in offshore wind turbines. [11]",,,,,"Operation; Changes in wave spectra can cause increased loads, resonance, and stress concentrations, leading to plastic deformation in offshore wind turbines. [11]",,潜在失效模式；潜在失效后果；可探测度(D)；潜在失效原因/机理,26,
344,344,baseline模型,baseline兼容旧逻辑,故障原因诊断类,后果探测度查原因,后果到原因推理,,,困难,某条FMEA记录显示：“Cracks”会导致“Tower transition piece connections failure / resonance”，现行探测难度D为3.75；请判断其潜在原因。,"Operation; Cycling loading could cause microstructural changes in the material and eventually lead to fatigue crack initiation [1,15]","失效原因 / FailureCause / cause / reason / 为什么 / 为啥 / 咋来的: Operation; Cycling loading could cause microstructural changes in the material and eventually lead to fatigue crack initiation [1,15]",正确,1.0,814.63,语义RAG,0.6667,1.0,0,1.0,3,,,1.0；15.0,,,"Operation; Cycling loading could cause microstructural changes in the material and eventually lead to fatigue crack initiation [1,15]",,潜在失效模式；潜在失效后果；可探测度(D)；潜在失效原因/机理,27,
345,345,baseline模型,baseline兼容旧逻辑,故障原因诊断类,后果探测度查原因,后果到原因推理,,,困难,"某条FMEA记录显示：“Transition piece break”会导致“Tower Unit collapse, Floater Unit damage”，现行探测难度D为2.67；请判断其潜在原因。",Environmental condition; Design parameters superseded due to climate change [11],失效原因 / FailureCause: Environmental condition; Design parameters superseded due to climate change [11],正确,1.0,629.36,语义RAG,1.0,1.0,0,1.0,3,,,11.0,,,Environmental condition; Design parameters superseded due to climate change [11],,潜在失效模式；潜在失效后果；可探测度(D)；潜在失效原因/机理,28,
346,346,baseline模型,baseline兼容旧逻辑,故障原因诊断类,后果探测度查原因,后果到原因推理,,,困难,某条FMEA记录显示：“Abnormal vibration”会导致“potential tower connections failure”，现行探测难度D为3；请判断其潜在原因。,Operation; due to unbalanced loads or wind-induced vibrations. [11],失效原因 / FailureCause / cause / reason / 为什么 / 为啥 / 咋来的: Maintenance; Misalignments or looseness in the connections between the tower and the foundation or inadequate bracing can cause abnormal vibration in the transition piece [12],错误,0.0,867.28,语义RAG,0.6667,1.0,0,1.0,3,Operation; due to unbalanced loads or wind-induced vibrations. [11],,,,,Operation; due to unbalanced loads or wind-induced vibrations. [11],,潜在失效模式；潜在失效后果；可探测度(D)；潜在失效原因/机理,29,
347,347,baseline模型,baseline兼容旧逻辑,故障原因诊断类,后果探测度查原因,后果到原因推理,,,困难,某条FMEA记录显示：“Cracks”会导致“Tower transition piece connections failure”，现行探测难度D为3.25；请判断其潜在原因。,Installation; During Transportation and installation transition piece may be subjected to bending and twisting loads which could lead to fatigue cracks,安装期间运输和安装过程中过渡件可能受到弯曲和扭转载荷，这可能导致疲劳裂纹。,错误,0.0,632.9,语义RAG,1.0,1.0,0,1.0,3,Installation; During Transportation and installation transition piece may be subjected to bending and twisting loads which could lead to fatigue cracks,,,,,Installation; During Transportation and installation transition piece may be subjected to bending and twisting loads which could lead to fatigue cracks,,潜在失效模式；潜在失效后果；可探测度(D)；潜在失效原因/机理,31,
348,348,baseline模型,baseline兼容旧逻辑,故障原因诊断类,后果探测度查原因,后果到原因推理,,,困难,某条FMEA记录显示：“Cracks”会导致“Tower transition piece connections failure/ displacement variations between tower end”，现行探测难度D为3；请判断其潜在原因。,"Environmental Loads; Extreme environmental conditions like hurricanes or storm surges can subject the transition piece to large forces that exceed their design limits [10,11,15]",失效原因 / FailureCause: Environmental Loads,错误,0.0,526.02,语义RAG,0.6667,1.0,0,1.0,3,"Environmental Loads; Extreme environmental conditions like hurricanes or storm surges can subject the transition piece to large forces that exceed their design limits [10,11,15]",,,,,"Environmental Loads; Extreme environmental conditions like hurricanes or storm surges can subject the transition piece to large forces that exceed their design limits [10,11,15]",,潜在失效模式；潜在失效后果；可探测度(D)；潜在失效原因/机理,32,
349,349,baseline模型,baseline兼容旧逻辑,故障原因诊断类,后果探测度查原因,后果到原因推理,,,困难,某条FMEA记录显示：“Cracks”会导致“potential tower connections failure”，现行探测难度D为2.67；请判断其潜在原因。,Fabrication; Improper surface preparation before applying a protective coating or performing welding repairs like cleaning the surface with solvent and treating the surface with a rust inhibitor or primer for improving the adhesion can cause corrosion and crack propagation. [15],根据上下文，没有找到“Cracks”这一失效模式的相关信息。因此无法判断其潜在原因。,错误,0.0,654.41,语义RAG,0.6667,0.0,0,0.0,3,Fabrication; Improper surface preparation before applying a protective coating or performing welding repairs like cleaning the surface with solvent and treating the surface with a rust inhibitor or primer for improving the adhesion can cause corrosion and crack propagation. [15],,,,,Fabrication; Improper surface preparation before applying a protective coating or performing welding repairs like cleaning the surface with solvent and treating the surface with a rust inhibitor or primer for improving the adhesion can cause corrosion and crack propagation. [15],,潜在失效模式；潜在失效后果；可探测度(D)；潜在失效原因/机理,33,
350,350,baseline模型,baseline兼容旧逻辑,故障原因诊断类,后果探测度查原因,后果到原因推理,,,困难,某条FMEA记录显示：“Abnormal vibration”会导致“potential tower connections failure”，现行探测难度D为2.67；请判断其潜在原因。,Maintenance; Misalignments or looseness in the connections between the tower and the foundation or inadequate bracing can cause abnormal vibration in the transition piece [12],失效原因 / FailureCause / cause / reason / 为什么 / 为啥 / 咋来的: Maintenance; Misalignments or looseness in the connections between the tower and the foundation or inadequate bracing can cause abnormal vibration in the transition piece [12],正确,1.0,889.7,语义RAG,0.6667,1.0,0,1.0,3,,,12.0,,,Maintenance; Misalignments or looseness in the connections between the tower and the foundation or inadequate bracing can cause abnormal vibration in the transition piece [12],,潜在失效模式；潜在失效后果；可探测度(D)；潜在失效原因/机理,34,
351,351,baseline模型,baseline兼容旧逻辑,故障原因诊断类,后果探测度查原因,后果到原因推理,,,困难,某条FMEA记录显示：“Cracks”会导致“Tower transition piece connections failure”，现行探测难度D为3；请判断其潜在原因。,"Maintenance; Repairing welding during maintenance can introduce residual stresses, leading to crack initiation [11]","失效原因 / FailureCause / cause / reason / 为什么 / 为啥 / 咋来的: Installation; Welding failure due to poor performance (e.g. overheating, lack of fusion) during installation [1,9,15]; Maintenance; Welding failure due to corrosion without proper maintenance [11]; During Transportation and installation transition piece may be subjected to bending and twisting loads which could lead to fatigue cracks",错误,0.0,1153.2,语义RAG,1.0,0.0,1,0.0,3,"Maintenance; Repairing welding during maintenance can introduce residual stresses, leading to crack initiation [11]",,11.0,,9.0,"Maintenance; Repairing welding during maintenance can introduce residual stresses, leading to crack initiation [11]",,潜在失效模式；潜在失效后果；可探测度(D)；潜在失效原因/机理,36,
352,352,baseline模型,baseline兼容旧逻辑,故障原因诊断类,后果探测度查原因,后果到原因推理,,,困难,某条FMEA记录显示：“Cracks”会导致“Tower transition piece connections failure”，现行探测难度D为3.67；请判断其潜在原因。,"Maintenance; The transition piece may be subjected to large forces from lifting and handling equipment during maintenance, which are not considered in design assumptions [11]",失效原因 / FailureCause / cause / reason / 为什么 / 为啥 / 咋来的: Maintenance; Welding failure due to corrosion without proper maintenance [11],错误,0.0,757.89,语义RAG,1.0,0.0,0,0.0,3,"Maintenance; The transition piece may be subjected to large forces from lifting and handling equipment during maintenance, which are not considered in design assumptions [11]",,11.0,,,"Maintenance; The transition piece may be subjected to large forces from lifting and handling equipment during maintenance, which are not considered in design assumptions [11]",,潜在失效模式；潜在失效后果；可探测度(D)；潜在失效原因/机理,37,
353,353,baseline模型,baseline兼容旧逻辑,故障原因诊断类,后果探测度查原因,后果到原因推理,,,困难,某条FMEA记录显示：“Cracks”会导致“Tower transition piece connections failure/ displacement variations between tower end”，现行探测难度D为3.33；请判断其潜在原因。,"Installation; Transition piece may be subjected to large forces from wave, wind, and vessel motion during installation. [10]","失效原因 / FailureCause: Installation; Transition piece may be subjected to large forces from wave, wind, and vessel motion during installation. [10]",正确,1.0,677.0,语义RAG,0.6667,1.0,0,1.0,3,,,10.0,,,"Installation; Transition piece may be subjected to large forces from wave, wind, and vessel motion during installation. [10]",,潜在失效模式；潜在失效后果；可探测度(D)；潜在失效原因/机理,38,
354,354,baseline模型,baseline兼容旧逻辑,故障原因诊断类,后果探测度查原因,后果到原因推理,,,困难,"某条FMEA记录显示：“Transition piece break”会导致“Tower Unit collapse, Floater Unit damage”，现行探测难度D为3.33；请判断其潜在原因。",Operation and Maintenance; Undetected defects and poor quality control [11],Operation and Maintenance; Undetected defects and poor quality control [11],正确,1.0,588.28,语义RAG,1.0,1.0,0,1.0,3,,,11.0,,,Operation and Maintenance; Undetected defects and poor quality control [11],,潜在失效模式；潜在失效后果；可探测度(D)；潜在失效原因/机理,40,
355,355,baseline模型,baseline兼容旧逻辑,故障原因诊断类,后果探测度查原因,后果到原因推理,,,困难,某条FMEA记录显示：“Cracks”会导致“Tower transition piece connections failure”，现行探测难度D为3.33；请判断其潜在原因。,Fabrication; Welding and heat treatment could induce fatigue cracks in fabrication process. [1],失效原因 / FailureCause / cause / reason / 为什么 / 为啥 / 咋来的: Maintenance; Welding failure due to corrosion without proper maintenance [11],错误,0.0,736.84,语义RAG,1.0,0.0,0,0.0,3,Fabrication; Welding and heat treatment could induce fatigue cracks in fabrication process. [1],,,,,Fabrication; Welding and heat treatment could induce fatigue cracks in fabrication process. [1],,潜在失效模式；潜在失效后果；可探测度(D)；潜在失效原因/机理,41,
356,356,baseline模型,baseline兼容旧逻辑,故障原因诊断类,后果探测度查原因,后果到原因推理,,,困难,某条FMEA记录显示：“Cracks”会导致“Tower transition piece connections failure”，现行探测难度D为4；请判断其潜在原因。,Maintenance; Welding and heat treatment during maintenance can add more residual stresses and increase the likelihood of fatigue crack in the welds and heat-affected areas. [11],"失效原因 / FailureCause: Installation; Welding failure due to poor performance (e.g. overheating, lack of fusion) during installation [1,10,15]",错误,0.0,755.4,语义RAG,1.0,0.0,0,0.0,3,Maintenance; Welding and heat treatment during maintenance can add more residual stresses and increase the likelihood of fatigue crack in the welds and heat-affected areas. [11],,,,,Maintenance; Welding and heat treatment during maintenance can add more residual stresses and increase the likelihood of fatigue crack in the welds and heat-affected areas. [11],,潜在失效模式；潜在失效后果；可探测度(D)；潜在失效原因/机理,42,
357,357,baseline模型,baseline兼容旧逻辑,故障原因诊断类,后果探测度查原因,后果到原因推理,,,困难,"某条FMEA记录显示：“Capsize”会导致“Watertight fault, Potential Floater Unit sinkage”，现行探测难度D为3.86；请判断其潜在原因。",Design; Analysis and Calculation fault due to human error,失效原因 / FailureCause / cause / reason / 为什么 / 为啥 / 咋来的: Design; Analysis and Calculation fault due to human error,正确,1.0,719.14,语义RAG,0.6667,1.0,0,1.0,3,,,,,,Design; Analysis and Calculation fault due to human error,,潜在失效模式；潜在失效后果；可探测度(D)；潜在失效原因/机理,45,
358,358,baseline模型,baseline兼容旧逻辑,故障原因诊断类,后果探测度查原因,后果到原因推理,,,困难,某条FMEA记录显示：“Capsize”会导致“Project cancellation”，现行探测难度D为3；请判断其潜在原因。,Design; Analysis and Calculation fault due to human error [11],Design; Analysis and Calculation fault due to human error [11],正确,1.0,929.55,语义RAG,0.6667,1.0,0,1.0,3,,,11.0,,,Design; Analysis and Calculation fault due to human error [11],,潜在失效模式；潜在失效后果；可探测度(D)；潜在失效原因/机理,46,
359,359,baseline模型,baseline兼容旧逻辑,故障原因诊断类,后果探测度查原因,后果到原因推理,,,困难,某条FMEA记录显示：“Additional Structures Failures”会导致“Potential failure”，现行探测难度D为3.17；请判断其潜在原因。,"Operation; Bilge piping/pumps fail [1,12]","失效原因 / FailureCause / cause / reason / 为什么 / 为啥 / 咋来的: Operation; Helicopter assistance equipment fail [1,12]",错误,0.0,744.19,语义RAG,0.3333,0.0,0,0.0,3,"Operation; Bilge piping/pumps fail [1,12]",,1.0；12.0,,,"Operation; Bilge piping/pumps fail [1,12]",,潜在失效模式；潜在失效后果；可探测度(D)；潜在失效原因/机理,47,
360,360,baseline模型,baseline兼容旧逻辑,故障原因诊断类,后果探测度查原因,后果到原因推理,,,困难,"某条FMEA记录显示：“Hit by dropped objects”会导致“Damage to the facility, vast economic loses”，现行探测难度D为4.14；请判断其潜在原因。",Operation; Biological collision,失效原因 / FailureCause / cause / reason / 为啥 / 咋来的: Operation; Biological collision,正确,1.0,635.84,语义RAG,1.0,1.0,0,1.0,3,,,,,,Operation; Biological collision,,潜在失效模式；潜在失效后果；可探测度(D)；潜在失效原因/机理,48,
361,361,baseline模型,baseline兼容旧逻辑,故障原因诊断类,后果探测度查原因,后果到原因推理,,,困难,某条FMEA记录显示：“Structural break”会导致“Structural reassessment”，现行探测难度D为3.5；请判断其潜在原因。,Environmental condition; Design parameter superseded due to climate change [11],失效原因 / FailureCause / cause / reason / 为什么 / 为啥 / 咋来的: Operation; Structure brittle fracture due to extreme environmental temperature,错误,0.0,709.71,语义RAG,0.3333,0.0,0,0.0,3,Environmental condition; Design parameter superseded due to climate change [11],,,,,Environmental condition; Design parameter superseded due to climate change [11],,潜在失效模式；潜在失效后果；可探测度(D)；潜在失效原因/机理,49,
362,362,baseline模型,baseline兼容旧逻辑,故障原因诊断类,后果探测度查原因,后果到原因推理,,,困难,某条FMEA记录显示：“Additional Structures Failures”会导致“Potential failure”，现行探测难度D为4；请判断其潜在原因。,"Operation; Dynamic umbilical connection/cable fail [1,12]","失效原因 / FailureCause / cause / reason / 为什么 / 为啥 / 咋来的: Operation; Helicopter assistance equipment fail [1,12]",错误,0.0,678.07,语义RAG,0.6667,0.0,0,0.0,3,"Operation; Dynamic umbilical connection/cable fail [1,12]",,1.0；12.0,,,"Operation; Dynamic umbilical connection/cable fail [1,12]",,潜在失效模式；潜在失效后果；可探测度(D)；潜在失效原因/机理,50,
363,363,baseline模型,baseline兼容旧逻辑,故障原因诊断类,后果探测度查原因,后果到原因推理,,,困难,某条FMEA记录显示：“Cracks”会导致“Structural failure”，现行探测难度D为3.5；请判断其潜在原因。,Installation; Excessive fatigue life consumption due to installation/ transportation [19],根据上下文，没有找到与“Cracks”和“Structural failure”相关的信息，因此无法直接回答该问题。根据提供的信息，最接近的失效模式是“Additional Structures Failures”，但其探测难度D为2.83或3.5，并非3.5。所以基于现有上下文，我无法确定具体的原因。 如果需要进一步分析，请提供包含“Cracks”和“Structural failure”的FMEA记录信息。,错误,0.0,1125.47,语义RAG,0.0,0.0,0,0.0,3,Installation; Excessive fatigue life consumption due to installation/ transportation [19],,,,,Installation; Excessive fatigue life consumption due to installation/ transportation [19],,潜在失效模式；潜在失效后果；可探测度(D)；潜在失效原因/机理,51,
364,364,baseline模型,baseline兼容旧逻辑,故障原因诊断类,后果探测度查原因,后果到原因推理,,,困难,某条FMEA记录显示：“Capsize”会导致“Asset damage Energy production loss”，现行探测难度D为3.2；请判断其潜在原因。,Environmental condition; Extreme horizontal oscillatory force,失效原因 / FailureCause / cause / reason / 为什么 / 为啥 / 咋来的: Environmental condition; Extreme horizontal oscillatory force,正确,1.0,654.75,语义RAG,0.3333,1.0,0,1.0,3,,,,,,Environmental condition; Extreme horizontal oscillatory force,,潜在失效模式；潜在失效后果；可探测度(D)；潜在失效原因/机理,52,
365,365,baseline模型,baseline兼容旧逻辑,故障原因诊断类,后果探测度查原因,后果到原因推理,,,困难,某条FMEA记录显示：“Cracks”会导致“Structural failure”，现行探测难度D为3.57；请判断其潜在原因。,Operation; Fatigue due to continuous vibrations/resonance [11],"失效原因 / FailureCause / cause / reason / 为什么 / 为啥 / 咋来的: Installation; Welding failure due to poor performance (e.g. overheating, lack of fusion) during installation [1,10,15]",错误,0.0,871.46,语义RAG,0.3333,0.0,0,0.0,3,Operation; Fatigue due to continuous vibrations/resonance [11],,,,,Operation; Fatigue due to continuous vibrations/resonance [11],,潜在失效模式；潜在失效后果；可探测度(D)；潜在失效原因/机理,53,
366,366,baseline模型,baseline兼容旧逻辑,故障原因诊断类,后果探测度查原因,后果到原因推理,,,困难,某条FMEA记录显示：“Additional Structures Failures”会导致“Potential failure”，现行探测难度D为2.71；请判断其潜在原因。,"Operation; Handrails Corrosion [1,12]","失效原因 / FailureCause / cause / reason / 为什么 / 为啥 / 咋来的: Operation; Helicopter assistance equipment fail [1,12]",错误,0.0,670.71,语义RAG,0.3333,0.0,0,0.0,3,"Operation; Handrails Corrosion [1,12]",,1.0；12.0,,,"Operation; Handrails Corrosion [1,12]",,潜在失效模式；潜在失效后果；可探测度(D)；潜在失效原因/机理,55,
367,367,baseline模型,baseline兼容旧逻辑,故障原因诊断类,后果探测度查原因,后果到原因推理,,,困难,某条FMEA记录显示：“Additional Structures Failures”会导致“Potential failure of landing platform”，现行探测难度D为2.83；请判断其潜在原因。,"Operation; Helicopter assistance equipment fail [1,12]","Operation; Helicopter assistance equipment fail [1,12]",正确,1.0,942.75,语义RAG,1.0,1.0,0,1.0,3,,,1.0；12.0,,,"Operation; Helicopter assistance equipment fail [1,12]",,潜在失效模式；潜在失效后果；可探测度(D)；潜在失效原因/机理,56,
368,368,baseline模型,baseline兼容旧逻辑,故障原因诊断类,后果探测度查原因,后果到原因推理,,,困难,某条FMEA记录显示：“Watertight fault”会导致“Potential Failure/Asset damage Energy production loss”，现行探测难度D为3.33；请判断其潜在原因。,Maintenance; Inefficient detection [1],失效原因 / FailureCause / cause / reason / 为什么 / 为啥 / 咋来的: Maintenance; Inefficient detection [1],正确,1.0,700.47,语义RAG,0.3333,1.0,0,1.0,3,,,1.0,,,Maintenance; Inefficient detection [1],,潜在失效模式；潜在失效后果；可探测度(D)；潜在失效原因/机理,57,
369,369,baseline模型,baseline兼容旧逻辑,故障原因诊断类,后果探测度查原因,后果到原因推理,,,困难,某条FMEA记录显示：“Floater unit sinkage”会导致“Potential Failure/Asset damage Energy production loss”，现行探测难度D为3.4；请判断其潜在原因。,Design; Insufficient structural strength and cracks on the floater resulting in water ingress to the support structure,失效原因 / FailureCause / cause / reason / 为什么 / 为啥 / 咋来的: Design; Insufficient structural strength and cracks on the floater resulting in water ingress to the support structure,正确,1.0,777.2,语义RAG,0.6667,1.0,0,1.0,3,,,,,,Design; Insufficient structural strength and cracks on the floater resulting in water ingress to the support structure,,潜在失效模式；潜在失效后果；可探测度(D)；潜在失效原因/机理,58,
370,370,baseline模型,baseline兼容旧逻辑,故障原因诊断类,后果探测度查原因,后果到原因推理,,,困难,某条FMEA记录显示：“Watertight fault”会导致“Asset damage Energy production loss/reduced stability”，现行探测难度D为3；请判断其潜在原因。,Maintenance; Insufficient structural strength due to ship collision [11],Insufficient structural strength due to ship collision,错误,0.0,889.85,语义RAG,0.6667,1.0,0,1.0,3,Maintenance; Insufficient structural strength due to ship collision [11],,,,,Maintenance; Insufficient structural strength due to ship collision [11],,潜在失效模式；潜在失效后果；可探测度(D)；潜在失效原因/机理,60,
371,371,baseline模型,baseline兼容旧逻辑,故障原因诊断类,后果探测度查原因,后果到原因推理,,,困难,某条FMEA记录显示：“Additional Structures Failures”会导致“Potential failure”，现行探测难度D为2.57；请判断其潜在原因。,"Operation; Ladders Corrosion [1,12]","失效原因 / FailureCause / cause / reason / 为什么 / 为啥 / 咋来的: Operation; Helicopter assistance equipment fail [1,12]",错误,0.0,707.56,语义RAG,0.3333,0.0,0,0.0,3,"Operation; Ladders Corrosion [1,12]",,1.0；12.0,,,"Operation; Ladders Corrosion [1,12]",,潜在失效模式；潜在失效后果；可探测度(D)；潜在失效原因/机理,61,
372,372,baseline模型,baseline兼容旧逻辑,故障原因诊断类,后果探测度查原因,后果到原因推理,,,困难,"某条FMEA记录显示：“Watertight fault”会导致“If these cracks propagate through the wall and lie under water or within the splash zone, then they constitute a risk to the watertightness.”，现行探测难度D为3.25；请判断其潜在原因。","Environmental condition; Marine growth under water can add additional weight and stress for the material, which can lead to cracks in the outer hull","环境条件; Marine growth under water can add additional weight and stress for the material, which can lead to cracks in the outer hull.",错误,0.0,737.96,语义RAG,0.6667,1.0,0,1.0,3,"Environmental condition; Marine growth under water can add additional weight and stress for the material, which can lead to cracks in the outer hull",,,,,"Environmental condition; Marine growth under water can add additional weight and stress for the material, which can lead to cracks in the outer hull",,潜在失效模式；潜在失效后果；可探测度(D)；潜在失效原因/机理,62,
373,373,baseline模型,baseline兼容旧逻辑,故障原因诊断类,后果探测度查原因,后果到原因推理,,,困难,"某条FMEA记录显示：“Additional Structures Failures”会导致“Increased risk of collision, potential damage to the floater”，现行探测难度D为2；请判断其潜在原因。","Operation; Navigation and work lights fail [1,12]","失效原因 / FailureCause / cause / reason / 为什么 / 为啥 / 咋来的: Operation; Navigation and work lights fail [1,12]",正确,1.0,711.29,语义RAG,0.3333,1.0,0,1.0,3,,,1.0；12.0,,,"Operation; Navigation and work lights fail [1,12]",,潜在失效模式；潜在失效后果；可探测度(D)；潜在失效原因/机理,63,
374,374,baseline模型,baseline兼容旧逻辑,故障原因诊断类,后果探测度查原因,后果到原因推理,,,困难,"某条FMEA记录显示：“Hit by dropped objects”会导致“Damage to the facility, vast economic loses”，现行探测难度D为4.67；请判断其潜在原因。",Operation; Plane crush,失效原因 / FailureCause / cause / reason / 为啥 / 咋来的: Operation; Plane crush,正确,1.0,637.6,语义RAG,1.0,1.0,0,1.0,3,,,,,,Operation; Plane crush,,潜在失效模式；潜在失效后果；可探测度(D)；潜在失效原因/机理,64,
375,375,baseline模型,baseline兼容旧逻辑,故障原因诊断类,后果探测度查原因,后果到原因推理,,,困难,某条FMEA记录显示：“Additional Structures Failures”会导致“Potential failure”，现行探测难度D为3；请判断其潜在原因。,"Operation; Sensors for platform monitoring fail [1,12]","失效原因 / FailureCause / cause / reason / 为什么 / 为啥 / 咋来的: Operation; Helicopter assistance equipment fail [1,12]",错误,0.0,718.49,语义RAG,0.6667,1.0,0,1.0,3,"Operation; Sensors for platform monitoring fail [1,12]",,1.0；12.0,,,"Operation; Sensors for platform monitoring fail [1,12]",,潜在失效模式；潜在失效后果；可探测度(D)；潜在失效原因/机理,65,
376,376,baseline模型,baseline兼容旧逻辑,故障原因诊断类,后果探测度查原因,后果到原因推理,,,困难,某条FMEA记录显示：“Structural break”会导致“Asset damage Energy production loss/reduced stability”，现行探测难度D为3.25；请判断其潜在原因。,Operation and Maintenance; Structural component degradation due to corrosion [12],失效原因 / FailureCause / cause / reason / 为什么 / 为啥 / 咋来的: Operation and Maintenance; Structural component degradation due to corrosion [12],正确,1.0,795.15,语义RAG,0.6667,1.0,0,1.0,3,,,12.0,,,Operation and Maintenance; Structural component degradation due to corrosion [12],,潜在失效模式；潜在失效后果；可探测度(D)；潜在失效原因/机理,66,
377,377,baseline模型,baseline兼容旧逻辑,故障原因诊断类,后果探测度查原因,后果到原因推理,,,困难,"某条FMEA记录显示：“Structural break”会导致“Watertight fault, Potential Floater Unit sinkage”，现行探测难度D为3.2；请判断其潜在原因。",Operation and Maintenance; Structural degradation due to corrosion [11],失效原因 / FailureCause / cause / reason / 为啥 / 咋来的: Structural degradation due to corrosion [11],错误,0.0,658.23,语义RAG,0.3333,1.0,0,1.0,3,Operation and Maintenance; Structural degradation due to corrosion [11],,11.0,,,Operation and Maintenance; Structural degradation due to corrosion [11],,潜在失效模式；潜在失效后果；可探测度(D)；潜在失效原因/机理,67,
378,378,baseline模型,baseline兼容旧逻辑,故障原因诊断类,后果探测度查原因,后果到原因推理,,,困难,某条FMEA记录显示：“Structural break”会导致“Tower collapse”，现行探测难度D为3.6；请判断其潜在原因。,Operation; Structure brittle fracture due to extreme environmental temperature,失效原因 / FailureCause / cause / reason / 为什么 / 为啥 / 咋来的: Operation; Structure brittle fracture due to extreme environmental temperature,正确,1.0,717.99,语义RAG,0.6667,1.0,0,1.0,3,,,,,,Operation; Structure brittle fracture due to extreme environmental temperature,,潜在失效模式；潜在失效后果；可探测度(D)；潜在失效原因/机理,68,
379,379,baseline模型,baseline兼容旧逻辑,故障原因诊断类,后果探测度查原因,后果到原因推理,,,困难,某条FMEA记录显示：“Floater unit sinkage”会导致“Potential Failure/Asset damage Energy production loss”，现行探测难度D为2.6；请判断其潜在原因。,Operation; Structures break/collapse due to collision with other FWT,失效原因 / FailureCause / cause / reason / 为什么 / 为啥 / 咋来的: Operation; Structures break/collapse due to collision with other FWT,正确,1.0,732.23,语义RAG,0.6667,1.0,0,1.0,3,,,,,,Operation; Structures break/collapse due to collision with other FWT,,潜在失效模式；潜在失效后果；可探测度(D)；潜在失效原因/机理,69,
380,380,baseline模型,baseline兼容旧逻辑,故障原因诊断类,后果探测度查原因,后果到原因推理,,,困难,"某条FMEA记录显示：“Hit by dropped objects”会导致“Damage to the facility, vast economic loses”，现行探测难度D为3.17；请判断其潜在原因。",Environmental condition; Typhoon can cause failure of the floating unit if it gets hit by dropping objects. (eg. damaged blade)(strong wind/wave),失效原因 / FailureCause / cause / reason / 为啥 / 咋来的: Environmental condition; Typhoon can cause failure of the floating unit if it gets hit by dropping objects. (eg. damaged blade)(strong wind/wave),正确,1.0,867.5,语义RAG,1.0,1.0,0,1.0,3,,,,,,Environmental condition; Typhoon can cause failure of the floating unit if it gets hit by dropping objects. (eg. damaged blade)(strong wind/wave),,潜在失效模式；潜在失效后果；可探测度(D)；潜在失效原因/机理,70,
381,381,baseline模型,baseline兼容旧逻辑,故障原因诊断类,后果探测度查原因,后果到原因推理,,,困难,"某条FMEA记录显示：“Structural break”会导致“Watertight fault, Potential Floater Unit sinkage”，现行探测难度D为3；请判断其潜在原因。",Design; Underdesigned structure/Component due to insufficient environmental data,失效原因 / FailureCause / cause / reason / 为什么 / 为啥 / 咋来的: Structural degradation due to corrosion [11],错误,0.0,715.57,语义RAG,0.3333,0.0,0,0.0,3,Design; Underdesigned structure/Component due to insufficient environmental data,,,,,Design; Underdesigned structure/Component due to insufficient environmental data,,潜在失效模式；潜在失效后果；可探测度(D)；潜在失效原因/机理,71,
382,382,baseline模型,baseline兼容旧逻辑,故障原因诊断类,后果探测度查原因,后果到原因推理,,,困难,"某条FMEA记录显示：“Structural break”会导致“Watertight fault, Potential Floater Unit sinkage”，现行探测难度D为3.6；请判断其潜在原因。",Maintenance; Undetected defects due to poor quality control,失效原因 / FailureCause / cause / reason / 为什么 / 为啥 / 咋来的: Structural degradation due to corrosion [11],错误,0.0,542.49,语义RAG,0.3333,0.0,0,0.0,3,Maintenance; Undetected defects due to poor quality control,,,,,Maintenance; Undetected defects due to poor quality control,,潜在失效模式；潜在失效后果；可探测度(D)；潜在失效原因/机理,72,
383,383,baseline模型,baseline兼容旧逻辑,故障原因诊断类,后果探测度查原因,后果到原因推理,,,困难,某条FMEA记录显示：“Watertight fault”会导致“Reduced stability”，现行探测难度D为3.6；请判断其潜在原因。,Manufacturing and Installation; Ventilation heads/Manholes failure due to Manufacturing defect/Welding defect,失效原因 / FailureCause / cause / reason / 为什么 / 为啥 / 咋来的: Manufacturing and Installation; Ventilation heads/Manholes failure due to Manufacturing defect/Welding defect,正确,1.0,791.7,语义RAG,0.6667,1.0,0,1.0,3,,,,,,Manufacturing and Installation; Ventilation heads/Manholes failure due to Manufacturing defect/Welding defect,,潜在失效模式；潜在失效后果；可探测度(D)；潜在失效原因/机理,73,
384,384,baseline模型,baseline兼容旧逻辑,故障原因诊断类,后果探测度查原因,后果到原因推理,,,困难,某条FMEA记录显示：“Cracks”会导致“Watertight fault”，现行探测难度D为3.2；请判断其潜在原因。,Manufacturing; Welding failure,失效原因 / FailureCause / cause / reason / 为什么 / 为啥 / 咋来的: Manufacturing; Welding failure,正确,1.0,637.88,语义RAG,0.3333,1.0,0,1.0,3,,,,,,Manufacturing; Welding failure,,潜在失效模式；潜在失效后果；可探测度(D)；潜在失效原因/机理,74,
385,385,baseline模型,baseline兼容旧逻辑,故障原因诊断类,后果探测度查原因,后果到原因推理,,,困难,某条FMEA记录显示：“Anchor failure”会导致“Anchor failure”，现行探测难度D为3.8；请判断其潜在原因。,Operation; Abnormal working conditions,失效原因 / FailureCause / cause / reason / 为什么 / 为啥 / 咋来的: Operation; Cyclic degradation; Abnormal working conditions.,错误,0.0,707.08,语义RAG,0.3333,1.0,0,1.0,3,Operation; Abnormal working conditions,,,,,Operation; Abnormal working conditions,,潜在失效模式；潜在失效后果；可探测度(D)；潜在失效原因/机理,75,
386,386,baseline模型,baseline兼容旧逻辑,故障原因诊断类,后果探测度查原因,后果到原因推理,,,困难,某条FMEA记录显示：“Failure in buoyancy element”会导致“未说明”，现行探测难度D为3.25；请判断其潜在原因。,Operation,失效原因 / FailureCause: Operation,正确,1.0,485.81,语义RAG,0.6667,1.0,0,1.0,3,,,,,,Operation,,潜在失效模式；潜在失效后果；可探测度(D)；潜在失效原因/机理,77,
387,387,baseline模型,baseline兼容旧逻辑,故障原因诊断类,后果探测度查原因,后果到原因推理,,,困难,某条FMEA记录显示：“Failure in clump weight”会导致“未说明”，现行探测难度D为3.5；请判断其潜在原因。,Operation,失效原因 / FailureCause / cause / reason / 为什么 / 为啥 / 咋来的: Operation,正确,1.0,603.65,语义RAG,0.6667,1.0,0,1.0,3,,,,,,Operation,,潜在失效模式；潜在失效后果；可探测度(D)；潜在失效原因/机理,78,
388,388,baseline模型,baseline兼容旧逻辑,故障原因诊断类,后果探测度查原因,后果到原因推理,,,困难,某条FMEA记录显示：“Fairlead failure”会导致“The anchor cannot be dropped and lift”，现行探测难度D为3；请判断其潜在原因。,Operation; Fairlead fatigue,失效原因 / FailureCause / cause / reason / 为什么 / 为啥 / 咋来的: Operation; Fairlead corrosion,错误,0.0,656.99,语义RAG,0.6667,1.0,0,1.0,3,Operation; Fairlead fatigue,,,,,Operation; Fairlead fatigue,,潜在失效模式；潜在失效后果；可探测度(D)；潜在失效原因/机理,79,
389,389,baseline模型,baseline兼容旧逻辑,故障原因诊断类,后果探测度查原因,后果到原因推理,,,困难,某条FMEA记录显示：“Monitoring system fails”会导致“Unable to monitor tension in the mooring lines”，现行探测难度D为2；请判断其潜在原因。,Operation,失效原因 / FailureCause / cause / reason / 为什么 / 为啥 / 咋来的: Operation,正确,1.0,629.39,语义RAG,0.6667,1.0,0,1.0,3,,,,,,Operation,,潜在失效模式；潜在失效后果；可探测度(D)；潜在失效原因/机理,81,
390,390,baseline模型,baseline兼容旧逻辑,故障原因诊断类,后果探测度查原因,后果到原因推理,,,困难,某条FMEA记录显示：“Mooring line breakage”会导致“Mooring line strength decrease or broken”，现行探测难度D为3.2；请判断其潜在原因。,Manufacturing; Poor splice quality/ workmanship/qualification,失效原因 / FailureCause / cause / reason / 为什么 / 为啥 / 咋来的: Environmental condition; Abnormal stress due to mooring lines wear caused by unexpected seismic loads/ The tension overpassing the limit value can cause the mooring line to instantaneously break [18],错误,0.0,958.42,语义RAG,1.0,0.0,0,0.0,3,Manufacturing; Poor splice quality/ workmanship/qualification,,,,,Manufacturing; Poor splice quality/ workmanship/qualification,,潜在失效模式；潜在失效后果；可探测度(D)；潜在失效原因/机理,82,
391,391,baseline模型,baseline兼容旧逻辑,故障原因诊断类,后果探测度查原因,后果到原因推理,,,困难,某条FMEA记录显示：“Mooring line breakage”会导致“Mooring line strength decrease or broken”，现行探测难度D为2.6；请判断其潜在原因。,Environmental condition; Abnormal stress due to mooring lines wear caused by unexpected seismic loads/ The tension overpassing the limit value can cause the mooring line to instantaneously break [18],失效原因 / FailureCause: Environmental condition; Abnormal stress due to mooring lines wear caused by unexpected seismic loads/ The tension overpassing the limit value can cause the mooring line to instantaneously break [18],正确,1.0,641.08,语义RAG,1.0,1.0,0,1.0,3,,,18.0,,,Environmental condition; Abnormal stress due to mooring lines wear caused by unexpected seismic loads/ The tension overpassing the limit value can cause the mooring line to instantaneously break [18],,潜在失效模式；潜在失效后果；可探测度(D)；潜在失效原因/机理,83,
392,392,baseline模型,baseline兼容旧逻辑,故障原因诊断类,后果探测度查原因,后果到原因推理,,,困难,某条FMEA记录显示：“Mooring line breakage”会导致“Mooring line strength decrease or broken”，现行探测难度D为3；请判断其潜在原因。,Environmental condition; Mooring lines wear caused by unexpected external damage (from e.g. overtrawling)/particulate ingress/UV light,失效原因 / FailureCause: Environmental condition; Abnormal stress due to mooring lines wear caused by unexpected seismic loads/ The tension overpassing the limit value can cause the mooring line to instantaneously break [18] 失效原因 / FailureCause: Environmental condition; Mooring lines wear caused by unexpected external damage (from e.g. overtrawling)/particulate ingress/UV light 失效原因 / FailureCause: Manufacturing; Poor splice quality/workmanship/qualification,正确,1.0,1129.72,语义RAG,1.0,1.0,0,1.0,3,,,,,,Environmental condition; Mooring lines wear caused by unexpected external damage (from e.g. overtrawling)/particulate ingress/UV light,,潜在失效模式；潜在失效后果；可探测度(D)；潜在失效原因/机理,84,
393,393,baseline模型,baseline兼容旧逻辑,故障原因诊断类,后果探测度查原因,后果到原因推理,,,困难,某条FMEA记录显示：“Mooring Line Corrosion”会导致“Mooring line strength decrease or broken”，现行探测难度D为3；请判断其潜在原因。,Maintenance; Mooring lines corrosion due to improper maintenance of the corroded components,失效原因 / FailureCause / cause / reason / 为什么 / 为啥 / 咋来的: Environmental condition; Mooring lines wear caused by unexpected external damage (from e.g. overtrawling)/particulate ingress/UV light,错误,0.0,812.24,语义RAG,1.0,0.0,0,0.0,3,Maintenance; Mooring lines corrosion due to improper maintenance of the corroded components,,,,,Maintenance; Mooring lines corrosion due to improper maintenance of the corroded components,,潜在失效模式；潜在失效后果；可探测度(D)；潜在失效原因/机理,85,
394,394,baseline模型,baseline兼容旧逻辑,故障原因诊断类,后果探测度查原因,后果到原因推理,,,困难,某条FMEA记录显示：“Mooring Line Fatigue”会导致“Mooring line strength decrease or broken”，现行探测难度D为3；请判断其潜在原因。,"Maintenance; Mooring line fatigue due to Lack of proper maintenance, including inspection, monitoring, and replacement of the mooring lines.","失效原因 / FailureCause / cause / reason / 为啥来的原因: Maintenance; Mooring line fatigue due to Lack of proper maintenance, including inspection, monitoring, and replacement of the mooring lines.",正确,1.0,628.99,语义RAG,1.0,1.0,0,1.0,3,,,,,,"Maintenance; Mooring line fatigue due to Lack of proper maintenance, including inspection, monitoring, and replacement of the mooring lines.",,潜在失效模式；潜在失效后果；可探测度(D)；潜在失效原因/机理,86,
395,395,baseline模型,baseline兼容旧逻辑,故障原因诊断类,后果探测度查原因,后果到原因推理,,,困难,某条FMEA记录显示：“Mooring line wear”会导致“Mooring line strength decrease or broken”，现行探测难度D为3.6；请判断其潜在原因。,Manufacturing; Mooring lines wear due to poor quality during fabrication,"失效原因 / FailureCause / cause / reason / 为什么 / 为啥 / 咋来的: Operation; Mooring lines wear due to Improper handling, such as excessive tension, bending, or twisting of the mooring lines.",错误,0.0,868.03,语义RAG,1.0,1.0,0,1.0,3,Manufacturing; Mooring lines wear due to poor quality during fabrication,,,,,Manufacturing; Mooring lines wear due to poor quality during fabrication,,潜在失效模式；潜在失效后果；可探测度(D)；潜在失效原因/机理,88,
396,396,baseline模型,baseline兼容旧逻辑,故障原因诊断类,后果探测度查原因,后果到原因推理,,,困难,某条FMEA记录显示：“Mooring lines broken”会导致“Asset not in correct location or position”，现行探测难度D为2.6；请判断其潜在原因。,Operation; Transitional chain wear due to repeated loading and unloading cycles over time,失效原因 / FailureCause / cause / reason / 为什么 / 为啥 / 咋来的: Maintenance; Transitional chain wear due to improper inspection and maintenance,错误,0.0,682.42,语义RAG,1.0,0.0,0,0.0,3,Operation; Transitional chain wear due to repeated loading and unloading cycles over time,,,,,Operation; Transitional chain wear due to repeated loading and unloading cycles over time,,潜在失效模式；潜在失效后果；可探测度(D)；潜在失效原因/机理,91,
397,397,baseline模型,baseline兼容旧逻辑,故障原因诊断类,后果探测度查原因,后果到原因推理,,,困难,某条FMEA记录显示：“Mooring lines broken”会导致“Asset not in correct location or position”，现行探测难度D为3；请判断其潜在原因。,Operation; Mooring line wear due to hysteretic heating or wet-dry cycling,失效原因 / FailureCause / cause / reason / 为什么 / 为啥 / 咋来的: Operation; Mooring line wear due to hysteretic heating or wet-dry cycling,正确,1.0,708.05,语义RAG,1.0,1.0,0,1.0,3,,,,,,Operation; Mooring line wear due to hysteretic heating or wet-dry cycling,,潜在失效模式；潜在失效后果；可探测度(D)；潜在失效原因/机理,94,
398,398,baseline模型,baseline兼容旧逻辑,故障原因诊断类,后果探测度查原因,后果到原因推理,,,困难,某条FMEA记录显示：“Mooring winch failure”会导致“Asset not in correct location or position”，现行探测难度D为2.8；请判断其潜在原因。,Design; Mooring winch failure due to understimation of loads during design phase,失效原因 / FailureCause / cause / reason / 为什么 / 为啥 / 咋来的: Design; Mooring winch failure due to understimation of loads during design phase,正确,1.0,795.37,语义RAG,1.0,1.0,0,1.0,3,,,,,,Design; Mooring winch failure due to understimation of loads during design phase,,潜在失效模式；潜在失效后果；可探测度(D)；潜在失效原因/机理,95,
399,399,baseline模型,baseline兼容旧逻辑,故障原因诊断类,后果探测度查原因,后果到原因推理,,,困难,某条FMEA记录显示：“Mooring winch failure”会导致“Asset not in correct location or position”，现行探测难度D为3.2；请判断其潜在原因。,Maintenance; Mooring winch failure due to undetected hazard during operation,失效原因 / FailureCause / cause / reason / 为什么 / 为啥 / 咋来的: Maintenance; Mooring winch failure due to undetected hazard during operation,正确,1.0,577.02,语义RAG,1.0,1.0,0,1.0,3,,,,,,Maintenance; Mooring winch failure due to undetected hazard during operation,,潜在失效模式；潜在失效后果；可探测度(D)；潜在失效原因/机理,96,
400,400,baseline模型,baseline兼容旧逻辑,故障原因诊断类,后果探测度查原因,后果到原因推理,,,困难,某条FMEA记录显示：“accelerated mechanical fatigue”会导致“Structural damage - cable composition weakening”，现行探测难度D为3.75；请判断其潜在原因。,Design Phase; Underestimation of dynamic conditions - Unexpected contingency scenario ( loss of mooring line ) - unexpected dynamic loads,失效原因 / FailureCause / cause / reason / 为啥来的原因: Design Phase; Underestimation of dynamic conditions - Unexpected contingency scenario ( loss of mooring line ) - unexpected dynamic loads,正确,1.0,806.41,语义RAG,0.6667,1.0,0,1.0,3,,,,,,Design Phase; Underestimation of dynamic conditions - Unexpected contingency scenario ( loss of mooring line ) - unexpected dynamic loads,,潜在失效模式；潜在失效后果；可探测度(D)；潜在失效原因/机理,97,
401,401,baseline模型,baseline兼容旧逻辑,故障原因诊断类,后果探测度查原因,后果到原因推理,,,困难,某条FMEA记录显示：“anchoring damages”会导致“Structural integrity damage - extra stress on cables”，现行探测难度D为2.4；请判断其潜在原因。,Environmental conditions; Anchor impacts - seabed movement,失效原因 / FailureCause / cause / reason / 为什么 / 为啥 / 咋来的: Environmental conditions; Anchor impacts - seabed movement,正确,1.0,749.3,语义RAG,0.3333,1.0,0,1.0,3,,,,,,Environmental conditions; Anchor impacts - seabed movement,,潜在失效模式；潜在失效后果；可探测度(D)；潜在失效原因/机理,98,
402,402,baseline模型,baseline兼容旧逻辑,故障原因诊断类,后果探测度查原因,后果到原因推理,,,困难,某条FMEA记录显示：“Cable Damage”会导致“Operational disruption”，现行探测难度D为3；请判断其潜在原因。,"Operation; Mechanical stress - cable motion,Bending and motion","失效原因 / FailureCause: Mechanical stress - cable motion, Bending and motion",错误,0.0,540.72,语义RAG,1.0,1.0,0,1.0,3,"Operation; Mechanical stress - cable motion,Bending and motion",,,,,"Operation; Mechanical stress - cable motion,Bending and motion",,潜在失效模式；潜在失效后果；可探测度(D)；潜在失效原因/机理,99,
403,403,baseline模型,baseline兼容旧逻辑,故障原因诊断类,后果探测度查原因,后果到原因推理,,,困难,某条FMEA记录显示：“Corrosion of J-tube”会导致“J-tube degradation affecting cable integrity”，现行探测难度D为3.2；请判断其潜在原因。,"Installation phase; Seawater exposure, environmental conditions due to failure of corrosion protection anodes","失效原因 / FailureCause / cause / reason / 为啥 / 咋来的: Installation phase; Seawater exposure, environmental conditions due to failure of corrosion protection anodes",正确,1.0,745.54,语义RAG,1.0,1.0,0,1.0,3,,,,,,"Installation phase; Seawater exposure, environmental conditions due to failure of corrosion protection anodes",,潜在失效模式；潜在失效后果；可探测度(D)；潜在失效原因/机理,100,
404,404,baseline模型,baseline兼容旧逻辑,故障原因诊断类,后果探测度查原因,后果到原因推理,,,困难,某条FMEA记录显示：“Corrosion of J-tube”会导致“J-tube degradation affecting cable integrity”，现行探测难度D为3.4；请判断其潜在原因。,"Design Phase; Seawater exposure, environmental conditions due to insufficient coating","失效原因 / FailureCause / cause / reason / 为啥来的原因: Design Phase; Seawater exposure, environmental conditions due to insufficient coating",正确,1.0,698.22,语义RAG,1.0,1.0,0,1.0,3,,,,,,"Design Phase; Seawater exposure, environmental conditions due to insufficient coating",,潜在失效模式；潜在失效后果；可探测度(D)；潜在失效原因/机理,101,
405,405,baseline模型,baseline兼容旧逻辑,故障原因诊断类,后果探测度查原因,后果到原因推理,,,困难,某条FMEA记录显示：“Crushing or deformation”会导致“Structural damage - cable weakening”，现行探测难度D为3.2；请判断其潜在原因。,Design Phase; Excessive mechanical load - equipment interraction,失效原因 / FailureCause / cause / reason / 为什么 / 为啥 / 咋来的: Design Phase; Excessive mechanical load - equipment interraction,正确,1.0,714.37,语义RAG,0.3333,1.0,0,1.0,3,,,,,,Design Phase; Excessive mechanical load - equipment interraction,,潜在失效模式；潜在失效后果；可探测度(D)；潜在失效原因/机理,102,
406,406,baseline模型,baseline兼容旧逻辑,故障原因诊断类,后果探测度查原因,后果到原因推理,,,困难,某条FMEA记录显示：“damage and corrosion of mechanical parts”会导致“High risk of fault on the cable - total loss of the line Prodution loss on the string”，现行探测难度D为3.5；请判断其潜在原因。,Design Phase; Wrong design/execution of the isolation material,失效原因 / FailureCause / cause / reason / 为什么 / 为啥 / 咋来的: Design Phase; Wrong design/execution of the isolation material,正确,1.0,704.06,语义RAG,0.6667,1.0,0,1.0,3,,,,,,Design Phase; Wrong design/execution of the isolation material,,潜在失效模式；潜在失效后果；可探测度(D)；潜在失效原因/机理,103,
407,407,baseline模型,baseline兼容旧逻辑,故障原因诊断类,后果探测度查原因,后果到原因推理,,,困难,某条FMEA记录显示：“Debris disturbance”会导致“Cable damage - operational disruption”，现行探测难度D为3.2；请判断其潜在原因。,Environmental conditions; Floating debris - marine activities,失效原因 / FailureCause / cause / reason / 为什么 / 为啥 / 咋来的: Environmental conditions; Floating debris - marine activities,正确,1.0,685.73,语义RAG,0.3333,1.0,0,1.0,3,,,,,,Environmental conditions; Floating debris - marine activities,,潜在失效模式；潜在失效后果；可探测度(D)；潜在失效原因/机理,104,
408,408,baseline模型,baseline兼容旧逻辑,故障原因诊断类,后果探测度查原因,后果到原因推理,,,困难,某条FMEA记录显示：“Detachment”会导致“cable disconnection - water penetration - Power loss”，现行探测难度D为2.4；请判断其潜在原因。,Operation; Connector failure - Mechanical stress,失效原因 / FailureCause / cause / reason / 为什么 / 为啥 / 咋来的: Operation; Connector failure - Mechanical stress,正确,1.0,706.11,语义RAG,0.3333,1.0,0,1.0,3,,,,,,Operation; Connector failure - Mechanical stress,,潜在失效模式；潜在失效后果；可探测度(D)；潜在失效原因/机理,105,
409,409,baseline模型,baseline兼容旧逻辑,故障原因诊断类,后果探测度查原因,后果到原因推理,,,困难,某条FMEA记录显示：“Failure of end termination”会导致“breakdown of insulation”，现行探测难度D为2.8；请判断其潜在原因。,Manufacturing; Poor quality components [6],Manufacturing; Quality of workmanship [6],错误,0.0,513.34,语义RAG,1.0,1.0,0,1.0,3,Manufacturing; Poor quality components [6],,6.0,,,Manufacturing; Poor quality components [6],,潜在失效模式；潜在失效后果；可探测度(D)；潜在失效原因/机理,106,
410,410,baseline模型,baseline兼容旧逻辑,故障原因诊断类,后果探测度查原因,后果到原因推理,,,困难,某条FMEA记录显示：“Failure of end termination”会导致“breakdown of insulation”，现行探测难度D为3.2；请判断其潜在原因。,Manufacturing; Poor quality of insulating fluids [6],Manufacturing; Poor quality of insulating fluids [6],正确,1.0,398.1,语义RAG,1.0,1.0,0,1.0,3,,,6.0,,,Manufacturing; Poor quality of insulating fluids [6],,潜在失效模式；潜在失效后果；可探测度(D)；潜在失效原因/机理,107,
411,411,baseline模型,baseline兼容旧逻辑,故障原因诊断类,后果探测度查原因,后果到原因推理,,,困难,某条FMEA记录显示：“Failure of fixing clamps”会导致“Cable damage - exposure to elements”，现行探测难度D为3；请判断其潜在原因。,Operation; Mechanical stress,失效原因 / FailureCause / cause / reason / 为什么 / 为啥 / 咋来的: Operation; Mechanical stress,正确,1.0,684.58,语义RAG,0.3333,1.0,0,1.0,3,,,,,,Operation; Mechanical stress,,潜在失效模式；潜在失效后果；可探测度(D)；潜在失效原因/机理,109,
412,412,baseline模型,baseline兼容旧逻辑,故障原因诊断类,后果探测度查原因,后果到原因推理,,,困难,某条FMEA记录显示：“Failure of insulations”会导致“Fault in the cable - power disruption”，现行探测难度D为2.8；请判断其潜在原因。,Design Phase; Inproper design : need quality insulation materials and protection,Design Phase; Inproper design : need quality insulation materials and protection,正确,1.0,542.89,语义RAG,0.6667,1.0,0,1.0,3,,,,,,Design Phase; Inproper design : need quality insulation materials and protection,,潜在失效模式；潜在失效后果；可探测度(D)；潜在失效原因/机理,110,
413,413,baseline模型,baseline兼容旧逻辑,故障原因诊断类,后果探测度查原因,后果到原因推理,,,困难,某条FMEA记录显示：“Failure of sheath”会导致“Fault in the cable - exposure to elements”，现行探测难度D为3；请判断其潜在原因。,Operation; Mechanical and thermal stress,失效原因是 Operation; Mechanical and thermal stress。,正确,1.0,518.46,语义RAG,0.6667,1.0,0,1.0,3,,,,,,Operation; Mechanical and thermal stress,,潜在失效模式；潜在失效后果；可探测度(D)；潜在失效原因/机理,111,
414,414,baseline模型,baseline兼容旧逻辑,故障原因诊断类,后果探测度查原因,后果到原因推理,,,困难,某条FMEA记录显示：“Failure of watertightness”会导致“Reduced or interupted electricity flow”，现行探测难度D为3；请判断其潜在原因。,Manufacturing; Errors or defects during manufacturing,失效原因 / FailureCause / cause / reason / 为什么 / 为啥 / 咋来的: Manufacturing; Errors or defects during manufacturing,正确,1.0,706.54,语义RAG,0.6667,1.0,0,1.0,3,,,,,,Manufacturing; Errors or defects during manufacturing,,潜在失效模式；潜在失效后果；可探测度(D)；潜在失效原因/机理,112,
415,415,baseline模型,baseline兼容旧逻辑,故障原因诊断类,后果探测度查原因,后果到原因推理,,,困难,某条FMEA记录显示：“Failure of watertightness”会导致“Reduced or interupted electricity flow”，现行探测难度D为3.6；请判断其潜在原因。,Operation; Damage on the cable due to extreme environmental events,失效原因 / FailureCause / cause / reason / 为什么 / 为啥 / 咋来的: Operation; Damage on the cable due to extreme environmental events,正确,1.0,554.42,语义RAG,0.6667,1.0,0,1.0,3,,,,,,Operation; Damage on the cable due to extreme environmental events,,潜在失效模式；潜在失效后果；可探测度(D)；潜在失效原因/机理,113,
416,416,baseline模型,baseline兼容旧逻辑,故障原因诊断类,后果探测度查原因,后果到原因推理,,,困难,某条FMEA记录显示：“failures of conductors”会导致“Electrical faults - loss of production”，现行探测难度D为2.4；请判断其潜在原因。,Operation; Internal damage: Problem in insulation material - Electrical overload,失效原因 / FailureCause / cause / reason / 为什么 / 为啥 / 咋来的: Operation; Internal damage: Problem in insulation material - Electrical overload,正确,1.0,710.31,语义RAG,0.6667,1.0,0,1.0,3,,,,,,Operation; Internal damage: Problem in insulation material - Electrical overload,,潜在失效模式；潜在失效后果；可探测度(D)；潜在失效原因/机理,114,
417,417,baseline模型,baseline兼容旧逻辑,故障原因诊断类,后果探测度查原因,后果到原因推理,,,困难,某条FMEA记录显示：“Fatigue Cracks”会导致“Crack may evolve in a fault of the cable - Cable weakening”，现行探测难度D为3.6；请判断其潜在原因。,Operation; Repeated stress cycles - bending motions,失效原因 / FailureCause: Operation; Repeated stress cycles - bending motions,正确,1.0,561.25,语义RAG,0.3333,1.0,0,1.0,3,,,,,,Operation; Repeated stress cycles - bending motions,,潜在失效模式；潜在失效后果；可探测度(D)；潜在失效原因/机理,115,
418,418,baseline模型,baseline兼容旧逻辑,故障原因诊断类,后果探测度查原因,后果到原因推理,,,困难,"某条FMEA记录显示：“Geo-Hazards”会导致“Cable damage, production disruption”，现行探测难度D为3.5；请判断其潜在原因。","Design Phase; Unexpected contingency ( earthquake, seabed movement)","失效原因 / FailureCause / cause / reason / 为什么 / 为啥 / 咋来的: Design Phase; Unexpected contingency ( earthquake, seabed movement)",正确,1.0,710.37,语义RAG,0.3333,1.0,0,1.0,3,,,,,,"Design Phase; Unexpected contingency ( earthquake, seabed movement)",,潜在失效模式；潜在失效后果；可探测度(D)；潜在失效原因/机理,116,
419,419,baseline模型,baseline兼容旧逻辑,故障原因诊断类,后果探测度查原因,后果到原因推理,,,困难,某条FMEA记录显示：“Loss of dynamic positioning”会导致“Cables stress”，现行探测难度D为3；请判断其潜在原因。,Environmental conditions; Dynamic positioning system failure due to excessive environmental conditions,失效原因 / FailureCause / cause / reason / 为什么 / 为啥 / 咋来的: Environmental conditions; Dynamic positioning system failure due to excessive environmental conditions,正确,1.0,695.33,语义RAG,0.3333,1.0,0,1.0,3,,,,,,Environmental conditions; Dynamic positioning system failure due to excessive environmental conditions,,潜在失效模式；潜在失效后果；可探测度(D)；潜在失效原因/机理,117,
420,420,baseline模型,baseline兼容旧逻辑,故障原因诊断类,后果探测度查原因,后果到原因推理,,,困难,某条FMEA记录显示：“Loss of float bility (water adsorption)”会导致“未说明”，现行探测难度D为3；请判断其潜在原因。,Operation,失效原因 / FailureCause / cause / reason / 为什么 / 为啥 / 咋来的: Operation,正确,1.0,568.33,语义RAG,0.6667,1.0,0,1.0,3,,,,,,Operation,,潜在失效模式；潜在失效后果；可探测度(D)；潜在失效原因/机理,118,
421,421,baseline模型,baseline兼容旧逻辑,故障原因诊断类,后果探测度查原因,后果到原因推理,,,困难,某条FMEA记录显示：“material degradation”会导致“Weakening of cable materials - loss of production”，现行探测难度D为3；请判断其潜在原因。,Design Phase; Underestimation of dynamic conditions - Unexpected contingency scenario ( loss of mooring line ),失效原因 / FailureCause / cause / reason / 为什么 / 为啥 / 咋来的: Design Phase; Underestimation of dynamic conditions - Unexpected contingency scenario ( loss of mooring line ),正确,1.0,843.04,语义RAG,0.3333,1.0,0,1.0,3,,,,,,Design Phase; Underestimation of dynamic conditions - Unexpected contingency scenario ( loss of mooring line ),,潜在失效模式；潜在失效后果；可探测度(D)；潜在失效原因/机理,119,
422,422,baseline模型,baseline兼容旧逻辑,故障原因诊断类,后果探测度查原因,后果到原因推理,,,困难,某条FMEA记录显示：“Mechanical degradation”会导致“未说明”，现行探测难度D为2.5；请判断其潜在原因。,Operation,失效原因 / FailureCause / cause / reason / 为什么 / 为啥 / 咋来的: Mechanical degradation,错误,0.0,941.03,语义RAG,0.0,1.0,0,1.0,3,Operation,,,,,Operation,,潜在失效模式；潜在失效后果；可探测度(D)；潜在失效原因/机理,120,
423,423,baseline模型,baseline兼容旧逻辑,故障原因诊断类,后果探测度查原因,后果到原因推理,,,困难,某条FMEA记录显示：“Movement of CPS due to scour/seabed mobility”会导致“Cable being vulnerable to scour and need for repair or replacement”，现行探测难度D为4.4；请判断其潜在原因。,Design Phase; Design inefficiency [6],"失效原因 / FailureCause / cause / reason / 为什么 / 为啥 / 咋来的: Design Phase; lack of data of the deployment location [4,6] Design Phase; Design inefficiency [6]",正确,1.0,803.95,语义RAG,1.0,1.0,0,1.0,3,,,6.0；6.0,,,Design Phase; Design inefficiency [6],,潜在失效模式；潜在失效后果；可探测度(D)；潜在失效原因/机理,121,
424,424,baseline模型,baseline兼容旧逻辑,故障原因诊断类,后果探测度查原因,后果到原因推理,,,困难,某条FMEA记录显示：“Movement of CPS due to scour/seabed mobility”会导致“Cable being vulnerable to scour and need for repair or replacement”，现行探测难度D为4；请判断其潜在原因。,Installation phase; incorrect installation [6],失效原因 / FailureCause / cause / reason / 为啥 / 咋来的: Installation phase; incorrect installation [6],正确,1.0,503.03,语义RAG,1.0,1.0,0,1.0,3,,,6.0,,,Installation phase; incorrect installation [6],,潜在失效模式；潜在失效后果；可探测度(D)；潜在失效原因/机理,123,
425,425,baseline模型,baseline兼容旧逻辑,故障原因诊断类,后果探测度查原因,后果到原因推理,,,困难,"某条FMEA记录显示：“Premature damage of outer protection layer”会导致“Structural damage - cable weakening, exposure to elements”，现行探测难度D为3.75；请判断其潜在原因。",Environmental conditions; Environmental exposure - wear,环境条件; Environmental exposure - wear,错误,0.0,489.68,语义RAG,0.3333,1.0,0,1.0,3,Environmental conditions; Environmental exposure - wear,,,,,Environmental conditions; Environmental exposure - wear,,潜在失效模式；潜在失效后果；可探测度(D)；潜在失效原因/机理,124,
426,426,baseline模型,baseline兼容旧逻辑,故障原因诊断类,后果探测度查原因,后果到原因推理,,,困难,"某条FMEA记录显示：“Reduced sediment cover lower than designed value for protection”会导致“need for re-burial, change of cable protection requirement or even replacement of cable”，现行探测难度D为3.8；请判断其潜在原因。",Design Phase; Insufficient information for the deployment location [6],失效原因 / FailureCause / cause / reason / 为什么 / 为啥 / 咋来的: Environmental conditions; exposure of seabed cover to extreme environmental phenomena,错误,0.0,703.41,语义RAG,1.0,1.0,0,1.0,3,Design Phase; Insufficient information for the deployment location [6],,,,,Design Phase; Insufficient information for the deployment location [6],,潜在失效模式；潜在失效后果；可探测度(D)；潜在失效原因/机理,125,
427,427,baseline模型,baseline兼容旧逻辑,故障原因诊断类,后果探测度查原因,后果到原因推理,,,困难,"某条FMEA记录显示：“Reduced sediment cover lower than designed value for protection”会导致“need for re-burial, change of cable protection requirement or even replacement of cable”，现行探测难度D为3.5；请判断其潜在原因。",Design Phase; Insufficient information for the deployment location [6],失效原因 / FailureCause / cause / reason / 为什么 / 为啥 / 咋来的: Environmental conditions; exposure of seabed cover to extreme environmental phenomena,错误,0.0,541.04,语义RAG,1.0,1.0,0,1.0,3,Design Phase; Insufficient information for the deployment location [6],,,,,Design Phase; Insufficient information for the deployment location [6],,潜在失效模式；潜在失效后果；可探测度(D)；潜在失效原因/机理,126,
428,428,baseline模型,baseline兼容旧逻辑,故障原因诊断类,后果探测度查原因,后果到原因推理,,,困难,"某条FMEA记录显示：“Reduced sediment cover lower than designed value for protection”会导致“need for re-burial, change of cable protection requirement or even replacement of cable”，现行探测难度D为4.2；请判断其潜在原因。",Environmental conditions; exposure of seabed cover to extreme environmental phenomena,失效原因 / FailureCause / cause / reason / 为什么 / 为啥 / 咋来的: Environmental conditions; exposure of seabed cover to extreme environmental phenomena,正确,1.0,528.17,语义RAG,1.0,1.0,0,1.0,3,,,,,,Environmental conditions; exposure of seabed cover to extreme environmental phenomena,,潜在失效模式；潜在失效后果；可探测度(D)；潜在失效原因/机理,127,
429,429,baseline模型,baseline兼容旧逻辑,故障原因诊断类,后果探测度查原因,后果到原因推理,,,困难,某条FMEA记录显示：“Small bending radius”会导致“Cable damage - insulation degradation”，现行探测难度D为3.2；请判断其潜在原因。,Operation; Mechanical stress - excessive bending,失效原因 / FailureCause / cause / reason / 为什么 / 为啥 / 咋来的: Operation; Mechanical stress - excessive bending,正确,1.0,685.11,语义RAG,0.3333,1.0,0,1.0,3,,,,,,Operation; Mechanical stress - excessive bending,,潜在失效模式；潜在失效后果；可探测度(D)；潜在失效原因/机理,128,
430,430,baseline模型,baseline兼容旧逻辑,故障原因诊断类,项目失效现象发生度查原因,项目范围原因查询,,,中等,结合项目/功能“Tower / Tower / Primary steelwork”，当“Abnormal vibration”的发生度O为3时，故障原因/机理是哪一项？,Design phase; Resonance occurs when the natural frequency of the tower or other components of the wind turbine matches the frequency of the wind or other external forces.,Environmental condition; Resonance occurs when the natural frequency of the tower or other components of the wind turbine matches the frequency of the wind or other external forces.,错误,0.0,675.14,语义RAG,1.0,0.0,0,,3,Design phase; Resonance occurs when the natural frequency of the tower or other components of the wind turbine matches the frequency of the wind or other external forces.,,,,,Design phase; Resonance occurs when the natural frequency of the tower or other components of the wind turbine matches the frequency of the wind or other external forces.,,项目/功能；潜在失效模式；发生度(O)；潜在失效原因/机理,0,
431,431,baseline模型,baseline兼容旧逻辑,故障原因诊断类,项目失效现象发生度查原因,项目范围原因查询,,,中等,结合项目/功能“Tower / Tower / Primary steelwork”，当“Abnormal vibration”的发生度O为2.2时，故障原因/机理是哪一项？,"Installation phase; Faulty welding of Tower [10,15]","Installation phase; Faulty welding of Tower [10,15]",正确,1.0,450.0,语义RAG,0.6667,1.0,0,,3,,,10.0；15.0,,,"Installation phase; Faulty welding of Tower [10,15]",,项目/功能；潜在失效模式；发生度(O)；潜在失效原因/机理,2,
432,432,baseline模型,baseline兼容旧逻辑,故障原因诊断类,项目失效现象发生度查原因,项目范围原因查询,,,中等,结合项目/功能“Tower / Tower / Primary steelwork”，当“Abnormal vibration”的发生度O为2时，故障原因/机理是哪一项？,"Maintenance phase; Due to poor inspection Faulty welding of Tower couldn't be detected before getting severe [10,15]","Maintenance phase; Due to poor inspection Faulty welding of Tower couldn't be detected before getting severe [10,15]",正确,1.0,659.01,语义RAG,0.6667,1.0,0,,3,,,10.0；15.0,,,"Maintenance phase; Due to poor inspection Faulty welding of Tower couldn't be detected before getting severe [10,15]",,项目/功能；潜在失效模式；发生度(O)；潜在失效原因/机理,3,
433,433,baseline模型,baseline兼容旧逻辑,故障原因诊断类,项目失效现象发生度查原因,项目范围原因查询,,,中等,结合项目/功能“Tower / Tower / Primary steelwork”，当“Cracks”的发生度O为2时，故障原因/机理是哪一项？,"Environmental loads; The interaction between the blades and the tower can cause pressure fluctuations, leading to cyclic fatigue [14]","Environmental loads; The interaction between the blades and the tower can cause pressure fluctuations, leading to cyclic fatigue [14]",正确,1.0,648.64,语义RAG,1.0,1.0,0,,3,,,14.0,,,"Environmental loads; The interaction between the blades and the tower can cause pressure fluctuations, leading to cyclic fatigue [14]",,项目/功能；潜在失效模式；发生度(O)；潜在失效原因/机理,4,
434,434,baseline模型,baseline兼容旧逻辑,故障原因诊断类,项目失效现象发生度查原因,项目范围原因查询,,,中等,结合项目/功能“Tower / Tower / Primary steelwork”，当“Cracks”的发生度O为2.6时，故障原因/机理是哪一项？,Environmental loads; Material fatigue due to high waves and high frequency of loads [1],"Maintenance phase; Blade replacements, repairs, and corrosion mitigation can add stress. Improper execution can lead to damage and fatigue.",错误,0.0,669.58,语义RAG,1.0,0.0,0,,3,Environmental loads; Material fatigue due to high waves and high frequency of loads [1],,,,,Environmental loads; Material fatigue due to high waves and high frequency of loads [1],,项目/功能；潜在失效模式；发生度(O)；潜在失效原因/机理,5,
435,435,baseline模型,baseline兼容旧逻辑,故障原因诊断类,项目失效现象发生度查原因,项目范围原因查询,,,中等,结合项目/功能“Tower / Tower / Primary steelwork”，当“Cracks”的发生度O为2.8时，故障原因/机理是哪一项？,Environmental condition; Cyclic wind/wave loading (above design assumption)creates stress concentrations and fatigue. [11],"Installation phase; Installation phase stress/fatigue due to waves, wind, and process. Incorrect installation/error can cause stress concentration and fatigue. [11]",错误,0.0,558.46,语义RAG,1.0,0.0,0,,3,Environmental condition; Cyclic wind/wave loading (above design assumption)creates stress concentrations and fatigue. [11],,11.0,,,Environmental condition; Cyclic wind/wave loading (above design assumption)creates stress concentrations and fatigue. [11],,项目/功能；潜在失效模式；发生度(O)；潜在失效原因/机理,6,
436,436,baseline模型,baseline兼容旧逻辑,故障原因诊断类,项目失效现象发生度查原因,项目范围原因查询,,,中等,结合项目/功能“Tower / Tower / Primary structure & welding”，当“Cracks”的发生度O为2.25时，故障原因/机理是哪一项？,"Design phase; Welding failure due to Poor design or inadequate specification of welding procedures considering harsh environmental condition [1,15]","Welding failure due to Poor design or inadequate specification of welding procedures considering harsh environmental condition [1,15]",错误,0.0,696.87,语义RAG,1.0,1.0,0,,3,"Design phase; Welding failure due to Poor design or inadequate specification of welding procedures considering harsh environmental condition [1,15]",,1.0；15.0,,,"Design phase; Welding failure due to Poor design or inadequate specification of welding procedures considering harsh environmental condition [1,15]",,项目/功能；潜在失效模式；发生度(O)；潜在失效原因/机理,7,
437,437,baseline模型,baseline兼容旧逻辑,故障原因诊断类,项目失效现象发生度查原因,项目范围原因查询,,,中等,结合项目/功能“Tower / Tower / Primary steelwork”，当“Cracks”的发生度O为2.25时，故障原因/机理是哪一项？,Fabrication; Material fatigue due to insufficient manufacturing quality [15],Fabrication; Material fatigue due to insufficient manufacturing quality [15],正确,1.0,637.63,语义RAG,1.0,1.0,0,,3,,,15.0,,,Fabrication; Material fatigue due to insufficient manufacturing quality [15],,项目/功能；潜在失效模式；发生度(O)；潜在失效原因/机理,9,
438,438,baseline模型,baseline兼容旧逻辑,故障原因诊断类,项目失效现象发生度查原因,项目范围原因查询,,,中等,结合项目/功能“Tower / Tower / Welding”，当“Cracks”的发生度O为2.25时，故障原因/机理是哪一项？,"Fabrication; Welding failure due to Poor quality control during the welding process [1,10]",不知道。上下文中的项目/功能并不包含“Tower / Tower / Welding”且失效模式为“Cracks”的相关信息。,错误,0.0,621.41,语义RAG,0.0,0.0,0,,3,"Fabrication; Welding failure due to Poor quality control during the welding process [1,10]",,,,,"Fabrication; Welding failure due to Poor quality control during the welding process [1,10]",,项目/功能；潜在失效模式；发生度(O)；潜在失效原因/机理,10,
439,439,baseline模型,baseline兼容旧逻辑,故障原因诊断类,项目失效现象发生度查原因,项目范围原因查询,,,中等,结合项目/功能“Tower / Tower / Primary steelwork”，当“Cracks”的发生度O为3时，故障原因/机理是哪一项？,Maintenance phase; Corrosion due to lack of regular inspection and maintenance to prevent critical steps and failure [11],"Maintenance phase; Blade replacements, repairs, and corrosion mitigation can add stress. Improper execution can lead to damage and fatigue. [11]",错误,0.0,708.29,语义RAG,1.0,0.0,0,,3,Maintenance phase; Corrosion due to lack of regular inspection and maintenance to prevent critical steps and failure [11],,11.0,,,Maintenance phase; Corrosion due to lack of regular inspection and maintenance to prevent critical steps and failure [11],,项目/功能；潜在失效模式；发生度(O)；潜在失效原因/机理,12,
440,440,baseline模型,baseline兼容旧逻辑,故障原因诊断类,项目失效现象发生度查原因,项目范围原因查询,,,中等,结合项目/功能“Tower / Tower / Primary steelwork”，当“Cracks”的发生度O为2.33时，故障原因/机理是哪一项？,"Maintenance phase; Blade replacements, repairs, and corrosion mitigation can add stress. Improper execution can lead to damage and fatigue. [11]","Maintenance phase; Blade replacements, repairs, and corrosion mitigation can add stress. Improper execution can lead to damage and fatigue.",错误,0.0,655.55,语义RAG,1.0,1.0,0,,3,"Maintenance phase; Blade replacements, repairs, and corrosion mitigation can add stress. Improper execution can lead to damage and fatigue. [11]",,,,,"Maintenance phase; Blade replacements, repairs, and corrosion mitigation can add stress. Improper execution can lead to damage and fatigue. [11]",,项目/功能；潜在失效模式；发生度(O)；潜在失效原因/机理,14,
441,441,baseline模型,baseline兼容旧逻辑,故障原因诊断类,项目失效现象发生度查原因,项目范围原因查询,,,中等,结合项目/功能“Tower / Tower / Primary steelwork”，当“Cracks”的发生度O为1.75时，故障原因/机理是哪一项？,Design phase; Braking system failure due to wrong estimation of operating conditions [15],"Installation phase; Installation phase stress/fatigue due to waves, wind, and process. Incorrect installation/error can cause stress concentration and fatigue. [11]",错误,0.0,777.85,语义RAG,1.0,0.0,0,,3,Design phase; Braking system failure due to wrong estimation of operating conditions [15],,,,,Design phase; Braking system failure due to wrong estimation of operating conditions [15],,项目/功能；潜在失效模式；发生度(O)；潜在失效原因/机理,15,
442,442,baseline模型,baseline兼容旧逻辑,故障原因诊断类,项目失效现象发生度查原因,项目范围原因查询,,,中等,结合项目/功能“Tower / Tower / Primary steelwork”，当“Cracks”的发生度O为2.4时，故障原因/机理是哪一项？,Environmental condition; Lightning strikes[9],"Environmental loads; The interaction between the blades and the tower can cause pressure fluctuations, leading to cyclic fatigue [14]",错误,0.0,666.63,语义RAG,1.0,0.0,0,,3,Environmental condition; Lightning strikes[9],,,,,Environmental condition; Lightning strikes[9],,项目/功能；潜在失效模式；发生度(O)；潜在失效原因/机理,16,
443,443,baseline模型,baseline兼容旧逻辑,故障原因诊断类,项目失效现象发生度查原因,项目范围原因查询,,,中等,结合项目/功能“Tower / Tower / Primary steelwork”，当“Cracks”的发生度O为1.5时，故障原因/机理是哪一项？,Manufacturing; Hit by blades due to poor manufacturing quality control [9],"Installation phase; Installation phase stress/fatigue due to waves, wind, and process. Incorrect installation/error can cause stress concentration and fatigue.",错误,0.0,705.19,语义RAG,1.0,0.0,0,,3,Manufacturing; Hit by blades due to poor manufacturing quality control [9],,,,,Manufacturing; Hit by blades due to poor manufacturing quality control [9],,项目/功能；潜在失效模式；发生度(O)；潜在失效原因/机理,18,
444,444,baseline模型,baseline兼容旧逻辑,故障原因诊断类,项目失效现象发生度查原因,项目范围原因查询,,,中等,结合项目/功能“Tower / Tower / Primary steelwork”，当“Plastic deformation”的发生度O为2.25时，故障原因/机理是哪一项？,"Manufacturing; Inadequate quality control during the manufacturing process may create structural weaknesses or defects in the tower, causing plastic deformation over time. [11]","Manufacturing; Inadequate quality control during the manufacturing process may create structural weaknesses or defects in the tower, causing plastic deformation over time. [11]",正确,1.0,713.11,语义RAG,0.6667,1.0,0,,3,,,11.0,,,"Manufacturing; Inadequate quality control during the manufacturing process may create structural weaknesses or defects in the tower, causing plastic deformation over time. [11]",,项目/功能；潜在失效模式；发生度(O)；潜在失效原因/机理,21,
445,445,baseline模型,baseline兼容旧逻辑,故障原因诊断类,项目失效现象发生度查原因,项目范围原因查询,,,中等,结合项目/功能“Tower / Tower / Primary steelwork”，当“Plastic deformation”的发生度O为2.2时，故障原因/机理是哪一项？,Design phase; Plastic deformation due to insufficient yield strength and lack of detailed stress analysis and simulations [13],Design phase; Plastic deformation due to insufficient yield strength and lack of detailed stress analysis and simulations [13],正确,1.0,528.37,语义RAG,0.6667,1.0,0,,3,,,13.0,,,Design phase; Plastic deformation due to insufficient yield strength and lack of detailed stress analysis and simulations [13],,项目/功能；潜在失效模式；发生度(O)；潜在失效原因/机理,22,
446,446,baseline模型,baseline兼容旧逻辑,故障原因诊断类,项目失效现象发生度查原因,项目范围原因查询,,,中等,结合项目/功能“Tower / Tower / Primary steelwork”，当“Tower collapse”的发生度O为1.5时，故障原因/机理是哪一项？,Operation phase; Mooring system failure can lead to direct tower collapse [1],Operation phase; Mooring system failure can lead to direct tower collapse [1],正确,1.0,571.34,语义RAG,0.3333,1.0,0,,3,,,1.0,,,Operation phase; Mooring system failure can lead to direct tower collapse [1],,项目/功能；潜在失效模式；发生度(O)；潜在失效原因/机理,23,
447,447,baseline模型,baseline兼容旧逻辑,故障原因诊断类,项目失效现象发生度查原因,项目范围原因查询,,,中等,结合项目/功能“Transition piece / Transition Piece / Primary structure & welding”，当“Transition piece break”的发生度O为2.5时，故障原因/机理是哪一项？,Design; Analysis and calculation fault due to human error [11],Design; Analysis and calculation fault due to human error [11],正确,1.0,613.47,语义RAG,0.3333,1.0,0,,3,,,11.0,,,Design; Analysis and calculation fault due to human error [11],,项目/功能；潜在失效模式；发生度(O)；潜在失效原因/机理,24,
448,448,baseline模型,baseline兼容旧逻辑,故障原因诊断类,项目失效现象发生度查原因,项目范围原因查询,,,中等,结合项目/功能“Transition piece / Transition Piece / Primary structure”，当“Transition piece break”的发生度O为2.25时，故障原因/机理是哪一项？,"Operation and Maintenance; Brittle fracture due to extreme environmental temperature, leading to a shift in the ductile-to-brittle transition temperature [16]","Operation and Maintenance; Brittle fracture due to extreme environmental temperature, leading to a shift in the ductile-to-brittle transition temperature [16]",正确,1.0,703.74,语义RAG,1.0,1.0,0,,3,,,16.0,,,"Operation and Maintenance; Brittle fracture due to extreme environmental temperature, leading to a shift in the ductile-to-brittle transition temperature [16]",,项目/功能；潜在失效模式；发生度(O)；潜在失效原因/机理,25,
449,449,baseline模型,baseline兼容旧逻辑,故障原因诊断类,项目失效现象发生度查原因,项目范围原因查询,,,中等,结合项目/功能“Transition piece / Transition Piece / Primary stucture”，当“Structural plastic deformation”的发生度O为2.5时，故障原因/机理是哪一项？,"Operation; Changes in wave spectra can cause increased loads, resonance, and stress concentrations, leading to plastic deformation in offshore wind turbines. [11]",安装；在安装过程中，由于焊接和弯曲等工艺可能导致塑性变形。,错误,0.0,604.13,语义RAG,0.6667,0.0,0,,3,"Operation; Changes in wave spectra can cause increased loads, resonance, and stress concentrations, leading to plastic deformation in offshore wind turbines. [11]",,,,,"Operation; Changes in wave spectra can cause increased loads, resonance, and stress concentrations, leading to plastic deformation in offshore wind turbines. [11]",,项目/功能；潜在失效模式；发生度(O)；潜在失效原因/机理,26,
450,450,baseline模型,baseline兼容旧逻辑,故障原因诊断类,项目失效现象发生度查原因,项目范围原因查询,,,中等,结合项目/功能“Transition piece / Transition Piece / Primary structure & welding”，当“Cracks”的发生度O为2.5时，故障原因/机理是哪一项？,"Operation; Cycling loading could cause microstructural changes in the material and eventually lead to fatigue crack initiation [1,15]","Operation; Cycling loading could cause microstructural changes in the material and eventually lead to fatigue crack initiation [1,15]",正确,1.0,723.2,语义RAG,1.0,1.0,0,,3,,,1.0；15.0,,,"Operation; Cycling loading could cause microstructural changes in the material and eventually lead to fatigue crack initiation [1,15]",,项目/功能；潜在失效模式；发生度(O)；潜在失效原因/机理,27,
451,451,baseline模型,baseline兼容旧逻辑,故障原因诊断类,项目失效现象发生度查原因,项目范围原因查询,,,中等,结合项目/功能“Transition piece / Transition Piece / Primary structure & welding”，当“Transition piece break”的发生度O为2时，故障原因/机理是哪一项？,Environmental condition; Design parameters superseded due to climate change [11],Operation and Maintenance; Undetected defects and poor quality control,错误,0.0,555.46,语义RAG,0.3333,0.0,0,,3,Environmental condition; Design parameters superseded due to climate change [11],,,,,Environmental condition; Design parameters superseded due to climate change [11],,项目/功能；潜在失效模式；发生度(O)；潜在失效原因/机理,28,
452,452,baseline模型,baseline兼容旧逻辑,故障原因诊断类,项目失效现象发生度查原因,项目范围原因查询,,,中等,结合项目/功能“Transition piece / Transition Piece / Primary structure & welding”，当“Abnormal vibration”的发生度O为2.75时，故障原因/机理是哪一项？,Operation; due to unbalanced loads or wind-induced vibrations. [11],Operation; due to unbalanced loads or wind-induced vibrations.,错误,0.0,540.94,语义RAG,0.6667,1.0,0,,3,Operation; due to unbalanced loads or wind-induced vibrations. [11],,,,,Operation; due to unbalanced loads or wind-induced vibrations. [11],,项目/功能；潜在失效模式；发生度(O)；潜在失效原因/机理,29,
453,453,baseline模型,baseline兼容旧逻辑,故障原因诊断类,项目失效现象发生度查原因,项目范围原因查询,,,中等,结合项目/功能“Transition piece / Transition Piece / Primary stucture”，当“Structural plastic deformation”的发生度O为2.67时，故障原因/机理是哪一项？,"Installation; During installation, plastic deformation can occur due to processes like welding and bending [1]","Installation; During installation, plastic deformation can occur due to processes like welding and bending。",错误,0.0,594.8,语义RAG,1.0,1.0,0,,3,"Installation; During installation, plastic deformation can occur due to processes like welding and bending [1]",,,,,"Installation; During installation, plastic deformation can occur due to processes like welding and bending [1]",,项目/功能；潜在失效模式；发生度(O)；潜在失效原因/机理,30,
454,454,baseline模型,baseline兼容旧逻辑,故障原因诊断类,项目失效现象发生度查原因,项目范围原因查询,,,中等,结合项目/功能“Transition piece / Transition Piece / Primary structure”，当“Cracks”的发生度O为2.5时，故障原因/机理是哪一项？,Installation; During Transportation and installation transition piece may be subjected to bending and twisting loads which could lead to fatigue cracks,During Transportation and installation transition piece may be subjected to bending and twisting loads which could lead to fatigue cracks,错误,0.0,598.01,语义RAG,0.6667,1.0,0,,3,Installation; During Transportation and installation transition piece may be subjected to bending and twisting loads which could lead to fatigue cracks,,,,,Installation; During Transportation and installation transition piece may be subjected to bending and twisting loads which could lead to fatigue cracks,,项目/功能；潜在失效模式；发生度(O)；潜在失效原因/机理,31,
455,455,baseline模型,baseline兼容旧逻辑,故障原因诊断类,项目失效现象发生度查原因,项目范围原因查询,,,中等,结合项目/功能“Transition piece / Transition Piece / Welding”，当“Cracks”的发生度O为3时，故障原因/机理是哪一项？,Fabrication; Improper surface preparation before applying a protective coating or performing welding repairs like cleaning the surface with solvent and treating the surface with a rust inhibitor or primer for improving the adhesion can cause corrosion and crack propagation. [15],"Installation; Welding failure due to poor performance (e.g. overheating, lack of fusion) during installation [1,10,15]",错误,0.0,724.53,语义RAG,0.6667,0.0,0,,3,Fabrication; Improper surface preparation before applying a protective coating or performing welding repairs like cleaning the surface with solvent and treating the surface with a rust inhibitor or primer for improving the adhesion can cause corrosion and crack propagation. [15],,15.0,,,Fabrication; Improper surface preparation before applying a protective coating or performing welding repairs like cleaning the surface with solvent and treating the surface with a rust inhibitor or primer for improving the adhesion can cause corrosion and crack propagation. [15],,项目/功能；潜在失效模式；发生度(O)；潜在失效原因/机理,33,
456,456,baseline模型,baseline兼容旧逻辑,故障原因诊断类,项目失效现象发生度查原因,项目范围原因查询,,,中等,结合项目/功能“Transition piece / Transition Piece / Primary structure & welding”，当“Abnormal vibration”的发生度O为2.33时，故障原因/机理是哪一项？,Maintenance; Misalignments or looseness in the connections between the tower and the foundation or inadequate bracing can cause abnormal vibration in the transition piece [12],Maintenance; Misalignments or looseness in the connections between the tower and the foundation or inadequate bracing can cause abnormal vibration in the transition piece [12],正确,1.0,671.04,语义RAG,0.6667,1.0,0,,3,,,12.0,,,Maintenance; Misalignments or looseness in the connections between the tower and the foundation or inadequate bracing can cause abnormal vibration in the transition piece [12],,项目/功能；潜在失效模式；发生度(O)；潜在失效原因/机理,34,
457,457,baseline模型,baseline兼容旧逻辑,故障原因诊断类,项目失效现象发生度查原因,项目范围原因查询,,,中等,结合项目/功能“Transition piece / Transition Piece / Primary stucture”，当“Structural plastic deformation”的发生度O为2.33时，故障原因/机理是哪一项？,Maintenance; Plastic deformation can occur due to the application of excessive force or improper handling of the structure. [1],Maintenance; Plastic deformation can occur due to the application of excessive force or improper handling of the structure.,错误,0.0,624.55,语义RAG,0.6667,1.0,0,,3,Maintenance; Plastic deformation can occur due to the application of excessive force or improper handling of the structure. [1],,,,,Maintenance; Plastic deformation can occur due to the application of excessive force or improper handling of the structure. [1],,项目/功能；潜在失效模式；发生度(O)；潜在失效原因/机理,35,
458,458,baseline模型,baseline兼容旧逻辑,故障原因诊断类,项目失效现象发生度查原因,项目范围原因查询,,,中等,结合项目/功能“Transition piece / Transition Piece / Welding”，当“Cracks”的发生度O为2.67时，故障原因/机理是哪一项？,"Maintenance; Repairing welding during maintenance can introduce residual stresses, leading to crack initiation [11]",Installation; During Transportation and installation transition piece may be subjected to bending and twisting loads which could lead to fatigue cracks,错误,0.0,659.98,语义RAG,0.6667,0.0,0,,3,"Maintenance; Repairing welding during maintenance can introduce residual stresses, leading to crack initiation [11]",,,,,"Maintenance; Repairing welding during maintenance can introduce residual stresses, leading to crack initiation [11]",,项目/功能；潜在失效模式；发生度(O)；潜在失效原因/机理,36,
459,459,baseline模型,baseline兼容旧逻辑,故障原因诊断类,项目失效现象发生度查原因,项目范围原因查询,,,中等,结合项目/功能“Transition piece / Transition Piece / Primary structure & welding”，当“Cracks”的发生度O为2时，故障原因/机理是哪一项？,"Maintenance; The transition piece may be subjected to large forces from lifting and handling equipment during maintenance, which are not considered in design assumptions [11]",Fabrication; Welding and heat treatment could induce fatigue cracks in fabrication process. [1],错误,0.0,595.61,语义RAG,1.0,0.0,0,,3,"Maintenance; The transition piece may be subjected to large forces from lifting and handling equipment during maintenance, which are not considered in design assumptions [11]",,,,,"Maintenance; The transition piece may be subjected to large forces from lifting and handling equipment during maintenance, which are not considered in design assumptions [11]",,项目/功能；潜在失效模式；发生度(O)；潜在失效原因/机理,37,
460,460,baseline模型,baseline兼容旧逻辑,故障原因诊断类,项目失效现象发生度查原因,项目范围原因查询,,,中等,结合项目/功能“Transition piece / Transition Piece / Primary structure & welding”，当“Cracks”的发生度O为2.33时，故障原因/机理是哪一项？,"Installation; Transition piece may be subjected to large forces from wave, wind, and vessel motion during installation. [10]",Fabrication; Welding and heat treatment could induce fatigue cracks in fabrication process. [1],错误,0.0,527.05,语义RAG,1.0,0.0,0,,3,"Installation; Transition piece may be subjected to large forces from wave, wind, and vessel motion during installation. [10]",,,,,"Installation; Transition piece may be subjected to large forces from wave, wind, and vessel motion during installation. [10]",,项目/功能；潜在失效模式；发生度(O)；潜在失效原因/机理,38,
461,461,baseline模型,baseline兼容旧逻辑,故障原因诊断类,项目失效现象发生度查原因,项目范围原因查询,,,中等,结合项目/功能“Transition piece / Transition Piece / Primary structure & welding”，当“Transition piece break”的发生度O为1.67时，故障原因/机理是哪一项？,Design; Under-designed structure/ Component due to human error/Insufficient environmental data,Operation and Maintenance; Undetected defects and poor quality control [11],错误,0.0,609.45,语义RAG,0.6667,1.0,0,,3,Design; Under-designed structure/ Component due to human error/Insufficient environmental data,,,,,Design; Under-designed structure/ Component due to human error/Insufficient environmental data,,项目/功能；潜在失效模式；发生度(O)；潜在失效原因/机理,39,
462,462,baseline模型,baseline兼容旧逻辑,故障原因诊断类,项目失效现象发生度查原因,项目范围原因查询,,,中等,结合项目/功能“Transition piece / Transition Piece / Welding”，当“Cracks”的发生度O为2.5时，故障原因/机理是哪一项？,Maintenance; Welding and heat treatment during maintenance can add more residual stresses and increase the likelihood of fatigue crack in the welds and heat-affected areas. [11],During Transportation and installation transition piece may be subjected to bending and twisting loads which could lead to fatigue cracks,错误,0.0,635.56,语义RAG,0.6667,0.0,0,,3,Maintenance; Welding and heat treatment during maintenance can add more residual stresses and increase the likelihood of fatigue crack in the welds and heat-affected areas. [11],,,,,Maintenance; Welding and heat treatment during maintenance can add more residual stresses and increase the likelihood of fatigue crack in the welds and heat-affected areas. [11],,项目/功能；潜在失效模式；发生度(O)；潜在失效原因/机理,42,
463,463,baseline模型,baseline兼容旧逻辑,故障原因诊断类,项目失效现象发生度查原因,项目范围原因查询,,,中等,结合项目/功能“Floating support structure / Floating Support structure / All structures”，当“Capsize”的发生度O为2.29时，故障原因/机理是哪一项？,Design; Analysis and Calculation fault due to human error,Environmental condition; Extreme horizontal oscillatory force,错误,0.0,506.69,语义RAG,0.6667,0.0,0,,3,Design; Analysis and Calculation fault due to human error,,,,,Design; Analysis and Calculation fault due to human error,,项目/功能；潜在失效模式；发生度(O)；潜在失效原因/机理,45,
464,464,baseline模型,baseline兼容旧逻辑,故障原因诊断类,项目失效现象发生度查原因,项目范围原因查询,,,中等,结合项目/功能“Floating support structure / Floating Support structure / Primary structure”，当“Capsize”的发生度O为1.67时，故障原因/机理是哪一项？,Design; Analysis and Calculation fault due to human error [11],Design; Analysis and Calculation fault due to human error [11],正确,1.0,452.99,语义RAG,1.0,1.0,0,,3,,,11.0,,,Design; Analysis and Calculation fault due to human error [11],,项目/功能；潜在失效模式；发生度(O)；潜在失效原因/机理,46,
465,465,baseline模型,baseline兼容旧逻辑,故障原因诊断类,项目失效现象发生度查原因,项目范围原因查询,,,中等,结合项目/功能“Floating support structure / Floating Support structure / Secondary structure”，当“Additional Structures Failures”的发生度O为2.86时，故障原因/机理是哪一项？,"Operation; Bilge piping/pumps fail [1,12]",失效原因=Operation; Fatigue due to continuous vibrations/resonance [11],错误,0.0,532.13,语义RAG,0.3333,0.0,0,,3,"Operation; Bilge piping/pumps fail [1,12]",,,,,"Operation; Bilge piping/pumps fail [1,12]",,项目/功能；潜在失效模式；发生度(O)；潜在失效原因/机理,47,
466,466,baseline模型,baseline兼容旧逻辑,故障原因诊断类,项目失效现象发生度查原因,项目范围原因查询,,,中等,结合项目/功能“Floating support structure / Floating Support structure / All structures”，当“Hit by dropped objects”的发生度O为2.17时，故障原因/机理是哪一项？,Operation; Biological collision,Operation; Biological collision,正确,1.0,495.02,语义RAG,1.0,1.0,0,,3,,,,,,Operation; Biological collision,,项目/功能；潜在失效模式；发生度(O)；潜在失效原因/机理,48,
467,467,baseline模型,baseline兼容旧逻辑,故障原因诊断类,项目失效现象发生度查原因,项目范围原因查询,,,中等,结合项目/功能“Floating support structure / Floating Support structure / All structures”，当“Structural break”的发生度O为1.67时，故障原因/机理是哪一项？,Environmental condition; Design parameter superseded due to climate change [11],Operation; Structure brittle fracture due to extreme environmental temperature,错误,0.0,568.61,语义RAG,1.0,0.0,0,,3,Environmental condition; Design parameter superseded due to climate change [11],,,,,Environmental condition; Design parameter superseded due to climate change [11],,项目/功能；潜在失效模式；发生度(O)；潜在失效原因/机理,49,
468,468,baseline模型,baseline兼容旧逻辑,故障原因诊断类,项目失效现象发生度查原因,项目范围原因查询,,,中等,结合项目/功能“Floating support structure / Floating Support structure / Secondary structure”，当“Additional Structures Failures”的发生度O为2.6时，故障原因/机理是哪一项？,"Operation; Dynamic umbilical connection/cable fail [1,12]",根据上下文，没有找到与“Secondary structure”且发生度O为2.6相关的失效模式和故障原因。提供的数据中，“Secondary structure & Welding”块的平均发生度为2.33，但具体到2.6的发生度情况未有明确记录。因此无法直接回答该问题。,错误,0.0,1012.76,语义RAG,0.3333,0.0,0,,3,"Operation; Dynamic umbilical connection/cable fail [1,12]",,,,,"Operation; Dynamic umbilical connection/cable fail [1,12]",,项目/功能；潜在失效模式；发生度(O)；潜在失效原因/机理,50,
469,469,baseline模型,baseline兼容旧逻辑,故障原因诊断类,项目失效现象发生度查原因,项目范围原因查询,,,中等,结合项目/功能“Floating support structure / Floating Support structure / Primary Structure”，当“Cracks”的发生度O为2.83时，故障原因/机理是哪一项？,Installation; Excessive fatigue life consumption due to installation/ transportation [19],Installation; Excessive fatigue life consumption due to installation/ transportation [19],正确,1.0,566.8,语义RAG,0.6667,1.0,0,,3,,,19.0,,,Installation; Excessive fatigue life consumption due to installation/ transportation [19],,项目/功能；潜在失效模式；发生度(O)；潜在失效原因/机理,51,
470,470,baseline模型,baseline兼容旧逻辑,故障原因诊断类,项目失效现象发生度查原因,项目范围原因查询,,,中等,结合项目/功能“Floating support structure / Floating Support structure / Primary structure & Welding”，当“Capsize”的发生度O为1.8时，故障原因/机理是哪一项？,Environmental condition; Extreme horizontal oscillatory force,Environmental condition; Extreme horizontal oscillatory force,正确,1.0,368.51,语义RAG,0.6667,1.0,0,,3,,,,,,Environmental condition; Extreme horizontal oscillatory force,,项目/功能；潜在失效模式；发生度(O)；潜在失效原因/机理,52,
471,471,baseline模型,baseline兼容旧逻辑,故障原因诊断类,项目失效现象发生度查原因,项目范围原因查询,,,中等,结合项目/功能“Floating support structure / Floating Support structure / Primary structure & Welding”，当“Cracks”的发生度O为2.86时，故障原因/机理是哪一项？,Operation; Fatigue due to continuous vibrations/resonance [11],Fatigue due to continuous vibrations/resonance [11],错误,0.0,440.59,语义RAG,0.6667,1.0,0,,3,Operation; Fatigue due to continuous vibrations/resonance [11],,11.0,,,Operation; Fatigue due to continuous vibrations/resonance [11],,项目/功能；潜在失效模式；发生度(O)；潜在失效原因/机理,53,
472,472,baseline模型,baseline兼容旧逻辑,故障原因诊断类,项目失效现象发生度查原因,项目范围原因查询,,,中等,结合项目/功能“Floating support structure / Floating Support structure / All structures”，当“Cracks”的发生度O为2.5时，故障原因/机理是哪一项？,Design; Fatigue due to underestimation of steel thickness and/or environmental loads,Installation; Excessive fatigue life consumption due to installation/ transportation [19],错误,0.0,403.28,语义RAG,0.6667,0.0,0,,3,Design; Fatigue due to underestimation of steel thickness and/or environmental loads,,,,,Design; Fatigue due to underestimation of steel thickness and/or environmental loads,,项目/功能；潜在失效模式；发生度(O)；潜在失效原因/机理,54,
473,473,baseline模型,baseline兼容旧逻辑,故障原因诊断类,项目失效现象发生度查原因,项目范围原因查询,,,中等,结合项目/功能“Floating support structure / Floating Support structure / Secondary structure”，当“Additional Structures Failures”的发生度O为3时，故障原因/机理是哪一项？,"Operation; Handrails Corrosion [1,12]",根据上下文，没有找到与“Secondary structure”且发生度O为3的“Additional Structures Failures”的具体信息。因此无法直接回答该问题。结合现有数据，“Secondary structure & Welding”部分只有一条记录，但其最高RPN为36，并未明确指出发生度O为3的具体失效模式和原因。 若要准确回答此问题，需要更多关于“Floating support structure / Floating Support structure / Secondary structure”的具体FMEA信息。,错误,0.0,1214.6,语义RAG,0.3333,0.0,0,,3,"Operation; Handrails Corrosion [1,12]",,,,,"Operation; Handrails Corrosion [1,12]",,项目/功能；潜在失效模式；发生度(O)；潜在失效原因/机理,55,
474,474,baseline模型,baseline兼容旧逻辑,故障原因诊断类,项目失效现象发生度查原因,项目范围原因查询,,,中等,结合项目/功能“Floating support structure / Floating Support structure / Secondary structure”，当“Additional Structures Failures”的发生度O为1.83时，故障原因/机理是哪一项？,"Operation; Helicopter assistance equipment fail [1,12]",你提供的上下文中并没有直接提到“Additional Structures Failures”这一失效模式，并且在“Secondary structure & Welding”部分中，最高RPN为36，对应的失效模式为“Watertight fault”，发生度O为2.33，而不是1.83。因此根据现有信息，无法确定当“Additional Structures Failures”的发生度O为1.83时的故障原因/机理。 如果你有更多具体的信息或上下文，请提供，以便更准确地回答你的问题。,错误,0.0,1263.48,语义RAG,0.3333,0.0,0,,3,"Operation; Helicopter assistance equipment fail [1,12]",,,,,"Operation; Helicopter assistance equipment fail [1,12]",,项目/功能；潜在失效模式；发生度(O)；潜在失效原因/机理,56,
475,475,baseline模型,baseline兼容旧逻辑,故障原因诊断类,项目失效现象发生度查原因,项目范围原因查询,,,中等,结合项目/功能“Floating support structure / Floating Support structure / Secondary structure”，当“Watertight fault”的发生度O为2.83时，故障原因/机理是哪一项？,Maintenance; Inefficient detection [1],Manufacturing and Installation; Ventilation heads/Manholes failure due to Manufacturing defect/Welding defect,错误,0.0,540.12,语义RAG,0.6667,0.0,0,,3,Maintenance; Inefficient detection [1],,,,,Maintenance; Inefficient detection [1],,项目/功能；潜在失效模式；发生度(O)；潜在失效原因/机理,57,
476,476,baseline模型,baseline兼容旧逻辑,故障原因诊断类,项目失效现象发生度查原因,项目范围原因查询,,,中等,结合项目/功能“Floating support structure / Floating Support structure / Secondary structure”，当“Floater unit sinkage”的发生度O为1.83时，故障原因/机理是哪一项？,Design; Insufficient structural strength and cracks on the floater resulting in water ingress to the support structure,Design; Insufficient structural strength and cracks on the floater resulting in water ingress to the support structure,正确,1.0,647.81,语义RAG,1.0,1.0,0,,3,,,,,,Design; Insufficient structural strength and cracks on the floater resulting in water ingress to the support structure,,项目/功能；潜在失效模式；发生度(O)；潜在失效原因/机理,58,
477,477,baseline模型,baseline兼容旧逻辑,故障原因诊断类,项目失效现象发生度查原因,项目范围原因查询,,,中等,结合项目/功能“Floating support structure / Floating Support structure / All structures”，当“Structural plastic deformation”的发生度O为2时，故障原因/机理是哪一项？,Operation and Maintenance; Insufficient structural strength due to ship collision,Insufficient structural strength due to ship collision,错误,0.0,506.88,语义RAG,1.0,1.0,0,,3,Operation and Maintenance; Insufficient structural strength due to ship collision,,,,,Operation and Maintenance; Insufficient structural strength due to ship collision,,项目/功能；潜在失效模式；发生度(O)；潜在失效原因/机理,59,
478,478,baseline模型,baseline兼容旧逻辑,故障原因诊断类,项目失效现象发生度查原因,项目范围原因查询,,,中等,结合项目/功能“Floating support structure / Floating Support structure / Secondary structure”，当“Watertight fault”的发生度O为2.33时，故障原因/机理是哪一项？,Maintenance; Insufficient structural strength due to ship collision [11],Manufacturing and Installation,错误,0.0,496.36,语义RAG,0.6667,0.0,0,,3,Maintenance; Insufficient structural strength due to ship collision [11],,,,,Maintenance; Insufficient structural strength due to ship collision [11],,项目/功能；潜在失效模式；发生度(O)；潜在失效原因/机理,60,
479,479,baseline模型,baseline兼容旧逻辑,故障原因诊断类,项目失效现象发生度查原因,项目范围原因查询,,,中等,结合项目/功能“Floating support structure / Floating Support structure / Secondary structure”，当“Additional Structures Failures”的发生度O为2.71时，故障原因/机理是哪一项？,"Operation; Ladders Corrosion [1,12]",你知道的问题与提供的上下文信息不完全匹配。根据你给出的上下文中，并没有提到“Additional Structures Failures”这一失效模式或相关的发生度O值为2.71的情况。最接近的是在“Secondary structure & Welding”部分提到了一个RPN值为36的风险条目，但其发生度O为2.33。 根据提供的信息，“Secondary structure & Welding”的最高风险条目的失效模式是“Watertight fault [1]”，其原因（FailureMode）是： - 原因=Manufacturing and Installation; Ventilation heads/Manholes failure due to Manufacturing defect/Welding defect 因此，如果要回答你的问题，基于提供的信息，最接近的答案是： - 原因=Manufacturing and Installation; Ventilation heads/Manholes failure due to Manufacturing defect/Welding defect,错误,0.0,1908.05,语义RAG,0.3333,0.0,0,,3,"Operation; Ladders Corrosion [1,12]",,1.0,,,"Operation; Ladders Corrosion [1,12]",,项目/功能；潜在失效模式；发生度(O)；潜在失效原因/机理,61,
480,480,baseline模型,baseline兼容旧逻辑,故障原因诊断类,项目失效现象发生度查原因,项目范围原因查询,,,中等,结合项目/功能“Floating support structure / Floating Support structure / All structures”，当“Watertight fault”的发生度O为2.2时，故障原因/机理是哪一项？,"Environmental condition; Marine growth under water can add additional weight and stress for the material, which can lead to cracks in the outer hull",Maintenance; Insufficient structural strength due to ship collision,错误,0.0,910.7,语义RAG,0.6667,0.0,0,,3,"Environmental condition; Marine growth under water can add additional weight and stress for the material, which can lead to cracks in the outer hull",,,,,"Environmental condition; Marine growth under water can add additional weight and stress for the material, which can lead to cracks in the outer hull",,项目/功能；潜在失效模式；发生度(O)；潜在失效原因/机理,62,
481,481,baseline模型,baseline兼容旧逻辑,故障原因诊断类,项目失效现象发生度查原因,项目范围原因查询,,,中等,结合项目/功能“Floating support structure / Floating Support structure / All structures”，当“Hit by dropped objects”的发生度O为1.17时，故障原因/机理是哪一项？,Operation; Plane crush,Plane crush,错误,0.0,448.85,语义RAG,1.0,1.0,0,,3,Operation; Plane crush,,,,,Operation; Plane crush,,项目/功能；潜在失效模式；发生度(O)；潜在失效原因/机理,64,
482,482,baseline模型,baseline兼容旧逻辑,故障原因诊断类,项目失效现象发生度查原因,项目范围原因查询,,,中等,结合项目/功能“Floating support structure / Floating Support structure / Secondary structure”，当“Structural break”的发生度O为2.6时，故障原因/机理是哪一项？,Operation and Maintenance; Structural component degradation due to corrosion [12],Operation; Structure brittle fracture due to extreme environmental temperature,错误,0.0,516.58,语义RAG,0.3333,0.0,0,,3,Operation and Maintenance; Structural component degradation due to corrosion [12],,,,,Operation and Maintenance; Structural component degradation due to corrosion [12],,项目/功能；潜在失效模式；发生度(O)；潜在失效原因/机理,66,
483,483,baseline模型,baseline兼容旧逻辑,故障原因诊断类,项目失效现象发生度查原因,项目范围原因查询,,,中等,结合项目/功能“Floating support structure / Floating Support structure / All structures”，当“Structural break”的发生度O为2.67时，故障原因/机理是哪一项？,Operation and Maintenance; Structural degradation due to corrosion [11],Operation; Structure brittle fracture due to extreme environmental temperature,错误,0.0,353.07,语义RAG,0.6667,0.0,0,,3,Operation and Maintenance; Structural degradation due to corrosion [11],,,,,Operation and Maintenance; Structural degradation due to corrosion [11],,项目/功能；潜在失效模式；发生度(O)；潜在失效原因/机理,67,
484,484,baseline模型,baseline兼容旧逻辑,故障原因诊断类,项目失效现象发生度查原因,项目范围原因查询,,,中等,结合项目/功能“Floating support structure / Floating Support structure / Primary structure & Welding”，当“Structural break”的发生度O为1.33时，故障原因/机理是哪一项？,Operation; Structure brittle fracture due to extreme environmental temperature,Operation; Structure brittle fracture due to extreme environmental temperature,正确,1.0,412.25,语义RAG,0.6667,1.0,0,,3,,,,,,Operation; Structure brittle fracture due to extreme environmental temperature,,项目/功能；潜在失效模式；发生度(O)；潜在失效原因/机理,68,
485,485,baseline模型,baseline兼容旧逻辑,故障原因诊断类,项目失效现象发生度查原因,项目范围原因查询,,,中等,结合项目/功能“Floating support structure / Floating Support structure / All structures”，当“Floater unit sinkage”的发生度O为1.33时，故障原因/机理是哪一项？,Operation; Structures break/collapse due to collision with other FWT,Operation; Structures break/collapse due to collision with other FWT,正确,1.0,630.44,语义RAG,1.0,1.0,0,,3,,,,,,Operation; Structures break/collapse due to collision with other FWT,,项目/功能；潜在失效模式；发生度(O)；潜在失效原因/机理,69,
486,486,baseline模型,baseline兼容旧逻辑,故障原因诊断类,项目失效现象发生度查原因,项目范围原因查询,,,中等,结合项目/功能“Floating support structure / Floating Support structure / All structures”，当“Hit by dropped objects”的发生度O为1.67时，故障原因/机理是哪一项？,Environmental condition; Typhoon can cause failure of the floating unit if it gets hit by dropping objects. (eg. damaged blade)(strong wind/wave),Environmental condition; Typhoon can cause failure of the floating unit if it gets hit by dropping objects. (eg. damaged blade)(strong wind/wave),正确,1.0,707.77,语义RAG,1.0,1.0,0,,3,,,,,,Environmental condition; Typhoon can cause failure of the floating unit if it gets hit by dropping objects. (eg. damaged blade)(strong wind/wave),,项目/功能；潜在失效模式；发生度(O)；潜在失效原因/机理,70,
487,487,baseline模型,baseline兼容旧逻辑,故障原因诊断类,项目失效现象发生度查原因,项目范围原因查询,,,中等,结合项目/功能“Floating support structure / Floating Support structure / All structures”，当“Structural break”的发生度O为2.33时，故障原因/机理是哪一项？,Design; Underdesigned structure/Component due to insufficient environmental data,Maintenance; Undetected defects due to poor quality control,错误,0.0,532.4,语义RAG,1.0,0.0,0,,3,Design; Underdesigned structure/Component due to insufficient environmental data,,,,,Design; Underdesigned structure/Component due to insufficient environmental data,,项目/功能；潜在失效模式；发生度(O)；潜在失效原因/机理,71,
488,488,baseline模型,baseline兼容旧逻辑,故障原因诊断类,项目失效现象发生度查原因,项目范围原因查询,,,中等,结合项目/功能“Floating support structure / Floating Support structure / All structures & Welding”，当“Structural break”的发生度O为2.33时，故障原因/机理是哪一项？,Maintenance; Undetected defects due to poor quality control,Maintenance; Undetected defects due to poor quality control,正确,1.0,379.49,语义RAG,0.6667,1.0,0,,3,,,,,,Maintenance; Undetected defects due to poor quality control,,项目/功能；潜在失效模式；发生度(O)；潜在失效原因/机理,72,
489,489,baseline模型,baseline兼容旧逻辑,故障原因诊断类,项目失效现象发生度查原因,项目范围原因查询,,,中等,结合项目/功能“Floating support structure / Floating Support structure / Secondary structure & Welding”，当“Watertight fault”的发生度O为2.33时，故障原因/机理是哪一项？,Manufacturing and Installation; Ventilation heads/Manholes failure due to Manufacturing defect/Welding defect,Manufacturing and Installation,错误,0.0,458.42,语义RAG,0.6667,1.0,0,,3,Manufacturing and Installation; Ventilation heads/Manholes failure due to Manufacturing defect/Welding defect,,,,,Manufacturing and Installation; Ventilation heads/Manholes failure due to Manufacturing defect/Welding defect,,项目/功能；潜在失效模式；发生度(O)；潜在失效原因/机理,73,
490,490,baseline模型,baseline兼容旧逻辑,故障原因诊断类,项目失效现象发生度查原因,项目范围原因查询,,,中等,结合项目/功能“Floating support structure / Floating Support structure / Welding”，当“Cracks”的发生度O为3时，故障原因/机理是哪一项？,Manufacturing; Welding failure,Operation; Fatigue due to continuous vibrations/resonance [11],错误,0.0,583.1,语义RAG,0.6667,0.0,0,,3,Manufacturing; Welding failure,,,,,Manufacturing; Welding failure,,项目/功能；潜在失效模式；发生度(O)；潜在失效原因/机理,74,
491,491,baseline模型,baseline兼容旧逻辑,故障原因诊断类,项目失效现象发生度查原因,项目范围原因查询,,,中等,结合项目/功能“Station keeping / Anchor”，当“Anchor failure”的发生度O为2.2时，故障原因/机理是哪一项？,Operation; Abnormal working conditions,Operation; Cyclic degradation,错误,0.0,493.09,语义RAG,0.6667,1.0,0,,3,Operation; Abnormal working conditions,,,,,Operation; Abnormal working conditions,,项目/功能；潜在失效模式；发生度(O)；潜在失效原因/机理,75,
492,492,baseline模型,baseline兼容旧逻辑,故障原因诊断类,项目失效现象发生度查原因,项目范围原因查询,,,中等,结合项目/功能“Station keeping / Mooring Lines / Buoyancy element”，当“Failure in buoyancy element”的发生度O为3时，故障原因/机理是哪一项？,Operation,Operation,正确,1.0,424.93,语义RAG,0.6667,1.0,0,,3,,,,,,Operation,,项目/功能；潜在失效模式；发生度(O)；潜在失效原因/机理,77,
493,493,baseline模型,baseline兼容旧逻辑,故障原因诊断类,项目失效现象发生度查原因,项目范围原因查询,,,中等,结合项目/功能“Station keeping / Mooring Lines / Clump weight”，当“Failure in clump weight”的发生度O为2.75时，故障原因/机理是哪一项？,Operation,Operation,正确,1.0,462.74,语义RAG,0.6667,1.0,0,,3,,,,,,Operation,,项目/功能；潜在失效模式；发生度(O)；潜在失效原因/机理,78,
494,494,baseline模型,baseline兼容旧逻辑,故障原因诊断类,项目失效现象发生度查原因,项目范围原因查询,,,中等,结合项目/功能“Station keeping / Fairlead”，当“Fairlead failure”的发生度O为2.8时，故障原因/机理是哪一项？,Operation; Fairlead fatigue,Operation; Fairlead fatigue,正确,1.0,486.59,语义RAG,0.3333,1.0,0,,3,,,,,,Operation; Fairlead fatigue,,项目/功能；潜在失效模式；发生度(O)；潜在失效原因/机理,79,
495,495,baseline模型,baseline兼容旧逻辑,故障原因诊断类,项目失效现象发生度查原因,项目范围原因查询,,,中等,结合项目/功能“Station keeping / Monitoring System”，当“Monitoring system fails”的发生度O为3.2时，故障原因/机理是哪一项？,Operation,Operation,正确,1.0,319.85,语义RAG,0.3333,1.0,0,,3,,,,,,Operation,,项目/功能；潜在失效模式；发生度(O)；潜在失效原因/机理,81,
496,496,baseline模型,baseline兼容旧逻辑,故障原因诊断类,项目失效现象发生度查原因,项目范围原因查询,,,中等,结合项目/功能“Station keeping / Mooring Lines / Mooring lines”，当“Mooring line breakage”的发生度O为2.4时，故障原因/机理是哪一项？,Manufacturing; Poor splice quality/ workmanship/qualification,Environmental condition; Abnormal stress due to mooring lines wear caused by unexpected seismic loads/ The tension overpassing the limit value can cause the mooring line to instantaneously break [18],错误,0.0,800.01,语义RAG,0.6667,0.0,0,,3,Manufacturing; Poor splice quality/ workmanship/qualification,,,,,Manufacturing; Poor splice quality/ workmanship/qualification,,项目/功能；潜在失效模式；发生度(O)；潜在失效原因/机理,82,
497,497,baseline模型,baseline兼容旧逻辑,故障原因诊断类,项目失效现象发生度查原因,项目范围原因查询,,,中等,结合项目/功能“Station keeping / Mooring Lines / Mooring lines”，当“Mooring line breakage”的发生度O为2时，故障原因/机理是哪一项？,Environmental condition; Abnormal stress due to mooring lines wear caused by unexpected seismic loads/ The tension overpassing the limit value can cause the mooring line to instantaneously break [18],Environmental condition; Abnormal stress due to mooring lines wear caused by unexpected seismic loads/ The tension overpassing the limit value can cause the mooring line to instantaneously break [18],正确,1.0,608.31,语义RAG,0.6667,1.0,0,,3,,,18.0,,,Environmental condition; Abnormal stress due to mooring lines wear caused by unexpected seismic loads/ The tension overpassing the limit value can cause the mooring line to instantaneously break [18],,项目/功能；潜在失效模式；发生度(O)；潜在失效原因/机理,83,
498,498,baseline模型,baseline兼容旧逻辑,故障原因诊断类,项目失效现象发生度查原因,项目范围原因查询,,,中等,结合项目/功能“Station keeping / Mooring Lines / Mooring lines”，当“Mooring Line Corrosion”的发生度O为2.8时，故障原因/机理是哪一项？,Maintenance; Mooring lines corrosion due to improper maintenance of the corroded components,Manufacturing,错误,0.0,584.53,语义RAG,0.3333,1.0,0,,3,Maintenance; Mooring lines corrosion due to improper maintenance of the corroded components,,,,,Maintenance; Mooring lines corrosion due to improper maintenance of the corroded components,,项目/功能；潜在失效模式；发生度(O)；潜在失效原因/机理,85,
499,499,baseline模型,baseline兼容旧逻辑,故障原因诊断类,项目失效现象发生度查原因,项目范围原因查询,,,中等,结合项目/功能“Station keeping / Mooring Lines / Mooring lines”，当“Mooring Line Fatigue”的发生度O为2.8时，故障原因/机理是哪一项？,"Maintenance; Mooring line fatigue due to Lack of proper maintenance, including inspection, monitoring, and replacement of the mooring lines.","Operation; Mooring line fatigue due to Improper operational procedures, such as excessive loading, bending or twisting.",错误,0.0,453.32,语义RAG,0.3333,1.0,0,,3,"Maintenance; Mooring line fatigue due to Lack of proper maintenance, including inspection, monitoring, and replacement of the mooring lines.",,,,,"Maintenance; Mooring line fatigue due to Lack of proper maintenance, including inspection, monitoring, and replacement of the mooring lines.",,项目/功能；潜在失效模式；发生度(O)；潜在失效原因/机理,86,
500,500,baseline模型,baseline兼容旧逻辑,故障原因诊断类,项目失效现象发生度查原因,项目范围原因查询,,,中等,结合项目/功能“Station keeping / Mooring Lines / Mooring lines”，当“Mooring Line Fatigue”的发生度O为3时，故障原因/机理是哪一项？,"Operation; Mooring line fatigue due to Improper operational procedures, such as excessive loading, bending or twisting.","Maintenance; Mooring line fatigue due to Lack of proper maintenance, including inspection, monitoring, and replacement of the mooring lines.",错误,0.0,552.82,语义RAG,0.6667,1.0,0,,3,"Operation; Mooring line fatigue due to Improper operational procedures, such as excessive loading, bending or twisting.",,,,,"Operation; Mooring line fatigue due to Improper operational procedures, such as excessive loading, bending or twisting.",,项目/功能；潜在失效模式；发生度(O)；潜在失效原因/机理,87,
501,501,baseline模型,baseline兼容旧逻辑,故障措施推荐类,项目失效现象查措施,故障措施查询,,,简单,在项目/功能“Tower / Tower / Primary steelwork”中，失效模式“Cracks”建议采取什么措施？,High-fidelity coupled aero-hydro-elastic simulation in design updates; Thicker shell sections / local reinforcement,建议措施 / RecommendedAction / action / 怎么处理 / 咋处理:,错误,0.0,551.61,语义RAG,1.0,0.0,0,,3,High-fidelity coupled aero-hydro-elastic simulation in design updates; Thicker shell sections / local reinforcement,,,,,High-fidelity coupled aero-hydro-elastic simulation in design updates; Thicker shell sections / local reinforcement,,项目/功能；潜在失效模式；建议措施,4,
502,502,baseline模型,baseline兼容旧逻辑,故障措施推荐类,项目失效现象查措施,故障措施查询,,,简单,在项目/功能“Tower / Tower / Primary steelwork”中，失效模式“Plastic deformation”建议采取什么措施？,Operational limits & control strategies for extreme motions; Blade–tower clearance and control optimization for extreme motions; High-fidelity coupled aero-hydro-elastic simulation in design updates,建议措施 / RecommendedAction / action / 怎么处理 / 咋处理: -,错误,0.0,600.13,语义RAG,0.6667,0.0,0,,3,Operational limits & control strategies for extreme motions; Blade–tower clearance and control optimization for extreme motions; High-fidelity coupled aero-hydro-elastic simulation in design updates,,,,,Operational limits & control strategies for extreme motions; Blade–tower clearance and control optimization for extreme motions; High-fidelity coupled aero-hydro-elastic simulation in design updates,,项目/功能；潜在失效模式；建议措施,22,
503,503,baseline模型,baseline兼容旧逻辑,故障措施推荐类,项目失效现象查措施,故障措施查询,,,简单,在项目/功能“Transition piece / Transition Piece / Primary structure & welding”中，失效模式“Transition piece break”建议采取什么措施？,"Interface redesign to reduce stress concentrations (fillets, radii); High-fidelity coupled analysis of TP–tower–floater interaction; Improve engineering skills",建议措施 / RecommendedAction / action / 怎么处理 / 咋处理:,错误,0.0,597.86,语义RAG,0.6667,0.0,0,,3,"Interface redesign to reduce stress concentrations (fillets, radii); High-fidelity coupled analysis of TP–tower–floater interaction; Improve engineering skills",,,,,"Interface redesign to reduce stress concentrations (fillets, radii); High-fidelity coupled analysis of TP–tower–floater interaction; Improve engineering skills",,项目/功能；潜在失效模式；建议措施,24,
504,504,baseline模型,baseline兼容旧逻辑,故障措施推荐类,项目失效现象查措施,故障措施查询,,,简单,在项目/功能“Transition piece / Transition Piece / Primary structure”中，失效模式“Transition piece break”建议采取什么措施？,"SHM for TP connections (strain gauges, acoustic emission, bolt preload monitoring); Design requalification for extreme storms (updated metocean; load cases); -",建议措施 / RecommendedAction / action / 怎么处理 / 咋处理: -,错误,0.0,580.49,语义RAG,1.0,0.0,0,,3,"SHM for TP connections (strain gauges, acoustic emission, bolt preload monitoring); Design requalification for extreme storms (updated metocean; load cases); -",,,,,"SHM for TP connections (strain gauges, acoustic emission, bolt preload monitoring); Design requalification for extreme storms (updated metocean; load cases); -",,项目/功能；潜在失效模式；建议措施,25,
505,505,baseline模型,baseline兼容旧逻辑,故障措施推荐类,项目失效现象查措施,故障措施查询,,,简单,在项目/功能“Transition piece / Transition Piece / Primary stucture”中，失效模式“Structural plastic deformation”建议采取什么措施？,"SHM for TP connections (strain gauges, acoustic emission, bolt preload monitoring); Design requalification for extreme storms (updated metocean; load cases); High-fidelity coupled analysis of TP–tower–floater interaction; -",建议措施 / RecommendedAction / action / 怎么处理 / 咋处理: -,错误,0.0,569.91,语义RAG,1.0,0.0,0,,3,"SHM for TP connections (strain gauges, acoustic emission, bolt preload monitoring); Design requalification for extreme storms (updated metocean; load cases); High-fidelity coupled analysis of TP–tower–floater interaction; -",,,,,"SHM for TP connections (strain gauges, acoustic emission, bolt preload monitoring); Design requalification for extreme storms (updated metocean; load cases); High-fidelity coupled analysis of TP–tower–floater interaction; -",,项目/功能；潜在失效模式；建议措施,26,
506,506,baseline模型,baseline兼容旧逻辑,故障措施推荐类,项目失效现象查措施,故障措施查询,,,简单,在项目/功能“Transition piece / Transition Piece / Primary structure & welding”中，失效模式“Cracks”建议采取什么措施？,Design requalification for extreme storms (updated metocean; load cases); High-fidelity coupled aero-hydro-elastic simulation in design updates,建议措施 / RecommendedAction / action / 怎么处理 / 咋处理:,错误,0.0,579.57,语义RAG,1.0,0.0,0,,3,Design requalification for extreme storms (updated metocean; load cases); High-fidelity coupled aero-hydro-elastic simulation in design updates,,,,,Design requalification for extreme storms (updated metocean; load cases); High-fidelity coupled aero-hydro-elastic simulation in design updates,,项目/功能；潜在失效模式；建议措施,32,
507,507,baseline模型,baseline兼容旧逻辑,故障措施推荐类,项目失效现象查措施,故障措施查询,,,简单,在项目/功能“Floating support structure / Floating Support structure / All structures”中，失效模式“Capsize”建议采取什么措施？,Expanded design load cases (including typhoon/hurricane scenarios); Freeboard margin increase and water-tight compartmentalization; Improve engineering skills,建议措施 = 未记录.,错误,0.0,499.66,语义RAG,0.6667,0.0,0,,3,Expanded design load cases (including typhoon/hurricane scenarios); Freeboard margin increase and water-tight compartmentalization; Improve engineering skills,,,,,Expanded design load cases (including typhoon/hurricane scenarios); Freeboard margin increase and water-tight compartmentalization; Improve engineering skills,,项目/功能；潜在失效模式；建议措施,45,
508,508,baseline模型,baseline兼容旧逻辑,故障措施推荐类,项目失效现象查措施,故障措施查询,,,简单,在项目/功能“Floating support structure / Floating Support structure / Primary structure”中，失效模式“Capsize”建议采取什么措施？,Expanded design load cases (including typhoon/hurricane scenarios); -; Improved engineering skills,建议措施 = 未记录.,错误,0.0,362.15,语义RAG,0.3333,0.0,0,,3,Expanded design load cases (including typhoon/hurricane scenarios); -; Improved engineering skills,,,,,Expanded design load cases (including typhoon/hurricane scenarios); -; Improved engineering skills,,项目/功能；潜在失效模式；建议措施,46,
509,509,baseline模型,baseline兼容旧逻辑,故障措施推荐类,项目失效现象查措施,故障措施查询,,,简单,在项目/功能“Floating support structure / Floating Support structure / All structures”中，失效模式“Structural break”建议采取什么措施？,Expanded design load cases (including typhoon/hurricane scenarios); -,这个问题中的失效模式并不是“Structural break”，而是“Structural plastic deformation [11]”。根据上下文，在项目/功能“Floating support structure / Floating Support structure / All structures”中，对于失效模式“Structural plastic deformation [11]”，建议措施 / RecommendedAction 为空，没有给出具体的处理建议。,错误,0.0,909.72,语义RAG,0.3333,0.0,0,,3,Expanded design load cases (including typhoon/hurricane scenarios); -,,,,,Expanded design load cases (including typhoon/hurricane scenarios); -,,项目/功能；潜在失效模式；建议措施,49,
510,510,baseline模型,baseline兼容旧逻辑,故障措施推荐类,项目失效现象查措施,故障措施查询,,,简单,在项目/功能“Floating support structure / Floating Support structure / Secondary structure”中，失效模式“Additional Structures Failures”建议采取什么措施？,Freeboard margin increase and water-tight compartmentalization; -; Expanded design load cases (including typhoon/hurricane scenarios); Improved cable mechnical design,根据上下文，项目/功能“Floating support structure / Floating Support structure / Secondary structure”中并没有提到失效模式“Additional Structures Failures”，且没有给出相应的建议措施。因此，无法回答该问题。,错误,0.0,720.04,语义RAG,0.3333,0.0,0,,3,Freeboard margin increase and water-tight compartmentalization; -; Expanded design load cases (including typhoon/hurricane scenarios); Improved cable mechnical design,,,,,Freeboard margin increase and water-tight compartmentalization; -; Expanded design load cases (including typhoon/hurricane scenarios); Improved cable mechnical design,,项目/功能；潜在失效模式；建议措施,50,
511,511,baseline模型,baseline兼容旧逻辑,故障措施推荐类,项目失效现象查措施,故障措施查询,,,简单,在项目/功能“Floating support structure / Floating Support structure / Primary structure & Welding”中，失效模式“Capsize”建议采取什么措施？,"Expanded design load cases (including typhoon/hurricane scenarios); Operational limits: weather windows, alarm thresholds for motions; Resonance avoidance via structural tuning/damping",不知道。上下文中的失效模式并未包含“Capsize”。,错误,0.0,412.99,语义RAG,0.0,0.0,0,,3,"Expanded design load cases (including typhoon/hurricane scenarios); Operational limits: weather windows, alarm thresholds for motions; Resonance avoidance via structural tuning/damping",,,,,"Expanded design load cases (including typhoon/hurricane scenarios); Operational limits: weather windows, alarm thresholds for motions; Resonance avoidance via structural tuning/damping",,项目/功能；潜在失效模式；建议措施,52,
512,512,baseline模型,baseline兼容旧逻辑,故障措施推荐类,项目失效现象查措施,故障措施查询,,,简单,在项目/功能“Floating support structure / Floating Support structure / Primary structure & Welding”中，失效模式“Cracks”建议采取什么措施？,Expanded design load cases (including typhoon/hurricane scenarios); Resonance avoidance via structural tuning/damping; High-fidelity coupled aero-hydro-elastic simulation in design updates,不知道。上下文中的失效模式为“Structural plastic deformation [11]”和“Floater unit sinkage”，没有涉及“Cracks”的失效模式及其对应的建议措施。,错误,0.0,600.32,语义RAG,0.3333,0.0,0,,3,Expanded design load cases (including typhoon/hurricane scenarios); Resonance avoidance via structural tuning/damping; High-fidelity coupled aero-hydro-elastic simulation in design updates,,,,,Expanded design load cases (including typhoon/hurricane scenarios); Resonance avoidance via structural tuning/damping; High-fidelity coupled aero-hydro-elastic simulation in design updates,,项目/功能；潜在失效模式；建议措施,53,
513,513,baseline模型,baseline兼容旧逻辑,故障措施推荐类,项目失效现象查措施,故障措施查询,,,简单,在项目/功能“Floating support structure / Floating Support structure / Secondary structure”中，失效模式“Floater unit sinkage”建议采取什么措施？,Ballast redundancy and automated ballast management; Freeboard margin increase and water-tight compartmentalization; Expanded design load cases (including typhoon/hurricane scenarios),建议措施 / RecommendedAction / action / 怎么处理 / 咋处理:,错误,0.0,597.34,语义RAG,1.0,0.0,0,,3,Ballast redundancy and automated ballast management; Freeboard margin increase and water-tight compartmentalization; Expanded design load cases (including typhoon/hurricane scenarios),,,,,Ballast redundancy and automated ballast management; Freeboard margin increase and water-tight compartmentalization; Expanded design load cases (including typhoon/hurricane scenarios),,项目/功能；潜在失效模式；建议措施,58,
514,514,baseline模型,baseline兼容旧逻辑,故障措施推荐类,项目失效现象查措施,故障措施查询,,,简单,在项目/功能“Floating support structure / Floating Support structure / Primary structure & Welding”中，失效模式“Structural break”建议采取什么措施？,"Operational limits: weather windows, alarm thresholds for motions; Other- Specify; Expanded design load cases (including typhoon/hurricane scenarios); Better understanding of temperature ranges",不知道。上下文中的失效模式为“Structural plastic deformation [11]”，没有找到与“Structural break”相关的失效模式及其建议措施。,错误,0.0,750.72,语义RAG,0.0,0.0,0,,3,"Operational limits: weather windows, alarm thresholds for motions; Other- Specify; Expanded design load cases (including typhoon/hurricane scenarios); Better understanding of temperature ranges",,,,,"Operational limits: weather windows, alarm thresholds for motions; Other- Specify; Expanded design load cases (including typhoon/hurricane scenarios); Better understanding of temperature ranges",,项目/功能；潜在失效模式；建议措施,68,
515,515,baseline模型,baseline兼容旧逻辑,故障措施推荐类,项目失效现象查措施,故障措施查询,,,简单,在项目/功能“Floating support structure / Floating Support structure / All structures”中，失效模式“Floater unit sinkage”建议采取什么措施？,"Operational limits: weather windows, alarm thresholds for motions; -; Expanded design load cases (including typhoon/hurricane scenarios); Freeboard margin increase and water-tight compartmentalization",建议措施 / RecommendedAction / action / 怎么处理 / 咋处理:,错误,0.0,609.07,语义RAG,1.0,0.0,0,,3,"Operational limits: weather windows, alarm thresholds for motions; -; Expanded design load cases (including typhoon/hurricane scenarios); Freeboard margin increase and water-tight compartmentalization",,,,,"Operational limits: weather windows, alarm thresholds for motions; -; Expanded design load cases (including typhoon/hurricane scenarios); Freeboard margin increase and water-tight compartmentalization",,项目/功能；潜在失效模式；建议措施,69,
516,516,baseline模型,baseline兼容旧逻辑,故障措施推荐类,项目失效现象查措施,故障措施查询,,,简单,在项目/功能“Floating support structure / Floating Support structure / All structures”中，失效模式“Hit by dropped objects”建议采取什么措施？,Expanded design load cases (including typhoon/hurricane scenarios); High-fidelity coupled aero-hydro-elastic simulation in design updates; -,建议措施 / RecommendedAction / action / 怎么处理 / 咋处理: -,错误,0.0,611.85,语义RAG,1.0,0.0,0,,3,Expanded design load cases (including typhoon/hurricane scenarios); High-fidelity coupled aero-hydro-elastic simulation in design updates; -,,,,,Expanded design load cases (including typhoon/hurricane scenarios); High-fidelity coupled aero-hydro-elastic simulation in design updates; -,,项目/功能；潜在失效模式；建议措施,70,
517,517,baseline模型,baseline兼容旧逻辑,故障措施推荐类,项目失效现象查措施,故障措施查询,,,简单,在项目/功能“Floating support structure / Floating Support structure / All structures & Welding”中，失效模式“Structural break”建议采取什么措施？,"Operational limits: weather windows, alarm thresholds for motions; Other- Specify; -; Welding quality assurance and NDT enhancement (phased-array UT)",根据上下文，项目/功能“Floating support structure / Floating Support structure / All structures & Welding”中并没有提到失效模式“Structural break”，因此不知道该失效模式的建议措施。,错误,0.0,800.71,语义RAG,0.0,0.0,0,,3,"Operational limits: weather windows, alarm thresholds for motions; Other- Specify; -; Welding quality assurance and NDT enhancement (phased-array UT)",,,,,"Operational limits: weather windows, alarm thresholds for motions; Other- Specify; -; Welding quality assurance and NDT enhancement (phased-array UT)",,项目/功能；潜在失效模式；建议措施,72,
518,518,baseline模型,baseline兼容旧逻辑,故障措施推荐类,项目失效现象查措施,故障措施查询,,,简单,在项目/功能“Station keeping / Anchor”中，失效模式“Anchor failure”建议采取什么措施？,"Continuous tension and vibration monitoring; thresholds for intervention; Procedural controls: load management, operational envelopes; Better design by expanded load case matrix including more failure modes; -",建议措施 = 未记录.,错误,0.0,517.48,语义RAG,0.6667,0.0,0,,3,"Continuous tension and vibration monitoring; thresholds for intervention; Procedural controls: load management, operational envelopes; Better design by expanded load case matrix including more failure modes; -",,,,,"Continuous tension and vibration monitoring; thresholds for intervention; Procedural controls: load management, operational envelopes; Better design by expanded load case matrix including more failure modes; -",,项目/功能；潜在失效模式；建议措施,75,
519,519,baseline模型,baseline兼容旧逻辑,故障措施推荐类,项目失效现象查措施,故障措施查询,,,简单,在项目/功能“Station keeping / Fairlead”中，失效模式“Fairlead failure”建议采取什么措施？,Continuous tension and vibration monitoring; thresholds for intervention; Fairlead geometry improvements and low-wear lining; Optimized chain/wire/rope selection and fatigue margins (design); -,未记录.,错误,0.0,328.58,语义RAG,0.3333,0.0,0,,3,Continuous tension and vibration monitoring; thresholds for intervention; Fairlead geometry improvements and low-wear lining; Optimized chain/wire/rope selection and fatigue margins (design); -,,,,,Continuous tension and vibration monitoring; thresholds for intervention; Fairlead geometry improvements and low-wear lining; Optimized chain/wire/rope selection and fatigue margins (design); -,,项目/功能；潜在失效模式；建议措施,79,
520,520,baseline模型,baseline兼容旧逻辑,故障措施推荐类,项目失效现象查措施,故障措施查询,,,简单,在项目/功能“Station keeping / Mooring Lines / Mooring lines”中，失效模式“Mooring line breakage”建议采取什么措施？,ROV visual inspections; targeted maintenance on wear zones; Diversity in materials/vendors to reduce common-cause risks; -,建议措施 / RecommendedAction / action / 怎么处理 / 咋处理: -,错误,0.0,623.55,语义RAG,0.6667,0.0,0,,3,ROV visual inspections; targeted maintenance on wear zones; Diversity in materials/vendors to reduce common-cause risks; -,,,,,ROV visual inspections; targeted maintenance on wear zones; Diversity in materials/vendors to reduce common-cause risks; -,,项目/功能；潜在失效模式；建议措施,82,
521,521,baseline模型,baseline兼容旧逻辑,故障措施推荐类,项目失效现象查措施,故障措施查询,,,简单,在项目/功能“Station keeping / Mooring Lines / Mooring lines”中，失效模式“Mooring Line Corrosion”建议采取什么措施？,Continuous tension and vibration monitoring; thresholds for intervention; Optimized chain/wire/rope selection and fatigue margins (design); -,未记录.,错误,0.0,548.3,语义RAG,0.3333,0.0,0,,3,Continuous tension and vibration monitoring; thresholds for intervention; Optimized chain/wire/rope selection and fatigue margins (design); -,,,,,Continuous tension and vibration monitoring; thresholds for intervention; Optimized chain/wire/rope selection and fatigue margins (design); -,,项目/功能；潜在失效模式；建议措施,85,
522,522,baseline模型,baseline兼容旧逻辑,故障措施推荐类,项目失效现象查措施,故障措施查询,,,简单,在项目/功能“Station keeping / Mooring Lines / Mooring lines”中，失效模式“Mooring Line Fatigue”建议采取什么措施？,Continuous tension and vibration monitoring; thresholds for intervention; Optimized chain/wire/rope selection and fatigue margins (design); -,未记录.,错误,0.0,265.05,语义RAG,0.3333,0.0,0,,3,Continuous tension and vibration monitoring; thresholds for intervention; Optimized chain/wire/rope selection and fatigue margins (design); -,,,,,Continuous tension and vibration monitoring; thresholds for intervention; Optimized chain/wire/rope selection and fatigue margins (design); -,,项目/功能；潜在失效模式；建议措施,87,
523,523,baseline模型,baseline兼容旧逻辑,故障措施推荐类,项目失效现象查措施,故障措施查询,,,简单,在项目/功能“Station keeping / Mooring lines / Mooring lines”中，失效模式“Mooring lines broken”建议采取什么措施？,"ROV visual inspections; targeted maintenance on wear zones; Optimized chain/wire/rope selection and fatigue margins (design); Only chain and wire above MSL, keep fiber ropes wet; -",建议措施 / RecommendedAction / action / 怎么处理 / 咋处理:,错误,0.0,623.39,语义RAG,0.0,0.0,0,,3,"ROV visual inspections; targeted maintenance on wear zones; Optimized chain/wire/rope selection and fatigue margins (design); Only chain and wire above MSL, keep fiber ropes wet; -",,,,,"ROV visual inspections; targeted maintenance on wear zones; Optimized chain/wire/rope selection and fatigue margins (design); Only chain and wire above MSL, keep fiber ropes wet; -",,项目/功能；潜在失效模式；建议措施,91,
524,524,baseline模型,baseline兼容旧逻辑,故障措施推荐类,项目失效现象查措施,故障措施查询,,,简单,在项目/功能“Station keeping / Mooring lines / Mooring winch”中，失效模式“Mooring winch failure”建议采取什么措施？,"Continuous tension and vibration monitoring; thresholds for intervention; Procedural controls: load management, operational envelopes; -",建议措施 / RecommendedAction / action / 怎么处理 / 咋处理: 未记录.,错误,0.0,633.6,语义RAG,1.0,0.0,0,,3,"Continuous tension and vibration monitoring; thresholds for intervention; Procedural controls: load management, operational envelopes; -",,,,,"Continuous tension and vibration monitoring; thresholds for intervention; Procedural controls: load management, operational envelopes; -",,项目/功能；潜在失效模式；建议措施,96,
525,525,baseline模型,baseline兼容旧逻辑,故障措施推荐类,项目失效现象查措施,故障措施查询,,,简单,在项目/功能“Dynamic cable / Dynamic Cable / Dynamic Cable”中，失效模式“accelerated mechanical fatigue”建议采取什么措施？,"Monitoring: DTS/RTTR, electrical integrity tests, leak detection; Lazy-wave configuration optimization; buoyancy spacing; hang-off upgrades; -",建议措施 / RecommendedAction / action / 怎么处理 / 咋处理:,错误,0.0,568.25,语义RAG,0.6667,0.0,0,,3,"Monitoring: DTS/RTTR, electrical integrity tests, leak detection; Lazy-wave configuration optimization; buoyancy spacing; hang-off upgrades; -",,,,,"Monitoring: DTS/RTTR, electrical integrity tests, leak detection; Lazy-wave configuration optimization; buoyancy spacing; hang-off upgrades; -",,项目/功能；潜在失效模式；建议措施,97,
526,526,baseline模型,baseline兼容旧逻辑,故障措施推荐类,项目失效现象查措施,故障措施查询,,,简单,在项目/功能“Dynamic cable / Dynamic Cable / J-tube”中，失效模式“Corrosion of J-tube”建议采取什么措施？,-; Cathodic protection; coating improvements,建议措施 / RecommendedAction / action / 怎么处理 / 咋处理: -,错误,0.0,606.98,语义RAG,1.0,0.0,0,,3,-; Cathodic protection; coating improvements,,,,,-; Cathodic protection; coating improvements,,项目/功能；潜在失效模式；建议措施,101,
527,527,baseline模型,baseline兼容旧逻辑,故障措施推荐类,项目失效现象查措施,故障措施查询,,,简单,在项目/功能“Dynamic cable / Dynamic Cable / Hang-off”中，失效模式“damage and corrosion of mechanical parts”建议采取什么措施？,-; Design review; improved material selection,建议措施 / RecommendedAction / action / 怎么处理 / 咋处理: -,错误,0.0,622.21,语义RAG,0.6667,0.0,0,,3,-; Design review; improved material selection,,,,,-; Design review; improved material selection,,项目/功能；潜在失效模式；建议措施,103,
528,528,baseline模型,baseline兼容旧逻辑,故障措施推荐类,项目失效现象查措施,故障措施查询,,,简单,在项目/功能“Dynamic cable / Dynamic Cable / Dynamic Cable”中，失效模式“Debris disturbance”建议采取什么措施？,-; Environmental protections; debris management,你提到的失效模式“Debris disturbance”并未出现在提供的上下文中。根据给出的信息，在“Dynamic cable / Dynamic Cable / Dynamic Cable”这个项目/功能下，存在的失效模式包括： 1. Crushing or deformation 2. Cable Damage 3. accelerated mechanical fatigue 因此，对于“Debris disturbance”这一失效模式没有建议措施。,错误,0.0,1056.85,语义RAG,1.0,0.0,1,,3,-; Environmental protections; debris management,,,,2.0,-; Environmental protections; debris management,,项目/功能；潜在失效模式；建议措施,104,
529,529,baseline模型,baseline兼容旧逻辑,故障措施推荐类,项目失效现象查措施,故障措施查询,,,简单,在项目/功能“Dynamic cable / Dynamic Cable / Dynamic Cable”中，失效模式“Detachment”建议采取什么措施？,-; Design review; improved material selection,你提到的失效模式“Detachment”并未出现在提供的上下文中。最接近的是“Hang-off”，其对应的建议措施为： 建议措施 / RecommendedAction / action / 怎么处理 / 咋处理: 由于没有具体的措施记录，建议进一步检查和确认相关风险控制措施。,错误,0.0,947.8,语义RAG,0.3333,0.0,0,,3,-; Design review; improved material selection,,,,,-; Design review; improved material selection,,项目/功能；潜在失效模式；建议措施,105,
530,530,baseline模型,baseline兼容旧逻辑,故障措施推荐类,项目失效现象查措施,故障措施查询,,,简单,在项目/功能“Dynamic cable / Dynamic Cable / Joints and terminations”中，失效模式“Failure of end termination”建议采取什么措施？,-; Design improvements; enhanced termination QA,建议措施=未记录.,错误,0.0,511.19,语义RAG,0.3333,0.0,0,,3,-; Design improvements; enhanced termination QA,,,,,-; Design improvements; enhanced termination QA,,项目/功能；潜在失效模式；建议措施,107,
531,531,baseline模型,baseline兼容旧逻辑,故障措施推荐类,项目失效现象查措施,故障措施查询,,,简单,在项目/功能“Dynamic cable / Dynamic Cable / Dynamic Cable”中，失效模式“Failure of watertightness”建议采取什么措施？,"Installation QA/QC: pull-in tension verification, handling procedures; Watertightness assurance: enhanced sealing tests; end termination QA; -",建议措施 / RecommendedAction / action / 怎么处理 / 咋处理:,错误,0.0,593.88,语义RAG,1.0,0.0,0,,3,"Installation QA/QC: pull-in tension verification, handling procedures; Watertightness assurance: enhanced sealing tests; end termination QA; -",,,,,"Installation QA/QC: pull-in tension verification, handling procedures; Watertightness assurance: enhanced sealing tests; end termination QA; -",,项目/功能；潜在失效模式；建议措施,112,
532,532,baseline模型,baseline兼容旧逻辑,故障措施推荐类,项目失效现象查措施,故障措施查询,,,简单,在项目/功能“Dynamic cable / Dynamic Cable / Conductor”中，失效模式“failures of conductors”建议采取什么措施？,"-; Monitoring (DTS/RTTR, electrical integrity tests)",建议措施=未记录.,错误,0.0,463.75,语义RAG,0.3333,0.0,0,,3,"-; Monitoring (DTS/RTTR, electrical integrity tests)",,,,,"-; Monitoring (DTS/RTTR, electrical integrity tests)",,项目/功能；潜在失效模式；建议措施,114,
533,533,baseline模型,baseline兼容旧逻辑,故障措施推荐类,项目失效现象查措施,故障措施查询,,,简单,在项目/功能“Dynamic cable / Dynamic Cable / Dynamic Cable”中，失效模式“Fatigue Cracks”建议采取什么措施？,"Monitoring: DTS/RTTR, electrical integrity tests, leak detection; -",这个问题中的失效模式“Fatigue Cracks”并未出现在提供的上下文中，最接近的是“damage and corrosion of mechanical parts”和“Crushing or deformation”。因此根据现有信息，无法回答“Fatigue Cracks”的建议措施。,错误,0.0,862.25,语义RAG,0.3333,0.0,0,,3,"Monitoring: DTS/RTTR, electrical integrity tests, leak detection; -",,,,,"Monitoring: DTS/RTTR, electrical integrity tests, leak detection; -",,项目/功能；潜在失效模式；建议措施,115,
534,534,baseline模型,baseline兼容旧逻辑,故障措施推荐类,项目失效现象查措施,故障措施查询,,,简单,在项目/功能“Dynamic cable / Dynamic Cable / Dynamic Cable”中，失效模式“material degradation”建议采取什么措施？,"Monitoring: DTS/RTTR, electrical integrity tests, leak detection; -",建议措施 / RecommendedAction / action / 怎么处理 / 咋处理:,错误,0.0,597.21,语义RAG,0.3333,0.0,0,,3,"Monitoring: DTS/RTTR, electrical integrity tests, leak detection; -",,,,,"Monitoring: DTS/RTTR, electrical integrity tests, leak detection; -",,项目/功能；潜在失效模式；建议措施,119,
535,535,baseline模型,baseline兼容旧逻辑,故障措施推荐类,项目失效现象查措施,故障措施查询,,,简单,在项目/功能“Dynamic cable / Dynamic Cable / Cable Protection System”中，失效模式“Movement of CPS due to scour/seabed mobility”建议采取什么措施？,Burial/trenching optimization; scour mitigation; as-built metrology; -,建议措施 / RecommendedAction / action / 怎么处理 / 咋处理:,错误,0.0,605.91,语义RAG,1.0,0.0,0,,3,Burial/trenching optimization; scour mitigation; as-built metrology; -,,,,,Burial/trenching optimization; scour mitigation; as-built metrology; -,,项目/功能；潜在失效模式；建议措施,122,
536,536,baseline模型,baseline兼容旧逻辑,故障措施推荐类,项目失效现象查措施,故障措施查询,,,简单,在项目/功能“Dynamic cable / Dynamic Cable / Static cable/Export Cable”中，失效模式“Reduced sediment cover lower than designed value for protection”建议采取什么措施？,"Burial/trenching optimization; scour mitigation; as-built metrology; Monitoring: DTS/RTTR, electrical integrity tests, leak detection; -",建议措施=未记录.,错误,0.0,516.84,语义RAG,1.0,0.0,0,,3,"Burial/trenching optimization; scour mitigation; as-built metrology; Monitoring: DTS/RTTR, electrical integrity tests, leak detection; -",,,,,"Burial/trenching optimization; scour mitigation; as-built metrology; Monitoring: DTS/RTTR, electrical integrity tests, leak detection; -",,项目/功能；潜在失效模式；建议措施,125,
537,537,baseline模型,baseline兼容旧逻辑,故障措施推荐类,项目失效现象查措施,故障措施查询,,,简单,在项目/功能“Dynamic cable / Dynamic Cable / Dynamic Cable”中，失效模式“Small bending radius”建议采取什么措施？,Lazy-wave configuration optimization; buoyancy spacing; hang-off upgrades; -,建议措施 / RecommendedAction / action / 怎么处理 / 咋处理:,错误,0.0,601.15,语义RAG,1.0,0.0,0,,3,Lazy-wave configuration optimization; buoyancy spacing; hang-off upgrades; -,,,,,Lazy-wave configuration optimization; buoyancy spacing; hang-off upgrades; -,,项目/功能；潜在失效模式；建议措施,128,
538,538,baseline模型,baseline兼容旧逻辑,故障措施推荐类,fmea_id_to_action,故障措施查询,,,中等,FMEA编号TO5的建议措施是什么？,High-fidelity coupled aero-hydro-elastic simulation in design updates; Thicker shell sections / local reinforcement,FMEA编号TO5的建议措施是：-,错误,0.0,503.19,语义RAG,0.0,0.0,0,,3,High-fidelity coupled aero-hydro-elastic simulation in design updates; Thicker shell sections / local reinforcement,,,,,High-fidelity coupled aero-hydro-elastic simulation in design updates; Thicker shell sections / local reinforcement,,FMEA编号；建议措施,4,
539,539,baseline模型,baseline兼容旧逻辑,故障措施推荐类,fmea_id_to_action,故障措施查询,,,简单,FMEA编号TO6这条风险，建议怎么处理？,"Enhanced SHM: acoustic emission, strain gauges, modal monitoring; -; High-fidelity coupled aero-hydro-elastic simulation in design updates; Weld detail optimization and hotspot redesign",建议措施 / RecommendedAction / action / 怎么处理 / 咋处理:,错误,0.0,605.93,语义RAG,0.0,0.0,0,,3,"Enhanced SHM: acoustic emission, strain gauges, modal monitoring; -; High-fidelity coupled aero-hydro-elastic simulation in design updates; Weld detail optimization and hotspot redesign",,,,,"Enhanced SHM: acoustic emission, strain gauges, modal monitoring; -; High-fidelity coupled aero-hydro-elastic simulation in design updates; Weld detail optimization and hotspot redesign",,FMEA编号；建议措施,5,
540,540,baseline模型,baseline兼容旧逻辑,故障措施推荐类,fmea_id_to_action,故障措施查询,,,简单,查一下FMEA编号TO7对应的处理措施。,"Weld detail optimization and hotspot redesign; Enhanced SHM: acoustic emission, strain gauges, modal monitoring; Thicker shell sections / local reinforcement; High-fidelity coupled aero-hydro-elastic simulation in design updates",不知道。上下文中没有提到FMEA编号TO7的相关信息。,错误,0.0,503.42,语义RAG,0.0,0.0,0,,3,"Weld detail optimization and hotspot redesign; Enhanced SHM: acoustic emission, strain gauges, modal monitoring; Thicker shell sections / local reinforcement; High-fidelity coupled aero-hydro-elastic simulation in design updates",,,,,"Weld detail optimization and hotspot redesign; Enhanced SHM: acoustic emission, strain gauges, modal monitoring; Thicker shell sections / local reinforcement; High-fidelity coupled aero-hydro-elastic simulation in design updates",,FMEA编号；建议措施,6,
541,541,baseline模型,baseline兼容旧逻辑,故障措施推荐类,fmea_id_to_action,故障措施查询,,,中等,FMEA编号TO23这条FMEA记录，需要采取什么建议措施？,Operational limits & control strategies for extreme motions; Blade–tower clearance and control optimization for extreme motions; High-fidelity coupled aero-hydro-elastic simulation in design updates,建议措施 / RecommendedAction / action / 怎么处理 / 咋处理:,错误,0.0,564.81,语义RAG,0.0,0.0,0,,3,Operational limits & control strategies for extreme motions; Blade–tower clearance and control optimization for extreme motions; High-fidelity coupled aero-hydro-elastic simulation in design updates,,,,,Operational limits & control strategies for extreme motions; Blade–tower clearance and control optimization for extreme motions; High-fidelity coupled aero-hydro-elastic simulation in design updates,,FMEA编号；建议措施,22,
542,542,baseline模型,baseline兼容旧逻辑,故障措施推荐类,fmea_id_to_action,故障措施查询,,,简单,FMEA编号TP1的后续改进措施写了什么？,"Interface redesign to reduce stress concentrations (fillets, radii); High-fidelity coupled analysis of TP–tower–floater interaction; Improve engineering skills",FMEA编号TP1的建议措施 / RecommendedAction / action / 怎么处理 / 咋处理: -,错误,0.0,554.63,语义RAG,0.0,0.0,0,,3,"Interface redesign to reduce stress concentrations (fillets, radii); High-fidelity coupled analysis of TP–tower–floater interaction; Improve engineering skills",,,,,"Interface redesign to reduce stress concentrations (fillets, radii); High-fidelity coupled analysis of TP–tower–floater interaction; Improve engineering skills",,FMEA编号；建议措施,24,
543,543,baseline模型,baseline兼容旧逻辑,故障措施推荐类,fmea_id_to_action,故障措施查询,,,简单,FMEA编号TP2的建议措施是什么？,"SHM for TP connections (strain gauges, acoustic emission, bolt preload monitoring); Design requalification for extreme storms (updated metocean; load cases); -",根据上下文，没有提供FMEA编号TP2的相关信息，因此无法得知其建议措施。其他编号的建议措施字段中均为空。,错误,0.0,673.19,语义RAG,0.0,0.0,0,,3,"SHM for TP connections (strain gauges, acoustic emission, bolt preload monitoring); Design requalification for extreme storms (updated metocean; load cases); -",,,,,"SHM for TP connections (strain gauges, acoustic emission, bolt preload monitoring); Design requalification for extreme storms (updated metocean; load cases); -",,FMEA编号；建议措施,25,
544,544,baseline模型,baseline兼容旧逻辑,故障措施推荐类,fmea_id_to_action,故障措施查询,,,中等,FMEA编号TP3这条风险，建议怎么处理？,"SHM for TP connections (strain gauges, acoustic emission, bolt preload monitoring); Design requalification for extreme storms (updated metocean; load cases); High-fidelity coupled analysis of TP–tower–floater interaction; -",建议措施 / RecommendedAction / action / 怎么处理 / 咋处理:,错误,0.0,583.07,语义RAG,0.0,0.0,0,,3,"SHM for TP connections (strain gauges, acoustic emission, bolt preload monitoring); Design requalification for extreme storms (updated metocean; load cases); High-fidelity coupled analysis of TP–tower–floater interaction; -",,,,,"SHM for TP connections (strain gauges, acoustic emission, bolt preload monitoring); Design requalification for extreme storms (updated metocean; load cases); High-fidelity coupled analysis of TP–tower–floater interaction; -",,FMEA编号；建议措施,26,
545,545,baseline模型,baseline兼容旧逻辑,故障措施推荐类,fmea_id_to_action,故障措施查询,,,简单,查一下FMEA编号TP5对应的处理措施。,High-fidelity coupled analysis of TP–tower–floater interaction; Design requalification for extreme storms (updated metocean; load cases); Improved metocean data measurements,不知道。上下文中没有提到FMEA编号TP5的相关信息。,错误,0.0,545.64,语义RAG,0.0,0.0,0,,3,High-fidelity coupled analysis of TP–tower–floater interaction; Design requalification for extreme storms (updated metocean; load cases); Improved metocean data measurements,,,,,High-fidelity coupled analysis of TP–tower–floater interaction; Design requalification for extreme storms (updated metocean; load cases); Improved metocean data measurements,,FMEA编号；建议措施,28,
546,546,baseline模型,baseline兼容旧逻辑,故障措施推荐类,fmea_id_to_action,故障措施查询,,,简单,FMEA编号TP9这条FMEA记录，需要采取什么建议措施？,Design requalification for extreme storms (updated metocean; load cases); High-fidelity coupled aero-hydro-elastic simulation in design updates,建议措施 / RecommendedAction / action / 怎么处理 / 咋处理:,错误,0.0,580.8,语义RAG,0.0,0.0,0,,3,Design requalification for extreme storms (updated metocean; load cases); High-fidelity coupled aero-hydro-elastic simulation in design updates,,,,,Design requalification for extreme storms (updated metocean; load cases); High-fidelity coupled aero-hydro-elastic simulation in design updates,,FMEA编号；建议措施,32,
547,547,baseline模型,baseline兼容旧逻辑,故障措施推荐类,fmea_id_to_action,故障措施查询,,,中等,FMEA编号TP16的后续改进措施写了什么？,High-fidelity coupled analysis of TP–tower–floater interaction; Design requalification for extreme storms (updated metocean; load cases); High-fidelity coupled aero-hydro-elastic simulation in design updates,不知道。上下文中没有提到FMEA编号TP16的相关信息，也没有列出具体的改进措施。,错误,0.0,525.78,语义RAG,0.0,0.0,0,,3,High-fidelity coupled analysis of TP–tower–floater interaction; Design requalification for extreme storms (updated metocean; load cases); High-fidelity coupled aero-hydro-elastic simulation in design updates,,,,,High-fidelity coupled analysis of TP–tower–floater interaction; Design requalification for extreme storms (updated metocean; load cases); High-fidelity coupled aero-hydro-elastic simulation in design updates,,FMEA编号；建议措施,39,
548,548,baseline模型,baseline兼容旧逻辑,故障措施推荐类,fmea_id_to_action,故障措施查询,,,简单,FMEA编号TP17的建议措施是什么？,"SHM for TP connections (strain gauges, acoustic emission, bolt preload monitoring); Welding quality assurance and NDT enhancement (phased-array UT)",FMEA编号TP17的建议措施 / RecommendedAction / action / 怎么处理 / 咋处理: -,错误,0.0,600.58,语义RAG,0.0,0.0,0,,3,"SHM for TP connections (strain gauges, acoustic emission, bolt preload monitoring); Welding quality assurance and NDT enhancement (phased-array UT)",,,,,"SHM for TP connections (strain gauges, acoustic emission, bolt preload monitoring); Welding quality assurance and NDT enhancement (phased-array UT)",,FMEA编号；建议措施,40,
549,549,baseline模型,baseline兼容旧逻辑,故障措施推荐类,fmea_id_to_action,故障措施查询,,,简单,FMEA编号FF1这条风险，建议怎么处理？,Expanded design load cases (including typhoon/hurricane scenarios); Freeboard margin increase and water-tight compartmentalization; Improve engineering skills,建议措施 / RecommendedAction / action / 怎么处理 / 咋处理:,错误,0.0,566.1,语义RAG,0.0,0.0,0,,3,Expanded design load cases (including typhoon/hurricane scenarios); Freeboard margin increase and water-tight compartmentalization; Improve engineering skills,,,,,Expanded design load cases (including typhoon/hurricane scenarios); Freeboard margin increase and water-tight compartmentalization; Improve engineering skills,,FMEA编号；建议措施,45,
550,550,baseline模型,baseline兼容旧逻辑,故障措施推荐类,fmea_id_to_action,故障措施查询,,,中等,查一下FMEA编号FF2对应的处理措施。,Expanded design load cases (including typhoon/hurricane scenarios); -; Improved engineering skills,不知道。上下文中没有提到FMEA编号为FF2的记录。,错误,0.0,539.44,语义RAG,0.0,0.0,0,,3,Expanded design load cases (including typhoon/hurricane scenarios); -; Improved engineering skills,,,,,Expanded design load cases (including typhoon/hurricane scenarios); -; Improved engineering skills,,FMEA编号；建议措施,46,
551,551,baseline模型,baseline兼容旧逻辑,故障措施推荐类,fmea_id_to_action,故障措施查询,,,简单,FMEA编号FF5这条FMEA记录，需要采取什么建议措施？,Expanded design load cases (including typhoon/hurricane scenarios); -,建议措施 / RecommendedAction / action / 怎么处理 / 咋处理:,错误,0.0,532.15,语义RAG,0.0,0.0,0,,3,Expanded design load cases (including typhoon/hurricane scenarios); -,,,,,Expanded design load cases (including typhoon/hurricane scenarios); -,,FMEA编号；建议措施,49,
552,552,baseline模型,baseline兼容旧逻辑,故障措施推荐类,fmea_id_to_action,故障措施查询,,,简单,FMEA编号FF6的后续改进措施写了什么？,Freeboard margin increase and water-tight compartmentalization; -; Expanded design load cases (including typhoon/hurricane scenarios); Improved cable mechnical design,FMEA编号FF6的建议措施 / RecommendedAction / action / 怎么处理 / 咋处理: -,错误,0.0,560.93,语义RAG,0.0,0.0,0,,3,Freeboard margin increase and water-tight compartmentalization; -; Expanded design load cases (including typhoon/hurricane scenarios); Improved cable mechnical design,,,,,Freeboard margin increase and water-tight compartmentalization; -; Expanded design load cases (including typhoon/hurricane scenarios); Improved cable mechnical design,,FMEA编号；建议措施,50,
553,553,baseline模型,baseline兼容旧逻辑,故障措施推荐类,fmea_id_to_action,故障措施查询,,,中等,FMEA编号FF8的建议措施是什么？,"Expanded design load cases (including typhoon/hurricane scenarios); Operational limits: weather windows, alarm thresholds for motions; Resonance avoidance via structural tuning/damping",FMEA编号FF8的建议措施是：-,错误,0.0,496.95,语义RAG,0.0,0.0,0,,3,"Expanded design load cases (including typhoon/hurricane scenarios); Operational limits: weather windows, alarm thresholds for motions; Resonance avoidance via structural tuning/damping",,,,,"Expanded design load cases (including typhoon/hurricane scenarios); Operational limits: weather windows, alarm thresholds for motions; Resonance avoidance via structural tuning/damping",,FMEA编号；建议措施,52,
554,554,baseline模型,baseline兼容旧逻辑,故障措施推荐类,fmea_id_to_action,故障措施查询,,,简单,FMEA编号FF9这条风险，建议怎么处理？,Expanded design load cases (including typhoon/hurricane scenarios); Resonance avoidance via structural tuning/damping; High-fidelity coupled aero-hydro-elastic simulation in design updates,建议措施 / RecommendedAction / action / 怎么处理 / 咋处理:,错误,0.0,538.13,语义RAG,0.0,0.0,0,,3,Expanded design load cases (including typhoon/hurricane scenarios); Resonance avoidance via structural tuning/damping; High-fidelity coupled aero-hydro-elastic simulation in design updates,,,,,Expanded design load cases (including typhoon/hurricane scenarios); Resonance avoidance via structural tuning/damping; High-fidelity coupled aero-hydro-elastic simulation in design updates,,FMEA编号；建议措施,53,
555,555,baseline模型,baseline兼容旧逻辑,故障措施推荐类,fmea_id_to_action,故障措施查询,,,简单,查一下FMEA编号FF14对应的处理措施。,Ballast redundancy and automated ballast management; Freeboard margin increase and water-tight compartmentalization; Expanded design load cases (including typhoon/hurricane scenarios),不知道。上下文中没有提到FMEA编号为FF14的记录。,错误,0.0,535.68,语义RAG,0.0,0.0,0,,3,Ballast redundancy and automated ballast management; Freeboard margin increase and water-tight compartmentalization; Expanded design load cases (including typhoon/hurricane scenarios),,,,,Ballast redundancy and automated ballast management; Freeboard margin increase and water-tight compartmentalization; Expanded design load cases (including typhoon/hurricane scenarios),,FMEA编号；建议措施,58,
556,556,baseline模型,baseline兼容旧逻辑,故障措施推荐类,fmea_id_to_action,故障措施查询,,,中等,FMEA编号FF24这条FMEA记录，需要采取什么建议措施？,"Operational limits: weather windows, alarm thresholds for motions; Other- Specify; Expanded design load cases (including typhoon/hurricane scenarios); Better understanding of temperature ranges",建议措施 / RecommendedAction / action / 怎么处理 / 咋处理:,错误,0.0,548.19,语义RAG,0.0,0.0,0,,3,"Operational limits: weather windows, alarm thresholds for motions; Other- Specify; Expanded design load cases (including typhoon/hurricane scenarios); Better understanding of temperature ranges",,,,,"Operational limits: weather windows, alarm thresholds for motions; Other- Specify; Expanded design load cases (including typhoon/hurricane scenarios); Better understanding of temperature ranges",,FMEA编号；建议措施,68,
557,557,baseline模型,baseline兼容旧逻辑,故障措施推荐类,fmea_id_to_action,故障措施查询,,,简单,FMEA编号FF25的后续改进措施写了什么？,"Operational limits: weather windows, alarm thresholds for motions; -; Expanded design load cases (including typhoon/hurricane scenarios); Freeboard margin increase and water-tight compartmentalization",建议措施 / RecommendedAction / action / 怎么处理 / 咋处理:,错误,0.0,471.47,语义RAG,0.0,0.0,0,,3,"Operational limits: weather windows, alarm thresholds for motions; -; Expanded design load cases (including typhoon/hurricane scenarios); Freeboard margin increase and water-tight compartmentalization",,,,,"Operational limits: weather windows, alarm thresholds for motions; -; Expanded design load cases (including typhoon/hurricane scenarios); Freeboard margin increase and water-tight compartmentalization",,FMEA编号；建议措施,69,
558,558,baseline模型,baseline兼容旧逻辑,故障措施推荐类,fmea_id_to_action,故障措施查询,,,简单,FMEA编号FF26的建议措施是什么？,Expanded design load cases (including typhoon/hurricane scenarios); High-fidelity coupled aero-hydro-elastic simulation in design updates; -,FMEA编号FF26的建议措施 / RecommendedAction / action / 怎么处理 / 咋处理: -,错误,0.0,646.25,语义RAG,0.0,0.0,0,,3,Expanded design load cases (including typhoon/hurricane scenarios); High-fidelity coupled aero-hydro-elastic simulation in design updates; -,,,,,Expanded design load cases (including typhoon/hurricane scenarios); High-fidelity coupled aero-hydro-elastic simulation in design updates; -,,FMEA编号；建议措施,70,
559,559,baseline模型,baseline兼容旧逻辑,故障措施推荐类,fmea_id_to_action,故障措施查询,,,中等,FMEA编号FF27这条风险，建议怎么处理？,Expanded design load cases (including typhoon/hurricane scenarios); High-fidelity coupled aero-hydro-elastic simulation in design updates,建议措施 / RecommendedAction / action / 怎么处理 / 咋处理:,错误,0.0,602.53,语义RAG,0.0,0.0,0,,3,Expanded design load cases (including typhoon/hurricane scenarios); High-fidelity coupled aero-hydro-elastic simulation in design updates,,,,,Expanded design load cases (including typhoon/hurricane scenarios); High-fidelity coupled aero-hydro-elastic simulation in design updates,,FMEA编号；建议措施,71,
560,560,baseline模型,baseline兼容旧逻辑,故障措施推荐类,fmea_id_to_action,故障措施查询,,,简单,查一下FMEA编号FF28对应的处理措施。,"Operational limits: weather windows, alarm thresholds for motions; Other- Specify; -; Welding quality assurance and NDT enhancement (phased-array UT)",不知道。上下文中没有提到FMEA编号FF28的相关信息。,错误,0.0,565.95,语义RAG,0.0,0.0,0,,3,"Operational limits: weather windows, alarm thresholds for motions; Other- Specify; -; Welding quality assurance and NDT enhancement (phased-array UT)",,,,,"Operational limits: weather windows, alarm thresholds for motions; Other- Specify; -; Welding quality assurance and NDT enhancement (phased-array UT)",,FMEA编号；建议措施,72,
561,561,baseline模型,baseline兼容旧逻辑,故障措施推荐类,fmea_id_to_action,故障措施查询,,,简单,FMEA编号SKS1这条FMEA记录，需要采取什么建议措施？,"Continuous tension and vibration monitoring; thresholds for intervention; Procedural controls: load management, operational envelopes; Better design by expanded load case matrix including more failure modes; -",建议措施 / RecommendedAction / action / 怎么处理 / 咋处理:,错误,0.0,568.02,语义RAG,0.0,0.0,0,,3,"Continuous tension and vibration monitoring; thresholds for intervention; Procedural controls: load management, operational envelopes; Better design by expanded load case matrix including more failure modes; -",,,,,"Continuous tension and vibration monitoring; thresholds for intervention; Procedural controls: load management, operational envelopes; Better design by expanded load case matrix including more failure modes; -",,FMEA编号；建议措施,75,
562,562,baseline模型,baseline兼容旧逻辑,故障措施推荐类,fmea_id_to_action,故障措施查询,,,中等,FMEA编号SKS2的后续改进措施写了什么？,"Continuous tension and vibration monitoring; thresholds for intervention; Procedural controls: load management, operational envelopes; Better design by expanded load case matrix including more failure modes; -",没有为FMEA编号SKS2的相关条目提供具体的建议措施。,错误,0.0,482.08,语义RAG,0.0,0.0,0,,3,"Continuous tension and vibration monitoring; thresholds for intervention; Procedural controls: load management, operational envelopes; Better design by expanded load case matrix including more failure modes; -",,,,,"Continuous tension and vibration monitoring; thresholds for intervention; Procedural controls: load management, operational envelopes; Better design by expanded load case matrix including more failure modes; -",,FMEA编号；建议措施,76,
563,563,baseline模型,baseline兼容旧逻辑,故障措施推荐类,fmea_id_to_action,故障措施查询,,,简单,FMEA编号SKS5的建议措施是什么？,Continuous tension and vibration monitoring; thresholds for intervention; Fairlead geometry improvements and low-wear lining; Optimized chain/wire/rope selection and fatigue margins (design); -,FMEA编号SKS5的建议措施 / RecommendedAction / action / 怎么处理 / 咋处理: -,错误,0.0,634.97,语义RAG,0.0,0.0,0,,3,Continuous tension and vibration monitoring; thresholds for intervention; Fairlead geometry improvements and low-wear lining; Optimized chain/wire/rope selection and fatigue margins (design); -,,,,,Continuous tension and vibration monitoring; thresholds for intervention; Fairlead geometry improvements and low-wear lining; Optimized chain/wire/rope selection and fatigue margins (design); -,,FMEA编号；建议措施,79,
564,564,baseline模型,baseline兼容旧逻辑,故障措施推荐类,fmea_id_to_action,故障措施查询,,,简单,FMEA编号SKS6这条风险，建议怎么处理？,Cathodic protection and corrosion monitoring regimes; -,建议措施 / RecommendedAction / action / 怎么处理 / 咋处理:,错误,0.0,576.32,语义RAG,0.0,0.0,0,,3,Cathodic protection and corrosion monitoring regimes; -,,,,,Cathodic protection and corrosion monitoring regimes; -,,FMEA编号；建议措施,80,
565,565,baseline模型,baseline兼容旧逻辑,故障措施推荐类,fmea_id_to_action,故障措施查询,,,中等,查一下FMEA编号SKS8对应的处理措施。,ROV visual inspections; targeted maintenance on wear zones; Diversity in materials/vendors to reduce common-cause risks; -,不知道。上下文中的FMEA编号没有提到SKS8这个编号。,错误,0.0,560.1,语义RAG,0.0,0.0,0,,3,ROV visual inspections; targeted maintenance on wear zones; Diversity in materials/vendors to reduce common-cause risks; -,,,,,ROV visual inspections; targeted maintenance on wear zones; Diversity in materials/vendors to reduce common-cause risks; -,,FMEA编号；建议措施,82,
566,566,baseline模型,baseline兼容旧逻辑,故障措施推荐类,fmea_id_to_action,故障措施查询,,,简单,FMEA编号SKS9这条FMEA记录，需要采取什么建议措施？,Continuous tension and vibration monitoring; thresholds for intervention; -,建议措施 / RecommendedAction / action / 怎么处理 / 咋处理:,错误,0.0,598.08,语义RAG,0.0,0.0,0,,3,Continuous tension and vibration monitoring; thresholds for intervention; -,,,,,Continuous tension and vibration monitoring; thresholds for intervention; -,,FMEA编号；建议措施,83,
567,567,baseline模型,baseline兼容旧逻辑,故障措施推荐类,fmea_id_to_action,故障措施查询,,,简单,FMEA编号SKS10的后续改进措施写了什么？,Continuous tension and vibration monitoring; thresholds for intervention; -,建议措施 / RecommendedAction / action / 怎么处理 / 咋处理: -,错误,0.0,500.64,语义RAG,0.0,0.0,0,,3,Continuous tension and vibration monitoring; thresholds for intervention; -,,,,,Continuous tension and vibration monitoring; thresholds for intervention; -,,FMEA编号；建议措施,84,
568,568,baseline模型,baseline兼容旧逻辑,故障措施推荐类,fmea_id_to_action,故障措施查询,,,中等,FMEA编号SKS11的建议措施是什么？,Continuous tension and vibration monitoring; thresholds for intervention; Optimized chain/wire/rope selection and fatigue margins (design); -,FMEA编号SKS11的建议措施 / RecommendedAction / action / 怎么处理 / 咋处理: -,错误,0.0,610.53,语义RAG,0.0,0.0,0,,3,Continuous tension and vibration monitoring; thresholds for intervention; Optimized chain/wire/rope selection and fatigue margins (design); -,,,,,Continuous tension and vibration monitoring; thresholds for intervention; Optimized chain/wire/rope selection and fatigue margins (design); -,,FMEA编号；建议措施,85,
569,569,baseline模型,baseline兼容旧逻辑,故障措施推荐类,fmea_id_to_action,故障措施查询,,,简单,FMEA编号SKS13这条风险，建议怎么处理？,Continuous tension and vibration monitoring; thresholds for intervention; Optimized chain/wire/rope selection and fatigue margins (design); -,建议措施 / RecommendedAction / action / 怎么处理 / 咋处理:,错误,0.0,558.01,语义RAG,0.0,0.0,0,,3,Continuous tension and vibration monitoring; thresholds for intervention; Optimized chain/wire/rope selection and fatigue margins (design); -,,,,,Continuous tension and vibration monitoring; thresholds for intervention; Optimized chain/wire/rope selection and fatigue margins (design); -,,FMEA编号；建议措施,87,
570,570,baseline模型,baseline兼容旧逻辑,故障措施推荐类,fmea_id_to_action,故障措施查询,,,简单,查一下FMEA编号SKS17对应的处理措施。,"ROV visual inspections; targeted maintenance on wear zones; Optimized chain/wire/rope selection and fatigue margins (design); Only chain and wire above MSL, keep fiber ropes wet; -",建议措施 / RecommendedAction / action / 怎么处理 / 咋处理: -,错误,0.0,579.41,语义RAG,0.0,0.0,0,,3,"ROV visual inspections; targeted maintenance on wear zones; Optimized chain/wire/rope selection and fatigue margins (design); Only chain and wire above MSL, keep fiber ropes wet; -",,,,,"ROV visual inspections; targeted maintenance on wear zones; Optimized chain/wire/rope selection and fatigue margins (design); Only chain and wire above MSL, keep fiber ropes wet; -",,FMEA编号；建议措施,91,
571,571,baseline模型,baseline兼容旧逻辑,故障措施推荐类,fmea_id_to_action,故障措施查询,,,中等,FMEA编号SKS18这条FMEA记录，需要采取什么建议措施？,"ROV visual inspections; targeted maintenance on wear zones; Optimized chain/wire/rope selection and fatigue margins (design); Only chain and wire above MSL, keep fiber ropes wet; -",建议措施 / RecommendedAction / action / 怎么处理 / 咋处理:,错误,0.0,603.26,语义RAG,0.0,0.0,0,,3,"ROV visual inspections; targeted maintenance on wear zones; Optimized chain/wire/rope selection and fatigue margins (design); Only chain and wire above MSL, keep fiber ropes wet; -",,,,,"ROV visual inspections; targeted maintenance on wear zones; Optimized chain/wire/rope selection and fatigue margins (design); Only chain and wire above MSL, keep fiber ropes wet; -",,FMEA编号；建议措施,92,
572,572,baseline模型,baseline兼容旧逻辑,故障措施推荐类,fmea_id_to_action,故障措施查询,,,简单,FMEA编号SKS19的后续改进措施写了什么？,"ROV visual inspections; targeted maintenance on wear zones; Optimized chain/wire/rope selection and fatigue margins (design); Only chain and wire above MSL, keep fiber ropes wet; -",建议措施 / RecommendedAction / action / 怎么处理 / 咋处理:,错误,0.0,500.93,语义RAG,0.0,0.0,0,,3,"ROV visual inspections; targeted maintenance on wear zones; Optimized chain/wire/rope selection and fatigue margins (design); Only chain and wire above MSL, keep fiber ropes wet; -",,,,,"ROV visual inspections; targeted maintenance on wear zones; Optimized chain/wire/rope selection and fatigue margins (design); Only chain and wire above MSL, keep fiber ropes wet; -",,FMEA编号；建议措施,93,
573,573,baseline模型,baseline兼容旧逻辑,故障措施推荐类,fmea_id_to_action,故障措施查询,,,简单,FMEA编号SKS20的建议措施是什么？,ROV visual inspections; targeted maintenance on wear zones; -,FMEA编号SKS20的建议措施 / RecommendedAction / action / 怎么处理 / 咋处理: -,错误,0.0,635.06,语义RAG,0.0,0.0,0,,3,ROV visual inspections; targeted maintenance on wear zones; -,,,,,ROV visual inspections; targeted maintenance on wear zones; -,,FMEA编号；建议措施,94,
574,574,baseline模型,baseline兼容旧逻辑,故障措施推荐类,fmea_id_to_action,故障措施查询,,,中等,FMEA编号SKS22这条风险，建议怎么处理？,"Continuous tension and vibration monitoring; thresholds for intervention; Procedural controls: load management, operational envelopes; -",建议措施 / RecommendedAction / action / 怎么处理 / 咋处理:,错误,0.0,522.85,语义RAG,0.0,0.0,0,,3,"Continuous tension and vibration monitoring; thresholds for intervention; Procedural controls: load management, operational envelopes; -",,,,,"Continuous tension and vibration monitoring; thresholds for intervention; Procedural controls: load management, operational envelopes; -",,FMEA编号；建议措施,96,
575,575,baseline模型,baseline兼容旧逻辑,故障措施推荐类,fmea_id_to_action,故障措施查询,,,简单,查一下FMEA编号DC1对应的处理措施。,"Monitoring: DTS/RTTR, electrical integrity tests, leak detection; Lazy-wave configuration optimization; buoyancy spacing; hang-off upgrades; -",不知道。上下文中没有提到FMEA编号为DC1的记录。,错误,0.0,550.81,语义RAG,0.0,0.0,0,,3,"Monitoring: DTS/RTTR, electrical integrity tests, leak detection; Lazy-wave configuration optimization; buoyancy spacing; hang-off upgrades; -",,,,,"Monitoring: DTS/RTTR, electrical integrity tests, leak detection; Lazy-wave configuration optimization; buoyancy spacing; hang-off upgrades; -",,FMEA编号；建议措施,97,
576,576,baseline模型,baseline兼容旧逻辑,故障措施推荐类,fmea_id_to_action,故障措施查询,,,简单,FMEA编号DC5这条FMEA记录，需要采取什么建议措施？,-; Cathodic protection; coating improvements,建议措施 / RecommendedAction / action / 怎么处理 / 咋处理:,错误,0.0,557.09,语义RAG,0.0,0.0,0,,3,-; Cathodic protection; coating improvements,,,,,-; Cathodic protection; coating improvements,,FMEA编号；建议措施,101,
577,577,baseline模型,baseline兼容旧逻辑,故障措施推荐类,fmea_id_to_action,故障措施查询,,,中等,FMEA编号DC7的后续改进措施写了什么？,-; Design review; improved material selection,建议措施 / RecommendedAction / action / 怎么处理 / 咋处理:,错误,0.0,493.98,语义RAG,0.0,0.0,0,,3,-; Design review; improved material selection,,,,,-; Design review; improved material selection,,FMEA编号；建议措施,103,
578,578,baseline模型,baseline兼容旧逻辑,故障措施推荐类,fmea_id_to_action,故障措施查询,,,简单,FMEA编号DC8的建议措施是什么？,-; Environmental protections; debris management,FMEA编号DC8的建议措施是：-,错误,0.0,500.76,语义RAG,0.0,0.0,0,,3,-; Environmental protections; debris management,,,,,-; Environmental protections; debris management,,FMEA编号；建议措施,104,
579,579,baseline模型,baseline兼容旧逻辑,故障措施推荐类,fmea_id_to_action,故障措施查询,,,简单,FMEA编号DC9这条风险，建议怎么处理？,-; Design review; improved material selection,建议措施 / RecommendedAction / action / 怎么处理 / 咋处理:,错误,0.0,563.9,语义RAG,0.0,0.0,0,,3,-; Design review; improved material selection,,,,,-; Design review; improved material selection,,FMEA编号；建议措施,105,
580,580,baseline模型,baseline兼容旧逻辑,故障措施推荐类,fmea_id_to_action,故障措施查询,,,中等,查一下FMEA编号DC11对应的处理措施。,-; Design improvements; enhanced termination QA,不知道。上下文中没有提到FMEA编号为DC11的相关信息。,错误,0.0,558.92,语义RAG,0.0,0.0,0,,3,-; Design improvements; enhanced termination QA,,,,,-; Design improvements; enhanced termination QA,,FMEA编号；建议措施,107,
581,581,baseline模型,baseline兼容旧逻辑,故障措施推荐类,fmea_id_to_action,故障措施查询,,,简单,FMEA编号DC16这条FMEA记录，需要采取什么建议措施？,"Installation QA/QC: pull-in tension verification, handling procedures; Watertightness assurance: enhanced sealing tests; end termination QA; -",建议措施 / RecommendedAction / action / 怎么处理 / 咋处理:,错误,0.0,567.91,语义RAG,0.0,0.0,0,,3,"Installation QA/QC: pull-in tension verification, handling procedures; Watertightness assurance: enhanced sealing tests; end termination QA; -",,,,,"Installation QA/QC: pull-in tension verification, handling procedures; Watertightness assurance: enhanced sealing tests; end termination QA; -",,FMEA编号；建议措施,112,
582,582,baseline模型,baseline兼容旧逻辑,故障措施推荐类,fmea_id_to_action,故障措施查询,,,简单,FMEA编号DC17的后续改进措施写了什么？,Watertightness assurance: enhanced sealing tests; end termination QA; -,建议措施 / RecommendedAction / action / 怎么处理 / 咋处理:,错误,0.0,483.79,语义RAG,0.0,0.0,0,,3,Watertightness assurance: enhanced sealing tests; end termination QA; -,,,,,Watertightness assurance: enhanced sealing tests; end termination QA; -,,FMEA编号；建议措施,113,
583,583,baseline模型,baseline兼容旧逻辑,故障措施推荐类,fmea_id_to_action,故障措施查询,,,中等,FMEA编号DC18的建议措施是什么？,"-; Monitoring (DTS/RTTR, electrical integrity tests)",FMEA编号DC18的建议措施 / RecommendedAction / action / 怎么处理 / 咋处理: -,错误,0.0,607.83,语义RAG,0.0,0.0,0,,3,"-; Monitoring (DTS/RTTR, electrical integrity tests)",,,,,"-; Monitoring (DTS/RTTR, electrical integrity tests)",,FMEA编号；建议措施,114,
584,584,baseline模型,baseline兼容旧逻辑,故障措施推荐类,fmea_id_to_action,故障措施查询,,,简单,FMEA编号DC19这条风险，建议怎么处理？,"Monitoring: DTS/RTTR, electrical integrity tests, leak detection; -",建议措施 / RecommendedAction / action / 怎么处理 / 咋处理:,错误,0.0,541.24,语义RAG,0.0,0.0,0,,3,"Monitoring: DTS/RTTR, electrical integrity tests, leak detection; -",,,,,"Monitoring: DTS/RTTR, electrical integrity tests, leak detection; -",,FMEA编号；建议措施,115,
585,585,baseline模型,baseline兼容旧逻辑,故障措施推荐类,fmea_id_to_action,故障措施查询,,,简单,查一下FMEA编号DC23对应的处理措施。,"Monitoring: DTS/RTTR, electrical integrity tests, leak detection; -",不知道。上下文中没有提到FMEA编号为DC23的相关信息。,错误,0.0,572.65,语义RAG,0.0,0.0,0,,3,"Monitoring: DTS/RTTR, electrical integrity tests, leak detection; -",,,,,"Monitoring: DTS/RTTR, electrical integrity tests, leak detection; -",,FMEA编号；建议措施,119,
586,586,baseline模型,baseline兼容旧逻辑,故障措施推荐类,fmea_id_to_action,故障措施查询,,,中等,FMEA编号DC26这条FMEA记录，需要采取什么建议措施？,Burial/trenching optimization; scour mitigation; as-built metrology; -,建议措施 / RecommendedAction / action / 怎么处理 / 咋处理:,错误,0.0,560.63,语义RAG,0.0,0.0,0,,3,Burial/trenching optimization; scour mitigation; as-built metrology; -,,,,,Burial/trenching optimization; scour mitigation; as-built metrology; -,,FMEA编号；建议措施,122,
587,587,baseline模型,baseline兼容旧逻辑,故障措施推荐类,fmea_id_to_action,故障措施查询,,,简单,FMEA编号DC27的后续改进措施写了什么？,Burial/trenching optimization; scour mitigation; as-built metrology; -,建议措施 / RecommendedAction / action / 怎么处理 / 咋处理:,错误,0.0,506.85,语义RAG,0.0,0.0,0,,3,Burial/trenching optimization; scour mitigation; as-built metrology; -,,,,,Burial/trenching optimization; scour mitigation; as-built metrology; -,,FMEA编号；建议措施,123,
588,588,baseline模型,baseline兼容旧逻辑,故障措施推荐类,fmea_id_to_action,故障措施查询,,,简单,FMEA编号DC29的建议措施是什么？,"Burial/trenching optimization; scour mitigation; as-built metrology; Monitoring: DTS/RTTR, electrical integrity tests, leak detection; -",FMEA编号DC29的建议措施 / RecommendedAction / action / 怎么处理 / 咋处理: -,错误,0.0,655.19,语义RAG,0.0,0.0,0,,3,"Burial/trenching optimization; scour mitigation; as-built metrology; Monitoring: DTS/RTTR, electrical integrity tests, leak detection; -",,,,,"Burial/trenching optimization; scour mitigation; as-built metrology; Monitoring: DTS/RTTR, electrical integrity tests, leak detection; -",,FMEA编号；建议措施,125,
589,589,baseline模型,baseline兼容旧逻辑,故障措施推荐类,后果查措施,后果到措施推理,,,困难,故障现象“Cracks”可能导致“Failure of whole facility and vast economic loses”，应采取哪项建议措施？,High-fidelity coupled aero-hydro-elastic simulation in design updates; Thicker shell sections / local reinforcement,建议措施 / RecommendedAction / action / 怎么处理 / 咋处理:,错误,0.0,590.11,语义RAG,0.6667,0.0,0,0.0,3,High-fidelity coupled aero-hydro-elastic simulation in design updates; Thicker shell sections / local reinforcement,,,,,High-fidelity coupled aero-hydro-elastic simulation in design updates; Thicker shell sections / local reinforcement,,潜在失效后果；建议措施,4,
590,590,baseline模型,baseline兼容旧逻辑,故障措施推荐类,后果查措施,后果到措施推理,,,困难,故障现象“Cracks”可能导致“Potential collapse”，应采取哪项建议措施？,"Weld detail optimization and hotspot redesign; Enhanced SHM: acoustic emission, strain gauges, modal monitoring; Thicker shell sections / local reinforcement; High-fidelity coupled aero-hydro-elastic simulation in design updates",建议措施 / RecommendedAction / action / 怎么处理 / 咋处理: -,错误,0.0,572.75,语义RAG,0.6667,0.0,0,0.0,3,"Weld detail optimization and hotspot redesign; Enhanced SHM: acoustic emission, strain gauges, modal monitoring; Thicker shell sections / local reinforcement; High-fidelity coupled aero-hydro-elastic simulation in design updates",,,,,"Weld detail optimization and hotspot redesign; Enhanced SHM: acoustic emission, strain gauges, modal monitoring; Thicker shell sections / local reinforcement; High-fidelity coupled aero-hydro-elastic simulation in design updates",,潜在失效后果；建议措施,6,
591,591,baseline模型,baseline兼容旧逻辑,故障措施推荐类,后果查措施,后果到措施推理,,,困难,故障现象“Plastic deformation”可能导致“Potential collapse”，应采取哪项建议措施？,Operational limits & control strategies for extreme motions; Blade–tower clearance and control optimization for extreme motions; High-fidelity coupled aero-hydro-elastic simulation in design updates,建议措施 / RecommendedAction / action / 怎么处理 / 咋处理:,错误,0.0,582.22,语义RAG,1.0,0.0,0,0.0,3,Operational limits & control strategies for extreme motions; Blade–tower clearance and control optimization for extreme motions; High-fidelity coupled aero-hydro-elastic simulation in design updates,,,,,Operational limits & control strategies for extreme motions; Blade–tower clearance and control optimization for extreme motions; High-fidelity coupled aero-hydro-elastic simulation in design updates,,潜在失效后果；建议措施,22,
592,592,baseline模型,baseline兼容旧逻辑,故障措施推荐类,后果查措施,后果到措施推理,,,困难,"故障现象“Transition piece break”可能导致“Tower Unit collapse, Floater Unit damage”，应采取哪项建议措施？","Interface redesign to reduce stress concentrations (fillets, radii); High-fidelity coupled analysis of TP–tower–floater interaction; Improve engineering skills",建议措施 / RecommendedAction / action / 怎么处理 / 咋处理:,错误,0.0,606.46,语义RAG,1.0,0.0,0,0.0,3,"Interface redesign to reduce stress concentrations (fillets, radii); High-fidelity coupled analysis of TP–tower–floater interaction; Improve engineering skills",,,,,"Interface redesign to reduce stress concentrations (fillets, radii); High-fidelity coupled analysis of TP–tower–floater interaction; Improve engineering skills",,潜在失效后果；建议措施,24,
593,593,baseline模型,baseline兼容旧逻辑,故障措施推荐类,后果查措施,后果到措施推理,,,困难,"故障现象“Transition piece break”可能导致“tension failure (rupture), buckling of the transition piece/ Tower unit damage”，应采取哪项建议措施？","SHM for TP connections (strain gauges, acoustic emission, bolt preload monitoring); Design requalification for extreme storms (updated metocean; load cases); -",建议措施 / RecommendedAction / action / 怎么处理 / 咋处理: 未记录.,错误,0.0,550.48,语义RAG,0.6667,0.0,0,0.0,3,"SHM for TP connections (strain gauges, acoustic emission, bolt preload monitoring); Design requalification for extreme storms (updated metocean; load cases); -",,,,,"SHM for TP connections (strain gauges, acoustic emission, bolt preload monitoring); Design requalification for extreme storms (updated metocean; load cases); -",,潜在失效后果；建议措施,25,
594,594,baseline模型,baseline兼容旧逻辑,故障措施推荐类,后果查措施,后果到措施推理,,,困难,故障现象“Structural plastic deformation”可能导致“Local stress accumulation”，应采取哪项建议措施？,"SHM for TP connections (strain gauges, acoustic emission, bolt preload monitoring); Design requalification for extreme storms (updated metocean; load cases); High-fidelity coupled analysis of TP–tower–floater interaction; -",建议措施 / RecommendedAction / action / 怎么处理 / 咋处理: 未记录.,错误,0.0,659.69,语义RAG,1.0,0.0,0,0.0,3,"SHM for TP connections (strain gauges, acoustic emission, bolt preload monitoring); Design requalification for extreme storms (updated metocean; load cases); High-fidelity coupled analysis of TP–tower–floater interaction; -",,,,,"SHM for TP connections (strain gauges, acoustic emission, bolt preload monitoring); Design requalification for extreme storms (updated metocean; load cases); High-fidelity coupled analysis of TP–tower–floater interaction; -",,潜在失效后果；建议措施,26,
595,595,baseline模型,baseline兼容旧逻辑,故障措施推荐类,后果查措施,后果到措施推理,,,困难,故障现象“Cracks”可能导致“Tower transition piece connections failure/ displacement variations between tower end”，应采取哪项建议措施？,Design requalification for extreme storms (updated metocean; load cases); High-fidelity coupled aero-hydro-elastic simulation in design updates,建议措施 / RecommendedAction / action / 怎么处理 / 咋处理:,错误,0.0,586.32,语义RAG,0.6667,0.0,0,0.0,3,Design requalification for extreme storms (updated metocean; load cases); High-fidelity coupled aero-hydro-elastic simulation in design updates,,,,,Design requalification for extreme storms (updated metocean; load cases); High-fidelity coupled aero-hydro-elastic simulation in design updates,,潜在失效后果；建议措施,32,
596,596,baseline模型,baseline兼容旧逻辑,故障措施推荐类,后果查措施,后果到措施推理,,,困难,"故障现象“Capsize”可能导致“Watertight fault, Potential Floater Unit sinkage”，应采取哪项建议措施？",Expanded design load cases (including typhoon/hurricane scenarios); Freeboard margin increase and water-tight compartmentalization; Improve engineering skills,建议措施 / RecommendedAction / action / 怎么处理 / 咋处理:,错误,0.0,579.88,语义RAG,0.6667,0.0,0,0.0,3,Expanded design load cases (including typhoon/hurricane scenarios); Freeboard margin increase and water-tight compartmentalization; Improve engineering skills,,,,,Expanded design load cases (including typhoon/hurricane scenarios); Freeboard margin increase and water-tight compartmentalization; Improve engineering skills,,潜在失效后果；建议措施,45,
597,597,baseline模型,baseline兼容旧逻辑,故障措施推荐类,后果查措施,后果到措施推理,,,困难,故障现象“Capsize”可能导致“Project cancellation”，应采取哪项建议措施？,Expanded design load cases (including typhoon/hurricane scenarios); -; Improved engineering skills,未记录.,错误,0.0,830.53,语义RAG,0.6667,0.0,0,0.0,3,Expanded design load cases (including typhoon/hurricane scenarios); -; Improved engineering skills,,,,,Expanded design load cases (including typhoon/hurricane scenarios); -; Improved engineering skills,,潜在失效后果；建议措施,46,
598,598,baseline模型,baseline兼容旧逻辑,故障措施推荐类,后果查措施,后果到措施推理,,,困难,故障现象“Structural break”可能导致“Structural reassessment”，应采取哪项建议措施？,Expanded design load cases (including typhoon/hurricane scenarios); -,建议措施 / RecommendedAction / action / 怎么处理 / 咋处理:,错误,0.0,614.92,语义RAG,0.3333,0.0,0,0.0,3,Expanded design load cases (including typhoon/hurricane scenarios); -,,,,,Expanded design load cases (including typhoon/hurricane scenarios); -,,潜在失效后果；建议措施,49,
599,599,baseline模型,baseline兼容旧逻辑,故障措施推荐类,后果查措施,后果到措施推理,,,困难,故障现象“Additional Structures Failures”可能导致“Potential failure”，应采取哪项建议措施？,Freeboard margin increase and water-tight compartmentalization; -; Expanded design load cases (including typhoon/hurricane scenarios); Improved cable mechnical design,建议措施 / RecommendedAction / action / 怎么处理 / 咋处理:,错误,0.0,589.47,语义RAG,0.6667,0.0,0,0.0,3,Freeboard margin increase and water-tight compartmentalization; -; Expanded design load cases (including typhoon/hurricane scenarios); Improved cable mechnical design,,,,,Freeboard margin increase and water-tight compartmentalization; -; Expanded design load cases (including typhoon/hurricane scenarios); Improved cable mechnical design,,潜在失效后果；建议措施,50,
600,600,baseline模型,baseline兼容旧逻辑,故障措施推荐类,后果查措施,后果到措施推理,,,困难,故障现象“Capsize”可能导致“Asset damage Energy production loss”，应采取哪项建议措施？,"Expanded design load cases (including typhoon/hurricane scenarios); Operational limits: weather windows, alarm thresholds for motions; Resonance avoidance via structural tuning/damping",建议措施 / RecommendedAction / action / 怎么处理 / 咋处理:,错误,0.0,596.12,语义RAG,0.3333,0.0,0,0.0,3,"Expanded design load cases (including typhoon/hurricane scenarios); Operational limits: weather windows, alarm thresholds for motions; Resonance avoidance via structural tuning/damping",,,,,"Expanded design load cases (including typhoon/hurricane scenarios); Operational limits: weather windows, alarm thresholds for motions; Resonance avoidance via structural tuning/damping",,潜在失效后果；建议措施,52,
601,601,baseline模型,baseline兼容旧逻辑,故障措施推荐类,后果查措施,后果到措施推理,,,困难,故障现象“Cracks”可能导致“Structural failure”，应采取哪项建议措施？,Expanded design load cases (including typhoon/hurricane scenarios); Resonance avoidance via structural tuning/damping; High-fidelity coupled aero-hydro-elastic simulation in design updates,根据上下文，提供的 FMEA 内容中并没有包含失效模式为 “Cracks” 以及导致 “Structural failure”的相关信息。因此，无法从给定的 JSON 数据结构中找到对应的建议措施。 答案：不知道。,错误,0.0,817.44,语义RAG,0.0,0.0,0,0.0,3,Expanded design load cases (including typhoon/hurricane scenarios); Resonance avoidance via structural tuning/damping; High-fidelity coupled aero-hydro-elastic simulation in design updates,,,,,Expanded design load cases (including typhoon/hurricane scenarios); Resonance avoidance via structural tuning/damping; High-fidelity coupled aero-hydro-elastic simulation in design updates,,潜在失效后果；建议措施,53,
602,602,baseline模型,baseline兼容旧逻辑,故障措施推荐类,后果查措施,后果到措施推理,,,困难,故障现象“Floater unit sinkage”可能导致“Potential Failure/Asset damage Energy production loss”，应采取哪项建议措施？,Ballast redundancy and automated ballast management; Freeboard margin increase and water-tight compartmentalization; Expanded design load cases (including typhoon/hurricane scenarios),建议措施 / RecommendedAction / action / 怎么处理 / 咋处理:,错误,0.0,586.09,语义RAG,0.6667,0.0,0,0.0,3,Ballast redundancy and automated ballast management; Freeboard margin increase and water-tight compartmentalization; Expanded design load cases (including typhoon/hurricane scenarios),,,,,Ballast redundancy and automated ballast management; Freeboard margin increase and water-tight compartmentalization; Expanded design load cases (including typhoon/hurricane scenarios),,潜在失效后果；建议措施,58,
603,603,baseline模型,baseline兼容旧逻辑,故障措施推荐类,后果查措施,后果到措施推理,,,困难,故障现象“Structural break”可能导致“Tower collapse”，应采取哪项建议措施？,"Operational limits: weather windows, alarm thresholds for motions; Other- Specify; Expanded design load cases (including typhoon/hurricane scenarios); Better understanding of temperature ranges",建议措施 / RecommendedAction / action / 怎么处理 / 咋处理: -,错误,0.0,617.46,语义RAG,0.6667,0.0,0,0.0,3,"Operational limits: weather windows, alarm thresholds for motions; Other- Specify; Expanded design load cases (including typhoon/hurricane scenarios); Better understanding of temperature ranges",,,,,"Operational limits: weather windows, alarm thresholds for motions; Other- Specify; Expanded design load cases (including typhoon/hurricane scenarios); Better understanding of temperature ranges",,潜在失效后果；建议措施,68,
604,604,baseline模型,baseline兼容旧逻辑,故障措施推荐类,后果查措施,后果到措施推理,,,困难,"故障现象“Hit by dropped objects”可能导致“Damage to the facility, vast economic loses”，应采取哪项建议措施？",Expanded design load cases (including typhoon/hurricane scenarios); High-fidelity coupled aero-hydro-elastic simulation in design updates; -,建议措施 / RecommendedAction / action / 怎么处理 / 咋处理:,错误,0.0,595.26,语义RAG,1.0,0.0,0,0.0,3,Expanded design load cases (including typhoon/hurricane scenarios); High-fidelity coupled aero-hydro-elastic simulation in design updates; -,,,,,Expanded design load cases (including typhoon/hurricane scenarios); High-fidelity coupled aero-hydro-elastic simulation in design updates; -,,潜在失效后果；建议措施,70,
605,605,baseline模型,baseline兼容旧逻辑,故障措施推荐类,后果查措施,后果到措施推理,,,困难,"故障现象“Structural break”可能导致“Watertight fault, Potential Floater Unit sinkage”，应采取哪项建议措施？",Expanded design load cases (including typhoon/hurricane scenarios); High-fidelity coupled aero-hydro-elastic simulation in design updates,建议措施 / RecommendedAction / action / 怎么处理 / 咋处理: -,错误,0.0,610.04,语义RAG,0.3333,0.0,0,0.0,3,Expanded design load cases (including typhoon/hurricane scenarios); High-fidelity coupled aero-hydro-elastic simulation in design updates,,,,,Expanded design load cases (including typhoon/hurricane scenarios); High-fidelity coupled aero-hydro-elastic simulation in design updates,,潜在失效后果；建议措施,71,
606,606,baseline模型,baseline兼容旧逻辑,故障措施推荐类,后果查措施,后果到措施推理,,,困难,故障现象“Anchor failure”可能导致“Anchor failure”，应采取哪项建议措施？,"Continuous tension and vibration monitoring; thresholds for intervention; Procedural controls: load management, operational envelopes; Better design by expanded load case matrix including more failure modes; -",建议措施 / RecommendedAction / action / 怎么处理 / 咋处理: -,错误,0.0,588.64,语义RAG,0.3333,0.0,0,0.0,3,"Continuous tension and vibration monitoring; thresholds for intervention; Procedural controls: load management, operational envelopes; Better design by expanded load case matrix including more failure modes; -",,,,,"Continuous tension and vibration monitoring; thresholds for intervention; Procedural controls: load management, operational envelopes; Better design by expanded load case matrix including more failure modes; -",,潜在失效后果；建议措施,75,
607,607,baseline模型,baseline兼容旧逻辑,故障措施推荐类,后果查措施,后果到措施推理,,,困难,故障现象“Fairlead failure”可能导致“The anchor cannot be dropped and lift”，应采取哪项建议措施？,Continuous tension and vibration monitoring; thresholds for intervention; Fairlead geometry improvements and low-wear lining; Optimized chain/wire/rope selection and fatigue margins (design); -,建议措施 / RecommendedAction / action / 怎么处理 / 咋处理:,错误,0.0,605.83,语义RAG,0.6667,0.0,0,0.0,3,Continuous tension and vibration monitoring; thresholds for intervention; Fairlead geometry improvements and low-wear lining; Optimized chain/wire/rope selection and fatigue margins (design); -,,,,,Continuous tension and vibration monitoring; thresholds for intervention; Fairlead geometry improvements and low-wear lining; Optimized chain/wire/rope selection and fatigue margins (design); -,,潜在失效后果；建议措施,79,
608,608,baseline模型,baseline兼容旧逻辑,故障措施推荐类,后果查措施,后果到措施推理,,,困难,故障现象“Mooring line breakage”可能导致“Mooring line strength decrease or broken”，应采取哪项建议措施？,ROV visual inspections; targeted maintenance on wear zones; Diversity in materials/vendors to reduce common-cause risks; -,建议措施 / RecommendedAction / action / 怎么处理 / 咋处理:,错误,0.0,617.78,语义RAG,1.0,0.0,0,0.0,3,ROV visual inspections; targeted maintenance on wear zones; Diversity in materials/vendors to reduce common-cause risks; -,,,,,ROV visual inspections; targeted maintenance on wear zones; Diversity in materials/vendors to reduce common-cause risks; -,,潜在失效后果；建议措施,82,
609,609,baseline模型,baseline兼容旧逻辑,故障措施推荐类,后果查措施,后果到措施推理,,,困难,故障现象“Mooring Line Corrosion”可能导致“Mooring line strength decrease or broken”，应采取哪项建议措施？,Continuous tension and vibration monitoring; thresholds for intervention; Optimized chain/wire/rope selection and fatigue margins (design); -,根据上下文，没有找到关于“Mooring Line Corrosion”的失效模式及其对应的建议措施。因此，无法给出具体的建议措施。,错误,0.0,638.76,语义RAG,1.0,0.0,0,0.0,3,Continuous tension and vibration monitoring; thresholds for intervention; Optimized chain/wire/rope selection and fatigue margins (design); -,,,,,Continuous tension and vibration monitoring; thresholds for intervention; Optimized chain/wire/rope selection and fatigue margins (design); -,,潜在失效后果；建议措施,85,
610,610,baseline模型,baseline兼容旧逻辑,故障措施推荐类,后果查措施,后果到措施推理,,,困难,故障现象“Mooring Line Fatigue”可能导致“Mooring line strength decrease or broken”，应采取哪项建议措施？,Continuous tension and vibration monitoring; thresholds for intervention; Optimized chain/wire/rope selection and fatigue margins (design); -,建议措施 / RecommendedAction / action / 怎么处理 / 咋处理: -,错误,0.0,460.42,语义RAG,1.0,0.0,0,0.0,3,Continuous tension and vibration monitoring; thresholds for intervention; Optimized chain/wire/rope selection and fatigue margins (design); -,,,,,Continuous tension and vibration monitoring; thresholds for intervention; Optimized chain/wire/rope selection and fatigue margins (design); -,,潜在失效后果；建议措施,87,
611,611,baseline模型,baseline兼容旧逻辑,故障措施推荐类,后果查措施,后果到措施推理,,,困难,故障现象“Mooring lines broken”可能导致“Asset not in correct location or position”，应采取哪项建议措施？,"ROV visual inspections; targeted maintenance on wear zones; Optimized chain/wire/rope selection and fatigue margins (design); Only chain and wire above MSL, keep fiber ropes wet; -","根据上下文，对于故障现象“Mooring lines broken [1,3]”导致的“Asset not in correct location or position”的建议措施未在任何条目中给出。",错误,0.0,763.73,语义RAG,1.0,0.0,0,0.0,3,"ROV visual inspections; targeted maintenance on wear zones; Optimized chain/wire/rope selection and fatigue margins (design); Only chain and wire above MSL, keep fiber ropes wet; -",,,,,"ROV visual inspections; targeted maintenance on wear zones; Optimized chain/wire/rope selection and fatigue margins (design); Only chain and wire above MSL, keep fiber ropes wet; -",,潜在失效后果；建议措施,91,
612,612,baseline模型,baseline兼容旧逻辑,故障措施推荐类,后果查措施,后果到措施推理,,,困难,故障现象“Mooring winch failure”可能导致“Asset not in correct location or position”，应采取哪项建议措施？,"Continuous tension and vibration monitoring; thresholds for intervention; Procedural controls: load management, operational envelopes; -",建议措施 / RecommendedAction / action / 怎么处理 / 咋处理: 未记录.,错误,0.0,624.35,语义RAG,1.0,0.0,0,0.0,3,"Continuous tension and vibration monitoring; thresholds for intervention; Procedural controls: load management, operational envelopes; -",,,,,"Continuous tension and vibration monitoring; thresholds for intervention; Procedural controls: load management, operational envelopes; -",,潜在失效后果；建议措施,96,
613,613,baseline模型,baseline兼容旧逻辑,故障措施推荐类,后果查措施,后果到措施推理,,,困难,故障现象“accelerated mechanical fatigue”可能导致“Structural damage - cable composition weakening”，应采取哪项建议措施？,"Monitoring: DTS/RTTR, electrical integrity tests, leak detection; Lazy-wave configuration optimization; buoyancy spacing; hang-off upgrades; -",建议措施 / RecommendedAction / action / 怎么处理 / 咋处理: Unrecorded.,错误,0.0,696.94,语义RAG,0.6667,0.0,0,0.0,3,"Monitoring: DTS/RTTR, electrical integrity tests, leak detection; Lazy-wave configuration optimization; buoyancy spacing; hang-off upgrades; -",,,,,"Monitoring: DTS/RTTR, electrical integrity tests, leak detection; Lazy-wave configuration optimization; buoyancy spacing; hang-off upgrades; -",,潜在失效后果；建议措施,97,
614,614,baseline模型,baseline兼容旧逻辑,故障措施推荐类,后果查措施,后果到措施推理,,,困难,故障现象“Corrosion of J-tube”可能导致“J-tube degradation affecting cable integrity”，应采取哪项建议措施？,-; Cathodic protection; coating improvements,建议措施 / RecommendedAction / action / 怎么处理 / 咋处理: 未记录.,错误,0.0,636.94,语义RAG,1.0,0.0,0,0.0,3,-; Cathodic protection; coating improvements,,,,,-; Cathodic protection; coating improvements,,潜在失效后果；建议措施,101,
615,615,baseline模型,baseline兼容旧逻辑,故障措施推荐类,后果查措施,后果到措施推理,,,困难,故障现象“damage and corrosion of mechanical parts”可能导致“High risk of fault on the cable - total loss of the line Prodution loss on the string”，应采取哪项建议措施？,-; Design review; improved material selection,建议措施 / RecommendedAction / action / 怎么处理 / 咋处理:,错误,0.0,593.03,语义RAG,0.6667,0.0,0,0.0,3,-; Design review; improved material selection,,,,,-; Design review; improved material selection,,潜在失效后果；建议措施,103,
616,616,baseline模型,baseline兼容旧逻辑,故障措施推荐类,后果查措施,后果到措施推理,,,困难,故障现象“Debris disturbance”可能导致“Cable damage - operational disruption”，应采取哪项建议措施？,-; Environmental protections; debris management,建议措施 / RecommendedAction / action / 怎么处理 / 咋处理:,错误,0.0,554.62,语义RAG,0.3333,0.0,0,0.0,3,-; Environmental protections; debris management,,,,,-; Environmental protections; debris management,,潜在失效后果；建议措施,104,
617,617,baseline模型,baseline兼容旧逻辑,故障措施推荐类,后果查措施,后果到措施推理,,,困难,故障现象“Detachment”可能导致“cable disconnection - water penetration - Power loss”，应采取哪项建议措施？,-; Design review; improved material selection,建议措施 / RecommendedAction / action / 怎么处理 / 咋处理:,错误,0.0,557.63,语义RAG,0.3333,0.0,0,0.0,3,-; Design review; improved material selection,,,,,-; Design review; improved material selection,,潜在失效后果；建议措施,105,
618,618,baseline模型,baseline兼容旧逻辑,故障措施推荐类,后果查措施,后果到措施推理,,,困难,故障现象“Failure of end termination”可能导致“breakdown of insulation”，应采取哪项建议措施？,-; Design improvements; enhanced termination QA,建议措施=未记录.,错误,0.0,522.34,语义RAG,1.0,0.0,0,0.0,3,-; Design improvements; enhanced termination QA,,,,,-; Design improvements; enhanced termination QA,,潜在失效后果；建议措施,107,
619,619,baseline模型,baseline兼容旧逻辑,故障措施推荐类,后果查措施,后果到措施推理,,,困难,故障现象“Failure of watertightness”可能导致“Reduced or interupted electricity flow”，应采取哪项建议措施？,"Installation QA/QC: pull-in tension verification, handling procedures; Watertightness assurance: enhanced sealing tests; end termination QA; -",建议措施 / RecommendedAction / action / 怎么处理 / 咋处理:,错误,0.0,600.4,语义RAG,0.6667,0.0,0,0.0,3,"Installation QA/QC: pull-in tension verification, handling procedures; Watertightness assurance: enhanced sealing tests; end termination QA; -",,,,,"Installation QA/QC: pull-in tension verification, handling procedures; Watertightness assurance: enhanced sealing tests; end termination QA; -",,潜在失效后果；建议措施,112,
620,620,baseline模型,baseline兼容旧逻辑,故障措施推荐类,后果查措施,后果到措施推理,,,困难,故障现象“failures of conductors”可能导致“Electrical faults - loss of production”，应采取哪项建议措施？,"-; Monitoring (DTS/RTTR, electrical integrity tests)",建议措施 / RecommendedAction / action / 怎么处理 / 咋处理:,错误,0.0,582.66,语义RAG,0.6667,0.0,0,0.0,3,"-; Monitoring (DTS/RTTR, electrical integrity tests)",,,,,"-; Monitoring (DTS/RTTR, electrical integrity tests)",,潜在失效后果；建议措施,114,
621,621,baseline模型,baseline兼容旧逻辑,故障措施推荐类,后果查措施,后果到措施推理,,,困难,故障现象“Fatigue Cracks”可能导致“Crack may evolve in a fault of the cable - Cable weakening”，应采取哪项建议措施？,"Monitoring: DTS/RTTR, electrical integrity tests, leak detection; -",建议措施 / RecommendedAction / action / 怎么处理 / 咋处理:,错误,0.0,578.79,语义RAG,0.3333,0.0,0,0.0,3,"Monitoring: DTS/RTTR, electrical integrity tests, leak detection; -",,,,,"Monitoring: DTS/RTTR, electrical integrity tests, leak detection; -",,潜在失效后果；建议措施,115,
622,622,baseline模型,baseline兼容旧逻辑,故障措施推荐类,后果查措施,后果到措施推理,,,困难,故障现象“material degradation”可能导致“Weakening of cable materials - loss of production”，应采取哪项建议措施？,"Monitoring: DTS/RTTR, electrical integrity tests, leak detection; -",建议措施 / RecommendedAction / action / 怎么处理 / 咋处理:,错误,0.0,574.32,语义RAG,0.3333,0.0,0,0.0,3,"Monitoring: DTS/RTTR, electrical integrity tests, leak detection; -",,,,,"Monitoring: DTS/RTTR, electrical integrity tests, leak detection; -",,潜在失效后果；建议措施,119,
623,623,baseline模型,baseline兼容旧逻辑,故障措施推荐类,后果查措施,后果到措施推理,,,困难,故障现象“Movement of CPS due to scour/seabed mobility”可能导致“Cable being vulnerable to scour and need for repair or replacement”，应采取哪项建议措施？,Burial/trenching optimization; scour mitigation; as-built metrology; -,建议措施 / RecommendedAction / action / 怎么处理 / 咋处理:,错误,0.0,611.89,语义RAG,1.0,0.0,0,0.0,3,Burial/trenching optimization; scour mitigation; as-built metrology; -,,,,,Burial/trenching optimization; scour mitigation; as-built metrology; -,,潜在失效后果；建议措施,122,
624,624,baseline模型,baseline兼容旧逻辑,故障措施推荐类,后果查措施,后果到措施推理,,,困难,"故障现象“Reduced sediment cover lower than designed value for protection”可能导致“need for re-burial, change of cable protection requirement or even replacement of cable”，应采取哪项建议措施？","Burial/trenching optimization; scour mitigation; as-built metrology; Monitoring: DTS/RTTR, electrical integrity tests, leak detection; -",建议措施=未记录.,错误,0.0,455.09,语义RAG,1.0,0.0,0,0.0,3,"Burial/trenching optimization; scour mitigation; as-built metrology; Monitoring: DTS/RTTR, electrical integrity tests, leak detection; -",,,,,"Burial/trenching optimization; scour mitigation; as-built metrology; Monitoring: DTS/RTTR, electrical integrity tests, leak detection; -",,潜在失效后果；建议措施,125,
625,625,baseline模型,baseline兼容旧逻辑,故障措施推荐类,后果查措施,后果到措施推理,,,困难,故障现象“Small bending radius”可能导致“Cable damage - insulation degradation”，应采取哪项建议措施？,Lazy-wave configuration optimization; buoyancy spacing; hang-off upgrades; -,建议措施 / RecommendedAction / action / 怎么处理 / 咋处理:,错误,0.0,620.57,语义RAG,0.3333,0.0,0,0.0,3,Lazy-wave configuration optimization; buoyancy spacing; hang-off upgrades; -,,,,,Lazy-wave configuration optimization; buoyancy spacing; hang-off upgrades; -,,潜在失效后果；建议措施,128,
626,626,baseline模型,baseline兼容旧逻辑,故障措施推荐类,fmea_id_to_action,故障措施查询,,,中等,FMEA编号DC32这条风险，建议怎么处理？,Lazy-wave configuration optimization; buoyancy spacing; hang-off upgrades; -,建议措施 / RecommendedAction / action / 怎么处理 / 咋处理:,错误,0.0,523.82,语义RAG,0.0,0.0,0,,3,Lazy-wave configuration optimization; buoyancy spacing; hang-off upgrades; -,,,,,Lazy-wave configuration optimization; buoyancy spacing; hang-off upgrades; -,,FMEA编号；建议措施,128,
627,627,baseline模型,baseline兼容旧逻辑,故障措施推荐类,fmea_id_to_action,故障措施查询,,,简单,查一下FMEA编号TO5对应的处理措施。,High-fidelity coupled aero-hydro-elastic simulation in design updates; Thicker shell sections / local reinforcement,不知道。上下文中没有提到FMEA编号TO5的相关信息。,错误,0.0,532.76,语义RAG,0.0,0.0,0,,3,High-fidelity coupled aero-hydro-elastic simulation in design updates; Thicker shell sections / local reinforcement,,,,,High-fidelity coupled aero-hydro-elastic simulation in design updates; Thicker shell sections / local reinforcement,,FMEA编号；建议措施,4,
628,628,baseline模型,baseline兼容旧逻辑,故障措施推荐类,fmea_id_to_action,故障措施查询,,,简单,FMEA编号TO6这条FMEA记录，需要采取什么建议措施？,"Enhanced SHM: acoustic emission, strain gauges, modal monitoring; -; High-fidelity coupled aero-hydro-elastic simulation in design updates; Weld detail optimization and hotspot redesign",建议措施 / RecommendedAction / action / 怎么处理 / 咋处理:,错误,0.0,554.92,语义RAG,0.0,0.0,0,,3,"Enhanced SHM: acoustic emission, strain gauges, modal monitoring; -; High-fidelity coupled aero-hydro-elastic simulation in design updates; Weld detail optimization and hotspot redesign",,,,,"Enhanced SHM: acoustic emission, strain gauges, modal monitoring; -; High-fidelity coupled aero-hydro-elastic simulation in design updates; Weld detail optimization and hotspot redesign",,FMEA编号；建议措施,5,
629,629,baseline模型,baseline兼容旧逻辑,故障措施推荐类,fmea_id_to_action,故障措施查询,,,中等,FMEA编号TO7的后续改进措施写了什么？,"Weld detail optimization and hotspot redesign; Enhanced SHM: acoustic emission, strain gauges, modal monitoring; Thicker shell sections / local reinforcement; High-fidelity coupled aero-hydro-elastic simulation in design updates",建议措施 / RecommendedAction / action / 怎么处理 / 咋处理:,错误,0.0,500.31,语义RAG,0.0,0.0,0,,3,"Weld detail optimization and hotspot redesign; Enhanced SHM: acoustic emission, strain gauges, modal monitoring; Thicker shell sections / local reinforcement; High-fidelity coupled aero-hydro-elastic simulation in design updates",,,,,"Weld detail optimization and hotspot redesign; Enhanced SHM: acoustic emission, strain gauges, modal monitoring; Thicker shell sections / local reinforcement; High-fidelity coupled aero-hydro-elastic simulation in design updates",,FMEA编号；建议措施,6,
630,630,baseline模型,baseline兼容旧逻辑,故障措施推荐类,fmea_id_to_action,故障措施查询,,,简单,FMEA编号TO23的建议措施是什么？,Operational limits & control strategies for extreme motions; Blade–tower clearance and control optimization for extreme motions; High-fidelity coupled aero-hydro-elastic simulation in design updates,FMEA编号TO23的建议措施 / RecommendedAction / action / 怎么处理 / 咋处理: -,错误,0.0,638.51,语义RAG,0.0,0.0,0,,3,Operational limits & control strategies for extreme motions; Blade–tower clearance and control optimization for extreme motions; High-fidelity coupled aero-hydro-elastic simulation in design updates,,,,,Operational limits & control strategies for extreme motions; Blade–tower clearance and control optimization for extreme motions; High-fidelity coupled aero-hydro-elastic simulation in design updates,,FMEA编号；建议措施,22,
631,631,baseline模型,baseline兼容旧逻辑,故障措施推荐类,fmea_id_to_action,故障措施查询,,,简单,FMEA编号TP1这条风险，建议怎么处理？,"Interface redesign to reduce stress concentrations (fillets, radii); High-fidelity coupled analysis of TP–tower–floater interaction; Improve engineering skills",建议措施 / RecommendedAction / action / 怎么处理 / 咋处理:,错误,0.0,533.73,语义RAG,0.0,0.0,0,,3,"Interface redesign to reduce stress concentrations (fillets, radii); High-fidelity coupled analysis of TP–tower–floater interaction; Improve engineering skills",,,,,"Interface redesign to reduce stress concentrations (fillets, radii); High-fidelity coupled analysis of TP–tower–floater interaction; Improve engineering skills",,FMEA编号；建议措施,24,
632,632,baseline模型,baseline兼容旧逻辑,故障措施推荐类,fmea_id_to_action,故障措施查询,,,中等,查一下FMEA编号TP2对应的处理措施。,"SHM for TP connections (strain gauges, acoustic emission, bolt preload monitoring); Design requalification for extreme storms (updated metocean; load cases); -",不知道。上下文中没有提到FMEA编号TP2的相关信息。,错误,0.0,528.79,语义RAG,0.0,0.0,0,,3,"SHM for TP connections (strain gauges, acoustic emission, bolt preload monitoring); Design requalification for extreme storms (updated metocean; load cases); -",,,,,"SHM for TP connections (strain gauges, acoustic emission, bolt preload monitoring); Design requalification for extreme storms (updated metocean; load cases); -",,FMEA编号；建议措施,25,
633,633,baseline模型,baseline兼容旧逻辑,故障措施推荐类,fmea_id_to_action,故障措施查询,,,简单,FMEA编号TP3这条FMEA记录，需要采取什么建议措施？,"SHM for TP connections (strain gauges, acoustic emission, bolt preload monitoring); Design requalification for extreme storms (updated metocean; load cases); High-fidelity coupled analysis of TP–tower–floater interaction; -",建议措施 / RecommendedAction / action / 怎么处理 / 咋处理:,错误,0.0,542.14,语义RAG,0.0,0.0,0,,3,"SHM for TP connections (strain gauges, acoustic emission, bolt preload monitoring); Design requalification for extreme storms (updated metocean; load cases); High-fidelity coupled analysis of TP–tower–floater interaction; -",,,,,"SHM for TP connections (strain gauges, acoustic emission, bolt preload monitoring); Design requalification for extreme storms (updated metocean; load cases); High-fidelity coupled analysis of TP–tower–floater interaction; -",,FMEA编号；建议措施,26,
634,634,baseline模型,baseline兼容旧逻辑,故障措施推荐类,fmea_id_to_action,故障措施查询,,,简单,FMEA编号TP5的后续改进措施写了什么？,High-fidelity coupled analysis of TP–tower–floater interaction; Design requalification for extreme storms (updated metocean; load cases); Improved metocean data measurements,建议措施 / RecommendedAction / action / 怎么处理 / 咋处理:,错误,0.0,517.91,语义RAG,0.0,0.0,0,,3,High-fidelity coupled analysis of TP–tower–floater interaction; Design requalification for extreme storms (updated metocean; load cases); Improved metocean data measurements,,,,,High-fidelity coupled analysis of TP–tower–floater interaction; Design requalification for extreme storms (updated metocean; load cases); Improved metocean data measurements,,FMEA编号；建议措施,28,
635,635,baseline模型,baseline兼容旧逻辑,故障措施推荐类,fmea_id_to_action,故障措施查询,,,中等,FMEA编号TP9的建议措施是什么？,Design requalification for extreme storms (updated metocean; load cases); High-fidelity coupled aero-hydro-elastic simulation in design updates,FMEA编号TP9的建议措施是：-,错误,0.0,472.72,语义RAG,0.0,0.0,0,,3,Design requalification for extreme storms (updated metocean; load cases); High-fidelity coupled aero-hydro-elastic simulation in design updates,,,,,Design requalification for extreme storms (updated metocean; load cases); High-fidelity coupled aero-hydro-elastic simulation in design updates,,FMEA编号；建议措施,32,
636,636,baseline模型,baseline兼容旧逻辑,故障措施推荐类,fmea_id_to_action,故障措施查询,,,简单,FMEA编号TP16这条风险，建议怎么处理？,High-fidelity coupled analysis of TP–tower–floater interaction; Design requalification for extreme storms (updated metocean; load cases); High-fidelity coupled aero-hydro-elastic simulation in design updates,建议措施 / RecommendedAction / action / 怎么处理 / 咋处理:,错误,0.0,538.54,语义RAG,0.0,0.0,0,,3,High-fidelity coupled analysis of TP–tower–floater interaction; Design requalification for extreme storms (updated metocean; load cases); High-fidelity coupled aero-hydro-elastic simulation in design updates,,,,,High-fidelity coupled analysis of TP–tower–floater interaction; Design requalification for extreme storms (updated metocean; load cases); High-fidelity coupled aero-hydro-elastic simulation in design updates,,FMEA编号；建议措施,39,
637,637,baseline模型,baseline兼容旧逻辑,故障措施推荐类,fmea_id_to_action,故障措施查询,,,简单,查一下FMEA编号TP17对应的处理措施。,"SHM for TP connections (strain gauges, acoustic emission, bolt preload monitoring); Welding quality assurance and NDT enhancement (phased-array UT)",不知道。上下文中没有提到FMEA编号TP17的相关信息。,错误,0.0,516.46,语义RAG,0.0,0.0,0,,3,"SHM for TP connections (strain gauges, acoustic emission, bolt preload monitoring); Welding quality assurance and NDT enhancement (phased-array UT)",,,,,"SHM for TP connections (strain gauges, acoustic emission, bolt preload monitoring); Welding quality assurance and NDT enhancement (phased-array UT)",,FMEA编号；建议措施,40,
638,638,baseline模型,baseline兼容旧逻辑,故障措施推荐类,fmea_id_to_action,故障措施查询,,,中等,FMEA编号FF1这条FMEA记录，需要采取什么建议措施？,Expanded design load cases (including typhoon/hurricane scenarios); Freeboard margin increase and water-tight compartmentalization; Improve engineering skills,建议措施 / RecommendedAction / action / 怎么处理 / 咋处理:,错误,0.0,551.0,语义RAG,0.0,0.0,0,,3,Expanded design load cases (including typhoon/hurricane scenarios); Freeboard margin increase and water-tight compartmentalization; Improve engineering skills,,,,,Expanded design load cases (including typhoon/hurricane scenarios); Freeboard margin increase and water-tight compartmentalization; Improve engineering skills,,FMEA编号；建议措施,45,
639,639,baseline模型,baseline兼容旧逻辑,故障措施推荐类,项目失效现象风险查措施,项目范围措施查询,,,中等,当“Floating support structure / Floating Support structure / All structures”出现“Structural break”且RPN为25时，建议如何处置？,Expanded design load cases (including typhoon/hurricane scenarios); -,根据上下文，当“Floating support structure / Floating Support structure / All structures”出现“Structural break”且RPN为25时，并没有具体的建议措施记录。,错误,0.0,774.31,语义RAG,0.6667,0.0,0,,3,Expanded design load cases (including typhoon/hurricane scenarios); -,,,,,Expanded design load cases (including typhoon/hurricane scenarios); -,,项目/功能；潜在失效模式；风险优先数(RPN)；建议措施,49,
640,640,baseline模型,baseline兼容旧逻辑,故障措施推荐类,项目失效现象风险查措施,项目范围措施查询,,,中等,当“Floating support structure / Floating Support structure / Secondary structure”出现“Additional Structures Failures”且RPN为25.83时，建议如何处置？,Freeboard margin increase and water-tight compartmentalization; -; Expanded design load cases (including typhoon/hurricane scenarios); Improved cable mechnical design,根据上下文，没有找到“Floating support structure / Floating Support structure / Secondary structure & Welding”并且RPN为25.83的相关条目。因此不知道在这种情况下应如何处置。 但是，如果有类似情况的其他条目作为参考： 项目/功能 / ProcessStep / 哪一块 / 哪个地方: Floating support structure / Floating Support structure / Secondary structure & Welding 记录数量 / count / 多少条: 1 最高RPN / top risk / 最麻烦 / 最该担心 / 优先看: 36 项目内最高风险条目: 排名1: FMEA编号=None; 失效模式=Watertight fault [1]; RPN=36; S=3.6; O=2.33; D=3.6; 原因=Manufacturing and Installation; Ventilation heads/Manholes failure due to Manufacturing defect/Welding defect; 后果=Reduced stability; 建议措施=未记录. 建议措施：未记录。,错误,0.0,2282.74,语义RAG,0.3333,0.0,0,,3,Freeboard margin increase and water-tight compartmentalization; -; Expanded design load cases (including typhoon/hurricane scenarios); Improved cable mechnical design,,,,,Freeboard margin increase and water-tight compartmentalization; -; Expanded design load cases (including typhoon/hurricane scenarios); Improved cable mechnical design,,项目/功能；潜在失效模式；风险优先数(RPN)；建议措施,50,
641,641,baseline模型,baseline兼容旧逻辑,故障措施推荐类,项目失效现象风险查措施,项目范围措施查询,,,中等,当“Floating support structure / Floating Support structure / Primary structure & Welding”出现“Capsize”且RPN为34.5时，建议如何处置？,"Expanded design load cases (including typhoon/hurricane scenarios); Operational limits: weather windows, alarm thresholds for motions; Resonance avoidance via structural tuning/damping",建议措施=未记录.,错误,0.0,805.15,语义RAG,0.3333,0.0,0,,3,"Expanded design load cases (including typhoon/hurricane scenarios); Operational limits: weather windows, alarm thresholds for motions; Resonance avoidance via structural tuning/damping",,,,,"Expanded design load cases (including typhoon/hurricane scenarios); Operational limits: weather windows, alarm thresholds for motions; Resonance avoidance via structural tuning/damping",,项目/功能；潜在失效模式；风险优先数(RPN)；建议措施,52,
642,642,baseline模型,baseline兼容旧逻辑,故障措施推荐类,项目失效现象风险查措施,项目范围措施查询,,,中等,当“Floating support structure / Floating Support structure / Primary structure & Welding”出现“Cracks”且RPN为22.67时，建议如何处置？,Expanded design load cases (including typhoon/hurricane scenarios); Resonance avoidance via structural tuning/damping; High-fidelity coupled aero-hydro-elastic simulation in design updates,建议措施=未记录.,错误,0.0,378.5,语义RAG,0.6667,0.0,0,,3,Expanded design load cases (including typhoon/hurricane scenarios); Resonance avoidance via structural tuning/damping; High-fidelity coupled aero-hydro-elastic simulation in design updates,,,,,Expanded design load cases (including typhoon/hurricane scenarios); Resonance avoidance via structural tuning/damping; High-fidelity coupled aero-hydro-elastic simulation in design updates,,项目/功能；潜在失效模式；风险优先数(RPN)；建议措施,53,
643,643,baseline模型,baseline兼容旧逻辑,故障措施推荐类,项目失效现象风险查措施,项目范围措施查询,,,中等,当“Floating support structure / Floating Support structure / Secondary structure”出现“Floater unit sinkage”且RPN为26.86时，建议如何处置？,Ballast redundancy and automated ballast management; Freeboard margin increase and water-tight compartmentalization; Expanded design load cases (including typhoon/hurricane scenarios),建议措施 / RecommendedAction / action / 怎么处理 / 咋处理:,错误,0.0,579.34,语义RAG,1.0,0.0,0,,3,Ballast redundancy and automated ballast management; Freeboard margin increase and water-tight compartmentalization; Expanded design load cases (including typhoon/hurricane scenarios),,,,,Ballast redundancy and automated ballast management; Freeboard margin increase and water-tight compartmentalization; Expanded design load cases (including typhoon/hurricane scenarios),,项目/功能；潜在失效模式；风险优先数(RPN)；建议措施,58,
644,644,baseline模型,baseline兼容旧逻辑,故障措施推荐类,项目失效现象风险查措施,项目范围措施查询,,,中等,当“Floating support structure / Floating Support structure / Primary structure & Welding”出现“Structural break”且RPN为33.4时，建议如何处置？,"Operational limits: weather windows, alarm thresholds for motions; Other- Specify; Expanded design load cases (including typhoon/hurricane scenarios); Better understanding of temperature ranges",建议措施=未记录.,错误,0.0,461.37,语义RAG,0.6667,0.0,0,,3,"Operational limits: weather windows, alarm thresholds for motions; Other- Specify; Expanded design load cases (including typhoon/hurricane scenarios); Better understanding of temperature ranges",,,,,"Operational limits: weather windows, alarm thresholds for motions; Other- Specify; Expanded design load cases (including typhoon/hurricane scenarios); Better understanding of temperature ranges",,项目/功能；潜在失效模式；风险优先数(RPN)；建议措施,68,
645,645,baseline模型,baseline兼容旧逻辑,故障措施推荐类,项目失效现象风险查措施,项目范围措施查询,,,中等,当“Floating support structure / Floating Support structure / All structures”出现“Floater unit sinkage”且RPN为30.8时，建议如何处置？,"Operational limits: weather windows, alarm thresholds for motions; -; Expanded design load cases (including typhoon/hurricane scenarios); Freeboard margin increase and water-tight compartmentalization",建议措施 / RecommendedAction / action / 怎么处理 / 咋处理: -,错误,0.0,972.31,语义RAG,1.0,0.0,0,,3,"Operational limits: weather windows, alarm thresholds for motions; -; Expanded design load cases (including typhoon/hurricane scenarios); Freeboard margin increase and water-tight compartmentalization",,,,,"Operational limits: weather windows, alarm thresholds for motions; -; Expanded design load cases (including typhoon/hurricane scenarios); Freeboard margin increase and water-tight compartmentalization",,项目/功能；潜在失效模式；风险优先数(RPN)；建议措施,69,
646,646,baseline模型,baseline兼容旧逻辑,故障措施推荐类,项目失效现象风险查措施,项目范围措施查询,,,中等,当“Floating support structure / Floating Support structure / All structures”出现“Hit by dropped objects”且RPN为25时，建议如何处置？,Expanded design load cases (including typhoon/hurricane scenarios); High-fidelity coupled aero-hydro-elastic simulation in design updates; -,建议措施 / RecommendedAction / action / 怎么处理 / 咋处理:,错误,0.0,586.02,语义RAG,1.0,0.0,0,,3,Expanded design load cases (including typhoon/hurricane scenarios); High-fidelity coupled aero-hydro-elastic simulation in design updates; -,,,,,Expanded design load cases (including typhoon/hurricane scenarios); High-fidelity coupled aero-hydro-elastic simulation in design updates; -,,项目/功能；潜在失效模式；风险优先数(RPN)；建议措施,70,
647,647,baseline模型,baseline兼容旧逻辑,故障措施推荐类,项目失效现象风险查措施,项目范围措施查询,,,中等,当“Floating support structure / Floating Support structure / All structures”出现“Structural break”且RPN为22.4时，建议如何处置？,Expanded design load cases (including typhoon/hurricane scenarios); High-fidelity coupled aero-hydro-elastic simulation in design updates,根据上下文，没有找到“Floating support structure / Floating Support structure / All structures”出现“Structural break”且RPN为22.4的相关信息。因此无法给出具体的建议措施。 但是，可以参考相似情况下的处理方式： 失效模式 / FailureMode: Structural plastic deformation [11] 风险优先数 / RPN: 24.17 严重度 / S: 4.43 发生度 / O: 2 可探测度 / D: 3 建议措施 / RecommendedAction: -,错误,0.0,1397.71,语义RAG,0.3333,0.0,0,,3,Expanded design load cases (including typhoon/hurricane scenarios); High-fidelity coupled aero-hydro-elastic simulation in design updates,,,,,Expanded design load cases (including typhoon/hurricane scenarios); High-fidelity coupled aero-hydro-elastic simulation in design updates,,项目/功能；潜在失效模式；风险优先数(RPN)；建议措施,71,
648,648,baseline模型,baseline兼容旧逻辑,故障措施推荐类,项目失效现象风险查措施,项目范围措施查询,,,中等,当“Floating support structure / Floating Support structure / All structures & Welding”出现“Structural break”且RPN为19时，建议如何处置？,"Operational limits: weather windows, alarm thresholds for motions; Other- Specify; -; Welding quality assurance and NDT enhancement (phased-array UT)",根据上下文，没有找到与“Floating support structure / Floating Support structure / All structures & Welding”和“Structural break”以及RPN为19相关的信息。因此无法给出具体的建议措施。 答案：不知道。,错误,0.0,775.13,语义RAG,0.0,0.0,0,,3,"Operational limits: weather windows, alarm thresholds for motions; Other- Specify; -; Welding quality assurance and NDT enhancement (phased-array UT)",,,,,"Operational limits: weather windows, alarm thresholds for motions; Other- Specify; -; Welding quality assurance and NDT enhancement (phased-array UT)",,项目/功能；潜在失效模式；风险优先数(RPN)；建议措施,72,
649,649,baseline模型,baseline兼容旧逻辑,故障措施推荐类,项目失效现象风险查措施,项目范围措施查询,,,中等,当“Station keeping / Anchor”出现“Anchor failure”且RPN为34时，建议如何处置？,"Continuous tension and vibration monitoring; thresholds for intervention; Procedural controls: load management, operational envelopes; Better design by expanded load case matrix including more failure modes; -",建议措施=未记录.,错误,0.0,491.62,语义RAG,1.0,0.0,0,,3,"Continuous tension and vibration monitoring; thresholds for intervention; Procedural controls: load management, operational envelopes; Better design by expanded load case matrix including more failure modes; -",,,,,"Continuous tension and vibration monitoring; thresholds for intervention; Procedural controls: load management, operational envelopes; Better design by expanded load case matrix including more failure modes; -",,项目/功能；潜在失效模式；风险优先数(RPN)；建议措施,75,
650,650,baseline模型,baseline兼容旧逻辑,故障措施推荐类,项目失效现象风险查措施,项目范围措施查询,,,中等,当“Station keeping / Fairlead”出现“Fairlead failure”且RPN为30时，建议如何处置？,Continuous tension and vibration monitoring; thresholds for intervention; Fairlead geometry improvements and low-wear lining; Optimized chain/wire/rope selection and fatigue margins (design); -,建议措施 = 未记录.,错误,0.0,400.11,语义RAG,0.3333,0.0,0,,3,Continuous tension and vibration monitoring; thresholds for intervention; Fairlead geometry improvements and low-wear lining; Optimized chain/wire/rope selection and fatigue margins (design); -,,,,,Continuous tension and vibration monitoring; thresholds for intervention; Fairlead geometry improvements and low-wear lining; Optimized chain/wire/rope selection and fatigue margins (design); -,,项目/功能；潜在失效模式；风险优先数(RPN)；建议措施,79,
651,651,baseline模型,baseline兼容旧逻辑,故障措施推荐类,项目失效现象风险查措施,项目范围措施查询,,,中等,当“Station keeping / Mooring Lines / Mooring lines”出现“Mooring line breakage”且RPN为28.8时，建议如何处置？,ROV visual inspections; targeted maintenance on wear zones; Diversity in materials/vendors to reduce common-cause risks; -,根据上下文，当“Station keeping / Mooring Lines (ML) / Mooring lines”出现“Mooring line breakage[8]”且RPN为24（最接近28.8的值）时，并没有给出具体的建议措施。因此无法提供处置建议。,错误,0.0,985.56,语义RAG,0.6667,0.0,0,,3,ROV visual inspections; targeted maintenance on wear zones; Diversity in materials/vendors to reduce common-cause risks; -,,,,,ROV visual inspections; targeted maintenance on wear zones; Diversity in materials/vendors to reduce common-cause risks; -,,项目/功能；潜在失效模式；风险优先数(RPN)；建议措施,82,
652,652,baseline模型,baseline兼容旧逻辑,故障措施推荐类,项目失效现象风险查措施,项目范围措施查询,,,中等,当“Station keeping / Mooring Lines / Mooring lines”出现“Mooring line breakage”且RPN为20时，建议如何处置？,Continuous tension and vibration monitoring; thresholds for intervention; -,建议措施 / RecommendedAction / action / 怎么处理 / 咋处理:,错误,0.0,413.45,语义RAG,0.6667,0.0,0,,3,Continuous tension and vibration monitoring; thresholds for intervention; -,,,,,Continuous tension and vibration monitoring; thresholds for intervention; -,,项目/功能；潜在失效模式；风险优先数(RPN)；建议措施,83,
653,653,baseline模型,baseline兼容旧逻辑,故障措施推荐类,项目失效现象风险查措施,项目范围措施查询,,,中等,当“Station keeping / Mooring Lines / Mooring lines”出现“Mooring line breakage”且RPN为24时，建议如何处置？,Continuous tension and vibration monitoring; thresholds for intervention; -,建议措施 / RecommendedAction / action / 怎么处理 / 咋处理:,错误,0.0,446.01,语义RAG,0.6667,0.0,0,,3,Continuous tension and vibration monitoring; thresholds for intervention; -,,,,,Continuous tension and vibration monitoring; thresholds for intervention; -,,项目/功能；潜在失效模式；风险优先数(RPN)；建议措施,84,
654,654,baseline模型,baseline兼容旧逻辑,故障措施推荐类,项目失效现象风险查措施,项目范围措施查询,,,中等,当“Station keeping / Mooring Lines / Mooring lines”出现“Mooring Line Corrosion”且RPN为29.2时，建议如何处置？,Continuous tension and vibration monitoring; thresholds for intervention; Optimized chain/wire/rope selection and fatigue margins (design); -,建议措施=未记录.,错误,0.0,633.06,语义RAG,0.3333,0.0,0,,3,Continuous tension and vibration monitoring; thresholds for intervention; Optimized chain/wire/rope selection and fatigue margins (design); -,,,,,Continuous tension and vibration monitoring; thresholds for intervention; Optimized chain/wire/rope selection and fatigue margins (design); -,,项目/功能；潜在失效模式；风险优先数(RPN)；建议措施,85,
655,655,baseline模型,baseline兼容旧逻辑,故障措施推荐类,项目失效现象风险查措施,项目范围措施查询,,,中等,当“Station keeping / Mooring Lines / Mooring lines”出现“Mooring Line Fatigue”且RPN为31.6时，建议如何处置？,Continuous tension and vibration monitoring; thresholds for intervention; Optimized chain/wire/rope selection and fatigue margins (design); -,未记录。,错误,0.0,313.09,语义RAG,0.6667,0.0,0,,3,Continuous tension and vibration monitoring; thresholds for intervention; Optimized chain/wire/rope selection and fatigue margins (design); -,,,,,Continuous tension and vibration monitoring; thresholds for intervention; Optimized chain/wire/rope selection and fatigue margins (design); -,,项目/功能；潜在失效模式；风险优先数(RPN)；建议措施,87,
656,656,baseline模型,baseline兼容旧逻辑,故障措施推荐类,项目失效现象风险查措施,项目范围措施查询,,,中等,当“Station keeping / Mooring lines / Mooring lines”出现“Mooring lines broken”且RPN为24.8时，建议如何处置？,"ROV visual inspections; targeted maintenance on wear zones; Optimized chain/wire/rope selection and fatigue margins (design); Only chain and wire above MSL, keep fiber ropes wet; -",根据上下文，当“Station keeping / Mooring Lines (ML) / Mooring lines”出现“Mooring line breakage[8]”且RPN为24时，并未提供具体的建议措施（RecommendedAction）。因此无法给出针对该情况的处理建议。,错误,0.0,951.16,语义RAG,0.0,0.0,0,,3,"ROV visual inspections; targeted maintenance on wear zones; Optimized chain/wire/rope selection and fatigue margins (design); Only chain and wire above MSL, keep fiber ropes wet; -",,,,,"ROV visual inspections; targeted maintenance on wear zones; Optimized chain/wire/rope selection and fatigue margins (design); Only chain and wire above MSL, keep fiber ropes wet; -",,项目/功能；潜在失效模式；风险优先数(RPN)；建议措施,91,
657,657,baseline模型,baseline兼容旧逻辑,故障措施推荐类,项目失效现象风险查措施,项目范围措施查询,,,中等,当“Station keeping / Mooring lines / Mooring lines”出现“Mooring lines broken”且RPN为20时，建议如何处置？,"ROV visual inspections; targeted maintenance on wear zones; Optimized chain/wire/rope selection and fatigue margins (design); Only chain and wire above MSL, keep fiber ropes wet; -",建议措施 / RecommendedAction / action / 怎么处理 / 咋处理: -,错误,0.0,606.73,语义RAG,0.0,0.0,0,,3,"ROV visual inspections; targeted maintenance on wear zones; Optimized chain/wire/rope selection and fatigue margins (design); Only chain and wire above MSL, keep fiber ropes wet; -",,,,,"ROV visual inspections; targeted maintenance on wear zones; Optimized chain/wire/rope selection and fatigue margins (design); Only chain and wire above MSL, keep fiber ropes wet; -",,项目/功能；潜在失效模式；风险优先数(RPN)；建议措施,92,
658,658,baseline模型,baseline兼容旧逻辑,故障措施推荐类,项目失效现象风险查措施,项目范围措施查询,,,中等,当“Station keeping / Mooring lines / Mooring lines”出现“Mooring lines broken”且RPN为22.4时，建议如何处置？,"ROV visual inspections; targeted maintenance on wear zones; Optimized chain/wire/rope selection and fatigue margins (design); Only chain and wire above MSL, keep fiber ropes wet; -",根据上下文，没有找到RPN为22.4的情况。最接近的是RPN为20和24的情况，但都没有建议措施。建议可以参考其他情况的处理方式，或者检查是否有遗漏的数据。,错误,0.0,830.48,语义RAG,0.0,0.0,0,,3,"ROV visual inspections; targeted maintenance on wear zones; Optimized chain/wire/rope selection and fatigue margins (design); Only chain and wire above MSL, keep fiber ropes wet; -",,,,,"ROV visual inspections; targeted maintenance on wear zones; Optimized chain/wire/rope selection and fatigue margins (design); Only chain and wire above MSL, keep fiber ropes wet; -",,项目/功能；潜在失效模式；风险优先数(RPN)；建议措施,93,
659,659,baseline模型,baseline兼容旧逻辑,故障措施推荐类,项目失效现象风险查措施,项目范围措施查询,,,中等,当“Station keeping / Mooring lines / Mooring lines”出现“Mooring lines broken”且RPN为28时，建议如何处置？,ROV visual inspections; targeted maintenance on wear zones; -,根据上下文，没有找到RPN为28的情况。最接近的是RPN为29.6的情形，其建议措施/处理方式为空，未提供具体建议。因此，基于现有信息，无法给出具体的处置建议。,错误,0.0,662.04,语义RAG,0.0,0.0,0,,3,ROV visual inspections; targeted maintenance on wear zones; -,,,,,ROV visual inspections; targeted maintenance on wear zones; -,,项目/功能；潜在失效模式；风险优先数(RPN)；建议措施,94,
660,660,baseline模型,baseline兼容旧逻辑,故障措施推荐类,项目失效现象风险查措施,项目范围措施查询,,,中等,当“Station keeping / Mooring lines / Mooring winch”出现“Mooring winch failure”且RPN为25.6时，建议如何处置？,"Continuous tension and vibration monitoring; thresholds for intervention; Procedural controls: load management, operational envelopes; -",建议措施=未记录.,错误,0.0,501.56,语义RAG,1.0,0.0,0,,3,"Continuous tension and vibration monitoring; thresholds for intervention; Procedural controls: load management, operational envelopes; -",,,,,"Continuous tension and vibration monitoring; thresholds for intervention; Procedural controls: load management, operational envelopes; -",,项目/功能；潜在失效模式；风险优先数(RPN)；建议措施,96,
661,661,baseline模型,baseline兼容旧逻辑,故障措施推荐类,项目失效现象风险查措施,项目范围措施查询,,,中等,当“Dynamic cable / Dynamic Cable / Dynamic Cable”出现“accelerated mechanical fatigue”且RPN为30.25时，建议如何处置？,"Monitoring: DTS/RTTR, electrical integrity tests, leak detection; Lazy-wave configuration optimization; buoyancy spacing; hang-off upgrades; -",建议措施 / RecommendedAction / action / 怎么处理 / 咋处理: Unrecorded.,错误,0.0,706.86,语义RAG,0.6667,0.0,0,,3,"Monitoring: DTS/RTTR, electrical integrity tests, leak detection; Lazy-wave configuration optimization; buoyancy spacing; hang-off upgrades; -",,,,,"Monitoring: DTS/RTTR, electrical integrity tests, leak detection; Lazy-wave configuration optimization; buoyancy spacing; hang-off upgrades; -",,项目/功能；潜在失效模式；风险优先数(RPN)；建议措施,97,
662,662,baseline模型,baseline兼容旧逻辑,故障措施推荐类,项目失效现象风险查措施,项目范围措施查询,,,中等,当“Dynamic cable / Dynamic Cable / J-tube”出现“Corrosion of J-tube”且RPN为15时，建议如何处置？,-; Cathodic protection; coating improvements,建议措施 / RecommendedAction / action / 怎么处理 / 咋处理: -,错误,0.0,595.74,语义RAG,1.0,0.0,0,,3,-; Cathodic protection; coating improvements,,,,,-; Cathodic protection; coating improvements,,项目/功能；潜在失效模式；风险优先数(RPN)；建议措施,101,
663,663,baseline模型,baseline兼容旧逻辑,故障措施推荐类,项目失效现象风险查措施,项目范围措施查询,,,中等,当“Dynamic cable / Dynamic Cable / Hang-off”出现“damage and corrosion of mechanical parts”且RPN为24时，建议如何处置？,-; Design review; improved material selection,建议措施 / RecommendedAction / action / 怎么处理 / 咋处理: 未记录.,错误,0.0,610.8,语义RAG,0.6667,0.0,0,,3,-; Design review; improved material selection,,,,,-; Design review; improved material selection,,项目/功能；潜在失效模式；风险优先数(RPN)；建议措施,103,
664,664,baseline模型,baseline兼容旧逻辑,故障措施推荐类,项目失效现象风险查措施,项目范围措施查询,,,中等,当“Dynamic cable / Dynamic Cable / Dynamic Cable”出现“Debris disturbance”且RPN为16时，建议如何处置？,-; Environmental protections; debris management,不知道。上下文中的失效模式为“Crushing or deformation”、“Cable Damage”和“accelerated mechanical fatigue”，没有包含“Debris disturbance”的情况。,错误,0.0,751.39,语义RAG,1.0,0.0,0,,3,-; Environmental protections; debris management,,,,,-; Environmental protections; debris management,,项目/功能；潜在失效模式；风险优先数(RPN)；建议措施,104,
665,665,baseline模型,baseline兼容旧逻辑,故障措施推荐类,项目失效现象风险查措施,项目范围措施查询,,,中等,当“Dynamic cable / Dynamic Cable / Dynamic Cable”出现“Detachment”且RPN为18.5时，建议如何处置？,-; Design review; improved material selection,根据上下文，没有找到“Dynamic cable / Dynamic Cable / Dynamic Cable”在RPN为18.5且失效模式为“Detachment”的记录。因此不知道在这种情况下应如何处置。,错误,0.0,840.77,语义RAG,0.3333,0.0,0,,3,-; Design review; improved material selection,,,,,-; Design review; improved material selection,,项目/功能；潜在失效模式；风险优先数(RPN)；建议措施,105,
666,666,baseline模型,baseline兼容旧逻辑,故障措施推荐类,项目失效现象风险查措施,项目范围措施查询,,,中等,当“Dynamic cable / Dynamic Cable / Joints and terminations”出现“Failure of end termination”且RPN为28.6时，建议如何处置？,-; Design improvements; enhanced termination QA,建议措施=未记录.,错误,0.0,534.58,语义RAG,0.3333,0.0,0,,3,-; Design improvements; enhanced termination QA,,,,,-; Design improvements; enhanced termination QA,,项目/功能；潜在失效模式；风险优先数(RPN)；建议措施,107,
667,667,baseline模型,baseline兼容旧逻辑,故障措施推荐类,项目失效现象风险查措施,项目范围措施查询,,,中等,当“Dynamic cable / Dynamic Cable / Dynamic Cable”出现“Failure of watertightness”且RPN为30.2时，建议如何处置？,"Installation QA/QC: pull-in tension verification, handling procedures; Watertightness assurance: enhanced sealing tests; end termination QA; -",建议措施 / RecommendedAction / action / 怎么处理 / 咋处理:,错误,0.0,599.78,语义RAG,1.0,0.0,0,,3,"Installation QA/QC: pull-in tension verification, handling procedures; Watertightness assurance: enhanced sealing tests; end termination QA; -",,,,,"Installation QA/QC: pull-in tension verification, handling procedures; Watertightness assurance: enhanced sealing tests; end termination QA; -",,项目/功能；潜在失效模式；风险优先数(RPN)；建议措施,112,
668,668,baseline模型,baseline兼容旧逻辑,故障措施推荐类,项目失效现象风险查措施,项目范围措施查询,,,中等,当“Dynamic cable / Dynamic Cable / Dynamic Cable”出现“Failure of watertightness”且RPN为27.8时，建议如何处置？,Watertightness assurance: enhanced sealing tests; end termination QA; -,建议措施 / RecommendedAction / action / 怎么处理 / 咋处理:,错误,0.0,410.31,语义RAG,1.0,0.0,0,,3,Watertightness assurance: enhanced sealing tests; end termination QA; -,,,,,Watertightness assurance: enhanced sealing tests; end termination QA; -,,项目/功能；潜在失效模式；风险优先数(RPN)；建议措施,113,
669,669,baseline模型,baseline兼容旧逻辑,故障措施推荐类,项目失效现象风险查措施,项目范围措施查询,,,中等,当“Dynamic cable / Dynamic Cable / Conductor”出现“failures of conductors”且RPN为25时，建议如何处置？,"-; Monitoring (DTS/RTTR, electrical integrity tests)",建议措施=未记录.,错误,0.0,470.69,语义RAG,0.3333,0.0,0,,3,"-; Monitoring (DTS/RTTR, electrical integrity tests)",,,,,"-; Monitoring (DTS/RTTR, electrical integrity tests)",,项目/功能；潜在失效模式；风险优先数(RPN)；建议措施,114,
670,670,baseline模型,baseline兼容旧逻辑,故障措施推荐类,项目失效现象风险查措施,项目范围措施查询,,,中等,当“Dynamic cable / Dynamic Cable / Dynamic Cable”出现“Fatigue Cracks”且RPN为35.6时，建议如何处置？,"Monitoring: DTS/RTTR, electrical integrity tests, leak detection; -",根据上下文，没有找到与“Dynamic cable / Dynamic Cable / Dynamic Cable”和“Fatigue Cracks”以及RPN为35.6相关的信息。因此不知道在这种情况下应如何处置。,错误,0.0,740.59,语义RAG,0.0,0.0,0,,3,"Monitoring: DTS/RTTR, electrical integrity tests, leak detection; -",,,,,"Monitoring: DTS/RTTR, electrical integrity tests, leak detection; -",,项目/功能；潜在失效模式；风险优先数(RPN)；建议措施,115,
671,671,baseline模型,baseline兼容旧逻辑,故障措施推荐类,项目失效现象风险查措施,项目范围措施查询,,,中等,当“Dynamic cable / Dynamic Cable / Dynamic Cable”出现“material degradation”且RPN为18.5时，建议如何处置？,"Monitoring: DTS/RTTR, electrical integrity tests, leak detection; -",建议措施 / RecommendedAction / action / 怎么处理 / 咋处理:,错误,0.0,607.13,语义RAG,0.3333,0.0,0,,3,"Monitoring: DTS/RTTR, electrical integrity tests, leak detection; -",,,,,"Monitoring: DTS/RTTR, electrical integrity tests, leak detection; -",,项目/功能；潜在失效模式；风险优先数(RPN)；建议措施,119,
672,672,baseline模型,baseline兼容旧逻辑,故障措施推荐类,项目失效现象风险查措施,项目范围措施查询,,,中等,当“Dynamic cable / Dynamic Cable / Cable Protection System”出现“Movement of CPS due to scour/seabed mobility”且RPN为44时，建议如何处置？,Burial/trenching optimization; scour mitigation; as-built metrology; -,建议措施 / RecommendedAction / action / 怎么处理 / 咋处理:,错误,0.0,607.89,语义RAG,1.0,0.0,0,,3,Burial/trenching optimization; scour mitigation; as-built metrology; -,,,,,Burial/trenching optimization; scour mitigation; as-built metrology; -,,项目/功能；潜在失效模式；风险优先数(RPN)；建议措施,122,
673,673,baseline模型,baseline兼容旧逻辑,故障措施推荐类,项目失效现象风险查措施,项目范围措施查询,,,中等,当“Dynamic cable / Dynamic Cable / Cable Protection System”出现“Movement of CPS due to scour/seabed mobility”且RPN为41.6时，建议如何处置？,Burial/trenching optimization; scour mitigation; as-built metrology; -,建议措施 / RecommendedAction / action / 怎么处理 / 咋处理: -,错误,0.0,591.13,语义RAG,1.0,0.0,0,,3,Burial/trenching optimization; scour mitigation; as-built metrology; -,,,,,Burial/trenching optimization; scour mitigation; as-built metrology; -,,项目/功能；潜在失效模式；风险优先数(RPN)；建议措施,123,
674,674,baseline模型,baseline兼容旧逻辑,故障措施推荐类,项目失效现象风险查措施,项目范围措施查询,,,中等,当“Dynamic cable / Dynamic Cable / Static cable/Export Cable”出现“Reduced sediment cover lower than designed value for protection”且RPN为28.6时，建议如何处置？,"Burial/trenching optimization; scour mitigation; as-built metrology; Monitoring: DTS/RTTR, electrical integrity tests, leak detection; -",建议措施=未记录.,错误,0.0,516.23,语义RAG,1.0,0.0,0,,3,"Burial/trenching optimization; scour mitigation; as-built metrology; Monitoring: DTS/RTTR, electrical integrity tests, leak detection; -",,,,,"Burial/trenching optimization; scour mitigation; as-built metrology; Monitoring: DTS/RTTR, electrical integrity tests, leak detection; -",,项目/功能；潜在失效模式；风险优先数(RPN)；建议措施,125,
675,675,baseline模型,baseline兼容旧逻辑,故障措施推荐类,项目失效现象风险查措施,项目范围措施查询,,,中等,当“Dynamic cable / Dynamic Cable / Dynamic Cable”出现“Small bending radius”且RPN为28.6时，建议如何处置？,Lazy-wave configuration optimization; buoyancy spacing; hang-off upgrades; -,建议措施 / RecommendedAction / action / 怎么处理 / 咋处理:,错误,0.0,580.81,语义RAG,1.0,0.0,0,,3,Lazy-wave configuration optimization; buoyancy spacing; hang-off upgrades; -,,,,,Lazy-wave configuration optimization; buoyancy spacing; hang-off upgrades; -,,项目/功能；潜在失效模式；风险优先数(RPN)；建议措施,128,
676,676,baseline模型,baseline兼容旧逻辑,故障措施推荐类,fmea_id_to_action,故障措施查询,,,简单,FMEA编号FF2的后续改进措施写了什么？,Expanded design load cases (including typhoon/hurricane scenarios); -; Improved engineering skills,FMEA编号FF2的建议措施 / RecommendedAction / action / 怎么处理 / 咋处理: -,错误,0.0,627.36,语义RAG,0.0,0.0,0,,3,Expanded design load cases (including typhoon/hurricane scenarios); -; Improved engineering skills,,,,,Expanded design load cases (including typhoon/hurricane scenarios); -; Improved engineering skills,,FMEA编号；建议措施,46,
677,677,baseline模型,baseline兼容旧逻辑,故障措施推荐类,fmea_id_to_action,故障措施查询,,,简单,FMEA编号FF5的建议措施是什么？,Expanded design load cases (including typhoon/hurricane scenarios); -,FMEA编号FF5的建议措施是：-,错误,0.0,499.33,语义RAG,0.0,0.0,0,,3,Expanded design load cases (including typhoon/hurricane scenarios); -,,,,,Expanded design load cases (including typhoon/hurricane scenarios); -,,FMEA编号；建议措施,49,
678,678,baseline模型,baseline兼容旧逻辑,故障措施推荐类,fmea_id_to_action,故障措施查询,,,中等,FMEA编号FF6这条风险，建议怎么处理？,Freeboard margin increase and water-tight compartmentalization; -; Expanded design load cases (including typhoon/hurricane scenarios); Improved cable mechnical design,建议措施 / RecommendedAction / action / 怎么处理 / 咋处理:,错误,0.0,564.59,语义RAG,0.0,0.0,0,,3,Freeboard margin increase and water-tight compartmentalization; -; Expanded design load cases (including typhoon/hurricane scenarios); Improved cable mechnical design,,,,,Freeboard margin increase and water-tight compartmentalization; -; Expanded design load cases (including typhoon/hurricane scenarios); Improved cable mechnical design,,FMEA编号；建议措施,50,
679,679,baseline模型,baseline兼容旧逻辑,故障措施推荐类,fmea_id_to_action,故障措施查询,,,简单,查一下FMEA编号FF8对应的处理措施。,"Expanded design load cases (including typhoon/hurricane scenarios); Operational limits: weather windows, alarm thresholds for motions; Resonance avoidance via structural tuning/damping",不知道。上下文中的FMEA编号没有提到FF8这个编号。,错误,0.0,507.04,语义RAG,0.0,0.0,0,,3,"Expanded design load cases (including typhoon/hurricane scenarios); Operational limits: weather windows, alarm thresholds for motions; Resonance avoidance via structural tuning/damping",,,,,"Expanded design load cases (including typhoon/hurricane scenarios); Operational limits: weather windows, alarm thresholds for motions; Resonance avoidance via structural tuning/damping",,FMEA编号；建议措施,52,
680,680,baseline模型,baseline兼容旧逻辑,故障措施推荐类,fmea_id_to_action,故障措施查询,,,简单,FMEA编号FF9这条FMEA记录，需要采取什么建议措施？,Expanded design load cases (including typhoon/hurricane scenarios); Resonance avoidance via structural tuning/damping; High-fidelity coupled aero-hydro-elastic simulation in design updates,建议措施 / RecommendedAction / action / 怎么处理 / 咋处理:,错误,0.0,569.33,语义RAG,0.0,0.0,0,,3,Expanded design load cases (including typhoon/hurricane scenarios); Resonance avoidance via structural tuning/damping; High-fidelity coupled aero-hydro-elastic simulation in design updates,,,,,Expanded design load cases (including typhoon/hurricane scenarios); Resonance avoidance via structural tuning/damping; High-fidelity coupled aero-hydro-elastic simulation in design updates,,FMEA编号；建议措施,53,
681,681,baseline模型,baseline兼容旧逻辑,故障措施推荐类,fmea_id_to_action,故障措施查询,,,中等,FMEA编号FF14的后续改进措施写了什么？,Ballast redundancy and automated ballast management; Freeboard margin increase and water-tight compartmentalization; Expanded design load cases (including typhoon/hurricane scenarios),建议措施 / RecommendedAction / action / 怎么处理 / 咋处理:,错误,0.0,501.87,语义RAG,0.0,0.0,0,,3,Ballast redundancy and automated ballast management; Freeboard margin increase and water-tight compartmentalization; Expanded design load cases (including typhoon/hurricane scenarios),,,,,Ballast redundancy and automated ballast management; Freeboard margin increase and water-tight compartmentalization; Expanded design load cases (including typhoon/hurricane scenarios),,FMEA编号；建议措施,58,
682,682,baseline模型,baseline兼容旧逻辑,故障措施推荐类,fmea_id_to_action,故障措施查询,,,简单,FMEA编号FF24的建议措施是什么？,"Operational limits: weather windows, alarm thresholds for motions; Other- Specify; Expanded design load cases (including typhoon/hurricane scenarios); Better understanding of temperature ranges",FMEA编号FF24的建议措施 / RecommendedAction / action / 怎么处理 / 咋处理: -,错误,0.0,626.56,语义RAG,0.0,0.0,0,,3,"Operational limits: weather windows, alarm thresholds for motions; Other- Specify; Expanded design load cases (including typhoon/hurricane scenarios); Better understanding of temperature ranges",,,,,"Operational limits: weather windows, alarm thresholds for motions; Other- Specify; Expanded design load cases (including typhoon/hurricane scenarios); Better understanding of temperature ranges",,FMEA编号；建议措施,68,
683,683,baseline模型,baseline兼容旧逻辑,故障措施推荐类,fmea_id_to_action,故障措施查询,,,简单,FMEA编号FF25这条风险，建议怎么处理？,"Operational limits: weather windows, alarm thresholds for motions; -; Expanded design load cases (including typhoon/hurricane scenarios); Freeboard margin increase and water-tight compartmentalization",建议措施 / RecommendedAction / action / 怎么处理 / 咋处理:,错误,0.0,540.27,语义RAG,0.0,0.0,0,,3,"Operational limits: weather windows, alarm thresholds for motions; -; Expanded design load cases (including typhoon/hurricane scenarios); Freeboard margin increase and water-tight compartmentalization",,,,,"Operational limits: weather windows, alarm thresholds for motions; -; Expanded design load cases (including typhoon/hurricane scenarios); Freeboard margin increase and water-tight compartmentalization",,FMEA编号；建议措施,69,
684,684,baseline模型,baseline兼容旧逻辑,故障措施推荐类,fmea_id_to_action,故障措施查询,,,中等,查一下FMEA编号FF26对应的处理措施。,Expanded design load cases (including typhoon/hurricane scenarios); High-fidelity coupled aero-hydro-elastic simulation in design updates; -,不知道。上下文中没有提到FMEA编号FF26的相关信息。,错误,0.0,535.08,语义RAG,0.0,0.0,0,,3,Expanded design load cases (including typhoon/hurricane scenarios); High-fidelity coupled aero-hydro-elastic simulation in design updates; -,,,,,Expanded design load cases (including typhoon/hurricane scenarios); High-fidelity coupled aero-hydro-elastic simulation in design updates; -,,FMEA编号；建议措施,70,
685,685,baseline模型,baseline兼容旧逻辑,故障措施推荐类,fmea_id_to_action,故障措施查询,,,简单,FMEA编号FF27这条FMEA记录，需要采取什么建议措施？,Expanded design load cases (including typhoon/hurricane scenarios); High-fidelity coupled aero-hydro-elastic simulation in design updates,建议措施 / RecommendedAction / action / 怎么处理 / 咋处理:,错误,0.0,551.14,语义RAG,0.0,0.0,0,,3,Expanded design load cases (including typhoon/hurricane scenarios); High-fidelity coupled aero-hydro-elastic simulation in design updates,,,,,Expanded design load cases (including typhoon/hurricane scenarios); High-fidelity coupled aero-hydro-elastic simulation in design updates,,FMEA编号；建议措施,71,
686,686,baseline模型,baseline兼容旧逻辑,故障措施推荐类,fmea_id_to_action,故障措施查询,,,简单,FMEA编号FF28的后续改进措施写了什么？,"Operational limits: weather windows, alarm thresholds for motions; Other- Specify; -; Welding quality assurance and NDT enhancement (phased-array UT)",建议措施 / RecommendedAction / action / 怎么处理 / 咋处理:,错误,0.0,525.35,语义RAG,0.0,0.0,0,,3,"Operational limits: weather windows, alarm thresholds for motions; Other- Specify; -; Welding quality assurance and NDT enhancement (phased-array UT)",,,,,"Operational limits: weather windows, alarm thresholds for motions; Other- Specify; -; Welding quality assurance and NDT enhancement (phased-array UT)",,FMEA编号；建议措施,72,
687,687,baseline模型,baseline兼容旧逻辑,故障措施推荐类,fmea_id_to_action,故障措施查询,,,中等,FMEA编号SKS1的建议措施是什么？,"Continuous tension and vibration monitoring; thresholds for intervention; Procedural controls: load management, operational envelopes; Better design by expanded load case matrix including more failure modes; -",FMEA编号SKS1的建议措施 / RecommendedAction / action / 怎么处理 / 咋处理: -,错误,0.0,626.6,语义RAG,0.0,0.0,0,,3,"Continuous tension and vibration monitoring; thresholds for intervention; Procedural controls: load management, operational envelopes; Better design by expanded load case matrix including more failure modes; -",,,,,"Continuous tension and vibration monitoring; thresholds for intervention; Procedural controls: load management, operational envelopes; Better design by expanded load case matrix including more failure modes; -",,FMEA编号；建议措施,75,
688,688,baseline模型,baseline兼容旧逻辑,故障措施推荐类,fmea_id_to_action,故障措施查询,,,简单,FMEA编号SKS2这条风险，建议怎么处理？,"Continuous tension and vibration monitoring; thresholds for intervention; Procedural controls: load management, operational envelopes; Better design by expanded load case matrix including more failure modes; -",建议措施 / RecommendedAction / action / 怎么处理 / 咋处理:,错误,0.0,572.94,语义RAG,0.0,0.0,0,,3,"Continuous tension and vibration monitoring; thresholds for intervention; Procedural controls: load management, operational envelopes; Better design by expanded load case matrix including more failure modes; -",,,,,"Continuous tension and vibration monitoring; thresholds for intervention; Procedural controls: load management, operational envelopes; Better design by expanded load case matrix including more failure modes; -",,FMEA编号；建议措施,76,
689,689,baseline模型,baseline兼容旧逻辑,故障措施推荐类,fmea_id_to_action,故障措施查询,,,简单,查一下FMEA编号SKS5对应的处理措施。,Continuous tension and vibration monitoring; thresholds for intervention; Fairlead geometry improvements and low-wear lining; Optimized chain/wire/rope selection and fatigue margins (design); -,不知道。上下文中的FMEA编号没有提到SKS5这个编号。,错误,0.0,533.04,语义RAG,0.0,0.0,0,,3,Continuous tension and vibration monitoring; thresholds for intervention; Fairlead geometry improvements and low-wear lining; Optimized chain/wire/rope selection and fatigue margins (design); -,,,,,Continuous tension and vibration monitoring; thresholds for intervention; Fairlead geometry improvements and low-wear lining; Optimized chain/wire/rope selection and fatigue margins (design); -,,FMEA编号；建议措施,79,
690,690,baseline模型,baseline兼容旧逻辑,故障措施推荐类,fmea_id_to_action,故障措施查询,,,中等,FMEA编号SKS6这条FMEA记录，需要采取什么建议措施？,Cathodic protection and corrosion monitoring regimes; -,建议措施 / RecommendedAction / action / 怎么处理 / 咋处理:,错误,0.0,579.09,语义RAG,0.0,0.0,0,,3,Cathodic protection and corrosion monitoring regimes; -,,,,,Cathodic protection and corrosion monitoring regimes; -,,FMEA编号；建议措施,80,
691,691,baseline模型,baseline兼容旧逻辑,故障措施推荐类,fmea_id_to_action,故障措施查询,,,简单,FMEA编号SKS8的后续改进措施写了什么？,ROV visual inspections; targeted maintenance on wear zones; Diversity in materials/vendors to reduce common-cause risks; -,建议措施 / RecommendedAction / action / 怎么处理 / 咋处理:,错误,0.0,543.1,语义RAG,0.0,0.0,0,,3,ROV visual inspections; targeted maintenance on wear zones; Diversity in materials/vendors to reduce common-cause risks; -,,,,,ROV visual inspections; targeted maintenance on wear zones; Diversity in materials/vendors to reduce common-cause risks; -,,FMEA编号；建议措施,82,
692,692,baseline模型,baseline兼容旧逻辑,故障措施推荐类,fmea_id_to_action,故障措施查询,,,简单,FMEA编号SKS9的建议措施是什么？,Continuous tension and vibration monitoring; thresholds for intervention; -,FMEA编号SKS9的建议措施 / RecommendedAction / action / 怎么处理 / 咋处理: -,错误,0.0,620.25,语义RAG,0.0,0.0,0,,3,Continuous tension and vibration monitoring; thresholds for intervention; -,,,,,Continuous tension and vibration monitoring; thresholds for intervention; -,,FMEA编号；建议措施,83,
693,693,baseline模型,baseline兼容旧逻辑,故障措施推荐类,fmea_id_to_action,故障措施查询,,,中等,FMEA编号SKS10这条风险，建议怎么处理？,Continuous tension and vibration monitoring; thresholds for intervention; -,建议措施 / RecommendedAction / action / 怎么处理 / 咋处理:,错误,0.0,570.37,语义RAG,0.0,0.0,0,,3,Continuous tension and vibration monitoring; thresholds for intervention; -,,,,,Continuous tension and vibration monitoring; thresholds for intervention; -,,FMEA编号；建议措施,84,
694,694,baseline模型,baseline兼容旧逻辑,故障措施推荐类,fmea_id_to_action,故障措施查询,,,简单,查一下FMEA编号SKS11对应的处理措施。,Continuous tension and vibration monitoring; thresholds for intervention; Optimized chain/wire/rope selection and fatigue margins (design); -,建议措施 / RecommendedAction / action / 怎么处理 / 咋处理: -,错误,0.0,593.04,语义RAG,0.0,0.0,0,,3,Continuous tension and vibration monitoring; thresholds for intervention; Optimized chain/wire/rope selection and fatigue margins (design); -,,,,,Continuous tension and vibration monitoring; thresholds for intervention; Optimized chain/wire/rope selection and fatigue margins (design); -,,FMEA编号；建议措施,85,
695,695,baseline模型,baseline兼容旧逻辑,故障措施推荐类,fmea_id_to_action,故障措施查询,,,简单,FMEA编号SKS13这条FMEA记录，需要采取什么建议措施？,Continuous tension and vibration monitoring; thresholds for intervention; Optimized chain/wire/rope selection and fatigue margins (design); -,建议措施 / RecommendedAction / action / 怎么处理 / 咋处理:,错误,0.0,530.98,语义RAG,0.0,0.0,0,,3,Continuous tension and vibration monitoring; thresholds for intervention; Optimized chain/wire/rope selection and fatigue margins (design); -,,,,,Continuous tension and vibration monitoring; thresholds for intervention; Optimized chain/wire/rope selection and fatigue margins (design); -,,FMEA编号；建议措施,87,
696,696,baseline模型,baseline兼容旧逻辑,故障措施推荐类,fmea_id_to_action,故障措施查询,,,中等,FMEA编号SKS17的后续改进措施写了什么？,"ROV visual inspections; targeted maintenance on wear zones; Optimized chain/wire/rope selection and fatigue margins (design); Only chain and wire above MSL, keep fiber ropes wet; -",建议措施 / RecommendedAction / action / 怎么处理 / 咋处理:,错误,0.0,518.72,语义RAG,0.0,0.0,0,,3,"ROV visual inspections; targeted maintenance on wear zones; Optimized chain/wire/rope selection and fatigue margins (design); Only chain and wire above MSL, keep fiber ropes wet; -",,,,,"ROV visual inspections; targeted maintenance on wear zones; Optimized chain/wire/rope selection and fatigue margins (design); Only chain and wire above MSL, keep fiber ropes wet; -",,FMEA编号；建议措施,91,
697,697,baseline模型,baseline兼容旧逻辑,故障措施推荐类,fmea_id_to_action,故障措施查询,,,简单,FMEA编号SKS18的建议措施是什么？,"ROV visual inspections; targeted maintenance on wear zones; Optimized chain/wire/rope selection and fatigue margins (design); Only chain and wire above MSL, keep fiber ropes wet; -",FMEA编号SKS18的建议措施 / RecommendedAction / action / 怎么处理 / 咋处理: -,错误,0.0,657.66,语义RAG,0.0,0.0,0,,3,"ROV visual inspections; targeted maintenance on wear zones; Optimized chain/wire/rope selection and fatigue margins (design); Only chain and wire above MSL, keep fiber ropes wet; -",,,,,"ROV visual inspections; targeted maintenance on wear zones; Optimized chain/wire/rope selection and fatigue margins (design); Only chain and wire above MSL, keep fiber ropes wet; -",,FMEA编号；建议措施,92,
698,698,baseline模型,baseline兼容旧逻辑,故障措施推荐类,fmea_id_to_action,故障措施查询,,,简单,FMEA编号SKS19这条风险，建议怎么处理？,"ROV visual inspections; targeted maintenance on wear zones; Optimized chain/wire/rope selection and fatigue margins (design); Only chain and wire above MSL, keep fiber ropes wet; -",建议措施 / RecommendedAction / action / 怎么处理 / 咋处理:,错误,0.0,574.95,语义RAG,0.0,0.0,0,,3,"ROV visual inspections; targeted maintenance on wear zones; Optimized chain/wire/rope selection and fatigue margins (design); Only chain and wire above MSL, keep fiber ropes wet; -",,,,,"ROV visual inspections; targeted maintenance on wear zones; Optimized chain/wire/rope selection and fatigue margins (design); Only chain and wire above MSL, keep fiber ropes wet; -",,FMEA编号；建议措施,93,
699,699,baseline模型,baseline兼容旧逻辑,故障措施推荐类,fmea_id_to_action,故障措施查询,,,中等,查一下FMEA编号SKS20对应的处理措施。,ROV visual inspections; targeted maintenance on wear zones; -,不知道。上下文中的FMEA编号没有提到SKS20这个编号。,错误,0.0,557.94,语义RAG,0.0,0.0,0,,3,ROV visual inspections; targeted maintenance on wear zones; -,,,,,ROV visual inspections; targeted maintenance on wear zones; -,,FMEA编号；建议措施,94,
700,700,baseline模型,baseline兼容旧逻辑,故障措施推荐类,fmea_id_to_action,故障措施查询,,,简单,FMEA编号SKS22这条FMEA记录，需要采取什么建议措施？,"Continuous tension and vibration monitoring; thresholds for intervention; Procedural controls: load management, operational envelopes; -",建议措施 / RecommendedAction / action / 怎么处理 / 咋处理:,错误,0.0,567.66,语义RAG,0.0,0.0,0,,3,"Continuous tension and vibration monitoring; thresholds for intervention; Procedural controls: load management, operational envelopes; -",,,,,"Continuous tension and vibration monitoring; thresholds for intervention; Procedural controls: load management, operational envelopes; -",,FMEA编号；建议措施,96,
701,701,baseline模型,baseline兼容旧逻辑,故障措施推荐类,fmea_id_to_action,故障措施查询,,,简单,FMEA编号DC1的后续改进措施写了什么？,"Monitoring: DTS/RTTR, electrical integrity tests, leak detection; Lazy-wave configuration optimization; buoyancy spacing; hang-off upgrades; -",建议措施 / RecommendedAction / action / 怎么处理 / 咋处理:,错误,0.0,527.22,语义RAG,0.0,0.0,0,,3,"Monitoring: DTS/RTTR, electrical integrity tests, leak detection; Lazy-wave configuration optimization; buoyancy spacing; hang-off upgrades; -",,,,,"Monitoring: DTS/RTTR, electrical integrity tests, leak detection; Lazy-wave configuration optimization; buoyancy spacing; hang-off upgrades; -",,FMEA编号；建议措施,97,
702,702,baseline模型,baseline兼容旧逻辑,故障措施推荐类,fmea_id_to_action,故障措施查询,,,中等,FMEA编号DC5的建议措施是什么？,-; Cathodic protection; coating improvements,FMEA编号DC5的建议措施是：-,错误,0.0,431.6,语义RAG,0.0,0.0,0,,3,-; Cathodic protection; coating improvements,,,,,-; Cathodic protection; coating improvements,,FMEA编号；建议措施,101,
703,703,baseline模型,baseline兼容旧逻辑,故障措施推荐类,fmea_id_to_action,故障措施查询,,,简单,FMEA编号DC7这条风险，建议怎么处理？,-; Design review; improved material selection,建议措施 / RecommendedAction / action / 怎么处理 / 咋处理:,错误,0.0,577.8,语义RAG,0.0,0.0,0,,3,-; Design review; improved material selection,,,,,-; Design review; improved material selection,,FMEA编号；建议措施,103,
704,704,baseline模型,baseline兼容旧逻辑,故障措施推荐类,fmea_id_to_action,故障措施查询,,,简单,查一下FMEA编号DC8对应的处理措施。,-; Environmental protections; debris management,不知道。上下文中没有提到FMEA编号为DC8的相关信息。,错误,0.0,543.53,语义RAG,0.0,0.0,0,,3,-; Environmental protections; debris management,,,,,-; Environmental protections; debris management,,FMEA编号；建议措施,104,
705,705,baseline模型,baseline兼容旧逻辑,故障措施推荐类,fmea_id_to_action,故障措施查询,,,中等,FMEA编号DC9这条FMEA记录，需要采取什么建议措施？,-; Design review; improved material selection,建议措施 / RecommendedAction / action / 怎么处理 / 咋处理:,错误,0.0,573.2,语义RAG,0.0,0.0,0,,3,-; Design review; improved material selection,,,,,-; Design review; improved material selection,,FMEA编号；建议措施,105,
706,706,baseline模型,baseline兼容旧逻辑,故障措施推荐类,fmea_id_to_action,故障措施查询,,,简单,FMEA编号DC11的后续改进措施写了什么？,-; Design improvements; enhanced termination QA,建议措施 / RecommendedAction / action / 怎么处理 / 咋处理:,错误,0.0,504.18,语义RAG,0.0,0.0,0,,3,-; Design improvements; enhanced termination QA,,,,,-; Design improvements; enhanced termination QA,,FMEA编号；建议措施,107,
707,707,baseline模型,baseline兼容旧逻辑,故障措施推荐类,fmea_id_to_action,故障措施查询,,,简单,FMEA编号DC16的建议措施是什么？,"Installation QA/QC: pull-in tension verification, handling procedures; Watertightness assurance: enhanced sealing tests; end termination QA; -",建议措施 / RecommendedAction / action / 怎么处理 / 咋处理: -,错误,0.0,585.56,语义RAG,0.0,0.0,0,,3,"Installation QA/QC: pull-in tension verification, handling procedures; Watertightness assurance: enhanced sealing tests; end termination QA; -",,,,,"Installation QA/QC: pull-in tension verification, handling procedures; Watertightness assurance: enhanced sealing tests; end termination QA; -",,FMEA编号；建议措施,112,
708,708,baseline模型,baseline兼容旧逻辑,故障措施推荐类,fmea_id_to_action,故障措施查询,,,中等,FMEA编号DC17这条风险，建议怎么处理？,Watertightness assurance: enhanced sealing tests; end termination QA; -,建议措施 / RecommendedAction / action / 怎么处理 / 咋处理:,错误,0.0,531.14,语义RAG,0.0,0.0,0,,3,Watertightness assurance: enhanced sealing tests; end termination QA; -,,,,,Watertightness assurance: enhanced sealing tests; end termination QA; -,,FMEA编号；建议措施,113,
709,709,baseline模型,baseline兼容旧逻辑,故障措施推荐类,fmea_id_to_action,故障措施查询,,,简单,查一下FMEA编号DC18对应的处理措施。,"-; Monitoring (DTS/RTTR, electrical integrity tests)",不知道。上下文中没有提到FMEA编号为DC18的记录。,错误,0.0,551.26,语义RAG,0.0,0.0,0,,3,"-; Monitoring (DTS/RTTR, electrical integrity tests)",,,,,"-; Monitoring (DTS/RTTR, electrical integrity tests)",,FMEA编号；建议措施,114,
710,710,baseline模型,baseline兼容旧逻辑,故障措施推荐类,fmea_id_to_action,故障措施查询,,,简单,FMEA编号DC19这条FMEA记录，需要采取什么建议措施？,"Monitoring: DTS/RTTR, electrical integrity tests, leak detection; -",建议措施 / RecommendedAction / action / 怎么处理 / 咋处理:,错误,0.0,553.31,语义RAG,0.0,0.0,0,,3,"Monitoring: DTS/RTTR, electrical integrity tests, leak detection; -",,,,,"Monitoring: DTS/RTTR, electrical integrity tests, leak detection; -",,FMEA编号；建议措施,115,
711,711,baseline模型,baseline兼容旧逻辑,故障措施推荐类,fmea_id_to_action,故障措施查询,,,中等,FMEA编号DC23的后续改进措施写了什么？,"Monitoring: DTS/RTTR, electrical integrity tests, leak detection; -",建议措施 / RecommendedAction / action / 怎么处理 / 咋处理:,错误,0.0,554.84,语义RAG,0.0,0.0,0,,3,"Monitoring: DTS/RTTR, electrical integrity tests, leak detection; -",,,,,"Monitoring: DTS/RTTR, electrical integrity tests, leak detection; -",,FMEA编号；建议措施,119,
712,712,baseline模型,baseline兼容旧逻辑,故障措施推荐类,fmea_id_to_action,故障措施查询,,,简单,FMEA编号DC26的建议措施是什么？,Burial/trenching optimization; scour mitigation; as-built metrology; -,-,错误,0.0,429.46,语义RAG,0.0,0.0,0,,3,Burial/trenching optimization; scour mitigation; as-built metrology; -,,,,,Burial/trenching optimization; scour mitigation; as-built metrology; -,,FMEA编号；建议措施,122,
713,713,baseline模型,baseline兼容旧逻辑,故障措施推荐类,fmea_id_to_action,故障措施查询,,,简单,FMEA编号DC27这条风险，建议怎么处理？,Burial/trenching optimization; scour mitigation; as-built metrology; -,建议措施 / RecommendedAction / action / 怎么处理 / 咋处理:,错误,0.0,571.17,语义RAG,0.0,0.0,0,,3,Burial/trenching optimization; scour mitigation; as-built metrology; -,,,,,Burial/trenching optimization; scour mitigation; as-built metrology; -,,FMEA编号；建议措施,123,
714,714,baseline模型,baseline兼容旧逻辑,故障措施推荐类,fmea_id_to_action,故障措施查询,,,中等,查一下FMEA编号DC29对应的处理措施。,"Burial/trenching optimization; scour mitigation; as-built metrology; Monitoring: DTS/RTTR, electrical integrity tests, leak detection; -",不知道。上下文中没有提到FMEA编号为DC29的相关信息。,错误,0.0,546.33,语义RAG,0.0,0.0,0,,3,"Burial/trenching optimization; scour mitigation; as-built metrology; Monitoring: DTS/RTTR, electrical integrity tests, leak detection; -",,,,,"Burial/trenching optimization; scour mitigation; as-built metrology; Monitoring: DTS/RTTR, electrical integrity tests, leak detection; -",,FMEA编号；建议措施,125,
715,715,baseline模型,baseline兼容旧逻辑,故障措施推荐类,fmea_id_to_action,故障措施查询,,,简单,FMEA编号DC32这条FMEA记录，需要采取什么建议措施？,Lazy-wave configuration optimization; buoyancy spacing; hang-off upgrades; -,建议措施 / RecommendedAction / action / 怎么处理 / 咋处理:,错误,0.0,590.8,语义RAG,0.0,0.0,0,,3,Lazy-wave configuration optimization; buoyancy spacing; hang-off upgrades; -,,,,,Lazy-wave configuration optimization; buoyancy spacing; hang-off upgrades; -,,FMEA编号；建议措施,128,
716,716,baseline模型,baseline兼容旧逻辑,故障措施推荐类,fmea_id_to_action,故障措施查询,,,简单,FMEA编号TO5的后续改进措施写了什么？,High-fidelity coupled aero-hydro-elastic simulation in design updates; Thicker shell sections / local reinforcement,建议措施 / RecommendedAction / action / 怎么处理 / 咋处理:,错误,0.0,532.75,语义RAG,0.0,0.0,0,,3,High-fidelity coupled aero-hydro-elastic simulation in design updates; Thicker shell sections / local reinforcement,,,,,High-fidelity coupled aero-hydro-elastic simulation in design updates; Thicker shell sections / local reinforcement,,FMEA编号；建议措施,4,
717,717,baseline模型,baseline兼容旧逻辑,故障措施推荐类,fmea_id_to_action,故障措施查询,,,中等,FMEA编号TO6的建议措施是什么？,"Enhanced SHM: acoustic emission, strain gauges, modal monitoring; -; High-fidelity coupled aero-hydro-elastic simulation in design updates; Weld detail optimization and hotspot redesign",FMEA编号TO6的建议措施是：-,错误,0.0,489.94,语义RAG,0.0,0.0,0,,3,"Enhanced SHM: acoustic emission, strain gauges, modal monitoring; -; High-fidelity coupled aero-hydro-elastic simulation in design updates; Weld detail optimization and hotspot redesign",,,,,"Enhanced SHM: acoustic emission, strain gauges, modal monitoring; -; High-fidelity coupled aero-hydro-elastic simulation in design updates; Weld detail optimization and hotspot redesign",,FMEA编号；建议措施,5,
718,718,baseline模型,baseline兼容旧逻辑,故障措施推荐类,fmea_id_to_action,故障措施查询,,,简单,FMEA编号TO7这条风险，建议怎么处理？,"Weld detail optimization and hotspot redesign; Enhanced SHM: acoustic emission, strain gauges, modal monitoring; Thicker shell sections / local reinforcement; High-fidelity coupled aero-hydro-elastic simulation in design updates",建议措施 / RecommendedAction / action / 怎么处理 / 咋处理:,错误,0.0,544.47,语义RAG,0.0,0.0,0,,3,"Weld detail optimization and hotspot redesign; Enhanced SHM: acoustic emission, strain gauges, modal monitoring; Thicker shell sections / local reinforcement; High-fidelity coupled aero-hydro-elastic simulation in design updates",,,,,"Weld detail optimization and hotspot redesign; Enhanced SHM: acoustic emission, strain gauges, modal monitoring; Thicker shell sections / local reinforcement; High-fidelity coupled aero-hydro-elastic simulation in design updates",,FMEA编号；建议措施,6,
719,719,baseline模型,baseline兼容旧逻辑,故障措施推荐类,fmea_id_to_action,故障措施查询,,,简单,查一下FMEA编号TO23对应的处理措施。,Operational limits & control strategies for extreme motions; Blade–tower clearance and control optimization for extreme motions; High-fidelity coupled aero-hydro-elastic simulation in design updates,不知道。上下文中没有提到FMEA编号TO23的相关信息。,错误,0.0,495.07,语义RAG,0.0,0.0,0,,3,Operational limits & control strategies for extreme motions; Blade–tower clearance and control optimization for extreme motions; High-fidelity coupled aero-hydro-elastic simulation in design updates,,,,,Operational limits & control strategies for extreme motions; Blade–tower clearance and control optimization for extreme motions; High-fidelity coupled aero-hydro-elastic simulation in design updates,,FMEA编号；建议措施,22,
720,720,baseline模型,baseline兼容旧逻辑,故障措施推荐类,fmea_id_to_action,故障措施查询,,,中等,FMEA编号TP1这条FMEA记录，需要采取什么建议措施？,"Interface redesign to reduce stress concentrations (fillets, radii); High-fidelity coupled analysis of TP–tower–floater interaction; Improve engineering skills",建议措施 / RecommendedAction / action / 怎么处理 / 咋处理:,错误,0.0,551.88,语义RAG,0.0,0.0,0,,3,"Interface redesign to reduce stress concentrations (fillets, radii); High-fidelity coupled analysis of TP–tower–floater interaction; Improve engineering skills",,,,,"Interface redesign to reduce stress concentrations (fillets, radii); High-fidelity coupled analysis of TP–tower–floater interaction; Improve engineering skills",,FMEA编号；建议措施,24,
721,721,baseline模型,baseline兼容旧逻辑,故障措施推荐类,fmea_id_to_action,故障措施查询,,,简单,FMEA编号TP2的后续改进措施写了什么？,"SHM for TP connections (strain gauges, acoustic emission, bolt preload monitoring); Design requalification for extreme storms (updated metocean; load cases); -",不知道。上下文中没有提到FMEA编号TP2的相关信息，也没有列出任何建议措施。,错误,0.0,536.39,语义RAG,0.0,0.0,0,,3,"SHM for TP connections (strain gauges, acoustic emission, bolt preload monitoring); Design requalification for extreme storms (updated metocean; load cases); -",,,,,"SHM for TP connections (strain gauges, acoustic emission, bolt preload monitoring); Design requalification for extreme storms (updated metocean; load cases); -",,FMEA编号；建议措施,25,
722,722,baseline模型,baseline兼容旧逻辑,故障措施推荐类,fmea_id_to_action,故障措施查询,,,简单,FMEA编号TP3的建议措施是什么？,"SHM for TP connections (strain gauges, acoustic emission, bolt preload monitoring); Design requalification for extreme storms (updated metocean; load cases); High-fidelity coupled analysis of TP–tower–floater interaction; -",FMEA编号TP3的建议措施是：-,错误,0.0,533.76,语义RAG,0.0,0.0,0,,3,"SHM for TP connections (strain gauges, acoustic emission, bolt preload monitoring); Design requalification for extreme storms (updated metocean; load cases); High-fidelity coupled analysis of TP–tower–floater interaction; -",,,,,"SHM for TP connections (strain gauges, acoustic emission, bolt preload monitoring); Design requalification for extreme storms (updated metocean; load cases); High-fidelity coupled analysis of TP–tower–floater interaction; -",,FMEA编号；建议措施,26,
723,723,baseline模型,baseline兼容旧逻辑,故障措施推荐类,fmea_id_to_action,故障措施查询,,,中等,FMEA编号TP5这条风险，建议怎么处理？,High-fidelity coupled analysis of TP–tower–floater interaction; Design requalification for extreme storms (updated metocean; load cases); Improved metocean data measurements,建议措施 / RecommendedAction / action / 怎么处理 / 咋处理:,错误,0.0,584.07,语义RAG,0.0,0.0,0,,3,High-fidelity coupled analysis of TP–tower–floater interaction; Design requalification for extreme storms (updated metocean; load cases); Improved metocean data measurements,,,,,High-fidelity coupled analysis of TP–tower–floater interaction; Design requalification for extreme storms (updated metocean; load cases); Improved metocean data measurements,,FMEA编号；建议措施,28,
724,724,baseline模型,baseline兼容旧逻辑,故障措施推荐类,fmea_id_to_action,故障措施查询,,,简单,查一下FMEA编号TP9对应的处理措施。,Design requalification for extreme storms (updated metocean; load cases); High-fidelity coupled aero-hydro-elastic simulation in design updates,不知道。上下文中没有提到FMEA编号TP9的相关信息。,错误,0.0,553.87,语义RAG,0.0,0.0,0,,3,Design requalification for extreme storms (updated metocean; load cases); High-fidelity coupled aero-hydro-elastic simulation in design updates,,,,,Design requalification for extreme storms (updated metocean; load cases); High-fidelity coupled aero-hydro-elastic simulation in design updates,,FMEA编号；建议措施,32,
725,725,baseline模型,baseline兼容旧逻辑,故障措施推荐类,fmea_id_to_action,故障措施查询,,,简单,FMEA编号TP16这条FMEA记录，需要采取什么建议措施？,High-fidelity coupled analysis of TP–tower–floater interaction; Design requalification for extreme storms (updated metocean; load cases); High-fidelity coupled aero-hydro-elastic simulation in design updates,建议措施 / RecommendedAction / action / 怎么处理 / 咋处理:,错误,0.0,566.15,语义RAG,0.0,0.0,0,,3,High-fidelity coupled analysis of TP–tower–floater interaction; Design requalification for extreme storms (updated metocean; load cases); High-fidelity coupled aero-hydro-elastic simulation in design updates,,,,,High-fidelity coupled analysis of TP–tower–floater interaction; Design requalification for extreme storms (updated metocean; load cases); High-fidelity coupled aero-hydro-elastic simulation in design updates,,FMEA编号；建议措施,39,
726,726,baseline模型,baseline兼容旧逻辑,故障措施推荐类,fmea_id_to_action,故障措施查询,,,中等,FMEA编号TP17的后续改进措施写了什么？,"SHM for TP connections (strain gauges, acoustic emission, bolt preload monitoring); Welding quality assurance and NDT enhancement (phased-array UT)",没有找到FMEA编号TP17的相关信息，该编号对应的建议措施字段为空。,错误,0.0,493.61,语义RAG,0.0,0.0,0,,3,"SHM for TP connections (strain gauges, acoustic emission, bolt preload monitoring); Welding quality assurance and NDT enhancement (phased-array UT)",,,,,"SHM for TP connections (strain gauges, acoustic emission, bolt preload monitoring); Welding quality assurance and NDT enhancement (phased-array UT)",,FMEA编号；建议措施,40,
727,727,baseline模型,baseline兼容旧逻辑,故障措施推荐类,风险画像查措施,故障措施查询,,,中等,在S/O/D为3.8/2/3的风险画像下，失效模式“Cracks”的建议措施是什么？,High-fidelity coupled aero-hydro-elastic simulation in design updates; Thicker shell sections / local reinforcement,建议措施=未记录.,错误,0.0,518.5,语义RAG,0.3333,0.0,0,,3,High-fidelity coupled aero-hydro-elastic simulation in design updates; Thicker shell sections / local reinforcement,,,,,High-fidelity coupled aero-hydro-elastic simulation in design updates; Thicker shell sections / local reinforcement,,严酷度(S)；发生度(O)；可探测度(D)；潜在失效模式；建议措施,4,
728,728,baseline模型,baseline兼容旧逻辑,故障措施推荐类,风险画像查措施,故障措施查询,,,中等,在S/O/D为4.4/2.6/3.2的风险画像下，失效模式“Cracks”的建议措施是什么？,"Enhanced SHM: acoustic emission, strain gauges, modal monitoring; -; High-fidelity coupled aero-hydro-elastic simulation in design updates; Weld detail optimization and hotspot redesign",建议措施: 未记录.,错误,0.0,528.04,语义RAG,0.3333,0.0,0,,3,"Enhanced SHM: acoustic emission, strain gauges, modal monitoring; -; High-fidelity coupled aero-hydro-elastic simulation in design updates; Weld detail optimization and hotspot redesign",,,,,"Enhanced SHM: acoustic emission, strain gauges, modal monitoring; -; High-fidelity coupled aero-hydro-elastic simulation in design updates; Weld detail optimization and hotspot redesign",,严酷度(S)；发生度(O)；可探测度(D)；潜在失效模式；建议措施,5,
729,729,baseline模型,baseline兼容旧逻辑,故障措施推荐类,风险画像查措施,故障措施查询,,,中等,在S/O/D为4.4/2.8/3.2的风险画像下，失效模式“Cracks”的建议措施是什么？,"Weld detail optimization and hotspot redesign; Enhanced SHM: acoustic emission, strain gauges, modal monitoring; Thicker shell sections / local reinforcement; High-fidelity coupled aero-hydro-elastic simulation in design updates",建议措施=未记录.,错误,0.0,528.26,语义RAG,0.3333,0.0,0,,3,"Weld detail optimization and hotspot redesign; Enhanced SHM: acoustic emission, strain gauges, modal monitoring; Thicker shell sections / local reinforcement; High-fidelity coupled aero-hydro-elastic simulation in design updates",,,,,"Weld detail optimization and hotspot redesign; Enhanced SHM: acoustic emission, strain gauges, modal monitoring; Thicker shell sections / local reinforcement; High-fidelity coupled aero-hydro-elastic simulation in design updates",,严酷度(S)；发生度(O)；可探测度(D)；潜在失效模式；建议措施,6,
730,730,baseline模型,baseline兼容旧逻辑,故障措施推荐类,风险画像查措施,故障措施查询,,,中等,在S/O/D为4.4/2.2/2.8的风险画像下，失效模式“Plastic deformation”的建议措施是什么？,Operational limits & control strategies for extreme motions; Blade–tower clearance and control optimization for extreme motions; High-fidelity coupled aero-hydro-elastic simulation in design updates,建议措施 / RecommendedAction / action / 怎么处理 / 咋处理: -,错误,0.0,591.06,语义RAG,0.6667,0.0,0,,3,Operational limits & control strategies for extreme motions; Blade–tower clearance and control optimization for extreme motions; High-fidelity coupled aero-hydro-elastic simulation in design updates,,,,,Operational limits & control strategies for extreme motions; Blade–tower clearance and control optimization for extreme motions; High-fidelity coupled aero-hydro-elastic simulation in design updates,,严酷度(S)；发生度(O)；可探测度(D)；潜在失效模式；建议措施,22,
731,731,baseline模型,baseline兼容旧逻辑,故障措施推荐类,风险画像查措施,故障措施查询,,,中等,在S/O/D为4.75/2.5/3的风险画像下，失效模式“Transition piece break”的建议措施是什么？,"Interface redesign to reduce stress concentrations (fillets, radii); High-fidelity coupled analysis of TP–tower–floater interaction; Improve engineering skills",建议措施 / RecommendedAction / action / 怎么处理 / 咋处理:,错误,0.0,603.62,语义RAG,0.6667,0.0,0,,3,"Interface redesign to reduce stress concentrations (fillets, radii); High-fidelity coupled analysis of TP–tower–floater interaction; Improve engineering skills",,,,,"Interface redesign to reduce stress concentrations (fillets, radii); High-fidelity coupled analysis of TP–tower–floater interaction; Improve engineering skills",,严酷度(S)；发生度(O)；可探测度(D)；潜在失效模式；建议措施,24,
732,732,baseline模型,baseline兼容旧逻辑,故障措施推荐类,风险画像查措施,故障措施查询,,,中等,在S/O/D为4.25/2.25/3.25的风险画像下，失效模式“Transition piece break”的建议措施是什么？,"SHM for TP connections (strain gauges, acoustic emission, bolt preload monitoring); Design requalification for extreme storms (updated metocean; load cases); -",建议措施 / RecommendedAction / action / 怎么处理 / 咋处理: -,错误,0.0,482.63,语义RAG,0.6667,0.0,0,,3,"SHM for TP connections (strain gauges, acoustic emission, bolt preload monitoring); Design requalification for extreme storms (updated metocean; load cases); -",,,,,"SHM for TP connections (strain gauges, acoustic emission, bolt preload monitoring); Design requalification for extreme storms (updated metocean; load cases); -",,严酷度(S)；发生度(O)；可探测度(D)；潜在失效模式；建议措施,25,
733,733,baseline模型,baseline兼容旧逻辑,故障措施推荐类,风险画像查措施,故障措施查询,,,中等,在S/O/D为4/2.5/3的风险画像下，失效模式“Structural plastic deformation”的建议措施是什么？,"SHM for TP connections (strain gauges, acoustic emission, bolt preload monitoring); Design requalification for extreme storms (updated metocean; load cases); High-fidelity coupled analysis of TP–tower–floater interaction; -",建议措施 / RecommendedAction / action / 怎么处理 / 咋处理: 未记录.,错误,0.0,607.82,语义RAG,1.0,0.0,0,,3,"SHM for TP connections (strain gauges, acoustic emission, bolt preload monitoring); Design requalification for extreme storms (updated metocean; load cases); High-fidelity coupled analysis of TP–tower–floater interaction; -",,,,,"SHM for TP connections (strain gauges, acoustic emission, bolt preload monitoring); Design requalification for extreme storms (updated metocean; load cases); High-fidelity coupled analysis of TP–tower–floater interaction; -",,严酷度(S)；发生度(O)；可探测度(D)；潜在失效模式；建议措施,26,
734,734,baseline模型,baseline兼容旧逻辑,故障措施推荐类,风险画像查措施,故障措施查询,,,中等,在S/O/D为5/2/2.67的风险画像下，失效模式“Transition piece break”的建议措施是什么？,High-fidelity coupled analysis of TP–tower–floater interaction; Design requalification for extreme storms (updated metocean; load cases); Improved metocean data measurements,建议措施 / RecommendedAction / action / 怎么处理 / 咋处理:,错误,0.0,576.05,语义RAG,1.0,0.0,0,,3,High-fidelity coupled analysis of TP–tower–floater interaction; Design requalification for extreme storms (updated metocean; load cases); Improved metocean data measurements,,,,,High-fidelity coupled analysis of TP–tower–floater interaction; Design requalification for extreme storms (updated metocean; load cases); Improved metocean data measurements,,严酷度(S)；发生度(O)；可探测度(D)；潜在失效模式；建议措施,28,
735,735,baseline模型,baseline兼容旧逻辑,故障措施推荐类,风险画像查措施,故障措施查询,,,中等,在S/O/D为4/2.5/3的风险画像下，失效模式“Cracks”的建议措施是什么？,Design requalification for extreme storms (updated metocean; load cases); High-fidelity coupled aero-hydro-elastic simulation in design updates,未记录。,错误,0.0,501.25,语义RAG,0.3333,0.0,0,,3,Design requalification for extreme storms (updated metocean; load cases); High-fidelity coupled aero-hydro-elastic simulation in design updates,,,,,Design requalification for extreme storms (updated metocean; load cases); High-fidelity coupled aero-hydro-elastic simulation in design updates,,严酷度(S)；发生度(O)；可探测度(D)；潜在失效模式；建议措施,32,
736,736,baseline模型,baseline兼容旧逻辑,故障措施推荐类,风险画像查措施,故障措施查询,,,中等,在S/O/D为5/1.67/2.67的风险画像下，失效模式“Transition piece break”的建议措施是什么？,High-fidelity coupled analysis of TP–tower–floater interaction; Design requalification for extreme storms (updated metocean; load cases); High-fidelity coupled aero-hydro-elastic simulation in design updates,建议措施 / RecommendedAction / action / 怎么处理 / 咋处理: -,错误,0.0,571.97,语义RAG,1.0,0.0,0,,3,High-fidelity coupled analysis of TP–tower–floater interaction; Design requalification for extreme storms (updated metocean; load cases); High-fidelity coupled aero-hydro-elastic simulation in design updates,,,,,High-fidelity coupled analysis of TP–tower–floater interaction; Design requalification for extreme storms (updated metocean; load cases); High-fidelity coupled aero-hydro-elastic simulation in design updates,,严酷度(S)；发生度(O)；可探测度(D)；潜在失效模式；建议措施,39,
737,737,baseline模型,baseline兼容旧逻辑,故障措施推荐类,风险画像查措施,故障措施查询,,,中等,在S/O/D为4.67/1.67/3.33的风险画像下，失效模式“Transition piece break”的建议措施是什么？,"SHM for TP connections (strain gauges, acoustic emission, bolt preload monitoring); Welding quality assurance and NDT enhancement (phased-array UT)",建议措施 / RecommendedAction / action / 怎么处理 / 咋处理:,错误,0.0,511.67,语义RAG,0.6667,0.0,0,,3,"SHM for TP connections (strain gauges, acoustic emission, bolt preload monitoring); Welding quality assurance and NDT enhancement (phased-array UT)",,,,,"SHM for TP connections (strain gauges, acoustic emission, bolt preload monitoring); Welding quality assurance and NDT enhancement (phased-array UT)",,严酷度(S)；发生度(O)；可探测度(D)；潜在失效模式；建议措施,40,
738,738,baseline模型,baseline兼容旧逻辑,故障措施推荐类,风险画像查措施,故障措施查询,,,中等,在S/O/D为4.57/2.29/3.86的风险画像下，失效模式“Capsize”的建议措施是什么？,Expanded design load cases (including typhoon/hurricane scenarios); Freeboard margin increase and water-tight compartmentalization; Improve engineering skills,建议措施=未记录.,错误,0.0,494.72,语义RAG,0.6667,0.0,0,,3,Expanded design load cases (including typhoon/hurricane scenarios); Freeboard margin increase and water-tight compartmentalization; Improve engineering skills,,,,,Expanded design load cases (including typhoon/hurricane scenarios); Freeboard margin increase and water-tight compartmentalization; Improve engineering skills,,严酷度(S)；发生度(O)；可探测度(D)；潜在失效模式；建议措施,45,
739,739,baseline模型,baseline兼容旧逻辑,故障措施推荐类,风险画像查措施,故障措施查询,,,中等,在S/O/D为5/1.67/3的风险画像下，失效模式“Capsize”的建议措施是什么？,Expanded design load cases (including typhoon/hurricane scenarios); -; Improved engineering skills,建议措施=未记录.,错误,0.0,475.96,语义RAG,0.3333,0.0,0,,3,Expanded design load cases (including typhoon/hurricane scenarios); -; Improved engineering skills,,,,,Expanded design load cases (including typhoon/hurricane scenarios); -; Improved engineering skills,,严酷度(S)；发生度(O)；可探测度(D)；潜在失效模式；建议措施,46,
740,740,baseline模型,baseline兼容旧逻辑,故障措施推荐类,风险画像查措施,故障措施查询,,,中等,在S/O/D为4.33/1.67/3.5的风险画像下，失效模式“Structural break”的建议措施是什么？,Expanded design load cases (including typhoon/hurricane scenarios); -,根据上下文，没有找到与 `S/O/D 为 4.33/1.67/3.5` 和失效模式 “Structural break” 相匹配的信息。因此，无法提供具体的建议措施。,错误,0.0,889.77,语义RAG,0.0,0.0,0,,3,Expanded design load cases (including typhoon/hurricane scenarios); -,,,,,Expanded design load cases (including typhoon/hurricane scenarios); -,,严酷度(S)；发生度(O)；可探测度(D)；潜在失效模式；建议措施,49,
741,741,baseline模型,baseline兼容旧逻辑,故障措施推荐类,风险画像查措施,故障措施查询,,,中等,在S/O/D为3.83/2.6/4的风险画像下，失效模式“Additional Structures Failures”的建议措施是什么？,Freeboard margin increase and water-tight compartmentalization; -; Expanded design load cases (including typhoon/hurricane scenarios); Improved cable mechnical design,根据上下文，没有找到S/O/D值为3.83/2.6/4的失效模式“Additional Structures Failures”的相关信息。因此无法提供该失效模式的建议措施。,错误,0.0,852.62,语义RAG,0.0,0.0,0,,3,Freeboard margin increase and water-tight compartmentalization; -; Expanded design load cases (including typhoon/hurricane scenarios); Improved cable mechnical design,,,,,Freeboard margin increase and water-tight compartmentalization; -; Expanded design load cases (including typhoon/hurricane scenarios); Improved cable mechnical design,,严酷度(S)；发生度(O)；可探测度(D)；潜在失效模式；建议措施,50,
742,742,baseline模型,baseline兼容旧逻辑,故障措施推荐类,风险画像查措施,故障措施查询,,,中等,在S/O/D为4.8/1.8/3.2的风险画像下，失效模式“Capsize”的建议措施是什么？,"Expanded design load cases (including typhoon/hurricane scenarios); Operational limits: weather windows, alarm thresholds for motions; Resonance avoidance via structural tuning/damping",建议措施=未记录.,错误,0.0,376.59,语义RAG,0.3333,0.0,0,,3,"Expanded design load cases (including typhoon/hurricane scenarios); Operational limits: weather windows, alarm thresholds for motions; Resonance avoidance via structural tuning/damping",,,,,"Expanded design load cases (including typhoon/hurricane scenarios); Operational limits: weather windows, alarm thresholds for motions; Resonance avoidance via structural tuning/damping",,严酷度(S)；发生度(O)；可探测度(D)；潜在失效模式；建议措施,52,
743,743,baseline模型,baseline兼容旧逻辑,故障措施推荐类,风险画像查措施,故障措施查询,,,中等,在S/O/D为4.14/2.86/3.57的风险画像下，失效模式“Cracks”的建议措施是什么？,Expanded design load cases (including typhoon/hurricane scenarios); Resonance avoidance via structural tuning/damping; High-fidelity coupled aero-hydro-elastic simulation in design updates,建议措施=未记录.,错误,0.0,409.24,语义RAG,0.3333,0.0,0,,3,Expanded design load cases (including typhoon/hurricane scenarios); Resonance avoidance via structural tuning/damping; High-fidelity coupled aero-hydro-elastic simulation in design updates,,,,,Expanded design load cases (including typhoon/hurricane scenarios); Resonance avoidance via structural tuning/damping; High-fidelity coupled aero-hydro-elastic simulation in design updates,,严酷度(S)；发生度(O)；可探测度(D)；潜在失效模式；建议措施,53,
744,744,baseline模型,baseline兼容旧逻辑,故障措施推荐类,风险画像查措施,故障措施查询,,,中等,在S/O/D为4.83/1.83/3.4的风险画像下，失效模式“Floater unit sinkage”的建议措施是什么？,Ballast redundancy and automated ballast management; Freeboard margin increase and water-tight compartmentalization; Expanded design load cases (including typhoon/hurricane scenarios),建议措施 / RecommendedAction / action / 怎么处理 / 咋处理:,错误,0.0,618.18,语义RAG,1.0,0.0,0,,3,Ballast redundancy and automated ballast management; Freeboard margin increase and water-tight compartmentalization; Expanded design load cases (including typhoon/hurricane scenarios),,,,,Ballast redundancy and automated ballast management; Freeboard margin increase and water-tight compartmentalization; Expanded design load cases (including typhoon/hurricane scenarios),,严酷度(S)；发生度(O)；可探测度(D)；潜在失效模式；建议措施,58,
745,745,baseline模型,baseline兼容旧逻辑,故障措施推荐类,风险画像查措施,故障措施查询,,,中等,在S/O/D为4.67/1.33/3.6的风险画像下，失效模式“Structural break”的建议措施是什么？,"Operational limits: weather windows, alarm thresholds for motions; Other- Specify; Expanded design load cases (including typhoon/hurricane scenarios); Better understanding of temperature ranges",建议措施 / RecommendedAction / action / 怎么处理 / 咋处理:,错误,0.0,596.6,语义RAG,0.3333,0.0,0,,3,"Operational limits: weather windows, alarm thresholds for motions; Other- Specify; Expanded design load cases (including typhoon/hurricane scenarios); Better understanding of temperature ranges",,,,,"Operational limits: weather windows, alarm thresholds for motions; Other- Specify; Expanded design load cases (including typhoon/hurricane scenarios); Better understanding of temperature ranges",,严酷度(S)；发生度(O)；可探测度(D)；潜在失效模式；建议措施,68,
746,746,baseline模型,baseline兼容旧逻辑,故障措施推荐类,风险画像查措施,故障措施查询,,,中等,在S/O/D为5/1.33/2.6的风险画像下，失效模式“Floater unit sinkage”的建议措施是什么？,"Operational limits: weather windows, alarm thresholds for motions; -; Expanded design load cases (including typhoon/hurricane scenarios); Freeboard margin increase and water-tight compartmentalization",建议措施 / RecommendedAction / action / 怎么处理 / 咋处理: -,错误,0.0,659.34,语义RAG,1.0,0.0,0,,3,"Operational limits: weather windows, alarm thresholds for motions; -; Expanded design load cases (including typhoon/hurricane scenarios); Freeboard margin increase and water-tight compartmentalization",,,,,"Operational limits: weather windows, alarm thresholds for motions; -; Expanded design load cases (including typhoon/hurricane scenarios); Freeboard margin increase and water-tight compartmentalization",,严酷度(S)；发生度(O)；可探测度(D)；潜在失效模式；建议措施,69,
747,747,baseline模型,baseline兼容旧逻辑,故障措施推荐类,风险画像查措施,故障措施查询,,,中等,在S/O/D为4.83/1.67/3.17的风险画像下，失效模式“Hit by dropped objects”的建议措施是什么？,Expanded design load cases (including typhoon/hurricane scenarios); High-fidelity coupled aero-hydro-elastic simulation in design updates; -,建议措施 / RecommendedAction / action / 怎么处理 / 咋处理:,错误,0.0,616.73,语义RAG,1.0,0.0,0,,3,Expanded design load cases (including typhoon/hurricane scenarios); High-fidelity coupled aero-hydro-elastic simulation in design updates; -,,,,,Expanded design load cases (including typhoon/hurricane scenarios); High-fidelity coupled aero-hydro-elastic simulation in design updates; -,,严酷度(S)；发生度(O)；可探测度(D)；潜在失效模式；建议措施,70,
748,748,baseline模型,baseline兼容旧逻辑,故障措施推荐类,风险画像查措施,故障措施查询,,,中等,在S/O/D为4.67/2.33/3的风险画像下，失效模式“Structural break”的建议措施是什么？,Expanded design load cases (including typhoon/hurricane scenarios); High-fidelity coupled aero-hydro-elastic simulation in design updates,根据上下文，没有找到与“Structural break”这一失效模式相关的信息。因此无法给出具体的建议措施。,错误,0.0,660.37,语义RAG,0.0,0.0,0,,3,Expanded design load cases (including typhoon/hurricane scenarios); High-fidelity coupled aero-hydro-elastic simulation in design updates,,,,,Expanded design load cases (including typhoon/hurricane scenarios); High-fidelity coupled aero-hydro-elastic simulation in design updates,,严酷度(S)；发生度(O)；可探测度(D)；潜在失效模式；建议措施,71,
749,749,baseline模型,baseline兼容旧逻辑,故障措施推荐类,风险画像查措施,故障措施查询,,,中等,在S/O/D为4.5/2.33/3.6的风险画像下，失效模式“Structural break”的建议措施是什么？,"Operational limits: weather windows, alarm thresholds for motions; Other- Specify; -; Welding quality assurance and NDT enhancement (phased-array UT)",根据上下文，没有找到与 `S/O/D` 为 `4.5/2.33/3.6` 和失效模式 “Structural break” 相匹配的记录。因此，无法提供具体的建议措施。,错误,0.0,648.61,语义RAG,0.0,0.0,0,,3,"Operational limits: weather windows, alarm thresholds for motions; Other- Specify; -; Welding quality assurance and NDT enhancement (phased-array UT)",,,,,"Operational limits: weather windows, alarm thresholds for motions; Other- Specify; -; Welding quality assurance and NDT enhancement (phased-array UT)",,严酷度(S)；发生度(O)；可探测度(D)；潜在失效模式；建议措施,72,
750,750,baseline模型,baseline兼容旧逻辑,故障措施推荐类,风险画像查措施,故障措施查询,,,中等,在S/O/D为4.2/2.2/3.8的风险画像下，失效模式“Anchor failure”的建议措施是什么？,"Continuous tension and vibration monitoring; thresholds for intervention; Procedural controls: load management, operational envelopes; Better design by expanded load case matrix including more failure modes; -",建议措施=未记录.,错误,0.0,506.92,语义RAG,0.6667,0.0,0,,3,"Continuous tension and vibration monitoring; thresholds for intervention; Procedural controls: load management, operational envelopes; Better design by expanded load case matrix including more failure modes; -",,,,,"Continuous tension and vibration monitoring; thresholds for intervention; Procedural controls: load management, operational envelopes; Better design by expanded load case matrix including more failure modes; -",,严酷度(S)；发生度(O)；可探测度(D)；潜在失效模式；建议措施,75,
751,751,baseline模型,baseline兼容旧逻辑,故障措施推荐类,风险画像查措施,故障措施查询,,,中等,在S/O/D为3.8/2.8/3的风险画像下，失效模式“Fairlead failure”的建议措施是什么？,Continuous tension and vibration monitoring; thresholds for intervention; Fairlead geometry improvements and low-wear lining; Optimized chain/wire/rope selection and fatigue margins (design); -,建议措施=未记录.,错误,0.0,450.74,语义RAG,0.3333,0.0,0,,3,Continuous tension and vibration monitoring; thresholds for intervention; Fairlead geometry improvements and low-wear lining; Optimized chain/wire/rope selection and fatigue margins (design); -,,,,,Continuous tension and vibration monitoring; thresholds for intervention; Fairlead geometry improvements and low-wear lining; Optimized chain/wire/rope selection and fatigue margins (design); -,,严酷度(S)；发生度(O)；可探测度(D)；潜在失效模式；建议措施,79,
752,752,baseline模型,baseline兼容旧逻辑,故障措施推荐类,风险画像查措施,故障措施查询,,,中等,在S/O/D为4/2.4/3.2的风险画像下，失效模式“Mooring line breakage”的建议措施是什么？,ROV visual inspections; targeted maintenance on wear zones; Diversity in materials/vendors to reduce common-cause risks; -,建议措施 / RecommendedAction / action / 怎么处理 / 咋处理:,错误,0.0,616.18,语义RAG,1.0,0.0,0,,3,ROV visual inspections; targeted maintenance on wear zones; Diversity in materials/vendors to reduce common-cause risks; -,,,,,ROV visual inspections; targeted maintenance on wear zones; Diversity in materials/vendors to reduce common-cause risks; -,,严酷度(S)；发生度(O)；可探测度(D)；潜在失效模式；建议措施,82,
753,753,baseline模型,baseline兼容旧逻辑,故障措施推荐类,风险画像查措施,故障措施查询,,,中等,在S/O/D为4/2/2.6的风险画像下，失效模式“Mooring line breakage”的建议措施是什么？,Continuous tension and vibration monitoring; thresholds for intervention; -,建议措施 / RecommendedAction / action / 怎么处理 / 咋处理:,错误,0.0,411.78,语义RAG,1.0,0.0,0,,3,Continuous tension and vibration monitoring; thresholds for intervention; -,,,,,Continuous tension and vibration monitoring; thresholds for intervention; -,,严酷度(S)；发生度(O)；可探测度(D)；潜在失效模式；建议措施,83,
754,754,baseline模型,baseline兼容旧逻辑,故障措施推荐类,风险画像查措施,故障措施查询,,,中等,在S/O/D为4/2/3的风险画像下，失效模式“Mooring line breakage”的建议措施是什么？,Continuous tension and vibration monitoring; thresholds for intervention; -,建议措施 / RecommendedAction / action / 怎么处理 / 咋处理: -,错误,0.0,406.88,语义RAG,1.0,0.0,0,,3,Continuous tension and vibration monitoring; thresholds for intervention; -,,,,,Continuous tension and vibration monitoring; thresholds for intervention; -,,严酷度(S)；发生度(O)；可探测度(D)；潜在失效模式；建议措施,84,
755,755,baseline模型,baseline兼容旧逻辑,故障措施推荐类,风险画像查措施,故障措施查询,,,中等,在S/O/D为3.6/2.8/3的风险画像下，失效模式“Mooring Line Corrosion”的建议措施是什么？,Continuous tension and vibration monitoring; thresholds for intervention; Optimized chain/wire/rope selection and fatigue margins (design); -,根据上下文，没有找到S/O/D为3.6/2.8/3且失效模式为“Mooring Line Corrosion”的记录。最接近的是失效模式为“Structural break [11]”，其S/O/D值为4.67/1.33/3.6，但也没有给出具体的建议措施。,错误,0.0,1126.26,语义RAG,0.0,0.0,0,,3,Continuous tension and vibration monitoring; thresholds for intervention; Optimized chain/wire/rope selection and fatigue margins (design); -,,,,,Continuous tension and vibration monitoring; thresholds for intervention; Optimized chain/wire/rope selection and fatigue margins (design); -,,严酷度(S)；发生度(O)；可探测度(D)；潜在失效模式；建议措施,85,
756,756,baseline模型,baseline兼容旧逻辑,故障措施推荐类,风险画像查措施,故障措施查询,,,中等,在S/O/D为3.6/3/3的风险画像下，失效模式“Mooring Line Fatigue”的建议措施是什么？,Continuous tension and vibration monitoring; thresholds for intervention; Optimized chain/wire/rope selection and fatigue margins (design); -,根据上下文，没有找到失效模式为“Mooring Line Fatigue”的相关信息，因此无法提供该失效模式的建议措施。,错误,0.0,665.33,语义RAG,0.0,0.0,0,,3,Continuous tension and vibration monitoring; thresholds for intervention; Optimized chain/wire/rope selection and fatigue margins (design); -,,,,,Continuous tension and vibration monitoring; thresholds for intervention; Optimized chain/wire/rope selection and fatigue margins (design); -,,严酷度(S)；发生度(O)；可探测度(D)；潜在失效模式；建议措施,87,
757,757,baseline模型,baseline兼容旧逻辑,故障措施推荐类,风险画像查措施,故障措施查询,,,中等,在S/O/D为4/2.4/2.6的风险画像下，失效模式“Mooring lines broken”的建议措施是什么？,"ROV visual inspections; targeted maintenance on wear zones; Optimized chain/wire/rope selection and fatigue margins (design); Only chain and wire above MSL, keep fiber ropes wet; -",建议措施 / RecommendedAction / action / 怎么处理 / 咋处理:,错误,0.0,612.64,语义RAG,0.0,0.0,0,,3,"ROV visual inspections; targeted maintenance on wear zones; Optimized chain/wire/rope selection and fatigue margins (design); Only chain and wire above MSL, keep fiber ropes wet; -",,,,,"ROV visual inspections; targeted maintenance on wear zones; Optimized chain/wire/rope selection and fatigue margins (design); Only chain and wire above MSL, keep fiber ropes wet; -",,严酷度(S)；发生度(O)；可探测度(D)；潜在失效模式；建议措施,91,
758,758,baseline模型,baseline兼容旧逻辑,故障措施推荐类,风险画像查措施,故障措施查询,,,中等,在S/O/D为4/2/2.6的风险画像下，失效模式“Mooring lines broken”的建议措施是什么？,"ROV visual inspections; targeted maintenance on wear zones; Optimized chain/wire/rope selection and fatigue margins (design); Only chain and wire above MSL, keep fiber ropes wet; -",建议措施 / RecommendedAction / action / 怎么处理 / 咋处理: -,错误,0.0,441.61,语义RAG,0.0,0.0,0,,3,"ROV visual inspections; targeted maintenance on wear zones; Optimized chain/wire/rope selection and fatigue margins (design); Only chain and wire above MSL, keep fiber ropes wet; -",,,,,"ROV visual inspections; targeted maintenance on wear zones; Optimized chain/wire/rope selection and fatigue margins (design); Only chain and wire above MSL, keep fiber ropes wet; -",,严酷度(S)；发生度(O)；可探测度(D)；潜在失效模式；建议措施,92,
759,759,baseline模型,baseline兼容旧逻辑,故障措施推荐类,风险画像查措施,故障措施查询,,,中等,在S/O/D为4/2.2/2.6的风险画像下，失效模式“Mooring lines broken”的建议措施是什么？,"ROV visual inspections; targeted maintenance on wear zones; Optimized chain/wire/rope selection and fatigue margins (design); Only chain and wire above MSL, keep fiber ropes wet; -",建议措施 / RecommendedAction / action / 怎么处理 / 咋处理: -,错误,0.0,447.1,语义RAG,0.0,0.0,0,,3,"ROV visual inspections; targeted maintenance on wear zones; Optimized chain/wire/rope selection and fatigue margins (design); Only chain and wire above MSL, keep fiber ropes wet; -",,,,,"ROV visual inspections; targeted maintenance on wear zones; Optimized chain/wire/rope selection and fatigue margins (design); Only chain and wire above MSL, keep fiber ropes wet; -",,严酷度(S)；发生度(O)；可探测度(D)；潜在失效模式；建议措施,93,
760,760,baseline模型,baseline兼容旧逻辑,故障措施推荐类,风险画像查措施,故障措施查询,,,中等,在S/O/D为4/2.2/3的风险画像下，失效模式“Mooring lines broken”的建议措施是什么？,ROV visual inspections; targeted maintenance on wear zones; -,建议措施 / RecommendedAction / action / 怎么处理 / 咋处理: -,错误,0.0,536.68,语义RAG,0.3333,0.0,0,,3,ROV visual inspections; targeted maintenance on wear zones; -,,,,,ROV visual inspections; targeted maintenance on wear zones; -,,严酷度(S)；发生度(O)；可探测度(D)；潜在失效模式；建议措施,94,
761,761,baseline模型,baseline兼容旧逻辑,故障措施推荐类,风险画像查措施,故障措施查询,,,中等,在S/O/D为4/2/3.2的风险画像下，失效模式“Mooring winch failure”的建议措施是什么？,"Continuous tension and vibration monitoring; thresholds for intervention; Procedural controls: load management, operational envelopes; -",建议措施: 未记录.,错误,0.0,522.55,语义RAG,1.0,0.0,0,,3,"Continuous tension and vibration monitoring; thresholds for intervention; Procedural controls: load management, operational envelopes; -",,,,,"Continuous tension and vibration monitoring; thresholds for intervention; Procedural controls: load management, operational envelopes; -",,严酷度(S)；发生度(O)；可探测度(D)；潜在失效模式；建议措施,96,
762,762,baseline模型,baseline兼容旧逻辑,故障措施推荐类,风险画像查措施,故障措施查询,,,中等,在S/O/D为4.2/2.2/3.75的风险画像下，失效模式“accelerated mechanical fatigue”的建议措施是什么？,"Monitoring: DTS/RTTR, electrical integrity tests, leak detection; Lazy-wave configuration optimization; buoyancy spacing; hang-off upgrades; -",建议措施 / RecommendedAction / action / 怎么处理 / 咋处理: -,错误,0.0,596.01,语义RAG,0.3333,0.0,0,,3,"Monitoring: DTS/RTTR, electrical integrity tests, leak detection; Lazy-wave configuration optimization; buoyancy spacing; hang-off upgrades; -",,,,,"Monitoring: DTS/RTTR, electrical integrity tests, leak detection; Lazy-wave configuration optimization; buoyancy spacing; hang-off upgrades; -",,严酷度(S)；发生度(O)；可探测度(D)；潜在失效模式；建议措施,97,
763,763,baseline模型,baseline兼容旧逻辑,故障措施推荐类,风险画像查措施,故障措施查询,,,中等,在S/O/D为3.2/2/3.4的风险画像下，失效模式“Corrosion of J-tube”的建议措施是什么？,-; Cathodic protection; coating improvements,建议措施=未记录.,错误,0.0,515.86,语义RAG,1.0,0.0,0,,3,-; Cathodic protection; coating improvements,,,,,-; Cathodic protection; coating improvements,,严酷度(S)；发生度(O)；可探测度(D)；潜在失效模式；建议措施,101,
764,764,baseline模型,baseline兼容旧逻辑,故障措施推荐类,风险画像查措施,故障措施查询,,,中等,在S/O/D为3.2/1.75/3.5的风险画像下，失效模式“damage and corrosion of mechanical parts”的建议措施是什么？,-; Design review; improved material selection,建议措施: -,错误,0.0,441.01,语义RAG,0.3333,0.0,0,,3,-; Design review; improved material selection,,,,,-; Design review; improved material selection,,严酷度(S)；发生度(O)；可探测度(D)；潜在失效模式；建议措施,103,
765,765,baseline模型,baseline兼容旧逻辑,故障措施推荐类,风险画像查措施,故障措施查询,,,中等,在S/O/D为3.2/2/3.2的风险画像下，失效模式“Debris disturbance”的建议措施是什么？,-; Environmental protections; debris management,建议措施 / RecommendedAction / action / 怎么处理 / 咋处理:,错误,0.0,574.07,语义RAG,0.3333,0.0,0,,3,-; Environmental protections; debris management,,,,,-; Environmental protections; debris management,,严酷度(S)；发生度(O)；可探测度(D)；潜在失效模式；建议措施,104,
766,766,baseline模型,baseline兼容旧逻辑,故障措施推荐类,风险画像查措施,故障措施查询,,,中等,在S/O/D为4.4/2/2.4的风险画像下，失效模式“Detachment”的建议措施是什么？,-; Design review; improved material selection,根据上下文，没有找到S/O/D值为4.4/2/2.4且失效模式为“Detachment”的记录，因此无法提供对应的建议措施。,错误,0.0,764.8,语义RAG,0.0,0.0,0,,3,-; Design review; improved material selection,,,,,-; Design review; improved material selection,,严酷度(S)；发生度(O)；可探测度(D)；潜在失效模式；建议措施,105,
767,767,baseline模型,baseline兼容旧逻辑,故障措施推荐类,风险画像查措施,故障措施查询,,,中等,在S/O/D为3.8/2.6/3.2的风险画像下，失效模式“Failure of end termination”的建议措施是什么？,-; Design improvements; enhanced termination QA,建议措施=未记录.,错误,0.0,516.81,语义RAG,1.0,0.0,0,,3,-; Design improvements; enhanced termination QA,,,,,-; Design improvements; enhanced termination QA,,严酷度(S)；发生度(O)；可探测度(D)；潜在失效模式；建议措施,107,
768,768,baseline模型,baseline兼容旧逻辑,故障措施推荐类,风险画像查措施,故障措施查询,,,中等,在S/O/D为4.2/2.6/3的风险画像下，失效模式“Failure of watertightness”的建议措施是什么？,"Installation QA/QC: pull-in tension verification, handling procedures; Watertightness assurance: enhanced sealing tests; end termination QA; -",建议措施 / RecommendedAction / action / 怎么处理 / 咋处理: -,错误,0.0,586.32,语义RAG,0.6667,0.0,0,,3,"Installation QA/QC: pull-in tension verification, handling procedures; Watertightness assurance: enhanced sealing tests; end termination QA; -",,,,,"Installation QA/QC: pull-in tension verification, handling procedures; Watertightness assurance: enhanced sealing tests; end termination QA; -",,严酷度(S)；发生度(O)；可探测度(D)；潜在失效模式；建议措施,112,
769,769,baseline模型,baseline兼容旧逻辑,故障措施推荐类,风险画像查措施,故障措施查询,,,中等,在S/O/D为4.2/2/3.6的风险画像下，失效模式“Failure of watertightness”的建议措施是什么？,Watertightness assurance: enhanced sealing tests; end termination QA; -,建议措施 / RecommendedAction / action / 怎么处理 / 咋处理:,错误,0.0,456.44,语义RAG,0.6667,0.0,0,,3,Watertightness assurance: enhanced sealing tests; end termination QA; -,,,,,Watertightness assurance: enhanced sealing tests; end termination QA; -,,严酷度(S)；发生度(O)；可探测度(D)；潜在失效模式；建议措施,113,
770,770,baseline模型,baseline兼容旧逻辑,故障措施推荐类,风险画像查措施,故障措施查询,,,中等,在S/O/D为4.2/2.4/2.4的风险画像下，失效模式“failures of conductors”的建议措施是什么？,"-; Monitoring (DTS/RTTR, electrical integrity tests)",建议措施=未记录.,错误,0.0,475.1,语义RAG,0.6667,0.0,0,,3,"-; Monitoring (DTS/RTTR, electrical integrity tests)",,,,,"-; Monitoring (DTS/RTTR, electrical integrity tests)",,严酷度(S)；发生度(O)；可探测度(D)；潜在失效模式；建议措施,114,
771,771,baseline模型,baseline兼容旧逻辑,故障措施推荐类,风险画像查措施,故障措施查询,,,中等,在S/O/D为4.2/2.4/3.6的风险画像下，失效模式“Fatigue Cracks”的建议措施是什么？,"Monitoring: DTS/RTTR, electrical integrity tests, leak detection; -",建议措施 / RecommendedAction / action / 怎么处理 / 咋处理: 未记录.,错误,0.0,664.74,语义RAG,0.0,0.0,0,,3,"Monitoring: DTS/RTTR, electrical integrity tests, leak detection; -",,,,,"Monitoring: DTS/RTTR, electrical integrity tests, leak detection; -",,严酷度(S)；发生度(O)；可探测度(D)；潜在失效模式；建议措施,115,
772,772,baseline模型,baseline兼容旧逻辑,故障措施推荐类,风险画像查措施,故障措施查询,,,中等,在S/O/D为4.4/1.8/3的风险画像下，失效模式“material degradation”的建议措施是什么？,"Monitoring: DTS/RTTR, electrical integrity tests, leak detection; -",-,错误,0.0,845.43,语义RAG,0.3333,0.0,0,,3,"Monitoring: DTS/RTTR, electrical integrity tests, leak detection; -",,,,,"Monitoring: DTS/RTTR, electrical integrity tests, leak detection; -",,严酷度(S)；发生度(O)；可探测度(D)；潜在失效模式；建议措施,119,
773,773,baseline模型,baseline兼容旧逻辑,故障措施推荐类,风险画像查措施,故障措施查询,,,中等,在S/O/D为3.8/2.6/4.4的风险画像下，失效模式“Movement of CPS due to scour/seabed mobility”的建议措施是什么？,Burial/trenching optimization; scour mitigation; as-built metrology; -,建议措施 / RecommendedAction / action / 怎么处理 / 咋处理: 未记录.,错误,0.0,636.79,语义RAG,1.0,0.0,0,,3,Burial/trenching optimization; scour mitigation; as-built metrology; -,,,,,Burial/trenching optimization; scour mitigation; as-built metrology; -,,严酷度(S)；发生度(O)；可探测度(D)；潜在失效模式；建议措施,122,
774,774,baseline模型,baseline兼容旧逻辑,故障措施推荐类,风险画像查措施,故障措施查询,,,中等,在S/O/D为3.8/2.8/4的风险画像下，失效模式“Movement of CPS due to scour/seabed mobility”的建议措施是什么？,Burial/trenching optimization; scour mitigation; as-built metrology; -,建议措施 / RecommendedAction / action / 怎么处理 / 咋处理: -,错误,0.0,591.64,语义RAG,1.0,0.0,0,,3,Burial/trenching optimization; scour mitigation; as-built metrology; -,,,,,Burial/trenching optimization; scour mitigation; as-built metrology; -,,严酷度(S)；发生度(O)；可探测度(D)；潜在失效模式；建议措施,123,
775,775,baseline模型,baseline兼容旧逻辑,故障措施推荐类,风险画像查措施,故障措施查询,,,中等,在S/O/D为3.6/2.4/3.8的风险画像下，失效模式“Reduced sediment cover lower than designed value for protection”的建议措施是什么？,"Burial/trenching optimization; scour mitigation; as-built metrology; Monitoring: DTS/RTTR, electrical integrity tests, leak detection; -",建议措施=未记录.,错误,0.0,508.03,语义RAG,1.0,0.0,0,,3,"Burial/trenching optimization; scour mitigation; as-built metrology; Monitoring: DTS/RTTR, electrical integrity tests, leak detection; -",,,,,"Burial/trenching optimization; scour mitigation; as-built metrology; Monitoring: DTS/RTTR, electrical integrity tests, leak detection; -",,严酷度(S)；发生度(O)；可探测度(D)；潜在失效模式；建议措施,125,
776,776,baseline模型,baseline兼容旧逻辑,故障措施推荐类,风险画像查措施,故障措施查询,,,中等,在S/O/D为3.4/2.6/3.2的风险画像下，失效模式“Small bending radius”的建议措施是什么？,Lazy-wave configuration optimization; buoyancy spacing; hang-off upgrades; -,建议措施 / RecommendedAction / action / 怎么处理 / 咋处理:,错误,0.0,607.02,语义RAG,0.3333,0.0,0,,3,Lazy-wave configuration optimization; buoyancy spacing; hang-off upgrades; -,,,,,Lazy-wave configuration optimization; buoyancy spacing; hang-off upgrades; -,,严酷度(S)；发生度(O)；可探测度(D)；潜在失效模式；建议措施,128,
777,777,baseline模型,baseline兼容旧逻辑,故障措施推荐类,fmea_id_to_action,故障措施查询,,,简单,FMEA编号FF1的建议措施是什么？,Expanded design load cases (including typhoon/hurricane scenarios); Freeboard margin increase and water-tight compartmentalization; Improve engineering skills,FMEA编号FF1的建议措施是：-,错误,0.0,470.98,语义RAG,0.0,0.0,0,,3,Expanded design load cases (including typhoon/hurricane scenarios); Freeboard margin increase and water-tight compartmentalization; Improve engineering skills,,,,,Expanded design load cases (including typhoon/hurricane scenarios); Freeboard margin increase and water-tight compartmentalization; Improve engineering skills,,FMEA编号；建议措施,45,
778,778,baseline模型,baseline兼容旧逻辑,故障措施推荐类,fmea_id_to_action,故障措施查询,,,简单,FMEA编号FF2这条风险，建议怎么处理？,Expanded design load cases (including typhoon/hurricane scenarios); -; Improved engineering skills,建议措施 / RecommendedAction / action / 怎么处理 / 咋处理:,错误,0.0,517.13,语义RAG,0.0,0.0,0,,3,Expanded design load cases (including typhoon/hurricane scenarios); -; Improved engineering skills,,,,,Expanded design load cases (including typhoon/hurricane scenarios); -; Improved engineering skills,,FMEA编号；建议措施,46,
779,779,baseline模型,baseline兼容旧逻辑,故障措施推荐类,fmea_id_to_action,故障措施查询,,,中等,查一下FMEA编号FF5对应的处理措施。,Expanded design load cases (including typhoon/hurricane scenarios); -,不知道。上下文中没有提到FMEA编号为FF5的相关信息。,错误,0.0,547.52,语义RAG,0.0,0.0,0,,3,Expanded design load cases (including typhoon/hurricane scenarios); -,,,,,Expanded design load cases (including typhoon/hurricane scenarios); -,,FMEA编号；建议措施,49,
780,780,baseline模型,baseline兼容旧逻辑,故障措施推荐类,fmea_id_to_action,故障措施查询,,,简单,FMEA编号FF6这条FMEA记录，需要采取什么建议措施？,Freeboard margin increase and water-tight compartmentalization; -; Expanded design load cases (including typhoon/hurricane scenarios); Improved cable mechnical design,建议措施 / RecommendedAction / action / 怎么处理 / 咋处理:,错误,0.0,537.69,语义RAG,0.0,0.0,0,,3,Freeboard margin increase and water-tight compartmentalization; -; Expanded design load cases (including typhoon/hurricane scenarios); Improved cable mechnical design,,,,,Freeboard margin increase and water-tight compartmentalization; -; Expanded design load cases (including typhoon/hurricane scenarios); Improved cable mechnical design,,FMEA编号；建议措施,50,
781,781,baseline模型,baseline兼容旧逻辑,故障措施推荐类,fmea_id_to_action,故障措施查询,,,简单,FMEA编号FF8的后续改进措施写了什么？,"Expanded design load cases (including typhoon/hurricane scenarios); Operational limits: weather windows, alarm thresholds for motions; Resonance avoidance via structural tuning/damping",建议措施 / RecommendedAction / action / 怎么处理 / 咋处理:,错误,0.0,492.78,语义RAG,0.0,0.0,0,,3,"Expanded design load cases (including typhoon/hurricane scenarios); Operational limits: weather windows, alarm thresholds for motions; Resonance avoidance via structural tuning/damping",,,,,"Expanded design load cases (including typhoon/hurricane scenarios); Operational limits: weather windows, alarm thresholds for motions; Resonance avoidance via structural tuning/damping",,FMEA编号；建议措施,52,
782,782,baseline模型,baseline兼容旧逻辑,故障措施推荐类,fmea_id_to_action,故障措施查询,,,中等,FMEA编号FF9的建议措施是什么？,Expanded design load cases (including typhoon/hurricane scenarios); Resonance avoidance via structural tuning/damping; High-fidelity coupled aero-hydro-elastic simulation in design updates,FMEA编号FF9的建议措施是：-,错误,0.0,505.04,语义RAG,0.0,0.0,0,,3,Expanded design load cases (including typhoon/hurricane scenarios); Resonance avoidance via structural tuning/damping; High-fidelity coupled aero-hydro-elastic simulation in design updates,,,,,Expanded design load cases (including typhoon/hurricane scenarios); Resonance avoidance via structural tuning/damping; High-fidelity coupled aero-hydro-elastic simulation in design updates,,FMEA编号；建议措施,53,
783,783,baseline模型,baseline兼容旧逻辑,故障措施推荐类,fmea_id_to_action,故障措施查询,,,简单,FMEA编号FF14这条风险，建议怎么处理？,Ballast redundancy and automated ballast management; Freeboard margin increase and water-tight compartmentalization; Expanded design load cases (including typhoon/hurricane scenarios),建议措施 / RecommendedAction / action / 怎么处理 / 咋处理:,错误,0.0,549.01,语义RAG,0.0,0.0,0,,3,Ballast redundancy and automated ballast management; Freeboard margin increase and water-tight compartmentalization; Expanded design load cases (including typhoon/hurricane scenarios),,,,,Ballast redundancy and automated ballast management; Freeboard margin increase and water-tight compartmentalization; Expanded design load cases (including typhoon/hurricane scenarios),,FMEA编号；建议措施,58,
784,784,baseline模型,baseline兼容旧逻辑,故障措施推荐类,fmea_id_to_action,故障措施查询,,,简单,查一下FMEA编号FF24对应的处理措施。,"Operational limits: weather windows, alarm thresholds for motions; Other- Specify; Expanded design load cases (including typhoon/hurricane scenarios); Better understanding of temperature ranges",不知道。上下文中没有提到FMEA编号FF24的相关信息。,错误,0.0,543.71,语义RAG,0.0,0.0,0,,3,"Operational limits: weather windows, alarm thresholds for motions; Other- Specify; Expanded design load cases (including typhoon/hurricane scenarios); Better understanding of temperature ranges",,,,,"Operational limits: weather windows, alarm thresholds for motions; Other- Specify; Expanded design load cases (including typhoon/hurricane scenarios); Better understanding of temperature ranges",,FMEA编号；建议措施,68,
785,785,baseline模型,baseline兼容旧逻辑,故障措施推荐类,fmea_id_to_action,故障措施查询,,,中等,FMEA编号FF25这条FMEA记录，需要采取什么建议措施？,"Operational limits: weather windows, alarm thresholds for motions; -; Expanded design load cases (including typhoon/hurricane scenarios); Freeboard margin increase and water-tight compartmentalization",建议措施 / RecommendedAction / action / 怎么处理 / 咋处理:,错误,0.0,588.55,语义RAG,0.0,0.0,0,,3,"Operational limits: weather windows, alarm thresholds for motions; -; Expanded design load cases (including typhoon/hurricane scenarios); Freeboard margin increase and water-tight compartmentalization",,,,,"Operational limits: weather windows, alarm thresholds for motions; -; Expanded design load cases (including typhoon/hurricane scenarios); Freeboard margin increase and water-tight compartmentalization",,FMEA编号；建议措施,69,
786,786,baseline模型,baseline兼容旧逻辑,故障措施推荐类,fmea_id_to_action,故障措施查询,,,简单,FMEA编号FF26的后续改进措施写了什么？,Expanded design load cases (including typhoon/hurricane scenarios); High-fidelity coupled aero-hydro-elastic simulation in design updates; -,建议措施 / RecommendedAction / action / 怎么处理 / 咋处理:,错误,0.0,531.25,语义RAG,0.0,0.0,0,,3,Expanded design load cases (including typhoon/hurricane scenarios); High-fidelity coupled aero-hydro-elastic simulation in design updates; -,,,,,Expanded design load cases (including typhoon/hurricane scenarios); High-fidelity coupled aero-hydro-elastic simulation in design updates; -,,FMEA编号；建议措施,70,
787,787,baseline模型,baseline兼容旧逻辑,故障措施推荐类,fmea_id_to_action,故障措施查询,,,简单,FMEA编号FF27的建议措施是什么？,Expanded design load cases (including typhoon/hurricane scenarios); High-fidelity coupled aero-hydro-elastic simulation in design updates,FMEA编号FF27的建议措施 / RecommendedAction / action / 怎么处理 / 咋处理: -,错误,0.0,633.03,语义RAG,0.0,0.0,0,,3,Expanded design load cases (including typhoon/hurricane scenarios); High-fidelity coupled aero-hydro-elastic simulation in design updates,,,,,Expanded design load cases (including typhoon/hurricane scenarios); High-fidelity coupled aero-hydro-elastic simulation in design updates,,FMEA编号；建议措施,71,
788,788,baseline模型,baseline兼容旧逻辑,故障措施推荐类,fmea_id_to_action,故障措施查询,,,中等,FMEA编号FF28这条风险，建议怎么处理？,"Operational limits: weather windows, alarm thresholds for motions; Other- Specify; -; Welding quality assurance and NDT enhancement (phased-array UT)",建议措施 / RecommendedAction / action / 怎么处理 / 咋处理:,错误,0.0,567.46,语义RAG,0.0,0.0,0,,3,"Operational limits: weather windows, alarm thresholds for motions; Other- Specify; -; Welding quality assurance and NDT enhancement (phased-array UT)",,,,,"Operational limits: weather windows, alarm thresholds for motions; Other- Specify; -; Welding quality assurance and NDT enhancement (phased-array UT)",,FMEA编号；建议措施,72,
789,789,baseline模型,baseline兼容旧逻辑,故障措施推荐类,fmea_id_to_action,故障措施查询,,,简单,查一下FMEA编号SKS1对应的处理措施。,"Continuous tension and vibration monitoring; thresholds for intervention; Procedural controls: load management, operational envelopes; Better design by expanded load case matrix including more failure modes; -",不知道。上下文中没有提到FMEA编号为SKS1的相关信息。,错误,0.0,538.86,语义RAG,0.0,0.0,0,,3,"Continuous tension and vibration monitoring; thresholds for intervention; Procedural controls: load management, operational envelopes; Better design by expanded load case matrix including more failure modes; -",,,,,"Continuous tension and vibration monitoring; thresholds for intervention; Procedural controls: load management, operational envelopes; Better design by expanded load case matrix including more failure modes; -",,FMEA编号；建议措施,75,
790,790,baseline模型,baseline兼容旧逻辑,故障措施推荐类,fmea_id_to_action,故障措施查询,,,简单,FMEA编号SKS2这条FMEA记录，需要采取什么建议措施？,"Continuous tension and vibration monitoring; thresholds for intervention; Procedural controls: load management, operational envelopes; Better design by expanded load case matrix including more failure modes; -",建议措施 / RecommendedAction / action / 怎么处理 / 咋处理:,错误,0.0,567.46,语义RAG,0.0,0.0,0,,3,"Continuous tension and vibration monitoring; thresholds for intervention; Procedural controls: load management, operational envelopes; Better design by expanded load case matrix including more failure modes; -",,,,,"Continuous tension and vibration monitoring; thresholds for intervention; Procedural controls: load management, operational envelopes; Better design by expanded load case matrix including more failure modes; -",,FMEA编号；建议措施,76,
791,791,baseline模型,baseline兼容旧逻辑,故障措施推荐类,fmea_id_to_action,故障措施查询,,,中等,FMEA编号SKS5的后续改进措施写了什么？,Continuous tension and vibration monitoring; thresholds for intervention; Fairlead geometry improvements and low-wear lining; Optimized chain/wire/rope selection and fatigue margins (design); -,没有为FMEA编号SKS5提供具体的后续改进措施。,错误,0.0,485.45,语义RAG,0.0,0.0,0,,3,Continuous tension and vibration monitoring; thresholds for intervention; Fairlead geometry improvements and low-wear lining; Optimized chain/wire/rope selection and fatigue margins (design); -,,,,,Continuous tension and vibration monitoring; thresholds for intervention; Fairlead geometry improvements and low-wear lining; Optimized chain/wire/rope selection and fatigue margins (design); -,,FMEA编号；建议措施,79,
792,792,baseline模型,baseline兼容旧逻辑,故障措施推荐类,fmea_id_to_action,故障措施查询,,,简单,FMEA编号SKS6的建议措施是什么？,Cathodic protection and corrosion monitoring regimes; -,FMEA编号SKS6的建议措施 / RecommendedAction / action / 怎么处理 / 咋处理: -,错误,0.0,632.78,语义RAG,0.0,0.0,0,,3,Cathodic protection and corrosion monitoring regimes; -,,,,,Cathodic protection and corrosion monitoring regimes; -,,FMEA编号；建议措施,80,
793,793,baseline模型,baseline兼容旧逻辑,故障措施推荐类,fmea_id_to_action,故障措施查询,,,简单,FMEA编号SKS8这条风险，建议怎么处理？,ROV visual inspections; targeted maintenance on wear zones; Diversity in materials/vendors to reduce common-cause risks; -,建议措施 / RecommendedAction / action / 怎么处理 / 咋处理:,错误,0.0,590.69,语义RAG,0.0,0.0,0,,3,ROV visual inspections; targeted maintenance on wear zones; Diversity in materials/vendors to reduce common-cause risks; -,,,,,ROV visual inspections; targeted maintenance on wear zones; Diversity in materials/vendors to reduce common-cause risks; -,,FMEA编号；建议措施,82,
794,794,baseline模型,baseline兼容旧逻辑,故障措施推荐类,fmea_id_to_action,故障措施查询,,,中等,查一下FMEA编号SKS9对应的处理措施。,Continuous tension and vibration monitoring; thresholds for intervention; -,不知道。上下文中的FMEA编号没有提到SKS9这个编号。,错误,0.0,550.97,语义RAG,0.0,0.0,0,,3,Continuous tension and vibration monitoring; thresholds for intervention; -,,,,,Continuous tension and vibration monitoring; thresholds for intervention; -,,FMEA编号；建议措施,83,
795,795,baseline模型,baseline兼容旧逻辑,故障措施推荐类,fmea_id_to_action,故障措施查询,,,简单,FMEA编号SKS10这条FMEA记录，需要采取什么建议措施？,Continuous tension and vibration monitoring; thresholds for intervention; -,建议措施 / RecommendedAction / action / 怎么处理 / 咋处理:,错误,0.0,545.55,语义RAG,0.0,0.0,0,,3,Continuous tension and vibration monitoring; thresholds for intervention; -,,,,,Continuous tension and vibration monitoring; thresholds for intervention; -,,FMEA编号；建议措施,84,
796,796,baseline模型,baseline兼容旧逻辑,故障措施推荐类,fmea_id_to_action,故障措施查询,,,简单,FMEA编号SKS11的后续改进措施写了什么？,Continuous tension and vibration monitoring; thresholds for intervention; Optimized chain/wire/rope selection and fatigue margins (design); -,建议措施 / RecommendedAction / action / 怎么处理 / 咋处理:,错误,0.0,473.97,语义RAG,0.0,0.0,0,,3,Continuous tension and vibration monitoring; thresholds for intervention; Optimized chain/wire/rope selection and fatigue margins (design); -,,,,,Continuous tension and vibration monitoring; thresholds for intervention; Optimized chain/wire/rope selection and fatigue margins (design); -,,FMEA编号；建议措施,85,
797,797,baseline模型,baseline兼容旧逻辑,故障措施推荐类,fmea_id_to_action,故障措施查询,,,中等,FMEA编号SKS13的建议措施是什么？,Continuous tension and vibration monitoring; thresholds for intervention; Optimized chain/wire/rope selection and fatigue margins (design); -,FMEA编号SKS13的建议措施 / RecommendedAction / action / 怎么处理 / 咋处理: -,错误,0.0,672.92,语义RAG,0.0,0.0,0,,3,Continuous tension and vibration monitoring; thresholds for intervention; Optimized chain/wire/rope selection and fatigue margins (design); -,,,,,Continuous tension and vibration monitoring; thresholds for intervention; Optimized chain/wire/rope selection and fatigue margins (design); -,,FMEA编号；建议措施,87,
798,798,baseline模型,baseline兼容旧逻辑,故障措施推荐类,fmea_id_to_action,故障措施查询,,,简单,FMEA编号SKS17这条风险，建议怎么处理？,"ROV visual inspections; targeted maintenance on wear zones; Optimized chain/wire/rope selection and fatigue margins (design); Only chain and wire above MSL, keep fiber ropes wet; -",建议措施 / RecommendedAction / action / 怎么处理 / 咋处理:,错误,0.0,546.25,语义RAG,0.0,0.0,0,,3,"ROV visual inspections; targeted maintenance on wear zones; Optimized chain/wire/rope selection and fatigue margins (design); Only chain and wire above MSL, keep fiber ropes wet; -",,,,,"ROV visual inspections; targeted maintenance on wear zones; Optimized chain/wire/rope selection and fatigue margins (design); Only chain and wire above MSL, keep fiber ropes wet; -",,FMEA编号；建议措施,91,
799,799,baseline模型,baseline兼容旧逻辑,故障措施推荐类,fmea_id_to_action,故障措施查询,,,简单,查一下FMEA编号SKS18对应的处理措施。,"ROV visual inspections; targeted maintenance on wear zones; Optimized chain/wire/rope selection and fatigue margins (design); Only chain and wire above MSL, keep fiber ropes wet; -",不知道。上下文中的FMEA编号没有提到SKS18这个编号。,错误,0.0,555.59,语义RAG,0.0,0.0,0,,3,"ROV visual inspections; targeted maintenance on wear zones; Optimized chain/wire/rope selection and fatigue margins (design); Only chain and wire above MSL, keep fiber ropes wet; -",,,,,"ROV visual inspections; targeted maintenance on wear zones; Optimized chain/wire/rope selection and fatigue margins (design); Only chain and wire above MSL, keep fiber ropes wet; -",,FMEA编号；建议措施,92,
800,800,baseline模型,baseline兼容旧逻辑,故障措施推荐类,fmea_id_to_action,故障措施查询,,,中等,FMEA编号SKS19这条FMEA记录，需要采取什么建议措施？,"ROV visual inspections; targeted maintenance on wear zones; Optimized chain/wire/rope selection and fatigue margins (design); Only chain and wire above MSL, keep fiber ropes wet; -",建议措施 / RecommendedAction / action / 怎么处理 / 咋处理:,错误,0.0,543.07,语义RAG,0.0,0.0,0,,3,"ROV visual inspections; targeted maintenance on wear zones; Optimized chain/wire/rope selection and fatigue margins (design); Only chain and wire above MSL, keep fiber ropes wet; -",,,,,"ROV visual inspections; targeted maintenance on wear zones; Optimized chain/wire/rope selection and fatigue margins (design); Only chain and wire above MSL, keep fiber ropes wet; -",,FMEA编号；建议措施,93,
801,801,baseline模型,baseline兼容旧逻辑,故障措施推荐类,fmea_id_to_action,故障措施查询,,,简单,FMEA编号SKS20的后续改进措施写了什么？,ROV visual inspections; targeted maintenance on wear zones; -,没有找到FMEA编号SKS20的相关信息，该编号对应的建议措施字段为空。,错误,0.0,534.34,语义RAG,0.0,0.0,0,,3,ROV visual inspections; targeted maintenance on wear zones; -,,,,,ROV visual inspections; targeted maintenance on wear zones; -,,FMEA编号；建议措施,94,
802,802,baseline模型,baseline兼容旧逻辑,故障措施推荐类,fmea_id_to_action,故障措施查询,,,简单,FMEA编号SKS22的建议措施是什么？,"Continuous tension and vibration monitoring; thresholds for intervention; Procedural controls: load management, operational envelopes; -",FMEA编号SKS22的建议措施 / RecommendedAction / action / 怎么处理 / 咋处理: -,错误,0.0,609.81,语义RAG,0.0,0.0,0,,3,"Continuous tension and vibration monitoring; thresholds for intervention; Procedural controls: load management, operational envelopes; -",,,,,"Continuous tension and vibration monitoring; thresholds for intervention; Procedural controls: load management, operational envelopes; -",,FMEA编号；建议措施,96,
803,803,baseline模型,baseline兼容旧逻辑,故障措施推荐类,fmea_id_to_action,故障措施查询,,,中等,FMEA编号DC1这条风险，建议怎么处理？,"Monitoring: DTS/RTTR, electrical integrity tests, leak detection; Lazy-wave configuration optimization; buoyancy spacing; hang-off upgrades; -",建议措施 / RecommendedAction / action / 怎么处理 / 咋处理:,错误,0.0,542.1,语义RAG,0.0,0.0,0,,3,"Monitoring: DTS/RTTR, electrical integrity tests, leak detection; Lazy-wave configuration optimization; buoyancy spacing; hang-off upgrades; -",,,,,"Monitoring: DTS/RTTR, electrical integrity tests, leak detection; Lazy-wave configuration optimization; buoyancy spacing; hang-off upgrades; -",,FMEA编号；建议措施,97,
804,804,baseline模型,baseline兼容旧逻辑,故障措施推荐类,fmea_id_to_action,故障措施查询,,,简单,查一下FMEA编号DC5对应的处理措施。,-; Cathodic protection; coating improvements,不知道。上下文中没有提到FMEA编号为DC5的相关信息。,错误,0.0,537.96,语义RAG,0.0,0.0,0,,3,-; Cathodic protection; coating improvements,,,,,-; Cathodic protection; coating improvements,,FMEA编号；建议措施,101,
805,805,baseline模型,baseline兼容旧逻辑,故障措施推荐类,fmea_id_to_action,故障措施查询,,,简单,FMEA编号DC7这条FMEA记录，需要采取什么建议措施？,-; Design review; improved material selection,建议措施 / RecommendedAction / action / 怎么处理 / 咋处理:,错误,0.0,570.15,语义RAG,0.0,0.0,0,,3,-; Design review; improved material selection,,,,,-; Design review; improved material selection,,FMEA编号；建议措施,103,
806,806,baseline模型,baseline兼容旧逻辑,故障措施推荐类,fmea_id_to_action,故障措施查询,,,中等,FMEA编号DC8的后续改进措施写了什么？,-; Environmental protections; debris management,建议措施 / RecommendedAction / action / 怎么处理 / 咋处理:,错误,0.0,494.07,语义RAG,0.0,0.0,0,,3,-; Environmental protections; debris management,,,,,-; Environmental protections; debris management,,FMEA编号；建议措施,104,
807,807,baseline模型,baseline兼容旧逻辑,故障措施推荐类,fmea_id_to_action,故障措施查询,,,简单,FMEA编号DC9的建议措施是什么？,-; Design review; improved material selection,FMEA编号DC9的建议措施是：-,错误,0.0,490.32,语义RAG,0.0,0.0,0,,3,-; Design review; improved material selection,,,,,-; Design review; improved material selection,,FMEA编号；建议措施,105,
808,808,baseline模型,baseline兼容旧逻辑,故障措施推荐类,fmea_id_to_action,故障措施查询,,,简单,FMEA编号DC11这条风险，建议怎么处理？,-; Design improvements; enhanced termination QA,建议措施 / RecommendedAction / action / 怎么处理 / 咋处理:,错误,0.0,567.86,语义RAG,0.0,0.0,0,,3,-; Design improvements; enhanced termination QA,,,,,-; Design improvements; enhanced termination QA,,FMEA编号；建议措施,107,
809,809,baseline模型,baseline兼容旧逻辑,故障措施推荐类,fmea_id_to_action,故障措施查询,,,中等,查一下FMEA编号DC16对应的处理措施。,"Installation QA/QC: pull-in tension verification, handling procedures; Watertightness assurance: enhanced sealing tests; end termination QA; -",不知道。上下文中没有提到FMEA编号为DC16的相关信息。,错误,0.0,549.3,语义RAG,0.0,0.0,0,,3,"Installation QA/QC: pull-in tension verification, handling procedures; Watertightness assurance: enhanced sealing tests; end termination QA; -",,,,,"Installation QA/QC: pull-in tension verification, handling procedures; Watertightness assurance: enhanced sealing tests; end termination QA; -",,FMEA编号；建议措施,112,
810,810,baseline模型,baseline兼容旧逻辑,故障措施推荐类,fmea_id_to_action,故障措施查询,,,简单,FMEA编号DC17这条FMEA记录，需要采取什么建议措施？,Watertightness assurance: enhanced sealing tests; end termination QA; -,建议措施 / RecommendedAction / action / 怎么处理 / 咋处理:,错误,0.0,551.03,语义RAG,0.0,0.0,0,,3,Watertightness assurance: enhanced sealing tests; end termination QA; -,,,,,Watertightness assurance: enhanced sealing tests; end termination QA; -,,FMEA编号；建议措施,113,
811,811,baseline模型,baseline兼容旧逻辑,故障措施推荐类,fmea_id_to_action,故障措施查询,,,简单,FMEA编号DC18的后续改进措施写了什么？,"-; Monitoring (DTS/RTTR, electrical integrity tests)",建议措施 / RecommendedAction / action / 怎么处理 / 咋处理:,错误,0.0,503.1,语义RAG,0.0,0.0,0,,3,"-; Monitoring (DTS/RTTR, electrical integrity tests)",,,,,"-; Monitoring (DTS/RTTR, electrical integrity tests)",,FMEA编号；建议措施,114,
812,812,baseline模型,baseline兼容旧逻辑,故障措施推荐类,fmea_id_to_action,故障措施查询,,,中等,FMEA编号DC19的建议措施是什么？,"Monitoring: DTS/RTTR, electrical integrity tests, leak detection; -",FMEA编号DC19的建议措施 / RecommendedAction / action / 怎么处理 / 咋处理: -,错误,0.0,630.25,语义RAG,0.0,0.0,0,,3,"Monitoring: DTS/RTTR, electrical integrity tests, leak detection; -",,,,,"Monitoring: DTS/RTTR, electrical integrity tests, leak detection; -",,FMEA编号；建议措施,115,
813,813,baseline模型,baseline兼容旧逻辑,故障措施推荐类,fmea_id_to_action,故障措施查询,,,简单,FMEA编号DC23这条风险，建议怎么处理？,"Monitoring: DTS/RTTR, electrical integrity tests, leak detection; -",建议措施 / RecommendedAction / action / 怎么处理 / 咋处理:,错误,0.0,538.4,语义RAG,0.0,0.0,0,,3,"Monitoring: DTS/RTTR, electrical integrity tests, leak detection; -",,,,,"Monitoring: DTS/RTTR, electrical integrity tests, leak detection; -",,FMEA编号；建议措施,119,
814,814,baseline模型,baseline兼容旧逻辑,故障措施推荐类,fmea_id_to_action,故障措施查询,,,简单,查一下FMEA编号DC26对应的处理措施。,Burial/trenching optimization; scour mitigation; as-built metrology; -,-,错误,0.0,398.58,语义RAG,0.0,0.0,0,,3,Burial/trenching optimization; scour mitigation; as-built metrology; -,,,,,Burial/trenching optimization; scour mitigation; as-built metrology; -,,FMEA编号；建议措施,122,
815,815,baseline模型,baseline兼容旧逻辑,故障措施推荐类,fmea_id_to_action,故障措施查询,,,中等,FMEA编号DC27这条FMEA记录，需要采取什么建议措施？,Burial/trenching optimization; scour mitigation; as-built metrology; -,建议措施 / RecommendedAction / action / 怎么处理 / 咋处理:,错误,0.0,543.31,语义RAG,0.0,0.0,0,,3,Burial/trenching optimization; scour mitigation; as-built metrology; -,,,,,Burial/trenching optimization; scour mitigation; as-built metrology; -,,FMEA编号；建议措施,123,
816,816,baseline模型,baseline兼容旧逻辑,故障措施推荐类,fmea_id_to_action,故障措施查询,,,简单,FMEA编号DC29的后续改进措施写了什么？,"Burial/trenching optimization; scour mitigation; as-built metrology; Monitoring: DTS/RTTR, electrical integrity tests, leak detection; -",建议措施 / RecommendedAction / action / 怎么处理 / 咋处理:,错误,0.0,503.52,语义RAG,0.0,0.0,0,,3,"Burial/trenching optimization; scour mitigation; as-built metrology; Monitoring: DTS/RTTR, electrical integrity tests, leak detection; -",,,,,"Burial/trenching optimization; scour mitigation; as-built metrology; Monitoring: DTS/RTTR, electrical integrity tests, leak detection; -",,FMEA编号；建议措施,125,
817,817,baseline模型,baseline兼容旧逻辑,故障措施推荐类,fmea_id_to_action,故障措施查询,,,简单,FMEA编号DC32的建议措施是什么？,Lazy-wave configuration optimization; buoyancy spacing; hang-off upgrades; -,FMEA编号DC32的建议措施是：-,错误,0.0,521.69,语义RAG,0.0,0.0,0,,3,Lazy-wave configuration optimization; buoyancy spacing; hang-off upgrades; -,,,,,Lazy-wave configuration optimization; buoyancy spacing; hang-off upgrades; -,,FMEA编号；建议措施,128,
818,818,baseline模型,baseline兼容旧逻辑,故障措施推荐类,fmea_id_to_action,故障措施查询,,,中等,FMEA编号TO5这条风险，建议怎么处理？,High-fidelity coupled aero-hydro-elastic simulation in design updates; Thicker shell sections / local reinforcement,建议措施 / RecommendedAction / action / 怎么处理 / 咋处理:,错误,0.0,523.63,语义RAG,0.0,0.0,0,,3,High-fidelity coupled aero-hydro-elastic simulation in design updates; Thicker shell sections / local reinforcement,,,,,High-fidelity coupled aero-hydro-elastic simulation in design updates; Thicker shell sections / local reinforcement,,FMEA编号；建议措施,4,
819,819,baseline模型,baseline兼容旧逻辑,故障措施推荐类,fmea_id_to_action,故障措施查询,,,简单,查一下FMEA编号TO6对应的处理措施。,"Enhanced SHM: acoustic emission, strain gauges, modal monitoring; -; High-fidelity coupled aero-hydro-elastic simulation in design updates; Weld detail optimization and hotspot redesign",不知道。上下文中没有提到FMEA编号TO6的相关信息。,错误,0.0,538.28,语义RAG,0.0,0.0,0,,3,"Enhanced SHM: acoustic emission, strain gauges, modal monitoring; -; High-fidelity coupled aero-hydro-elastic simulation in design updates; Weld detail optimization and hotspot redesign",,,,,"Enhanced SHM: acoustic emission, strain gauges, modal monitoring; -; High-fidelity coupled aero-hydro-elastic simulation in design updates; Weld detail optimization and hotspot redesign",,FMEA编号；建议措施,5,
820,820,baseline模型,baseline兼容旧逻辑,故障措施推荐类,fmea_id_to_action,故障措施查询,,,简单,FMEA编号TO7这条FMEA记录，需要采取什么建议措施？,"Weld detail optimization and hotspot redesign; Enhanced SHM: acoustic emission, strain gauges, modal monitoring; Thicker shell sections / local reinforcement; High-fidelity coupled aero-hydro-elastic simulation in design updates",建议措施 / RecommendedAction / action / 怎么处理 / 咋处理:,错误,0.0,531.19,语义RAG,0.0,0.0,0,,3,"Weld detail optimization and hotspot redesign; Enhanced SHM: acoustic emission, strain gauges, modal monitoring; Thicker shell sections / local reinforcement; High-fidelity coupled aero-hydro-elastic simulation in design updates",,,,,"Weld detail optimization and hotspot redesign; Enhanced SHM: acoustic emission, strain gauges, modal monitoring; Thicker shell sections / local reinforcement; High-fidelity coupled aero-hydro-elastic simulation in design updates",,FMEA编号；建议措施,6,
821,821,baseline模型,baseline兼容旧逻辑,故障措施推荐类,fmea_id_to_action,故障措施查询,,,中等,FMEA编号TO23的后续改进措施写了什么？,Operational limits & control strategies for extreme motions; Blade–tower clearance and control optimization for extreme motions; High-fidelity coupled aero-hydro-elastic simulation in design updates,建议措施 / RecommendedAction / action / 怎么处理 / 咋处理: -,错误,0.0,517.45,语义RAG,0.0,0.0,0,,3,Operational limits & control strategies for extreme motions; Blade–tower clearance and control optimization for extreme motions; High-fidelity coupled aero-hydro-elastic simulation in design updates,,,,,Operational limits & control strategies for extreme motions; Blade–tower clearance and control optimization for extreme motions; High-fidelity coupled aero-hydro-elastic simulation in design updates,,FMEA编号；建议措施,22,
822,822,baseline模型,baseline兼容旧逻辑,故障措施推荐类,fmea_id_to_action,故障措施查询,,,简单,FMEA编号TP1的建议措施是什么？,"Interface redesign to reduce stress concentrations (fillets, radii); High-fidelity coupled analysis of TP–tower–floater interaction; Improve engineering skills",FMEA编号TP1的建议措施是：-,错误,0.0,497.16,语义RAG,0.0,0.0,0,,3,"Interface redesign to reduce stress concentrations (fillets, radii); High-fidelity coupled analysis of TP–tower–floater interaction; Improve engineering skills",,,,,"Interface redesign to reduce stress concentrations (fillets, radii); High-fidelity coupled analysis of TP–tower–floater interaction; Improve engineering skills",,FMEA编号；建议措施,24,
823,823,baseline模型,baseline兼容旧逻辑,故障措施推荐类,fmea_id_to_action,故障措施查询,,,简单,FMEA编号TP2这条风险，建议怎么处理？,"SHM for TP connections (strain gauges, acoustic emission, bolt preload monitoring); Design requalification for extreme storms (updated metocean; load cases); -",建议措施 / RecommendedAction / action / 怎么处理 / 咋处理:,错误,0.0,556.87,语义RAG,0.0,0.0,0,,3,"SHM for TP connections (strain gauges, acoustic emission, bolt preload monitoring); Design requalification for extreme storms (updated metocean; load cases); -",,,,,"SHM for TP connections (strain gauges, acoustic emission, bolt preload monitoring); Design requalification for extreme storms (updated metocean; load cases); -",,FMEA编号；建议措施,25,
824,824,baseline模型,baseline兼容旧逻辑,故障措施推荐类,fmea_id_to_action,故障措施查询,,,中等,查一下FMEA编号TP3对应的处理措施。,"SHM for TP connections (strain gauges, acoustic emission, bolt preload monitoring); Design requalification for extreme storms (updated metocean; load cases); High-fidelity coupled analysis of TP–tower–floater interaction; -",不知道。上下文中没有提到FMEA编号TP3的相关信息。,错误,0.0,537.5,语义RAG,0.0,0.0,0,,3,"SHM for TP connections (strain gauges, acoustic emission, bolt preload monitoring); Design requalification for extreme storms (updated metocean; load cases); High-fidelity coupled analysis of TP–tower–floater interaction; -",,,,,"SHM for TP connections (strain gauges, acoustic emission, bolt preload monitoring); Design requalification for extreme storms (updated metocean; load cases); High-fidelity coupled analysis of TP–tower–floater interaction; -",,FMEA编号；建议措施,26,
825,825,baseline模型,baseline兼容旧逻辑,故障措施推荐类,fmea_id_to_action,故障措施查询,,,简单,FMEA编号TP5这条FMEA记录，需要采取什么建议措施？,High-fidelity coupled analysis of TP–tower–floater interaction; Design requalification for extreme storms (updated metocean; load cases); Improved metocean data measurements,建议措施 / RecommendedAction / action / 怎么处理 / 咋处理:,错误,0.0,584.06,语义RAG,0.0,0.0,0,,3,High-fidelity coupled analysis of TP–tower–floater interaction; Design requalification for extreme storms (updated metocean; load cases); Improved metocean data measurements,,,,,High-fidelity coupled analysis of TP–tower–floater interaction; Design requalification for extreme storms (updated metocean; load cases); Improved metocean data measurements,,FMEA编号；建议措施,28,
826,826,baseline模型,baseline兼容旧逻辑,故障措施推荐类,fmea_id_to_action,故障措施查询,,,简单,FMEA编号TP9的后续改进措施写了什么？,Design requalification for extreme storms (updated metocean; load cases); High-fidelity coupled aero-hydro-elastic simulation in design updates,建议措施 / RecommendedAction / action / 怎么处理 / 咋处理:,错误,0.0,515.84,语义RAG,0.0,0.0,0,,3,Design requalification for extreme storms (updated metocean; load cases); High-fidelity coupled aero-hydro-elastic simulation in design updates,,,,,Design requalification for extreme storms (updated metocean; load cases); High-fidelity coupled aero-hydro-elastic simulation in design updates,,FMEA编号；建议措施,32,
827,827,baseline模型,baseline兼容旧逻辑,故障措施推荐类,fmea_id_to_action,故障措施查询,,,中等,FMEA编号TP16的建议措施是什么？,High-fidelity coupled analysis of TP–tower–floater interaction; Design requalification for extreme storms (updated metocean; load cases); High-fidelity coupled aero-hydro-elastic simulation in design updates,FMEA编号TP16的建议措施 / RecommendedAction / action / 怎么处理 / 咋处理: -,错误,0.0,638.15,语义RAG,0.0,0.0,0,,3,High-fidelity coupled analysis of TP–tower–floater interaction; Design requalification for extreme storms (updated metocean; load cases); High-fidelity coupled aero-hydro-elastic simulation in design updates,,,,,High-fidelity coupled analysis of TP–tower–floater interaction; Design requalification for extreme storms (updated metocean; load cases); High-fidelity coupled aero-hydro-elastic simulation in design updates,,FMEA编号；建议措施,39,
828,828,baseline模型,baseline兼容旧逻辑,故障措施推荐类,fmea_id_to_action,故障措施查询,,,简单,FMEA编号TP17这条风险，建议怎么处理？,"SHM for TP connections (strain gauges, acoustic emission, bolt preload monitoring); Welding quality assurance and NDT enhancement (phased-array UT)",建议措施 / RecommendedAction / action / 怎么处理 / 咋处理:,错误,0.0,556.45,语义RAG,0.0,0.0,0,,3,"SHM for TP connections (strain gauges, acoustic emission, bolt preload monitoring); Welding quality assurance and NDT enhancement (phased-array UT)",,,,,"SHM for TP connections (strain gauges, acoustic emission, bolt preload monitoring); Welding quality assurance and NDT enhancement (phased-array UT)",,FMEA编号；建议措施,40,
829,829,baseline模型,baseline兼容旧逻辑,故障措施推荐类,项目失效现象查改进动作,项目范围措施查询,,,中等,对“Tower / Tower / Primary steelwork”里的“Cracks”，如果目标是降低风险，推荐的改进动作是什么？,High-fidelity coupled aero-hydro-elastic simulation in design updates; Thicker shell sections / local reinforcement,建议措施 / RecommendedAction / action / 怎么处理 / 咋处理:,错误,0.0,611.77,语义RAG,1.0,0.0,0,,3,High-fidelity coupled aero-hydro-elastic simulation in design updates; Thicker shell sections / local reinforcement,,,,,High-fidelity coupled aero-hydro-elastic simulation in design updates; Thicker shell sections / local reinforcement,,项目/功能；潜在失效模式；建议措施,4,
830,830,baseline模型,baseline兼容旧逻辑,故障措施推荐类,项目失效现象查改进动作,项目范围措施查询,,,中等,对“Tower / Tower / Primary steelwork”里的“Plastic deformation”，如果目标是降低风险，推荐的改进动作是什么？,Operational limits & control strategies for extreme motions; Blade–tower clearance and control optimization for extreme motions; High-fidelity coupled aero-hydro-elastic simulation in design updates,建议措施 / RecommendedAction / action / 怎么处理 / 咋处理:,错误,0.0,552.31,语义RAG,0.6667,0.0,0,,3,Operational limits & control strategies for extreme motions; Blade–tower clearance and control optimization for extreme motions; High-fidelity coupled aero-hydro-elastic simulation in design updates,,,,,Operational limits & control strategies for extreme motions; Blade–tower clearance and control optimization for extreme motions; High-fidelity coupled aero-hydro-elastic simulation in design updates,,项目/功能；潜在失效模式；建议措施,22,
831,831,baseline模型,baseline兼容旧逻辑,故障措施推荐类,项目失效现象查改进动作,项目范围措施查询,,,中等,对“Transition piece / Transition Piece / Primary structure & welding”里的“Transition piece break”，如果目标是降低风险，推荐的改进动作是什么？,"Interface redesign to reduce stress concentrations (fillets, radii); High-fidelity coupled analysis of TP–tower–floater interaction; Improve engineering skills",建议措施 / RecommendedAction / action / 怎么处理 / 咋处理:,错误,0.0,611.15,语义RAG,0.6667,0.0,0,,3,"Interface redesign to reduce stress concentrations (fillets, radii); High-fidelity coupled analysis of TP–tower–floater interaction; Improve engineering skills",,,,,"Interface redesign to reduce stress concentrations (fillets, radii); High-fidelity coupled analysis of TP–tower–floater interaction; Improve engineering skills",,项目/功能；潜在失效模式；建议措施,24,
832,832,baseline模型,baseline兼容旧逻辑,故障措施推荐类,项目失效现象查改进动作,项目范围措施查询,,,中等,对“Transition piece / Transition Piece / Primary structure”里的“Transition piece break”，如果目标是降低风险，推荐的改进动作是什么？,"SHM for TP connections (strain gauges, acoustic emission, bolt preload monitoring); Design requalification for extreme storms (updated metocean; load cases); -",建议措施 / RecommendedAction / action / 怎么处理 / 咋处理:,错误,0.0,555.45,语义RAG,1.0,0.0,0,,3,"SHM for TP connections (strain gauges, acoustic emission, bolt preload monitoring); Design requalification for extreme storms (updated metocean; load cases); -",,,,,"SHM for TP connections (strain gauges, acoustic emission, bolt preload monitoring); Design requalification for extreme storms (updated metocean; load cases); -",,项目/功能；潜在失效模式；建议措施,25,
833,833,baseline模型,baseline兼容旧逻辑,故障措施推荐类,项目失效现象查改进动作,项目范围措施查询,,,中等,对“Transition piece / Transition Piece / Primary stucture”里的“Structural plastic deformation”，如果目标是降低风险，推荐的改进动作是什么？,"SHM for TP connections (strain gauges, acoustic emission, bolt preload monitoring); Design requalification for extreme storms (updated metocean; load cases); High-fidelity coupled analysis of TP–tower–floater interaction; -",建议措施 / RecommendedAction / action / 怎么处理 / 咋处理:,错误,0.0,590.41,语义RAG,0.6667,0.0,0,,3,"SHM for TP connections (strain gauges, acoustic emission, bolt preload monitoring); Design requalification for extreme storms (updated metocean; load cases); High-fidelity coupled analysis of TP–tower–floater interaction; -",,,,,"SHM for TP connections (strain gauges, acoustic emission, bolt preload monitoring); Design requalification for extreme storms (updated metocean; load cases); High-fidelity coupled analysis of TP–tower–floater interaction; -",,项目/功能；潜在失效模式；建议措施,26,
834,834,baseline模型,baseline兼容旧逻辑,故障措施推荐类,项目失效现象查改进动作,项目范围措施查询,,,中等,对“Transition piece / Transition Piece / Primary structure & welding”里的“Cracks”，如果目标是降低风险，推荐的改进动作是什么？,Design requalification for extreme storms (updated metocean; load cases); High-fidelity coupled aero-hydro-elastic simulation in design updates,建议措施 / RecommendedAction / action / 怎么处理 / 咋处理:,错误,0.0,587.11,语义RAG,1.0,0.0,0,,3,Design requalification for extreme storms (updated metocean; load cases); High-fidelity coupled aero-hydro-elastic simulation in design updates,,,,,Design requalification for extreme storms (updated metocean; load cases); High-fidelity coupled aero-hydro-elastic simulation in design updates,,项目/功能；潜在失效模式；建议措施,32,
835,835,baseline模型,baseline兼容旧逻辑,故障措施推荐类,项目失效现象查改进动作,项目范围措施查询,,,中等,对“Floating support structure / Floating Support structure / All structures”里的“Capsize”，如果目标是降低风险，推荐的改进动作是什么？,Expanded design load cases (including typhoon/hurricane scenarios); Freeboard margin increase and water-tight compartmentalization; Improve engineering skills,根据上下文，对于“Floating support structure / Floating Support structure / All structures”中的“Capsize [11]”失效模式，没有提供具体的建议措施（RecommendedAction）。因此无法给出推荐的改进动作。,错误,0.0,832.2,语义RAG,0.6667,0.0,0,,3,Expanded design load cases (including typhoon/hurricane scenarios); Freeboard margin increase and water-tight compartmentalization; Improve engineering skills,,,,,Expanded design load cases (including typhoon/hurricane scenarios); Freeboard margin increase and water-tight compartmentalization; Improve engineering skills,,项目/功能；潜在失效模式；建议措施,45,
836,836,baseline模型,baseline兼容旧逻辑,故障措施推荐类,项目失效现象查改进动作,项目范围措施查询,,,中等,对“Floating support structure / Floating Support structure / Primary structure”里的“Capsize”，如果目标是降低风险，推荐的改进动作是什么？,Expanded design load cases (including typhoon/hurricane scenarios); -; Improved engineering skills,建议措施: 未记录.,错误,0.0,497.66,语义RAG,0.3333,0.0,0,,3,Expanded design load cases (including typhoon/hurricane scenarios); -; Improved engineering skills,,,,,Expanded design load cases (including typhoon/hurricane scenarios); -; Improved engineering skills,,项目/功能；潜在失效模式；建议措施,46,
837,837,baseline模型,baseline兼容旧逻辑,故障措施推荐类,项目失效现象查改进动作,项目范围措施查询,,,中等,对“Floating support structure / Floating Support structure / All structures”里的“Structural break”，如果目标是降低风险，推荐的改进动作是什么？,Expanded design load cases (including typhoon/hurricane scenarios); -,"根据上下文，""Floating support structure / Floating Support structure / All structures"" 并没有提到 ""Structural break"" 这个失效模式。最接近的是编号 [1] 中的 ""Structural plastic deformation [11]""，但该条目中并没有建议措施。因此，依据提供的信息，无法给出具体的改进动作。 根据编号 [2] 和 [3] 的内容，可以参考以下建议： - 编号 [2] 提到的建议措施为：- - 编号 [3] 提到的建议措施为：- 由于没有直接针对 ""Structural break"" 的建议措施，如果需要降低风险，可以考虑参考其他类似失效模式的预防和控制措施。",错误,0.0,1652.69,语义RAG,0.3333,0.0,0,,3,Expanded design load cases (including typhoon/hurricane scenarios); -,,,,,Expanded design load cases (including typhoon/hurricane scenarios); -,,项目/功能；潜在失效模式；建议措施,49,
838,838,baseline模型,baseline兼容旧逻辑,故障措施推荐类,项目失效现象查改进动作,项目范围措施查询,,,中等,对“Floating support structure / Floating Support structure / Secondary structure”里的“Additional Structures Failures”，如果目标是降低风险，推荐的改进动作是什么？,Freeboard margin increase and water-tight compartmentalization; -; Expanded design load cases (including typhoon/hurricane scenarios); Improved cable mechnical design,根据上下文，对于“Floating support structure / Floating Support structure / Secondary structure & Welding”中的最高风险条目： FMEA编号=None; 失效模式=Watertight fault [1]; RPN=36; S=3.6; O=2.33; D=3.6; 原因=Manufacturing and Installation; Ventilation heads/Manholes failure due to Manufacturing defect/Welding defect; 后果=Reduced stability; 建议措施=未记录. 推荐的改进动作是：建议措施 - 未记录。,错误,0.0,1398.47,语义RAG,0.3333,0.0,0,,3,Freeboard margin increase and water-tight compartmentalization; -; Expanded design load cases (including typhoon/hurricane scenarios); Improved cable mechnical design,,,,,Freeboard margin increase and water-tight compartmentalization; -; Expanded design load cases (including typhoon/hurricane scenarios); Improved cable mechnical design,,项目/功能；潜在失效模式；建议措施,50,
839,839,baseline模型,baseline兼容旧逻辑,故障措施推荐类,项目失效现象查改进动作,项目范围措施查询,,,中等,对“Floating support structure / Floating Support structure / Primary structure & Welding”里的“Capsize”，如果目标是降低风险，推荐的改进动作是什么？,"Expanded design load cases (including typhoon/hurricane scenarios); Operational limits: weather windows, alarm thresholds for motions; Resonance avoidance via structural tuning/damping",建议措施=未记录.,错误,0.0,466.07,语义RAG,0.3333,0.0,0,,3,"Expanded design load cases (including typhoon/hurricane scenarios); Operational limits: weather windows, alarm thresholds for motions; Resonance avoidance via structural tuning/damping",,,,,"Expanded design load cases (including typhoon/hurricane scenarios); Operational limits: weather windows, alarm thresholds for motions; Resonance avoidance via structural tuning/damping",,项目/功能；潜在失效模式；建议措施,52,
840,840,baseline模型,baseline兼容旧逻辑,故障措施推荐类,项目失效现象查改进动作,项目范围措施查询,,,中等,对“Floating support structure / Floating Support structure / Primary structure & Welding”里的“Cracks”，如果目标是降低风险，推荐的改进动作是什么？,Expanded design load cases (including typhoon/hurricane scenarios); Resonance avoidance via structural tuning/damping; High-fidelity coupled aero-hydro-elastic simulation in design updates,建议措施=未记录.,错误,0.0,349.43,语义RAG,0.6667,0.0,0,,3,Expanded design load cases (including typhoon/hurricane scenarios); Resonance avoidance via structural tuning/damping; High-fidelity coupled aero-hydro-elastic simulation in design updates,,,,,Expanded design load cases (including typhoon/hurricane scenarios); Resonance avoidance via structural tuning/damping; High-fidelity coupled aero-hydro-elastic simulation in design updates,,项目/功能；潜在失效模式；建议措施,53,
841,841,baseline模型,baseline兼容旧逻辑,故障措施推荐类,项目失效现象查改进动作,项目范围措施查询,,,中等,对“Floating support structure / Floating Support structure / Secondary structure”里的“Floater unit sinkage”，如果目标是降低风险，推荐的改进动作是什么？,Ballast redundancy and automated ballast management; Freeboard margin increase and water-tight compartmentalization; Expanded design load cases (including typhoon/hurricane scenarios),建议措施 / RecommendedAction / action / 怎么处理 / 咋处理:,错误,0.0,585.53,语义RAG,1.0,0.0,0,,3,Ballast redundancy and automated ballast management; Freeboard margin increase and water-tight compartmentalization; Expanded design load cases (including typhoon/hurricane scenarios),,,,,Ballast redundancy and automated ballast management; Freeboard margin increase and water-tight compartmentalization; Expanded design load cases (including typhoon/hurricane scenarios),,项目/功能；潜在失效模式；建议措施,58,
842,842,baseline模型,baseline兼容旧逻辑,故障措施推荐类,项目失效现象查改进动作,项目范围措施查询,,,中等,对“Floating support structure / Floating Support structure / Primary structure & Welding”里的“Structural break”，如果目标是降低风险，推荐的改进动作是什么？,"Operational limits: weather windows, alarm thresholds for motions; Other- Specify; Expanded design load cases (including typhoon/hurricane scenarios); Better understanding of temperature ranges",建议措施 / RecommendedAction / action / 怎么处理 / 咋处理: -,错误,0.0,639.99,语义RAG,0.3333,0.0,0,,3,"Operational limits: weather windows, alarm thresholds for motions; Other- Specify; Expanded design load cases (including typhoon/hurricane scenarios); Better understanding of temperature ranges",,,,,"Operational limits: weather windows, alarm thresholds for motions; Other- Specify; Expanded design load cases (including typhoon/hurricane scenarios); Better understanding of temperature ranges",,项目/功能；潜在失效模式；建议措施,68,
843,843,baseline模型,baseline兼容旧逻辑,故障措施推荐类,项目失效现象查改进动作,项目范围措施查询,,,中等,对“Floating support structure / Floating Support structure / All structures”里的“Floater unit sinkage”，如果目标是降低风险，推荐的改进动作是什么？,"Operational limits: weather windows, alarm thresholds for motions; -; Expanded design load cases (including typhoon/hurricane scenarios); Freeboard margin increase and water-tight compartmentalization",建议措施 / RecommendedAction / action / 怎么处理 / 咋处理:,错误,0.0,593.82,语义RAG,1.0,0.0,0,,3,"Operational limits: weather windows, alarm thresholds for motions; -; Expanded design load cases (including typhoon/hurricane scenarios); Freeboard margin increase and water-tight compartmentalization",,,,,"Operational limits: weather windows, alarm thresholds for motions; -; Expanded design load cases (including typhoon/hurricane scenarios); Freeboard margin increase and water-tight compartmentalization",,项目/功能；潜在失效模式；建议措施,69,
844,844,baseline模型,baseline兼容旧逻辑,故障措施推荐类,项目失效现象查改进动作,项目范围措施查询,,,中等,对“Floating support structure / Floating Support structure / All structures”里的“Hit by dropped objects”，如果目标是降低风险，推荐的改进动作是什么？,Expanded design load cases (including typhoon/hurricane scenarios); High-fidelity coupled aero-hydro-elastic simulation in design updates; -,建议措施 / RecommendedAction / action / 怎么处理 / 咋处理:,错误,0.0,609.65,语义RAG,1.0,0.0,0,,3,Expanded design load cases (including typhoon/hurricane scenarios); High-fidelity coupled aero-hydro-elastic simulation in design updates; -,,,,,Expanded design load cases (including typhoon/hurricane scenarios); High-fidelity coupled aero-hydro-elastic simulation in design updates; -,,项目/功能；潜在失效模式；建议措施,70,
845,845,baseline模型,baseline兼容旧逻辑,故障措施推荐类,项目失效现象查改进动作,项目范围措施查询,,,中等,对“Floating support structure / Floating Support structure / All structures & Welding”里的“Structural break”，如果目标是降低风险，推荐的改进动作是什么？,"Operational limits: weather windows, alarm thresholds for motions; Other- Specify; -; Welding quality assurance and NDT enhancement (phased-array UT)",建议措施 / RecommendedAction / action / 怎么处理 / 咋处理: -,错误,0.0,611.92,语义RAG,0.3333,0.0,0,,3,"Operational limits: weather windows, alarm thresholds for motions; Other- Specify; -; Welding quality assurance and NDT enhancement (phased-array UT)",,,,,"Operational limits: weather windows, alarm thresholds for motions; Other- Specify; -; Welding quality assurance and NDT enhancement (phased-array UT)",,项目/功能；潜在失效模式；建议措施,72,
846,846,baseline模型,baseline兼容旧逻辑,故障措施推荐类,项目失效现象查改进动作,项目范围措施查询,,,中等,对“Station keeping / Anchor”里的“Anchor failure”，如果目标是降低风险，推荐的改进动作是什么？,"Continuous tension and vibration monitoring; thresholds for intervention; Procedural controls: load management, operational envelopes; Better design by expanded load case matrix including more failure modes; -",建议措施=未记录.,错误,0.0,510.81,语义RAG,0.6667,0.0,0,,3,"Continuous tension and vibration monitoring; thresholds for intervention; Procedural controls: load management, operational envelopes; Better design by expanded load case matrix including more failure modes; -",,,,,"Continuous tension and vibration monitoring; thresholds for intervention; Procedural controls: load management, operational envelopes; Better design by expanded load case matrix including more failure modes; -",,项目/功能；潜在失效模式；建议措施,75,
847,847,baseline模型,baseline兼容旧逻辑,故障措施推荐类,项目失效现象查改进动作,项目范围措施查询,,,中等,对“Station keeping / Fairlead”里的“Fairlead failure”，如果目标是降低风险，推荐的改进动作是什么？,Continuous tension and vibration monitoring; thresholds for intervention; Fairlead geometry improvements and low-wear lining; Optimized chain/wire/rope selection and fatigue margins (design); -,建议措施 = 未记录.,错误,0.0,353.72,语义RAG,0.3333,0.0,0,,3,Continuous tension and vibration monitoring; thresholds for intervention; Fairlead geometry improvements and low-wear lining; Optimized chain/wire/rope selection and fatigue margins (design); -,,,,,Continuous tension and vibration monitoring; thresholds for intervention; Fairlead geometry improvements and low-wear lining; Optimized chain/wire/rope selection and fatigue margins (design); -,,项目/功能；潜在失效模式；建议措施,79,
848,848,baseline模型,baseline兼容旧逻辑,故障措施推荐类,项目失效现象查改进动作,项目范围措施查询,,,中等,对“Station keeping / Mooring Lines / Mooring lines”里的“Mooring line breakage”，如果目标是降低风险，推荐的改进动作是什么？,ROV visual inspections; targeted maintenance on wear zones; Diversity in materials/vendors to reduce common-cause risks; -,建议措施 / RecommendedAction / action / 怎么处理 / 咋处理:,错误,0.0,605.83,语义RAG,0.6667,0.0,0,,3,ROV visual inspections; targeted maintenance on wear zones; Diversity in materials/vendors to reduce common-cause risks; -,,,,,ROV visual inspections; targeted maintenance on wear zones; Diversity in materials/vendors to reduce common-cause risks; -,,项目/功能；潜在失效模式；建议措施,82,
849,849,baseline模型,baseline兼容旧逻辑,故障措施推荐类,项目失效现象查改进动作,项目范围措施查询,,,中等,对“Station keeping / Mooring Lines / Mooring lines”里的“Mooring Line Corrosion”，如果目标是降低风险，推荐的改进动作是什么？,Continuous tension and vibration monitoring; thresholds for intervention; Optimized chain/wire/rope selection and fatigue margins (design); -,根据上下文，对于“Station keeping / Mooring Lines / Mooring lines”中的“Mooring Line Corrosion”，没有直接提到具体的改进措施。对应的建议措施字段为： ``` 建议措施=未记录. ```,错误,0.0,961.28,语义RAG,0.3333,0.0,0,,3,Continuous tension and vibration monitoring; thresholds for intervention; Optimized chain/wire/rope selection and fatigue margins (design); -,,,,,Continuous tension and vibration monitoring; thresholds for intervention; Optimized chain/wire/rope selection and fatigue margins (design); -,,项目/功能；潜在失效模式；建议措施,85,
850,850,baseline模型,baseline兼容旧逻辑,故障措施推荐类,项目失效现象查改进动作,项目范围措施查询,,,中等,对“Station keeping / Mooring Lines / Mooring lines”里的“Mooring Line Fatigue”，如果目标是降低风险，推荐的改进动作是什么？,Continuous tension and vibration monitoring; thresholds for intervention; Optimized chain/wire/rope selection and fatigue margins (design); -,建议措施=未记录.,错误,0.0,348.13,语义RAG,0.3333,0.0,0,,3,Continuous tension and vibration monitoring; thresholds for intervention; Optimized chain/wire/rope selection and fatigue margins (design); -,,,,,Continuous tension and vibration monitoring; thresholds for intervention; Optimized chain/wire/rope selection and fatigue margins (design); -,,项目/功能；潜在失效模式；建议措施,87,
851,851,baseline模型,baseline兼容旧逻辑,故障措施推荐类,项目失效现象查改进动作,项目范围措施查询,,,中等,对“Station keeping / Mooring lines / Mooring lines”里的“Mooring lines broken”，如果目标是降低风险，推荐的改进动作是什么？,"ROV visual inspections; targeted maintenance on wear zones; Optimized chain/wire/rope selection and fatigue margins (design); Only chain and wire above MSL, keep fiber ropes wet; -",建议措施 / RecommendedAction / action / 怎么处理 / 咋处理:,错误,0.0,621.01,语义RAG,0.0,0.0,0,,3,"ROV visual inspections; targeted maintenance on wear zones; Optimized chain/wire/rope selection and fatigue margins (design); Only chain and wire above MSL, keep fiber ropes wet; -",,,,,"ROV visual inspections; targeted maintenance on wear zones; Optimized chain/wire/rope selection and fatigue margins (design); Only chain and wire above MSL, keep fiber ropes wet; -",,项目/功能；潜在失效模式；建议措施,91,
852,852,baseline模型,baseline兼容旧逻辑,故障措施推荐类,项目失效现象查改进动作,项目范围措施查询,,,中等,对“Station keeping / Mooring lines / Mooring winch”里的“Mooring winch failure”，如果目标是降低风险，推荐的改进动作是什么？,"Continuous tension and vibration monitoring; thresholds for intervention; Procedural controls: load management, operational envelopes; -",建议措施 / RecommendedAction / action / 怎么处理 / 咋处理: 未记录.,错误,0.0,634.27,语义RAG,1.0,0.0,0,,3,"Continuous tension and vibration monitoring; thresholds for intervention; Procedural controls: load management, operational envelopes; -",,,,,"Continuous tension and vibration monitoring; thresholds for intervention; Procedural controls: load management, operational envelopes; -",,项目/功能；潜在失效模式；建议措施,96,
853,853,baseline模型,baseline兼容旧逻辑,故障措施推荐类,项目失效现象查改进动作,项目范围措施查询,,,中等,对“Dynamic cable / Dynamic Cable / Dynamic Cable”里的“accelerated mechanical fatigue”，如果目标是降低风险，推荐的改进动作是什么？,"Monitoring: DTS/RTTR, electrical integrity tests, leak detection; Lazy-wave configuration optimization; buoyancy spacing; hang-off upgrades; -",建议措施 / RecommendedAction / action / 怎么处理 / 咋处理:,错误,0.0,602.98,语义RAG,1.0,0.0,0,,3,"Monitoring: DTS/RTTR, electrical integrity tests, leak detection; Lazy-wave configuration optimization; buoyancy spacing; hang-off upgrades; -",,,,,"Monitoring: DTS/RTTR, electrical integrity tests, leak detection; Lazy-wave configuration optimization; buoyancy spacing; hang-off upgrades; -",,项目/功能；潜在失效模式；建议措施,97,
854,854,baseline模型,baseline兼容旧逻辑,故障措施推荐类,项目失效现象查改进动作,项目范围措施查询,,,中等,对“Dynamic cable / Dynamic Cable / J-tube”里的“Corrosion of J-tube”，如果目标是降低风险，推荐的改进动作是什么？,-; Cathodic protection; coating improvements,建议措施 / RecommendedAction / action / 怎么处理 / 咋处理: 未记录.,错误,0.0,642.15,语义RAG,1.0,0.0,0,,3,-; Cathodic protection; coating improvements,,,,,-; Cathodic protection; coating improvements,,项目/功能；潜在失效模式；建议措施,101,
855,855,baseline模型,baseline兼容旧逻辑,故障措施推荐类,项目失效现象查改进动作,项目范围措施查询,,,中等,对“Dynamic cable / Dynamic Cable / Hang-off”里的“damage and corrosion of mechanical parts”，如果目标是降低风险，推荐的改进动作是什么？,-; Design review; improved material selection,建议措施 / RecommendedAction / action / 怎么处理 / 咋处理:,错误,0.0,592.78,语义RAG,0.6667,0.0,0,,3,-; Design review; improved material selection,,,,,-; Design review; improved material selection,,项目/功能；潜在失效模式；建议措施,103,
856,856,baseline模型,baseline兼容旧逻辑,故障措施推荐类,项目失效现象查改进动作,项目范围措施查询,,,中等,对“Dynamic cable / Dynamic Cable / Dynamic Cable”里的“Debris disturbance”，如果目标是降低风险，推荐的改进动作是什么？,-; Environmental protections; debris management,你提到的“Debris disturbance”在提供的上下文中并未出现。最接近的是“Cable Damage”、“Crushing or deformation”和“accelerated mechanical fatigue”。根据你的问题描述，我将假设你询问的是与“Dynamic cable / Dynamic Cable / Dynamic Cable”相关的推荐改进动作。 对于“Cable Damage”的推荐措施为：建议措施 / RecommendedAction / action / 怎么处理 / 咋处理: 对于“Crushing or deformation”的推荐措施为：建议措施 / RecommendedAction / action / 怎么处理 / 咋处理: 对于“accelerated mechanical fatigue”的推荐措施为：建议措施 / RecommendedAction / action / 怎么处理 / 咆处理: 由于没有具体的推荐改进动作，根据上下文提供的信息，无法给出针对性的答案。,错误,0.0,1875.8,语义RAG,1.0,0.0,0,,3,-; Environmental protections; debris management,,,,,-; Environmental protections; debris management,,项目/功能；潜在失效模式；建议措施,104,
857,857,baseline模型,baseline兼容旧逻辑,故障措施推荐类,项目失效现象查改进动作,项目范围措施查询,,,中等,对“Dynamic cable / Dynamic Cable / Dynamic Cable”里的“Detachment”，如果目标是降低风险，推荐的改进动作是什么？,-; Design review; improved material selection,根据上下文，对于“Dynamic cable / Dynamic Cable / Hang-off”中的“Detachment”，没有提供具体的建议措施（RecommendedAction）。因此，无法直接给出推荐的改进动作。,错误,0.0,758.76,语义RAG,0.0,0.0,0,,3,-; Design review; improved material selection,,,,,-; Design review; improved material selection,,项目/功能；潜在失效模式；建议措施,105,
858,858,baseline模型,baseline兼容旧逻辑,故障措施推荐类,项目失效现象查改进动作,项目范围措施查询,,,中等,对“Dynamic cable / Dynamic Cable / Joints and terminations”里的“Failure of end termination”，如果目标是降低风险，推荐的改进动作是什么？,-; Design improvements; enhanced termination QA,建议措施=未记录.,错误,0.0,499.76,语义RAG,0.3333,0.0,0,,3,-; Design improvements; enhanced termination QA,,,,,-; Design improvements; enhanced termination QA,,项目/功能；潜在失效模式；建议措施,107,
859,859,baseline模型,baseline兼容旧逻辑,故障措施推荐类,项目失效现象查改进动作,项目范围措施查询,,,中等,对“Dynamic cable / Dynamic Cable / Dynamic Cable”里的“Failure of watertightness”，如果目标是降低风险，推荐的改进动作是什么？,"Installation QA/QC: pull-in tension verification, handling procedures; Watertightness assurance: enhanced sealing tests; end termination QA; -",建议措施 / RecommendedAction / action / 怎么处理 / 咋处理:,错误,0.0,598.21,语义RAG,1.0,0.0,0,,3,"Installation QA/QC: pull-in tension verification, handling procedures; Watertightness assurance: enhanced sealing tests; end termination QA; -",,,,,"Installation QA/QC: pull-in tension verification, handling procedures; Watertightness assurance: enhanced sealing tests; end termination QA; -",,项目/功能；潜在失效模式；建议措施,112,
860,860,baseline模型,baseline兼容旧逻辑,故障措施推荐类,项目失效现象查改进动作,项目范围措施查询,,,中等,对“Dynamic cable / Dynamic Cable / Conductor”里的“failures of conductors”，如果目标是降低风险，推荐的改进动作是什么？,"-; Monitoring (DTS/RTTR, electrical integrity tests)",建议措施=未记录.,错误,0.0,456.02,语义RAG,0.3333,0.0,0,,3,"-; Monitoring (DTS/RTTR, electrical integrity tests)",,,,,"-; Monitoring (DTS/RTTR, electrical integrity tests)",,项目/功能；潜在失效模式；建议措施,114,
861,861,baseline模型,baseline兼容旧逻辑,故障措施推荐类,项目失效现象查改进动作,项目范围措施查询,,,中等,对“Dynamic cable / Dynamic Cable / Dynamic Cable”里的“Fatigue Cracks”，如果目标是降低风险，推荐的改进动作是什么？,"Monitoring: DTS/RTTR, electrical integrity tests, leak detection; -",根据上下文，对于“Dynamic cable / Dynamic Cable / Hang-off”中的“damage and corrosion of mechanical parts”，没有提供具体的建议措施（RecommendedAction）。因此，无法直接回答针对“Fatigue Cracks”的具体改进动作。根据现有信息，“建议措施”字段为空。 若要降低风险，可以参考其他类似情况的建议措施，或者考虑以下通用建议： - 优化设计和材料选择 - 增加定期检查频率 - 提高检测技术以早期发现裂纹 但这些仅为一般性建议，并非具体针对当前问题的推荐动作。,错误,0.0,1405.44,语义RAG,0.0,0.0,0,,3,"Monitoring: DTS/RTTR, electrical integrity tests, leak detection; -",,,,,"Monitoring: DTS/RTTR, electrical integrity tests, leak detection; -",,项目/功能；潜在失效模式；建议措施,115,
862,862,baseline模型,baseline兼容旧逻辑,故障措施推荐类,项目失效现象查改进动作,项目范围措施查询,,,中等,对“Dynamic cable / Dynamic Cable / Dynamic Cable”里的“material degradation”，如果目标是降低风险，推荐的改进动作是什么？,"Monitoring: DTS/RTTR, electrical integrity tests, leak detection; -",建议措施 / RecommendedAction / action / 怎么处理 / 咋处理:,错误,0.0,605.84,语义RAG,0.3333,0.0,0,,3,"Monitoring: DTS/RTTR, electrical integrity tests, leak detection; -",,,,,"Monitoring: DTS/RTTR, electrical integrity tests, leak detection; -",,项目/功能；潜在失效模式；建议措施,119,
863,863,baseline模型,baseline兼容旧逻辑,故障措施推荐类,项目失效现象查改进动作,项目范围措施查询,,,中等,对“Dynamic cable / Dynamic Cable / Cable Protection System”里的“Movement of CPS due to scour/seabed mobility”，如果目标是降低风险，推荐的改进动作是什么？,Burial/trenching optimization; scour mitigation; as-built metrology; -,建议措施 / RecommendedAction / action / 怎么处理 / 咋处理:,错误,0.0,607.07,语义RAG,1.0,0.0,0,,3,Burial/trenching optimization; scour mitigation; as-built metrology; -,,,,,Burial/trenching optimization; scour mitigation; as-built metrology; -,,项目/功能；潜在失效模式；建议措施,122,
864,864,baseline模型,baseline兼容旧逻辑,故障措施推荐类,项目失效现象查改进动作,项目范围措施查询,,,中等,对“Dynamic cable / Dynamic Cable / Static cable/Export Cable”里的“Reduced sediment cover lower than designed value for protection”，如果目标是降低风险，推荐的改进动作是什么？,"Burial/trenching optimization; scour mitigation; as-built metrology; Monitoring: DTS/RTTR, electrical integrity tests, leak detection; -",建议措施 / RecommendedAction / action / 怎么处理 / 咋处理: 未记录.,错误,0.0,635.34,语义RAG,1.0,0.0,0,,3,"Burial/trenching optimization; scour mitigation; as-built metrology; Monitoring: DTS/RTTR, electrical integrity tests, leak detection; -",,,,,"Burial/trenching optimization; scour mitigation; as-built metrology; Monitoring: DTS/RTTR, electrical integrity tests, leak detection; -",,项目/功能；潜在失效模式；建议措施,125,
865,865,baseline模型,baseline兼容旧逻辑,故障措施推荐类,项目失效现象查改进动作,项目范围措施查询,,,中等,对“Dynamic cable / Dynamic Cable / Dynamic Cable”里的“Small bending radius”，如果目标是降低风险，推荐的改进动作是什么？,Lazy-wave configuration optimization; buoyancy spacing; hang-off upgrades; -,建议措施 / RecommendedAction / action / 怎么处理 / 咋处理:,错误,0.0,557.87,语义RAG,1.0,0.0,0,,3,Lazy-wave configuration optimization; buoyancy spacing; hang-off upgrades; -,,,,,Lazy-wave configuration optimization; buoyancy spacing; hang-off upgrades; -,,项目/功能；潜在失效模式；建议措施,128,
866,866,baseline模型,baseline兼容旧逻辑,故障措施推荐类,失效现象风险分查措施,故障措施查询,,,简单,失效模式“Cracks”的风险分为26，其措施推荐是什么？,High-fidelity coupled aero-hydro-elastic simulation in design updates; Thicker shell sections / local reinforcement,建议措施 / RecommendedAction / action / 怎么处理 / 咋处理:,错误,0.0,551.57,语义RAG,0.6667,0.0,0,,3,High-fidelity coupled aero-hydro-elastic simulation in design updates; Thicker shell sections / local reinforcement,,,,,High-fidelity coupled aero-hydro-elastic simulation in design updates; Thicker shell sections / local reinforcement,,潜在失效模式；风险优先数(RPN)；建议措施,4,
867,867,baseline模型,baseline兼容旧逻辑,故障措施推荐类,失效现象风险分查措施,故障措施查询,,,简单,失效模式“Cracks”的风险分为25.25，其措施推荐是什么？,"Enhanced SHM: acoustic emission, strain gauges, modal monitoring; -; High-fidelity coupled aero-hydro-elastic simulation in design updates; Weld detail optimization and hotspot redesign",根据上下文，没有找到失效模式为“Cracks”且风险分为25.25的相关信息。因此无法回答该问题。,错误,0.0,637.39,语义RAG,0.0,0.0,0,,3,"Enhanced SHM: acoustic emission, strain gauges, modal monitoring; -; High-fidelity coupled aero-hydro-elastic simulation in design updates; Weld detail optimization and hotspot redesign",,,,,"Enhanced SHM: acoustic emission, strain gauges, modal monitoring; -; High-fidelity coupled aero-hydro-elastic simulation in design updates; Weld detail optimization and hotspot redesign",,潜在失效模式；风险优先数(RPN)；建议措施,5,
868,868,baseline模型,baseline兼容旧逻辑,故障措施推荐类,失效现象风险分查措施,故障措施查询,,,简单,失效模式“Cracks”的风险分为30，其措施推荐是什么？,"Weld detail optimization and hotspot redesign; Enhanced SHM: acoustic emission, strain gauges, modal monitoring; Thicker shell sections / local reinforcement; High-fidelity coupled aero-hydro-elastic simulation in design updates",建议措施=未记录.,错误,0.0,469.44,语义RAG,0.3333,0.0,0,,3,"Weld detail optimization and hotspot redesign; Enhanced SHM: acoustic emission, strain gauges, modal monitoring; Thicker shell sections / local reinforcement; High-fidelity coupled aero-hydro-elastic simulation in design updates",,,,,"Weld detail optimization and hotspot redesign; Enhanced SHM: acoustic emission, strain gauges, modal monitoring; Thicker shell sections / local reinforcement; High-fidelity coupled aero-hydro-elastic simulation in design updates",,潜在失效模式；风险优先数(RPN)；建议措施,6,
869,869,baseline模型,baseline兼容旧逻辑,故障措施推荐类,失效现象风险分查措施,故障措施查询,,,简单,失效模式“Plastic deformation”的风险分为18，其措施推荐是什么？,Operational limits & control strategies for extreme motions; Blade–tower clearance and control optimization for extreme motions; High-fidelity coupled aero-hydro-elastic simulation in design updates,建议措施 / RecommendedAction / action / 怎么处理 / 咋处理: -,错误,0.0,587.71,语义RAG,0.6667,0.0,0,,3,Operational limits & control strategies for extreme motions; Blade–tower clearance and control optimization for extreme motions; High-fidelity coupled aero-hydro-elastic simulation in design updates,,,,,Operational limits & control strategies for extreme motions; Blade–tower clearance and control optimization for extreme motions; High-fidelity coupled aero-hydro-elastic simulation in design updates,,潜在失效模式；风险优先数(RPN)；建议措施,22,
870,870,baseline模型,baseline兼容旧逻辑,故障措施推荐类,失效现象风险分查措施,故障措施查询,,,简单,失效模式“Transition piece break”的风险分为36.5，其措施推荐是什么？,"Interface redesign to reduce stress concentrations (fillets, radii); High-fidelity coupled analysis of TP–tower–floater interaction; Improve engineering skills",建议措施 / RecommendedAction / action / 怎么处理 / 咋处理:,错误,0.0,594.76,语义RAG,1.0,0.0,0,,3,"Interface redesign to reduce stress concentrations (fillets, radii); High-fidelity coupled analysis of TP–tower–floater interaction; Improve engineering skills",,,,,"Interface redesign to reduce stress concentrations (fillets, radii); High-fidelity coupled analysis of TP–tower–floater interaction; Improve engineering skills",,潜在失效模式；风险优先数(RPN)；建议措施,24,
871,871,baseline模型,baseline兼容旧逻辑,故障措施推荐类,失效现象风险分查措施,故障措施查询,,,简单,失效模式“Transition piece break”的风险分为33，其措施推荐是什么？,"SHM for TP connections (strain gauges, acoustic emission, bolt preload monitoring); Design requalification for extreme storms (updated metocean; load cases); -",建议措施 / RecommendedAction / action / 怎么处理 / 咋处理:,错误,0.0,453.45,语义RAG,0.6667,0.0,0,,3,"SHM for TP connections (strain gauges, acoustic emission, bolt preload monitoring); Design requalification for extreme storms (updated metocean; load cases); -",,,,,"SHM for TP connections (strain gauges, acoustic emission, bolt preload monitoring); Design requalification for extreme storms (updated metocean; load cases); -",,潜在失效模式；风险优先数(RPN)；建议措施,25,
872,872,baseline模型,baseline兼容旧逻辑,故障措施推荐类,失效现象风险分查措施,故障措施查询,,,简单,失效模式“Structural plastic deformation”的风险分为32，其措施推荐是什么？,"SHM for TP connections (strain gauges, acoustic emission, bolt preload monitoring); Design requalification for extreme storms (updated metocean; load cases); High-fidelity coupled analysis of TP–tower–floater interaction; -",建议措施 / RecommendedAction / action / 怎么处理 / 咋处理:,错误,0.0,599.74,语义RAG,1.0,0.0,0,,3,"SHM for TP connections (strain gauges, acoustic emission, bolt preload monitoring); Design requalification for extreme storms (updated metocean; load cases); High-fidelity coupled analysis of TP–tower–floater interaction; -",,,,,"SHM for TP connections (strain gauges, acoustic emission, bolt preload monitoring); Design requalification for extreme storms (updated metocean; load cases); High-fidelity coupled analysis of TP–tower–floater interaction; -",,潜在失效模式；风险优先数(RPN)；建议措施,26,
873,873,baseline模型,baseline兼容旧逻辑,故障措施推荐类,失效现象风险分查措施,故障措施查询,,,简单,失效模式“Transition piece break”的风险分为31，其措施推荐是什么？,High-fidelity coupled analysis of TP–tower–floater interaction; Design requalification for extreme storms (updated metocean; load cases); Improved metocean data measurements,这个问题中的风险分是31，并不在给定的FMEA编号中出现。根据上下文，与“Transition piece break”相关的最高风险分是37.5（编号[2]），其次是36.5（编号[3]）和33（编号[1]）。编号[1]中的建议措施为空。 因此，对于风险分为31的“Transition piece break”，上下文中没有提供具体的建议措施。,错误,0.0,1193.59,语义RAG,1.0,0.0,1,,3,High-fidelity coupled analysis of TP–tower–floater interaction; Design requalification for extreme storms (updated metocean; load cases); Improved metocean data measurements,,,,2.0,High-fidelity coupled analysis of TP–tower–floater interaction; Design requalification for extreme storms (updated metocean; load cases); Improved metocean data measurements,,潜在失效模式；风险优先数(RPN)；建议措施,28,
874,874,baseline模型,baseline兼容旧逻辑,故障措施推荐类,失效现象风险分查措施,故障措施查询,,,简单,失效模式“Cracks”的风险分为38，其措施推荐是什么？,Design requalification for extreme storms (updated metocean; load cases); High-fidelity coupled aero-hydro-elastic simulation in design updates,你提到的失效模式“Cracks”的风险分是38，但在提供的上下文中，并没有找到失效模式为“Cracks”且风险分为38的相关信息。根据给出的信息，失效模式为“Transition piece break”，其风险分为33，但未记录建议措施。 因此，对于失效模式“Cracks”的措施推荐，我无法从给定的上下文中获取到相关信息。,错误,0.0,1111.28,语义RAG,0.0,0.0,0,,3,Design requalification for extreme storms (updated metocean; load cases); High-fidelity coupled aero-hydro-elastic simulation in design updates,,,,,Design requalification for extreme storms (updated metocean; load cases); High-fidelity coupled aero-hydro-elastic simulation in design updates,,潜在失效模式；风险优先数(RPN)；建议措施,32,
875,875,baseline模型,baseline兼容旧逻辑,故障措施推荐类,失效现象风险分查措施,故障措施查询,,,简单,失效模式“Transition piece break”的风险分为25.67，其措施推荐是什么？,High-fidelity coupled analysis of TP–tower–floater interaction; Design requalification for extreme storms (updated metocean; load cases); High-fidelity coupled aero-hydro-elastic simulation in design updates,这个问题中的风险分与上下文提供的信息不符。根据上下文，失效模式“Transition piece break”的风险分分别是33、37.5和36.5，并没有提到25.67这个数值。因此，按照给定的上下文内容，无法回答该问题。 根据上下文中的信息，“Transition piece break”对应的建议措施（RecommendedAction）如下： [1] 建议措施 / RecommendedAction / action / 怎么处理 / 咋处理: [2] 建议措施 / RecommendedAction / action / 怎么处理 / 咋处理: [3] 建议措施 / RecommendedAction / action / 怎么处理 / 咋处理:,错误,0.0,1744.96,语义RAG,1.0,0.0,1,,3,High-fidelity coupled analysis of TP–tower–floater interaction; Design requalification for extreme storms (updated metocean; load cases); High-fidelity coupled aero-hydro-elastic simulation in design updates,,,,2.0,High-fidelity coupled analysis of TP–tower–floater interaction; Design requalification for extreme storms (updated metocean; load cases); High-fidelity coupled aero-hydro-elastic simulation in design updates,,潜在失效模式；风险优先数(RPN)；建议措施,39,
876,876,baseline模型,baseline兼容旧逻辑,故障措施推荐类,失效现象风险分查措施,故障措施查询,,,简单,失效模式“Transition piece break”的风险分为37.5，其措施推荐是什么？,"SHM for TP connections (strain gauges, acoustic emission, bolt preload monitoring); Welding quality assurance and NDT enhancement (phased-array UT)",建议措施 / RecommendedAction / action / 怎么处理 / 咋处理:,错误,0.0,471.8,语义RAG,0.6667,0.0,0,,3,"SHM for TP connections (strain gauges, acoustic emission, bolt preload monitoring); Welding quality assurance and NDT enhancement (phased-array UT)",,,,,"SHM for TP connections (strain gauges, acoustic emission, bolt preload monitoring); Welding quality assurance and NDT enhancement (phased-array UT)",,潜在失效模式；风险优先数(RPN)；建议措施,40,
877,877,baseline模型,baseline兼容旧逻辑,故障措施推荐类,失效现象风险分查措施,故障措施查询,,,简单,失效模式“Capsize”的风险分为27.2，其措施推荐是什么？,Expanded design load cases (including typhoon/hurricane scenarios); Freeboard margin increase and water-tight compartmentalization; Improve engineering skills,不知道。上下文中的失效模式没有提到“Capsize”，最高风险条目中也没有该失效模式。,错误,0.0,611.06,语义RAG,0.0,0.0,0,,3,Expanded design load cases (including typhoon/hurricane scenarios); Freeboard margin increase and water-tight compartmentalization; Improve engineering skills,,,,,Expanded design load cases (including typhoon/hurricane scenarios); Freeboard margin increase and water-tight compartmentalization; Improve engineering skills,,潜在失效模式；风险优先数(RPN)；建议措施,45,
878,878,baseline模型,baseline兼容旧逻辑,故障措施推荐类,失效现象风险分查措施,故障措施查询,,,简单,失效模式“Capsize”的风险分为42.71，其措施推荐是什么？,Expanded design load cases (including typhoon/hurricane scenarios); -; Improved engineering skills,建议措施=未记录.,错误,0.0,439.54,语义RAG,0.3333,0.0,0,,3,Expanded design load cases (including typhoon/hurricane scenarios); -; Improved engineering skills,,,,,Expanded design load cases (including typhoon/hurricane scenarios); -; Improved engineering skills,,潜在失效模式；风险优先数(RPN)；建议措施,46,
879,879,baseline模型,baseline兼容旧逻辑,故障措施推荐类,失效现象风险分查措施,故障措施查询,,,简单,失效模式“Structural break”的风险分为25，其措施推荐是什么？,Expanded design load cases (including typhoon/hurricane scenarios); -,这个问题中没有提到“Structural break”这一失效模式，根据提供的上下文信息，最接近的失效模式是“Transition piece break”，但其风险分并不是25。因此，我无法给出该问题的具体答案。 根据提供的信息，“Transition piece break”的风险分为33，并且建议措施为空，即没有具体的预防或处理措施被记录下来。,错误,0.0,1076.59,语义RAG,0.0,0.0,0,,3,Expanded design load cases (including typhoon/hurricane scenarios); -,,,,,Expanded design load cases (including typhoon/hurricane scenarios); -,,潜在失效模式；风险优先数(RPN)；建议措施,49,
880,880,baseline模型,baseline兼容旧逻辑,故障措施推荐类,失效现象风险分查措施,故障措施查询,,,简单,失效模式“Additional Structures Failures”的风险分为25.83，其措施推荐是什么？,Freeboard margin increase and water-tight compartmentalization; -; Expanded design load cases (including typhoon/hurricane scenarios); Improved cable mechnical design,根据上下文，没有找到失效模式为“Additional Structures Failures”的相关信息，因此无法提供对应的措施推荐。,错误,0.0,619.75,语义RAG,0.0,0.0,0,,3,Freeboard margin increase and water-tight compartmentalization; -; Expanded design load cases (including typhoon/hurricane scenarios); Improved cable mechnical design,,,,,Freeboard margin increase and water-tight compartmentalization; -; Expanded design load cases (including typhoon/hurricane scenarios); Improved cable mechnical design,,潜在失效模式；风险优先数(RPN)；建议措施,50,
881,881,baseline模型,baseline兼容旧逻辑,故障措施推荐类,失效现象风险分查措施,故障措施查询,,,简单,失效模式“Capsize”的风险分为34.5，其措施推荐是什么？,"Expanded design load cases (including typhoon/hurricane scenarios); Operational limits: weather windows, alarm thresholds for motions; Resonance avoidance via structural tuning/damping",根据上下文，失效模式“Capsize [11]”的风险分是42.71，并没有提到具体的风险分是34.5。该项目内最高风险条目中包含的建议措施为“未记录”。,错误,0.0,761.4,语义RAG,0.3333,0.0,0,,3,"Expanded design load cases (including typhoon/hurricane scenarios); Operational limits: weather windows, alarm thresholds for motions; Resonance avoidance via structural tuning/damping",,,,,"Expanded design load cases (including typhoon/hurricane scenarios); Operational limits: weather windows, alarm thresholds for motions; Resonance avoidance via structural tuning/damping",,潜在失效模式；风险优先数(RPN)；建议措施,52,
882,882,baseline模型,baseline兼容旧逻辑,故障措施推荐类,失效现象风险分查措施,故障措施查询,,,简单,失效模式“Cracks”的风险分为22.67，其措施推荐是什么？,Expanded design load cases (including typhoon/hurricane scenarios); Resonance avoidance via structural tuning/damping; High-fidelity coupled aero-hydro-elastic simulation in design updates,根据上下文，失效模式“Cracks [11]”的风险分是30.57，并没有提到具体的风险分为22.67的情况。该项目内最高风险条目中，“Cracks [11]”的建议措施为“未记录”。因此，无法提供具体的措施推荐。,错误,0.0,917.48,语义RAG,0.3333,0.0,0,,3,Expanded design load cases (including typhoon/hurricane scenarios); Resonance avoidance via structural tuning/damping; High-fidelity coupled aero-hydro-elastic simulation in design updates,,,,,Expanded design load cases (including typhoon/hurricane scenarios); Resonance avoidance via structural tuning/damping; High-fidelity coupled aero-hydro-elastic simulation in design updates,,潜在失效模式；风险优先数(RPN)；建议措施,53,
883,883,baseline模型,baseline兼容旧逻辑,故障措施推荐类,失效现象风险分查措施,故障措施查询,,,简单,失效模式“Floater unit sinkage”的风险分为26.86，其措施推荐是什么？,Ballast redundancy and automated ballast management; Freeboard margin increase and water-tight compartmentalization; Expanded design load cases (including typhoon/hurricane scenarios),建议措施 / RecommendedAction / action / 怎么处理 / 咋处理:,错误,0.0,594.68,语义RAG,1.0,0.0,0,,3,Ballast redundancy and automated ballast management; Freeboard margin increase and water-tight compartmentalization; Expanded design load cases (including typhoon/hurricane scenarios),,,,,Ballast redundancy and automated ballast management; Freeboard margin increase and water-tight compartmentalization; Expanded design load cases (including typhoon/hurricane scenarios),,潜在失效模式；风险优先数(RPN)；建议措施,58,
884,884,baseline模型,baseline兼容旧逻辑,故障措施推荐类,失效现象风险分查措施,故障措施查询,,,简单,失效模式“Structural break”的风险分为33.4，其措施推荐是什么？,"Operational limits: weather windows, alarm thresholds for motions; Other- Specify; Expanded design load cases (including typhoon/hurricane scenarios); Better understanding of temperature ranges",这个问题中没有提到“Structural break”这一失效模式，最接近的是“Transition piece break”，但其风险分是33而不是33.4。根据提供的信息，对于“Transition piece break”这一失效模式，建议措施 / RecommendedAction 为空，即没有具体的建议措施给出。,错误,0.0,972.71,语义RAG,0.0,0.0,0,,3,"Operational limits: weather windows, alarm thresholds for motions; Other- Specify; Expanded design load cases (including typhoon/hurricane scenarios); Better understanding of temperature ranges",,,,,"Operational limits: weather windows, alarm thresholds for motions; Other- Specify; Expanded design load cases (including typhoon/hurricane scenarios); Better understanding of temperature ranges",,潜在失效模式；风险优先数(RPN)；建议措施,68,
885,885,baseline模型,baseline兼容旧逻辑,故障措施推荐类,失效现象风险分查措施,故障措施查询,,,简单,失效模式“Floater unit sinkage”的风险分为30.8，其措施推荐是什么？,"Operational limits: weather windows, alarm thresholds for motions; -; Expanded design load cases (including typhoon/hurricane scenarios); Freeboard margin increase and water-tight compartmentalization",建议措施 / RecommendedAction / action / 怎么处理 / 咋处理: -,错误,0.0,583.65,语义RAG,1.0,0.0,0,,3,"Operational limits: weather windows, alarm thresholds for motions; -; Expanded design load cases (including typhoon/hurricane scenarios); Freeboard margin increase and water-tight compartmentalization",,,,,"Operational limits: weather windows, alarm thresholds for motions; -; Expanded design load cases (including typhoon/hurricane scenarios); Freeboard margin increase and water-tight compartmentalization",,潜在失效模式；风险优先数(RPN)；建议措施,69,
886,886,baseline模型,baseline兼容旧逻辑,故障措施推荐类,失效现象风险分查措施,故障措施查询,,,简单,失效模式“Hit by dropped objects”的风险分为25，其措施推荐是什么？,Expanded design load cases (including typhoon/hurricane scenarios); High-fidelity coupled aero-hydro-elastic simulation in design updates; -,建议措施 / RecommendedAction / action / 怎么处理 / 咋处理:,错误,0.0,528.27,语义RAG,1.0,0.0,0,,3,Expanded design load cases (including typhoon/hurricane scenarios); High-fidelity coupled aero-hydro-elastic simulation in design updates; -,,,,,Expanded design load cases (including typhoon/hurricane scenarios); High-fidelity coupled aero-hydro-elastic simulation in design updates; -,,潜在失效模式；风险优先数(RPN)；建议措施,70,
887,887,baseline模型,baseline兼容旧逻辑,故障措施推荐类,失效现象风险分查措施,故障措施查询,,,简单,失效模式“Structural break”的风险分为22.4，其措施推荐是什么？,Expanded design load cases (including typhoon/hurricane scenarios); High-fidelity coupled aero-hydro-elastic simulation in design updates,不知道。上下文中的失效模式没有提到“Structural break”，相关的失效模式是“Transition piece break”和“Mooring line breakage”。,错误,0.0,678.76,语义RAG,0.0,0.0,0,,3,Expanded design load cases (including typhoon/hurricane scenarios); High-fidelity coupled aero-hydro-elastic simulation in design updates,,,,,Expanded design load cases (including typhoon/hurricane scenarios); High-fidelity coupled aero-hydro-elastic simulation in design updates,,潜在失效模式；风险优先数(RPN)；建议措施,71,
888,888,baseline模型,baseline兼容旧逻辑,故障措施推荐类,失效现象风险分查措施,故障措施查询,,,简单,失效模式“Structural break”的风险分为19，其措施推荐是什么？,"Operational limits: weather windows, alarm thresholds for motions; Other- Specify; -; Welding quality assurance and NDT enhancement (phased-array UT)",这个问题中没有找到失效模式为“Structural break”且风险分为19的相关信息。根据提供的上下文，最接近的是Transition piece break的失效模式，但其风险分是33，并非19。其他两个Mooring line breakage的风险分分别是20和28.8。因此，无法回答该问题。,错误,0.0,853.51,语义RAG,0.0,0.0,0,,3,"Operational limits: weather windows, alarm thresholds for motions; Other- Specify; -; Welding quality assurance and NDT enhancement (phased-array UT)",,,,,"Operational limits: weather windows, alarm thresholds for motions; Other- Specify; -; Welding quality assurance and NDT enhancement (phased-array UT)",,潜在失效模式；风险优先数(RPN)；建议措施,72,
889,889,baseline模型,baseline兼容旧逻辑,故障措施推荐类,失效现象风险分查措施,故障措施查询,,,简单,失效模式“Anchor failure”的风险分为34，其措施推荐是什么？,"Continuous tension and vibration monitoring; thresholds for intervention; Procedural controls: load management, operational envelopes; Better design by expanded load case matrix including more failure modes; -",建议措施=未记录.,错误,0.0,482.57,语义RAG,0.3333,0.0,0,,3,"Continuous tension and vibration monitoring; thresholds for intervention; Procedural controls: load management, operational envelopes; Better design by expanded load case matrix including more failure modes; -",,,,,"Continuous tension and vibration monitoring; thresholds for intervention; Procedural controls: load management, operational envelopes; Better design by expanded load case matrix including more failure modes; -",,潜在失效模式；风险优先数(RPN)；建议措施,75,
890,890,baseline模型,baseline兼容旧逻辑,故障措施推荐类,失效现象风险分查措施,故障措施查询,,,简单,失效模式“Fairlead failure”的风险分为30，其措施推荐是什么？,Continuous tension and vibration monitoring; thresholds for intervention; Fairlead geometry improvements and low-wear lining; Optimized chain/wire/rope selection and fatigue margins (design); -,建议措施=未记录.,错误,0.0,520.36,语义RAG,0.3333,0.0,0,,3,Continuous tension and vibration monitoring; thresholds for intervention; Fairlead geometry improvements and low-wear lining; Optimized chain/wire/rope selection and fatigue margins (design); -,,,,,Continuous tension and vibration monitoring; thresholds for intervention; Fairlead geometry improvements and low-wear lining; Optimized chain/wire/rope selection and fatigue margins (design); -,,潜在失效模式；风险优先数(RPN)；建议措施,79,
891,891,baseline模型,baseline兼容旧逻辑,故障措施推荐类,失效现象风险分查措施,故障措施查询,,,简单,失效模式“Mooring line breakage”的风险分为28.8，其措施推荐是什么？,ROV visual inspections; targeted maintenance on wear zones; Diversity in materials/vendors to reduce common-cause risks; -,建议措施 / RecommendedAction / action / 怎么处理 / 咋处理:,错误,0.0,599.94,语义RAG,1.0,0.0,0,,3,ROV visual inspections; targeted maintenance on wear zones; Diversity in materials/vendors to reduce common-cause risks; -,,,,,ROV visual inspections; targeted maintenance on wear zones; Diversity in materials/vendors to reduce common-cause risks; -,,潜在失效模式；风险优先数(RPN)；建议措施,82,
892,892,baseline模型,baseline兼容旧逻辑,故障措施推荐类,失效现象风险分查措施,故障措施查询,,,简单,失效模式“Mooring line breakage”的风险分为20，其措施推荐是什么？,Continuous tension and vibration monitoring; thresholds for intervention; -,建议措施 / RecommendedAction / action / 怎么处理 / 咋处理:,错误,0.0,400.66,语义RAG,1.0,0.0,0,,3,Continuous tension and vibration monitoring; thresholds for intervention; -,,,,,Continuous tension and vibration monitoring; thresholds for intervention; -,,潜在失效模式；风险优先数(RPN)；建议措施,83,
893,893,baseline模型,baseline兼容旧逻辑,故障措施推荐类,失效现象风险分查措施,故障措施查询,,,简单,失效模式“Mooring line breakage”的风险分为24，其措施推荐是什么？,Continuous tension and vibration monitoring; thresholds for intervention; -,建议措施 / RecommendedAction / action / 怎么处理 / 咋处理: -,错误,0.0,450.63,语义RAG,1.0,0.0,0,,3,Continuous tension and vibration monitoring; thresholds for intervention; -,,,,,Continuous tension and vibration monitoring; thresholds for intervention; -,,潜在失效模式；风险优先数(RPN)；建议措施,84,
894,894,baseline模型,baseline兼容旧逻辑,故障措施推荐类,失效现象风险分查措施,故障措施查询,,,简单,失效模式“Mooring Line Corrosion”的风险分为29.2，其措施推荐是什么？,Continuous tension and vibration monitoring; thresholds for intervention; Optimized chain/wire/rope selection and fatigue margins (design); -,不知道。上下文中的失效模式没有包含“Mooring Line Corrosion”。,错误,0.0,597.38,语义RAG,0.0,0.0,0,,3,Continuous tension and vibration monitoring; thresholds for intervention; Optimized chain/wire/rope selection and fatigue margins (design); -,,,,,Continuous tension and vibration monitoring; thresholds for intervention; Optimized chain/wire/rope selection and fatigue margins (design); -,,潜在失效模式；风险优先数(RPN)；建议措施,85,
895,895,baseline模型,baseline兼容旧逻辑,故障措施推荐类,失效现象风险分查措施,故障措施查询,,,简单,失效模式“Mooring Line Fatigue”的风险分为31.6，其措施推荐是什么？,Continuous tension and vibration monitoring; thresholds for intervention; Optimized chain/wire/rope selection and fatigue margins (design); -,根据上下文，没有找到失效模式为“Mooring Line Fatigue”且风险分为31.6的相关信息。因此无法提供对应的措施推荐。 但是根据提供的FMEA数据，最接近的是第一个片段中的失效模式“Cracks [11]”，其RPN值为31.2，并未记录建议措施。,错误,0.0,986.93,语义RAG,0.0,0.0,0,,3,Continuous tension and vibration monitoring; thresholds for intervention; Optimized chain/wire/rope selection and fatigue margins (design); -,,,,,Continuous tension and vibration monitoring; thresholds for intervention; Optimized chain/wire/rope selection and fatigue margins (design); -,,潜在失效模式；风险优先数(RPN)；建议措施,87,
896,896,baseline模型,baseline兼容旧逻辑,故障措施推荐类,失效现象风险分查措施,故障措施查询,,,简单,失效模式“Mooring lines broken”的风险分为24.8，其措施推荐是什么？,"ROV visual inspections; targeted maintenance on wear zones; Optimized chain/wire/rope selection and fatigue margins (design); Only chain and wire above MSL, keep fiber ropes wet; -",建议措施 / RecommendedAction / action / 怎么处理 / 咋处理:,错误,0.0,575.48,语义RAG,0.0,0.0,0,,3,"ROV visual inspections; targeted maintenance on wear zones; Optimized chain/wire/rope selection and fatigue margins (design); Only chain and wire above MSL, keep fiber ropes wet; -",,,,,"ROV visual inspections; targeted maintenance on wear zones; Optimized chain/wire/rope selection and fatigue margins (design); Only chain and wire above MSL, keep fiber ropes wet; -",,潜在失效模式；风险优先数(RPN)；建议措施,91,
897,897,baseline模型,baseline兼容旧逻辑,故障措施推荐类,失效现象风险分查措施,故障措施查询,,,简单,失效模式“Mooring lines broken”的风险分为20，其措施推荐是什么？,"ROV visual inspections; targeted maintenance on wear zones; Optimized chain/wire/rope selection and fatigue margins (design); Only chain and wire above MSL, keep fiber ropes wet; -",建议措施 / RecommendedAction / action / 怎么处理 / 咋处理:,错误,0.0,561.95,语义RAG,0.0,0.0,0,,3,"ROV visual inspections; targeted maintenance on wear zones; Optimized chain/wire/rope selection and fatigue margins (design); Only chain and wire above MSL, keep fiber ropes wet; -",,,,,"ROV visual inspections; targeted maintenance on wear zones; Optimized chain/wire/rope selection and fatigue margins (design); Only chain and wire above MSL, keep fiber ropes wet; -",,潜在失效模式；风险优先数(RPN)；建议措施,92,
898,898,baseline模型,baseline兼容旧逻辑,故障措施推荐类,失效现象风险分查措施,故障措施查询,,,简单,失效模式“Mooring lines broken”的风险分为22.4，其措施推荐是什么？,"ROV visual inspections; targeted maintenance on wear zones; Optimized chain/wire/rope selection and fatigue margins (design); Only chain and wire above MSL, keep fiber ropes wet; -",这个问题中没有提到风险分是22.4的失效模式“Mooring lines broken”的相关信息。根据提供的上下文，与“Mooring line breakage [8]”相关的RPN分别是24、20和28.8，并没有一个是22.4。因此，无法给出对应的措施推荐。 根据最直接相关的内容，“Mooring line breakage [8]”的建议措施 / RecommendedAction字段为空，即： ``` 建议措施 / RecommendedAction / action / 怎么处理 / 咋处理: ```,错误,0.0,1403.24,语义RAG,0.0,0.0,0,,3,"ROV visual inspections; targeted maintenance on wear zones; Optimized chain/wire/rope selection and fatigue margins (design); Only chain and wire above MSL, keep fiber ropes wet; -",,,,,"ROV visual inspections; targeted maintenance on wear zones; Optimized chain/wire/rope selection and fatigue margins (design); Only chain and wire above MSL, keep fiber ropes wet; -",,潜在失效模式；风险优先数(RPN)；建议措施,93,
899,899,baseline模型,baseline兼容旧逻辑,故障措施推荐类,失效现象风险分查措施,故障措施查询,,,简单,失效模式“Mooring lines broken”的风险分为28，其措施推荐是什么？,ROV visual inspections; targeted maintenance on wear zones; -,建议措施 / RecommendedAction / action / 怎么处理 / 咋处理:,错误,0.0,594.61,语义RAG,0.0,0.0,0,,3,ROV visual inspections; targeted maintenance on wear zones; -,,,,,ROV visual inspections; targeted maintenance on wear zones; -,,潜在失效模式；风险优先数(RPN)；建议措施,94,
900,900,baseline模型,baseline兼容旧逻辑,故障措施推荐类,失效现象风险分查措施,故障措施查询,,,简单,失效模式“Mooring winch failure”的风险分为25.6，其措施推荐是什么？,"Continuous tension and vibration monitoring; thresholds for intervention; Procedural controls: load management, operational envelopes; -",建议措施 / RecommendedAction / action / 怎么处理 / 咋处理: 未记录.,错误,0.0,647.5,语义RAG,1.0,0.0,0,,3,"Continuous tension and vibration monitoring; thresholds for intervention; Procedural controls: load management, operational envelopes; -",,,,,"Continuous tension and vibration monitoring; thresholds for intervention; Procedural controls: load management, operational envelopes; -",,潜在失效模式；风险优先数(RPN)；建议措施,96,
901,901,baseline模型,baseline兼容旧逻辑,故障措施推荐类,失效现象风险分查措施,故障措施查询,,,简单,失效模式“accelerated mechanical fatigue”的风险分为30.25，其措施推荐是什么？,"Monitoring: DTS/RTTR, electrical integrity tests, leak detection; Lazy-wave configuration optimization; buoyancy spacing; hang-off upgrades; -",建议措施 / RecommendedAction / action / 怎么处理 / 咋处理: -,错误,0.0,618.35,语义RAG,0.3333,0.0,0,,3,"Monitoring: DTS/RTTR, electrical integrity tests, leak detection; Lazy-wave configuration optimization; buoyancy spacing; hang-off upgrades; -",,,,,"Monitoring: DTS/RTTR, electrical integrity tests, leak detection; Lazy-wave configuration optimization; buoyancy spacing; hang-off upgrades; -",,潜在失效模式；风险优先数(RPN)；建议措施,97,
902,902,baseline模型,baseline兼容旧逻辑,故障措施推荐类,失效现象风险分查措施,故障措施查询,,,简单,失效模式“Corrosion of J-tube”的风险分为15，其措施推荐是什么？,-; Cathodic protection; coating improvements,建议措施 / RecommendedAction / action / 怎么处理 / 咋处理: -,错误,0.0,641.82,语义RAG,1.0,0.0,0,,3,-; Cathodic protection; coating improvements,,,,,-; Cathodic protection; coating improvements,,潜在失效模式；风险优先数(RPN)；建议措施,101,
903,903,baseline模型,baseline兼容旧逻辑,故障措施推荐类,失效现象风险分查措施,故障措施查询,,,简单,失效模式“damage and corrosion of mechanical parts”的风险分为24，其措施推荐是什么？,-; Design review; improved material selection,建议措施 / RecommendedAction / action / 怎么处理 / 咋处理:,错误,0.0,585.41,语义RAG,0.3333,0.0,0,,3,-; Design review; improved material selection,,,,,-; Design review; improved material selection,,潜在失效模式；风险优先数(RPN)；建议措施,103,
904,904,baseline模型,baseline兼容旧逻辑,故障措施推荐类,失效现象风险分查措施,故障措施查询,,,简单,失效模式“Debris disturbance”的风险分为16，其措施推荐是什么？,-; Environmental protections; debris management,建议措施 / RecommendedAction / action / 怎么处理 / 咋处理:,错误,0.0,577.49,语义RAG,0.3333,0.0,0,,3,-; Environmental protections; debris management,,,,,-; Environmental protections; debris management,,潜在失效模式；风险优先数(RPN)；建议措施,104,
905,905,baseline模型,baseline兼容旧逻辑,故障措施推荐类,失效现象风险分查措施,故障措施查询,,,简单,失效模式“Detachment”的风险分为18.5，其措施推荐是什么？,-; Design review; improved material selection,根据上下文，没有找到失效模式为“Detachment”且风险分为18.5的相关条目。因此无法提供对应的措施推荐。,错误,0.0,704.74,语义RAG,0.0,0.0,0,,3,-; Design review; improved material selection,,,,,-; Design review; improved material selection,,潜在失效模式；风险优先数(RPN)；建议措施,105,
906,906,baseline模型,baseline兼容旧逻辑,故障措施推荐类,失效现象风险分查措施,故障措施查询,,,简单,失效模式“Failure of end termination”的风险分为28.6，其措施推荐是什么？,-; Design improvements; enhanced termination QA,FMEA编号=None; 失效模式=Failure of end termination [6]; RPN=28.6; S=3.8; O=2.6; D=3.2; 原因=Manufacturing; Poor quality of insulating fluids [6]; 后果=breakdown of insulation; 建议措施=未记录.,错误,0.0,1085.29,语义RAG,1.0,0.0,0,,3,-; Design improvements; enhanced termination QA,,,,,-; Design improvements; enhanced termination QA,,潜在失效模式；风险优先数(RPN)；建议措施,107,
907,907,baseline模型,baseline兼容旧逻辑,故障措施推荐类,失效现象风险分查措施,故障措施查询,,,简单,失效模式“Failure of watertightness”的风险分为30.2，其措施推荐是什么？,"Installation QA/QC: pull-in tension verification, handling procedures; Watertightness assurance: enhanced sealing tests; end termination QA; -",建议措施 / RecommendedAction / action / 怎么处理 / 咋处理: -,错误,0.0,625.79,语义RAG,0.6667,0.0,0,,3,"Installation QA/QC: pull-in tension verification, handling procedures; Watertightness assurance: enhanced sealing tests; end termination QA; -",,,,,"Installation QA/QC: pull-in tension verification, handling procedures; Watertightness assurance: enhanced sealing tests; end termination QA; -",,潜在失效模式；风险优先数(RPN)；建议措施,112,
908,908,baseline模型,baseline兼容旧逻辑,故障措施推荐类,失效现象风险分查措施,故障措施查询,,,简单,失效模式“Failure of watertightness”的风险分为27.8，其措施推荐是什么？,Watertightness assurance: enhanced sealing tests; end termination QA; -,建议措施 / RecommendedAction / action / 怎么处理 / 咋处理:,错误,0.0,402.44,语义RAG,0.6667,0.0,0,,3,Watertightness assurance: enhanced sealing tests; end termination QA; -,,,,,Watertightness assurance: enhanced sealing tests; end termination QA; -,,潜在失效模式；风险优先数(RPN)；建议措施,113,
909,909,baseline模型,baseline兼容旧逻辑,故障措施推荐类,失效现象风险分查措施,故障措施查询,,,简单,失效模式“failures of conductors”的风险分为25，其措施推荐是什么？,"-; Monitoring (DTS/RTTR, electrical integrity tests)",建议措施=未记录.,错误,0.0,433.85,语义RAG,0.6667,0.0,0,,3,"-; Monitoring (DTS/RTTR, electrical integrity tests)",,,,,"-; Monitoring (DTS/RTTR, electrical integrity tests)",,潜在失效模式；风险优先数(RPN)；建议措施,114,
910,910,baseline模型,baseline兼容旧逻辑,故障措施推荐类,失效现象风险分查措施,故障措施查询,,,简单,失效模式“Fatigue Cracks”的风险分为35.6，其措施推荐是什么？,"Monitoring: DTS/RTTR, electrical integrity tests, leak detection; -",根据上下文，没有找到失效模式为“Fatigue Cracks”且风险分为35.6的相关条目。最接近的是失效模式为“Cracks [11]”，但其RPN值为22.67，并非35.6。因此无法提供该失效模式的具体措施推荐。,错误,0.0,978.61,语义RAG,0.0,0.0,0,,3,"Monitoring: DTS/RTTR, electrical integrity tests, leak detection; -",,,,,"Monitoring: DTS/RTTR, electrical integrity tests, leak detection; -",,潜在失效模式；风险优先数(RPN)；建议措施,115,
911,911,baseline模型,baseline兼容旧逻辑,故障措施推荐类,失效现象风险分查措施,故障措施查询,,,简单,失效模式“material degradation”的风险分为18.5，其措施推荐是什么？,"Monitoring: DTS/RTTR, electrical integrity tests, leak detection; -",建议措施 / RecommendedAction / action / 怎么处理 / 咋处理: -,错误,0.0,586.57,语义RAG,0.3333,0.0,0,,3,"Monitoring: DTS/RTTR, electrical integrity tests, leak detection; -",,,,,"Monitoring: DTS/RTTR, electrical integrity tests, leak detection; -",,潜在失效模式；风险优先数(RPN)；建议措施,119,
912,912,baseline模型,baseline兼容旧逻辑,故障措施推荐类,失效现象风险分查措施,故障措施查询,,,简单,失效模式“Movement of CPS due to scour/seabed mobility”的风险分为44，其措施推荐是什么？,Burial/trenching optimization; scour mitigation; as-built metrology; -,建议措施 / RecommendedAction / action / 怎么处理 / 咋处理:,错误,0.0,616.03,语义RAG,1.0,0.0,0,,3,Burial/trenching optimization; scour mitigation; as-built metrology; -,,,,,Burial/trenching optimization; scour mitigation; as-built metrology; -,,潜在失效模式；风险优先数(RPN)；建议措施,122,
913,913,baseline模型,baseline兼容旧逻辑,故障措施推荐类,失效现象风险分查措施,故障措施查询,,,简单,失效模式“Movement of CPS due to scour/seabed mobility”的风险分为41.6，其措施推荐是什么？,Burial/trenching optimization; scour mitigation; as-built metrology; -,建议措施 / RecommendedAction / action / 怎么处理 / 咋处理:,错误,0.0,434.99,语义RAG,1.0,0.0,0,,3,Burial/trenching optimization; scour mitigation; as-built metrology; -,,,,,Burial/trenching optimization; scour mitigation; as-built metrology; -,,潜在失效模式；风险优先数(RPN)；建议措施,123,
914,914,baseline模型,baseline兼容旧逻辑,故障措施推荐类,失效现象风险分查措施,故障措施查询,,,简单,失效模式“Reduced sediment cover lower than designed value for protection”的风险分为28.6，其措施推荐是什么？,"Burial/trenching optimization; scour mitigation; as-built metrology; Monitoring: DTS/RTTR, electrical integrity tests, leak detection; -",建议措施=未记录.,错误,0.0,492.97,语义RAG,1.0,0.0,0,,3,"Burial/trenching optimization; scour mitigation; as-built metrology; Monitoring: DTS/RTTR, electrical integrity tests, leak detection; -",,,,,"Burial/trenching optimization; scour mitigation; as-built metrology; Monitoring: DTS/RTTR, electrical integrity tests, leak detection; -",,潜在失效模式；风险优先数(RPN)；建议措施,125,
915,915,baseline模型,baseline兼容旧逻辑,故障措施推荐类,失效现象风险分查措施,故障措施查询,,,简单,失效模式“Small bending radius”的风险分为28.6，其措施推荐是什么？,Lazy-wave configuration optimization; buoyancy spacing; hang-off upgrades; -,建议措施 / RecommendedAction / action / 怎么处理 / 咋处理:,错误,0.0,598.87,语义RAG,0.3333,0.0,0,,3,Lazy-wave configuration optimization; buoyancy spacing; hang-off upgrades; -,,,,,Lazy-wave configuration optimization; buoyancy spacing; hang-off upgrades; -,,潜在失效模式；风险优先数(RPN)；建议措施,128,
916,916,baseline模型,baseline兼容旧逻辑,故障措施推荐类,失效现象后果查处置建议,后果到措施推理,,,困难,请给出“Cracks”导致“Failure of whole facility and vast economic loses”时的风险处置建议。,High-fidelity coupled aero-hydro-elastic simulation in design updates; Thicker shell sections / local reinforcement,建议措施 / RecommendedAction / action / 怎么处理 / 咋处理:,错误,0.0,590.58,语义RAG,0.6667,0.0,0,0.0,3,High-fidelity coupled aero-hydro-elastic simulation in design updates; Thicker shell sections / local reinforcement,,,,,High-fidelity coupled aero-hydro-elastic simulation in design updates; Thicker shell sections / local reinforcement,,潜在失效模式；潜在失效后果；建议措施,4,
917,917,baseline模型,baseline兼容旧逻辑,故障措施推荐类,失效现象后果查处置建议,后果到措施推理,,,困难,请给出“Cracks”导致“Potential collapse”时的风险处置建议。,"Weld detail optimization and hotspot redesign; Enhanced SHM: acoustic emission, strain gauges, modal monitoring; Thicker shell sections / local reinforcement; High-fidelity coupled aero-hydro-elastic simulation in design updates",建议措施 / RecommendedAction / action / 怎么处理 / 咋处理:,错误,0.0,537.51,语义RAG,0.6667,0.0,0,0.0,3,"Weld detail optimization and hotspot redesign; Enhanced SHM: acoustic emission, strain gauges, modal monitoring; Thicker shell sections / local reinforcement; High-fidelity coupled aero-hydro-elastic simulation in design updates",,,,,"Weld detail optimization and hotspot redesign; Enhanced SHM: acoustic emission, strain gauges, modal monitoring; Thicker shell sections / local reinforcement; High-fidelity coupled aero-hydro-elastic simulation in design updates",,潜在失效模式；潜在失效后果；建议措施,6,
918,918,baseline模型,baseline兼容旧逻辑,故障措施推荐类,失效现象后果查处置建议,后果到措施推理,,,困难,请给出“Plastic deformation”导致“Potential collapse”时的风险处置建议。,Operational limits & control strategies for extreme motions; Blade–tower clearance and control optimization for extreme motions; High-fidelity coupled aero-hydro-elastic simulation in design updates,建议措施 / RecommendedAction / action / 怎么处理 / 咋处理:,错误,0.0,549.75,语义RAG,1.0,0.0,0,0.0,3,Operational limits & control strategies for extreme motions; Blade–tower clearance and control optimization for extreme motions; High-fidelity coupled aero-hydro-elastic simulation in design updates,,,,,Operational limits & control strategies for extreme motions; Blade–tower clearance and control optimization for extreme motions; High-fidelity coupled aero-hydro-elastic simulation in design updates,,潜在失效模式；潜在失效后果；建议措施,22,
919,919,baseline模型,baseline兼容旧逻辑,故障措施推荐类,失效现象后果查处置建议,后果到措施推理,,,困难,"请给出“Transition piece break”导致“Tower Unit collapse, Floater Unit damage”时的风险处置建议。","Interface redesign to reduce stress concentrations (fillets, radii); High-fidelity coupled analysis of TP–tower–floater interaction; Improve engineering skills",建议措施 / RecommendedAction / action / 怎么处理 / 咋处理:,错误,0.0,589.86,语义RAG,1.0,0.0,0,0.0,3,"Interface redesign to reduce stress concentrations (fillets, radii); High-fidelity coupled analysis of TP–tower–floater interaction; Improve engineering skills",,,,,"Interface redesign to reduce stress concentrations (fillets, radii); High-fidelity coupled analysis of TP–tower–floater interaction; Improve engineering skills",,潜在失效模式；潜在失效后果；建议措施,24,
920,920,baseline模型,baseline兼容旧逻辑,故障措施推荐类,失效现象后果查处置建议,后果到措施推理,,,困难,"请给出“Transition piece break”导致“tension failure (rupture), buckling of the transition piece/ Tower unit damage”时的风险处置建议。","SHM for TP connections (strain gauges, acoustic emission, bolt preload monitoring); Design requalification for extreme storms (updated metocean; load cases); -",建议措施 / RecommendedAction / action / 怎么处理 / 咋处理:,错误,0.0,580.94,语义RAG,0.6667,0.0,0,0.0,3,"SHM for TP connections (strain gauges, acoustic emission, bolt preload monitoring); Design requalification for extreme storms (updated metocean; load cases); -",,,,,"SHM for TP connections (strain gauges, acoustic emission, bolt preload monitoring); Design requalification for extreme storms (updated metocean; load cases); -",,潜在失效模式；潜在失效后果；建议措施,25,
921,921,baseline模型,baseline兼容旧逻辑,故障措施推荐类,失效现象后果查处置建议,后果到措施推理,,,困难,请给出“Structural plastic deformation”导致“Local stress accumulation”时的风险处置建议。,"SHM for TP connections (strain gauges, acoustic emission, bolt preload monitoring); Design requalification for extreme storms (updated metocean; load cases); High-fidelity coupled analysis of TP–tower–floater interaction; -",建议措施 / RecommendedAction / action / 怎么处理 / 咋处理: 未记录.,错误,0.0,607.49,语义RAG,1.0,0.0,0,0.0,3,"SHM for TP connections (strain gauges, acoustic emission, bolt preload monitoring); Design requalification for extreme storms (updated metocean; load cases); High-fidelity coupled analysis of TP–tower–floater interaction; -",,,,,"SHM for TP connections (strain gauges, acoustic emission, bolt preload monitoring); Design requalification for extreme storms (updated metocean; load cases); High-fidelity coupled analysis of TP–tower–floater interaction; -",,潜在失效模式；潜在失效后果；建议措施,26,
922,922,baseline模型,baseline兼容旧逻辑,故障措施推荐类,失效现象后果查处置建议,后果到措施推理,,,困难,请给出“Cracks”导致“Tower transition piece connections failure/ displacement variations between tower end”时的风险处置建议。,Design requalification for extreme storms (updated metocean; load cases); High-fidelity coupled aero-hydro-elastic simulation in design updates,建议措施 / RecommendedAction / action / 怎么处理 / 咋处理:,错误,0.0,619.77,语义RAG,0.6667,0.0,0,0.0,3,Design requalification for extreme storms (updated metocean; load cases); High-fidelity coupled aero-hydro-elastic simulation in design updates,,,,,Design requalification for extreme storms (updated metocean; load cases); High-fidelity coupled aero-hydro-elastic simulation in design updates,,潜在失效模式；潜在失效后果；建议措施,32,
923,923,baseline模型,baseline兼容旧逻辑,故障措施推荐类,失效现象后果查处置建议,后果到措施推理,,,困难,"请给出“Capsize”导致“Watertight fault, Potential Floater Unit sinkage”时的风险处置建议。",Expanded design load cases (including typhoon/hurricane scenarios); Freeboard margin increase and water-tight compartmentalization; Improve engineering skills,建议措施 / RecommendedAction / action / 怎么处理 / 咋处理:,错误,0.0,597.24,语义RAG,0.6667,0.0,0,0.0,3,Expanded design load cases (including typhoon/hurricane scenarios); Freeboard margin increase and water-tight compartmentalization; Improve engineering skills,,,,,Expanded design load cases (including typhoon/hurricane scenarios); Freeboard margin increase and water-tight compartmentalization; Improve engineering skills,,潜在失效模式；潜在失效后果；建议措施,45,
924,924,baseline模型,baseline兼容旧逻辑,故障措施推荐类,失效现象后果查处置建议,后果到措施推理,,,困难,请给出“Capsize”导致“Project cancellation”时的风险处置建议。,Expanded design load cases (including typhoon/hurricane scenarios); -; Improved engineering skills,建议措施 / RecommendedAction / action / 怎么处理 / 咋处理: 未记录.,错误,0.0,603.05,语义RAG,0.6667,0.0,0,0.0,3,Expanded design load cases (including typhoon/hurricane scenarios); -; Improved engineering skills,,,,,Expanded design load cases (including typhoon/hurricane scenarios); -; Improved engineering skills,,潜在失效模式；潜在失效后果；建议措施,46,
925,925,baseline模型,baseline兼容旧逻辑,故障措施推荐类,失效现象后果查处置建议,后果到措施推理,,,困难,请给出“Structural break”导致“Structural reassessment”时的风险处置建议。,Expanded design load cases (including typhoon/hurricane scenarios); -,建议措施 / RecommendedAction / action / 怎么处理 / 咋处理:,错误,0.0,607.23,语义RAG,0.3333,0.0,0,0.0,3,Expanded design load cases (including typhoon/hurricane scenarios); -,,,,,Expanded design load cases (including typhoon/hurricane scenarios); -,,潜在失效模式；潜在失效后果；建议措施,49,
926,926,baseline模型,baseline兼容旧逻辑,故障措施推荐类,失效现象后果查处置建议,后果到措施推理,,,困难,请给出“Additional Structures Failures”导致“Potential failure”时的风险处置建议。,Freeboard margin increase and water-tight compartmentalization; -; Expanded design load cases (including typhoon/hurricane scenarios); Improved cable mechnical design,建议措施 / RecommendedAction / action / 怎么处理 / 咋处理: -,错误,0.0,595.12,语义RAG,0.3333,0.0,0,0.0,3,Freeboard margin increase and water-tight compartmentalization; -; Expanded design load cases (including typhoon/hurricane scenarios); Improved cable mechnical design,,,,,Freeboard margin increase and water-tight compartmentalization; -; Expanded design load cases (including typhoon/hurricane scenarios); Improved cable mechnical design,,潜在失效模式；潜在失效后果；建议措施,50,
927,927,baseline模型,baseline兼容旧逻辑,故障措施推荐类,失效现象后果查处置建议,后果到措施推理,,,困难,请给出“Capsize”导致“Asset damage Energy production loss”时的风险处置建议。,"Expanded design load cases (including typhoon/hurricane scenarios); Operational limits: weather windows, alarm thresholds for motions; Resonance avoidance via structural tuning/damping",建议措施 / RecommendedAction / action / 怎么处理 / 咋处理:,错误,0.0,554.89,语义RAG,0.6667,0.0,0,0.0,3,"Expanded design load cases (including typhoon/hurricane scenarios); Operational limits: weather windows, alarm thresholds for motions; Resonance avoidance via structural tuning/damping",,,,,"Expanded design load cases (including typhoon/hurricane scenarios); Operational limits: weather windows, alarm thresholds for motions; Resonance avoidance via structural tuning/damping",,潜在失效模式；潜在失效后果；建议措施,52,
928,928,baseline模型,baseline兼容旧逻辑,故障措施推荐类,失效现象后果查处置建议,后果到措施推理,,,困难,请给出“Cracks”导致“Structural failure”时的风险处置建议。,Expanded design load cases (including typhoon/hurricane scenarios); Resonance avoidance via structural tuning/damping; High-fidelity coupled aero-hydro-elastic simulation in design updates,根据上下文，没有找到与“Cracks”导致“Structural failure”的相关信息，因此无法给出相应的风险处置建议。,错误,0.0,637.56,语义RAG,0.0,0.0,0,0.0,3,Expanded design load cases (including typhoon/hurricane scenarios); Resonance avoidance via structural tuning/damping; High-fidelity coupled aero-hydro-elastic simulation in design updates,,,,,Expanded design load cases (including typhoon/hurricane scenarios); Resonance avoidance via structural tuning/damping; High-fidelity coupled aero-hydro-elastic simulation in design updates,,潜在失效模式；潜在失效后果；建议措施,53,
929,929,baseline模型,baseline兼容旧逻辑,故障措施推荐类,失效现象后果查处置建议,后果到措施推理,,,困难,请给出“Floater unit sinkage”导致“Potential Failure/Asset damage Energy production loss”时的风险处置建议。,Ballast redundancy and automated ballast management; Freeboard margin increase and water-tight compartmentalization; Expanded design load cases (including typhoon/hurricane scenarios),建议措施 / RecommendedAction / action / 怎么处理 / 咋处理:,错误,0.0,577.79,语义RAG,0.6667,0.0,0,0.0,3,Ballast redundancy and automated ballast management; Freeboard margin increase and water-tight compartmentalization; Expanded design load cases (including typhoon/hurricane scenarios),,,,,Ballast redundancy and automated ballast management; Freeboard margin increase and water-tight compartmentalization; Expanded design load cases (including typhoon/hurricane scenarios),,潜在失效模式；潜在失效后果；建议措施,58,
930,930,baseline模型,baseline兼容旧逻辑,故障措施推荐类,失效现象后果查处置建议,后果到措施推理,,,困难,请给出“Structural break”导致“Tower collapse”时的风险处置建议。,"Operational limits: weather windows, alarm thresholds for motions; Other- Specify; Expanded design load cases (including typhoon/hurricane scenarios); Better understanding of temperature ranges",建议措施 / RecommendedAction / action / 怎么处理 / 咋处理: -,错误,0.0,538.62,语义RAG,0.6667,0.0,0,0.0,3,"Operational limits: weather windows, alarm thresholds for motions; Other- Specify; Expanded design load cases (including typhoon/hurricane scenarios); Better understanding of temperature ranges",,,,,"Operational limits: weather windows, alarm thresholds for motions; Other- Specify; Expanded design load cases (including typhoon/hurricane scenarios); Better understanding of temperature ranges",,潜在失效模式；潜在失效后果；建议措施,68,
931,931,baseline模型,baseline兼容旧逻辑,故障措施推荐类,失效现象后果查处置建议,后果到措施推理,,,困难,"请给出“Hit by dropped objects”导致“Damage to the facility, vast economic loses”时的风险处置建议。",Expanded design load cases (including typhoon/hurricane scenarios); High-fidelity coupled aero-hydro-elastic simulation in design updates; -,建议措施 / RecommendedAction / action / 怎么处理 / 咋处理:,错误,0.0,585.54,语义RAG,1.0,0.0,0,0.0,3,Expanded design load cases (including typhoon/hurricane scenarios); High-fidelity coupled aero-hydro-elastic simulation in design updates; -,,,,,Expanded design load cases (including typhoon/hurricane scenarios); High-fidelity coupled aero-hydro-elastic simulation in design updates; -,,潜在失效模式；潜在失效后果；建议措施,70,
932,932,baseline模型,baseline兼容旧逻辑,故障措施推荐类,失效现象后果查处置建议,后果到措施推理,,,困难,"请给出“Structural break”导致“Watertight fault, Potential Floater Unit sinkage”时的风险处置建议。",Expanded design load cases (including typhoon/hurricane scenarios); High-fidelity coupled aero-hydro-elastic simulation in design updates,建议措施 / RecommendedAction / action / 怎么处理 / 咋处理: -,错误,0.0,591.69,语义RAG,0.3333,0.0,0,0.0,3,Expanded design load cases (including typhoon/hurricane scenarios); High-fidelity coupled aero-hydro-elastic simulation in design updates,,,,,Expanded design load cases (including typhoon/hurricane scenarios); High-fidelity coupled aero-hydro-elastic simulation in design updates,,潜在失效模式；潜在失效后果；建议措施,71,
933,933,baseline模型,baseline兼容旧逻辑,故障措施推荐类,失效现象后果查处置建议,后果到措施推理,,,困难,请给出“Anchor failure”导致“Anchor failure”时的风险处置建议。,"Continuous tension and vibration monitoring; thresholds for intervention; Procedural controls: load management, operational envelopes; Better design by expanded load case matrix including more failure modes; -",建议措施 / RecommendedAction / action / 怎么处理 / 咋处理:,错误,0.0,570.83,语义RAG,0.6667,0.0,0,0.0,3,"Continuous tension and vibration monitoring; thresholds for intervention; Procedural controls: load management, operational envelopes; Better design by expanded load case matrix including more failure modes; -",,,,,"Continuous tension and vibration monitoring; thresholds for intervention; Procedural controls: load management, operational envelopes; Better design by expanded load case matrix including more failure modes; -",,潜在失效模式；潜在失效后果；建议措施,75,
934,934,baseline模型,baseline兼容旧逻辑,故障措施推荐类,失效现象后果查处置建议,后果到措施推理,,,困难,请给出“Fairlead failure”导致“The anchor cannot be dropped and lift”时的风险处置建议。,Continuous tension and vibration monitoring; thresholds for intervention; Fairlead geometry improvements and low-wear lining; Optimized chain/wire/rope selection and fatigue margins (design); -,建议措施 / RecommendedAction / action / 怎么处理 / 咋处理:,错误,0.0,593.49,语义RAG,0.6667,0.0,0,0.0,3,Continuous tension and vibration monitoring; thresholds for intervention; Fairlead geometry improvements and low-wear lining; Optimized chain/wire/rope selection and fatigue margins (design); -,,,,,Continuous tension and vibration monitoring; thresholds for intervention; Fairlead geometry improvements and low-wear lining; Optimized chain/wire/rope selection and fatigue margins (design); -,,潜在失效模式；潜在失效后果；建议措施,79,
935,935,baseline模型,baseline兼容旧逻辑,故障措施推荐类,失效现象后果查处置建议,后果到措施推理,,,困难,请给出“Mooring line breakage”导致“Mooring line strength decrease or broken”时的风险处置建议。,ROV visual inspections; targeted maintenance on wear zones; Diversity in materials/vendors to reduce common-cause risks; -,建议措施 / RecommendedAction / action / 怎么处理 / 咋处理:,错误,0.0,602.57,语义RAG,1.0,0.0,0,0.0,3,ROV visual inspections; targeted maintenance on wear zones; Diversity in materials/vendors to reduce common-cause risks; -,,,,,ROV visual inspections; targeted maintenance on wear zones; Diversity in materials/vendors to reduce common-cause risks; -,,潜在失效模式；潜在失效后果；建议措施,82,
936,936,baseline模型,baseline兼容旧逻辑,故障措施推荐类,失效现象后果查处置建议,后果到措施推理,,,困难,请给出“Mooring Line Corrosion”导致“Mooring line strength decrease or broken”时的风险处置建议。,Continuous tension and vibration monitoring; thresholds for intervention; Optimized chain/wire/rope selection and fatigue margins (design); -,根据上下文，没有找到关于“Mooring Line Corrosion”的失效模式和相关风险处置建议。因此，无法提供具体的建议措施。,错误,0.0,580.14,语义RAG,1.0,0.0,0,0.0,3,Continuous tension and vibration monitoring; thresholds for intervention; Optimized chain/wire/rope selection and fatigue margins (design); -,,,,,Continuous tension and vibration monitoring; thresholds for intervention; Optimized chain/wire/rope selection and fatigue margins (design); -,,潜在失效模式；潜在失效后果；建议措施,85,
937,937,baseline模型,baseline兼容旧逻辑,故障措施推荐类,失效现象后果查处置建议,后果到措施推理,,,困难,请给出“Mooring Line Fatigue”导致“Mooring line strength decrease or broken”时的风险处置建议。,Continuous tension and vibration monitoring; thresholds for intervention; Optimized chain/wire/rope selection and fatigue margins (design); -,建议措施 / RecommendedAction / action / 怎么处理 / 咋处理:,错误,0.0,384.51,语义RAG,1.0,0.0,0,0.0,3,Continuous tension and vibration monitoring; thresholds for intervention; Optimized chain/wire/rope selection and fatigue margins (design); -,,,,,Continuous tension and vibration monitoring; thresholds for intervention; Optimized chain/wire/rope selection and fatigue margins (design); -,,潜在失效模式；潜在失效后果；建议措施,87,
938,938,baseline模型,baseline兼容旧逻辑,故障措施推荐类,失效现象后果查处置建议,后果到措施推理,,,困难,请给出“Mooring lines broken”导致“Asset not in correct location or position”时的风险处置建议。,"ROV visual inspections; targeted maintenance on wear zones; Optimized chain/wire/rope selection and fatigue margins (design); Only chain and wire above MSL, keep fiber ropes wet; -",建议措施 / RecommendedAction / action / 怎么处理 / 咋处理:,错误,0.0,615.12,语义RAG,1.0,0.0,0,0.0,3,"ROV visual inspections; targeted maintenance on wear zones; Optimized chain/wire/rope selection and fatigue margins (design); Only chain and wire above MSL, keep fiber ropes wet; -",,,,,"ROV visual inspections; targeted maintenance on wear zones; Optimized chain/wire/rope selection and fatigue margins (design); Only chain and wire above MSL, keep fiber ropes wet; -",,潜在失效模式；潜在失效后果；建议措施,91,
939,939,baseline模型,baseline兼容旧逻辑,故障措施推荐类,失效现象后果查处置建议,后果到措施推理,,,困难,请给出“Mooring winch failure”导致“Asset not in correct location or position”时的风险处置建议。,"Continuous tension and vibration monitoring; thresholds for intervention; Procedural controls: load management, operational envelopes; -",建议措施 / RecommendedAction / action / 怎么处理 / 咋处理: 未记录.,错误,0.0,648.76,语义RAG,1.0,0.0,0,0.0,3,"Continuous tension and vibration monitoring; thresholds for intervention; Procedural controls: load management, operational envelopes; -",,,,,"Continuous tension and vibration monitoring; thresholds for intervention; Procedural controls: load management, operational envelopes; -",,潜在失效模式；潜在失效后果；建议措施,96,
940,940,baseline模型,baseline兼容旧逻辑,故障措施推荐类,失效现象后果查处置建议,后果到措施推理,,,困难,请给出“accelerated mechanical fatigue”导致“Structural damage - cable composition weakening”时的风险处置建议。,"Monitoring: DTS/RTTR, electrical integrity tests, leak detection; Lazy-wave configuration optimization; buoyancy spacing; hang-off upgrades; -",建议措施 / RecommendedAction / action / 怎么处理 / 咋处理:,错误,0.0,677.86,语义RAG,0.6667,0.0,0,0.0,3,"Monitoring: DTS/RTTR, electrical integrity tests, leak detection; Lazy-wave configuration optimization; buoyancy spacing; hang-off upgrades; -",,,,,"Monitoring: DTS/RTTR, electrical integrity tests, leak detection; Lazy-wave configuration optimization; buoyancy spacing; hang-off upgrades; -",,潜在失效模式；潜在失效后果；建议措施,97,
941,941,baseline模型,baseline兼容旧逻辑,故障措施推荐类,失效现象后果查处置建议,后果到措施推理,,,困难,请给出“Corrosion of J-tube”导致“J-tube degradation affecting cable integrity”时的风险处置建议。,-; Cathodic protection; coating improvements,建议措施 / RecommendedAction / action / 怎么处理 / 咋处理: -,错误,0.0,599.08,语义RAG,1.0,0.0,0,0.0,3,-; Cathodic protection; coating improvements,,,,,-; Cathodic protection; coating improvements,,潜在失效模式；潜在失效后果；建议措施,101,
942,942,baseline模型,baseline兼容旧逻辑,故障措施推荐类,失效现象后果查处置建议,后果到措施推理,,,困难,请给出“damage and corrosion of mechanical parts”导致“High risk of fault on the cable - total loss of the line Prodution loss on the string”时的风险处置建议。,-; Design review; improved material selection,建议措施 / RecommendedAction / action / 怎么处理 / 咋处理:,错误,0.0,560.71,语义RAG,0.6667,0.0,0,0.0,3,-; Design review; improved material selection,,,,,-; Design review; improved material selection,,潜在失效模式；潜在失效后果；建议措施,103,
943,943,baseline模型,baseline兼容旧逻辑,故障措施推荐类,失效现象后果查处置建议,后果到措施推理,,,困难,请给出“Debris disturbance”导致“Cable damage - operational disruption”时的风险处置建议。,-; Environmental protections; debris management,建议措施 / RecommendedAction / action / 怎么处理 / 咋处理:,错误,0.0,550.45,语义RAG,0.3333,0.0,0,0.0,3,-; Environmental protections; debris management,,,,,-; Environmental protections; debris management,,潜在失效模式；潜在失效后果；建议措施,104,
944,944,baseline模型,baseline兼容旧逻辑,故障措施推荐类,失效现象后果查处置建议,后果到措施推理,,,困难,请给出“Detachment”导致“cable disconnection - water penetration - Power loss”时的风险处置建议。,-; Design review; improved material selection,建议措施 / RecommendedAction / action / 怎么处理 / 咋处理:,错误,0.0,581.92,语义RAG,0.3333,0.0,0,0.0,3,-; Design review; improved material selection,,,,,-; Design review; improved material selection,,潜在失效模式；潜在失效后果；建议措施,105,
945,945,baseline模型,baseline兼容旧逻辑,故障措施推荐类,失效现象后果查处置建议,后果到措施推理,,,困难,请给出“Failure of end termination”导致“breakdown of insulation”时的风险处置建议。,-; Design improvements; enhanced termination QA,建议措施 / RecommendedAction / action / 怎么处理 / 咋处理: 未记录.,错误,0.0,648.92,语义RAG,1.0,0.0,0,0.0,3,-; Design improvements; enhanced termination QA,,,,,-; Design improvements; enhanced termination QA,,潜在失效模式；潜在失效后果；建议措施,107,
946,946,baseline模型,baseline兼容旧逻辑,故障措施推荐类,失效现象后果查处置建议,后果到措施推理,,,困难,请给出“Failure of watertightness”导致“Reduced or interupted electricity flow”时的风险处置建议。,"Installation QA/QC: pull-in tension verification, handling procedures; Watertightness assurance: enhanced sealing tests; end termination QA; -",建议措施 / RecommendedAction / action / 怎么处理 / 咋处理:,错误,0.0,629.71,语义RAG,0.6667,0.0,0,0.0,3,"Installation QA/QC: pull-in tension verification, handling procedures; Watertightness assurance: enhanced sealing tests; end termination QA; -",,,,,"Installation QA/QC: pull-in tension verification, handling procedures; Watertightness assurance: enhanced sealing tests; end termination QA; -",,潜在失效模式；潜在失效后果；建议措施,112,
947,947,baseline模型,baseline兼容旧逻辑,故障措施推荐类,失效现象后果查处置建议,后果到措施推理,,,困难,请给出“failures of conductors”导致“Electrical faults - loss of production”时的风险处置建议。,"-; Monitoring (DTS/RTTR, electrical integrity tests)",建议措施 / RecommendedAction / action / 怎么处理 / 咋处理:,错误,0.0,574.2,语义RAG,0.6667,0.0,0,0.0,3,"-; Monitoring (DTS/RTTR, electrical integrity tests)",,,,,"-; Monitoring (DTS/RTTR, electrical integrity tests)",,潜在失效模式；潜在失效后果；建议措施,114,
948,948,baseline模型,baseline兼容旧逻辑,故障措施推荐类,失效现象后果查处置建议,后果到措施推理,,,困难,请给出“Fatigue Cracks”导致“Crack may evolve in a fault of the cable - Cable weakening”时的风险处置建议。,"Monitoring: DTS/RTTR, electrical integrity tests, leak detection; -",建议措施 / RecommendedAction / action / 怎么处理 / 咋处理:,错误,0.0,625.94,语义RAG,0.3333,0.0,0,0.0,3,"Monitoring: DTS/RTTR, electrical integrity tests, leak detection; -",,,,,"Monitoring: DTS/RTTR, electrical integrity tests, leak detection; -",,潜在失效模式；潜在失效后果；建议措施,115,
949,949,baseline模型,baseline兼容旧逻辑,故障措施推荐类,失效现象后果查处置建议,后果到措施推理,,,困难,请给出“material degradation”导致“Weakening of cable materials - loss of production”时的风险处置建议。,"Monitoring: DTS/RTTR, electrical integrity tests, leak detection; -",建议措施 / RecommendedAction / action / 怎么处理 / 咋处理:,错误,0.0,594.11,语义RAG,0.3333,0.0,0,0.0,3,"Monitoring: DTS/RTTR, electrical integrity tests, leak detection; -",,,,,"Monitoring: DTS/RTTR, electrical integrity tests, leak detection; -",,潜在失效模式；潜在失效后果；建议措施,119,
950,950,baseline模型,baseline兼容旧逻辑,故障措施推荐类,失效现象后果查处置建议,后果到措施推理,,,困难,请给出“Movement of CPS due to scour/seabed mobility”导致“Cable being vulnerable to scour and need for repair or replacement”时的风险处置建议。,Burial/trenching optimization; scour mitigation; as-built metrology; -,建议措施 / RecommendedAction / action / 怎么处理 / 咋处理:,错误,0.0,632.06,语义RAG,1.0,0.0,0,0.0,3,Burial/trenching optimization; scour mitigation; as-built metrology; -,,,,,Burial/trenching optimization; scour mitigation; as-built metrology; -,,潜在失效模式；潜在失效后果；建议措施,122,
951,951,baseline模型,baseline兼容旧逻辑,故障措施推荐类,失效现象后果查处置建议,后果到措施推理,,,困难,"请给出“Reduced sediment cover lower than designed value for protection”导致“need for re-burial, change of cable protection requirement or even replacement of cable”时的风险处置建议。","Burial/trenching optimization; scour mitigation; as-built metrology; Monitoring: DTS/RTTR, electrical integrity tests, leak detection; -",建议措施 / RecommendedAction / action / 怎么处理 / 咋处理: 未记录.,错误,0.0,633.37,语义RAG,1.0,0.0,0,0.0,3,"Burial/trenching optimization; scour mitigation; as-built metrology; Monitoring: DTS/RTTR, electrical integrity tests, leak detection; -",,,,,"Burial/trenching optimization; scour mitigation; as-built metrology; Monitoring: DTS/RTTR, electrical integrity tests, leak detection; -",,潜在失效模式；潜在失效后果；建议措施,125,
952,952,baseline模型,baseline兼容旧逻辑,故障措施推荐类,失效现象后果查处置建议,后果到措施推理,,,困难,请给出“Small bending radius”导致“Cable damage - insulation degradation”时的风险处置建议。,Lazy-wave configuration optimization; buoyancy spacing; hang-off upgrades; -,建议措施 / RecommendedAction / action / 怎么处理 / 咋处理:,错误,0.0,582.16,语义RAG,0.3333,0.0,0,0.0,3,Lazy-wave configuration optimization; buoyancy spacing; hang-off upgrades; -,,,,,Lazy-wave configuration optimization; buoyancy spacing; hang-off upgrades; -,,潜在失效模式；潜在失效后果；建议措施,128,
953,953,baseline模型,baseline兼容旧逻辑,故障措施推荐类,原因后果查建议措施,原因到措施推理,,,困难,"依据FMEA，若“Environmental loads; The interaction between the blades and the tower can cause pressure fluctuations, leading to cyclic fatigue”造成“Failure of whole facility and vast economic loses”，对应的建议措施是什么？",High-fidelity coupled aero-hydro-elastic simulation in design updates; Thicker shell sections / local reinforcement,建议措施 / RecommendedAction / action / 怎么处理 / 咋处理: -,错误,0.0,601.67,语义RAG,0.3333,0.0,0,0.0,3,High-fidelity coupled aero-hydro-elastic simulation in design updates; Thicker shell sections / local reinforcement,,,,,High-fidelity coupled aero-hydro-elastic simulation in design updates; Thicker shell sections / local reinforcement,,潜在失效原因/机理；潜在失效后果；建议措施,4,
954,954,baseline模型,baseline兼容旧逻辑,故障措施推荐类,原因后果查建议措施,原因到措施推理,,,困难,依据FMEA，若“Environmental loads; Material fatigue due to high waves and high frequency of loads”造成“Failure of whole facility and vast economic loses”，对应的建议措施是什么？,"Enhanced SHM: acoustic emission, strain gauges, modal monitoring; -; High-fidelity coupled aero-hydro-elastic simulation in design updates; Weld detail optimization and hotspot redesign",建议措施 / RecommendedAction / action / 怎么处理 / 咋处理:,错误,0.0,566.42,语义RAG,0.3333,0.0,0,0.0,3,"Enhanced SHM: acoustic emission, strain gauges, modal monitoring; -; High-fidelity coupled aero-hydro-elastic simulation in design updates; Weld detail optimization and hotspot redesign",,,,,"Enhanced SHM: acoustic emission, strain gauges, modal monitoring; -; High-fidelity coupled aero-hydro-elastic simulation in design updates; Weld detail optimization and hotspot redesign",,潜在失效原因/机理；潜在失效后果；建议措施,5,
955,955,baseline模型,baseline兼容旧逻辑,故障措施推荐类,原因后果查建议措施,原因到措施推理,,,困难,依据FMEA，若“Environmental condition; Cyclic wind/wave loading (above design assumption)creates stress concentrations and fatigue.”造成“Potential collapse”，对应的建议措施是什么？,"Weld detail optimization and hotspot redesign; Enhanced SHM: acoustic emission, strain gauges, modal monitoring; Thicker shell sections / local reinforcement; High-fidelity coupled aero-hydro-elastic simulation in design updates",建议措施 / RecommendedAction / action / 怎么处理 / 咋处理:,错误,0.0,592.29,语义RAG,0.6667,0.0,0,0.0,3,"Weld detail optimization and hotspot redesign; Enhanced SHM: acoustic emission, strain gauges, modal monitoring; Thicker shell sections / local reinforcement; High-fidelity coupled aero-hydro-elastic simulation in design updates",,,,,"Weld detail optimization and hotspot redesign; Enhanced SHM: acoustic emission, strain gauges, modal monitoring; Thicker shell sections / local reinforcement; High-fidelity coupled aero-hydro-elastic simulation in design updates",,潜在失效原因/机理；潜在失效后果；建议措施,6,
956,956,baseline模型,baseline兼容旧逻辑,故障措施推荐类,原因后果查建议措施,原因到措施推理,,,困难,依据FMEA，若“Design phase; Plastic deformation due to insufficient yield strength and lack of detailed stress analysis and simulations”造成“Potential collapse”，对应的建议措施是什么？,Operational limits & control strategies for extreme motions; Blade–tower clearance and control optimization for extreme motions; High-fidelity coupled aero-hydro-elastic simulation in design updates,建议措施 / RecommendedAction / action / 怎么处理 / 咋处理:,错误,0.0,542.57,语义RAG,0.6667,0.0,0,0.0,3,Operational limits & control strategies for extreme motions; Blade–tower clearance and control optimization for extreme motions; High-fidelity coupled aero-hydro-elastic simulation in design updates,,,,,Operational limits & control strategies for extreme motions; Blade–tower clearance and control optimization for extreme motions; High-fidelity coupled aero-hydro-elastic simulation in design updates,,潜在失效原因/机理；潜在失效后果；建议措施,22,
957,957,baseline模型,baseline兼容旧逻辑,故障措施推荐类,原因后果查建议措施,原因到措施推理,,,困难,"依据FMEA，若“Design; Analysis and calculation fault due to human error”造成“Tower Unit collapse, Floater Unit damage”，对应的建议措施是什么？","Interface redesign to reduce stress concentrations (fillets, radii); High-fidelity coupled analysis of TP–tower–floater interaction; Improve engineering skills","根据上下文，对于失效模式 ""Transition piece break""，其失效原因是 ""Design; Analysis and calculation fault due to human error [11]""，但没有提供具体的建议措施。因此，依据FMEA，没有针对该失效模式的具体建议措施。",错误,0.0,905.56,语义RAG,0.3333,0.0,0,0.0,3,"Interface redesign to reduce stress concentrations (fillets, radii); High-fidelity coupled analysis of TP–tower–floater interaction; Improve engineering skills",,,,,"Interface redesign to reduce stress concentrations (fillets, radii); High-fidelity coupled analysis of TP–tower–floater interaction; Improve engineering skills",,潜在失效原因/机理；潜在失效后果；建议措施,24,
958,958,baseline模型,baseline兼容旧逻辑,故障措施推荐类,原因后果查建议措施,原因到措施推理,,,困难,"依据FMEA，若“Operation and Maintenance; Brittle fracture due to extreme environmental temperature, leading to a shift in the ductile-to-brittle transition temperature”造成“tension failure (rupture), buckling of the transition piece/ Tower unit damage”，对应的建议措施是什么？","SHM for TP connections (strain gauges, acoustic emission, bolt preload monitoring); Design requalification for extreme storms (updated metocean; load cases); -",建议措施 / RecommendedAction / action / 怎么处理 / 咋处理: -,错误,0.0,627.03,语义RAG,0.6667,0.0,0,0.0,3,"SHM for TP connections (strain gauges, acoustic emission, bolt preload monitoring); Design requalification for extreme storms (updated metocean; load cases); -",,,,,"SHM for TP connections (strain gauges, acoustic emission, bolt preload monitoring); Design requalification for extreme storms (updated metocean; load cases); -",,潜在失效原因/机理；潜在失效后果；建议措施,25,
959,959,baseline模型,baseline兼容旧逻辑,故障措施推荐类,原因后果查建议措施,原因到措施推理,,,困难,"依据FMEA，若“Operation; Changes in wave spectra can cause increased loads, resonance, and stress concentrations, leading to plastic deformation in offshore wind turbines.”造成“Local stress accumulation”，对应的建议措施是什么？","SHM for TP connections (strain gauges, acoustic emission, bolt preload monitoring); Design requalification for extreme storms (updated metocean; load cases); High-fidelity coupled analysis of TP–tower–floater interaction; -",建议措施 / RecommendedAction / action / 怎么处理 / 咋处理: -,错误,0.0,599.71,语义RAG,0.6667,0.0,0,0.0,3,"SHM for TP connections (strain gauges, acoustic emission, bolt preload monitoring); Design requalification for extreme storms (updated metocean; load cases); High-fidelity coupled analysis of TP–tower–floater interaction; -",,,,,"SHM for TP connections (strain gauges, acoustic emission, bolt preload monitoring); Design requalification for extreme storms (updated metocean; load cases); High-fidelity coupled analysis of TP–tower–floater interaction; -",,潜在失效原因/机理；潜在失效后果；建议措施,26,
960,960,baseline模型,baseline兼容旧逻辑,故障措施推荐类,原因后果查建议措施,原因到措施推理,,,困难,"依据FMEA，若“Environmental condition; Design parameters superseded due to climate change”造成“Tower Unit collapse, Floater Unit damage”，对应的建议措施是什么？",High-fidelity coupled analysis of TP–tower–floater interaction; Design requalification for extreme storms (updated metocean; load cases); Improved metocean data measurements,-,错误,0.0,834.97,语义RAG,0.6667,0.0,0,0.0,3,High-fidelity coupled analysis of TP–tower–floater interaction; Design requalification for extreme storms (updated metocean; load cases); Improved metocean data measurements,,,,,High-fidelity coupled analysis of TP–tower–floater interaction; Design requalification for extreme storms (updated metocean; load cases); Improved metocean data measurements,,潜在失效原因/机理；潜在失效后果；建议措施,28,
961,961,baseline模型,baseline兼容旧逻辑,故障措施推荐类,原因后果查建议措施,原因到措施推理,,,困难,依据FMEA，若“Environmental Loads; Extreme environmental conditions like hurricanes or storm surges can subject the transition piece to large forces that exceed their design limits”造成“Tower transition piece connections failure/ displacement variations between tower end”，对应的建议措施是什么？,Design requalification for extreme storms (updated metocean; load cases); High-fidelity coupled aero-hydro-elastic simulation in design updates,建议措施 / RecommendedAction / action / 怎么处理 / 咋处理:,错误,0.0,592.79,语义RAG,0.6667,0.0,0,0.0,3,Design requalification for extreme storms (updated metocean; load cases); High-fidelity coupled aero-hydro-elastic simulation in design updates,,,,,Design requalification for extreme storms (updated metocean; load cases); High-fidelity coupled aero-hydro-elastic simulation in design updates,,潜在失效原因/机理；潜在失效后果；建议措施,32,
962,962,baseline模型,baseline兼容旧逻辑,故障措施推荐类,原因后果查建议措施,原因到措施推理,,,困难,"依据FMEA，若“Design; Under-designed structure/ Component due to human error/Insufficient environmental data”造成“Tower Unit collapse, Floater Unit damage”，对应的建议措施是什么？",High-fidelity coupled analysis of TP–tower–floater interaction; Design requalification for extreme storms (updated metocean; load cases); High-fidelity coupled aero-hydro-elastic simulation in design updates,-,错误,0.0,849.22,语义RAG,0.6667,0.0,0,0.0,3,High-fidelity coupled analysis of TP–tower–floater interaction; Design requalification for extreme storms (updated metocean; load cases); High-fidelity coupled aero-hydro-elastic simulation in design updates,,,,,High-fidelity coupled analysis of TP–tower–floater interaction; Design requalification for extreme storms (updated metocean; load cases); High-fidelity coupled aero-hydro-elastic simulation in design updates,,潜在失效原因/机理；潜在失效后果；建议措施,39,
963,963,baseline模型,baseline兼容旧逻辑,故障措施推荐类,原因后果查建议措施,原因到措施推理,,,困难,"依据FMEA，若“Operation and Maintenance; Undetected defects and poor quality control”造成“Tower Unit collapse, Floater Unit damage”，对应的建议措施是什么？","SHM for TP connections (strain gauges, acoustic emission, bolt preload monitoring); Welding quality assurance and NDT enhancement (phased-array UT)",建议措施 / RecommendedAction / action / 怎么处理 / 咋处理:,错误,0.0,586.91,语义RAG,0.3333,0.0,0,0.0,3,"SHM for TP connections (strain gauges, acoustic emission, bolt preload monitoring); Welding quality assurance and NDT enhancement (phased-array UT)",,,,,"SHM for TP connections (strain gauges, acoustic emission, bolt preload monitoring); Welding quality assurance and NDT enhancement (phased-array UT)",,潜在失效原因/机理；潜在失效后果；建议措施,40,
964,964,baseline模型,baseline兼容旧逻辑,故障措施推荐类,原因后果查建议措施,原因到措施推理,,,困难,"依据FMEA，若“Design; Analysis and Calculation fault due to human error”造成“Watertight fault, Potential Floater Unit sinkage”，对应的建议措施是什么？",Expanded design load cases (including typhoon/hurricane scenarios); Freeboard margin increase and water-tight compartmentalization; Improve engineering skills,建议措施 / RecommendedAction / action / 怎么处理 / 咋处理:,错误,0.0,615.25,语义RAG,0.6667,0.0,0,0.0,3,Expanded design load cases (including typhoon/hurricane scenarios); Freeboard margin increase and water-tight compartmentalization; Improve engineering skills,,,,,Expanded design load cases (including typhoon/hurricane scenarios); Freeboard margin increase and water-tight compartmentalization; Improve engineering skills,,潜在失效原因/机理；潜在失效后果；建议措施,45,
965,965,baseline模型,baseline兼容旧逻辑,故障措施推荐类,原因后果查建议措施,原因到措施推理,,,困难,依据FMEA，若“Design; Analysis and Calculation fault due to human error”造成“Project cancellation”，对应的建议措施是什么？,Expanded design load cases (including typhoon/hurricane scenarios); -; Improved engineering skills,建议措施=未记录.,错误,0.0,433.51,语义RAG,0.6667,0.0,0,0.0,3,Expanded design load cases (including typhoon/hurricane scenarios); -; Improved engineering skills,,,,,Expanded design load cases (including typhoon/hurricane scenarios); -; Improved engineering skills,,潜在失效原因/机理；潜在失效后果；建议措施,46,
966,966,baseline模型,baseline兼容旧逻辑,故障措施推荐类,原因后果查建议措施,原因到措施推理,,,困难,依据FMEA，若“Environmental condition; Design parameter superseded due to climate change”造成“Structural reassessment”，对应的建议措施是什么？,Expanded design load cases (including typhoon/hurricane scenarios); -,建议措施 / RecommendedAction / action / 怎么处理 / 咋处理: -,错误,0.0,590.23,语义RAG,0.3333,0.0,0,0.0,3,Expanded design load cases (including typhoon/hurricane scenarios); -,,,,,Expanded design load cases (including typhoon/hurricane scenarios); -,,潜在失效原因/机理；潜在失效后果；建议措施,49,
967,967,baseline模型,baseline兼容旧逻辑,故障措施推荐类,原因后果查建议措施,原因到措施推理,,,困难,依据FMEA，若“Operation; Dynamic umbilical connection/cable fail”造成“Potential failure”，对应的建议措施是什么？,Freeboard margin increase and water-tight compartmentalization; -; Expanded design load cases (including typhoon/hurricane scenarios); Improved cable mechnical design,建议措施 / RecommendedAction / action / 怎么处理 / 咋处理:,错误,0.0,587.78,语义RAG,0.3333,0.0,0,0.0,3,Freeboard margin increase and water-tight compartmentalization; -; Expanded design load cases (including typhoon/hurricane scenarios); Improved cable mechnical design,,,,,Freeboard margin increase and water-tight compartmentalization; -; Expanded design load cases (including typhoon/hurricane scenarios); Improved cable mechnical design,,潜在失效原因/机理；潜在失效后果；建议措施,50,
968,968,baseline模型,baseline兼容旧逻辑,故障措施推荐类,原因后果查建议措施,原因到措施推理,,,困难,依据FMEA，若“Environmental condition; Extreme horizontal oscillatory force”造成“Asset damage Energy production loss”，对应的建议措施是什么？,"Expanded design load cases (including typhoon/hurricane scenarios); Operational limits: weather windows, alarm thresholds for motions; Resonance avoidance via structural tuning/damping",建议措施 / RecommendedAction / action / 怎么处理 / 咋处理: -,错误,0.0,580.32,语义RAG,0.6667,0.0,0,0.0,3,"Expanded design load cases (including typhoon/hurricane scenarios); Operational limits: weather windows, alarm thresholds for motions; Resonance avoidance via structural tuning/damping",,,,,"Expanded design load cases (including typhoon/hurricane scenarios); Operational limits: weather windows, alarm thresholds for motions; Resonance avoidance via structural tuning/damping",,潜在失效原因/机理；潜在失效后果；建议措施,52,
969,969,baseline模型,baseline兼容旧逻辑,故障措施推荐类,原因后果查建议措施,原因到措施推理,,,困难,依据FMEA，若“Operation; Fatigue due to continuous vibrations/resonance”造成“Structural failure”，对应的建议措施是什么？,Expanded design load cases (including typhoon/hurricane scenarios); Resonance avoidance via structural tuning/damping; High-fidelity coupled aero-hydro-elastic simulation in design updates,建议措施 / RecommendedAction / action / 怎么处理 / 咋处理:,错误,0.0,584.55,语义RAG,0.3333,0.0,0,0.0,3,Expanded design load cases (including typhoon/hurricane scenarios); Resonance avoidance via structural tuning/damping; High-fidelity coupled aero-hydro-elastic simulation in design updates,,,,,Expanded design load cases (including typhoon/hurricane scenarios); Resonance avoidance via structural tuning/damping; High-fidelity coupled aero-hydro-elastic simulation in design updates,,潜在失效原因/机理；潜在失效后果；建议措施,53,
970,970,baseline模型,baseline兼容旧逻辑,故障措施推荐类,原因后果查建议措施,原因到措施推理,,,困难,依据FMEA，若“Design; Insufficient structural strength and cracks on the floater resulting in water ingress to the support structure”造成“Potential Failure/Asset damage Energy production loss”，对应的建议措施是什么？,Ballast redundancy and automated ballast management; Freeboard margin increase and water-tight compartmentalization; Expanded design load cases (including typhoon/hurricane scenarios),建议措施 / RecommendedAction / action / 怎么处理 / 咋处理:,错误,0.0,633.93,语义RAG,0.3333,0.0,0,0.0,3,Ballast redundancy and automated ballast management; Freeboard margin increase and water-tight compartmentalization; Expanded design load cases (including typhoon/hurricane scenarios),,,,,Ballast redundancy and automated ballast management; Freeboard margin increase and water-tight compartmentalization; Expanded design load cases (including typhoon/hurricane scenarios),,潜在失效原因/机理；潜在失效后果；建议措施,58,
971,971,baseline模型,baseline兼容旧逻辑,故障措施推荐类,原因后果查建议措施,原因到措施推理,,,困难,依据FMEA，若“Operation; Structure brittle fracture due to extreme environmental temperature”造成“Tower collapse”，对应的建议措施是什么？,"Operational limits: weather windows, alarm thresholds for motions; Other- Specify; Expanded design load cases (including typhoon/hurricane scenarios); Better understanding of temperature ranges",-,错误,0.0,472.72,语义RAG,0.3333,0.0,0,0.0,3,"Operational limits: weather windows, alarm thresholds for motions; Other- Specify; Expanded design load cases (including typhoon/hurricane scenarios); Better understanding of temperature ranges",,,,,"Operational limits: weather windows, alarm thresholds for motions; Other- Specify; Expanded design load cases (including typhoon/hurricane scenarios); Better understanding of temperature ranges",,潜在失效原因/机理；潜在失效后果；建议措施,68,
972,972,baseline模型,baseline兼容旧逻辑,故障措施推荐类,原因后果查建议措施,原因到措施推理,,,困难,依据FMEA，若“Operation; Structures break/collapse due to collision with other FWT”造成“Potential Failure/Asset damage Energy production loss”，对应的建议措施是什么？,"Operational limits: weather windows, alarm thresholds for motions; -; Expanded design load cases (including typhoon/hurricane scenarios); Freeboard margin increase and water-tight compartmentalization",建议措施 / RecommendedAction / action / 怎么处理 / 咋处理:,错误,0.0,571.24,语义RAG,0.3333,0.0,0,0.0,3,"Operational limits: weather windows, alarm thresholds for motions; -; Expanded design load cases (including typhoon/hurricane scenarios); Freeboard margin increase and water-tight compartmentalization",,,,,"Operational limits: weather windows, alarm thresholds for motions; -; Expanded design load cases (including typhoon/hurricane scenarios); Freeboard margin increase and water-tight compartmentalization",,潜在失效原因/机理；潜在失效后果；建议措施,69,
973,973,baseline模型,baseline兼容旧逻辑,故障措施推荐类,原因后果查建议措施,原因到措施推理,,,困难,"依据FMEA，若“Environmental condition; Typhoon can cause failure of the floating unit if it gets hit by dropping objects. (eg. damaged blade)(strong wind/wave)”造成“Damage to the facility, vast economic loses”，对应的建议措施是什么？",Expanded design load cases (including typhoon/hurricane scenarios); High-fidelity coupled aero-hydro-elastic simulation in design updates; -,建议措施 / RecommendedAction / action / 怎么处理 / 咋处理:,错误,0.0,592.11,语义RAG,0.3333,0.0,0,0.0,3,Expanded design load cases (including typhoon/hurricane scenarios); High-fidelity coupled aero-hydro-elastic simulation in design updates; -,,,,,Expanded design load cases (including typhoon/hurricane scenarios); High-fidelity coupled aero-hydro-elastic simulation in design updates; -,,潜在失效原因/机理；潜在失效后果；建议措施,70,
974,974,baseline模型,baseline兼容旧逻辑,故障措施推荐类,原因后果查建议措施,原因到措施推理,,,困难,"依据FMEA，若“Design; Underdesigned structure/Component due to insufficient environmental data”造成“Watertight fault, Potential Floater Unit sinkage”，对应的建议措施是什么？",Expanded design load cases (including typhoon/hurricane scenarios); High-fidelity coupled aero-hydro-elastic simulation in design updates,-,错误,0.0,827.89,语义RAG,0.6667,0.0,0,0.0,3,Expanded design load cases (including typhoon/hurricane scenarios); High-fidelity coupled aero-hydro-elastic simulation in design updates,,,,,Expanded design load cases (including typhoon/hurricane scenarios); High-fidelity coupled aero-hydro-elastic simulation in design updates,,潜在失效原因/机理；潜在失效后果；建议措施,71,
975,975,baseline模型,baseline兼容旧逻辑,故障措施推荐类,原因后果查建议措施,原因到措施推理,,,困难,"依据FMEA，若“Maintenance; Undetected defects due to poor quality control”造成“Watertight fault, Potential Floater Unit sinkage”，对应的建议措施是什么？","Operational limits: weather windows, alarm thresholds for motions; Other- Specify; -; Welding quality assurance and NDT enhancement (phased-array UT)",建议措施 / RecommendedAction / action / 怎么处理 / 咋处理: -,错误,0.0,614.3,语义RAG,0.6667,0.0,0,0.0,3,"Operational limits: weather windows, alarm thresholds for motions; Other- Specify; -; Welding quality assurance and NDT enhancement (phased-array UT)",,,,,"Operational limits: weather windows, alarm thresholds for motions; Other- Specify; -; Welding quality assurance and NDT enhancement (phased-array UT)",,潜在失效原因/机理；潜在失效后果；建议措施,72,
976,976,baseline模型,baseline兼容旧逻辑,故障措施推荐类,原因后果查建议措施,原因到措施推理,,,困难,依据FMEA，若“Operation; Abnormal working conditions”造成“Anchor failure”，对应的建议措施是什么？,"Continuous tension and vibration monitoring; thresholds for intervention; Procedural controls: load management, operational envelopes; Better design by expanded load case matrix including more failure modes; -",未记录.,错误,0.0,482.03,语义RAG,0.3333,0.0,0,0.0,3,"Continuous tension and vibration monitoring; thresholds for intervention; Procedural controls: load management, operational envelopes; Better design by expanded load case matrix including more failure modes; -",,,,,"Continuous tension and vibration monitoring; thresholds for intervention; Procedural controls: load management, operational envelopes; Better design by expanded load case matrix including more failure modes; -",,潜在失效原因/机理；潜在失效后果；建议措施,75,
977,977,baseline模型,baseline兼容旧逻辑,故障措施推荐类,原因后果查建议措施,原因到措施推理,,,困难,依据FMEA，若“Operation; Cyclic degradation”造成“Anchor failure”，对应的建议措施是什么？,"Continuous tension and vibration monitoring; thresholds for intervention; Procedural controls: load management, operational envelopes; Better design by expanded load case matrix including more failure modes; -",建议措施=未记录.,错误,0.0,449.91,语义RAG,0.6667,0.0,0,0.0,3,"Continuous tension and vibration monitoring; thresholds for intervention; Procedural controls: load management, operational envelopes; Better design by expanded load case matrix including more failure modes; -",,,,,"Continuous tension and vibration monitoring; thresholds for intervention; Procedural controls: load management, operational envelopes; Better design by expanded load case matrix including more failure modes; -",,潜在失效原因/机理；潜在失效后果；建议措施,76,
978,978,baseline模型,baseline兼容旧逻辑,故障措施推荐类,原因后果查建议措施,原因到措施推理,,,困难,依据FMEA，若“Operation; Fairlead fatigue”造成“The anchor cannot be dropped and lift”，对应的建议措施是什么？,Continuous tension and vibration monitoring; thresholds for intervention; Fairlead geometry improvements and low-wear lining; Optimized chain/wire/rope selection and fatigue margins (design); -,建议措施 / RecommendedAction / action / 怎么处理 / 咋处理:,错误,0.0,621.87,语义RAG,0.3333,0.0,0,0.0,3,Continuous tension and vibration monitoring; thresholds for intervention; Fairlead geometry improvements and low-wear lining; Optimized chain/wire/rope selection and fatigue margins (design); -,,,,,Continuous tension and vibration monitoring; thresholds for intervention; Fairlead geometry improvements and low-wear lining; Optimized chain/wire/rope selection and fatigue margins (design); -,,潜在失效原因/机理；潜在失效后果；建议措施,79,
979,979,baseline模型,baseline兼容旧逻辑,故障措施推荐类,原因后果查建议措施,原因到措施推理,,,困难,依据FMEA，若“Operation; Fairlead corrosion”造成“The anchor cannot be dropped and lift”，对应的建议措施是什么？,Cathodic protection and corrosion monitoring regimes; -,建议措施 / RecommendedAction / action / 怎么处理 / 咋处理: -,错误,0.0,593.7,语义RAG,0.6667,0.0,0,0.0,3,Cathodic protection and corrosion monitoring regimes; -,,,,,Cathodic protection and corrosion monitoring regimes; -,,潜在失效原因/机理；潜在失效后果；建议措施,80,
980,980,baseline模型,baseline兼容旧逻辑,故障措施推荐类,原因后果查建议措施,原因到措施推理,,,困难,依据FMEA，若“Manufacturing; Poor splice quality/ workmanship/qualification”造成“Mooring line strength decrease or broken”，对应的建议措施是什么？,ROV visual inspections; targeted maintenance on wear zones; Diversity in materials/vendors to reduce common-cause risks; -,建议措施 / RecommendedAction / action / 怎么处理 / 咋处理:,错误,0.0,600.75,语义RAG,1.0,0.0,0,0.0,3,ROV visual inspections; targeted maintenance on wear zones; Diversity in materials/vendors to reduce common-cause risks; -,,,,,ROV visual inspections; targeted maintenance on wear zones; Diversity in materials/vendors to reduce common-cause risks; -,,潜在失效原因/机理；潜在失效后果；建议措施,82,
981,981,baseline模型,baseline兼容旧逻辑,故障措施推荐类,原因后果查建议措施,原因到措施推理,,,困难,依据FMEA，若“Environmental condition; Abnormal stress due to mooring lines wear caused by unexpected seismic loads/ The tension overpassing the limit value can cause the mooring line to instantaneously break”造成“Mooring line strength decrease or broken”，对应的建议措施是什么？,Continuous tension and vibration monitoring; thresholds for intervention; -,建议措施 / RecommendedAction / action / 怎么处理 / 咋处理:,错误,0.0,575.95,语义RAG,0.6667,0.0,0,0.0,3,Continuous tension and vibration monitoring; thresholds for intervention; -,,,,,Continuous tension and vibration monitoring; thresholds for intervention; -,,潜在失效原因/机理；潜在失效后果；建议措施,83,
982,982,baseline模型,baseline兼容旧逻辑,故障措施推荐类,原因后果查建议措施,原因到措施推理,,,困难,依据FMEA，若“Environmental condition; Mooring lines wear caused by unexpected external damage (from e.g. overtrawling)/particulate ingress/UV light”造成“Mooring line strength decrease or broken”，对应的建议措施是什么？,Continuous tension and vibration monitoring; thresholds for intervention; -,建议措施 / RecommendedAction / action / 怎么处理 / 咋处理: -,错误,0.0,563.14,语义RAG,1.0,0.0,0,0.0,3,Continuous tension and vibration monitoring; thresholds for intervention; -,,,,,Continuous tension and vibration monitoring; thresholds for intervention; -,,潜在失效原因/机理；潜在失效后果；建议措施,84,
983,983,baseline模型,baseline兼容旧逻辑,故障措施推荐类,原因后果查建议措施,原因到措施推理,,,困难,依据FMEA，若“Maintenance; Mooring lines corrosion due to improper maintenance of the corroded components”造成“Mooring line strength decrease or broken”，对应的建议措施是什么？,Continuous tension and vibration monitoring; thresholds for intervention; Optimized chain/wire/rope selection and fatigue margins (design); -,建议措施 / RecommendedAction / action / 怎么处理 / 咋处理: -,错误,0.0,652.55,语义RAG,1.0,0.0,0,0.0,3,Continuous tension and vibration monitoring; thresholds for intervention; Optimized chain/wire/rope selection and fatigue margins (design); -,,,,,Continuous tension and vibration monitoring; thresholds for intervention; Optimized chain/wire/rope selection and fatigue margins (design); -,,潜在失效原因/机理；潜在失效后果；建议措施,85,
984,984,baseline模型,baseline兼容旧逻辑,故障措施推荐类,原因后果查建议措施,原因到措施推理,,,困难,"依据FMEA，若“Operation; Mooring line fatigue due to Improper operational procedures, such as excessive loading, bending or twisting.”造成“Mooring line strength decrease or broken”，对应的建议措施是什么？",Continuous tension and vibration monitoring; thresholds for intervention; Optimized chain/wire/rope selection and fatigue margins (design); -,建议措施 / RecommendedAction / action / 怎么处理 / 咋处理: 未记录.,错误,0.0,669.24,语义RAG,1.0,0.0,0,0.0,3,Continuous tension and vibration monitoring; thresholds for intervention; Optimized chain/wire/rope selection and fatigue margins (design); -,,,,,Continuous tension and vibration monitoring; thresholds for intervention; Optimized chain/wire/rope selection and fatigue margins (design); -,,潜在失效原因/机理；潜在失效后果；建议措施,87,
985,985,baseline模型,baseline兼容旧逻辑,故障措施推荐类,原因后果查建议措施,原因到措施推理,,,困难,依据FMEA，若“Operation; Transitional chain wear due to repeated loading and unloading cycles over time”造成“Asset not in correct location or position”，对应的建议措施是什么？,"ROV visual inspections; targeted maintenance on wear zones; Optimized chain/wire/rope selection and fatigue margins (design); Only chain and wire above MSL, keep fiber ropes wet; -",建议措施 / RecommendedAction / action / 怎么处理 / 咋处理: -,错误,0.0,641.64,语义RAG,1.0,0.0,0,0.0,3,"ROV visual inspections; targeted maintenance on wear zones; Optimized chain/wire/rope selection and fatigue margins (design); Only chain and wire above MSL, keep fiber ropes wet; -",,,,,"ROV visual inspections; targeted maintenance on wear zones; Optimized chain/wire/rope selection and fatigue margins (design); Only chain and wire above MSL, keep fiber ropes wet; -",,潜在失效原因/机理；潜在失效后果；建议措施,91,
986,986,baseline模型,baseline兼容旧逻辑,故障措施推荐类,原因后果查建议措施,原因到措施推理,,,困难,依据FMEA，若“Maintenance; Transitional chain wear due to improper inspection and maintenance”造成“Asset not in correct location or position”，对应的建议措施是什么？,"ROV visual inspections; targeted maintenance on wear zones; Optimized chain/wire/rope selection and fatigue margins (design); Only chain and wire above MSL, keep fiber ropes wet; -",建议措施 / RecommendedAction / action / 怎么处理 / 咋处理: -,错误,0.0,633.77,语义RAG,1.0,0.0,0,0.0,3,"ROV visual inspections; targeted maintenance on wear zones; Optimized chain/wire/rope selection and fatigue margins (design); Only chain and wire above MSL, keep fiber ropes wet; -",,,,,"ROV visual inspections; targeted maintenance on wear zones; Optimized chain/wire/rope selection and fatigue margins (design); Only chain and wire above MSL, keep fiber ropes wet; -",,潜在失效原因/机理；潜在失效后果；建议措施,92,
987,987,baseline模型,baseline兼容旧逻辑,故障措施推荐类,原因后果查建议措施,原因到措施推理,,,困难,"依据FMEA，若“Operation; Friction chain wear due to significant movement and tension due to the forces of wind, waves”造成“Asset not in correct location or position”，对应的建议措施是什么？","ROV visual inspections; targeted maintenance on wear zones; Optimized chain/wire/rope selection and fatigue margins (design); Only chain and wire above MSL, keep fiber ropes wet; -",建议措施 / RecommendedAction / action / 怎么处理 / 咋处理: 未记录.,错误,0.0,676.76,语义RAG,0.6667,0.0,0,0.0,3,"ROV visual inspections; targeted maintenance on wear zones; Optimized chain/wire/rope selection and fatigue margins (design); Only chain and wire above MSL, keep fiber ropes wet; -",,,,,"ROV visual inspections; targeted maintenance on wear zones; Optimized chain/wire/rope selection and fatigue margins (design); Only chain and wire above MSL, keep fiber ropes wet; -",,潜在失效原因/机理；潜在失效后果；建议措施,93,
988,988,baseline模型,baseline兼容旧逻辑,故障措施推荐类,原因后果查建议措施,原因到措施推理,,,困难,依据FMEA，若“Operation; Mooring line wear due to hysteretic heating or wet-dry cycling”造成“Asset not in correct location or position”，对应的建议措施是什么？,ROV visual inspections; targeted maintenance on wear zones; -,建议措施 / RecommendedAction / action / 怎么处理 / 咋处理: 未记录.,错误,0.0,671.47,语义RAG,0.6667,0.0,0,0.0,3,ROV visual inspections; targeted maintenance on wear zones; -,,,,,ROV visual inspections; targeted maintenance on wear zones; -,,潜在失效原因/机理；潜在失效后果；建议措施,94,
989,989,baseline模型,baseline兼容旧逻辑,故障措施推荐类,原因后果查建议措施,原因到措施推理,,,困难,依据FMEA，若“Maintenance; Mooring winch failure due to undetected hazard during operation”造成“Asset not in correct location or position”，对应的建议措施是什么？,"Continuous tension and vibration monitoring; thresholds for intervention; Procedural controls: load management, operational envelopes; -",建议措施=未记录.,错误,0.0,521.86,语义RAG,1.0,0.0,0,0.0,3,"Continuous tension and vibration monitoring; thresholds for intervention; Procedural controls: load management, operational envelopes; -",,,,,"Continuous tension and vibration monitoring; thresholds for intervention; Procedural controls: load management, operational envelopes; -",,潜在失效原因/机理；潜在失效后果；建议措施,96,
990,990,baseline模型,baseline兼容旧逻辑,故障措施推荐类,原因后果查建议措施,原因到措施推理,,,困难,依据FMEA，若“Design Phase; Underestimation of dynamic conditions - Unexpected contingency scenario ( loss of mooring line ) - unexpected dynamic loads”造成“Structural damage - cable composition weakening”，对应的建议措施是什么？,"Monitoring: DTS/RTTR, electrical integrity tests, leak detection; Lazy-wave configuration optimization; buoyancy spacing; hang-off upgrades; -",建议措施 / RecommendedAction / action / 怎么处理 / 咋处理:未记录.,错误,0.0,709.06,语义RAG,0.6667,0.0,0,0.0,3,"Monitoring: DTS/RTTR, electrical integrity tests, leak detection; Lazy-wave configuration optimization; buoyancy spacing; hang-off upgrades; -",,,,,"Monitoring: DTS/RTTR, electrical integrity tests, leak detection; Lazy-wave configuration optimization; buoyancy spacing; hang-off upgrades; -",,潜在失效原因/机理；潜在失效后果；建议措施,97,
991,991,baseline模型,baseline兼容旧逻辑,故障措施推荐类,原因后果查建议措施,原因到措施推理,,,困难,"依据FMEA，若“Design Phase; Seawater exposure, environmental conditions due to insufficient coating”造成“J-tube degradation affecting cable integrity”，对应的建议措施是什么？",-; Cathodic protection; coating improvements,未记录.,错误,0.0,482.9,语义RAG,1.0,0.0,0,0.0,3,-; Cathodic protection; coating improvements,,,,,-; Cathodic protection; coating improvements,,潜在失效原因/机理；潜在失效后果；建议措施,101,
992,992,baseline模型,baseline兼容旧逻辑,故障措施推荐类,原因后果查建议措施,原因到措施推理,,,困难,依据FMEA，若“Design Phase; Wrong design/execution of the isolation material”造成“High risk of fault on the cable - total loss of the line Prodution loss on the string”，对应的建议措施是什么？,-; Design review; improved material selection,建议措施=未记录.,错误,0.0,453.75,语义RAG,0.6667,0.0,0,0.0,3,-; Design review; improved material selection,,,,,-; Design review; improved material selection,,潜在失效原因/机理；潜在失效后果；建议措施,103,
993,993,baseline模型,baseline兼容旧逻辑,故障措施推荐类,原因后果查建议措施,原因到措施推理,,,困难,依据FMEA，若“Environmental conditions; Floating debris - marine activities”造成“Cable damage - operational disruption”，对应的建议措施是什么？,-; Environmental protections; debris management,建议措施 / RecommendedAction / action / 怎么处理 / 咋处理:,错误,0.0,586.48,语义RAG,0.3333,0.0,0,0.0,3,-; Environmental protections; debris management,,,,,-; Environmental protections; debris management,,潜在失效原因/机理；潜在失效后果；建议措施,104,
994,994,baseline模型,baseline兼容旧逻辑,故障措施推荐类,原因后果查建议措施,原因到措施推理,,,困难,依据FMEA，若“Operation; Connector failure - Mechanical stress”造成“cable disconnection - water penetration - Power loss”，对应的建议措施是什么？,-; Design review; improved material selection,建议措施 / RecommendedAction / action / 怎么处理 / 咋处理:,错误,0.0,565.48,语义RAG,0.3333,0.0,0,0.0,3,-; Design review; improved material selection,,,,,-; Design review; improved material selection,,潜在失效原因/机理；潜在失效后果；建议措施,105,
995,995,baseline模型,baseline兼容旧逻辑,故障措施推荐类,原因后果查建议措施,原因到措施推理,,,困难,依据FMEA，若“Manufacturing; Poor quality of insulating fluids”造成“breakdown of insulation”，对应的建议措施是什么？,-; Design improvements; enhanced termination QA,建议措施=未记录.,错误,0.0,503.44,语义RAG,0.6667,0.0,0,0.0,3,-; Design improvements; enhanced termination QA,,,,,-; Design improvements; enhanced termination QA,,潜在失效原因/机理；潜在失效后果；建议措施,107,
996,996,baseline模型,baseline兼容旧逻辑,故障措施推荐类,原因后果查建议措施,原因到措施推理,,,困难,依据FMEA，若“Manufacturing; Errors or defects during manufacturing”造成“Reduced or interupted electricity flow”，对应的建议措施是什么？,"Installation QA/QC: pull-in tension verification, handling procedures; Watertightness assurance: enhanced sealing tests; end termination QA; -",建议措施 / RecommendedAction / action / 怎么处理 / 咋处理:,错误,0.0,618.31,语义RAG,0.3333,0.0,0,0.0,3,"Installation QA/QC: pull-in tension verification, handling procedures; Watertightness assurance: enhanced sealing tests; end termination QA; -",,,,,"Installation QA/QC: pull-in tension verification, handling procedures; Watertightness assurance: enhanced sealing tests; end termination QA; -",,潜在失效原因/机理；潜在失效后果；建议措施,112,
997,997,baseline模型,baseline兼容旧逻辑,故障措施推荐类,原因后果查建议措施,原因到措施推理,,,困难,依据FMEA，若“Operation; Damage on the cable due to extreme environmental events”造成“Reduced or interupted electricity flow”，对应的建议措施是什么？,Watertightness assurance: enhanced sealing tests; end termination QA; -,建议措施 / RecommendedAction / action / 怎么处理 / 咋处理:,错误,0.0,567.47,语义RAG,0.3333,0.0,0,0.0,3,Watertightness assurance: enhanced sealing tests; end termination QA; -,,,,,Watertightness assurance: enhanced sealing tests; end termination QA; -,,潜在失效原因/机理；潜在失效后果；建议措施,113,
998,998,baseline模型,baseline兼容旧逻辑,故障措施推荐类,原因后果查建议措施,原因到措施推理,,,困难,依据FMEA，若“Operation; Internal damage: Problem in insulation material - Electrical overload”造成“Electrical faults - loss of production”，对应的建议措施是什么？,"-; Monitoring (DTS/RTTR, electrical integrity tests)",建议措施 / RecommendedAction / action / 怎么处理 / 咋处理:,错误,0.0,578.6,语义RAG,0.6667,0.0,0,0.0,3,"-; Monitoring (DTS/RTTR, electrical integrity tests)",,,,,"-; Monitoring (DTS/RTTR, electrical integrity tests)",,潜在失效原因/机理；潜在失效后果；建议措施,114,
999,999,baseline模型,baseline兼容旧逻辑,故障措施推荐类,原因后果查建议措施,原因到措施推理,,,困难,依据FMEA，若“Operation; Repeated stress cycles - bending motions”造成“Crack may evolve in a fault of the cable - Cable weakening”，对应的建议措施是什么？,"Monitoring: DTS/RTTR, electrical integrity tests, leak detection; -",建议措施 / RecommendedAction / action / 怎么处理 / 咋处理:,错误,0.0,608.15,语义RAG,0.3333,0.0,0,0.0,3,"Monitoring: DTS/RTTR, electrical integrity tests, leak detection; -",,,,,"Monitoring: DTS/RTTR, electrical integrity tests, leak detection; -",,潜在失效原因/机理；潜在失效后果；建议措施,115,
1000,1000,baseline模型,baseline兼容旧逻辑,故障措施推荐类,原因后果查建议措施,原因到措施推理,,,困难,依据FMEA，若“Design Phase; Underestimation of dynamic conditions - Unexpected contingency scenario ( loss of mooring line )”造成“Weakening of cable materials - loss of production”，对应的建议措施是什么？,"Monitoring: DTS/RTTR, electrical integrity tests, leak detection; -",建议措施 / RecommendedAction / action / 怎么处理 / 咋处理:,错误,0.0,668.01,语义RAG,1.0,0.0,0,0.0,3,"Monitoring: DTS/RTTR, electrical integrity tests, leak detection; -",,,,,"Monitoring: DTS/RTTR, electrical integrity tests, leak detection; -",,潜在失效原因/机理；潜在失效后果；建议措施,119,
1001,1001,baseline模型,baseline兼容旧逻辑,风险影响评估类,项目失效现象查后果,风险后果查询,,,简单,在项目/功能“Tower / Tower / Primary steelwork”中，故障现象“Abnormal vibration”的潜在失效后果是什么？,Excessive Fatigue Life Consumption,Potential collapse,错误,0.0,428.94,语义RAG,0.6667,0.0,0,,3,Excessive Fatigue Life Consumption,,,,,Excessive Fatigue Life Consumption,,项目/功能；潜在失效模式；潜在失效后果,0,
1002,1002,baseline模型,baseline兼容旧逻辑,风险影响评估类,项目失效现象查后果,风险后果查询,,,简单,在项目/功能“Tower / Tower / Primary steelwork”中，故障现象“Cracks”的潜在失效后果是什么？,Failure of whole facility and vast economic loses,失败后果 / FailureEffect: Failure of whole facility and vast economic loses,正确,1.0,494.06,语义RAG,1.0,1.0,0,,3,,,,,,Failure of whole facility and vast economic loses,,项目/功能；潜在失效模式；潜在失效后果,4,
1003,1003,baseline模型,baseline兼容旧逻辑,风险影响评估类,项目失效现象查后果,风险后果查询,,,简单,在项目/功能“Tower / Tower / Primary structure & welding”中，故障现象“Cracks”的潜在失效后果是什么？,Potential collapse,Potential collapse,正确,1.0,465.49,语义RAG,1.0,1.0,0,,3,,,,,,Potential collapse,,项目/功能；潜在失效模式；潜在失效后果,7,
1004,1004,baseline模型,baseline兼容旧逻辑,风险影响评估类,项目失效现象查后果,风险后果查询,,,简单,在项目/功能“Tower / Tower / Welding”中，故障现象“Cracks”的潜在失效后果是什么？,Potential collapse,我不知道。上下文中的信息没有提到“Tower / Tower / Welding”这块以及故障现象“Cracks”的相关信息。,错误,0.0,635.51,语义RAG,0.0,0.0,0,,3,Potential collapse,,,,,Potential collapse,,项目/功能；潜在失效模式；潜在失效后果,10,
1005,1005,baseline模型,baseline兼容旧逻辑,风险影响评估类,项目失效现象查后果,风险后果查询,,,简单,在项目/功能“Tower / Tower / Primary steelwork”中，故障现象“Plastic deformation”的潜在失效后果是什么？,Potential collapse,Potential collapse,正确,1.0,456.96,语义RAG,0.6667,1.0,0,,3,,,,,,Potential collapse,,项目/功能；潜在失效模式；潜在失效后果,21,
1006,1006,baseline模型,baseline兼容旧逻辑,风险影响评估类,项目失效现象查后果,风险后果查询,,,简单,在项目/功能“Tower / Tower / Primary steelwork”中，故障现象“Tower collapse”的潜在失效后果是什么？,Failure of whole facility and vast economic loses,失效后果 / FailureEffect / effect / result / consequence / 结果 / 后果 / 会怎样: Failure of whole facility and vast economic loses,正确,1.0,680.31,语义RAG,0.3333,1.0,0,,3,,,,,,Failure of whole facility and vast economic loses,,项目/功能；潜在失效模式；潜在失效后果,23,
1007,1007,baseline模型,baseline兼容旧逻辑,风险影响评估类,项目失效现象查后果,风险后果查询,,,简单,在项目/功能“Transition piece / Transition Piece / Primary structure & welding”中，故障现象“Transition piece break”的潜在失效后果是什么？,"Tower Unit collapse, Floater Unit damage","Tower Unit collapse, Floater Unit damage",正确,1.0,518.69,语义RAG,0.6667,1.0,0,,3,,,,,,"Tower Unit collapse, Floater Unit damage",,项目/功能；潜在失效模式；潜在失效后果,24,
1008,1008,baseline模型,baseline兼容旧逻辑,风险影响评估类,项目失效现象查后果,风险后果查询,,,简单,在项目/功能“Transition piece / Transition Piece / Primary structure”中，故障现象“Transition piece break”的潜在失效后果是什么？,"tension failure (rupture), buckling of the transition piece/ Tower unit damage","Tower Unit collapse, Floater Unit damage",错误,0.0,522.06,语义RAG,1.0,1.0,0,,3,"tension failure (rupture), buckling of the transition piece/ Tower unit damage",,,,,"tension failure (rupture), buckling of the transition piece/ Tower unit damage",,项目/功能；潜在失效模式；潜在失效后果,25,
1009,1009,baseline模型,baseline兼容旧逻辑,风险影响评估类,项目失效现象查后果,风险后果查询,,,简单,在项目/功能“Transition piece / Transition Piece / Primary stucture”中，故障现象“Structural plastic deformation”的潜在失效后果是什么？,Local stress accumulation,Local stress accumulation,正确,1.0,481.33,语义RAG,1.0,1.0,0,,3,,,,,,Local stress accumulation,,项目/功能；潜在失效模式；潜在失效后果,26,
1010,1010,baseline模型,baseline兼容旧逻辑,风险影响评估类,项目失效现象查后果,风险后果查询,,,简单,在项目/功能“Transition piece / Transition Piece / Primary structure & welding”中，故障现象“Cracks”的潜在失效后果是什么？,Tower transition piece connections failure / resonance,Tower transition piece connections failure,错误,0.0,499.85,语义RAG,1.0,1.0,0,,3,Tower transition piece connections failure / resonance,,,,,Tower transition piece connections failure / resonance,,项目/功能；潜在失效模式；潜在失效后果,27,
1011,1011,baseline模型,baseline兼容旧逻辑,风险影响评估类,项目失效现象查后果,风险后果查询,,,简单,在项目/功能“Transition piece / Transition Piece / Primary structure & welding”中，故障现象“Abnormal vibration”的潜在失效后果是什么？,potential tower connections failure,potential tower connections failure,正确,1.0,456.32,语义RAG,0.6667,1.0,0,,3,,,,,,potential tower connections failure,,项目/功能；潜在失效模式；潜在失效后果,29,
1012,1012,baseline模型,baseline兼容旧逻辑,风险影响评估类,项目失效现象查后果,风险后果查询,,,简单,在项目/功能“Transition piece / Transition Piece / Primary structure”中，故障现象“Cracks”的潜在失效后果是什么？,Tower transition piece connections failure,Tower transition piece connections failure,正确,1.0,500.04,语义RAG,0.6667,1.0,0,,3,,,,,,Tower transition piece connections failure,,项目/功能；潜在失效模式；潜在失效后果,31,
1013,1013,baseline模型,baseline兼容旧逻辑,风险影响评估类,项目失效现象查后果,风险后果查询,,,简单,在项目/功能“Transition piece / Transition Piece / Welding”中，故障现象“Cracks”的潜在失效后果是什么？,potential tower connections failure,Tower transition piece connections failure,错误,0.0,458.15,语义RAG,0.6667,0.0,0,,3,potential tower connections failure,,,,,potential tower connections failure,,项目/功能；潜在失效模式；潜在失效后果,33,
1014,1014,baseline模型,baseline兼容旧逻辑,风险影响评估类,项目失效现象查后果,风险后果查询,,,简单,在项目/功能“Floating support structure / Floating Support structure / All structures”中，故障现象“Capsize”的潜在失效后果是什么？,"Watertight fault, Potential Floater Unit sinkage",Potential Failure/Asset damage Energy production loss,错误,0.0,508.87,语义RAG,0.6667,0.0,0,,3,"Watertight fault, Potential Floater Unit sinkage",,,,,"Watertight fault, Potential Floater Unit sinkage",,项目/功能；潜在失效模式；潜在失效后果,45,
1015,1015,baseline模型,baseline兼容旧逻辑,风险影响评估类,项目失效现象查后果,风险后果查询,,,简单,在项目/功能“Floating support structure / Floating Support structure / Primary structure”中，故障现象“Capsize”的潜在失效后果是什么？,Project cancellation,你提供的上下文中并没有提到“Floating support structure / Floating Support structure / Primary structure”这块地方以及故障现象“Capsize”的相关信息。因此，我无法根据给定的信息回答这个问题。,错误,0.0,658.6,语义RAG,0.0,0.0,0,,3,Project cancellation,,,,,Project cancellation,,项目/功能；潜在失效模式；潜在失效后果,46,
1016,1016,baseline模型,baseline兼容旧逻辑,风险影响评估类,项目失效现象查后果,风险后果查询,,,简单,在项目/功能“Floating support structure / Floating Support structure / Secondary structure”中，故障现象“Additional Structures Failures”的潜在失效后果是什么？,Potential failure,根据上下文，项目/功能“Floating support structure / Floating Support structure / Secondary structure”中没有直接提到“Additional Structures Failures”这一故障现象。因此，无法从给定信息中得知该故障现象的潜在失效后果。 但是，可以查看其他相关的失效模式及其后果： - “Structural plastic deformation [11]” 的失效后果是 “Local stress accumulation”。 - “Floater unit sinkage”的失效后果是 “Potential Failure/Asset damage Energy production loss”。 由于问题询问的是“Additional Structures Failures”，而该故障现象未在给定的上下文中出现，因此答案是：不知道。,正确,1.0,1369.23,语义RAG,0.6667,1.0,0,,3,,,,,,Potential failure,,项目/功能；潜在失效模式；潜在失效后果,47,
1017,1017,baseline模型,baseline兼容旧逻辑,风险影响评估类,项目失效现象查后果,风险后果查询,,,简单,在项目/功能“Floating support structure / Floating Support structure / All structures”中，故障现象“Hit by dropped objects”的潜在失效后果是什么？,"Damage to the facility, vast economic loses","Damage to the facility, vast economic loses",正确,1.0,472.12,语义RAG,1.0,1.0,0,,3,,,,,,"Damage to the facility, vast economic loses",,项目/功能；潜在失效模式；潜在失效后果,48,
1018,1018,baseline模型,baseline兼容旧逻辑,风险影响评估类,项目失效现象查后果,风险后果查询,,,简单,在项目/功能“Floating support structure / Floating Support structure / All structures”中，故障现象“Structural break”的潜在失效后果是什么？,Structural reassessment,答案：你提供的上下文中并没有找到“Structural break”这一故障现象。最接近的是“Local stress accumulation”和“Floater unit sinkage”，但它们并非“Structural break”。请确认故障现象是否正确。根据现有信息，“Floating support structure / Floating Support structure / All structures”项目/功能下的失效模式及其后果如下： - 故障现象：Structural plastic deformation [11] 潜在失效后果：Local stress accumulation - 故障现象：Floater unit sinkage 潜在失效后果：Potential Failure/Asset damage Energy production loss,错误,0.0,1515.48,语义RAG,0.3333,0.0,0,,3,Structural reassessment,,,,,Structural reassessment,,项目/功能；潜在失效模式；潜在失效后果,49,
1019,1019,baseline模型,baseline兼容旧逻辑,风险影响评估类,项目失效现象查后果,风险后果查询,,,简单,在项目/功能“Floating support structure / Floating Support structure / Primary Structure”中，故障现象“Cracks”的潜在失效后果是什么？,Structural failure,Structural failure,正确,1.0,448.96,语义RAG,0.3333,1.0,0,,3,,,,,,Structural failure,,项目/功能；潜在失效模式；潜在失效后果,51,
1020,1020,baseline模型,baseline兼容旧逻辑,风险影响评估类,项目失效现象查后果,风险后果查询,,,简单,在项目/功能“Floating support structure / Floating Support structure / Primary structure & Welding”中，故障现象“Capsize”的潜在失效后果是什么？,Asset damage Energy production loss,你提供的上下文中并没有提到“Capsize”这一故障现象，因此根据现有信息，我无法回答该问题。在“Primary Structure & Welding”部分的FMEA记录中，失效模式是“Cracks”，但没有与“Capsize”相关的信息。,错误,0.0,905.79,语义RAG,0.0,0.0,0,,3,Asset damage Energy production loss,,,,,Asset damage Energy production loss,,项目/功能；潜在失效模式；潜在失效后果,52,
1021,1021,baseline模型,baseline兼容旧逻辑,风险影响评估类,项目失效现象查后果,风险后果查询,,,简单,在项目/功能“Floating support structure / Floating Support structure / Primary structure & Welding”中，故障现象“Cracks”的潜在失效后果是什么？,Structural failure,结构失败,错误,0.0,300.19,语义RAG,0.3333,1.0,0,,3,Structural failure,,,,,Structural failure,,项目/功能；潜在失效模式；潜在失效后果,53,
1022,1022,baseline模型,baseline兼容旧逻辑,风险影响评估类,项目失效现象查后果,风险后果查询,,,简单,在项目/功能“Floating support structure / Floating Support structure / All structures”中，故障现象“Cracks”的潜在失效后果是什么？,Structural failure,Potential Failure/Asset damage Energy production loss,错误,0.0,491.44,语义RAG,1.0,1.0,0,,3,Structural failure,,,,,Structural failure,,项目/功能；潜在失效模式；潜在失效后果,54,
1023,1023,baseline模型,baseline兼容旧逻辑,风险影响评估类,项目失效现象查后果,风险后果查询,,,简单,在项目/功能“Floating support structure / Floating Support structure / Secondary structure”中，故障现象“Watertight fault”的潜在失效后果是什么？,Potential Failure/Asset damage Energy production loss,资产损坏、能源生产损失/降低稳定性,错误,0.0,532.89,语义RAG,0.6667,1.0,0,,3,Potential Failure/Asset damage Energy production loss,,,,,Potential Failure/Asset damage Energy production loss,,项目/功能；潜在失效模式；潜在失效后果,57,
1024,1024,baseline模型,baseline兼容旧逻辑,风险影响评估类,项目失效现象查后果,风险后果查询,,,简单,在项目/功能“Floating support structure / Floating Support structure / Secondary structure”中，故障现象“Floater unit sinkage”的潜在失效后果是什么？,Potential Failure/Asset damage Energy production loss,Potential Failure/Asset damage Energy production loss,正确,1.0,470.77,语义RAG,1.0,1.0,0,,3,,,,,,Potential Failure/Asset damage Energy production loss,,项目/功能；潜在失效模式；潜在失效后果,58,
1025,1025,baseline模型,baseline兼容旧逻辑,风险影响评估类,项目失效现象查后果,风险后果查询,,,简单,在项目/功能“Floating support structure / Floating Support structure / All structures”中，故障现象“Structural plastic deformation”的潜在失效后果是什么？,Local stress accumulation,Local stress accumulation,正确,1.0,465.71,语义RAG,1.0,1.0,0,,3,,,,,,Local stress accumulation,,项目/功能；潜在失效模式；潜在失效后果,59,
1026,1026,baseline模型,baseline兼容旧逻辑,风险影响评估类,项目失效现象查后果,风险后果查询,,,简单,在项目/功能“Floating support structure / Floating Support structure / All structures”中，故障现象“Watertight fault”的潜在失效后果是什么？,"If these cracks propagate through the wall and lie under water or within the splash zone, then they constitute a risk to the watertightness.",资产损坏、能量生产损失/减少稳定性,错误,0.0,536.38,语义RAG,0.6667,0.0,0,,3,"If these cracks propagate through the wall and lie under water or within the splash zone, then they constitute a risk to the watertightness.",,,,,"If these cracks propagate through the wall and lie under water or within the splash zone, then they constitute a risk to the watertightness.",,项目/功能；潜在失效模式；潜在失效后果,62,
1027,1027,baseline模型,baseline兼容旧逻辑,风险影响评估类,项目失效现象查后果,风险后果查询,,,简单,在项目/功能“Floating support structure / Floating Support structure / Secondary structure”中，故障现象“Structural break”的潜在失效后果是什么？,Asset damage Energy production loss/reduced stability,Potential Failure/Asset damage Energy production loss,错误,0.0,519.24,语义RAG,0.3333,0.0,0,,3,Asset damage Energy production loss/reduced stability,,,,,Asset damage Energy production loss/reduced stability,,项目/功能；潜在失效模式；潜在失效后果,66,
1028,1028,baseline模型,baseline兼容旧逻辑,风险影响评估类,项目失效现象查后果,风险后果查询,,,简单,在项目/功能“Floating support structure / Floating Support structure / Primary structure & Welding”中，故障现象“Structural break”的潜在失效后果是什么？,Tower collapse,"tension failure (rupture), buckling of the transition piece/ Tower unit damage",错误,0.0,504.48,语义RAG,0.3333,1.0,0,,3,Tower collapse,,,,,Tower collapse,,项目/功能；潜在失效模式；潜在失效后果,68,
1029,1029,baseline模型,baseline兼容旧逻辑,风险影响评估类,项目失效现象查后果,风险后果查询,,,简单,在项目/功能“Floating support structure / Floating Support structure / All structures”中，故障现象“Floater unit sinkage”的潜在失效后果是什么？,Potential Failure/Asset damage Energy production loss,Potential Failure/Asset damage Energy production loss,正确,1.0,505.25,语义RAG,1.0,1.0,0,,3,,,,,,Potential Failure/Asset damage Energy production loss,,项目/功能；潜在失效模式；潜在失效后果,69,
1030,1030,baseline模型,baseline兼容旧逻辑,风险影响评估类,项目失效现象查后果,风险后果查询,,,简单,在项目/功能“Floating support structure / Floating Support structure / All structures & Welding”中，故障现象“Structural break”的潜在失效后果是什么？,"Watertight fault, Potential Floater Unit sinkage","tension failure (rupture), buckling of the transition piece/ Tower unit damage",错误,0.0,604.81,语义RAG,0.3333,0.0,0,,3,"Watertight fault, Potential Floater Unit sinkage",,,,,"Watertight fault, Potential Floater Unit sinkage",,项目/功能；潜在失效模式；潜在失效后果,72,
1031,1031,baseline模型,baseline兼容旧逻辑,风险影响评估类,项目失效现象查后果,风险后果查询,,,简单,在项目/功能“Floating support structure / Floating Support structure / Secondary structure & Welding”中，故障现象“Watertight fault”的潜在失效后果是什么？,Reduced stability,资产损坏、能量生产损失/减少稳定性,错误,0.0,504.51,语义RAG,0.6667,1.0,0,,3,Reduced stability,,,,,Reduced stability,,项目/功能；潜在失效模式；潜在失效后果,73,
1032,1032,baseline模型,baseline兼容旧逻辑,风险影响评估类,项目失效现象查后果,风险后果查询,,,简单,在项目/功能“Floating support structure / Floating Support structure / Welding”中，故障现象“Cracks”的潜在失效后果是什么？,Watertight fault,Structural failure,错误,0.0,421.14,语义RAG,0.3333,1.0,0,,3,Watertight fault,,,,,Watertight fault,,项目/功能；潜在失效模式；潜在失效后果,74,
1033,1033,baseline模型,baseline兼容旧逻辑,风险影响评估类,项目失效现象查后果,风险后果查询,,,简单,在项目/功能“Station keeping / Anchor”中，故障现象“Anchor failure”的潜在失效后果是什么？,Anchor failure,Anchor failure,正确,1.0,429.19,语义RAG,0.6667,1.0,0,,3,,,,,,Anchor failure,,项目/功能；潜在失效模式；潜在失效后果,75,
1034,1034,baseline模型,baseline兼容旧逻辑,风险影响评估类,项目失效现象查后果,风险后果查询,,,简单,在项目/功能“Station keeping / Fairlead”中，故障现象“Fairlead failure”的潜在失效后果是什么？,The anchor cannot be dropped and lift,"The potential failure consequences of the ""Fairlead failure"" are: The anchor cannot be dropped and lift.",正确,1.0,438.56,语义RAG,0.3333,1.0,0,,3,,,,,,The anchor cannot be dropped and lift,,项目/功能；潜在失效模式；潜在失效后果,79,
1035,1035,baseline模型,baseline兼容旧逻辑,风险影响评估类,项目失效现象查后果,风险后果查询,,,简单,在项目/功能“Station keeping / Monitoring System”中，故障现象“Monitoring system fails”的潜在失效后果是什么？,Unable to monitor tension in the mooring lines,你提供的上下文中并没有提到“Station keeping / Monitoring System”这个具体的功能或项目，且故障现象为“Monitoring system fails”的相关信息。根据给出的上下文内容，主要讨论的是与“Station keeping / Anchor (AC)”和“Station keeping / Fairlead (FL)”相关的FMEA分析结果，并没有直接涉及“Monitoring system fails”的失效后果。 因此，基于提供的信息，我无法回答在“Station keeping / Monitoring System”中故障现象“Monitoring system fails”的潜在失效后果是什么。,错误,0.0,1187.45,语义RAG,0.0,0.0,0,,3,Unable to monitor tension in the mooring lines,,,,,Unable to monitor tension in the mooring lines,,项目/功能；潜在失效模式；潜在失效后果,81,
1036,1036,baseline模型,baseline兼容旧逻辑,风险影响评估类,项目失效现象查后果,风险后果查询,,,简单,在项目/功能“Station keeping / Mooring Lines / Mooring lines”中，故障现象“Mooring line breakage”的潜在失效后果是什么？,Mooring line strength decrease or broken,Mooring line strength decrease or broken,正确,1.0,517.99,语义RAG,0.6667,1.0,0,,3,,,,,,Mooring line strength decrease or broken,,项目/功能；潜在失效模式；潜在失效后果,82,
1037,1037,baseline模型,baseline兼容旧逻辑,风险影响评估类,项目失效现象查后果,风险后果查询,,,简单,在项目/功能“Station keeping / Mooring Lines / Mooring lines”中，故障现象“Mooring Line Corrosion”的潜在失效后果是什么？,Mooring line strength decrease or broken,Mooring line strength decrease or broken,正确,1.0,613.72,语义RAG,0.3333,1.0,0,,3,,,,,,Mooring line strength decrease or broken,,项目/功能；潜在失效模式；潜在失效后果,85,
1038,1038,baseline模型,baseline兼容旧逻辑,风险影响评估类,项目失效现象查后果,风险后果查询,,,简单,在项目/功能“Station keeping / Mooring Lines / Mooring lines”中，故障现象“Mooring Line Fatigue”的潜在失效后果是什么？,Mooring line strength decrease or broken,Mooring line strength decrease or broken,正确,1.0,341.09,语义RAG,0.3333,1.0,0,,3,,,,,,Mooring line strength decrease or broken,,项目/功能；潜在失效模式；潜在失效后果,86,
1039,1039,baseline模型,baseline兼容旧逻辑,风险影响评估类,项目失效现象查后果,风险后果查询,,,简单,在项目/功能“Station keeping / Mooring Lines / Mooring lines”中，故障现象“Mooring line wear”的潜在失效后果是什么？,Mooring line strength decrease or broken,Mooring line strength decrease or broken,正确,1.0,564.01,语义RAG,1.0,1.0,0,,3,,,,,,Mooring line strength decrease or broken,,项目/功能；潜在失效模式；潜在失效后果,88,
1040,1040,baseline模型,baseline兼容旧逻辑,风险影响评估类,项目失效现象查后果,风险后果查询,,,简单,在项目/功能“Station keeping / Mooring lines / Mooring lines”中，故障现象“Mooring lines broken”的潜在失效后果是什么？,Asset not in correct location or position,Mooring line strength decrease or broken,错误,0.0,504.03,语义RAG,0.0,0.0,0,,3,Asset not in correct location or position,,,,,Asset not in correct location or position,,项目/功能；潜在失效模式；潜在失效后果,91,
1041,1041,baseline模型,baseline兼容旧逻辑,风险影响评估类,项目失效现象查后果,风险后果查询,,,简单,在项目/功能“Station keeping / Mooring lines / Mooring winch”中，故障现象“Mooring winch failure”的潜在失效后果是什么？,Asset not in correct location or position,Asset not in correct location or position,正确,1.0,519.65,语义RAG,1.0,1.0,0,,3,,,,,,Asset not in correct location or position,,项目/功能；潜在失效模式；潜在失效后果,95,
1042,1042,baseline模型,baseline兼容旧逻辑,风险影响评估类,项目失效现象查后果,风险后果查询,,,简单,在项目/功能“Dynamic cable / Dynamic Cable / Dynamic Cable”中，故障现象“accelerated mechanical fatigue”的潜在失效后果是什么？,Structural damage - cable composition weakening,Structural damage - cable composition weakening,正确,1.0,530.11,语义RAG,0.6667,1.0,0,,3,,,,,,Structural damage - cable composition weakening,,项目/功能；潜在失效模式；潜在失效后果,97,
1043,1043,baseline模型,baseline兼容旧逻辑,风险影响评估类,项目失效现象查后果,风险后果查询,,,简单,在项目/功能“Dynamic cable / Dynamic Cable / Dynamic Cable”中，故障现象“anchoring damages”的潜在失效后果是什么？,Structural integrity damage - extra stress on cables,你提到的“故障现象‘anchoring damages’”并未出现在提供的上下文中。根据上下文内容，在“Dynamic cable / Dynamic Cable / Dynamic Cable”项目/功能中的故障现象包括： 1. Premature damage of outer protection layer（外保护层过早损坏） 2. Crushing or deformation（挤压或变形） 3. Damage and corrosion of mechanical parts（机械部件损伤和腐蚀） 因此，直接回答你的问题：在提供的信息中，并没有关于“anchoring damages”的失效后果。,错误,0.0,1295.1,语义RAG,0.6667,0.0,1,,3,Structural integrity damage - extra stress on cables,,,,2.0；3.0,Structural integrity damage - extra stress on cables,,项目/功能；潜在失效模式；潜在失效后果,98,
1044,1044,baseline模型,baseline兼容旧逻辑,风险影响评估类,项目失效现象查后果,风险后果查询,,,简单,在项目/功能“Dynamic cable / Dynamic Cable / Dynamic Cable”中，故障现象“Cable Damage”的潜在失效后果是什么？,Operational disruption,在项目/功能“Dynamic cable / Dynamic Cable / Dynamic Cable”中，故障现象“Cable Damage”的潜在失效后果是：High risk of fault on the cable - total loss of the line Prodution loss on the string。,错误,0.0,819.48,语义RAG,0.3333,0.0,0,,3,Operational disruption,,,,,Operational disruption,,项目/功能；潜在失效模式；潜在失效后果,99,
1045,1045,baseline模型,baseline兼容旧逻辑,风险影响评估类,项目失效现象查后果,风险后果查询,,,简单,在项目/功能“Dynamic cable / Dynamic Cable / J-tube”中，故障现象“Corrosion of J-tube”的潜在失效后果是什么？,J-tube degradation affecting cable integrity,J-tube degradation affecting cable integrity,正确,1.0,489.77,语义RAG,1.0,1.0,0,,3,,,,,,J-tube degradation affecting cable integrity,,项目/功能；潜在失效模式；潜在失效后果,100,
1046,1046,baseline模型,baseline兼容旧逻辑,风险影响评估类,项目失效现象查后果,风险后果查询,,,简单,在项目/功能“Dynamic cable / Dynamic Cable / Dynamic Cable”中，故障现象“Crushing or deformation”的潜在失效后果是什么？,Structural damage - cable weakening,结构损伤 - 电缆削弱,错误,0.0,510.38,语义RAG,1.0,1.0,0,,3,Structural damage - cable weakening,,,,,Structural damage - cable weakening,,项目/功能；潜在失效模式；潜在失效后果,102,
1047,1047,baseline模型,baseline兼容旧逻辑,风险影响评估类,项目失效现象查后果,风险后果查询,,,简单,在项目/功能“Dynamic cable / Dynamic Cable / Hang-off”中，故障现象“damage and corrosion of mechanical parts”的潜在失效后果是什么？,High risk of fault on the cable - total loss of the line Prodution loss on the string,High risk of fault on the cable - total loss of the line Prodution loss on the string,正确,1.0,612.36,语义RAG,0.6667,1.0,0,,3,,,,,,High risk of fault on the cable - total loss of the line Prodution loss on the string,,项目/功能；潜在失效模式；潜在失效后果,103,
1048,1048,baseline模型,baseline兼容旧逻辑,风险影响评估类,项目失效现象查后果,风险后果查询,,,简单,在项目/功能“Dynamic cable / Dynamic Cable / Dynamic Cable”中，故障现象“Debris disturbance”的潜在失效后果是什么？,Cable damage - operational disruption,你提到的故障现象“Debris disturbance”并未出现在提供的上下文中。根据上下文内容，在“Dynamic cable / Dynamic Cable / Dynamic Cable”这个项目/功能中，存在的故障现象包括： 1. 破损或变形（Crushing or deformation） 2. 电缆损伤（Cable Damage） 3. 加速机械疲劳（accelerated mechanical fatigue） 因此，无法回答“Debris disturbance”的潜在失效后果。根据提供的信息，我只能返回与该问题最直接相关的内容。 答案：在项目/功能“Dynamic cable / Dynamic Cable / Dynamic Cable”中，“Debris disturbance”的潜在失效后果未被提及。,错误,0.0,1571.94,语义RAG,1.0,0.0,1,,3,Cable damage - operational disruption,,,,2.0,Cable damage - operational disruption,,项目/功能；潜在失效模式；潜在失效后果,104,
1049,1049,baseline模型,baseline兼容旧逻辑,风险影响评估类,项目失效现象查后果,风险后果查询,,,简单,在项目/功能“Dynamic cable / Dynamic Cable / Dynamic Cable”中，故障现象“Detachment”的潜在失效后果是什么？,cable disconnection - water penetration - Power loss,你提到的“故障现象‘Detachment’”并未出现在提供的上下文中。根据上下文内容，在“Dynamic cable / Dynamic Cable / Dynamic Cable”这个项目/功能中涉及的故障模式有两个：一个是“damage and corrosion of mechanical parts”，另一个是“Crushing or deformation”。因此，直接回答你的问题： 在项目/功能“Dynamic cable / Dynamic Cable / Dynamic Cable”中，“Detachment”的潜在失效后果信息不存在。,错误,0.0,1173.15,语义RAG,0.3333,0.0,0,,3,cable disconnection - water penetration - Power loss,,,,,cable disconnection - water penetration - Power loss,,项目/功能；潜在失效模式；潜在失效后果,105,
1050,1050,baseline模型,baseline兼容旧逻辑,风险影响评估类,项目失效现象查后果,风险后果查询,,,简单,在项目/功能“Dynamic cable / Dynamic Cable / Joints and terminations”中，故障现象“Failure of end termination”的潜在失效后果是什么？,breakdown of insulation,breakdown of insulation,正确,1.0,486.43,语义RAG,0.3333,1.0,0,,3,,,,,,breakdown of insulation,,项目/功能；潜在失效模式；潜在失效后果,106,
1051,1051,baseline模型,baseline兼容旧逻辑,风险影响评估类,项目失效现象查后果,风险后果查询,,,简单,在项目/功能“Dynamic cable / Dynamic Cable / Dynamic Cable”中，故障现象“Failure of fixing clamps”的潜在失效后果是什么？,Cable damage - exposure to elements,Cable damage - exposure to elements,正确,1.0,508.23,语义RAG,1.0,1.0,0,,3,,,,,,Cable damage - exposure to elements,,项目/功能；潜在失效模式；潜在失效后果,109,
1052,1052,baseline模型,baseline兼容旧逻辑,风险影响评估类,项目失效现象查后果,风险后果查询,,,简单,在项目/功能“Dynamic cable / Dynamic Cable / Insulation”中，故障现象“Failure of insulations”的潜在失效后果是什么？,Fault in the cable - power disruption,Fault in the cable - power disruption,正确,1.0,466.41,语义RAG,0.6667,1.0,0,,3,,,,,,Fault in the cable - power disruption,,项目/功能；潜在失效模式；潜在失效后果,110,
1053,1053,baseline模型,baseline兼容旧逻辑,风险影响评估类,项目失效现象查后果,风险后果查询,,,简单,在项目/功能“Dynamic cable / Dynamic Cable / Sheath”中，故障现象“Failure of sheath”的潜在失效后果是什么？,Fault in the cable - exposure to elements,Fault in the cable - exposure to elements,正确,1.0,494.24,语义RAG,0.6667,1.0,0,,3,,,,,,Fault in the cable - exposure to elements,,项目/功能；潜在失效模式；潜在失效后果,111,
1054,1054,baseline模型,baseline兼容旧逻辑,风险影响评估类,项目失效现象查后果,风险后果查询,,,简单,在项目/功能“Dynamic cable / Dynamic Cable / Dynamic Cable”中，故障现象“Failure of watertightness”的潜在失效后果是什么？,Reduced or interupted electricity flow,Reduced or interupted electricity flow,正确,1.0,511.91,语义RAG,1.0,1.0,0,,3,,,,,,Reduced or interupted electricity flow,,项目/功能；潜在失效模式；潜在失效后果,112,
1055,1055,baseline模型,baseline兼容旧逻辑,风险影响评估类,项目失效现象查后果,风险后果查询,,,简单,在项目/功能“Dynamic cable / Dynamic Cable / Conductor”中，故障现象“failures of conductors”的潜在失效后果是什么？,Electrical faults - loss of production,Electrical faults - loss of production,正确,1.0,474.11,语义RAG,0.3333,1.0,0,,3,,,,,,Electrical faults - loss of production,,项目/功能；潜在失效模式；潜在失效后果,114,
1056,1056,baseline模型,baseline兼容旧逻辑,风险影响评估类,项目失效现象查后果,风险后果查询,,,简单,在项目/功能“Dynamic cable / Dynamic Cable / Dynamic Cable”中，故障现象“Fatigue Cracks”的潜在失效后果是什么？,Crack may evolve in a fault of the cable - Cable weakening,答案与上下文中的内容不符，“Fatigue Cracks”并未出现在给定的上下文中。根据提供的信息，在“Dynamic cable / Dynamic Cable / Dynamic Cable”项目/功能中提到的故障现象包括“damage and corrosion of mechanical parts”和“Crushing or deformation”，但没有“Fatigue Cracks”。因此，我无法回答该问题。,错误,0.0,1031.76,语义RAG,0.3333,0.0,0,,3,Crack may evolve in a fault of the cable - Cable weakening,,,,,Crack may evolve in a fault of the cable - Cable weakening,,项目/功能；潜在失效模式；潜在失效后果,115,
1057,1057,baseline模型,baseline兼容旧逻辑,风险影响评估类,项目失效现象查后果,风险后果查询,,,简单,在项目/功能“Dynamic cable / Dynamic Cable / Dynamic Cable”中，故障现象“Geo-Hazards”的潜在失效后果是什么？,"Cable damage, production disruption",你提到的“Geo-Hazards”并未出现在提供的上下文中，而上下文中的故障现象包括“damage and corrosion of mechanical parts”和“Crushing or deformation”。因此，根据提供的信息，无法回答“Geo-Hazards”的潜在失效后果。,错误,0.0,745.69,语义RAG,0.3333,0.0,0,,3,"Cable damage, production disruption",,,,,"Cable damage, production disruption",,项目/功能；潜在失效模式；潜在失效后果,116,
1058,1058,baseline模型,baseline兼容旧逻辑,风险影响评估类,项目失效现象查后果,风险后果查询,,,简单,在项目/功能“Dynamic cable / Dynamic Cable / Dynamic Cable”中，故障现象“Loss of dynamic positioning”的潜在失效后果是什么？,Cables stress,Cables stress,正确,1.0,487.28,语义RAG,1.0,1.0,0,,3,,,,,,Cables stress,,项目/功能；潜在失效模式；潜在失效后果,117,
1059,1059,baseline模型,baseline兼容旧逻辑,风险影响评估类,项目失效现象查后果,风险后果查询,,,简单,在项目/功能“Dynamic cable / Dynamic Cable / Dynamic Cable”中，故障现象“material degradation”的潜在失效后果是什么？,Weakening of cable materials - loss of production,Weakening of cable materials - loss of production,正确,1.0,536.39,语义RAG,0.3333,1.0,0,,3,,,,,,Weakening of cable materials - loss of production,,项目/功能；潜在失效模式；潜在失效后果,119,
1060,1060,baseline模型,baseline兼容旧逻辑,风险影响评估类,项目失效现象查后果,风险后果查询,,,简单,在项目/功能“Dynamic cable / Dynamic Cable / Cable Protection System”中，故障现象“Movement of CPS due to scour/seabed mobility”的潜在失效后果是什么？,Cable being vulnerable to scour and need for repair or replacement,Cable being vulnerable to scour and need for repair or replacement,正确,1.0,560.65,语义RAG,1.0,1.0,0,,3,,,,,,Cable being vulnerable to scour and need for repair or replacement,,项目/功能；潜在失效模式；潜在失效后果,121,
1061,1061,baseline模型,baseline兼容旧逻辑,风险影响评估类,项目失效现象查后果,风险后果查询,,,简单,在项目/功能“Dynamic cable / Dynamic Cable / Dynamic Cable”中，故障现象“Premature damage of outer protection layer”的潜在失效后果是什么？,"Structural damage - cable weakening, exposure to elements","结构损伤 - 电缆削弱, 元素暴露",错误,0.0,528.95,语义RAG,0.3333,1.0,0,,3,"Structural damage - cable weakening, exposure to elements",,,,,"Structural damage - cable weakening, exposure to elements",,项目/功能；潜在失效模式；潜在失效后果,124,
1062,1062,baseline模型,baseline兼容旧逻辑,风险影响评估类,项目失效现象查后果,风险后果查询,,,简单,在项目/功能“Dynamic cable / Dynamic Cable / Static cable/Export Cable”中，故障现象“Reduced sediment cover lower than designed value for protection”的潜在失效后果是什么？,"need for re-burial, change of cable protection requirement or even replacement of cable",需要重新埋设电缆、改变电缆保护要求甚至更换电缆。,错误,0.0,563.21,语义RAG,1.0,1.0,0,,3,"need for re-burial, change of cable protection requirement or even replacement of cable",,,,,"need for re-burial, change of cable protection requirement or even replacement of cable",,项目/功能；潜在失效模式；潜在失效后果,125,
1063,1063,baseline模型,baseline兼容旧逻辑,风险影响评估类,项目失效现象查后果,风险后果查询,,,简单,在项目/功能“Dynamic cable / Dynamic Cable / Dynamic Cable (Touchdown point)”中，故障现象“Reduced sediment cover lower than designed value for protection”的潜在失效后果是什么？,"need for re-burial, change of cable protection requirement or even replacement of cable",需要重新埋设电缆、改变电缆保护要求或甚至更换电缆。,错误,0.0,597.2,语义RAG,1.0,1.0,0,,3,"need for re-burial, change of cable protection requirement or even replacement of cable",,,,,"need for re-burial, change of cable protection requirement or even replacement of cable",,项目/功能；潜在失效模式；潜在失效后果,126,
1064,1064,baseline模型,baseline兼容旧逻辑,风险影响评估类,项目失效现象查后果,风险后果查询,,,简单,在项目/功能“Dynamic cable / Dynamic Cable / Dynamic Cable”中，故障现象“Small bending radius”的潜在失效后果是什么？,Cable damage - insulation degradation,Cable damage - insulation degradation,正确,1.0,480.01,语义RAG,1.0,1.0,0,,3,,,,,,Cable damage - insulation degradation,,项目/功能；潜在失效模式；潜在失效后果,128,
1065,1065,baseline模型,baseline兼容旧逻辑,风险影响评估类,fmea_id_to_risk_profile,风险后果查询,,,中等,FMEA编号TO1的S、O、D、RPN分别是多少？,S=4.4；O=3；D=2.5；RPN=33.33。,S：4.25 O：2.25 D：3.25 RPN：33,错误,0.0,622.59,语义RAG,0.0,0.25,0,,3,,4.4；3.0；2.5；33.33,,,,,4.4；3.0；2.5；33.33,FMEA编号；严酷度(S)；发生度(O)；可探测度(D)；风险优先数(RPN),0,
1066,1066,baseline模型,baseline兼容旧逻辑,风险影响评估类,fmea_id_to_risk_profile,风险后果查询,,,中等,FMEA编号TO2这条记录的风险分和SOD给我看一下。,S=4.4；O=3；D=2.5；RPN=33.33。,风险优先数 / RPN: 24.17 严重度 / S: 4.43 发生度 / O: 2 可探测度 / D: 3,错误,0.25,758.28,语义RAG,0.0,0.25,0,,3,,4.4；2.5；33.33,3.0,,,,4.4；3.0；2.5；33.33,FMEA编号；严酷度(S)；发生度(O)；可探测度(D)；风险优先数(RPN),1,
1067,1067,baseline模型,baseline兼容旧逻辑,风险影响评估类,fmea_id_to_risk_profile,风险后果查询,,,中等,查一下FMEA编号TO3的严重度S、发生度O、探测度D和RPN。,S=3.75；O=2.2；D=3；RPN=12.67。,根据上下文，没有找到FMEA编号为TO3的相关信息。因此，我无法提供具体的严重度S、发生度O、探测度D和RPN数值。,错误,0.25,736.83,语义RAG,0.0,0.5,0,,3,,3.75；2.2；12.67,3.0,,,,3.75；2.2；3.0；12.67,FMEA编号；严酷度(S)；发生度(O)；可探测度(D)；风险优先数(RPN),2,
1068,1068,baseline模型,baseline兼容旧逻辑,风险影响评估类,fmea_id_to_risk_profile,风险后果查询,,,中等,FMEA编号TO4这条FMEA风险画像是什么，后果和RPN是多少？,潜在失效后果：Potential collapse；RPN=31。,FMEA编号 TO4 这条 FMEA 风险画像的失效模式为 Structural plastic deformation [11]，后果为 Local stress accumulation，RPN 为 24.17。,错误,0.0,792.79,语义RAG,0.0,0.0,0,,3,Potential collapse,31.0,,,,Potential collapse,31.0,FMEA编号；潜在失效后果；风险优先数(RPN),3,
1069,1069,baseline模型,baseline兼容旧逻辑,风险影响评估类,fmea_id_to_risk_profile,风险后果查询,,,中等,FMEA编号TO5这条记录，影响是什么，风险优先数是多少？,潜在失效后果：Failure of whole facility and vast economic loses；RPN=26。,编号: TO5 失效模式 / FailureMode: Loss of dynamic positioning 风险优先数 / RPN: 26,错误,0.5,611.54,语义RAG,0.0,0.5,0,,3,Failure of whole facility and vast economic loses,,26.0,,,Failure of whole facility and vast economic loses,26.0,FMEA编号；潜在失效后果；风险优先数(RPN),4,
1070,1070,baseline模型,baseline兼容旧逻辑,风险影响评估类,fmea_id_to_risk_profile,风险后果查询,,,中等,FMEA编号TO6的S、O、D、RPN分别是多少？,S=4.4；O=2.6；D=3.2；RPN=25.25。,S：4.25 O：2.25 D：3.25 RPN：33,错误,0.0,634.55,语义RAG,0.0,0.0,0,,3,,4.4；2.6；3.2；25.25,,,,,4.4；2.6；3.2；25.25,FMEA编号；严酷度(S)；发生度(O)；可探测度(D)；风险优先数(RPN),5,
1071,1071,baseline模型,baseline兼容旧逻辑,风险影响评估类,fmea_id_to_risk_profile,风险后果查询,,,中等,FMEA编号TO7这条记录的风险分和SOD给我看一下。,S=4.4；O=2.8；D=3.2；RPN=30。,风险优先数 / RPN: 24.17 严重度 / S: 4.43 发生度 / O: 2 可探测度 / D: 3,错误,0.0,742.1,语义RAG,0.0,0.25,0,,3,,4.4；2.8；3.2；30.0,,,,,4.4；2.8；3.2；30.0,FMEA编号；严酷度(S)；发生度(O)；可探测度(D)；风险优先数(RPN),6,
1072,1072,baseline模型,baseline兼容旧逻辑,风险影响评估类,fmea_id_to_risk_profile,风险后果查询,,,中等,查一下FMEA编号TO8的严重度S、发生度O、探测度D和RPN。,S=4；O=2.25；D=3.67；RPN=21.8。,根据上下文，没有找到FMEA编号TO8的相关信息，因此无法提供其严重度S、发生度O、探测度D和RPN的具体数值。,错误,0.0,696.38,语义RAG,0.0,0.25,0,,3,,4.0；2.25；3.67；21.8,,,,,4.0；2.25；3.67；21.8,FMEA编号；严酷度(S)；发生度(O)；可探测度(D)；风险优先数(RPN),7,
1073,1073,baseline模型,baseline兼容旧逻辑,风险影响评估类,fmea_id_to_risk_profile,风险后果查询,,,中等,FMEA编号TO9这条FMEA风险画像是什么，后果和RPN是多少？,潜在失效后果：Potential collapse；RPN=38。,FMEA编号 TO9 这条 FMEA 风险画像的失效模式为 Structural plastic deformation [11]，后果为 Local stress accumulation，RPN 为 24.17。,错误,0.0,798.4,语义RAG,0.0,0.0,0,,3,Potential collapse,38.0,,,,Potential collapse,38.0,FMEA编号；潜在失效后果；风险优先数(RPN),8,
1074,1074,baseline模型,baseline兼容旧逻辑,风险影响评估类,fmea_id_to_risk_profile,风险后果查询,,,中等,FMEA编号TO10这条记录，影响是什么，风险优先数是多少？,潜在失效后果：Potential collapse；RPN=40。,影响是Loss of dynamic positioning，风险优先数是26。,错误,0.0,536.65,语义RAG,0.0,0.0,0,,3,Potential collapse,40.0,,,,Potential collapse,40.0,FMEA编号；潜在失效后果；风险优先数(RPN),9,
1075,1075,baseline模型,baseline兼容旧逻辑,风险影响评估类,fmea_id_to_risk_profile,风险后果查询,,,中等,FMEA编号TO11的S、O、D、RPN分别是多少？,S=4；O=2.25；D=3.67；RPN=33.33。,S：4.25 O：2.25 D：3.25 RPN：33,错误,0.25,638.89,语义RAG,0.0,0.25,0,,3,,4.0；3.67；33.33,2.25,,,,4.0；2.25；3.67；33.33,FMEA编号；严酷度(S)；发生度(O)；可探测度(D)；风险优先数(RPN),10,
1076,1076,baseline模型,baseline兼容旧逻辑,风险影响评估类,fmea_id_to_risk_profile,风险后果查询,,,中等,FMEA编号TO12这条记录的风险分和SOD给我看一下。,S=4；O=2.8；D=3.75；RPN=30。,风险优先数 / RPN: 24.17 严重度 / S: 4.43 发生度 / O: 2 可探测度 / D: 3,错误,0.0,741.92,语义RAG,0.0,0.0,0,,3,,4.0；2.8；3.75；30.0,,,,,4.0；2.8；3.75；30.0,FMEA编号；严酷度(S)；发生度(O)；可探测度(D)；风险优先数(RPN),11,
1077,1077,baseline模型,baseline兼容旧逻辑,风险影响评估类,fmea_id_to_risk_profile,风险后果查询,,,中等,查一下FMEA编号TO13的严重度S、发生度O、探测度D和RPN。,S=3.75；O=3；D=2.67；RPN=40.75。,不知道。上下文中没有提到FMEA编号为TO13的相关信息。,错误,0.0,571.39,语义RAG,0.0,0.25,0,,3,,3.75；3.0；2.67；40.75,,,,,3.75；3.0；2.67；40.75,FMEA编号；严酷度(S)；发生度(O)；可探测度(D)；风险优先数(RPN),12,
1078,1078,baseline模型,baseline兼容旧逻辑,风险影响评估类,fmea_id_to_risk_profile,风险后果查询,,,中等,FMEA编号TO14这条FMEA风险画像是什么，后果和RPN是多少？,潜在失效后果：Potential collapse；RPN=33.5。,FMEA编号 TO14 这条 FMEA 风险画像的失效模式为 Structural plastic deformation [11]，后果为 Local stress accumulation，RPN 为 24.17。,错误,0.0,830.25,语义RAG,0.0,0.0,0,,3,Potential collapse,33.5,,,,Potential collapse,33.5,FMEA编号；潜在失效后果；风险优先数(RPN),13,
1079,1079,baseline模型,baseline兼容旧逻辑,风险影响评估类,fmea_id_to_risk_profile,风险后果查询,,,中等,FMEA编号TO15这条记录，影响是什么，风险优先数是多少？,潜在失效后果：Potential collapse；RPN=30。,影响是Loss of dynamic positioning，风险优先数是26。,错误,0.0,537.13,语义RAG,0.0,0.0,0,,3,Potential collapse,30.0,,,,Potential collapse,30.0,FMEA编号；潜在失效后果；风险优先数(RPN),14,
1080,1080,baseline模型,baseline兼容旧逻辑,风险影响评估类,fmea_id_to_risk_profile,风险后果查询,,,中等,FMEA编号TO16的S、O、D、RPN分别是多少？,S=4.25；O=1.75；D=3；RPN=26。,S：4.25 O：2.25 D：3.25 RPN：33,错误,0.25,642.16,语义RAG,0.0,0.5,0,,3,,1.75；3.0；26.0,4.25,,,,4.25；1.75；3.0；26.0,FMEA编号；严酷度(S)；发生度(O)；可探测度(D)；风险优先数(RPN),15,
1081,1081,baseline模型,baseline兼容旧逻辑,风险影响评估类,fmea_id_to_risk_profile,风险后果查询,,,中等,FMEA编号TO17这条记录的风险分和SOD给我看一下。,S=3.8；O=2.4；D=3；RPN=25.5。,风险优先数 / RPN: 24.17 严重度 / S: 4.43 发生度 / O: 2 可探测度 / D: 3,错误,0.25,743.38,语义RAG,0.0,0.25,0,,3,,3.8；2.4；25.5,3.0,,,,3.8；2.4；3.0；25.5,FMEA编号；严酷度(S)；发生度(O)；可探测度(D)；风险优先数(RPN),16,
1082,1082,baseline模型,baseline兼容旧逻辑,风险影响评估类,fmea_id_to_risk_profile,风险后果查询,,,中等,查一下FMEA编号TO18的严重度S、发生度O、探测度D和RPN。,S=4；O=2.4；D=3.25；RPN=33.33。,不知道。上下文中没有提到FMEA编号为TO18的相关信息。,错误,0.0,581.09,语义RAG,0.0,0.5,0,,3,,4.0；2.4；3.25；33.33,,,,,4.0；2.4；3.25；33.33,FMEA编号；严酷度(S)；发生度(O)；可探测度(D)；风险优先数(RPN),17,
1083,1083,baseline模型,baseline兼容旧逻辑,风险影响评估类,fmea_id_to_risk_profile,风险后果查询,,,中等,FMEA编号TO19这条FMEA风险画像是什么，后果和RPN是多少？,潜在失效后果：Failure of whole facility and vast economic loses；RPN=23.33。,FMEA编号 TO19 这条 FMEA 风险画像的失效模式为 Structural plastic deformation [11]，后果为 Local stress accumulation，RPN 为 24.17。,错误,0.0,822.99,语义RAG,0.0,0.0,0,,3,Failure of whole facility and vast economic loses,23.33,,,,Failure of whole facility and vast economic loses,23.33,FMEA编号；潜在失效后果；风险优先数(RPN),18,
1084,1084,baseline模型,baseline兼容旧逻辑,风险影响评估类,fmea_id_to_risk_profile,风险后果查询,,,中等,FMEA编号TO20这条记录，影响是什么，风险优先数是多少？,潜在失效后果：Failure of whole facility and vast economic loses；RPN=26.5。,这条记录没有提供具体的FMEA编号为TO20的信息。根据提供的上下文中的三条记录，均未找到编号为TO20的条目。因此，无法回答该问题。,错误,0.0,751.98,语义RAG,0.0,0.0,0,,3,Failure of whole facility and vast economic loses,26.5,,,,Failure of whole facility and vast economic loses,26.5,FMEA编号；潜在失效后果；风险优先数(RPN),19,
1085,1085,baseline模型,baseline兼容旧逻辑,风险影响评估类,fmea_id_to_risk_profile,风险后果查询,,,中等,FMEA编号TO21的S、O、D、RPN分别是多少？,S=4.25；O=1.5；D=3.33；RPN=27。,S：4.25 O：2.25 D：3.25 RPN：33,错误,0.25,642.01,语义RAG,0.0,0.25,0,,3,,1.5；3.33；27.0,4.25,,,,4.25；1.5；3.33；27.0,FMEA编号；严酷度(S)；发生度(O)；可探测度(D)；风险优先数(RPN),20,
1086,1086,baseline模型,baseline兼容旧逻辑,风险影响评估类,fmea_id_to_risk_profile,风险后果查询,,,中等,FMEA编号TO22这条记录的风险分和SOD给我看一下。,S=4；O=2.25；D=3；RPN=25.67。,风险优先数 / RPN: 24.17 严重度 / S: 4.43 发生度 / O: 2 可探测度 / D: 3,错误,0.25,756.02,语义RAG,0.0,0.25,0,,3,,4.0；2.25；25.67,3.0,,,,4.0；2.25；3.0；25.67,FMEA编号；严酷度(S)；发生度(O)；可探测度(D)；风险优先数(RPN),21,
1087,1087,baseline模型,baseline兼容旧逻辑,风险影响评估类,fmea_id_to_risk_profile,风险后果查询,,,中等,查一下FMEA编号TO23的严重度S、发生度O、探测度D和RPN。,S=4.4；O=2.2；D=2.8；RPN=18。,不知道。上下文中没有提到FMEA编号为TO23的相关信息。,错误,0.0,571.92,语义RAG,0.0,0.25,0,,3,,4.4；2.2；2.8；18.0,,,,,4.4；2.2；2.8；18.0,FMEA编号；严酷度(S)；发生度(O)；可探测度(D)；风险优先数(RPN),22,
1088,1088,baseline模型,baseline兼容旧逻辑,风险影响评估类,fmea_id_to_risk_profile,风险后果查询,,,中等,FMEA编号TO24这条FMEA风险画像是什么，后果和RPN是多少？,潜在失效后果：Failure of whole facility and vast economic loses；RPN=21.33。,FMEA编号 TO24 这条 FMEA 风险画像的失效模式为 Structural plastic deformation [11]，后果为 Local stress accumulation，RPN 为 24.17。,错误,0.0,823.63,语义RAG,0.0,0.0,0,,3,Failure of whole facility and vast economic loses,21.33,,,,Failure of whole facility and vast economic loses,21.33,FMEA编号；潜在失效后果；风险优先数(RPN),23,
1089,1089,baseline模型,baseline兼容旧逻辑,风险影响评估类,fmea_id_to_risk_profile,风险后果查询,,,中等,FMEA编号TP1这条记录，影响是什么，风险优先数是多少？,"潜在失效后果：Tower Unit collapse, Floater Unit damage；RPN=36.5。",这条记录没有明确的FMEA编号为TP1的信息。根据提供的上下文内容，没有找到对应的FMEA编号TP1的相关信息。因此无法回答该问题。,错误,0.0,716.0,语义RAG,0.0,0.0,0,,3,"Tower Unit collapse, Floater Unit damage",36.5,,,,"Tower Unit collapse, Floater Unit damage",36.5,FMEA编号；潜在失效后果；风险优先数(RPN),24,
1090,1090,baseline模型,baseline兼容旧逻辑,风险影响评估类,fmea_id_to_risk_profile,风险后果查询,,,中等,FMEA编号TP2的S、O、D、RPN分别是多少？,S=4.25；O=2.25；D=3.25；RPN=33。,S：4.25 O：2.25 D：3.25 RPN：33,正确,1.0,672.37,语义RAG,0.0,1.0,0,,3,,,4.25；2.25；3.25；33.0,,,,4.25；2.25；3.25；33.0,FMEA编号；严酷度(S)；发生度(O)；可探测度(D)；风险优先数(RPN),25,
1091,1091,baseline模型,baseline兼容旧逻辑,风险影响评估类,fmea_id_to_risk_profile,风险后果查询,,,中等,FMEA编号TP3这条记录的风险分和SOD给我看一下。,S=4；O=2.5；D=3；RPN=32。,风险优先数 / RPN: 24.17 严重度 / S: 4.43 发生度 / O: 2 可探测度 / D: 3,错误,0.25,753.84,语义RAG,0.0,0.25,0,,3,,4.0；2.5；32.0,3.0,,,,4.0；2.5；3.0；32.0,FMEA编号；严酷度(S)；发生度(O)；可探测度(D)；风险优先数(RPN),26,
1092,1092,baseline模型,baseline兼容旧逻辑,风险影响评估类,fmea_id_to_risk_profile,风险后果查询,,,中等,查一下FMEA编号TP4的严重度S、发生度O、探测度D和RPN。,S=3.5；O=2.5；D=3.75；RPN=29。,不知道。上下文中没有提到FMEA编号为TP4的相关信息。,错误,0.0,532.2,语义RAG,0.0,0.0,0,,3,,3.5；2.5；3.75；29.0,,,,,3.5；2.5；3.75；29.0,FMEA编号；严酷度(S)；发生度(O)；可探测度(D)；风险优先数(RPN),27,
1093,1093,baseline模型,baseline兼容旧逻辑,风险影响评估类,fmea_id_to_risk_profile,风险后果查询,,,中等,FMEA编号TP5这条FMEA风险画像是什么，后果和RPN是多少？,"潜在失效后果：Tower Unit collapse, Floater Unit damage；RPN=31。",FMEA编号 TP5 这条 FMEA 风险画像的失效模式为 Structural plastic deformation [11]，后果为 Local stress accumulation，RPN 为 24.17。,错误,0.0,796.02,语义RAG,0.0,0.0,0,,3,"Tower Unit collapse, Floater Unit damage",31.0,,,,"Tower Unit collapse, Floater Unit damage",31.0,FMEA编号；潜在失效后果；风险优先数(RPN),28,
1094,1094,baseline模型,baseline兼容旧逻辑,风险影响评估类,fmea_id_to_risk_profile,风险后果查询,,,中等,FMEA编号TP6这条记录，影响是什么，风险优先数是多少？,潜在失效后果：potential tower connections failure；RPN=35.25。,这条记录没有明确的FMEA编号为TP6的信息。根据提供的上下文，没有找到对应的FMEA编号TP6的相关信息，因此无法回答影响和风险优先数。,错误,0.0,730.17,语义RAG,0.0,0.0,0,,3,potential tower connections failure,35.25,,,,potential tower connections failure,35.25,FMEA编号；潜在失效后果；风险优先数(RPN),29,
1095,1095,baseline模型,baseline兼容旧逻辑,风险影响评估类,fmea_id_to_risk_profile,风险后果查询,,,中等,FMEA编号TP7的S、O、D、RPN分别是多少？,S=3.67；O=2.67；D=3；RPN=24。,S: 4.25 O: 2.25 D: 3.25 RPN: 33,错误,0.0,685.98,语义RAG,0.0,0.25,0,,3,,3.67；2.67；3.0；24.0,,,,,3.67；2.67；3.0；24.0,FMEA编号；严酷度(S)；发生度(O)；可探测度(D)；风险优先数(RPN),30,
1096,1096,baseline模型,baseline兼容旧逻辑,风险影响评估类,fmea_id_to_risk_profile,风险后果查询,,,中等,FMEA编号TP8这条记录的风险分和SOD给我看一下。,S=3.75；O=2.5；D=3.25；RPN=21.67。,风险优先数 / RPN: 24.17 严重度 / S: 4.43 发生度 / O: 2 可探测度 / D: 3,错误,0.0,759.96,语义RAG,0.0,0.0,0,,3,,3.75；2.5；3.25；21.67,,,,,3.75；2.5；3.25；21.67,FMEA编号；严酷度(S)；发生度(O)；可探测度(D)；风险优先数(RPN),31,
1097,1097,baseline模型,baseline兼容旧逻辑,风险影响评估类,fmea_id_to_risk_profile,风险后果查询,,,中等,查一下FMEA编号TP9的严重度S、发生度O、探测度D和RPN。,S=4；O=2.5；D=3；RPN=38。,不知道。上下文中没有提到FMEA编号为TP9的相关信息。,错误,0.0,534.72,语义RAG,0.0,0.5,0,,3,,4.0；2.5；3.0；38.0,,,,,4.0；2.5；3.0；38.0,FMEA编号；严酷度(S)；发生度(O)；可探测度(D)；风险优先数(RPN),32,
1098,1098,baseline模型,baseline兼容旧逻辑,风险影响评估类,fmea_id_to_risk_profile,风险后果查询,,,中等,FMEA编号TP10这条FMEA风险画像是什么，后果和RPN是多少？,潜在失效后果：potential tower connections failure；RPN=24.67。,FMEA编号 TP10 这条 FMEA 风险画像的失效模式为 Structural plastic deformation [11]，后果为 Local stress accumulation，RPN 为 24.17。,错误,0.0,742.51,语义RAG,0.0,0.0,0,,3,potential tower connections failure,24.67,,,,potential tower connections failure,24.67,FMEA编号；潜在失效后果；风险优先数(RPN),33,
1099,1099,baseline模型,baseline兼容旧逻辑,风险影响评估类,fmea_id_to_risk_profile,风险后果查询,,,中等,FMEA编号TP11这条记录，影响是什么，风险优先数是多少？,潜在失效后果：potential tower connections failure；RPN=24.67。,影响是Loss of dynamic positioning，风险优先数是26。,错误,0.0,544.33,语义RAG,0.0,0.0,0,,3,potential tower connections failure,24.67,,,,potential tower connections failure,24.67,FMEA编号；潜在失效后果；风险优先数(RPN),34,
1100,1100,baseline模型,baseline兼容旧逻辑,风险影响评估类,fmea_id_to_risk_profile,风险后果查询,,,中等,FMEA编号TP12的S、O、D、RPN分别是多少？,S=3.67；O=2.33；D=3；RPN=28。,S: 4.25 O: 2.25 D: 3.25 RPN: 33,错误,0.0,683.42,语义RAG,0.0,0.25,0,,3,,3.67；2.33；3.0；28.0,,,,,3.67；2.33；3.0；28.0,FMEA编号；严酷度(S)；发生度(O)；可探测度(D)；风险优先数(RPN),35,
1101,1101,baseline模型,baseline兼容旧逻辑,风险影响评估类,fmea_id_to_risk_profile,风险后果查询,,,中等,FMEA编号TP13这条记录的风险分和SOD给我看一下。,S=3.33；O=2.67；D=3；RPN=26。,风险优先数 / RPN: 24.17 严重度 / S: 4.43 发生度 / O: 2 可探测度 / D: 3,错误,0.25,746.68,语义RAG,0.0,0.25,0,,3,,3.33；2.67；26.0,3.0,,,,3.33；2.67；3.0；26.0,FMEA编号；严酷度(S)；发生度(O)；可探测度(D)；风险优先数(RPN),36,
1102,1102,baseline模型,baseline兼容旧逻辑,风险影响评估类,fmea_id_to_risk_profile,风险后果查询,,,中等,查一下FMEA编号TP14的严重度S、发生度O、探测度D和RPN。,S=3.33；O=2；D=3.67；RPN=23.33。,不知道。上下文中没有提到FMEA编号为TP14的信息。,错误,0.0,543.35,语义RAG,0.0,0.0,0,,3,,3.33；2.0；3.67；23.33,,,,,3.33；2.0；3.67；23.33,FMEA编号；严酷度(S)；发生度(O)；可探测度(D)；风险优先数(RPN),37,
1103,1103,baseline模型,baseline兼容旧逻辑,风险影响评估类,fmea_id_to_risk_profile,风险后果查询,,,中等,FMEA编号TP15这条FMEA风险画像是什么，后果和RPN是多少？,潜在失效后果：Tower transition piece connections failure/ displacement variations between tower end；RPN=26。,FMEA编号 / FmeaID / record id / 编号: TP15 失效模式 / FailureMode / problem / issue / 毛病 / 啥问题 / 什么坏: Structural plastic deformation [11] 风险优先数 / RPN / risk score / 风险数 / 危险分 / 分数: 24.17 失效后果 / FailureEffect / effect / result / consequence / 结果 / 后果 / 会怎样: Local stress accumulation,错误,0.0,1332.21,语义RAG,0.0,0.0,0,,3,Tower transition piece connections failure/ displacement variations between tower end,26.0,,,,Tower transition piece connections failure/ displacement variations between tower end,26.0,FMEA编号；潜在失效后果；风险优先数(RPN),38,
1104,1104,baseline模型,baseline兼容旧逻辑,风险影响评估类,fmea_id_to_risk_profile,风险后果查询,,,中等,FMEA编号TP16这条记录，影响是什么，风险优先数是多少？,"潜在失效后果：Tower Unit collapse, Floater Unit damage；RPN=25.67。",影响是Loss of dynamic positioning，风险优先数是26。,错误,0.0,515.99,语义RAG,0.0,0.0,0,,3,"Tower Unit collapse, Floater Unit damage",25.67,,,,"Tower Unit collapse, Floater Unit damage",25.67,FMEA编号；潜在失效后果；风险优先数(RPN),39,
1105,1105,baseline模型,baseline兼容旧逻辑,风险影响评估类,fmea_id_to_risk_profile,风险后果查询,,,中等,FMEA编号TP17的S、O、D、RPN分别是多少？,S=4.67；O=1.67；D=3.33；RPN=37.5。,S：4.25 O：2.25 D：3.25 RPN：33,错误,0.0,619.24,语义RAG,0.0,0.25,0,,3,,4.67；1.67；3.33；37.5,,,,,4.67；1.67；3.33；37.5,FMEA编号；严酷度(S)；发生度(O)；可探测度(D)；风险优先数(RPN),40,
1106,1106,baseline模型,baseline兼容旧逻辑,风险影响评估类,fmea_id_to_risk_profile,风险后果查询,,,中等,FMEA编号TP18这条记录的风险分和SOD给我看一下。,S=3.33；O=2.33；D=3.33；RPN=24。,风险优先数 / RPN: 24.17 严重度 / S: 4.43 发生度 / O: 2 可探测度 / D: 3,错误,0.0,745.08,语义RAG,0.0,0.0,0,,3,,3.33；2.33；3.33；24.0,,,,,3.33；2.33；3.33；24.0,FMEA编号；严酷度(S)；发生度(O)；可探测度(D)；风险优先数(RPN),41,
1107,1107,baseline模型,baseline兼容旧逻辑,风险影响评估类,fmea_id_to_risk_profile,风险后果查询,,,中等,查一下FMEA编号TP19的严重度S、发生度O、探测度D和RPN。,S=3.5；O=2.5；D=4；RPN=30.25。,不知道。上下文中没有提到FMEA编号为TP19的信息。,错误,0.0,555.14,语义RAG,0.0,0.25,0,,3,,3.5；2.5；4.0；30.25,,,,,3.5；2.5；4.0；30.25,FMEA编号；严酷度(S)；发生度(O)；可探测度(D)；风险优先数(RPN),42,
1108,1108,baseline模型,baseline兼容旧逻辑,风险影响评估类,fmea_id_to_risk_profile,风险后果查询,,,中等,FMEA编号TP20这条FMEA风险画像是什么，后果和RPN是多少？,潜在失效后果：Tower transition piece connections failure；RPN=24.67。,这条FMEA风险画像的FMEA编号为TP20，失效模式为Structural plastic deformation [11]，后果为Local stress accumulation，RPN为24.17。,错误,0.0,762.44,语义RAG,0.0,0.0,0,,3,Tower transition piece connections failure,24.67,,,,Tower transition piece connections failure,24.67,FMEA编号；潜在失效后果；风险优先数(RPN),43,
1109,1109,baseline模型,baseline兼容旧逻辑,风险影响评估类,fmea_id_to_risk_profile,风险后果查询,,,中等,FMEA编号TP21这条记录，影响是什么，风险优先数是多少？,潜在失效后果：Tower transition piece connections failure；RPN=26.67。,这条记录没有明确的FMEA编号为TP21的信息。根据提供的上下文，没有找到对应的FMEA编号TP21的相关信息，因此无法回答影响和风险优先数。,错误,0.0,775.35,语义RAG,0.0,0.0,0,,3,Tower transition piece connections failure,26.67,,,,Tower transition piece connections failure,26.67,FMEA编号；潜在失效后果；风险优先数(RPN),44,
1110,1110,baseline模型,baseline兼容旧逻辑,风险影响评估类,fmea_id_to_risk_profile,风险后果查询,,,中等,FMEA编号FF1的S、O、D、RPN分别是多少？,S=4.57；O=2.29；D=3.86；RPN=27.2。,S：4.25 O：2.25 D：3.25 RPN：33,错误,0.0,635.98,语义RAG,0.0,0.0,0,,3,,4.57；2.29；3.86；27.2,,,,,4.57；2.29；3.86；27.2,FMEA编号；严酷度(S)；发生度(O)；可探测度(D)；风险优先数(RPN),45,
1111,1111,baseline模型,baseline兼容旧逻辑,风险影响评估类,fmea_id_to_risk_profile,风险后果查询,,,中等,FMEA编号FF2这条记录的风险分和SOD给我看一下。,S=5；O=1.67；D=3；RPN=42.71。,风险优先数 / RPN: 24.17 严重度 / S: 4.43 发生度 / O: 2 可探测度 / D: 3,错误,0.25,767.13,语义RAG,0.0,0.25,0,,3,,5.0；1.67；42.71,3.0,,,,5.0；1.67；3.0；42.71,FMEA编号；严酷度(S)；发生度(O)；可探测度(D)；风险优先数(RPN),46,
1112,1112,baseline模型,baseline兼容旧逻辑,风险影响评估类,fmea_id_to_risk_profile,风险后果查询,,,中等,查一下FMEA编号FF3的严重度S、发生度O、探测度D和RPN。,S=3.43；O=2.86；D=3.17；RPN=40.14。,FMEA编号 / FmeaID / record id / 编号: FF3 风险优先数 / RPN / risk score / 风险数 / 危险分 / 分数: 26 严重度 / S / severity: 3.4 发生度 / O / occurrence: 2.6 可探测度 / D / detection / 能查出来的分: 3,错误,0.0,1162.45,语义RAG,0.0,0.0,0,,3,,3.43；2.86；3.17；40.14,,,,,3.43；2.86；3.17；40.14,FMEA编号；严酷度(S)；发生度(O)；可探测度(D)；风险优先数(RPN),47,
1113,1113,baseline模型,baseline兼容旧逻辑,风险影响评估类,fmea_id_to_risk_profile,风险后果查询,,,中等,FMEA编号FF4这条FMEA风险画像是什么，后果和RPN是多少？,"潜在失效后果：Damage to the facility, vast economic loses；RPN=24.86。",FMEA编号 / FmeaID / record id / 编号: FF4 失效模式 / FailureMode / problem / issue / 毛病 / 啥问题 / 什么坏: Structural plastic deformation [11] 风险优先数 / RPN / risk score / 风险数 / 危险分 / 分数: 24.17 失效后果 / FailureEffect / effect / result / consequence / 结果 / 后果 / 会怎样: Local stress accumulation,错误,0.0,1271.22,语义RAG,0.0,0.0,0,,3,"Damage to the facility, vast economic loses",24.86,,,,"Damage to the facility, vast economic loses",24.86,FMEA编号；潜在失效后果；风险优先数(RPN),48,
1114,1114,baseline模型,baseline兼容旧逻辑,风险影响评估类,fmea_id_to_risk_profile,风险后果查询,,,中等,FMEA编号FF5这条记录，影响是什么，风险优先数是多少？,潜在失效后果：Structural reassessment；RPN=25。,这条记录的失效模式是Loss of dynamic positioning，风险优先数（RPN）是26。,错误,0.0,612.46,语义RAG,0.0,0.0,0,,3,Structural reassessment,25.0,,,,Structural reassessment,25.0,FMEA编号；潜在失效后果；风险优先数(RPN),49,
1115,1115,baseline模型,baseline兼容旧逻辑,风险影响评估类,fmea_id_to_risk_profile,风险后果查询,,,中等,FMEA编号FF6的S、O、D、RPN分别是多少？,S=3.83；O=2.6；D=4；RPN=25.83。,S：4.25 O：2.25 D：3.25 RPN：33,错误,0.0,671.98,语义RAG,0.0,0.0,0,,3,,3.83；2.6；4.0；25.83,,,,,3.83；2.6；4.0；25.83,FMEA编号；严酷度(S)；发生度(O)；可探测度(D)；风险优先数(RPN),50,
1116,1116,baseline模型,baseline兼容旧逻辑,风险影响评估类,fmea_id_to_risk_profile,风险后果查询,,,中等,FMEA编号FF7这条记录的风险分和SOD给我看一下。,S=4.17；O=2.83；D=3.5；RPN=30.57。,风险优先数 / RPN: 24.17 严重度 / S: 4.43 发生度 / O: 2 可探测度 / D: 3,错误,0.0,755.42,语义RAG,0.0,0.0,0,,3,,4.17；2.83；3.5；30.57,,,,,4.17；2.83；3.5；30.57,FMEA编号；严酷度(S)；发生度(O)；可探测度(D)；风险优先数(RPN),51,
1117,1117,baseline模型,baseline兼容旧逻辑,风险影响评估类,fmea_id_to_risk_profile,风险后果查询,,,中等,查一下FMEA编号FF8的严重度S、发生度O、探测度D和RPN。,S=4.8；O=1.8；D=3.2；RPN=34.5。,不知道。上下文中没有提到FMEA编号为FF8的相关信息。,错误,0.0,553.6,语义RAG,0.0,1.0,0,,3,,4.8；1.8；3.2；34.5,,,,,4.8；1.8；3.2；34.5,FMEA编号；严酷度(S)；发生度(O)；可探测度(D)；风险优先数(RPN),52,
1118,1118,baseline模型,baseline兼容旧逻辑,风险影响评估类,fmea_id_to_risk_profile,风险后果查询,,,中等,FMEA编号FF9这条FMEA风险画像是什么，后果和RPN是多少？,潜在失效后果：Structural failure；RPN=22.67。,FMEA编号 / FmeaID / record id / 编号: FF9 失效模式 / FailureMode / problem / issue / 毛病 / 啥问题 / 什么坏: Structural plastic deformation [11] 风险优先数 / RPN / risk score / 风险数 / 危险分 / 分数: 24.17 失效后果 / FailureEffect / effect / result / consequence / 结果 / 后果 / 会怎样: Local stress accumulation,错误,0.0,1290.07,语义RAG,0.0,0.0,0,,3,Structural failure,22.67,,,,Structural failure,22.67,FMEA编号；潜在失效后果；风险优先数(RPN),53,
1119,1119,baseline模型,baseline兼容旧逻辑,风险影响评估类,fmea_id_to_risk_profile,风险后果查询,,,中等,FMEA编号FF10这条记录，影响是什么，风险优先数是多少？,潜在失效后果：Structural failure；RPN=34。,影响是Loss of dynamic positioning，风险优先数是26。,错误,0.0,480.57,语义RAG,0.0,0.0,0,,3,Structural failure,34.0,,,,Structural failure,34.0,FMEA编号；潜在失效后果；风险优先数(RPN),54,
1120,1120,baseline模型,baseline兼容旧逻辑,风险影响评估类,fmea_id_to_risk_profile,风险后果查询,,,中等,FMEA编号FF11的S、O、D、RPN分别是多少？,S=3.86；O=3；D=2.71；RPN=32。,S：4.25 O：2.25 D：3.25 RPN：33,错误,0.0,665.86,语义RAG,0.0,0.25,0,,3,,3.86；3.0；2.71；32.0,,,,,3.86；3.0；2.71；32.0,FMEA编号；严酷度(S)；发生度(O)；可探测度(D)；风险优先数(RPN),55,
1121,1121,baseline模型,baseline兼容旧逻辑,风险影响评估类,fmea_id_to_risk_profile,风险后果查询,,,中等,FMEA编号FF12这条记录的风险分和SOD给我看一下。,S=4.17；O=1.83；D=2.83；RPN=31.83。,风险优先数 / RPN: 24.17 严重度 / S: 4.43 发生度 / O: 2 可探测度 / D: 3,错误,0.0,731.13,语义RAG,0.0,0.0,0,,3,,4.17；1.83；2.83；31.83,,,,,4.17；1.83；2.83；31.83,FMEA编号；严酷度(S)；发生度(O)；可探测度(D)；风险优先数(RPN),56,
1122,1122,baseline模型,baseline兼容旧逻辑,风险影响评估类,fmea_id_to_risk_profile,风险后果查询,,,中等,查一下FMEA编号FF13的严重度S、发生度O、探测度D和RPN。,S=3.83；O=2.83；D=3.33；RPN=31.2。,不知道。上下文中没有提到FMEA编号为FF13的信息。,错误,0.0,566.31,语义RAG,0.0,0.0,0,,3,,3.83；2.83；3.33；31.2,,,,,3.83；2.83；3.33；31.2,FMEA编号；严酷度(S)；发生度(O)；可探测度(D)；风险优先数(RPN),57,
1123,1123,baseline模型,baseline兼容旧逻辑,风险影响评估类,fmea_id_to_risk_profile,风险后果查询,,,中等,FMEA编号FF14这条FMEA风险画像是什么，后果和RPN是多少？,潜在失效后果：Potential Failure/Asset damage Energy production loss；RPN=26.86。,FMEA编号 / FmeaID / record id / 编号: FF14 失效模式 / FailureMode / problem / issue / 毛病 / 啥问题 / 什么坏: Structural plastic deformation [11] 风险优先数 / RPN / risk score / 风险数 / 危险分 / 分数: 24.17 失效后果 / FailureEffect / effect / result / consequence / 结果 / 后果 / 会怎样: Local stress accumulation,错误,0.0,1312.89,语义RAG,0.0,0.0,0,,3,Potential Failure/Asset damage Energy production loss,26.86,,,,Potential Failure/Asset damage Energy production loss,26.86,FMEA编号；潜在失效后果；风险优先数(RPN),58,
1124,1124,baseline模型,baseline兼容旧逻辑,风险影响评估类,fmea_id_to_risk_profile,风险后果查询,,,中等,FMEA编号FF15这条记录，影响是什么，风险优先数是多少？,潜在失效后果：Local stress accumulation；RPN=24.17。,影响是Loss of dynamic positioning，风险优先数是26。,错误,0.0,494.81,语义RAG,0.0,0.0,0,,3,Local stress accumulation,24.17,,,,Local stress accumulation,24.17,FMEA编号；潜在失效后果；风险优先数(RPN),59,
1125,1125,baseline模型,baseline兼容旧逻辑,风险影响评估类,fmea_id_to_risk_profile,风险后果查询,,,中等,FMEA编号FF16的S、O、D、RPN分别是多少？,S=4.5；O=2.33；D=3；RPN=37.2。,S：4.25 O：2.25 D：3.25 RPN：33,错误,0.0,640.48,语义RAG,0.0,0.25,0,,3,,4.5；2.33；3.0；37.2,,,,,4.5；2.33；3.0；37.2,FMEA编号；严酷度(S)；发生度(O)；可探测度(D)；风险优先数(RPN),60,
1126,1126,baseline模型,baseline兼容旧逻辑,风险影响评估类,fmea_id_to_risk_profile,风险后果查询,,,中等,FMEA编号FF17这条记录的风险分和SOD给我看一下。,S=3.86；O=2.71；D=2.57；RPN=23.5。,风险优先数 / RPN: 24.17 严重度 / S: 4.43 发生度 / O: 2 可探测度 / D: 3,错误,0.0,785.01,语义RAG,0.0,0.0,0,,3,,3.86；2.71；2.57；23.5,,,,,3.86；2.71；2.57；23.5,FMEA编号；严酷度(S)；发生度(O)；可探测度(D)；风险优先数(RPN),61,
1127,1127,baseline模型,baseline兼容旧逻辑,风险影响评估类,fmea_id_to_risk_profile,风险后果查询,,,中等,查一下FMEA编号FF18的严重度S、发生度O、探测度D和RPN。,S=4；O=2.2；D=3.25；RPN=30.8。,不知道。上下文中没有提到FMEA编号为FF18的信息。,错误,0.0,549.0,语义RAG,0.0,1.0,0,,3,,4.0；2.2；3.25；30.8,,,,,4.0；2.2；3.25；30.8,FMEA编号；严酷度(S)；发生度(O)；可探测度(D)；风险优先数(RPN),62,
1128,1128,baseline模型,baseline兼容旧逻辑,风险影响评估类,fmea_id_to_risk_profile,风险后果查询,,,中等,FMEA编号FF19这条FMEA风险画像是什么，后果和RPN是多少？,"潜在失效后果：Increased risk of collision, potential damage to the floater；RPN=36.5。",FMEA编号 / FmeaID / record id / 编号: FF19 失效模式 / FailureMode / problem / issue / 毛病 / 啥问题 / 什么坏: Structural plastic deformation [11] 风险优先数 / RPN / risk score / 风险数 / 危险分 / 分数: 24.17 失效后果 / FailureEffect / effect / result / consequence / 结果 / 后果 / 会怎样: Local stress accumulation,错误,0.0,1308.18,语义RAG,0.0,0.0,0,,3,"Increased risk of collision, potential damage to the floater",36.5,,,,"Increased risk of collision, potential damage to the floater",36.5,FMEA编号；潜在失效后果；风险优先数(RPN),63,
1129,1129,baseline模型,baseline兼容旧逻辑,风险影响评估类,fmea_id_to_risk_profile,风险后果查询,,,中等,FMEA编号FF20这条记录，影响是什么，风险优先数是多少？,"潜在失效后果：Damage to the facility, vast economic loses；RPN=31.75。",影响是Loss of dynamic positioning，风险优先数是26。,错误,0.0,534.45,语义RAG,0.0,0.0,0,,3,"Damage to the facility, vast economic loses",31.75,,,,"Damage to the facility, vast economic loses",31.75,FMEA编号；潜在失效后果；风险优先数(RPN),64,
1130,1130,baseline模型,baseline兼容旧逻辑,风险影响评估类,fmea_id_to_risk_profile,风险后果查询,,,中等,FMEA编号FF21的S、O、D、RPN分别是多少？,S=2；O=3；D=3；RPN=41.17。,S：4.67 O：1.33 D：3.6 RPN：33.4,错误,0.0,652.72,语义RAG,0.0,0.75,0,,3,,2.0；3.0；3.0；41.17,,,,,2.0；3.0；3.0；41.17,FMEA编号；严酷度(S)；发生度(O)；可探测度(D)；风险优先数(RPN),65,
1131,1131,baseline模型,baseline兼容旧逻辑,风险影响评估类,fmea_id_to_risk_profile,风险后果查询,,,中等,FMEA编号FF22这条记录的风险分和SOD给我看一下。,S=4；O=2.6；D=3.25；RPN=18.8。,风险优先数 / RPN: 24.17 严重度 / S: 4.43 发生度 / O: 2 可探测度 / D: 3 风险优先数 / RPN: 34.5 严重度 / S: 4.8 发生度 / O: 1.8 可探测度 / D: 3.2 风险优先数 / RPN: 33.4 严重度 / S: 4.67 发生度 / O: 1.33 可探测度 / D: 3.6,错误,0.0,1481.37,语义RAG,0.0,0.0,0,,3,,4.0；2.6；3.25；18.8,,,,,4.0；2.6；3.25；18.8,FMEA编号；严酷度(S)；发生度(O)；可探测度(D)；风险优先数(RPN),66,
1132,1132,baseline模型,baseline兼容旧逻辑,风险影响评估类,fmea_id_to_risk_profile,风险后果查询,,,中等,查一下FMEA编号FF23的严重度S、发生度O、探测度D和RPN。,S=4.17；O=2.67；D=3.2；RPN=36。,根据上下文，FMEA编号FF23的信息如下： - 严重度 / S: 3.4 - 发生度 / O: 2.6 - 可探测度 / D: 3 - 风险优先数 / RPN: 26,错误,0.0,940.2,语义RAG,0.0,0.25,0,,3,,4.17；2.67；3.2；36.0,,,,,4.17；2.67；3.2；36.0,FMEA编号；严酷度(S)；发生度(O)；可探测度(D)；风险优先数(RPN),67,
1133,1133,baseline模型,baseline兼容旧逻辑,风险影响评估类,fmea_id_to_risk_profile,风险后果查询,,,中等,FMEA编号FF24这条FMEA风险画像是什么，后果和RPN是多少？,潜在失效后果：Tower collapse；RPN=33.4。,FMEA编号 / FmeaID / record id / 编号: FF24 失效模式 / FailureMode / problem / issue / 毛病 / 啥问题 / 什么坏: Structural plastic deformation [11] 风险优先数 / RPN / risk score / 风险数 / 危险分 / 分数: 24.17 失效后果 / FailureEffect / effect / result / consequence / 结果 / 后果 / 会怎样: Local stress accumulation,错误,0.0,1307.1,语义RAG,0.0,0.0,0,,3,Tower collapse,33.4,,,,Tower collapse,33.4,FMEA编号；潜在失效后果；风险优先数(RPN),68,
1134,1134,baseline模型,baseline兼容旧逻辑,风险影响评估类,fmea_id_to_risk_profile,风险后果查询,,,中等,FMEA编号FF25这条记录，影响是什么，风险优先数是多少？,潜在失效后果：Potential Failure/Asset damage Energy production loss；RPN=30.8。,影响是Loss of dynamic positioning，风险优先数是26。,错误,0.0,505.01,语义RAG,0.0,0.0,0,,3,Potential Failure/Asset damage Energy production loss,30.8,,,,Potential Failure/Asset damage Energy production loss,30.8,FMEA编号；潜在失效后果；风险优先数(RPN),69,
1135,1135,baseline模型,baseline兼容旧逻辑,风险影响评估类,fmea_id_to_risk_profile,风险后果查询,,,中等,FMEA编号FF26的S、O、D、RPN分别是多少？,S=4.83；O=1.67；D=3.17；RPN=25。,S：4.25 O：2.25 D：3.25 RPN：33,错误,0.0,646.36,语义RAG,0.0,0.0,0,,3,,4.83；1.67；3.17；25.0,,,,,4.83；1.67；3.17；25.0,FMEA编号；严酷度(S)；发生度(O)；可探测度(D)；风险优先数(RPN),70,
1136,1136,baseline模型,baseline兼容旧逻辑,风险影响评估类,fmea_id_to_risk_profile,风险后果查询,,,中等,FMEA编号FF27这条记录的风险分和SOD给我看一下。,S=4.67；O=2.33；D=3；RPN=22.4。,风险优先数 / RPN: 24.17 严重度 / S: 4.43 发生度 / O: 2 可探测度 / D: 3,错误,0.25,748.49,语义RAG,0.0,0.5,0,,3,,4.67；2.33；22.4,3.0,,,,4.67；2.33；3.0；22.4,FMEA编号；严酷度(S)；发生度(O)；可探测度(D)；风险优先数(RPN),71,
1137,1137,baseline模型,baseline兼容旧逻辑,风险影响评估类,fmea_id_to_risk_profile,风险后果查询,,,中等,查一下FMEA编号FF28的严重度S、发生度O、探测度D和RPN。,S=4.5；O=2.33；D=3.6；RPN=19。,不知道。上下文中的FMEA编号没有提到FF28这个编号。,错误,0.0,544.44,语义RAG,0.0,0.0,0,,3,,4.5；2.33；3.6；19.0,,,,,4.5；2.33；3.6；19.0,FMEA编号；严酷度(S)；发生度(O)；可探测度(D)；风险优先数(RPN),72,
1138,1138,baseline模型,baseline兼容旧逻辑,风险影响评估类,fmea_id_to_risk_profile,风险后果查询,,,中等,FMEA编号FF29这条FMEA风险画像是什么，后果和RPN是多少？,潜在失效后果：Reduced stability；RPN=36。,FMEA编号 / FmeaID / record id / 编号: FF29 失效模式 / FailureMode / problem / issue / 毛病 / 啥问题 / 什么坏: Structural plastic deformation [11] 风险优先数 / RPN / risk score / 风险数 / 危险分 / 分数: 24.17 失效后果 / FailureEffect / effect / result / consequence / 结果 / 后果 / 会怎样: Local stress accumulation,错误,0.0,1317.44,语义RAG,0.3333,0.5,0,,3,Reduced stability,36.0,,,,Reduced stability,36.0,FMEA编号；潜在失效后果；风险优先数(RPN),73,
1139,1139,baseline模型,baseline兼容旧逻辑,风险影响评估类,fmea_id_to_risk_profile,风险后果查询,,,中等,FMEA编号FF30这条记录，影响是什么，风险优先数是多少？,潜在失效后果：Watertight fault；RPN=31.2。,影响是Loss of dynamic positioning，风险优先数是26。,错误,0.0,504.02,语义RAG,0.0,0.0,0,,3,Watertight fault,31.2,,,,Watertight fault,31.2,FMEA编号；潜在失效后果；风险优先数(RPN),74,
1140,1140,baseline模型,baseline兼容旧逻辑,风险影响评估类,fmea_id_to_risk_profile,风险后果查询,,,中等,FMEA编号SKS1的S、O、D、RPN分别是多少？,S=4.2；O=2.2；D=3.8；RPN=34。,S：4.25 O：2.25 D：3.25 RPN：33,错误,0.0,648.5,语义RAG,0.0,0.0,0,,3,,4.2；2.2；3.8；34.0,,,,,4.2；2.2；3.8；34.0,FMEA编号；严酷度(S)；发生度(O)；可探测度(D)；风险优先数(RPN),75,
1141,1141,baseline模型,baseline兼容旧逻辑,风险影响评估类,fmea_id_to_risk_profile,风险后果查询,,,中等,FMEA编号SKS2这条记录的风险分和SOD给我看一下。,S=4.2；O=2.2；D=3.8；RPN=34。,风险优先数 / RPN: 24.17 严重度 / S: 4.43 发生度 / O: 2 可探测度 / D: 3,错误,0.0,759.67,语义RAG,0.0,0.0,0,,3,,4.2；2.2；3.8；34.0,,,,,4.2；2.2；3.8；34.0,FMEA编号；严酷度(S)；发生度(O)；可探测度(D)；风险优先数(RPN),76,
1142,1142,baseline模型,baseline兼容旧逻辑,风险影响评估类,fmea_id_to_risk_profile,风险后果查询,,,中等,查一下FMEA编号SKS3的严重度S、发生度O、探测度D和RPN。,S=3；O=3；D=3.25；RPN=29.25。,严重度 / S: 4.8 发生度 / O: 1.8 可探测度 / D: 3.2 风险优先数 / RPN: 34.5,错误,0.0,769.96,语义RAG,0.0,0.75,0,,3,,3.0；3.0；3.25；29.25,,,,,3.0；3.0；3.25；29.25,FMEA编号；严酷度(S)；发生度(O)；可探测度(D)；风险优先数(RPN),77,
1143,1143,baseline模型,baseline兼容旧逻辑,风险影响评估类,fmea_id_to_risk_profile,风险后果查询,,,中等,FMEA编号SKS4这条FMEA风险画像是什么，后果和RPN是多少？,潜在失效后果：；RPN=28.5。,FMEA编号 SKS4 这条 FMEA 风险画像的失效模式为 Structural plastic deformation [11]，后果为 Local stress accumulation，RPN 为 24.17。,错误,0.0,825.47,语义RAG,0.0,0.0,0,,3,,28.5,,,,,28.5,FMEA编号；潜在失效后果；风险优先数(RPN),78,
1144,1144,baseline模型,baseline兼容旧逻辑,风险影响评估类,fmea_id_to_risk_profile,风险后果查询,,,中等,FMEA编号SKS5这条记录，影响是什么，风险优先数是多少？,潜在失效后果：The anchor cannot be dropped and lift；RPN=30。,这条记录的失效模式是 Loss of dynamic positioning，风险优先数（RPN）是 26。,错误,0.0,604.51,语义RAG,0.0,0.0,0,,3,The anchor cannot be dropped and lift,30.0,,,,The anchor cannot be dropped and lift,30.0,FMEA编号；潜在失效后果；风险优先数(RPN),79,
1145,1145,baseline模型,baseline兼容旧逻辑,风险影响评估类,fmea_id_to_risk_profile,风险后果查询,,,中等,FMEA编号SKS6的S、O、D、RPN分别是多少？,S=3.8；O=2.8；D=3；RPN=30。,S：4.25 O：2.25 D：3.25 RPN：33,错误,0.0,638.0,语义RAG,0.0,0.25,0,,3,,3.8；2.8；3.0；30.0,,,,,3.8；2.8；3.0；30.0,FMEA编号；严酷度(S)；发生度(O)；可探测度(D)；风险优先数(RPN),80,
1146,1146,baseline模型,baseline兼容旧逻辑,风险影响评估类,fmea_id_to_risk_profile,风险后果查询,,,中等,FMEA编号SKS7这条记录的风险分和SOD给我看一下。,S=2.6；O=3.2；D=2；RPN=13.5。,风险优先数 / RPN: 24.17 严重度 / S: 4.43 发生度 / O: 2 可探测度 / D: 3,错误,0.25,731.67,语义RAG,0.0,0.5,0,,3,,2.6；3.2；13.5,2.0,,,,2.6；3.2；2.0；13.5,FMEA编号；严酷度(S)；发生度(O)；可探测度(D)；风险优先数(RPN),81,
1147,1147,baseline模型,baseline兼容旧逻辑,风险影响评估类,fmea_id_to_risk_profile,风险后果查询,,,中等,查一下FMEA编号SKS8的严重度S、发生度O、探测度D和RPN。,S=4；O=2.4；D=3.2；RPN=28.8。,根据上下文，没有找到FMEA编号为SKS8的相关信息。因此无法提供该编号的具体数值。,错误,0.0,661.84,语义RAG,0.0,0.5,0,,3,,4.0；2.4；3.2；28.8,,,,,4.0；2.4；3.2；28.8,FMEA编号；严酷度(S)；发生度(O)；可探测度(D)；风险优先数(RPN),82,
1148,1148,baseline模型,baseline兼容旧逻辑,风险影响评估类,fmea_id_to_risk_profile,风险后果查询,,,中等,FMEA编号SKS9这条FMEA风险画像是什么，后果和RPN是多少？,潜在失效后果：Mooring line strength decrease or broken；RPN=20。,FMEA编号 SKS9 这条 FMEA 风险画像的失效模式为 Structural plastic deformation [11]，后果为 Local stress accumulation，RPN 为 24.17。,错误,0.0,802.12,语义RAG,0.0,0.0,0,,3,Mooring line strength decrease or broken,20.0,,,,Mooring line strength decrease or broken,20.0,FMEA编号；潜在失效后果；风险优先数(RPN),83,
1149,1149,baseline模型,baseline兼容旧逻辑,风险影响评估类,fmea_id_to_risk_profile,风险后果查询,,,中等,FMEA编号SKS10这条记录，影响是什么，风险优先数是多少？,潜在失效后果：Mooring line strength decrease or broken；RPN=24。,这条记录的失效模式是 Loss of dynamic positioning，风险优先数（RPN）是 26。,错误,0.0,602.29,语义RAG,0.0,0.0,0,,3,Mooring line strength decrease or broken,24.0,,,,Mooring line strength decrease or broken,24.0,FMEA编号；潜在失效后果；风险优先数(RPN),84,
1150,1150,baseline模型,baseline兼容旧逻辑,风险影响评估类,fmea_id_to_risk_profile,风险后果查询,,,中等,FMEA编号SKS11的S、O、D、RPN分别是多少？,S=3.6；O=2.8；D=3；RPN=29.2。,S：4.25 O：2.25 D：3.25 RPN：33,错误,0.0,654.03,语义RAG,0.0,0.5,0,,3,,3.6；2.8；3.0；29.2,,,,,3.6；2.8；3.0；29.2,FMEA编号；严酷度(S)；发生度(O)；可探测度(D)；风险优先数(RPN),85,
1151,1151,baseline模型,baseline兼容旧逻辑,风险影响评估类,fmea_id_to_risk_profile,风险后果查询,,,中等,FMEA编号SKS12这条记录的风险分和SOD给我看一下。,S=3.6；O=2.8；D=3；RPN=29.6。,"风险优先数 / RPN: 24.17, 34.5, 33.4 严重度 / S: 4.43, 4.8, 4.67 发生度 / O: 2, 1.8, 1.33 可探测度 / D: 3, 3.2, 3.6",错误,0.5,1110.56,语义RAG,0.0,0.5,0,,3,,2.8；29.6,3.0；3.6,,,,3.6；2.8；3.0；29.6,FMEA编号；严酷度(S)；发生度(O)；可探测度(D)；风险优先数(RPN),86,
1152,1152,baseline模型,baseline兼容旧逻辑,风险影响评估类,fmea_id_to_risk_profile,风险后果查询,,,中等,查一下FMEA编号SKS13的严重度S、发生度O、探测度D和RPN。,S=3.6；O=3；D=3；RPN=31.6。,不知道。上下文中没有提到FMEA编号为SKS13的信息。,错误,0.0,573.14,语义RAG,0.0,0.5,0,,3,,3.6；3.0；3.0；31.6,,,,,3.6；3.0；3.0；31.6,FMEA编号；严酷度(S)；发生度(O)；可探测度(D)；风险优先数(RPN),87,
1153,1153,baseline模型,baseline兼容旧逻辑,风险影响评估类,fmea_id_to_risk_profile,风险后果查询,,,中等,FMEA编号SKS14这条FMEA风险画像是什么，后果和RPN是多少？,潜在失效后果：Mooring line strength decrease or broken；RPN=35.6。,FMEA编号 SKS14 这条 FMEA 风险画像的失效模式为 Structural plastic deformation [11]，后果为 Local stress accumulation，RPN 为 24.17。,错误,0.0,825.44,语义RAG,0.0,0.0,0,,3,Mooring line strength decrease or broken,35.6,,,,Mooring line strength decrease or broken,35.6,FMEA编号；潜在失效后果；风险优先数(RPN),88,
1154,1154,baseline模型,baseline兼容旧逻辑,风险影响评估类,fmea_id_to_risk_profile,风险后果查询,,,中等,FMEA编号SKS15这条记录，影响是什么，风险优先数是多少？,潜在失效后果：Mooring line strength decrease or broken；RPN=26.4。,这条记录的失效模式是 Loss of dynamic positioning，风险优先数（RPN）是 26。,错误,0.0,617.12,语义RAG,0.0,0.0,0,,3,Mooring line strength decrease or broken,26.4,,,,Mooring line strength decrease or broken,26.4,FMEA编号；潜在失效后果；风险优先数(RPN),89,
1155,1155,baseline模型,baseline兼容旧逻辑,风险影响评估类,fmea_id_to_risk_profile,风险后果查询,,,中等,FMEA编号SKS16的S、O、D、RPN分别是多少？,S=3.6；O=2.4；D=3.6；RPN=31.6。,S：4.25 O：2.25 D：3.25 RPN：33,错误,0.0,640.04,语义RAG,0.0,0.5,0,,3,,3.6；2.4；3.6；31.6,,,,,3.6；2.4；3.6；31.6,FMEA编号；严酷度(S)；发生度(O)；可探测度(D)；风险优先数(RPN),90,
1156,1156,baseline模型,baseline兼容旧逻辑,风险影响评估类,fmea_id_to_risk_profile,风险后果查询,,,中等,FMEA编号SKS17这条记录的风险分和SOD给我看一下。,S=4；O=2.4；D=2.6；RPN=24.8。,"风险优先数 / RPN: 24.17, 34.5, 33.4 严重度 / S: 4.43, 4.8, 4.67 发生度 / O: 2, 1.8, 1.33 可探测度 / D: 3, 3.2, 3.6",错误,0.0,1091.51,语义RAG,0.0,0.0,0,,3,,4.0；2.4；2.6；24.8,,,,,4.0；2.4；2.6；24.8,FMEA编号；严酷度(S)；发生度(O)；可探测度(D)；风险优先数(RPN),91,
1157,1157,baseline模型,baseline兼容旧逻辑,风险影响评估类,fmea_id_to_risk_profile,风险后果查询,,,中等,查一下FMEA编号SKS18的严重度S、发生度O、探测度D和RPN。,S=4；O=2；D=2.6；RPN=20。,根据上下文，FMEA编号为SKS18的信息如下： - 严重度 / S: 3.4 - 发生度 / O: 2.6 - 可探测度 / D: 3 - 风险优先数 / RPN: 26,错误,0.25,956.5,语义RAG,0.0,0.5,0,,3,,4.0；2.0；20.0,2.6,,,,4.0；2.0；2.6；20.0,FMEA编号；严酷度(S)；发生度(O)；可探测度(D)；风险优先数(RPN),92,
1158,1158,baseline模型,baseline兼容旧逻辑,风险影响评估类,fmea_id_to_risk_profile,风险后果查询,,,中等,FMEA编号SKS19这条FMEA风险画像是什么，后果和RPN是多少？,潜在失效后果：Asset not in correct location or position；RPN=22.4。,FMEA编号 SKS19 这条 FMEA 风险画像的失效模式为 Structural plastic deformation [11]，后果为 Local stress accumulation，RPN 为 24.17。,错误,0.0,819.97,语义RAG,0.0,0.0,0,,3,Asset not in correct location or position,22.4,,,,Asset not in correct location or position,22.4,FMEA编号；潜在失效后果；风险优先数(RPN),93,
1159,1159,baseline模型,baseline兼容旧逻辑,风险影响评估类,fmea_id_to_risk_profile,风险后果查询,,,中等,FMEA编号SKS20这条记录，影响是什么，风险优先数是多少？,潜在失效后果：Asset not in correct location or position；RPN=28。,这条记录没有明确的FMEA编号为SKS20的信息。根据提供的上下文，没有找到对应的FMEA编号信息。,错误,0.0,645.05,语义RAG,0.0,0.0,0,,3,Asset not in correct location or position,28.0,,,,Asset not in correct location or position,28.0,FMEA编号；潜在失效后果；风险优先数(RPN),94,
1160,1160,baseline模型,baseline兼容旧逻辑,风险影响评估类,fmea_id_to_risk_profile,风险后果查询,,,中等,FMEA编号SKS21的S、O、D、RPN分别是多少？,S=4；O=2；D=2.8；RPN=21.6。,S：4.25 O：2.25 D：3.25 RPN：33,错误,0.0,645.45,语义RAG,0.0,0.25,0,,3,,4.0；2.0；2.8；21.6,,,,,4.0；2.0；2.8；21.6,FMEA编号；严酷度(S)；发生度(O)；可探测度(D)；风险优先数(RPN),95,
1161,1161,baseline模型,baseline兼容旧逻辑,风险影响评估类,fmea_id_to_risk_profile,风险后果查询,,,中等,FMEA编号SKS22这条记录的风险分和SOD给我看一下。,S=4；O=2；D=3.2；RPN=25.6。,"风险优先数 / RPN: 24.17, 34.5, 33.4 严重度 / S: 4.43, 4.8, 4.67 发生度 / O: 2, 1.8, 1.33 可探测度 / D: 3, 3.2, 3.6",错误,0.5,1111.47,语义RAG,0.0,0.5,0,,3,,4.0；25.6,2.0；3.2,,,,4.0；2.0；3.2；25.6,FMEA编号；严酷度(S)；发生度(O)；可探测度(D)；风险优先数(RPN),96,
1162,1162,baseline模型,baseline兼容旧逻辑,风险影响评估类,fmea_id_to_risk_profile,风险后果查询,,,中等,查一下FMEA编号DC1的严重度S、发生度O、探测度D和RPN。,S=4.2；O=2.2；D=3.75；RPN=30.25。,严重度 / S: 3.4 发生度 / O: 2.6 可探测度 / D: 3 风险优先数 / RPN: 26,错误,0.0,759.33,语义RAG,0.0,0.25,0,,3,,4.2；2.2；3.75；30.25,,,,,4.2；2.2；3.75；30.25,FMEA编号；严酷度(S)；发生度(O)；可探测度(D)；风险优先数(RPN),97,
1163,1163,baseline模型,baseline兼容旧逻辑,风险影响评估类,fmea_id_to_risk_profile,风险后果查询,,,中等,FMEA编号DC2这条FMEA风险画像是什么，后果和RPN是多少？,潜在失效后果：Structural integrity damage - extra stress on cables；RPN=20。,FMEA编号 DC2 这条 FMEA 风险画像的失效模式为 Structural plastic deformation [11]，后果为 Local stress accumulation，RPN 为 24.17。,错误,0.0,806.01,语义RAG,0.0,0.0,0,,3,Structural integrity damage - extra stress on cables,20.0,,,,Structural integrity damage - extra stress on cables,20.0,FMEA编号；潜在失效后果；风险优先数(RPN),98,
1164,1164,baseline模型,baseline兼容旧逻辑,风险影响评估类,fmea_id_to_risk_profile,风险后果查询,,,中等,FMEA编号DC3这条记录，影响是什么，风险优先数是多少？,潜在失效后果：Operational disruption；RPN=32。,失效模式 / FailureMode: Loss of dynamic positioning 风险优先数 / RPN: 26,错误,0.0,599.11,语义RAG,0.3333,0.5,0,,3,Operational disruption,32.0,,,,Operational disruption,32.0,FMEA编号；潜在失效后果；风险优先数(RPN),99,
1165,1165,baseline模型,baseline兼容旧逻辑,风险影响评估类,fmea_id_to_risk_profile,风险后果查询,,,中等,FMEA编号DC4的S、O、D、RPN分别是多少？,S=2.8；O=2.8；D=3.2；RPN=22.5。,S：4.25 O：2.25 D：3.25 RPN：33,错误,0.0,643.66,语义RAG,0.0,0.0,0,,3,,2.8；2.8；3.2；22.5,,,,,2.8；2.8；3.2；22.5,FMEA编号；严酷度(S)；发生度(O)；可探测度(D)；风险优先数(RPN),100,
1166,1166,baseline模型,baseline兼容旧逻辑,风险影响评估类,fmea_id_to_risk_profile,风险后果查询,,,中等,FMEA编号DC5这条记录的风险分和SOD给我看一下。,S=3.2；O=2；D=3.4；RPN=15。,风险优先数 / RPN: 24.17 严重度 / S: 4.43 发生度 / O: 2 可探测度 / D: 3,错误,0.25,757.13,语义RAG,0.0,0.5,0,,3,,3.2；3.4；15.0,2.0,,,,3.2；2.0；3.4；15.0,FMEA编号；严酷度(S)；发生度(O)；可探测度(D)；风险优先数(RPN),101,
1167,1167,baseline模型,baseline兼容旧逻辑,风险影响评估类,fmea_id_to_risk_profile,风险后果查询,,,中等,查一下FMEA编号DC6的严重度S、发生度O、探测度D和RPN。,S=3.8；O=1.8；D=3.2；RPN=24。,严重度 / S: 3.4 发生度 / O: 2.6 可探测度 / D: 3 风险优先数 / RPN: 26,错误,0.0,746.44,语义RAG,0.0,0.5,0,,3,,3.8；1.8；3.2；24.0,,,,,3.8；1.8；3.2；24.0,FMEA编号；严酷度(S)；发生度(O)；可探测度(D)；风险优先数(RPN),102,
1168,1168,baseline模型,baseline兼容旧逻辑,风险影响评估类,fmea_id_to_risk_profile,风险后果查询,,,中等,FMEA编号DC7这条FMEA风险画像是什么，后果和RPN是多少？,潜在失效后果：High risk of fault on the cable - total loss of the line Prodution loss on the string；RPN=24。,FMEA编号 DC7 这条 FMEA 风险画像的失效模式为 Structural plastic deformation [11]，后果为 Local stress accumulation，RPN 为 24.17。,错误,0.0,779.22,语义RAG,0.0,0.0,0,,3,High risk of fault on the cable - total loss of the line Prodution loss on the string,24.0,,,,High risk of fault on the cable - total loss of the line Prodution loss on the string,24.0,FMEA编号；潜在失效后果；风险优先数(RPN),103,
1169,1169,baseline模型,baseline兼容旧逻辑,风险影响评估类,fmea_id_to_risk_profile,风险后果查询,,,中等,FMEA编号DC8这条记录，影响是什么，风险优先数是多少？,潜在失效后果：Cable damage - operational disruption；RPN=16。,影响是Loss of dynamic positioning，风险优先数是26。,错误,0.0,528.36,语义RAG,0.3333,1.0,0,,3,Cable damage - operational disruption,16.0,,,,Cable damage - operational disruption,16.0,FMEA编号；潜在失效后果；风险优先数(RPN),104,
1170,1170,baseline模型,baseline兼容旧逻辑,风险影响评估类,fmea_id_to_risk_profile,风险后果查询,,,中等,FMEA编号DC9的S、O、D、RPN分别是多少？,S=4.4；O=2；D=2.4；RPN=18.5。,S：4.25 O：2.25 D：3.25 RPN：33,错误,0.0,656.84,语义RAG,0.0,0.25,0,,3,,4.4；2.0；2.4；18.5,,,,,4.4；2.0；2.4；18.5,FMEA编号；严酷度(S)；发生度(O)；可探测度(D)；风险优先数(RPN),105,
1171,1171,baseline模型,baseline兼容旧逻辑,风险影响评估类,fmea_id_to_risk_profile,风险后果查询,,,中等,FMEA编号DC10这条记录的风险分和SOD给我看一下。,S=3.6；O=2.6；D=2.8；RPN=25.2。,风险优先数 / RPN: 24.17 严重度 / S: 4.43 发生度 / O: 2 可探测度 / D: 3,错误,0.0,768.63,语义RAG,0.0,0.25,0,,3,,3.6；2.6；2.8；25.2,,,,,3.6；2.6；2.8；25.2,FMEA编号；严酷度(S)；发生度(O)；可探测度(D)；风险优先数(RPN),106,
1172,1172,baseline模型,baseline兼容旧逻辑,风险影响评估类,fmea_id_to_risk_profile,风险后果查询,,,中等,查一下FMEA编号DC11的严重度S、发生度O、探测度D和RPN。,S=3.8；O=2.6；D=3.2；RPN=28.6。,严重度 / S: 3.4 发生度 / O: 2.6 可探测度 / D: 3 风险优先数 / RPN: 26,错误,0.25,764.2,语义RAG,0.0,0.5,0,,3,,3.8；3.2；28.6,2.6,,,,3.8；2.6；3.2；28.6,FMEA编号；严酷度(S)；发生度(O)；可探测度(D)；风险优先数(RPN),107,
1173,1173,baseline模型,baseline兼容旧逻辑,风险影响评估类,fmea_id_to_risk_profile,风险后果查询,,,中等,FMEA编号DC12这条FMEA风险画像是什么，后果和RPN是多少？,潜在失效后果：breakdown of insulation；RPN=27.6。,FMEA编号 DC12 这条 FMEA 风险画像的失效模式为 Structural plastic deformation [11]，后果为 Local stress accumulation，RPN 为 24.17。,错误,0.0,790.25,语义RAG,0.0,0.0,0,,3,breakdown of insulation,27.6,,,,breakdown of insulation,27.6,FMEA编号；潜在失效后果；风险优先数(RPN),108,
1174,1174,baseline模型,baseline兼容旧逻辑,风险影响评估类,fmea_id_to_risk_profile,风险后果查询,,,中等,FMEA编号DC13这条记录，影响是什么，风险优先数是多少？,潜在失效后果：Cable damage - exposure to elements；RPN=28。,影响是Loss of dynamic positioning，风险优先数是26。,错误,0.0,525.67,语义RAG,0.0,0.0,0,,3,Cable damage - exposure to elements,28.0,,,,Cable damage - exposure to elements,28.0,FMEA编号；潜在失效后果；风险优先数(RPN),109,
1175,1175,baseline模型,baseline兼容旧逻辑,风险影响评估类,fmea_id_to_risk_profile,风险后果查询,,,中等,FMEA编号DC14的S、O、D、RPN分别是多少？,S=4.4；O=2.2；D=2.8；RPN=25.6。,S：4.25 O：2.25 D：3.25 RPN：33,错误,0.0,634.78,语义RAG,0.0,0.0,0,,3,,4.4；2.2；2.8；25.6,,,,,4.4；2.2；2.8；25.6,FMEA编号；严酷度(S)；发生度(O)；可探测度(D)；风险优先数(RPN),110,
1176,1176,baseline模型,baseline兼容旧逻辑,风险影响评估类,fmea_id_to_risk_profile,风险后果查询,,,中等,FMEA编号DC15这条记录的风险分和SOD给我看一下。,S=4.2；O=2.4；D=3；RPN=31.6。,风险优先数 / RPN: 24.17 严重度 / S: 4.43 发生度 / O: 2 可探测度 / D: 3,错误,0.25,769.86,语义RAG,0.0,0.25,0,,3,,4.2；2.4；31.6,3.0,,,,4.2；2.4；3.0；31.6,FMEA编号；严酷度(S)；发生度(O)；可探测度(D)；风险优先数(RPN),111,
1177,1177,baseline模型,baseline兼容旧逻辑,风险影响评估类,fmea_id_to_risk_profile,风险后果查询,,,中等,查一下FMEA编号DC16的严重度S、发生度O、探测度D和RPN。,S=4.2；O=2.6；D=3；RPN=30.2。,严重度 / S: 3.4 发生度 / O: 2.6 可探测度 / D: 3 风险优先数 / RPN: 26,错误,0.5,743.04,语义RAG,0.0,0.5,0,,3,,4.2；30.2,2.6；3.0,,,,4.2；2.6；3.0；30.2,FMEA编号；严酷度(S)；发生度(O)；可探测度(D)；风险优先数(RPN),112,
1178,1178,baseline模型,baseline兼容旧逻辑,风险影响评估类,fmea_id_to_risk_profile,风险后果查询,,,中等,FMEA编号DC17这条FMEA风险画像是什么，后果和RPN是多少？,潜在失效后果：Reduced or interupted electricity flow；RPN=27.8。,FMEA编号 / FmeaID / record id / 编号: DC17 失效模式 / FailureMode / problem / issue / 毛病 / 啥问题 / 什么坏: Structural plastic deformation [11] 风险优先数 / RPN / risk score / 风险数 / 危险分 / 分数: 24.17 失效后果 / FailureEffect / effect / result / consequence / 结果 / 后果 / 会怎样: Local stress accumulation,错误,0.0,1309.24,语义RAG,0.0,0.0,0,,3,Reduced or interupted electricity flow,27.8,,,,Reduced or interupted electricity flow,27.8,FMEA编号；潜在失效后果；风险优先数(RPN),113,
1179,1179,baseline模型,baseline兼容旧逻辑,风险影响评估类,fmea_id_to_risk_profile,风险后果查询,,,中等,FMEA编号DC18这条记录，影响是什么，风险优先数是多少？,潜在失效后果：Electrical faults - loss of production；RPN=25。,失效模式 / FailureMode: Loss of dynamic positioning 风险优先数 / RPN: 26,错误,0.0,612.32,语义RAG,0.0,0.0,0,,3,Electrical faults - loss of production,25.0,,,,Electrical faults - loss of production,25.0,FMEA编号；潜在失效后果；风险优先数(RPN),114,
1180,1180,baseline模型,baseline兼容旧逻辑,风险影响评估类,fmea_id_to_risk_profile,风险后果查询,,,中等,FMEA编号DC19的S、O、D、RPN分别是多少？,S=4.2；O=2.4；D=3.6；RPN=35.6。,S：4.25 O：2.25 D：3.25 RPN：33,错误,0.0,659.65,语义RAG,0.0,0.25,0,,3,,4.2；2.4；3.6；35.6,,,,,4.2；2.4；3.6；35.6,FMEA编号；严酷度(S)；发生度(O)；可探测度(D)；风险优先数(RPN),115,
1181,1181,baseline模型,baseline兼容旧逻辑,风险影响评估类,fmea_id_to_risk_profile,风险后果查询,,,中等,FMEA编号DC20这条记录的风险分和SOD给我看一下。,S=4.6；O=1.4；D=3.5；RPN=32。,风险优先数 / RPN: 24.17 严重度 / S: 4.43 发生度 / O: 2 可探测度 / D: 3,错误,0.0,718.58,语义RAG,0.0,0.0,0,,3,,4.6；1.4；3.5；32.0,,,,,4.6；1.4；3.5；32.0,FMEA编号；严酷度(S)；发生度(O)；可探测度(D)；风险优先数(RPN),116,
1182,1182,baseline模型,baseline兼容旧逻辑,风险影响评估类,fmea_id_to_risk_profile,风险后果查询,,,中等,查一下FMEA编号DC21的严重度S、发生度O、探测度D和RPN。,S=3.4；O=2.6；D=3；RPN=26。,严重度 / S: 3.4 发生度 / O: 2.6 可探测度 / D: 3 风险优先数 / RPN: 26,正确,1.0,764.7,语义RAG,0.0,1.0,0,,3,,,3.4；2.6；3.0；26.0,,,,3.4；2.6；3.0；26.0,FMEA编号；严酷度(S)；发生度(O)；可探测度(D)；风险优先数(RPN),117,
1183,1183,baseline模型,baseline兼容旧逻辑,风险影响评估类,fmea_id_to_risk_profile,风险后果查询,,,中等,FMEA编号DC22这条FMEA风险画像是什么，后果和RPN是多少？,潜在失效后果：；RPN=24。,FMEA编号 DC22 这条 FMEA 风险画像的失效模式为 Structural plastic deformation [11]，后果为 Local stress accumulation，RPN 为 24.17。,错误,0.0,755.28,语义RAG,0.0,0.0,0,,3,,24.0,,,,,24.0,FMEA编号；潜在失效后果；风险优先数(RPN),118,
1184,1184,baseline模型,baseline兼容旧逻辑,风险影响评估类,fmea_id_to_risk_profile,风险后果查询,,,中等,FMEA编号DC23这条记录，影响是什么，风险优先数是多少？,潜在失效后果：Weakening of cable materials - loss of production；RPN=18.5。,失效模式 / FailureMode: Loss of dynamic positioning 风险优先数 / RPN: 26,错误,0.0,624.31,语义RAG,0.0,0.0,0,,3,Weakening of cable materials - loss of production,18.5,,,,Weakening of cable materials - loss of production,18.5,FMEA编号；潜在失效后果；风险优先数(RPN),119,
1185,1185,baseline模型,baseline兼容旧逻辑,风险影响评估类,fmea_id_to_risk_profile,风险后果查询,,,中等,FMEA编号DC24的S、O、D、RPN分别是多少？,S=2.5；O=1.75；D=2.5；RPN=12。,S：4.67 O：1.33 D：3.6 RPN：33.4,错误,0.0,659.44,语义RAG,0.0,0.0,0,,3,,2.5；1.75；2.5；12.0,,,,,2.5；1.75；2.5；12.0,FMEA编号；严酷度(S)；发生度(O)；可探测度(D)；风险优先数(RPN),120,
1186,1186,baseline模型,baseline兼容旧逻辑,风险影响评估类,fmea_id_to_risk_profile,风险后果查询,,,中等,FMEA编号DC25这条记录的风险分和SOD给我看一下。,S=3.8；O=2.2；D=4.4；RPN=38.4。,风险优先数 / RPN: 24.17 严重度 / S: 4.43 发生度 / O: 2 可探测度 / D: 3,错误,0.0,736.36,语义RAG,0.0,0.0,0,,3,,3.8；2.2；4.4；38.4,,,,,3.8；2.2；4.4；38.4,FMEA编号；严酷度(S)；发生度(O)；可探测度(D)；风险优先数(RPN),121,
1187,1187,baseline模型,baseline兼容旧逻辑,风险影响评估类,fmea_id_to_risk_profile,风险后果查询,,,中等,查一下FMEA编号DC26的严重度S、发生度O、探测度D和RPN。,S=3.8；O=2.6；D=4.4；RPN=44。,严重度 / S: 3.4 发生度 / O: 2.6 探测度 / D: 3 风险优先数 / RPN: 26,错误,0.25,717.41,语义RAG,0.0,0.25,0,,3,,3.8；4.4；44.0,2.6,,,,3.8；2.6；4.4；44.0,FMEA编号；严酷度(S)；发生度(O)；可探测度(D)；风险优先数(RPN),122,
1188,1188,baseline模型,baseline兼容旧逻辑,风险影响评估类,fmea_id_to_risk_profile,风险后果查询,,,中等,FMEA编号DC27这条FMEA风险画像是什么，后果和RPN是多少？,潜在失效后果：Cable being vulnerable to scour and need for repair or replacement；RPN=41.6。,FMEA编号 DC27 这条 FMEA 风险画像的失效模式为 Structural plastic deformation [11]，后果为 Local stress accumulation，RPN 为 24.17。,错误,0.0,839.98,语义RAG,0.0,0.0,0,,3,Cable being vulnerable to scour and need for repair or replacement,41.6,,,,Cable being vulnerable to scour and need for repair or replacement,41.6,FMEA编号；潜在失效后果；风险优先数(RPN),123,
1189,1189,baseline模型,baseline兼容旧逻辑,风险影响评估类,fmea_id_to_risk_profile,风险后果查询,,,中等,FMEA编号DC28这条记录，影响是什么，风险优先数是多少？,"潜在失效后果：Structural damage - cable weakening, exposure to elements；RPN=29。",失效模式 / FailureMode: Loss of dynamic positioning 风险优先数 / RPN: 26,错误,0.0,598.38,语义RAG,0.0,0.0,0,,3,"Structural damage - cable weakening, exposure to elements",29.0,,,,"Structural damage - cable weakening, exposure to elements",29.0,FMEA编号；潜在失效后果；风险优先数(RPN),124,
1190,1190,baseline模型,baseline兼容旧逻辑,风险影响评估类,fmea_id_to_risk_profile,风险后果查询,,,中等,FMEA编号DC29的S、O、D、RPN分别是多少？,S=3.6；O=2.4；D=3.8；RPN=28.6。,S：4.67 O：1.33 D：3.6 RPN：33.4,错误,0.25,680.94,语义RAG,0.0,0.25,0,,3,,2.4；3.8；28.6,3.6,,,,3.6；2.4；3.8；28.6,FMEA编号；严酷度(S)；发生度(O)；可探测度(D)；风险优先数(RPN),125,
1191,1191,baseline模型,baseline兼容旧逻辑,风险影响评估类,fmea_id_to_risk_profile,风险后果查询,,,中等,FMEA编号DC30这条记录的风险分和SOD给我看一下。,S=4；O=2；D=3.5；RPN=0。,风险优先数 / RPN: 24.17 严重度 / S: 4.43 发生度 / O: 2 可探测度 / D: 3,错误,0.25,764.27,语义RAG,0.0,0.25,0,,3,,4.0；3.5；0.0,2.0,,,,4.0；2.0；3.5；0.0,FMEA编号；严酷度(S)；发生度(O)；可探测度(D)；风险优先数(RPN),126,
1192,1192,baseline模型,baseline兼容旧逻辑,风险影响评估类,失效现象后果查RPN,风险指标查询,,,简单,故障现象“Abnormal vibration”会造成“Excessive Fatigue Life Consumption”，请给出RPN。,RPN=33.33,33.33,正确,1.0,466.93,语义RAG,1.0,1.0,0,,3,,,33.33,,,,33.33,潜在失效模式；潜在失效后果；风险优先数(RPN),0,
1193,1193,baseline模型,baseline兼容旧逻辑,风险影响评估类,失效现象后果查RPN,风险指标查询,,,简单,故障现象“Abnormal vibration”会造成“Potential collapse”，请给出RPN。,RPN=12.67,21.33,错误,0.0,331.21,语义RAG,0.6667,0.0,0,,3,,12.67,,,,,12.67,潜在失效模式；潜在失效后果；风险优先数(RPN),2,
1194,1194,baseline模型,baseline兼容旧逻辑,风险影响评估类,失效现象后果查RPN,风险指标查询,,,简单,故障现象“Cracks”会造成“Failure of whole facility and vast economic loses”，请给出RPN。,RPN=26,26,正确,1.0,471.86,语义RAG,0.6667,1.0,0,,3,,,26.0,,,,26.0,潜在失效模式；潜在失效后果；风险优先数(RPN),4,
1195,1195,baseline模型,baseline兼容旧逻辑,风险影响评估类,失效现象后果查RPN,风险指标查询,,,简单,故障现象“Cracks”会造成“Potential collapse”，请给出RPN。,RPN=30,30,正确,1.0,430.98,语义RAG,0.6667,1.0,0,,3,,,30.0,,,,30.0,潜在失效模式；潜在失效后果；风险优先数(RPN),6,
1196,1196,baseline模型,baseline兼容旧逻辑,风险影响评估类,失效现象后果查RPN,风险指标查询,,,简单,故障现象“Cracks”会造成“Failure of the WTG/Major repair campaign/Structure reassessment”，请给出RPN。,RPN=25.5,25.5,正确,1.0,456.41,语义RAG,0.6667,1.0,0,,3,,,25.5,,,,25.5,潜在失效模式；潜在失效后果；风险优先数(RPN),16,
1197,1197,baseline模型,baseline兼容旧逻辑,风险影响评估类,失效现象后果查RPN,风险指标查询,,,简单,故障现象“Plastic deformation”会造成“Potential collapse”，请给出RPN。,RPN=25.67,25.67,正确,1.0,413.4,语义RAG,1.0,1.0,0,,3,,,25.67,,,,25.67,潜在失效模式；潜在失效后果；风险优先数(RPN),21,
1198,1198,baseline模型,baseline兼容旧逻辑,风险影响评估类,失效现象后果查RPN,风险指标查询,,,简单,故障现象“Tower collapse”会造成“Failure of whole facility and vast economic loses”，请给出RPN。,RPN=21.33,21.33,正确,1.0,448.79,语义RAG,0.3333,1.0,0,,3,,,21.33,,,,21.33,潜在失效模式；潜在失效后果；风险优先数(RPN),23,
1199,1199,baseline模型,baseline兼容旧逻辑,风险影响评估类,失效现象后果查RPN,风险指标查询,,,简单,"故障现象“Transition piece break”会造成“Tower Unit collapse, Floater Unit damage”，请给出RPN。",RPN=36.5,37.5,错误,0.0,477.25,语义RAG,1.0,0.0,0,,3,,36.5,,,,,36.5,潜在失效模式；潜在失效后果；风险优先数(RPN),24,
1200,1200,baseline模型,baseline兼容旧逻辑,风险影响评估类,失效现象后果查RPN,风险指标查询,,,简单,"故障现象“Transition piece break”会造成“tension failure (rupture), buckling of the transition piece/ Tower unit damage”，请给出RPN。",RPN=33,33,正确,1.0,422.27,语义RAG,0.6667,1.0,0,,3,,,33.0,,,,33.0,潜在失效模式；潜在失效后果；风险优先数(RPN),25,
1201,1201,baseline模型,baseline兼容旧逻辑,风险影响评估类,失效现象后果查RPN,风险指标查询,,,简单,故障现象“Structural plastic deformation”会造成“Local stress accumulation”，请给出RPN。,RPN=32,28,错误,0.0,476.94,语义RAG,1.0,1.0,0,,3,,32.0,,,,,32.0,潜在失效模式；潜在失效后果；风险优先数(RPN),26,
1202,1202,baseline模型,baseline兼容旧逻辑,风险影响评估类,失效现象后果查RPN,风险指标查询,,,简单,故障现象“Cracks”会造成“Tower transition piece connections failure / resonance”，请给出RPN。,RPN=29,29,正确,1.0,409.8,语义RAG,1.0,1.0,0,,3,,,29.0,,,,29.0,潜在失效模式；潜在失效后果；风险优先数(RPN),27,
1203,1203,baseline模型,baseline兼容旧逻辑,风险影响评估类,失效现象后果查RPN,风险指标查询,,,简单,故障现象“Abnormal vibration”会造成“potential tower connections failure”，请给出RPN。,RPN=35.25,35.25,正确,1.0,429.35,语义RAG,0.6667,1.0,0,,3,,,35.25,,,,35.25,潜在失效模式；潜在失效后果；风险优先数(RPN),29,
1204,1204,baseline模型,baseline兼容旧逻辑,风险影响评估类,失效现象后果查RPN,风险指标查询,,,简单,故障现象“Cracks”会造成“Tower transition piece connections failure”，请给出RPN。,RPN=21.67,26.67,错误,0.0,460.76,语义RAG,1.0,1.0,0,,3,,21.67,,,,,21.67,潜在失效模式；潜在失效后果；风险优先数(RPN),31,
1205,1205,baseline模型,baseline兼容旧逻辑,风险影响评估类,失效现象后果查RPN,风险指标查询,,,简单,故障现象“Cracks”会造成“Tower transition piece connections failure/ displacement variations between tower end”，请给出RPN。,RPN=38,38,正确,1.0,481.59,语义RAG,0.6667,1.0,0,,3,,,38.0,,,,38.0,潜在失效模式；潜在失效后果；风险优先数(RPN),32,
1206,1206,baseline模型,baseline兼容旧逻辑,风险影响评估类,失效现象后果查RPN,风险指标查询,,,简单,故障现象“Cracks”会造成“potential tower connections failure”，请给出RPN。,RPN=24.67,不知道。上下文中的失效模式为“Abnormal vibration”或“Tower collapse”，没有涉及“Cracks”。,错误,0.0,599.15,语义RAG,0.6667,1.0,0,,3,,24.67,,,,,24.67,潜在失效模式；潜在失效后果；风险优先数(RPN),33,
1207,1207,baseline模型,baseline兼容旧逻辑,风险影响评估类,失效现象后果查RPN,风险指标查询,,,简单,"故障现象“Capsize”会造成“Watertight fault, Potential Floater Unit sinkage”，请给出RPN。",RPN=27.2,27.2,正确,1.0,478.61,语义RAG,0.6667,1.0,0,,3,,,27.2,,,,27.2,潜在失效模式；潜在失效后果；风险优先数(RPN),45,
1208,1208,baseline模型,baseline兼容旧逻辑,风险影响评估类,失效现象后果查RPN,风险指标查询,,,简单,故障现象“Capsize”会造成“Project cancellation”，请给出RPN。,RPN=42.71,42.71,正确,1.0,455.45,语义RAG,0.6667,1.0,0,,3,,,42.71,,,,42.71,潜在失效模式；潜在失效后果；风险优先数(RPN),46,
1209,1209,baseline模型,baseline兼容旧逻辑,风险影响评估类,失效现象后果查RPN,风险指标查询,,,简单,故障现象“Additional Structures Failures”会造成“Potential failure”，请给出RPN。,RPN=40.14,31.83,错误,0.0,435.76,语义RAG,0.3333,0.0,0,,3,,40.14,,,,,40.14,潜在失效模式；潜在失效后果；风险优先数(RPN),47,
1210,1210,baseline模型,baseline兼容旧逻辑,风险影响评估类,失效现象后果查RPN,风险指标查询,,,简单,"故障现象“Hit by dropped objects”会造成“Damage to the facility, vast economic loses”，请给出RPN。",RPN=24.86,25,错误,0.0,467.33,语义RAG,1.0,1.0,0,,3,,24.86,,,,,24.86,潜在失效模式；潜在失效后果；风险优先数(RPN),48,
1211,1211,baseline模型,baseline兼容旧逻辑,风险影响评估类,失效现象后果查RPN,风险指标查询,,,简单,故障现象“Structural break”会造成“Structural reassessment”，请给出RPN。,RPN=25,25,正确,1.0,455.54,语义RAG,0.3333,1.0,0,,3,,,25.0,,,,25.0,潜在失效模式；潜在失效后果；风险优先数(RPN),49,
1212,1212,baseline模型,baseline兼容旧逻辑,风险影响评估类,失效现象后果查RPN,风险指标查询,,,简单,故障现象“Cracks”会造成“Structural failure”，请给出RPN。,RPN=30.57,你提供的上下文中并没有包含失效模式为“Cracks”且后果为“Structural failure”的FMEA记录，因此无法给出对应的RPN值。根据现有信息，没有匹配的证据字段。,错误,0.0,787.58,语义RAG,0.0,0.0,0,,3,,30.57,,,,,30.57,潜在失效模式；潜在失效后果；风险优先数(RPN),51,
1213,1213,baseline模型,baseline兼容旧逻辑,风险影响评估类,失效现象后果查RPN,风险指标查询,,,简单,故障现象“Capsize”会造成“Asset damage Energy production loss”，请给出RPN。,RPN=34.5,34.5,正确,1.0,457.67,语义RAG,0.6667,1.0,0,,3,,,34.5,,,,34.5,潜在失效模式；潜在失效后果；风险优先数(RPN),52,
1214,1214,baseline模型,baseline兼容旧逻辑,风险影响评估类,失效现象后果查RPN,风险指标查询,,,简单,故障现象“Additional Structures Failures”会造成“Potential failure of landing platform”，请给出RPN。,RPN=31.83,31.83,正确,1.0,526.12,语义RAG,0.6667,1.0,0,,3,,,31.83,,,,31.83,潜在失效模式；潜在失效后果；风险优先数(RPN),56,
1215,1215,baseline模型,baseline兼容旧逻辑,风险影响评估类,失效现象后果查RPN,风险指标查询,,,简单,故障现象“Watertight fault”会造成“Potential Failure/Asset damage Energy production loss”，请给出RPN。,RPN=31.2,31.2,正确,1.0,484.1,语义RAG,0.6667,1.0,0,,3,,,31.2,,,,31.2,潜在失效模式；潜在失效后果；风险优先数(RPN),57,
1216,1216,baseline模型,baseline兼容旧逻辑,风险影响评估类,失效现象后果查RPN,风险指标查询,,,简单,故障现象“Floater unit sinkage”会造成“Potential Failure/Asset damage Energy production loss”，请给出RPN。,RPN=26.86,26.86,正确,1.0,491.47,语义RAG,0.6667,1.0,0,,3,,,26.86,,,,26.86,潜在失效模式；潜在失效后果；风险优先数(RPN),58,
1217,1217,baseline模型,baseline兼容旧逻辑,风险影响评估类,失效现象后果查RPN,风险指标查询,,,简单,故障现象“Watertight fault”会造成“Asset damage Energy production loss/reduced stability”，请给出RPN。,RPN=37.2,37.2,正确,1.0,451.62,语义RAG,0.3333,1.0,0,,3,,,37.2,,,,37.2,潜在失效模式；潜在失效后果；风险优先数(RPN),60,
1218,1218,baseline模型,baseline兼容旧逻辑,风险影响评估类,失效现象后果查RPN,风险指标查询,,,简单,"故障现象“Watertight fault”会造成“If these cracks propagate through the wall and lie under water or within the splash zone, then they constitute a risk to the watertightness.”，请给出RPN。",RPN=30.8,30.8,正确,1.0,522.1,语义RAG,0.6667,1.0,0,,3,,,30.8,,,,30.8,潜在失效模式；潜在失效后果；风险优先数(RPN),62,
1219,1219,baseline模型,baseline兼容旧逻辑,风险影响评估类,失效现象后果查RPN,风险指标查询,,,简单,"故障现象“Additional Structures Failures”会造成“Increased risk of collision, potential damage to the floater”，请给出RPN。",RPN=36.5,36.5,正确,1.0,485.33,语义RAG,0.3333,1.0,0,,3,,,36.5,,,,36.5,潜在失效模式；潜在失效后果；风险优先数(RPN),63,
1220,1220,baseline模型,baseline兼容旧逻辑,风险影响评估类,失效现象后果查RPN,风险指标查询,,,简单,故障现象“Structural break”会造成“Asset damage Energy production loss/reduced stability”，请给出RPN。,RPN=18.8,18.8,正确,1.0,454.86,语义RAG,0.3333,1.0,0,,3,,,18.8,,,,18.8,潜在失效模式；潜在失效后果；风险优先数(RPN),66,
1221,1221,baseline模型,baseline兼容旧逻辑,风险影响评估类,失效现象后果查RPN,风险指标查询,,,简单,"故障现象“Structural break”会造成“Watertight fault, Potential Floater Unit sinkage”，请给出RPN。",RPN=36,36,正确,1.0,476.9,语义RAG,0.3333,1.0,0,,3,,,36.0,,,,36.0,潜在失效模式；潜在失效后果；风险优先数(RPN),67,
1222,1222,baseline模型,baseline兼容旧逻辑,风险影响评估类,失效现象后果查RPN,风险指标查询,,,简单,故障现象“Structural break”会造成“Tower collapse”，请给出RPN。,RPN=33.4,33.4,正确,1.0,464.51,语义RAG,0.6667,1.0,0,,3,,,33.4,,,,33.4,潜在失效模式；潜在失效后果；风险优先数(RPN),68,
1223,1223,baseline模型,baseline兼容旧逻辑,风险影响评估类,失效现象后果查RPN,风险指标查询,,,简单,故障现象“Watertight fault”会造成“Reduced stability”，请给出RPN。,RPN=36,36,正确,1.0,425.53,语义RAG,0.6667,1.0,0,,3,,,36.0,,,,36.0,潜在失效模式；潜在失效后果；风险优先数(RPN),73,
1224,1224,baseline模型,baseline兼容旧逻辑,风险影响评估类,失效现象后果查RPN,风险指标查询,,,简单,故障现象“Cracks”会造成“Watertight fault”，请给出RPN。,RPN=31.2,31.2,正确,1.0,442.44,语义RAG,0.6667,1.0,0,,3,,,31.2,,,,31.2,潜在失效模式；潜在失效后果；风险优先数(RPN),74,
1225,1225,baseline模型,baseline兼容旧逻辑,风险影响评估类,失效现象后果查RPN,风险指标查询,,,简单,故障现象“Anchor failure”会造成“Anchor failure”，请给出RPN。,RPN=34,34,正确,1.0,428.25,语义RAG,0.3333,1.0,0,,3,,,34.0,,,,34.0,潜在失效模式；潜在失效后果；风险优先数(RPN),75,
1226,1226,baseline模型,baseline兼容旧逻辑,风险影响评估类,失效现象后果查RPN,风险指标查询,,,简单,故障现象“Failure in buoyancy element”会造成“未说明”，请给出RPN。,RPN=29.25,29.25,正确,1.0,474.71,语义RAG,0.6667,1.0,0,,3,,,29.25,,,,29.25,潜在失效模式；潜在失效后果；风险优先数(RPN),77,
1227,1227,baseline模型,baseline兼容旧逻辑,风险影响评估类,失效现象后果查RPN,风险指标查询,,,简单,故障现象“Failure in clump weight”会造成“未说明”，请给出RPN。,RPN=28.5,28.5,正确,1.0,460.11,语义RAG,0.6667,1.0,0,,3,,,28.5,,,,28.5,潜在失效模式；潜在失效后果；风险优先数(RPN),78,
1228,1228,baseline模型,baseline兼容旧逻辑,风险影响评估类,失效现象后果查RPN,风险指标查询,,,简单,故障现象“Fairlead failure”会造成“The anchor cannot be dropped and lift”，请给出RPN。,RPN=30,30,正确,1.0,454.54,语义RAG,0.6667,1.0,0,,3,,,30.0,,,,30.0,潜在失效模式；潜在失效后果；风险优先数(RPN),79,
1229,1229,baseline模型,baseline兼容旧逻辑,风险影响评估类,失效现象后果查RPN,风险指标查询,,,简单,故障现象“Monitoring system fails”会造成“Unable to monitor tension in the mooring lines”，请给出RPN。,RPN=13.5,13.5,正确,1.0,467.75,语义RAG,0.6667,1.0,0,,3,,,13.5,,,,13.5,潜在失效模式；潜在失效后果；风险优先数(RPN),81,
1230,1230,baseline模型,baseline兼容旧逻辑,风险影响评估类,失效现象后果查RPN,风险指标查询,,,简单,故障现象“Mooring line breakage”会造成“Mooring line strength decrease or broken”，请给出RPN。,RPN=28.8,28.8,正确,1.0,467.94,语义RAG,1.0,1.0,0,,3,,,28.8,,,,28.8,潜在失效模式；潜在失效后果；风险优先数(RPN),82,
1231,1231,baseline模型,baseline兼容旧逻辑,风险影响评估类,失效现象后果查RPN,风险指标查询,,,简单,故障现象“Mooring Line Corrosion”会造成“Mooring line strength decrease or broken”，请给出RPN。,RPN=29.2,不知道。上下文中的失效模式没有提到“Mooring Line Corrosion”。,错误,0.0,458.86,语义RAG,1.0,0.0,0,,3,,29.2,,,,,29.2,潜在失效模式；潜在失效后果；风险优先数(RPN),85,
1232,1232,baseline模型,baseline兼容旧逻辑,风险影响评估类,失效现象后果查RPN,风险指标查询,,,简单,故障现象“Mooring Line Fatigue”会造成“Mooring line strength decrease or broken”，请给出RPN。,RPN=29.6,29.6,正确,1.0,290.15,语义RAG,1.0,1.0,0,,3,,,29.6,,,,29.6,潜在失效模式；潜在失效后果；风险优先数(RPN),86,
1233,1233,baseline模型,baseline兼容旧逻辑,风险影响评估类,失效现象后果查RPN,风险指标查询,,,简单,故障现象“Mooring line wear”会造成“Mooring line strength decrease or broken”，请给出RPN。,RPN=35.6,31.6,错误,0.0,463.01,语义RAG,1.0,1.0,0,,3,,35.6,,,,,35.6,潜在失效模式；潜在失效后果；风险优先数(RPN),88,
1234,1234,baseline模型,baseline兼容旧逻辑,风险影响评估类,失效现象后果查RPN,风险指标查询,,,简单,故障现象“Mooring lines broken”会造成“Asset not in correct location or position”，请给出RPN。,RPN=24.8,28,错误,0.0,431.09,语义RAG,1.0,0.0,0,,3,,24.8,,,,,24.8,潜在失效模式；潜在失效后果；风险优先数(RPN),91,
1235,1235,baseline模型,baseline兼容旧逻辑,风险影响评估类,失效现象后果查RPN,风险指标查询,,,简单,故障现象“Mooring winch failure”会造成“Asset not in correct location or position”，请给出RPN。,RPN=21.6,25.6,错误,0.0,491.49,语义RAG,1.0,1.0,0,,3,,21.6,,,,,21.6,潜在失效模式；潜在失效后果；风险优先数(RPN),95,
1236,1236,baseline模型,baseline兼容旧逻辑,风险影响评估类,失效现象后果查RPN,风险指标查询,,,简单,故障现象“accelerated mechanical fatigue”会造成“Structural damage - cable composition weakening”，请给出RPN。,RPN=30.25,30.25,正确,1.0,570.08,语义RAG,0.6667,1.0,0,,3,,,30.25,,,,30.25,潜在失效模式；潜在失效后果；风险优先数(RPN),97,
1237,1237,baseline模型,baseline兼容旧逻辑,风险影响评估类,失效现象后果查RPN,风险指标查询,,,简单,故障现象“anchoring damages”会造成“Structural integrity damage - extra stress on cables”，请给出RPN。,RPN=20,20,正确,1.0,465.58,语义RAG,0.3333,1.0,0,,3,,,20.0,,,,20.0,潜在失效模式；潜在失效后果；风险优先数(RPN),98,
1238,1238,baseline模型,baseline兼容旧逻辑,风险影响评估类,失效现象后果查RPN,风险指标查询,,,简单,故障现象“Cable Damage”会造成“Operational disruption”，请给出RPN。,RPN=32,32,正确,1.0,434.96,语义RAG,1.0,1.0,0,,3,,,32.0,,,,32.0,潜在失效模式；潜在失效后果；风险优先数(RPN),99,
1239,1239,baseline模型,baseline兼容旧逻辑,风险影响评估类,失效现象后果查RPN,风险指标查询,,,简单,故障现象“Corrosion of J-tube”会造成“J-tube degradation affecting cable integrity”，请给出RPN。,RPN=22.5,22.5,正确,1.0,495.19,语义RAG,1.0,1.0,0,,3,,,22.5,,,,22.5,潜在失效模式；潜在失效后果；风险优先数(RPN),100,
1240,1240,baseline模型,baseline兼容旧逻辑,风险影响评估类,失效现象后果查RPN,风险指标查询,,,简单,故障现象“Crushing or deformation”会造成“Structural damage - cable weakening”，请给出RPN。,RPN=24,24,正确,1.0,427.76,语义RAG,0.3333,1.0,0,,3,,,24.0,,,,24.0,潜在失效模式；潜在失效后果；风险优先数(RPN),102,
1241,1241,baseline模型,baseline兼容旧逻辑,风险影响评估类,失效现象后果查RPN,风险指标查询,,,简单,故障现象“damage and corrosion of mechanical parts”会造成“High risk of fault on the cable - total loss of the line Prodution loss on the string”，请给出RPN。,RPN=24,24,正确,1.0,438.33,语义RAG,0.6667,1.0,0,,3,,,24.0,,,,24.0,潜在失效模式；潜在失效后果；风险优先数(RPN),103,
1242,1242,baseline模型,baseline兼容旧逻辑,风险影响评估类,失效现象后果查RPN,风险指标查询,,,简单,故障现象“Debris disturbance”会造成“Cable damage - operational disruption”，请给出RPN。,RPN=16,16,正确,1.0,398.31,语义RAG,0.3333,1.0,0,,3,,,16.0,,,,16.0,潜在失效模式；潜在失效后果；风险优先数(RPN),104,
1243,1243,baseline模型,baseline兼容旧逻辑,风险影响评估类,失效现象后果查RPN,风险指标查询,,,简单,故障现象“Detachment”会造成“cable disconnection - water penetration - Power loss”，请给出RPN。,RPN=18.5,18.5,正确,1.0,480.04,语义RAG,0.3333,1.0,0,,3,,,18.5,,,,18.5,潜在失效模式；潜在失效后果；风险优先数(RPN),105,
1244,1244,baseline模型,baseline兼容旧逻辑,风险影响评估类,失效现象后果查RPN,风险指标查询,,,简单,故障现象“Failure of end termination”会造成“breakdown of insulation”，请给出RPN。,RPN=25.2,28.6,错误,0.0,481.75,语义RAG,1.0,1.0,0,,3,,25.2,,,,,25.2,潜在失效模式；潜在失效后果；风险优先数(RPN),106,
1245,1245,baseline模型,baseline兼容旧逻辑,风险影响评估类,失效现象后果查RPN,风险指标查询,,,简单,故障现象“Failure of fixing clamps”会造成“Cable damage - exposure to elements”，请给出RPN。,RPN=28,28,正确,1.0,463.54,语义RAG,0.3333,1.0,0,,3,,,28.0,,,,28.0,潜在失效模式；潜在失效后果；风险优先数(RPN),109,
1246,1246,baseline模型,baseline兼容旧逻辑,风险影响评估类,失效现象后果查RPN,风险指标查询,,,简单,故障现象“Failure of insulations”会造成“Fault in the cable - power disruption”，请给出RPN。,RPN=25.6,25.6,正确,1.0,476.93,语义RAG,0.6667,1.0,0,,3,,,25.6,,,,25.6,潜在失效模式；潜在失效后果；风险优先数(RPN),110,
1247,1247,baseline模型,baseline兼容旧逻辑,风险影响评估类,失效现象后果查RPN,风险指标查询,,,简单,故障现象“Failure of sheath”会造成“Fault in the cable - exposure to elements”，请给出RPN。,RPN=31.6,31.6,正确,1.0,461.31,语义RAG,0.6667,1.0,0,,3,,,31.6,,,,31.6,潜在失效模式；潜在失效后果；风险优先数(RPN),111,
1248,1248,baseline模型,baseline兼容旧逻辑,风险影响评估类,失效现象后果查RPN,风险指标查询,,,简单,故障现象“Failure of watertightness”会造成“Reduced or interupted electricity flow”，请给出RPN。,RPN=30.2,30.2 27.8,正确,1.0,540.29,语义RAG,0.6667,1.0,0,,3,,,30.2,,,,30.2,潜在失效模式；潜在失效后果；风险优先数(RPN),112,
1249,1249,baseline模型,baseline兼容旧逻辑,风险影响评估类,失效现象后果查RPN,风险指标查询,,,简单,故障现象“failures of conductors”会造成“Electrical faults - loss of production”，请给出RPN。,RPN=25,25,正确,1.0,424.89,语义RAG,0.6667,1.0,0,,3,,,25.0,,,,25.0,潜在失效模式；潜在失效后果；风险优先数(RPN),114,
1250,1250,baseline模型,baseline兼容旧逻辑,风险影响评估类,失效现象后果查RPN,风险指标查询,,,简单,故障现象“Fatigue Cracks”会造成“Crack may evolve in a fault of the cable - Cable weakening”，请给出RPN。,RPN=35.6,35.6,正确,1.0,481.7,语义RAG,0.3333,1.0,0,,3,,,35.6,,,,35.6,潜在失效模式；潜在失效后果；风险优先数(RPN),115,
1251,1251,baseline模型,baseline兼容旧逻辑,风险影响评估类,失效现象后果查RPN,风险指标查询,,,简单,"故障现象“Geo-Hazards”会造成“Cable damage, production disruption”，请给出RPN。",RPN=32,不知道。上下文中的故障模式没有提到“Geo-Hazards”这一失效模式。,错误,0.0,620.76,语义RAG,0.0,0.0,0,,3,,32.0,,,,,32.0,潜在失效模式；潜在失效后果；风险优先数(RPN),116,
1252,1252,baseline模型,baseline兼容旧逻辑,风险影响评估类,失效现象后果查RPN,风险指标查询,,,简单,故障现象“Loss of dynamic positioning”会造成“Cables stress”，请给出RPN。,RPN=26,26,正确,1.0,437.25,语义RAG,0.3333,1.0,0,,3,,,26.0,,,,26.0,潜在失效模式；潜在失效后果；风险优先数(RPN),117,
1253,1253,baseline模型,baseline兼容旧逻辑,风险影响评估类,失效现象后果查RPN,风险指标查询,,,简单,故障现象“Loss of float bility (water adsorption)”会造成“未说明”，请给出RPN。,RPN=24,24,正确,1.0,382.6,语义RAG,0.6667,1.0,0,,3,,,24.0,,,,24.0,潜在失效模式；潜在失效后果；风险优先数(RPN),118,
1254,1254,baseline模型,baseline兼容旧逻辑,风险影响评估类,失效现象后果查RPN,风险指标查询,,,简单,故障现象“material degradation”会造成“Weakening of cable materials - loss of production”，请给出RPN。,RPN=18.5,18.5,正确,1.0,451.52,语义RAG,0.3333,1.0,0,,3,,,18.5,,,,18.5,潜在失效模式；潜在失效后果；风险优先数(RPN),119,
1255,1255,baseline模型,baseline兼容旧逻辑,风险影响评估类,失效现象后果查RPN,风险指标查询,,,简单,故障现象“Mechanical degradation”会造成“未说明”，请给出RPN。,RPN=12,不知道。上下文中的失效模式没有包含“Mechanical degradation”这一故障现象及其对应的RPN值。,错误,0.0,527.95,语义RAG,0.0,1.0,0,,3,,12.0,,,,,12.0,潜在失效模式；潜在失效后果；风险优先数(RPN),120,
1256,1256,baseline模型,baseline兼容旧逻辑,风险影响评估类,失效现象后果查RPN,风险指标查询,,,简单,故障现象“Movement of CPS due to scour/seabed mobility”会造成“Cable being vulnerable to scour and need for repair or replacement”，请给出RPN。,RPN=38.4,44,错误,0.0,470.1,语义RAG,1.0,1.0,0,,3,,38.4,,,,,38.4,潜在失效模式；潜在失效后果；风险优先数(RPN),121,
1257,1257,baseline模型,baseline兼容旧逻辑,风险影响评估类,失效现象后果查RPN,风险指标查询,,,简单,"故障现象“Premature damage of outer protection layer”会造成“Structural damage - cable weakening, exposure to elements”，请给出RPN。",RPN=29,29,正确,1.0,455.77,语义RAG,0.3333,1.0,0,,3,,,29.0,,,,29.0,潜在失效模式；潜在失效后果；风险优先数(RPN),124,
1258,1258,baseline模型,baseline兼容旧逻辑,风险影响评估类,失效现象后果查RPN,风险指标查询,,,简单,"故障现象“Reduced sediment cover lower than designed value for protection”会造成“need for re-burial, change of cable protection requirement or even replacement of cable”，请给出RPN。",RPN=28.6,29.6,错误,0.0,470.83,语义RAG,1.0,1.0,0,,3,,28.6,,,,,28.6,潜在失效模式；潜在失效后果；风险优先数(RPN),125,
1259,1259,baseline模型,baseline兼容旧逻辑,风险影响评估类,失效现象后果查RPN,风险指标查询,,,简单,故障现象“Small bending radius”会造成“Cable damage - insulation degradation”，请给出RPN。,RPN=28.6,28.6,正确,1.0,467.06,语义RAG,0.3333,1.0,0,,3,,,28.6,,,,28.6,潜在失效模式；潜在失效后果；风险优先数(RPN),128,
1260,1260,baseline模型,baseline兼容旧逻辑,风险影响评估类,项目失效现象查后果与RPN,后果与风险指标查询,,,中等,在“Tower / Tower / Primary steelwork”中，失效模式“Abnormal vibration”的风险影响如何？请给出后果和RPN。,Excessive Fatigue Life Consumption；RPN=33.33,后果 / FailureEffect: Potential collapse 风险优先数 / RPN: 31,错误,0.0,566.68,语义RAG,0.6667,0.0,0,,3,Excessive Fatigue Life Consumption,33.33,,,,Excessive Fatigue Life Consumption,33.33,项目/功能；潜在失效模式；潜在失效后果；风险优先数(RPN),0,
1261,1261,baseline模型,baseline兼容旧逻辑,风险影响评估类,项目失效现象查后果与RPN,后果与风险指标查询,,,中等,在“Tower / Tower / Primary steelwork”中，失效模式“Cracks”的风险影响如何？请给出后果和RPN。,Failure of whole facility and vast economic loses；RPN=26,失效模式“Cracks”的后果是：Failure of whole facility and vast economic loses。 风险优先数（RPN）分别为：26、26.5 和 27。,正确,1.0,687.22,语义RAG,1.0,1.0,0,,3,,,26.0,,,Failure of whole facility and vast economic loses,26.0,项目/功能；潜在失效模式；潜在失效后果；风险优先数(RPN),4,
1262,1262,baseline模型,baseline兼容旧逻辑,风险影响评估类,项目失效现象查后果与RPN,后果与风险指标查询,,,中等,在“Tower / Tower / Primary structure & welding”中，失效模式“Cracks”的风险影响如何？请给出后果和RPN。,Potential collapse；RPN=21.8,后果：Potential collapse RPN：38,错误,0.5,556.21,语义RAG,1.0,1.0,0,,3,,21.8,,,,Potential collapse,21.8,项目/功能；潜在失效模式；潜在失效后果；风险优先数(RPN),7,
1263,1263,baseline模型,baseline兼容旧逻辑,风险影响评估类,项目失效现象查后果与RPN,后果与风险指标查询,,,中等,在“Tower / Tower / Welding”中，失效模式“Cracks”的风险影响如何？请给出后果和RPN。,Potential collapse；RPN=33.33,不知道。上下文中的信息没有提到“Tower / Tower / Welding”这块地方以及失效模式为“Cracks”的相关信息。,错误,0.0,697.45,语义RAG,0.0,0.0,0,,3,Potential collapse,33.33,,,,Potential collapse,33.33,项目/功能；潜在失效模式；潜在失效后果；风险优先数(RPN),10,
1264,1264,baseline模型,baseline兼容旧逻辑,风险影响评估类,项目失效现象查后果与RPN,后果与风险指标查询,,,中等,在“Tower / Tower / Primary steelwork”中，失效模式“Plastic deformation”的风险影响如何？请给出后果和RPN。,Potential collapse；RPN=25.67,后果: Potential collapse RPN: 25.67,正确,1.0,570.02,语义RAG,0.6667,1.0,0,,3,,,25.67,,,Potential collapse,25.67,项目/功能；潜在失效模式；潜在失效后果；风险优先数(RPN),21,
1265,1265,baseline模型,baseline兼容旧逻辑,风险影响评估类,项目失效现象查后果与RPN,后果与风险指标查询,,,中等,在“Tower / Tower / Primary steelwork”中，失效模式“Tower collapse”的风险影响如何？请给出后果和RPN。,Failure of whole facility and vast economic loses；RPN=21.33,后果: Failure of whole facility and vast economic loses RPN: 21.33,正确,1.0,592.65,语义RAG,0.3333,1.0,0,,3,,,21.33,,,Failure of whole facility and vast economic loses,21.33,项目/功能；潜在失效模式；潜在失效后果；风险优先数(RPN),23,
1266,1266,baseline模型,baseline兼容旧逻辑,风险影响评估类,项目失效现象查后果与RPN,后果与风险指标查询,,,中等,在“Transition piece / Transition Piece / Primary structure & welding”中，失效模式“Transition piece break”的风险影响如何？请给出后果和RPN。,"Tower Unit collapse, Floater Unit damage；RPN=36.5","失效模式 “Transition piece break”的后果是：Tower Unit collapse, Floater Unit damage。 风险优先数（RPN）为 25.67。",错误,0.5,716.45,语义RAG,0.6667,0.5,0,,3,,36.5,,,,"Tower Unit collapse, Floater Unit damage",36.5,项目/功能；潜在失效模式；潜在失效后果；风险优先数(RPN),24,
1267,1267,baseline模型,baseline兼容旧逻辑,风险影响评估类,项目失效现象查后果与RPN,后果与风险指标查询,,,中等,在“Transition piece / Transition Piece / Primary structure”中，失效模式“Transition piece break”的风险影响如何？请给出后果和RPN。,"tension failure (rupture), buckling of the transition piece/ Tower unit damage；RPN=33","失效模式 “Transition piece break” 在 “Transition piece / Transition Piece (TP) / Primary structure & welding” 中的风险影响如下： - 后果 / FailureEffect: Tower Unit collapse, Floater Unit damage - RPN: 37.5",错误,0.0,897.48,语义RAG,1.0,1.0,0,,3,"tension failure (rupture), buckling of the transition piece/ Tower unit damage",33.0,,,,"tension failure (rupture), buckling of the transition piece/ Tower unit damage",33.0,项目/功能；潜在失效模式；潜在失效后果；风险优先数(RPN),25,
1268,1268,baseline模型,baseline兼容旧逻辑,风险影响评估类,项目失效现象查后果与RPN,后果与风险指标查询,,,中等,在“Transition piece / Transition Piece / Primary stucture”中，失效模式“Structural plastic deformation”的风险影响如何？请给出后果和RPN。,Local stress accumulation；RPN=32,后果：Local stress accumulation RPN：28,错误,0.5,543.36,语义RAG,0.6667,0.5,0,,3,,32.0,,,,Local stress accumulation,32.0,项目/功能；潜在失效模式；潜在失效后果；风险优先数(RPN),26,
1269,1269,baseline模型,baseline兼容旧逻辑,风险影响评估类,项目失效现象查后果与RPN,后果与风险指标查询,,,中等,在“Transition piece / Transition Piece / Primary structure & welding”中，失效模式“Cracks”的风险影响如何？请给出后果和RPN。,Tower transition piece connections failure / resonance；RPN=29,失效模式“Cracks”的后果是：Tower transition piece connections failure/ resonance。 风险优先数（RPN）分别为：24、26 和 29。,正确,1.0,733.81,语义RAG,1.0,1.0,0,,3,,,29.0,,,Tower transition piece connections failure / resonance,29.0,项目/功能；潜在失效模式；潜在失效后果；风险优先数(RPN),27,
1270,1270,baseline模型,baseline兼容旧逻辑,风险影响评估类,项目失效现象查后果与RPN,后果与风险指标查询,,,中等,在“Transition piece / Transition Piece / Primary structure & welding”中，失效模式“Abnormal vibration”的风险影响如何？请给出后果和RPN。,potential tower connections failure；RPN=35.25,后果：potential tower connections failure RPN: 24.67,错误,0.5,599.84,语义RAG,0.6667,1.0,0,,3,,35.25,,,,potential tower connections failure,35.25,项目/功能；潜在失效模式；潜在失效后果；风险优先数(RPN),29,
1271,1271,baseline模型,baseline兼容旧逻辑,风险影响评估类,项目失效现象查后果与RPN,后果与风险指标查询,,,中等,在“Transition piece / Transition Piece / Primary structure”中，失效模式“Cracks”的风险影响如何？请给出后果和RPN。,Tower transition piece connections failure；RPN=21.67,后果：Tower transition piece connections failure/ displacement variations between tower end RPN：21.67,正确,1.0,649.73,语义RAG,0.6667,1.0,0,,3,,,21.67,,,Tower transition piece connections failure,21.67,项目/功能；潜在失效模式；潜在失效后果；风险优先数(RPN),31,
1272,1272,baseline模型,baseline兼容旧逻辑,风险影响评估类,项目失效现象查后果与RPN,后果与风险指标查询,,,中等,在“Transition piece / Transition Piece / Welding”中，失效模式“Cracks”的风险影响如何？请给出后果和RPN。,potential tower connections failure；RPN=24.67,后果：Tower transition piece connections failure RPN: 24.67,错误,0.5,530.42,语义RAG,0.6667,0.5,0,,3,potential tower connections failure,,24.67,,,potential tower connections failure,24.67,项目/功能；潜在失效模式；潜在失效后果；风险优先数(RPN),33,
1273,1273,baseline模型,baseline兼容旧逻辑,风险影响评估类,项目失效现象查后果与RPN,后果与风险指标查询,,,中等,在“Floating support structure / Floating Support structure / All structures”中，失效模式“Capsize”的风险影响如何？请给出后果和RPN。,"Watertight fault, Potential Floater Unit sinkage；RPN=27.2",不知道。上下文中的失效模式为“Structural plastic deformation [11]”，没有找到关于“Capsize”的相关信息。,错误,0.0,689.64,语义RAG,0.3333,0.0,0,,3,"Watertight fault, Potential Floater Unit sinkage",27.2,,,,"Watertight fault, Potential Floater Unit sinkage",27.2,项目/功能；潜在失效模式；潜在失效后果；风险优先数(RPN),45,
1274,1274,baseline模型,baseline兼容旧逻辑,风险影响评估类,项目失效现象查后果与RPN,后果与风险指标查询,,,中等,在“Floating support structure / Floating Support structure / Primary structure”中，失效模式“Capsize”的风险影响如何？请给出后果和RPN。,Project cancellation；RPN=42.71,后果: Asset damage Energy production loss RPN: 34.5,错误,0.0,481.96,语义RAG,0.3333,0.0,0,,3,Project cancellation,42.71,,,,Project cancellation,42.71,项目/功能；潜在失效模式；潜在失效后果；风险优先数(RPN),46,
1275,1275,baseline模型,baseline兼容旧逻辑,风险影响评估类,项目失效现象查后果与RPN,后果与风险指标查询,,,中等,在“Floating support structure / Floating Support structure / Secondary structure”中，失效模式“Additional Structures Failures”的风险影响如何？请给出后果和RPN。,Potential failure；RPN=40.14,"根据上下文，""Floating support structure / Floating Support structure / Secondary structure"" 中并没有关于“Additional Structures Failures”的失效模式信息。因此，无法提供该失效模式的后果和 RPN。 但是，根据已有的信息，“Floater unit sinkage”是相关的一个失效模式，其风险优先数（RPN）为 26.86，失效后果为 Potential Failure/Asset damage Energy production loss。",错误,0.5,997.35,语义RAG,0.3333,0.5,0,,3,,40.14,,,,Potential failure,40.14,项目/功能；潜在失效模式；潜在失效后果；风险优先数(RPN),47,
1276,1276,baseline模型,baseline兼容旧逻辑,风险影响评估类,项目失效现象查后果与RPN,后果与风险指标查询,,,中等,在“Floating support structure / Floating Support structure / All structures”中，失效模式“Hit by dropped objects”的风险影响如何？请给出后果和RPN。,"Damage to the facility, vast economic loses；RPN=24.86","后果: Damage to the facility, vast economic loses RPN: 25, 31.75, 24.86",正确,1.0,697.39,语义RAG,1.0,1.0,0,,3,,,24.86,,,"Damage to the facility, vast economic loses",24.86,项目/功能；潜在失效模式；潜在失效后果；风险优先数(RPN),48,
1277,1277,baseline模型,baseline兼容旧逻辑,风险影响评估类,项目失效现象查后果与RPN,后果与风险指标查询,,,中等,在“Floating support structure / Floating Support structure / All structures”中，失效模式“Structural break”的风险影响如何？请给出后果和RPN。,Structural reassessment；RPN=25,不知道。上下文中的失效模式为“Structural plastic deformation [11]”，没有找到“Structural break”的相关信息。,错误,0.0,691.26,语义RAG,0.3333,0.0,0,,3,Structural reassessment,25.0,,,,Structural reassessment,25.0,项目/功能；潜在失效模式；潜在失效后果；风险优先数(RPN),49,
1278,1278,baseline模型,baseline兼容旧逻辑,风险影响评估类,项目失效现象查后果与RPN,后果与风险指标查询,,,中等,在“Floating support structure / Floating Support structure / Primary Structure”中，失效模式“Cracks”的风险影响如何？请给出后果和RPN。,Structural failure；RPN=30.57,失效模式/Cracks的后果是：Structural failure。 RPN为：30.57。,正确,1.0,627.07,语义RAG,0.6667,1.0,0,,3,,,30.57,,,Structural failure,30.57,项目/功能；潜在失效模式；潜在失效后果；风险优先数(RPN),51,
1279,1279,baseline模型,baseline兼容旧逻辑,风险影响评估类,项目失效现象查后果与RPN,后果与风险指标查询,,,中等,在“Floating support structure / Floating Support structure / Primary structure & Welding”中，失效模式“Capsize”的风险影响如何？请给出后果和RPN。,Asset damage Energy production loss；RPN=34.5,不知道。上下文中的失效模式并未包含“Capsize”。,错误,0.0,374.0,语义RAG,0.0,0.5,0,,3,Asset damage Energy production loss,34.5,,,,Asset damage Energy production loss,34.5,项目/功能；潜在失效模式；潜在失效后果；风险优先数(RPN),52,
1280,1280,baseline模型,baseline兼容旧逻辑,风险影响评估类,项目失效现象查后果与RPN,后果与风险指标查询,,,中等,在“Floating support structure / Floating Support structure / Primary structure & Welding”中，失效模式“Cracks”的风险影响如何？请给出后果和RPN。,Structural failure；RPN=22.67,失效模式 / FailureMode: Cracks [11] 后果 / FailureEffect: Structural failure 风险优先数 / RPN: 30.57,错误,0.5,565.87,语义RAG,0.6667,0.5,0,,3,,22.67,,,,Structural failure,22.67,项目/功能；潜在失效模式；潜在失效后果；风险优先数(RPN),53,
1281,1281,baseline模型,baseline兼容旧逻辑,风险影响评估类,项目失效现象查后果与RPN,后果与风险指标查询,,,中等,在“Floating support structure / Floating Support structure / All structures”中，失效模式“Cracks”的风险影响如何？请给出后果和RPN。,Structural failure；RPN=34,不知道。上下文中的失效模式为“Structural plastic deformation [11]”，没有关于“Cracks”的信息。,错误,0.0,534.9,语义RAG,0.6667,0.0,0,,3,Structural failure,34.0,,,,Structural failure,34.0,项目/功能；潜在失效模式；潜在失效后果；风险优先数(RPN),54,
1282,1282,baseline模型,baseline兼容旧逻辑,风险影响评估类,项目失效现象查后果与RPN,后果与风险指标查询,,,中等,在“Floating support structure / Floating Support structure / Secondary structure”中，失效模式“Watertight fault”的风险影响如何？请给出后果和RPN。,Potential Failure/Asset damage Energy production loss；RPN=31.2,后果: Asset damage Energy production loss/reduced stability RPN: 37.2,错误,0.0,598.47,语义RAG,0.3333,0.0,0,,3,Potential Failure/Asset damage Energy production loss,31.2,,,,Potential Failure/Asset damage Energy production loss,31.2,项目/功能；潜在失效模式；潜在失效后果；风险优先数(RPN),57,
1283,1283,baseline模型,baseline兼容旧逻辑,风险影响评估类,项目失效现象查后果与RPN,后果与风险指标查询,,,中等,在“Floating support structure / Floating Support structure / Secondary structure”中，失效模式“Floater unit sinkage”的风险影响如何？请给出后果和RPN。,Potential Failure/Asset damage Energy production loss；RPN=26.86,后果：Potential Failure/Asset damage Energy production loss RPN：26.86,正确,1.0,541.37,语义RAG,1.0,1.0,0,,3,,,26.86,,,Potential Failure/Asset damage Energy production loss,26.86,项目/功能；潜在失效模式；潜在失效后果；风险优先数(RPN),58,
1284,1284,baseline模型,baseline兼容旧逻辑,风险影响评估类,项目失效现象查后果与RPN,后果与风险指标查询,,,中等,在“Floating support structure / Floating Support structure / All structures”中，失效模式“Structural plastic deformation”的风险影响如何？请给出后果和RPN。,Local stress accumulation；RPN=24.17,后果：Local stress accumulation 风险优先数（RPN）: 24.17,正确,1.0,635.16,语义RAG,1.0,1.0,0,,3,,,24.17,,,Local stress accumulation,24.17,项目/功能；潜在失效模式；潜在失效后果；风险优先数(RPN),59,
1285,1285,baseline模型,baseline兼容旧逻辑,风险影响评估类,项目失效现象查后果与RPN,后果与风险指标查询,,,中等,在“Floating support structure / Floating Support structure / All structures”中，失效模式“Watertight fault”的风险影响如何？请给出后果和RPN。,"If these cracks propagate through the wall and lie under water or within the splash zone, then they constitute a risk to the watertightness.；RPN=30.8",答案与问题不符，因为指定位置的失效模式为“Structural plastic deformation”，而非“Watertight fault”。根据提供的信息，“Watertight fault”的相关信息如下： - 后果 / FailureEffect: Asset damage Energy production loss/reduced stability - RPN / Risk Priority Number: 37.2,错误,0.0,1022.53,语义RAG,0.6667,0.0,0,,3,"If these cracks propagate through the wall and lie under water or within the splash zone, then they constitute a risk to the watertightness.",30.8,,,,"If these cracks propagate through the wall and lie under water or within the splash zone, then they constitute a risk to the watertightness.",30.8,项目/功能；潜在失效模式；潜在失效后果；风险优先数(RPN),62,
1286,1286,baseline模型,baseline兼容旧逻辑,风险影响评估类,项目失效现象查后果与RPN,后果与风险指标查询,,,中等,在“Floating support structure / Floating Support structure / Secondary structure”中，失效模式“Structural break”的风险影响如何？请给出后果和RPN。,Asset damage Energy production loss/reduced stability；RPN=18.8,不知道。上下文中的失效模式为“Structural plastic deformation [11]”和“Floater unit sinkage”，没有找到“Structural break”的相关信息。,错误,0.0,755.92,语义RAG,0.3333,0.0,0,,3,Asset damage Energy production loss/reduced stability,18.8,,,,Asset damage Energy production loss/reduced stability,18.8,项目/功能；潜在失效模式；潜在失效后果；风险优先数(RPN),66,
1287,1287,baseline模型,baseline兼容旧逻辑,风险影响评估类,项目失效现象查后果与RPN,后果与风险指标查询,,,中等,在“Floating support structure / Floating Support structure / Primary structure & Welding”中，失效模式“Structural break”的风险影响如何？请给出后果和RPN。,Tower collapse；RPN=33.4,不知道。上下文中的失效模式为“Structural plastic deformation [11]”和“Floater unit sinkage”，没有找到“Structural break”的相关信息。,错误,0.0,574.32,语义RAG,0.0,0.0,0,,3,Tower collapse,33.4,,,,Tower collapse,33.4,项目/功能；潜在失效模式；潜在失效后果；风险优先数(RPN),68,
1288,1288,baseline模型,baseline兼容旧逻辑,风险影响评估类,项目失效现象查后果与RPN,后果与风险指标查询,,,中等,在“Floating support structure / Floating Support structure / All structures”中，失效模式“Floater unit sinkage”的风险影响如何？请给出后果和RPN。,Potential Failure/Asset damage Energy production loss；RPN=30.8,后果：Potential Failure/Asset damage Energy production loss RPN：30.8,正确,1.0,598.64,语义RAG,1.0,1.0,0,,3,,,30.8,,,Potential Failure/Asset damage Energy production loss,30.8,项目/功能；潜在失效模式；潜在失效后果；风险优先数(RPN),69,
1289,1289,baseline模型,baseline兼容旧逻辑,风险影响评估类,项目失效现象查后果与RPN,后果与风险指标查询,,,中等,在“Floating support structure / Floating Support structure / All structures & Welding”中，失效模式“Structural break”的风险影响如何？请给出后果和RPN。,"Watertight fault, Potential Floater Unit sinkage；RPN=19",不知道。上下文中的失效模式为“Structural plastic deformation [11]”和“Floater unit sinkage”，没有找到“Structural break”的相关信息。,错误,0.0,733.33,语义RAG,0.0,0.0,0,,3,"Watertight fault, Potential Floater Unit sinkage",19.0,,,,"Watertight fault, Potential Floater Unit sinkage",19.0,项目/功能；潜在失效模式；潜在失效后果；风险优先数(RPN),72,
1290,1290,baseline模型,baseline兼容旧逻辑,风险影响评估类,项目失效现象查后果与RPN,后果与风险指标查询,,,中等,在“Floating support structure / Floating Support structure / Secondary structure & Welding”中，失效模式“Watertight fault”的风险影响如何？请给出后果和RPN。,Reduced stability；RPN=36,后果 / FailureEffect: Asset damage Energy production loss/reduced stability 风险优先数 / RPN: 37.2,错误,0.5,667.89,语义RAG,0.3333,0.5,0,,3,,36.0,,,,Reduced stability,36.0,项目/功能；潜在失效模式；潜在失效后果；风险优先数(RPN),73,
1291,1291,baseline模型,baseline兼容旧逻辑,风险影响评估类,项目失效现象查后果与RPN,后果与风险指标查询,,,中等,在“Floating support structure / Floating Support structure / Welding”中，失效模式“Cracks”的风险影响如何？请给出后果和RPN。,Watertight fault；RPN=31.2,后果: Structural failure RPN: 30.57,错误,0.0,555.77,语义RAG,0.6667,0.0,0,,3,Watertight fault,31.2,,,,Watertight fault,31.2,项目/功能；潜在失效模式；潜在失效后果；风险优先数(RPN),74,
1292,1292,baseline模型,baseline兼容旧逻辑,风险影响评估类,项目失效现象查后果与RPN,后果与风险指标查询,,,中等,在“Station keeping / Anchor”中，失效模式“Anchor failure”的风险影响如何？请给出后果和RPN。,Anchor failure；RPN=34,"失效模式 “Anchor failure [1], [17]” 的后果是 Anchor failure，RPN 为 34。",正确,1.0,650.61,语义RAG,1.0,1.0,0,,3,,,34.0,,,Anchor failure,34.0,项目/功能；潜在失效模式；潜在失效后果；风险优先数(RPN),75,
1293,1293,baseline模型,baseline兼容旧逻辑,风险影响评估类,项目失效现象查后果与RPN,后果与风险指标查询,,,中等,在“Station keeping / Mooring Lines / Buoyancy element”中，失效模式“Failure in buoyancy element”的风险影响如何？请给出后果和RPN。,RPN=29.25,后果: 未记录 RPN: 29.25,正确,1.0,556.49,语义RAG,0.6667,1.0,0,,3,,,29.25,,,,29.25,项目/功能；潜在失效模式；潜在失效后果；风险优先数(RPN),77,
1294,1294,baseline模型,baseline兼容旧逻辑,风险影响评估类,项目失效现象查后果与RPN,后果与风险指标查询,,,中等,在“Station keeping / Mooring Lines / Clump weight”中，失效模式“Failure in clump weight”的风险影响如何？请给出后果和RPN。,RPN=28.5,后果: 未记录 RPN: 28.5,正确,1.0,531.0,语义RAG,0.6667,1.0,0,,3,,,28.5,,,,28.5,项目/功能；潜在失效模式；潜在失效后果；风险优先数(RPN),78,
1295,1295,baseline模型,baseline兼容旧逻辑,风险影响评估类,项目失效现象查后果与RPN,后果与风险指标查询,,,中等,在“Station keeping / Fairlead”中，失效模式“Fairlead failure”的风险影响如何？请给出后果和RPN。,The anchor cannot be dropped and lift；RPN=30,"不知道。上下文中的失效模式为“Anchor failure [1], [17]”，没有关于“Station keeping / Fairlead”以及“Fairlead failure”的信息。",错误,0.0,759.98,语义RAG,0.0,0.0,0,,3,The anchor cannot be dropped and lift,30.0,,,,The anchor cannot be dropped and lift,30.0,项目/功能；潜在失效模式；潜在失效后果；风险优先数(RPN),79,
1296,1296,baseline模型,baseline兼容旧逻辑,风险影响评估类,项目失效现象查后果与RPN,后果与风险指标查询,,,中等,在“Station keeping / Monitoring System”中，失效模式“Monitoring system fails”的风险影响如何？请给出后果和RPN。,Unable to monitor tension in the mooring lines；RPN=13.5,后果：Unable to monitor tension in the mooring lines RPN：13.5,正确,1.0,573.38,语义RAG,0.3333,1.0,0,,3,,,13.5,,,Unable to monitor tension in the mooring lines,13.5,项目/功能；潜在失效模式；潜在失效后果；风险优先数(RPN),81,
1297,1297,baseline模型,baseline兼容旧逻辑,风险影响评估类,项目失效现象查后果与RPN,后果与风险指标查询,,,中等,在“Station keeping / Mooring Lines / Mooring lines”中，失效模式“Mooring line breakage”的风险影响如何？请给出后果和RPN。,Mooring line strength decrease or broken；RPN=28.8,"后果：Mooring line strength decrease or broken RPN: 20, 24",错误,0.5,587.35,语义RAG,0.6667,0.5,0,,3,,28.8,,,,Mooring line strength decrease or broken,28.8,项目/功能；潜在失效模式；潜在失效后果；风险优先数(RPN),82,
1298,1298,baseline模型,baseline兼容旧逻辑,风险影响评估类,项目失效现象查后果与RPN,后果与风险指标查询,,,中等,在“Station keeping / Mooring Lines / Mooring lines”中，失效模式“Mooring Line Corrosion”的风险影响如何？请给出后果和RPN。,Mooring line strength decrease or broken；RPN=29.2,失效模式 “Mooring Line Corrosion [1]” 的后果是：Mooring line strength decrease or broken；RPN 为 29.2。,正确,1.0,825.87,语义RAG,0.3333,1.0,0,,3,,,29.2,,,Mooring line strength decrease or broken,29.2,项目/功能；潜在失效模式；潜在失效后果；风险优先数(RPN),85,
1299,1299,baseline模型,baseline兼容旧逻辑,风险影响评估类,项目失效现象查后果与RPN,后果与风险指标查询,,,中等,在“Station keeping / Mooring Lines / Mooring lines”中，失效模式“Mooring Line Fatigue”的风险影响如何？请给出后果和RPN。,Mooring line strength decrease or broken；RPN=29.6,失效模式 “Mooring Line Fatigue [1]” 的后果是：Mooring line strength decrease or broken；RPN 为 31.6。,错误,0.5,572.57,语义RAG,0.3333,1.0,0,,3,,29.6,,,,Mooring line strength decrease or broken,29.6,项目/功能；潜在失效模式；潜在失效后果；风险优先数(RPN),86,
1300,1300,baseline模型,baseline兼容旧逻辑,风险影响评估类,项目失效现象查后果与RPN,后果与风险指标查询,,,中等,在“Station keeping / Mooring Lines / Mooring lines”中，失效模式“Mooring line wear”的风险影响如何？请给出后果和RPN。,Mooring line strength decrease or broken；RPN=35.6,后果: Mooring line strength decrease or broken 风险优先数 (RPN): 31.6,错误,0.5,693.07,语义RAG,1.0,1.0,0,,3,,35.6,,,,Mooring line strength decrease or broken,35.6,项目/功能；潜在失效模式；潜在失效后果；风险优先数(RPN),88,
1301,1301,baseline模型,baseline兼容旧逻辑,风险影响评估类,项目失效现象查后果与RPN,后果与风险指标查询,,,中等,在“Station keeping / Mooring lines / Mooring lines”中，失效模式“Mooring lines broken”的风险影响如何？请给出后果和RPN。,Asset not in correct location or position；RPN=24.8,失效模式 / FailureMode: Mooring line breakage[8] 风险优先数 / RPN: 24 失效后果 / FailureEffect: Mooring line strength decrease or broken,错误,0.0,777.12,语义RAG,0.0,0.0,0,,3,Asset not in correct location or position,24.8,,,,Asset not in correct location or position,24.8,项目/功能；潜在失效模式；潜在失效后果；风险优先数(RPN),91,
1302,1302,baseline模型,baseline兼容旧逻辑,风险影响评估类,项目失效现象查后果与RPN,后果与风险指标查询,,,中等,在“Station keeping / Mooring lines / Mooring winch”中，失效模式“Mooring winch failure”的风险影响如何？请给出后果和RPN。,Asset not in correct location or position；RPN=21.6,失效模式“Mooring winch failure”的后果是：Asset not in correct location or position。 最高RPN为25.6，具体表现为： - FMEA编号=None; 失效模式=Mooring winch failure [1]; RPN=25.6; S=4; O=2; D=3.2; - FMEA编号=None; 失效模式=Mooring winch failure [1]; RPN=25.6; S=4; O=2; D=3.2;,错误,0.5,1408.89,语义RAG,1.0,1.0,0,,3,,21.6,,,,Asset not in correct location or position,21.6,项目/功能；潜在失效模式；潜在失效后果；风险优先数(RPN),95,
1303,1303,baseline模型,baseline兼容旧逻辑,风险影响评估类,项目失效现象查后果与RPN,后果与风险指标查询,,,中等,在“Dynamic cable / Dynamic Cable / Dynamic Cable”中，失效模式“accelerated mechanical fatigue”的风险影响如何？请给出后果和RPN。,Structural damage - cable composition weakening；RPN=30.25,后果: Structural damage - cable composition weakening RPN: 30.25,正确,1.0,615.88,语义RAG,0.6667,1.0,0,,3,,,30.25,,,Structural damage - cable composition weakening,30.25,项目/功能；潜在失效模式；潜在失效后果；风险优先数(RPN),97,
1304,1304,baseline模型,baseline兼容旧逻辑,风险影响评估类,项目失效现象查后果与RPN,后果与风险指标查询,,,中等,在“Dynamic cable / Dynamic Cable / Dynamic Cable”中，失效模式“anchoring damages”的风险影响如何？请给出后果和RPN。,Structural integrity damage - extra stress on cables；RPN=20,不知道。上下文中的失效模式没有包含“anchoring damages”。,错误,0.0,544.02,语义RAG,0.6667,0.0,0,,3,Structural integrity damage - extra stress on cables,20.0,,,,Structural integrity damage - extra stress on cables,20.0,项目/功能；潜在失效模式；潜在失效后果；风险优先数(RPN),98,
1305,1305,baseline模型,baseline兼容旧逻辑,风险影响评估类,项目失效现象查后果与RPN,后果与风险指标查询,,,中等,在“Dynamic cable / Dynamic Cable / Dynamic Cable”中，失效模式“Cable Damage”的风险影响如何？请给出后果和RPN。,Operational disruption；RPN=32,在“Dynamic cable / Dynamic Cable / Dynamic Cable”中，“Cable Damage”的失效模式下： - 后果: High risk of fault on the cable - total loss of the line Prodution loss on the string; - RPN: 24,错误,0.0,868.76,语义RAG,0.3333,0.0,0,,3,Operational disruption,32.0,,,,Operational disruption,32.0,项目/功能；潜在失效模式；潜在失效后果；风险优先数(RPN),99,
1306,1306,baseline模型,baseline兼容旧逻辑,风险影响评估类,项目失效现象查后果与RPN,后果与风险指标查询,,,中等,在“Dynamic cable / Dynamic Cable / J-tube”中，失效模式“Corrosion of J-tube”的风险影响如何？请给出后果和RPN。,J-tube degradation affecting cable integrity；RPN=22.5,后果：J-tube degradation affecting cable integrity RPN：22.5,正确,1.0,626.34,语义RAG,1.0,1.0,0,,3,,,22.5,,,J-tube degradation affecting cable integrity,22.5,项目/功能；潜在失效模式；潜在失效后果；风险优先数(RPN),100,
1307,1307,baseline模型,baseline兼容旧逻辑,风险影响评估类,项目失效现象查后果与RPN,后果与风险指标查询,,,中等,在“Dynamic cable / Dynamic Cable / Dynamic Cable”中，失效模式“Crushing or deformation”的风险影响如何？请给出后果和RPN。,Structural damage - cable weakening；RPN=24,后果：Structural damage - cable weakening RPN：24,正确,1.0,526.37,语义RAG,1.0,1.0,0,,3,,,24.0,,,Structural damage - cable weakening,24.0,项目/功能；潜在失效模式；潜在失效后果；风险优先数(RPN),102,
1308,1308,baseline模型,baseline兼容旧逻辑,风险影响评估类,项目失效现象查后果与RPN,后果与风险指标查询,,,中等,在“Dynamic cable / Dynamic Cable / Hang-off”中，失效模式“damage and corrosion of mechanical parts”的风险影响如何？请给出后果和RPN。,High risk of fault on the cable - total loss of the line Prodution loss on the string；RPN=24,后果: High risk of fault on the cable - total loss of the line Prodution loss on the string RPN: 24,正确,1.0,678.22,语义RAG,0.6667,1.0,0,,3,,,24.0,,,High risk of fault on the cable - total loss of the line Prodution loss on the string,24.0,项目/功能；潜在失效模式；潜在失效后果；风险优先数(RPN),103,
1309,1309,baseline模型,baseline兼容旧逻辑,风险影响评估类,项目失效现象查后果与RPN,后果与风险指标查询,,,中等,在“Dynamic cable / Dynamic Cable / Dynamic Cable”中，失效模式“Debris disturbance”的风险影响如何？请给出后果和RPN。,Cable damage - operational disruption；RPN=16,不知道。上下文中的失效模式不包含“Debris disturbance”。,错误,0.0,547.67,语义RAG,1.0,0.0,0,,3,Cable damage - operational disruption,16.0,,,,Cable damage - operational disruption,16.0,项目/功能；潜在失效模式；潜在失效后果；风险优先数(RPN),104,
1310,1310,baseline模型,baseline兼容旧逻辑,风险影响评估类,项目失效现象查后果与RPN,后果与风险指标查询,,,中等,在“Dynamic cable / Dynamic Cable / Dynamic Cable”中，失效模式“Detachment”的风险影响如何？请给出后果和RPN。,cable disconnection - water penetration - Power loss；RPN=18.5,后果: cable disconnection - water penetration - Power loss RPN: 18.5,正确,1.0,585.89,语义RAG,0.3333,1.0,0,,3,,,18.5,,,cable disconnection - water penetration - Power loss,18.5,项目/功能；潜在失效模式；潜在失效后果；风险优先数(RPN),105,
1311,1311,baseline模型,baseline兼容旧逻辑,风险影响评估类,项目失效现象查后果与RPN,后果与风险指标查询,,,中等,在“Dynamic cable / Dynamic Cable / Joints and terminations”中，失效模式“Failure of end termination”的风险影响如何？请给出后果和RPN。,breakdown of insulation；RPN=25.2,后果=breakdown of insulation; RPN=28.6,错误,0.5,589.88,语义RAG,0.3333,1.0,0,,3,,25.2,,,,breakdown of insulation,25.2,项目/功能；潜在失效模式；潜在失效后果；风险优先数(RPN),106,
1312,1312,baseline模型,baseline兼容旧逻辑,风险影响评估类,项目失效现象查后果与RPN,后果与风险指标查询,,,中等,在“Dynamic cable / Dynamic Cable / Dynamic Cable”中，失效模式“Failure of fixing clamps”的风险影响如何？请给出后果和RPN。,Cable damage - exposure to elements；RPN=28,后果: Cable damage - exposure to elements RPN: 28,正确,1.0,559.93,语义RAG,1.0,1.0,0,,3,,,28.0,,,Cable damage - exposure to elements,28.0,项目/功能；潜在失效模式；潜在失效后果；风险优先数(RPN),109,
1313,1313,baseline模型,baseline兼容旧逻辑,风险影响评估类,项目失效现象查后果与RPN,后果与风险指标查询,,,中等,在“Dynamic cable / Dynamic Cable / Insulation”中，失效模式“Failure of insulations”的风险影响如何？请给出后果和RPN。,Fault in the cable - power disruption；RPN=25.6,后果：Fault in the cable - power disruption RPN：25.6,正确,1.0,555.97,语义RAG,0.6667,1.0,0,,3,,,25.6,,,Fault in the cable - power disruption,25.6,项目/功能；潜在失效模式；潜在失效后果；风险优先数(RPN),110,
1314,1314,baseline模型,baseline兼容旧逻辑,风险影响评估类,项目失效现象查后果与RPN,后果与风险指标查询,,,中等,在“Dynamic cable / Dynamic Cable / Sheath”中，失效模式“Failure of sheath”的风险影响如何？请给出后果和RPN。,Fault in the cable - exposure to elements；RPN=31.6,后果: Fault in the cable - exposure to elements RPN: 31.6,正确,1.0,566.93,语义RAG,0.6667,1.0,0,,3,,,31.6,,,Fault in the cable - exposure to elements,31.6,项目/功能；潜在失效模式；潜在失效后果；风险优先数(RPN),111,
1315,1315,baseline模型,baseline兼容旧逻辑,风险影响评估类,项目失效现象查后果与RPN,后果与风险指标查询,,,中等,在“Dynamic cable / Dynamic Cable / Dynamic Cable”中，失效模式“Failure of watertightness”的风险影响如何？请给出后果和RPN。,Reduced or interupted electricity flow；RPN=30.2,后果：Reduced or interupted electricity flow RPN: 30.2,正确,1.0,592.33,语义RAG,1.0,1.0,0,,3,,,30.2,,,Reduced or interupted electricity flow,30.2,项目/功能；潜在失效模式；潜在失效后果；风险优先数(RPN),112,
1316,1316,baseline模型,baseline兼容旧逻辑,风险影响评估类,项目失效现象查后果与RPN,后果与风险指标查询,,,中等,在“Dynamic cable / Dynamic Cable / Conductor”中，失效模式“failures of conductors”的风险影响如何？请给出后果和RPN。,Electrical faults - loss of production；RPN=25,失效模式：failures of conductors 后果：Electrical faults - loss of production RPN：25,正确,1.0,586.82,语义RAG,0.3333,1.0,0,,3,,,25.0,,,Electrical faults - loss of production,25.0,项目/功能；潜在失效模式；潜在失效后果；风险优先数(RPN),114,
1317,1317,baseline模型,baseline兼容旧逻辑,风险影响评估类,项目失效现象查后果与RPN,后果与风险指标查询,,,中等,在“Dynamic cable / Dynamic Cable / Dynamic Cable”中，失效模式“Fatigue Cracks”的风险影响如何？请给出后果和RPN。,Crack may evolve in a fault of the cable - Cable weakening；RPN=35.6,"根据上下文，""Dynamic cable / Dynamic Cable / Dynamic Cable"" 中并没有提到失效模式 ""Fatigue Cracks"" 的相关信息，因此无法提供其后果和 RPN。 但是根据已有的信息，可以查看其他失效模式的风险影响： - 失效模式：damage and corrosion of mechanical parts；RPN：24；后果：High risk of fault on the cable - total loss of the line Prodution loss on the string。 - 失效模式：Detachment；RPN：18.5；后果：cable disconnection - water penetration - Power loss。",错误,0.0,1359.67,语义RAG,0.3333,0.0,0,,3,Crack may evolve in a fault of the cable - Cable weakening,35.6,,,,Crack may evolve in a fault of the cable - Cable weakening,35.6,项目/功能；潜在失效模式；潜在失效后果；风险优先数(RPN),115,
1318,1318,baseline模型,baseline兼容旧逻辑,风险影响评估类,项目失效现象查后果与RPN,后果与风险指标查询,,,中等,在“Dynamic cable / Dynamic Cable / Dynamic Cable”中，失效模式“Geo-Hazards”的风险影响如何？请给出后果和RPN。,"Cable damage, production disruption；RPN=32","根据上下文，""Dynamic cable / Dynamic Cable / Dynamic Cable"" 中并没有提到失效模式为 ""Geo-Hazards"" 的相关信息，因此无法提供该失效模式的风险影响（后果和 RPN）。",错误,0.0,617.35,语义RAG,0.3333,0.0,0,,3,"Cable damage, production disruption",32.0,,,,"Cable damage, production disruption",32.0,项目/功能；潜在失效模式；潜在失效后果；风险优先数(RPN),116,
1319,1319,baseline模型,baseline兼容旧逻辑,风险影响评估类,项目失效现象查后果与RPN,后果与风险指标查询,,,中等,在“Dynamic cable / Dynamic Cable / Dynamic Cable”中，失效模式“Loss of dynamic positioning”的风险影响如何？请给出后果和RPN。,Cables stress；RPN=26,后果: Cables stress RPN: 26,正确,1.0,549.09,语义RAG,1.0,1.0,0,,3,,,26.0,,,Cables stress,26.0,项目/功能；潜在失效模式；潜在失效后果；风险优先数(RPN),117,
1320,1320,baseline模型,baseline兼容旧逻辑,风险影响评估类,项目失效现象查后果与RPN,后果与风险指标查询,,,中等,在“Dynamic cable / Dynamic Cable / Buoyancy modules”中，失效模式“Loss of float bility (water adsorption)”的风险影响如何？请给出后果和RPN。,RPN=24,后果: 未记录 RPN: 24,正确,1.0,528.1,语义RAG,0.6667,1.0,0,,3,,,24.0,,,,24.0,项目/功能；潜在失效模式；潜在失效后果；风险优先数(RPN),118,
1321,1321,baseline模型,baseline兼容旧逻辑,风险影响评估类,项目失效现象查后果与RPN,后果与风险指标查询,,,中等,在“Dynamic cable / Dynamic Cable / Dynamic Cable”中，失效模式“material degradation”的风险影响如何？请给出后果和RPN。,Weakening of cable materials - loss of production；RPN=18.5,后果 / FailureEffect: Weakening of cable materials - loss of production 风险优先数 / RPN: 18.5,正确,1.0,679.0,语义RAG,0.3333,1.0,0,,3,,,18.5,,,Weakening of cable materials - loss of production,18.5,项目/功能；潜在失效模式；潜在失效后果；风险优先数(RPN),119,
1322,1322,baseline模型,baseline兼容旧逻辑,风险影响评估类,项目失效现象查后果与RPN,后果与风险指标查询,,,中等,在“Dynamic cable / Dynamic Cable / Fiber optic”中，失效模式“Mechanical degradation”的风险影响如何？请给出后果和RPN。,RPN=12,后果: 未记录 RPN: 12,正确,1.0,550.55,语义RAG,0.6667,1.0,0,,3,,,12.0,,,,12.0,项目/功能；潜在失效模式；潜在失效后果；风险优先数(RPN),120,
1323,1323,baseline模型,baseline兼容旧逻辑,风险影响评估类,项目失效现象查后果与RPN,后果与风险指标查询,,,中等,在“Dynamic cable / Dynamic Cable / Cable Protection System”中，失效模式“Movement of CPS due to scour/seabed mobility”的风险影响如何？请给出后果和RPN。,Cable being vulnerable to scour and need for repair or replacement；RPN=38.4,"后果：Cable being vulnerable to scour and need for repair or replacement RPN：41.6, 44, 38.4",正确,1.0,751.28,语义RAG,1.0,1.0,0,,3,,,38.4,,,Cable being vulnerable to scour and need for repair or replacement,38.4,项目/功能；潜在失效模式；潜在失效后果；风险优先数(RPN),121,
1324,1324,baseline模型,baseline兼容旧逻辑,风险影响评估类,项目失效现象查后果与RPN,后果与风险指标查询,,,中等,在“Dynamic cable / Dynamic Cable / Dynamic Cable”中，失效模式“Premature damage of outer protection layer”的风险影响如何？请给出后果和RPN。,"Structural damage - cable weakening, exposure to elements；RPN=29","后果: Structural damage - cable weakening, exposure to elements RPN: 29",正确,1.0,583.72,语义RAG,0.3333,1.0,0,,3,,,29.0,,,"Structural damage - cable weakening, exposure to elements",29.0,项目/功能；潜在失效模式；潜在失效后果；风险优先数(RPN),124,
1325,1325,baseline模型,baseline兼容旧逻辑,风险影响评估类,项目失效现象查后果与RPN,后果与风险指标查询,,,中等,在“Dynamic cable / Dynamic Cable / Static cable/Export Cable”中，失效模式“Reduced sediment cover lower than designed value for protection”的风险影响如何？请给出后果和RPN。,"need for re-burial, change of cable protection requirement or even replacement of cable；RPN=28.6","后果: need for re-burial, change of cable protection requirement or even replacement of cable RPN: 29.6",错误,0.5,663.71,语义RAG,1.0,1.0,0,,3,,28.6,,,,"need for re-burial, change of cable protection requirement or even replacement of cable",28.6,项目/功能；潜在失效模式；潜在失效后果；风险优先数(RPN),125,
1326,1326,baseline模型,baseline兼容旧逻辑,风险影响评估类,项目失效现象查后果与RPN,后果与风险指标查询,,,中等,在“Dynamic cable / Dynamic Cable / Dynamic Cable (Touchdown point)”中，失效模式“Reduced sediment cover lower than designed value for protection”的风险影响如何？请给出后果和RPN。,"need for re-burial, change of cable protection requirement or even replacement of cable；RPN=0","后果: need for re-burial, change of cable protection requirement or even replacement of cable RPN: 0",正确,1.0,665.19,语义RAG,1.0,1.0,0,,3,,,0.0,,,"need for re-burial, change of cable protection requirement or even replacement of cable",0.0,项目/功能；潜在失效模式；潜在失效后果；风险优先数(RPN),126,
1327,1327,baseline模型,baseline兼容旧逻辑,风险影响评估类,项目失效现象查后果与RPN,后果与风险指标查询,,,中等,在“Dynamic cable / Dynamic Cable / Dynamic Cable”中，失效模式“Small bending radius”的风险影响如何？请给出后果和RPN。,Cable damage - insulation degradation；RPN=28.6,后果：Cable damage - insulation degradation RPN: 28.6,正确,1.0,572.95,语义RAG,1.0,1.0,0,,3,,,28.6,,,Cable damage - insulation degradation,28.6,项目/功能；潜在失效模式；潜在失效后果；风险优先数(RPN),128,
1328,1328,baseline模型,baseline兼容旧逻辑,风险影响评估类,失效现象查完整风险画像,完整风险画像,,,困难,请评估“Abnormal vibration”这类故障：后果、S/O/D/RPN分别是什么？,Excessive Fatigue Life Consumption；S=4.4；O=3；D=2.5；RPN=33.33,"失效后果 / FailureEffect: potential tower connections failure 风险优先数 / RPN: [24.67, 35.25, 33.33] 严重度 / S: [4, 4.25, 4.4] 发生度 / O: [2.33, 2.75, 3] 可探测度 / D: [2.67, 3, 2.5]",错误,0.8,1257.09,语义RAG,1.0,1.0,0,1.0,3,Excessive Fatigue Life Consumption,,33.33；4.4；3.0；3.0；2.5,,,Excessive Fatigue Life Consumption,4.4；3.0；2.5；33.33,潜在失效模式；潜在失效后果；严酷度(S)；发生度(O)；可探测度(D)；风险优先数(RPN),0,
1329,1329,baseline模型,baseline兼容旧逻辑,风险影响评估类,失效现象查完整风险画像,完整风险画像,,,困难,请评估“Cracks”这类故障：后果、S/O/D/RPN分别是什么？,Failure of whole facility and vast economic loses；S=3.8；O=2；D=3；RPN=26,根据上下文，没有直接提到“Cracks”的相关信息。因此，无法直接给出“Cracks”这类故障的具体后果、S/O/D/RPN值。 若需评估“Cracks”，建议参考类似失效模式的RPN计算方法： - 后果（FailureEffect）：需要根据具体情况进行判断。 - 严重度（S）：可能较高，因为结构完整性受损。 - 发生度（O）：取决于多种因素，如材料、环境等。 - 可探测度（D）：视检测手段而定。 具体的数值需结合实际情况进行评估。,错误,0.0,1448.46,语义RAG,0.0,0.4,0,0.4,3,Failure of whole facility and vast economic loses,3.8；2.0；3.0；26.0,,,,Failure of whole facility and vast economic loses,3.8；2.0；3.0；26.0,潜在失效模式；潜在失效后果；严酷度(S)；发生度(O)；可探测度(D)；风险优先数(RPN),4,
1330,1330,baseline模型,baseline兼容旧逻辑,风险影响评估类,失效现象查完整风险画像,完整风险画像,,,困难,请评估“Plastic deformation”这类故障：后果、S/O/D/RPN分别是什么？,Potential collapse；S=4；O=2.25；D=3；RPN=25.67,失效模式 / FailureMode: Plastic deformation 风险优先数 / RPN: 18 严重度 / S: 4.4 发生度 / O: 2.2 可探测度 / D: 2.8,错误,0.0,806.83,语义RAG,1.0,0.4,0,0.4,3,Potential collapse,4.0；2.25；3.0；25.67,,,,Potential collapse,4.0；2.25；3.0；25.67,潜在失效模式；潜在失效后果；严酷度(S)；发生度(O)；可探测度(D)；风险优先数(RPN),21,
1331,1331,baseline模型,baseline兼容旧逻辑,风险影响评估类,失效现象查完整风险画像,完整风险画像,,,困难,请评估“Tower collapse”这类故障：后果、S/O/D/RPN分别是什么？,Failure of whole facility and vast economic loses；S=5；O=1.5；D=3.33；RPN=21.33,后果 / FailureEffect: Failure of whole facility and vast economic loses 严重度 / S: 5 发生度 / O: 1.5 可探测度 / D: 3.33 风险优先数 / RPN: 21.33,正确,1.0,853.49,语义RAG,0.6667,1.0,0,1.0,3,,,5.0；1.5；3.33；21.33,,,Failure of whole facility and vast economic loses,5.0；1.5；3.33；21.33,潜在失效模式；潜在失效后果；严酷度(S)；发生度(O)；可探测度(D)；风险优先数(RPN),23,
1332,1332,baseline模型,baseline兼容旧逻辑,风险影响评估类,失效现象查完整风险画像,完整风险画像,,,困难,请评估“Transition piece break”这类故障：后果、S/O/D/RPN分别是什么？,"Tower Unit collapse, Floater Unit damage；S=4.75；O=2.5；D=3；RPN=36.5","失效后果 / FailureEffect: Tower Unit collapse, Floater Unit damage 风险优先数 / RPN: 33, 37.5, 36.5 严重度 / S: 4.25, 4.67, 4.75 发生度 / O: 2.25, 1.67, 2.5 可探测度 / D: 3.25, 3.33, 3",正确,1.0,1312.55,语义RAG,1.0,1.0,0,1.0,3,,,36.5；4.75；2.5；3.0,,,"Tower Unit collapse, Floater Unit damage",4.75；2.5；3.0；36.5,潜在失效模式；潜在失效后果；严酷度(S)；发生度(O)；可探测度(D)；风险优先数(RPN),24,
1333,1333,baseline模型,baseline兼容旧逻辑,风险影响评估类,失效现象查完整风险画像,完整风险画像,,,困难,请评估“Structural plastic deformation”这类故障：后果、S/O/D/RPN分别是什么？,Local stress accumulation；S=4；O=2.5；D=3；RPN=32,"失效后果 / FailureEffect: Local stress accumulation 严重度 / S: 3.67, 4.43 发生度 / O: 2.33, 2.67, 2 可探测度 / D: 3 风险优先数 / RPN: 28, 24, 24.17",错误,0.4,1076.9,语义RAG,1.0,0.4,0,0.4,3,,4.0；2.5；32.0,3.0,,,Local stress accumulation,4.0；2.5；3.0；32.0,潜在失效模式；潜在失效后果；严酷度(S)；发生度(O)；可探测度(D)；风险优先数(RPN),26,
1334,1334,baseline模型,baseline兼容旧逻辑,风险影响评估类,失效现象查完整风险画像,完整风险画像,,,困难,请评估“Capsize”这类故障：后果、S/O/D/RPN分别是什么？,"Watertight fault, Potential Floater Unit sinkage；S=4.57；O=2.29；D=3.86；RPN=27.2",根据提供的上下文，没有找到关于“Capsize”的失效模式信息。因此，无法给出其后果、S/O/D/RPN的具体数值。,错误,0.0,715.79,语义RAG,0.0,0.0,0,0.0,3,"Watertight fault, Potential Floater Unit sinkage",4.57；2.29；3.86；27.2,,,,"Watertight fault, Potential Floater Unit sinkage",4.57；2.29；3.86；27.2,潜在失效模式；潜在失效后果；严酷度(S)；发生度(O)；可探测度(D)；风险优先数(RPN),45,
1335,1335,baseline模型,baseline兼容旧逻辑,风险影响评估类,失效现象查完整风险画像,完整风险画像,,,困难,请评估“Additional Structures Failures”这类故障：后果、S/O/D/RPN分别是什么？,Potential failure；S=3.43；O=2.86；D=3.17；RPN=40.14,"根据上下文，没有直接提到“Additional Structures Failures”的相关信息。因此，无法直接给出其后果、S/O/D/RPN的具体数值。 若需评估此类故障，请参考类似结构的FMEA记录进行类比分析。例如： - 结构塑性变形（Structural plastic deformation [11]）： - 后果 / FailureEffect: Local stress accumulation - 严重度 / S: 4.43 - 发生度 / O: 2 - 可探测度 / D: 3 - RPN: 24.17 - 杂物干扰（Debris disturbance）： - 后果 / FailureEffect: Cable damage - operational disruption - 严重度 / S: 3.2 - 发生度 / O: 2 - 可探测度 / D: 3.2 - RPN: 16 - 过渡件断裂（Transition piece break）： - 后果 / FailureEffect: tension failure (rupture), buckling of the transition piece/ Tower unit damage - 严重度 / S: 4.25 - 发生度 / O: 2.25 - 可探测度 / D: 3.25 - RPN: 33 建议根据实际情况进行具体评估。",错误,0.0,2735.34,语义RAG,0.0,0.0,0,0.0,3,Potential failure,3.43；2.86；3.17；40.14,,,,Potential failure,3.43；2.86；3.17；40.14,潜在失效模式；潜在失效后果；严酷度(S)；发生度(O)；可探测度(D)；风险优先数(RPN),47,
1336,1336,baseline模型,baseline兼容旧逻辑,风险影响评估类,失效现象查完整风险画像,完整风险画像,,,困难,请评估“Hit by dropped objects”这类故障：后果、S/O/D/RPN分别是什么？,"Damage to the facility, vast economic loses；S=3.57；O=2.17；D=4.14；RPN=24.86","后果 / FailureEffect: Damage to the facility, vast economic loses 严重度 / S: 4.83 发生度 / O: 1.67 可探测度 / D: 3.17 风险优先数 / RPN: 25",错误,0.2,902.75,语义RAG,1.0,1.0,0,1.0,3,,3.57；2.17；4.14；24.86,,,,"Damage to the facility, vast economic loses",3.57；2.17；4.14；24.86,潜在失效模式；潜在失效后果；严酷度(S)；发生度(O)；可探测度(D)；风险优先数(RPN),48,
1337,1337,baseline模型,baseline兼容旧逻辑,风险影响评估类,失效现象查完整风险画像,完整风险画像,,,困难,请评估“Structural break”这类故障：后果、S/O/D/RPN分别是什么？,Structural reassessment；S=4.33；O=1.67；D=3.5；RPN=25,根据提供的上下文，没有直接关于“Structural break”的信息。因此无法给出具体的失效后果、严重度（S）、发生度（O）、可探测度（D）和风险优先数（RPN）。,错误,0.0,827.08,语义RAG,0.0,0.0,0,0.0,3,Structural reassessment,4.33；1.67；3.5；25.0,,,,Structural reassessment,4.33；1.67；3.5；25.0,潜在失效模式；潜在失效后果；严酷度(S)；发生度(O)；可探测度(D)；风险优先数(RPN),49,
1338,1338,baseline模型,baseline兼容旧逻辑,风险影响评估类,失效现象查完整风险画像,完整风险画像,,,困难,请评估“Watertight fault”这类故障：后果、S/O/D/RPN分别是什么？,Potential Failure/Asset damage Energy production loss；S=3.83；O=2.83；D=3.33；RPN=31.2,失效后果 / FailureEffect / effect / result / consequence / 结果 / 后果 / 会怎样: Watertight fault 风险优先数 / RPN / risk score / 风险数 / 危险分 / 分数: - Capsize [11]: 27.2 - Watertight fault [1]: 37.2 - Cracks [11]: 31.2 严重度 / S / severity: - 4.57 (Capsize) - 4.5 (Watertight fault) - 3.6 (Cracks) 发生度 / O / occurrence: - 2.29 (Capsize) - 2.33 (Watertight fault) - 3 (Cracks) 可探测度 / D / detection / 能查出来的分: - 3.86 (Capsize) - 3 (Watertight fault) - 3.2 (Cracks),错误,0.2,2157.62,语义RAG,1.0,0.2,0,0.2,3,Potential Failure/Asset damage Energy production loss,3.83；2.83；3.33,31.2,,,Potential Failure/Asset damage Energy production loss,3.83；2.83；3.33；31.2,潜在失效模式；潜在失效后果；严酷度(S)；发生度(O)；可探测度(D)；风险优先数(RPN),57,
1339,1339,baseline模型,baseline兼容旧逻辑,风险影响评估类,失效现象查完整风险画像,完整风险画像,,,困难,请评估“Floater unit sinkage”这类故障：后果、S/O/D/RPN分别是什么？,Potential Failure/Asset damage Energy production loss；S=4.83；O=1.83；D=3.4；RPN=26.86,"后果 / FailureEffect: Potential Failure/Asset damage Energy production loss S / severity: 4.83, 5, 4.17 O / occurrence: 1.83, 1.33, 2.67 D / detection: 3.4, 2.6, 3.2 RPN / risk score: 26.86, 30.8, 36",正确,1.0,1211.9,语义RAG,1.0,1.0,0,1.0,3,,,4.83；1.83；3.4；26.86,,,Potential Failure/Asset damage Energy production loss,4.83；1.83；3.4；26.86,潜在失效模式；潜在失效后果；严酷度(S)；发生度(O)；可探测度(D)；风险优先数(RPN),58,
1340,1340,baseline模型,baseline兼容旧逻辑,风险影响评估类,失效现象查完整风险画像,完整风险画像,,,困难,请评估“Anchor failure”这类故障：后果、S/O/D/RPN分别是什么？,Anchor failure；S=4.2；O=2.2；D=3.8；RPN=34,失效后果 / FailureEffect / effect / result / consequence / 结果 / 后果 / 会怎样: Anchor failure 风险优先数 / RPN / risk score / 风险数 / 危险分 / 分数: 34 严重度 / S / severity: 4.2 发生度 / O / occurrence: 2.2 可探测度 / D / detection / 能查出来的分: 3.8,正确,1.0,1232.74,语义RAG,0.3333,1.0,0,1.0,3,,,34.0；4.2；2.2；3.8,,,Anchor failure,4.2；2.2；3.8；34.0,潜在失效模式；潜在失效后果；严酷度(S)；发生度(O)；可探测度(D)；风险优先数(RPN),75,
1341,1341,baseline模型,baseline兼容旧逻辑,风险影响评估类,失效现象查完整风险画像,完整风险画像,,,困难,请评估“Failure in buoyancy element”这类故障：后果、S/O/D/RPN分别是什么？,S=3；O=3；D=3.25；RPN=29.25,后果: 未记录 S (严重度): 3 O (发生度): 3 D (可探测度): 3.25 RPN (风险优先数): 29.25,正确,1.0,800.01,语义RAG,0.6667,1.0,0,1.0,3,,,3.0；3.0；3.25；29.25,,,,3.0；3.0；3.25；29.25,潜在失效模式；潜在失效后果；严酷度(S)；发生度(O)；可探测度(D)；风险优先数(RPN),77,
1342,1342,baseline模型,baseline兼容旧逻辑,风险影响评估类,失效现象查完整风险画像,完整风险画像,,,困难,请评估“Failure in clump weight”这类故障：后果、S/O/D/RPN分别是什么？,S=3；O=2.75；D=3.5；RPN=28.5,后果 / FailureEffect: 未记录 风险优先数 / RPN: 28.5 严重度 / S: 3 发生度 / O: 2.75 可探测度 / D: 3.5,正确,1.0,851.51,语义RAG,0.6667,1.0,0,1.0,3,,,28.5；3.0；2.75；3.5,,,,3.0；2.75；3.5；28.5,潜在失效模式；潜在失效后果；严酷度(S)；发生度(O)；可探测度(D)；风险优先数(RPN),78,
1343,1343,baseline模型,baseline兼容旧逻辑,风险影响评估类,失效现象查完整风险画像,完整风险画像,,,困难,请评估“Fairlead failure”这类故障：后果、S/O/D/RPN分别是什么？,The anchor cannot be dropped and lift；S=3.8；O=2.8；D=3；RPN=30,根据提供的上下文，没有找到关于“Fairlead failure”的具体信息。因此，无法直接给出其后果、S/O/D/RPN的具体数值。 若要进行此类评估，需要收集相关数据并按照FMEA方法进行分析。,错误,0.0,852.68,语义RAG,0.0,0.2,0,0.2,3,The anchor cannot be dropped and lift,3.8；2.8；3.0；30.0,,,,The anchor cannot be dropped and lift,3.8；2.8；3.0；30.0,潜在失效模式；潜在失效后果；严酷度(S)；发生度(O)；可探测度(D)；风险优先数(RPN),79,
1344,1344,baseline模型,baseline兼容旧逻辑,风险影响评估类,失效现象查完整风险画像,完整风险画像,,,困难,请评估“Monitoring system fails”这类故障：后果、S/O/D/RPN分别是什么？,Unable to monitor tension in the mooring lines；S=2.6；O=3.2；D=2；RPN=13.5,"根据提供的上下文，没有直接找到“Monitoring system fails”这一失效模式的具体信息。但可以参考类似的情况进行推测： - 失效后果 / FailureEffect: Potential failure of landing platform - 严重度 / S: 2, 3.43, 4.17（取平均值约为 3.3） - 发生度 / O: 3 (与第三个案例相同) - 可探测度 / D: 3 (与第三个案例相同) - 风险优先数 / RPN: 41.17 (与第三个案例相同) 因此，“Monitoring system fails”的后果为潜在的平台故障，S/O/D/RPN 分别约为 3.3、3、3 和 41.17。",错误,0.2,1641.7,语义RAG,0.0,0.2,1,0.2,3,Unable to monitor tension in the mooring lines,2.6；3.2；13.5,2.0,,3.3；3.3,Unable to monitor tension in the mooring lines,2.6；3.2；2.0；13.5,潜在失效模式；潜在失效后果；严酷度(S)；发生度(O)；可探测度(D)；风险优先数(RPN),81,
1345,1345,baseline模型,baseline兼容旧逻辑,风险影响评估类,失效现象查完整风险画像,完整风险画像,,,困难,请评估“Mooring line breakage”这类故障：后果、S/O/D/RPN分别是什么？,Mooring line strength decrease or broken；S=4；O=2.4；D=3.2；RPN=28.8,后果 / FailureEffect: Mooring line strength decrease or broken S / severity: 4 O / occurrence: 2.4 D / detection: 3.2 RPN: 28.8,正确,1.0,846.71,语义RAG,1.0,1.0,0,1.0,3,,,4.0；2.4；3.2；28.8,,,Mooring line strength decrease or broken,4.0；2.4；3.2；28.8,潜在失效模式；潜在失效后果；严酷度(S)；发生度(O)；可探测度(D)；风险优先数(RPN),82,
1346,1346,baseline模型,baseline兼容旧逻辑,风险影响评估类,失效现象查完整风险画像,完整风险画像,,,困难,请评估“Mooring Line Corrosion”这类故障：后果、S/O/D/RPN分别是什么？,Mooring line strength decrease or broken；S=3.6；O=2.8；D=3；RPN=29.2,根据提供的上下文，没有找到关于“Mooring Line Corrosion”的相关信息。因此，我无法给出其后果、S/O/D/RPN的具体数值。 若需要评估此类故障，请提供相关FMEA信息或补充完整数据。,错误,0.0,874.17,语义RAG,0.0,0.2,0,0.2,3,Mooring line strength decrease or broken,3.6；2.8；3.0；29.2,,,,Mooring line strength decrease or broken,3.6；2.8；3.0；29.2,潜在失效模式；潜在失效后果；严酷度(S)；发生度(O)；可探测度(D)；风险优先数(RPN),85,
1347,1347,baseline模型,baseline兼容旧逻辑,风险影响评估类,失效现象查完整风险画像,完整风险画像,,,困难,请评估“Mooring Line Fatigue”这类故障：后果、S/O/D/RPN分别是什么？,Mooring line strength decrease or broken；S=3.6；O=2.8；D=3；RPN=29.6,根据提供的上下文信息，没有找到关于“Mooring Line Fatigue”的具体FMEA记录。因此，无法直接提供该故障的后果、严重度（S）、发生度（O）、可探测度（D）和风险优先数（RPN）。,错误,0.0,723.32,语义RAG,0.0,0.2,0,0.2,3,Mooring line strength decrease or broken,3.6；2.8；3.0；29.6,,,,Mooring line strength decrease or broken,3.6；2.8；3.0；29.6,潜在失效模式；潜在失效后果；严酷度(S)；发生度(O)；可探测度(D)；风险优先数(RPN),86,
1348,1348,baseline模型,baseline兼容旧逻辑,风险影响评估类,失效现象查完整风险画像,完整风险画像,,,困难,请评估“Mooring line wear”这类故障：后果、S/O/D/RPN分别是什么？,Mooring line strength decrease or broken；S=3.6；O=2.8；D=3.6；RPN=35.6,"后果 / FailureEffect: Mooring line strength decrease or broken S / severity: 3.6 O / occurrence: 2.4, 2.8, 2 D / detection: 3.6, 3.6, 3.6 RPN: 31.6, 35.6, 26.4",正确,1.0,1118.35,语义RAG,1.0,1.0,0,1.0,3,,,3.6；2.8；3.6；3.6；3.6；35.6,,,Mooring line strength decrease or broken,3.6；2.8；3.6；35.6,潜在失效模式；潜在失效后果；严酷度(S)；发生度(O)；可探测度(D)；风险优先数(RPN),88,
1349,1349,baseline模型,baseline兼容旧逻辑,风险影响评估类,失效现象查完整风险画像,完整风险画像,,,困难,请评估“Mooring lines broken”这类故障：后果、S/O/D/RPN分别是什么？,Asset not in correct location or position；S=4；O=2.4；D=2.6；RPN=24.8,"失效后果 / FailureEffect: Mooring line strength decrease or broken 严重度 / S: 4 发生度 / O: [2, 2.4] 可探测度 / D: [3, 3.2] 风险优先数 / RPN: [24, 20, 28.8]",错误,0.4,1018.36,语义RAG,0.0,0.6,0,0.6,3,Asset not in correct location or position,2.6；24.8,4.0；2.4,,,Asset not in correct location or position,4.0；2.4；2.6；24.8,潜在失效模式；潜在失效后果；严酷度(S)；发生度(O)；可探测度(D)；风险优先数(RPN),91,
1350,1350,baseline模型,baseline兼容旧逻辑,风险影响评估类,失效现象查完整风险画像,完整风险画像,,,困难,请评估“Mooring winch failure”这类故障：后果、S/O/D/RPN分别是什么？,Asset not in correct location or position；S=4；O=2；D=2.8；RPN=21.6,失效模式 / FailureMode: Mooring winch failure [1] 失效后果 / FailureEffect: Asset not in correct location or position 严重度 / S: 4 发生度 / O: 2 可探测度 / D: 3.2 和 2.8（取平均值为 3） 风险优先数 / RPN: 25.6 和 21.6（取平均值为 23.6）,正确,1.0,1258.55,语义RAG,1.0,1.0,0,1.0,3,,,4.0；2.0；2.8；21.6,,,Asset not in correct location or position,4.0；2.0；2.8；21.6,潜在失效模式；潜在失效后果；严酷度(S)；发生度(O)；可探测度(D)；风险优先数(RPN),95,
1351,1351,baseline模型,baseline兼容旧逻辑,风险影响评估类,失效现象查完整风险画像,完整风险画像,,,困难,请评估“accelerated mechanical fatigue”这类故障：后果、S/O/D/RPN分别是什么？,Structural damage - cable composition weakening；S=4.2；O=2.2；D=3.75；RPN=30.25,失效后果 / FailureEffect / effect / result / consequence / 结果 / 后果 / 会怎样: Structural damage - cable composition weakening 严重度 / S / severity: 4.2 发生度 / O / occurrence: 2.2 可探测度 / D / detection / 能查出来的分: 3.75 风险优先数 / RPN / risk score / 风险数 / 危险分 / 分数: 30.25,正确,1.0,1335.81,语义RAG,0.3333,1.0,0,1.0,3,,,4.2；2.2；3.75；30.25,,,Structural damage - cable composition weakening,4.2；2.2；3.75；30.25,潜在失效模式；潜在失效后果；严酷度(S)；发生度(O)；可探测度(D)；风险优先数(RPN),97,
1352,1352,baseline模型,baseline兼容旧逻辑,风险影响评估类,失效现象查完整风险画像,完整风险画像,,,困难,请评估“anchoring damages”这类故障：后果、S/O/D/RPN分别是什么？,Structural integrity damage - extra stress on cables；S=4.2；O=1.6；D=2.4；RPN=20,后果 / FailureEffect: Structural integrity damage - extra stress on cables 严重度 / S: 4.2 发生度 / O: 1.6 可探测度 / D: 2.4 风险优先数 / RPN: 20,正确,1.0,883.4,语义RAG,0.3333,1.0,0,1.0,3,,,4.2；1.6；2.4；20.0,,,Structural integrity damage - extra stress on cables,4.2；1.6；2.4；20.0,潜在失效模式；潜在失效后果；严酷度(S)；发生度(O)；可探测度(D)；风险优先数(RPN),98,
1353,1353,baseline模型,baseline兼容旧逻辑,风险影响评估类,失效现象查完整风险画像,完整风险画像,,,困难,请评估“Cable Damage”这类故障：后果、S/O/D/RPN分别是什么？,Operational disruption；S=2.67；O=3；D=3；RPN=32,"根据上下文，""Cable Damage"" 这类故障的具体信息如下： - 后果 / FailureEffect: Cable damage - operational disruption - 严重度 / S: 3.2 - 发生度 / O: 2 - 可探测度 / D: 3.2 - 风险优先数 / RPN: 16",错误,0.2,1113.21,语义RAG,0.3333,0.6,0,0.6,3,,2.67；3.0；3.0；32.0,,,,Operational disruption,2.67；3.0；3.0；32.0,潜在失效模式；潜在失效后果；严酷度(S)；发生度(O)；可探测度(D)；风险优先数(RPN),99,
1354,1354,baseline模型,baseline兼容旧逻辑,风险影响评估类,失效现象查完整风险画像,完整风险画像,,,困难,请评估“Corrosion of J-tube”这类故障：后果、S/O/D/RPN分别是什么？,J-tube degradation affecting cable integrity；S=2.8；O=2.8；D=3.2；RPN=22.5,"后果 / FailureEffect: J-tube degradation affecting cable integrity 严重度 / S: 3.2, 2.8 发生度 / O: 2, 2.8 可探测度 / D: 3.4, 3.2 风险优先数 / RPN: 15, 22.5",正确,1.0,1041.12,语义RAG,1.0,1.0,0,1.0,3,,,3.2；2.8；2.8；3.2；22.5,,,J-tube degradation affecting cable integrity,2.8；2.8；3.2；22.5,潜在失效模式；潜在失效后果；严酷度(S)；发生度(O)；可探测度(D)；风险优先数(RPN),100,
1355,1355,baseline模型,baseline兼容旧逻辑,风险影响评估类,失效现象查完整风险画像,完整风险画像,,,困难,请评估“Crushing or deformation”这类故障：后果、S/O/D/RPN分别是什么？,Structural damage - cable weakening；S=3.8；O=1.8；D=3.2；RPN=24,"根据提供的上下文，没有直接关于“Crushing or deformation”的失效模式信息。因此无法直接给出其后果、S/O/D/RPN的具体数值。 若要进行类似评估，可以参考以下几种情况： 1. 结构塑性变形（Structural plastic deformation）： - 后果 / FailureEffect: Local stress accumulation - 严重度 / S: 3.67 - 发生度 / O: [2.33, 2.67] - 可探测度 / D: 3 - 风险优先数 / RPN: [28, 24] 2. 设计阶段的塑性变形（Plastic deformation due to design phase）： - 后果 / FailureEffect: Potential collapse - 严重度 / S: 4.4 - 发生度 / O: 2.2 - 可探测度 / D: 2.8 - 风险优先数 / RPN: 18 请注意，这些数据仅供参考，“Crushing or deformation”可能具有不同的严重度、发生度和可探测度。实际评估时需要根据具体情况调整。",错误,0.2,2522.78,语义RAG,0.0,0.2,1,0.2,3,Structural damage - cable weakening,3.8；1.8；3.2,24.0,,2.0,Structural damage - cable weakening,3.8；1.8；3.2；24.0,潜在失效模式；潜在失效后果；严酷度(S)；发生度(O)；可探测度(D)；风险优先数(RPN),102,
1356,1356,baseline模型,baseline兼容旧逻辑,风险影响评估类,失效现象查完整风险画像,完整风险画像,,,困难,请评估“damage and corrosion of mechanical parts”这类故障：后果、S/O/D/RPN分别是什么？,High risk of fault on the cable - total loss of the line Prodution loss on the string；S=3.2；O=1.75；D=3.5；RPN=24,后果 / FailureEffect: High risk of fault on the cable - total loss of the line Prodution loss on the string 严重度 / S: 3.2 发生度 / O: 1.75 可探测度 / D: 3.5 风险优先数 / RPN: 24,正确,1.0,1000.28,语义RAG,0.3333,1.0,0,1.0,3,,,3.2；1.75；3.5；24.0,,,High risk of fault on the cable - total loss of the line Prodution loss on the string,3.2；1.75；3.5；24.0,潜在失效模式；潜在失效后果；严酷度(S)；发生度(O)；可探测度(D)；风险优先数(RPN),103,
1357,1357,baseline模型,baseline兼容旧逻辑,风险影响评估类,失效现象查完整风险画像,完整风险画像,,,困难,请评估“Debris disturbance”这类故障：后果、S/O/D/RPN分别是什么？,Cable damage - operational disruption；S=3.2；O=2；D=3.2；RPN=16,后果 / FailureEffect: Cable damage - operational disruption 严重度 / S: 3.2 发生度 / O: 2 可探测度 / D: 3.2 风险优先数 / RPN: 16,正确,1.0,820.01,语义RAG,0.3333,1.0,0,1.0,3,,,3.2；2.0；3.2；16.0,,,Cable damage - operational disruption,3.2；2.0；3.2；16.0,潜在失效模式；潜在失效后果；严酷度(S)；发生度(O)；可探测度(D)；风险优先数(RPN),104,
1358,1358,baseline模型,baseline兼容旧逻辑,风险影响评估类,失效现象查完整风险画像,完整风险画像,,,困难,请评估“Detachment”这类故障：后果、S/O/D/RPN分别是什么？,cable disconnection - water penetration - Power loss；S=4.4；O=2；D=2.4；RPN=18.5,根据提供的上下文，没有找到关于“Detachment”的具体信息。因此，无法直接给出其后果、S/O/D/RPN的具体数值。 若要进行此类评估，需要额外的FMEA数据来确定“Detachment”相关的失效模式、严重度（S）、发生度（O）和可探测度（D），进而计算风险优先数（RPN）。,错误,0.0,1105.3,语义RAG,0.0,0.2,0,0.2,3,cable disconnection - water penetration - Power loss,4.4；2.0；2.4；18.5,,,,cable disconnection - water penetration - Power loss,4.4；2.0；2.4；18.5,潜在失效模式；潜在失效后果；严酷度(S)；发生度(O)；可探测度(D)；风险优先数(RPN),105,
1359,1359,baseline模型,baseline兼容旧逻辑,风险影响评估类,失效现象查完整风险画像,完整风险画像,,,困难,请评估“Failure of end termination”这类故障：后果、S/O/D/RPN分别是什么？,breakdown of insulation；S=3.6；O=2.6；D=2.8；RPN=25.2,后果 = breakdown of insulation S = 3.6 O = 2.8 D = 2.8 RPN = 27.6,错误,0.6,737.09,语义RAG,1.0,1.0,0,1.0,3,,2.6；25.2,3.6；2.8；2.8,,,breakdown of insulation,3.6；2.6；2.8；25.2,潜在失效模式；潜在失效后果；严酷度(S)；发生度(O)；可探测度(D)；风险优先数(RPN),106,
1360,1360,baseline模型,baseline兼容旧逻辑,风险影响评估类,失效现象查完整风险画像,完整风险画像,,,困难,请评估“Failure of fixing clamps”这类故障：后果、S/O/D/RPN分别是什么？,Cable damage - exposure to elements；S=3.6；O=2.6；D=3；RPN=28,失效后果 / FailureEffect / effect / result / consequence / 结果 / 后果 / 会怎样: Cable damage - exposure to elements 严重度 / S / severity: 3.6 发生度 / O / occurrence: 2.6 可探测度 / D / detection / 能查出来的分: 3 风险优先数 / RPN / risk score / 风险数 / 危险分 / 分数: 28,正确,1.0,1268.23,语义RAG,0.3333,1.0,0,1.0,3,,,3.6；2.6；3.0；28.0,,,Cable damage - exposure to elements,3.6；2.6；3.0；28.0,潜在失效模式；潜在失效后果；严酷度(S)；发生度(O)；可探测度(D)；风险优先数(RPN),109,
1361,1361,baseline模型,baseline兼容旧逻辑,风险影响评估类,失效现象查完整风险画像,完整风险画像,,,困难,请评估“Failure of insulations”这类故障：后果、S/O/D/RPN分别是什么？,Fault in the cable - power disruption；S=4.4；O=2.2；D=2.8；RPN=25.6,后果=Fault in the cable - power disruption; 风险优先数 / RPN = 25.6; 严重度 / S = 4.4; 发生度 / O = 2.2; 可探测度 / D = 2.8。,正确,1.0,928.99,语义RAG,0.6667,1.0,0,1.0,3,,,25.6；4.4；2.2；2.8,,,Fault in the cable - power disruption,4.4；2.2；2.8；25.6,潜在失效模式；潜在失效后果；严酷度(S)；发生度(O)；可探测度(D)；风险优先数(RPN),110,
1362,1362,baseline模型,baseline兼容旧逻辑,风险影响评估类,失效现象查完整风险画像,完整风险画像,,,困难,请评估“Failure of sheath”这类故障：后果、S/O/D/RPN分别是什么？,Fault in the cable - exposure to elements；S=4.2；O=2.4；D=3；RPN=31.6,后果 / FailureEffect: Fault in the cable - exposure to elements 严重度 / S: 4.2 发生度 / O: 2.4 可探测度 / D: 3 风险优先数 / RPN: 31.6,正确,1.0,884.26,语义RAG,0.6667,1.0,0,1.0,3,,,4.2；2.4；3.0；31.6,,,Fault in the cable - exposure to elements,4.2；2.4；3.0；31.6,潜在失效模式；潜在失效后果；严酷度(S)；发生度(O)；可探测度(D)；风险优先数(RPN),111,
1363,1363,baseline模型,baseline兼容旧逻辑,风险影响评估类,失效现象查完整风险画像,完整风险画像,,,困难,请评估“Failure of watertightness”这类故障：后果、S/O/D/RPN分别是什么？,Reduced or interupted electricity flow；S=4.2；O=2.6；D=3；RPN=30.2,"失效模式 / FailureMode: Failure of watertightness 风险优先数 / RPN: 30.2, 27.8 严重度 / S: 4.2 发生度 / O: 2.6, 2 可探测度 / D: 3, 3.6",错误,0.8,1032.07,语义RAG,0.6667,1.0,0,1.0,3,Reduced or interupted electricity flow,,30.2；4.2；2.6；3.0,,,Reduced or interupted electricity flow,4.2；2.6；3.0；30.2,潜在失效模式；潜在失效后果；严酷度(S)；发生度(O)；可探测度(D)；风险优先数(RPN),112,
1364,1364,baseline模型,baseline兼容旧逻辑,风险影响评估类,失效现象查完整风险画像,完整风险画像,,,困难,请评估“failures of conductors”这类故障：后果、S/O/D/RPN分别是什么？,Electrical faults - loss of production；S=4.2；O=2.4；D=2.4；RPN=25,后果 / FailureEffect: Electrical faults - loss of production 严重度 / S: 4.2 发生度 / O: 2.4 可探测度 / D: 2.4 风险优先数 / RPN: 25,正确,1.0,813.1,语义RAG,0.6667,1.0,0,1.0,3,,,4.2；2.4；2.4；25.0,,,Electrical faults - loss of production,4.2；2.4；2.4；25.0,潜在失效模式；潜在失效后果；严酷度(S)；发生度(O)；可探测度(D)；风险优先数(RPN),114,
1365,1365,baseline模型,baseline兼容旧逻辑,风险影响评估类,失效现象查完整风险画像,完整风险画像,,,困难,请评估“Fatigue Cracks”这类故障：后果、S/O/D/RPN分别是什么？,Crack may evolve in a fault of the cable - Cable weakening；S=4.2；O=2.4；D=3.6；RPN=35.6,根据提供的上下文，没有找到关于“Fatigue Cracks”的具体信息。因此，我无法给出其后果、S/O/D/RPN的具体数值。 若需评估“Fatigue Cracks”，建议参考类似失效模式的数据进行类比分析，并结合实际项目情况进行调整。,错误,0.0,953.38,语义RAG,0.0,0.0,0,0.0,3,Crack may evolve in a fault of the cable - Cable weakening,4.2；2.4；3.6；35.6,,,,Crack may evolve in a fault of the cable - Cable weakening,4.2；2.4；3.6；35.6,潜在失效模式；潜在失效后果；严酷度(S)；发生度(O)；可探测度(D)；风险优先数(RPN),115,
1366,1366,baseline模型,baseline兼容旧逻辑,风险影响评估类,失效现象查完整风险画像,完整风险画像,,,困难,请评估“Geo-Hazards”这类故障：后果、S/O/D/RPN分别是什么？,"Cable damage, production disruption；S=4.6；O=1.4；D=3.5；RPN=32",根据提供的上下文信息，没有直接提到“Geo-Hazards”相关的失效模式、失效原因等详细内容。因此无法直接给出其后果、S/O/D/RPN的具体数值。 若要评估“Geo-Hazards”，需要具体分析该类故障的失效模式、失效原因及其对系统的影响程度。根据现有信息，可以参考其他类似失效模式的数据进行估算，但这些数据仅供参考，并非针对“Geo-Hazards”的确切值。 例如： - 后果 / FailureEffect: 可能为“Cable damage - operational disruption”或类似的结构损坏和功能中断。 - 严重度 / S: 需根据具体影响评估，可能在3.2到4.43之间。 - 发生度 / O: 根据历史数据或类似情况，可能在1.8到2之间。 - 可探测度 / D: 同样需要具体分析，可能在3到3.2之间。 RPN = S * O * D 由于没有具体的“Geo-Hazards”数据，以上仅为示例估算。,错误,0.0,2344.86,语义RAG,0.0,0.0,0,0.0,3,"Cable damage, production disruption",4.6；1.4；3.5；32.0,,,,"Cable damage, production disruption",4.6；1.4；3.5；32.0,潜在失效模式；潜在失效后果；严酷度(S)；发生度(O)；可探测度(D)；风险优先数(RPN),116,
1367,1367,baseline模型,baseline兼容旧逻辑,风险影响评估类,失效现象查完整风险画像,完整风险画像,,,困难,请评估“Loss of dynamic positioning”这类故障：后果、S/O/D/RPN分别是什么？,Cables stress；S=3.4；O=2.6；D=3；RPN=26,后果 / FailureEffect: Cables stress 严重度 / S: 3.4 发生度 / O: 2.6 可探测度 / D: 3 风险优先数 / RPN: 26,正确,1.0,822.47,语义RAG,0.3333,1.0,0,1.0,3,,,3.4；2.6；3.0；26.0,,,Cables stress,3.4；2.6；3.0；26.0,潜在失效模式；潜在失效后果；严酷度(S)；发生度(O)；可探测度(D)；风险优先数(RPN),117,
1368,1368,baseline模型,baseline兼容旧逻辑,风险影响评估类,失效现象查完整风险画像,完整风险画像,,,困难,请评估“Loss of float bility (water adsorption)”这类故障：后果、S/O/D/RPN分别是什么？,S=3.5；O=2.5；D=3；RPN=24,后果 / FailureEffect: 未记录 风险优先数 / RPN: 24 严重度 / S: 3.5 发生度 / O: 2.5 可探测度 / D: 3,正确,1.0,838.02,语义RAG,0.6667,1.0,0,1.0,3,,,24.0；3.5；2.5；3.0,,,,3.5；2.5；3.0；24.0,潜在失效模式；潜在失效后果；严酷度(S)；发生度(O)；可探测度(D)；风险优先数(RPN),118,
1369,1369,baseline模型,baseline兼容旧逻辑,风险影响评估类,失效现象查完整风险画像,完整风险画像,,,困难,请评估“material degradation”这类故障：后果、S/O/D/RPN分别是什么？,Weakening of cable materials - loss of production；S=4.4；O=1.8；D=3；RPN=18.5,后果 / FailureEffect: Weakening of cable materials - loss of production 严重度 / S: 4.4 发生度 / O: 1.8 可探测度 / D: 3 风险优先数 / RPN: 18.5,正确,1.0,928.57,语义RAG,0.3333,1.0,0,1.0,3,,,4.4；1.8；3.0；18.5,,,Weakening of cable materials - loss of production,4.4；1.8；3.0；18.5,潜在失效模式；潜在失效后果；严酷度(S)；发生度(O)；可探测度(D)；风险优先数(RPN),119,
1370,1370,baseline模型,baseline兼容旧逻辑,风险影响评估类,失效现象查完整风险画像,完整风险画像,,,困难,请评估“Mechanical degradation”这类故障：后果、S/O/D/RPN分别是什么？,S=2.5；O=1.75；D=2.5；RPN=12,根据上下文，没有直接找到“Mechanical degradation”这一失效模式的具体信息。因此无法提供其后果、S/O/D/RPN的值。 若需评估“Mechanical degradation”，建议参考类似失效模式的数据进行类比分析，或者查找相关具体数据。,错误,0.0,765.32,语义RAG,0.0,0.25,0,0.25,3,,2.5；1.75；2.5；12.0,,,,,2.5；1.75；2.5；12.0,潜在失效模式；潜在失效后果；严酷度(S)；发生度(O)；可探测度(D)；风险优先数(RPN),120,
1371,1371,baseline模型,baseline兼容旧逻辑,风险影响评估类,失效现象查完整风险画像,完整风险画像,,,困难,请评估“Movement of CPS due to scour/seabed mobility”这类故障：后果、S/O/D/RPN分别是什么？,Cable being vulnerable to scour and need for repair or replacement；S=3.8；O=2.2；D=4.4；RPN=38.4,"后果 / FailureEffect: Cable being vulnerable to scour and need for repair or replacement 严重度 / S: 3.8 发生度 / O: 2.6, 2.8, 2.2 可探测度 / D: 4.4 风险优先数 / RPN: 44, 41.6, 38.4",正确,1.0,1119.03,语义RAG,1.0,1.0,0,1.0,3,,,3.8；2.2；4.4；38.4,,,Cable being vulnerable to scour and need for repair or replacement,3.8；2.2；4.4；38.4,潜在失效模式；潜在失效后果；严酷度(S)；发生度(O)；可探测度(D)；风险优先数(RPN),121,
1372,1372,baseline模型,baseline兼容旧逻辑,风险影响评估类,失效现象查完整风险画像,完整风险画像,,,困难,请评估“Premature damage of outer protection layer”这类故障：后果、S/O/D/RPN分别是什么？,"Structural damage - cable weakening, exposure to elements；S=3.6；O=2.2；D=3.75；RPN=29","后果 / FailureEffect: Structural damage - cable weakening, exposure to elements 严重度 / S: 3.6 发生度 / O: 2.2 可探测度 / D: 3.75 风险优先数 / RPN: 29",正确,1.0,943.95,语义RAG,0.3333,1.0,0,1.0,3,,,3.6；2.2；3.75；29.0,,,"Structural damage - cable weakening, exposure to elements",3.6；2.2；3.75；29.0,潜在失效模式；潜在失效后果；严酷度(S)；发生度(O)；可探测度(D)；风险优先数(RPN),124,
1373,1373,baseline模型,baseline兼容旧逻辑,风险影响评估类,失效现象查完整风险画像,完整风险画像,,,困难,请评估“Reduced sediment cover lower than designed value for protection”这类故障：后果、S/O/D/RPN分别是什么？,"need for re-burial, change of cable protection requirement or even replacement of cable；S=3.6；O=2.4；D=3.8；RPN=28.6","后果: need for re-burial, change of cable protection requirement or even replacement of cable S: 3.6 O: 2.2 D: 4.2 RPN: 29.6",错误,0.4,827.86,语义RAG,1.0,1.0,0,1.0,3,,2.4；3.8；28.6,3.6,,,"need for re-burial, change of cable protection requirement or even replacement of cable",3.6；2.4；3.8；28.6,潜在失效模式；潜在失效后果；严酷度(S)；发生度(O)；可探测度(D)；风险优先数(RPN),125,
1374,1374,baseline模型,baseline兼容旧逻辑,风险影响评估类,失效现象查完整风险画像,完整风险画像,,,困难,请评估“Small bending radius”这类故障：后果、S/O/D/RPN分别是什么？,Cable damage - insulation degradation；S=3.4；O=2.6；D=3.2；RPN=28.6,后果 / FailureEffect: Cable damage - insulation degradation 严重度 / S: 3.4 发生度 / O: 2.6 可探测度 / D: 3.2 风险优先数 / RPN: 28.6,正确,1.0,898.45,语义RAG,0.3333,1.0,0,1.0,3,,,3.4；2.6；3.2；28.6,,,Cable damage - insulation degradation,3.4；2.6；3.2；28.6,潜在失效模式；潜在失效后果；严酷度(S)；发生度(O)；可探测度(D)；风险优先数(RPN),128,
1375,1375,baseline模型,baseline兼容旧逻辑,风险影响评估类,fmea_id_to_risk_profile,风险后果查询,,,中等,查一下FMEA编号DC31的严重度S、发生度O、探测度D和RPN。,S=3.6；O=2.2；D=4.2；RPN=29.6。,严重度 / S: 3.4 发生度 / O: 2.6 可探测度 / D: 3 风险优先数 / RPN: 26,错误,0.0,766.57,语义RAG,0.0,0.25,0,,3,,3.6；2.2；4.2；29.6,,,,,3.6；2.2；4.2；29.6,FMEA编号；严酷度(S)；发生度(O)；可探测度(D)；风险优先数(RPN),127,
1376,1376,baseline模型,baseline兼容旧逻辑,风险影响评估类,fmea_id_to_risk_profile,风险后果查询,,,中等,FMEA编号DC32这条FMEA风险画像是什么，后果和RPN是多少？,潜在失效后果：Cable damage - insulation degradation；RPN=28.6。,FMEA编号 DC32 这条 FMEA 风险画像的失效模式为 Structural plastic deformation [11]，后果为 Local stress accumulation，RPN 为 24.17。,错误,0.0,789.18,语义RAG,0.0,0.0,0,,3,Cable damage - insulation degradation,28.6,,,,Cable damage - insulation degradation,28.6,FMEA编号；潜在失效后果；风险优先数(RPN),128,
1377,1377,baseline模型,baseline兼容旧逻辑,风险影响评估类,fmea_id_to_risk_profile,风险后果查询,,,中等,FMEA编号TO1这条记录，影响是什么，风险优先数是多少？,潜在失效后果：Excessive Fatigue Life Consumption；RPN=33.33。,影响是Loss of dynamic positioning，风险优先数是26。,错误,0.0,538.45,语义RAG,0.0,0.0,0,,3,Excessive Fatigue Life Consumption,33.33,,,,Excessive Fatigue Life Consumption,33.33,FMEA编号；潜在失效后果；风险优先数(RPN),0,
1378,1378,baseline模型,baseline兼容旧逻辑,风险影响评估类,fmea_id_to_risk_profile,风险后果查询,,,中等,FMEA编号TO2的S、O、D、RPN分别是多少？,S=4.4；O=3；D=2.5；RPN=33.33。,S：4.67 O：1.33 D：3.6 RPN：33.4,错误,0.0,638.37,语义RAG,0.0,0.25,0,,3,,4.4；3.0；2.5；33.33,,,,,4.4；3.0；2.5；33.33,FMEA编号；严酷度(S)；发生度(O)；可探测度(D)；风险优先数(RPN),1,
1379,1379,baseline模型,baseline兼容旧逻辑,风险影响评估类,fmea_id_to_risk_profile,风险后果查询,,,中等,FMEA编号TO3这条记录的风险分和SOD给我看一下。,S=3.75；O=2.2；D=3；RPN=12.67。,风险优先数 / RPN: 24.17 严重度 / S: 4.43 发生度 / O: 2 可探测度 / D: 3,错误,0.25,758.84,语义RAG,0.0,0.25,0,,3,,3.75；2.2；12.67,3.0,,,,3.75；2.2；3.0；12.67,FMEA编号；严酷度(S)；发生度(O)；可探测度(D)；风险优先数(RPN),2,
1380,1380,baseline模型,baseline兼容旧逻辑,风险影响评估类,fmea_id_to_risk_profile,风险后果查询,,,中等,查一下FMEA编号TO4的严重度S、发生度O、探测度D和RPN。,S=4.2；O=2；D=3；RPN=31。,根据上下文，没有找到FMEA编号TO4的相关信息，因此无法提供其严重度S、发生度O、探测度D和RPN的具体数值。,错误,0.0,742.55,语义RAG,0.0,0.25,0,,3,,4.2；2.0；3.0；31.0,,,,,4.2；2.0；3.0；31.0,FMEA编号；严酷度(S)；发生度(O)；可探测度(D)；风险优先数(RPN),3,
1381,1381,baseline模型,baseline兼容旧逻辑,风险影响评估类,fmea_id_to_risk_profile,风险后果查询,,,中等,FMEA编号TO5这条FMEA风险画像是什么，后果和RPN是多少？,潜在失效后果：Failure of whole facility and vast economic loses；RPN=26。,FMEA编号 TO5 这条 FMEA 风险画像的失效模式为 Structural plastic deformation [11]，后果为 Local stress accumulation，RPN 为 24.17。,错误,0.0,830.27,语义RAG,0.0,0.0,0,,3,Failure of whole facility and vast economic loses,26.0,,,,Failure of whole facility and vast economic loses,26.0,FMEA编号；潜在失效后果；风险优先数(RPN),4,
1382,1382,baseline模型,baseline兼容旧逻辑,风险影响评估类,fmea_id_to_risk_profile,风险后果查询,,,中等,FMEA编号TO6这条记录，影响是什么，风险优先数是多少？,潜在失效后果：Failure of whole facility and vast economic loses；RPN=25.25。,这条记录没有提供具体的FMEA编号为TO6的信息。根据提供的上下文，没有找到与TO6相关的失效模式、风险优先数等信息。,错误,0.0,687.28,语义RAG,0.0,0.0,0,,3,Failure of whole facility and vast economic loses,25.25,,,,Failure of whole facility and vast economic loses,25.25,FMEA编号；潜在失效后果；风险优先数(RPN),5,
1383,1383,baseline模型,baseline兼容旧逻辑,风险影响评估类,fmea_id_to_risk_profile,风险后果查询,,,中等,FMEA编号TO7的S、O、D、RPN分别是多少？,S=4.4；O=2.8；D=3.2；RPN=30。,S：4.25 O：2.25 D：3.25 RPN：33,错误,0.0,664.06,语义RAG,0.0,0.0,0,,3,,4.4；2.8；3.2；30.0,,,,,4.4；2.8；3.2；30.0,FMEA编号；严酷度(S)；发生度(O)；可探测度(D)；风险优先数(RPN),6,
1384,1384,baseline模型,baseline兼容旧逻辑,风险影响评估类,fmea_id_to_risk_profile,风险后果查询,,,中等,FMEA编号TO8这条记录的风险分和SOD给我看一下。,S=4；O=2.25；D=3.67；RPN=21.8。,风险优先数 / RPN: 24.17 严重度 / S: 4.43 发生度 / O: 2 可探测度 / D: 3,错误,0.0,777.87,语义RAG,0.0,0.0,0,,3,,4.0；2.25；3.67；21.8,,,,,4.0；2.25；3.67；21.8,FMEA编号；严酷度(S)；发生度(O)；可探测度(D)；风险优先数(RPN),7,
1385,1385,baseline模型,baseline兼容旧逻辑,风险影响评估类,fmea_id_to_risk_profile,风险后果查询,,,中等,查一下FMEA编号TO9的严重度S、发生度O、探测度D和RPN。,S=4；O=2.25；D=3.67；RPN=38。,根据上下文，没有找到FMEA编号为TO9的相关信息，因此无法提供具体的严重度S、发生度O、探测度D和RPN值。,错误,0.0,728.95,语义RAG,0.0,0.25,0,,3,,4.0；2.25；3.67；38.0,,,,,4.0；2.25；3.67；38.0,FMEA编号；严酷度(S)；发生度(O)；可探测度(D)；风险优先数(RPN),8,
1386,1386,baseline模型,baseline兼容旧逻辑,风险影响评估类,fmea_id_to_risk_profile,风险后果查询,,,中等,FMEA编号TO10这条FMEA风险画像是什么，后果和RPN是多少？,潜在失效后果：Potential collapse；RPN=40。,FMEA编号TO10这条FMEA风险画像的失效模式为Structural plastic deformation [11]，后果为Local stress accumulation，RPN为24.17。,错误,0.0,725.33,语义RAG,0.0,0.0,0,,3,Potential collapse,40.0,,,,Potential collapse,40.0,FMEA编号；潜在失效后果；风险优先数(RPN),9,
1387,1387,baseline模型,baseline兼容旧逻辑,风险影响评估类,fmea_id_to_risk_profile,风险后果查询,,,中等,FMEA编号TO11这条记录，影响是什么，风险优先数是多少？,潜在失效后果：Potential collapse；RPN=33.33。,影响是Loss of dynamic positioning，风险优先数是26。,错误,0.0,530.15,语义RAG,0.0,0.0,0,,3,Potential collapse,33.33,,,,Potential collapse,33.33,FMEA编号；潜在失效后果；风险优先数(RPN),10,
1388,1388,baseline模型,baseline兼容旧逻辑,风险影响评估类,fmea_id_to_risk_profile,风险后果查询,,,中等,FMEA编号TO12的S、O、D、RPN分别是多少？,S=4；O=2.8；D=3.75；RPN=30。,S：4.25 O：2.25 D：3.25 RPN：33,错误,0.0,642.68,语义RAG,0.0,0.0,0,,3,,4.0；2.8；3.75；30.0,,,,,4.0；2.8；3.75；30.0,FMEA编号；严酷度(S)；发生度(O)；可探测度(D)；风险优先数(RPN),11,
1389,1389,baseline模型,baseline兼容旧逻辑,风险影响评估类,fmea_id_to_risk_profile,风险后果查询,,,中等,FMEA编号TO13这条记录的风险分和SOD给我看一下。,S=3.75；O=3；D=2.67；RPN=40.75。,风险优先数 / RPN: 24.17 严重度 / S: 4.43 发生度 / O: 2 可探测度 / D: 3,错误,0.25,779.84,语义RAG,0.0,0.25,0,,3,,3.75；2.67；40.75,3.0,,,,3.75；3.0；2.67；40.75,FMEA编号；严酷度(S)；发生度(O)；可探测度(D)；风险优先数(RPN),12,
1390,1390,baseline模型,baseline兼容旧逻辑,风险影响评估类,fmea_id_to_risk_profile,风险后果查询,,,中等,查一下FMEA编号TO14的严重度S、发生度O、探测度D和RPN。,S=4.33；O=2；D=2.67；RPN=33.5。,不知道。上下文中没有提到FMEA编号为TO14的相关信息。,错误,0.0,531.1,语义RAG,0.0,0.0,0,,3,,4.33；2.0；2.67；33.5,,,,,4.33；2.0；2.67；33.5,FMEA编号；严酷度(S)；发生度(O)；可探测度(D)；风险优先数(RPN),13,
1391,1391,baseline模型,baseline兼容旧逻辑,风险影响评估类,fmea_id_to_risk_profile,风险后果查询,,,中等,FMEA编号TO15这条FMEA风险画像是什么，后果和RPN是多少？,潜在失效后果：Potential collapse；RPN=30。,FMEA编号 TO15 这条 FMEA 风险画像的失效模式为 Structural plastic deformation [11]，后果为 Local stress accumulation，RPN 为 24.17。,错误,0.0,793.16,语义RAG,0.0,0.0,0,,3,Potential collapse,30.0,,,,Potential collapse,30.0,FMEA编号；潜在失效后果；风险优先数(RPN),14,
1392,1392,baseline模型,baseline兼容旧逻辑,风险影响评估类,fmea_id_to_risk_profile,风险后果查询,,,中等,FMEA编号TO16这条记录，影响是什么，风险优先数是多少？,潜在失效后果：Failure of whole facility and vast economic loses；RPN=26。,影响是Loss of dynamic positioning，风险优先数是26。,错误,0.5,522.45,语义RAG,0.0,0.5,0,,3,Failure of whole facility and vast economic loses,,26.0,,,Failure of whole facility and vast economic loses,26.0,FMEA编号；潜在失效后果；风险优先数(RPN),15,
1393,1393,baseline模型,baseline兼容旧逻辑,风险影响评估类,fmea_id_to_risk_profile,风险后果查询,,,中等,FMEA编号TO17的S、O、D、RPN分别是多少？,S=3.8；O=2.4；D=3；RPN=25.5。,S：4.25 O：2.25 D：3.25 RPN：33,错误,0.0,645.65,语义RAG,0.0,0.25,0,,3,,3.8；2.4；3.0；25.5,,,,,3.8；2.4；3.0；25.5,FMEA编号；严酷度(S)；发生度(O)；可探测度(D)；风险优先数(RPN),16,
1394,1394,baseline模型,baseline兼容旧逻辑,风险影响评估类,fmea_id_to_risk_profile,风险后果查询,,,中等,FMEA编号TO18这条记录的风险分和SOD给我看一下。,S=4；O=2.4；D=3.25；RPN=33.33。,风险优先数 / RPN: 24.17 严重度 / S: 4.43 发生度 / O: 2 可探测度 / D: 3,错误,0.0,773.09,语义RAG,0.0,0.0,0,,3,,4.0；2.4；3.25；33.33,,,,,4.0；2.4；3.25；33.33,FMEA编号；严酷度(S)；发生度(O)；可探测度(D)；风险优先数(RPN),17,
1395,1395,baseline模型,baseline兼容旧逻辑,风险影响评估类,fmea_id_to_risk_profile,风险后果查询,,,中等,查一下FMEA编号TO19的严重度S、发生度O、探测度D和RPN。,S=4；O=1.5；D=2.67；RPN=23.33。,不知道。上下文中没有提到FMEA编号为TO19的信息。,错误,0.0,560.24,语义RAG,0.0,0.25,0,,3,,4.0；1.5；2.67；23.33,,,,,4.0；1.5；2.67；23.33,FMEA编号；严酷度(S)；发生度(O)；可探测度(D)；风险优先数(RPN),18,
1396,1396,baseline模型,baseline兼容旧逻辑,风险影响评估类,fmea_id_to_risk_profile,风险后果查询,,,中等,FMEA编号TO20这条FMEA风险画像是什么，后果和RPN是多少？,潜在失效后果：Failure of whole facility and vast economic loses；RPN=26.5。,FMEA编号 TO20 这条 FMEA 风险画像的失效模式为 Structural plastic deformation [11]，后果为 Local stress accumulation，RPN 为 24.17。,错误,0.0,812.99,语义RAG,0.0,0.0,0,,3,Failure of whole facility and vast economic loses,26.5,,,,Failure of whole facility and vast economic loses,26.5,FMEA编号；潜在失效后果；风险优先数(RPN),19,
1397,1397,baseline模型,baseline兼容旧逻辑,风险影响评估类,fmea_id_to_risk_profile,风险后果查询,,,中等,FMEA编号TO21这条记录，影响是什么，风险优先数是多少？,潜在失效后果：Failure of whole facility and vast economic loses；RPN=27。,影响是Loss of dynamic positioning，风险优先数是26。,错误,0.0,506.44,语义RAG,0.0,0.0,0,,3,Failure of whole facility and vast economic loses,27.0,,,,Failure of whole facility and vast economic loses,27.0,FMEA编号；潜在失效后果；风险优先数(RPN),20,
1398,1398,baseline模型,baseline兼容旧逻辑,风险影响评估类,fmea_id_to_risk_profile,风险后果查询,,,中等,FMEA编号TO22的S、O、D、RPN分别是多少？,S=4；O=2.25；D=3；RPN=25.67。,S：4.67 O：1.33 D：3.6 RPN：33.4,错误,0.0,653.35,语义RAG,0.0,0.5,0,,3,,4.0；2.25；3.0；25.67,,,,,4.0；2.25；3.0；25.67,FMEA编号；严酷度(S)；发生度(O)；可探测度(D)；风险优先数(RPN),21,
1399,1399,baseline模型,baseline兼容旧逻辑,风险影响评估类,fmea_id_to_risk_profile,风险后果查询,,,中等,FMEA编号TO23这条记录的风险分和SOD给我看一下。,S=4.4；O=2.2；D=2.8；RPN=18。,风险优先数 / RPN: 24.17 严重度 / S: 4.43 发生度 / O: 2 可探测度 / D: 3,错误,0.0,737.17,语义RAG,0.0,0.0,0,,3,,4.4；2.2；2.8；18.0,,,,,4.4；2.2；2.8；18.0,FMEA编号；严酷度(S)；发生度(O)；可探测度(D)；风险优先数(RPN),22,
1400,1400,baseline模型,baseline兼容旧逻辑,风险影响评估类,fmea_id_to_risk_profile,风险后果查询,,,中等,查一下FMEA编号TO24的严重度S、发生度O、探测度D和RPN。,S=5；O=1.5；D=3.33；RPN=21.33。,不知道。上下文中没有提到FMEA编号为TO24的相关信息。,错误,0.0,556.17,语义RAG,0.0,0.0,0,,3,,5.0；1.5；3.33；21.33,,,,,5.0；1.5；3.33；21.33,FMEA编号；严酷度(S)；发生度(O)；可探测度(D)；风险优先数(RPN),23,
1401,1401,baseline模型,baseline兼容旧逻辑,风险影响评估类,fmea_id_to_risk_profile,风险后果查询,,,中等,FMEA编号TP1这条FMEA风险画像是什么，后果和RPN是多少？,"潜在失效后果：Tower Unit collapse, Floater Unit damage；RPN=36.5。",FMEA编号 TP1 这条 FMEA 风险画像的失效模式为 Structural plastic deformation [11]，后果为 Local stress accumulation，RPN 为 24.17。,错误,0.0,792.11,语义RAG,0.0,0.0,0,,3,"Tower Unit collapse, Floater Unit damage",36.5,,,,"Tower Unit collapse, Floater Unit damage",36.5,FMEA编号；潜在失效后果；风险优先数(RPN),24,
1402,1402,baseline模型,baseline兼容旧逻辑,风险影响评估类,fmea_id_to_risk_profile,风险后果查询,,,中等,FMEA编号TP2这条记录，影响是什么，风险优先数是多少？,"潜在失效后果：tension failure (rupture), buckling of the transition piece/ Tower unit damage；RPN=33。",这条记录没有明确的FMEA编号为TP2的信息。根据提供的上下文，没有找到对应的FMEA编号TP2的相关信息，因此无法回答该问题。,错误,0.0,710.78,语义RAG,0.0,0.0,0,,3,"tension failure (rupture), buckling of the transition piece/ Tower unit damage",33.0,,,,"tension failure (rupture), buckling of the transition piece/ Tower unit damage",33.0,FMEA编号；潜在失效后果；风险优先数(RPN),25,
1403,1403,baseline模型,baseline兼容旧逻辑,风险影响评估类,fmea_id_to_risk_profile,风险后果查询,,,中等,FMEA编号TP3的S、O、D、RPN分别是多少？,S=4；O=2.5；D=3；RPN=32。,S：4.25 O：2.25 D：3.25 RPN：33,错误,0.0,638.41,语义RAG,0.0,0.25,0,,3,,4.0；2.5；3.0；32.0,,,,,4.0；2.5；3.0；32.0,FMEA编号；严酷度(S)；发生度(O)；可探测度(D)；风险优先数(RPN),26,
1404,1404,baseline模型,baseline兼容旧逻辑,风险影响评估类,fmea_id_to_risk_profile,风险后果查询,,,中等,FMEA编号TP4这条记录的风险分和SOD给我看一下。,S=3.5；O=2.5；D=3.75；RPN=29。,风险优先数 / RPN: 24.17 严重度 / S: 4.43 发生度 / O: 2 可探测度 / D: 3,错误,0.0,750.94,语义RAG,0.0,0.0,0,,3,,3.5；2.5；3.75；29.0,,,,,3.5；2.5；3.75；29.0,FMEA编号；严酷度(S)；发生度(O)；可探测度(D)；风险优先数(RPN),27,
1405,1405,baseline模型,baseline兼容旧逻辑,风险影响评估类,fmea_id_to_risk_profile,风险后果查询,,,中等,查一下FMEA编号TP5的严重度S、发生度O、探测度D和RPN。,S=5；O=2；D=2.67；RPN=31。,不知道。上下文中没有提到FMEA编号为TP5的相关信息。,错误,0.25,576.95,语义RAG,0.0,0.0,0,,3,,2.0；2.67；31.0,5.0,,,,5.0；2.0；2.67；31.0,FMEA编号；严酷度(S)；发生度(O)；可探测度(D)；风险优先数(RPN),28,
1406,1406,baseline模型,baseline兼容旧逻辑,风险影响评估类,fmea_id_to_risk_profile,风险后果查询,,,中等,FMEA编号TP6这条FMEA风险画像是什么，后果和RPN是多少？,潜在失效后果：potential tower connections failure；RPN=35.25。,FMEA编号 TP6 这条 FMEA 风险画像的失效模式为 Structural plastic deformation [11]，后果为 Local stress accumulation，RPN 为 24.17。,错误,0.0,819.27,语义RAG,0.0,0.0,0,,3,potential tower connections failure,35.25,,,,potential tower connections failure,35.25,FMEA编号；潜在失效后果；风险优先数(RPN),29,
1407,1407,baseline模型,baseline兼容旧逻辑,风险影响评估类,fmea_id_to_risk_profile,风险后果查询,,,中等,FMEA编号TP7这条记录，影响是什么，风险优先数是多少？,潜在失效后果：Local stress accumulation；RPN=24。,这条记录没有明确的FMEA编号为TP7的信息。根据提供的上下文，没有找到对应的FMEA编号TP7的相关信息，因此无法回答影响和风险优先数。,错误,0.0,774.51,语义RAG,0.0,0.0,0,,3,Local stress accumulation,24.0,,,,Local stress accumulation,24.0,FMEA编号；潜在失效后果；风险优先数(RPN),30,
1408,1408,baseline模型,baseline兼容旧逻辑,风险影响评估类,fmea_id_to_risk_profile,风险后果查询,,,中等,FMEA编号TP8的S、O、D、RPN分别是多少？,S=3.75；O=2.5；D=3.25；RPN=21.67。,S：4.25 O：2.25 D：3.25 RPN：33,错误,0.25,658.49,语义RAG,0.0,0.25,0,,3,,3.75；2.5；21.67,3.25,,,,3.75；2.5；3.25；21.67,FMEA编号；严酷度(S)；发生度(O)；可探测度(D)；风险优先数(RPN),31,
1409,1409,baseline模型,baseline兼容旧逻辑,风险影响评估类,fmea_id_to_risk_profile,风险后果查询,,,中等,FMEA编号TP9这条记录的风险分和SOD给我看一下。,S=4；O=2.5；D=3；RPN=38。,风险优先数 / RPN: 24.17 严重度 / S: 4.43 发生度 / O: 2 可探测度 / D: 3,错误,0.25,779.27,语义RAG,0.0,0.25,0,,3,,4.0；2.5；38.0,3.0,,,,4.0；2.5；3.0；38.0,FMEA编号；严酷度(S)；发生度(O)；可探测度(D)；风险优先数(RPN),32,
1410,1410,baseline模型,baseline兼容旧逻辑,风险影响评估类,fmea_id_to_risk_profile,风险后果查询,,,中等,查一下FMEA编号TP10的严重度S、发生度O、探测度D和RPN。,S=3；O=3；D=2.67；RPN=24.67。,不知道。上下文中没有提到FMEA编号为TP10的信息。,错误,0.0,551.35,语义RAG,0.0,0.5,0,,3,,3.0；3.0；2.67；24.67,,,,,3.0；3.0；2.67；24.67,FMEA编号；严酷度(S)；发生度(O)；可探测度(D)；风险优先数(RPN),33,
1411,1411,baseline模型,baseline兼容旧逻辑,风险影响评估类,fmea_id_to_risk_profile,风险后果查询,,,中等,FMEA编号TP11这条FMEA风险画像是什么，后果和RPN是多少？,潜在失效后果：potential tower connections failure；RPN=24.67。,FMEA编号 TP11 这条 FMEA 风险画像的失效模式为 Structural plastic deformation [11]，后果为 Local stress accumulation，RPN 为 24.17。,错误,0.0,796.62,语义RAG,0.0,0.0,0,,3,potential tower connections failure,24.67,,,,potential tower connections failure,24.67,FMEA编号；潜在失效后果；风险优先数(RPN),34,
1412,1412,baseline模型,baseline兼容旧逻辑,风险影响评估类,fmea_id_to_risk_profile,风险后果查询,,,中等,FMEA编号TP12这条记录，影响是什么，风险优先数是多少？,潜在失效后果：Local stress accumulation；RPN=28。,这条记录的失效模式是Loss of dynamic positioning，风险优先数（RPN）是26。,错误,0.0,608.33,语义RAG,0.0,0.0,0,,3,Local stress accumulation,28.0,,,,Local stress accumulation,28.0,FMEA编号；潜在失效后果；风险优先数(RPN),35,
1413,1413,baseline模型,baseline兼容旧逻辑,风险影响评估类,fmea_id_to_risk_profile,风险后果查询,,,中等,FMEA编号TP13的S、O、D、RPN分别是多少？,S=3.33；O=2.67；D=3；RPN=26。,S：4.25 O：2.25 D：3.25 RPN：33,错误,0.0,649.93,语义RAG,0.0,0.25,0,,3,,3.33；2.67；3.0；26.0,,,,,3.33；2.67；3.0；26.0,FMEA编号；严酷度(S)；发生度(O)；可探测度(D)；风险优先数(RPN),36,
1414,1414,baseline模型,baseline兼容旧逻辑,风险影响评估类,原因后果查风险指标,风险指标查询,,,困难,"潜在原因“Design; Under-designed structure/ Component due to human error/Insufficient environmental data”导致后果“Tower Unit collapse, Floater Unit damage”时，S、O、D、RPN分别是多少？",S=5；O=1.67；D=2.67；RPN=25.67,严重度 / S: 5 发生度 / O: 1.67 可探测度 / D: 2.67 风险优先数 / RPN: 25.67,正确,1.0,1208.35,语义RAG,0.6667,1.0,0,1.0,3,,,5.0；1.67；2.67；25.67,,,,5.0；1.67；2.67；25.67,潜在失效原因/机理；潜在失效后果；严酷度(S)；发生度(O)；可探测度(D)；风险优先数(RPN),39,
1415,1415,baseline模型,baseline兼容旧逻辑,风险影响评估类,原因后果查风险指标,风险指标查询,,,困难,"潜在原因“Operation and Maintenance; Undetected defects and poor quality control”导致后果“Tower Unit collapse, Floater Unit damage”时，S、O、D、RPN分别是多少？",S=4.67；O=1.67；D=3.33；RPN=37.5,S: 4.67 O: 1.67 D: 3.33 RPN: 37.5,正确,1.0,1077.72,语义RAG,0.6667,1.0,0,1.0,3,,,4.67；1.67；3.33；37.5,,,,4.67；1.67；3.33；37.5,潜在失效原因/机理；潜在失效后果；严酷度(S)；发生度(O)；可探测度(D)；风险优先数(RPN),40,
1416,1416,baseline模型,baseline兼容旧逻辑,风险影响评估类,原因后果查风险指标,风险指标查询,,,困难,潜在原因“Fabrication; Welding and heat treatment could induce fatigue cracks in fabrication process.”导致后果“Tower transition piece connections failure”时，S、O、D、RPN分别是多少？,S=3.33；O=2.33；D=3.33；RPN=24,严重度 / S: 3.33 发生度 / O: 2.33 可探测度 / D: 3.33 风险优先数 / RPN: 24,正确,1.0,793.96,语义RAG,1.0,1.0,0,1.0,3,,,3.33；2.33；3.33；24.0,,,,3.33；2.33；3.33；24.0,潜在失效原因/机理；潜在失效后果；严酷度(S)；发生度(O)；可探测度(D)；风险优先数(RPN),41,
1417,1417,baseline模型,baseline兼容旧逻辑,风险影响评估类,原因后果查风险指标,风险指标查询,,,困难,潜在原因“Maintenance; Welding and heat treatment during maintenance can add more residual stresses and increase the likelihood of fatigue crack in the welds and heat-affected areas.”导致后果“Tower transition piece connections failure”时，S、O、D、RPN分别是多少？,S=3.5；O=2.5；D=4；RPN=30.25,严重度 / S: 3.5 发生度 / O: 2.5 可探测度 / D: 4 风险优先数 / RPN: 30.25,正确,1.0,819.81,语义RAG,1.0,1.0,0,1.0,3,,,3.5；2.5；4.0；30.25,,,,3.5；2.5；4.0；30.25,潜在失效原因/机理；潜在失效后果；严酷度(S)；发生度(O)；可探测度(D)；风险优先数(RPN),42,
1418,1418,baseline模型,baseline兼容旧逻辑,风险影响评估类,原因后果查风险指标,风险指标查询,,,困难,潜在原因“Maintenance; Welding failure due to corrosion without proper maintenance”导致后果“Tower transition piece connections failure”时，S、O、D、RPN分别是多少？,S=3.33；O=2.67；D=3；RPN=24.67,严重度 / S: 3.33 发生度 / O: 2.67 可探测度 / D: 3 风险优先数 / RPN: 24.67,正确,1.0,840.16,语义RAG,0.6667,1.0,0,1.0,3,,,3.33；2.67；3.0；24.67,,,,3.33；2.67；3.0；24.67,潜在失效原因/机理；潜在失效后果；严酷度(S)；发生度(O)；可探测度(D)；风险优先数(RPN),43,
1419,1419,baseline模型,baseline兼容旧逻辑,风险影响评估类,原因后果查风险指标,风险指标查询,,,困难,"潜在原因“Installation; Welding failure due to poor performance (e.g. overheating, lack of fusion) during installation”导致后果“Tower transition piece connections failure”时，S、O、D、RPN分别是多少？",S=3.33；O=3；D=3；RPN=26.67,严重度 / S: 3.33 发生度 / O: 3 可探测度 / D: 3 风险优先数 / RPN: 26.67,正确,1.0,850.72,语义RAG,1.0,1.0,0,1.0,3,,,3.33；3.0；3.0；26.67,,,,3.33；3.0；3.0；26.67,潜在失效原因/机理；潜在失效后果；严酷度(S)；发生度(O)；可探测度(D)；风险优先数(RPN),44,
1420,1420,baseline模型,baseline兼容旧逻辑,风险影响评估类,原因后果查风险指标,风险指标查询,,,困难,"潜在原因“Design; Analysis and Calculation fault due to human error”导致后果“Watertight fault, Potential Floater Unit sinkage”时，S、O、D、RPN分别是多少？",S=4.57；O=2.29；D=3.86；RPN=27.2,严重度 / S: 4.57 发生度 / O: 2.29 可探测度 / D: 3.86 风险优先数 / RPN: 27.2,正确,1.0,791.38,语义RAG,0.6667,1.0,0,1.0,3,,,4.57；2.29；3.86；27.2,,,,4.57；2.29；3.86；27.2,潜在失效原因/机理；潜在失效后果；严酷度(S)；发生度(O)；可探测度(D)；风险优先数(RPN),45,
1421,1421,baseline模型,baseline兼容旧逻辑,风险影响评估类,原因后果查风险指标,风险指标查询,,,困难,潜在原因“Design; Analysis and Calculation fault due to human error”导致后果“Project cancellation”时，S、O、D、RPN分别是多少？,S=5；O=1.67；D=3；RPN=42.71,S=5; O=1.67; D=3; RPN=42.71,正确,1.0,639.82,语义RAG,0.6667,1.0,0,1.0,3,,,5.0；1.67；3.0；42.71,,,,5.0；1.67；3.0；42.71,潜在失效原因/机理；潜在失效后果；严酷度(S)；发生度(O)；可探测度(D)；风险优先数(RPN),46,
1422,1422,baseline模型,baseline兼容旧逻辑,风险影响评估类,原因后果查风险指标,风险指标查询,,,困难,潜在原因“Operation; Bilge piping/pumps fail”导致后果“Potential failure”时，S、O、D、RPN分别是多少？,S=3.43；O=2.86；D=3.17；RPN=40.14,S: 3.43 O: 2.86 D: 3.17 RPN: 40.14,正确,1.0,1073.19,语义RAG,0.6667,1.0,0,1.0,3,,,3.43；2.86；3.17；40.14,,,,3.43；2.86；3.17；40.14,潜在失效原因/机理；潜在失效后果；严酷度(S)；发生度(O)；可探测度(D)；风险优先数(RPN),47,
1423,1423,baseline模型,baseline兼容旧逻辑,风险影响评估类,原因后果查风险指标,风险指标查询,,,困难,"潜在原因“Operation; Biological collision”导致后果“Damage to the facility, vast economic loses”时，S、O、D、RPN分别是多少？",S=3.57；O=2.17；D=4.14；RPN=24.86,严重度 / S: 3.57 发生度 / O: 2.17 可探测度 / D: 4.14 风险优先数 / RPN: 24.86,正确,1.0,814.99,语义RAG,1.0,1.0,0,1.0,3,,,3.57；2.17；4.14；24.86,,,,3.57；2.17；4.14；24.86,潜在失效原因/机理；潜在失效后果；严酷度(S)；发生度(O)；可探测度(D)；风险优先数(RPN),48,
1424,1424,baseline模型,baseline兼容旧逻辑,风险影响评估类,原因后果查风险指标,风险指标查询,,,困难,潜在原因“Environmental condition; Design parameter superseded due to climate change”导致后果“Structural reassessment”时，S、O、D、RPN分别是多少？,S=4.33；O=1.67；D=3.5；RPN=25,严重度 / S: 4.33 发生度 / O: 1.67 可探测度 / D: 3.5 风险优先数 / RPN: 25,正确,1.0,813.44,语义RAG,0.3333,1.0,0,1.0,3,,,4.33；1.67；3.5；25.0,,,,4.33；1.67；3.5；25.0,潜在失效原因/机理；潜在失效后果；严酷度(S)；发生度(O)；可探测度(D)；风险优先数(RPN),49,
1425,1425,baseline模型,baseline兼容旧逻辑,风险影响评估类,原因后果查风险指标,风险指标查询,,,困难,潜在原因“Operation; Dynamic umbilical connection/cable fail”导致后果“Potential failure”时，S、O、D、RPN分别是多少？,S=3.83；O=2.6；D=4；RPN=25.83,严重度 / S: 3.83 发生度 / O: 2.6 可探测度 / D: 4 风险优先数 / RPN: 25.83,正确,1.0,800.97,语义RAG,0.3333,1.0,0,1.0,3,,,3.83；2.6；4.0；25.83,,,,3.83；2.6；4.0；25.83,潜在失效原因/机理；潜在失效后果；严酷度(S)；发生度(O)；可探测度(D)；风险优先数(RPN),50,
1426,1426,baseline模型,baseline兼容旧逻辑,风险影响评估类,原因后果查风险指标,风险指标查询,,,困难,潜在原因“Installation; Excessive fatigue life consumption due to installation/ transportation”导致后果“Structural failure”时，S、O、D、RPN分别是多少？,S=4.17；O=2.83；D=3.5；RPN=30.57,"S=4.17, O=2.83, D=3.5, RPN=30.57",正确,1.0,666.93,语义RAG,0.6667,1.0,0,1.0,3,,,4.17；2.83；3.5；30.57,,,,4.17；2.83；3.5；30.57,潜在失效原因/机理；潜在失效后果；严酷度(S)；发生度(O)；可探测度(D)；风险优先数(RPN),51,
1427,1427,baseline模型,baseline兼容旧逻辑,风险影响评估类,原因后果查风险指标,风险指标查询,,,困难,潜在原因“Environmental condition; Extreme horizontal oscillatory force”导致后果“Asset damage Energy production loss”时，S、O、D、RPN分别是多少？,S=4.8；O=1.8；D=3.2；RPN=34.5,严重度 / S: 4.8 发生度 / O: 1.8 可探测度 / D: 3.2 风险优先数 / RPN: 34.5,正确,1.0,852.7,语义RAG,0.6667,1.0,0,1.0,3,,,4.8；1.8；3.2；34.5,,,,4.8；1.8；3.2；34.5,潜在失效原因/机理；潜在失效后果；严酷度(S)；发生度(O)；可探测度(D)；风险优先数(RPN),52,
1428,1428,baseline模型,baseline兼容旧逻辑,风险影响评估类,原因后果查风险指标,风险指标查询,,,困难,潜在原因“Operation; Fatigue due to continuous vibrations/resonance”导致后果“Structural failure”时，S、O、D、RPN分别是多少？,S=4.14；O=2.86；D=3.57；RPN=22.67,严重度 / S: 4.14 发生度 / O: 2.86 可探测度 / D: 3.57 风险优先数 / RPN: 22.67,正确,1.0,807.88,语义RAG,0.3333,1.0,0,1.0,3,,,4.14；2.86；3.57；22.67,,,,4.14；2.86；3.57；22.67,潜在失效原因/机理；潜在失效后果；严酷度(S)；发生度(O)；可探测度(D)；风险优先数(RPN),53,
1429,1429,baseline模型,baseline兼容旧逻辑,风险影响评估类,原因后果查风险指标,风险指标查询,,,困难,潜在原因“Design; Fatigue due to underestimation of steel thickness and/or environmental loads”导致后果“Structural failure”时，S、O、D、RPN分别是多少？,S=3.83；O=2.5；D=3.5；RPN=34,严重度 / S: 3.83 发生度 / O: 2.5 可探测度 / D: 3.5 风险优先数 / RPN: 34,正确,1.0,820.8,语义RAG,0.3333,1.0,0,1.0,3,,,3.83；2.5；3.5；34.0,,,,3.83；2.5；3.5；34.0,潜在失效原因/机理；潜在失效后果；严酷度(S)；发生度(O)；可探测度(D)；风险优先数(RPN),54,
1430,1430,baseline模型,baseline兼容旧逻辑,风险影响评估类,原因后果查风险指标,风险指标查询,,,困难,潜在原因“Operation; Handrails Corrosion”导致后果“Potential failure”时，S、O、D、RPN分别是多少？,S=3.86；O=3；D=2.71；RPN=32,根据上下文，没有找到失效模式为“Additional Structures Failures”且失效原因为“Operation; Handrails Corrosion”的记录。因此，无法提供该组合的S、O、D、RPN值。,错误,0.0,815.53,语义RAG,0.6667,0.0,0,0.0,3,,3.86；3.0；2.71；32.0,,,,,3.86；3.0；2.71；32.0,潜在失效原因/机理；潜在失效后果；严酷度(S)；发生度(O)；可探测度(D)；风险优先数(RPN),55,
1431,1431,baseline模型,baseline兼容旧逻辑,风险影响评估类,原因后果查风险指标,风险指标查询,,,困难,潜在原因“Operation; Helicopter assistance equipment fail”导致后果“Potential failure of landing platform”时，S、O、D、RPN分别是多少？,S=4.17；O=1.83；D=2.83；RPN=31.83,严重度 / S: 4.17 发生度 / O: 1.83 可探测度 / D: 2.83 风险优先数 / RPN: 31.83,正确,1.0,1123.2,语义RAG,0.3333,1.0,0,1.0,3,,,4.17；1.83；2.83；31.83,,,,4.17；1.83；2.83；31.83,潜在失效原因/机理；潜在失效后果；严酷度(S)；发生度(O)；可探测度(D)；风险优先数(RPN),56,
1432,1432,baseline模型,baseline兼容旧逻辑,风险影响评估类,原因后果查风险指标,风险指标查询,,,困难,潜在原因“Maintenance; Inefficient detection”导致后果“Potential Failure/Asset damage Energy production loss”时，S、O、D、RPN分别是多少？,S=3.83；O=2.83；D=3.33；RPN=31.2,严重度 / S: 3.83 发生度 / O: 2.83 可探测度 / D: 3.33 风险优先数 / RPN: 31.2,正确,1.0,834.92,语义RAG,0.3333,1.0,0,1.0,3,,,3.83；2.83；3.33；31.2,,,,3.83；2.83；3.33；31.2,潜在失效原因/机理；潜在失效后果；严酷度(S)；发生度(O)；可探测度(D)；风险优先数(RPN),57,
1433,1433,baseline模型,baseline兼容旧逻辑,风险影响评估类,原因后果查风险指标,风险指标查询,,,困难,潜在原因“Design; Insufficient structural strength and cracks on the floater resulting in water ingress to the support structure”导致后果“Potential Failure/Asset damage Energy production loss”时，S、O、D、RPN分别是多少？,S=4.83；O=1.83；D=3.4；RPN=26.86,严重度 / S: 4.83 发生度 / O: 1.83 可探测度 / D: 3.4 风险优先数 / RPN: 26.86,正确,1.0,854.74,语义RAG,0.3333,1.0,0,1.0,3,,,4.83；1.83；3.4；26.86,,,,4.83；1.83；3.4；26.86,潜在失效原因/机理；潜在失效后果；严酷度(S)；发生度(O)；可探测度(D)；风险优先数(RPN),58,
1434,1434,baseline模型,baseline兼容旧逻辑,风险影响评估类,原因后果查风险指标,风险指标查询,,,困难,潜在原因“Operation and Maintenance; Insufficient structural strength due to ship collision”导致后果“Local stress accumulation”时，S、O、D、RPN分别是多少？,S=4.43；O=2；D=3；RPN=24.17,严重度 / S: 4.43 发生度 / O: 2 可探测度 / D: 3 风险优先数 / RPN: 24.17,正确,1.0,785.75,语义RAG,0.3333,1.0,0,1.0,3,,,4.43；2.0；3.0；24.17,,,,4.43；2.0；3.0；24.17,潜在失效原因/机理；潜在失效后果；严酷度(S)；发生度(O)；可探测度(D)；风险优先数(RPN),59,
1435,1435,baseline模型,baseline兼容旧逻辑,风险影响评估类,原因后果查风险指标,风险指标查询,,,困难,潜在原因“Maintenance; Insufficient structural strength due to ship collision”导致后果“Asset damage Energy production loss/reduced stability”时，S、O、D、RPN分别是多少？,S=4.5；O=2.33；D=3；RPN=37.2,严重度 / S: 4.5 发生度 / O: 2.33 可探测度 / D: 3 风险优先数 / RPN: 37.2,正确,1.0,754.64,语义RAG,1.0,1.0,0,1.0,3,,,4.5；2.33；3.0；37.2,,,,4.5；2.33；3.0；37.2,潜在失效原因/机理；潜在失效后果；严酷度(S)；发生度(O)；可探测度(D)；风险优先数(RPN),60,
1436,1436,baseline模型,baseline兼容旧逻辑,风险影响评估类,原因后果查风险指标,风险指标查询,,,困难,潜在原因“Operation; Ladders Corrosion”导致后果“Potential failure”时，S、O、D、RPN分别是多少？,S=3.86；O=2.71；D=2.57；RPN=23.5,"根据上下文，没有找到失效模式为“Additional Structures Failures”且失效原因为“Operation; Ladders Corrosion”的记录。因此，无法提供该组合的S、O、D、RPN值。 但是，找到了一个相似的情况： - 失效模式：Additional Structures Failures - 失效原因：Operation; Bilge piping/pumps fail [1,12] - 严重度（S）: 3.43 - 发生度（O）: 2.86 - 可探测度（D）: 3.17 - 风险优先数（RPN）: 40.14 请注意，这里的失效原因是“Operation; Bilge piping/pumps fail [1,12]”，与问题中询问的“Operation; Ladders Corrosion”不完全一致。",错误,0.0,1946.7,语义RAG,0.6667,0.0,0,0.0,3,,3.86；2.71；2.57；23.5,,,,,3.86；2.71；2.57；23.5,潜在失效原因/机理；潜在失效后果；严酷度(S)；发生度(O)；可探测度(D)；风险优先数(RPN),61,
1437,1437,baseline模型,baseline兼容旧逻辑,风险影响评估类,原因后果查风险指标,风险指标查询,,,困难,"潜在原因“Environmental condition; Marine growth under water can add additional weight and stress for the material, which can lead to cracks in the outer hull”导致后果“If these cracks propagate through the wall and lie under water or within the splash zone, then they constitute a risk to the watertightness.”时，S、O、D、RPN分别是多少？",S=4；O=2.2；D=3.25；RPN=30.8,严重度 / S: 4 发生度 / O: 2.2 可探测度 / D: 3.25 风险优先数 / RPN: 30.8,正确,1.0,890.26,语义RAG,0.6667,1.0,0,1.0,3,,,4.0；2.2；3.25；30.8,,,,4.0；2.2；3.25；30.8,潜在失效原因/机理；潜在失效后果；严酷度(S)；发生度(O)；可探测度(D)；风险优先数(RPN),62,
1438,1438,baseline模型,baseline兼容旧逻辑,风险影响评估类,原因后果查风险指标,风险指标查询,,,困难,"潜在原因“Operation; Navigation and work lights fail”导致后果“Increased risk of collision, potential damage to the floater”时，S、O、D、RPN分别是多少？",S=4；O=3；D=2；RPN=36.5,严重度 / S: 4 发生度 / O: 3 可探测度 / D: 2 风险优先数 / RPN: 36.5,正确,1.0,823.75,语义RAG,0.6667,1.0,0,1.0,3,,,4.0；3.0；2.0；36.5,,,,4.0；3.0；2.0；36.5,潜在失效原因/机理；潜在失效后果；严酷度(S)；发生度(O)；可探测度(D)；风险优先数(RPN),63,
1439,1439,baseline模型,baseline兼容旧逻辑,风险影响评估类,原因后果查风险指标,风险指标查询,,,困难,"潜在原因“Operation; Plane crush”导致后果“Damage to the facility, vast economic loses”时，S、O、D、RPN分别是多少？",S=4.83；O=1.17；D=4.67；RPN=31.75,严重度 / S: 4.83 发生度 / O: 1.17 可探测度 / D: 4.67 风险优先数 / RPN: 31.75,正确,1.0,844.63,语义RAG,1.0,1.0,0,1.0,3,,,4.83；1.17；4.67；31.75,,,,4.83；1.17；4.67；31.75,潜在失效原因/机理；潜在失效后果；严酷度(S)；发生度(O)；可探测度(D)；风险优先数(RPN),64,
1440,1440,baseline模型,baseline兼容旧逻辑,风险影响评估类,原因后果查风险指标,风险指标查询,,,困难,潜在原因“Operation; Sensors for platform monitoring fail”导致后果“Potential failure”时，S、O、D、RPN分别是多少？,S=2；O=3；D=3；RPN=41.17,严重度 / S: 2 发生度 / O: 3 可探测度 / D: 3 风险优先数 / RPN: 41.17,正确,1.0,1130.65,语义RAG,1.0,1.0,0,1.0,3,,,2.0；3.0；3.0；41.17,,,,2.0；3.0；3.0；41.17,潜在失效原因/机理；潜在失效后果；严酷度(S)；发生度(O)；可探测度(D)；风险优先数(RPN),65,
1441,1441,baseline模型,baseline兼容旧逻辑,风险影响评估类,原因后果查风险指标,风险指标查询,,,困难,潜在原因“Operation and Maintenance; Structural component degradation due to corrosion”导致后果“Asset damage Energy production loss/reduced stability”时，S、O、D、RPN分别是多少？,S=4；O=2.6；D=3.25；RPN=18.8,严重度 / S: 4 发生度 / O: 2.6 可探测度 / D: 3.25 风险优先数 / RPN: 18.8,正确,1.0,799.18,语义RAG,0.3333,1.0,0,1.0,3,,,4.0；2.6；3.25；18.8,,,,4.0；2.6；3.25；18.8,潜在失效原因/机理；潜在失效后果；严酷度(S)；发生度(O)；可探测度(D)；风险优先数(RPN),66,
1442,1442,baseline模型,baseline兼容旧逻辑,风险影响评估类,原因后果查风险指标,风险指标查询,,,困难,"潜在原因“Operation and Maintenance; Structural degradation due to corrosion”导致后果“Watertight fault, Potential Floater Unit sinkage”时，S、O、D、RPN分别是多少？",S=4.17；O=2.67；D=3.2；RPN=36,严重度 / S: 4.17 发生度 / O: 2.67 可探测度 / D: 3.2 风险优先数 / RPN: 36,正确,1.0,800.72,语义RAG,0.3333,1.0,0,1.0,3,,,4.17；2.67；3.2；36.0,,,,4.17；2.67；3.2；36.0,潜在失效原因/机理；潜在失效后果；严酷度(S)；发生度(O)；可探测度(D)；风险优先数(RPN),67,
1443,1443,baseline模型,baseline兼容旧逻辑,风险影响评估类,原因后果查风险指标,风险指标查询,,,困难,潜在原因“Operation; Structure brittle fracture due to extreme environmental temperature”导致后果“Tower collapse”时，S、O、D、RPN分别是多少？,S=4.67；O=1.33；D=3.6；RPN=33.4,严重度 / S: 4.67 发生度 / O: 1.33 可探测度 / D: 3.6 风险优先数 / RPN: 33.4,正确,1.0,817.29,语义RAG,0.3333,1.0,0,1.0,3,,,4.67；1.33；3.6；33.4,,,,4.67；1.33；3.6；33.4,潜在失效原因/机理；潜在失效后果；严酷度(S)；发生度(O)；可探测度(D)；风险优先数(RPN),68,
1444,1444,baseline模型,baseline兼容旧逻辑,风险影响评估类,原因后果查风险指标,风险指标查询,,,困难,潜在原因“Operation; Structures break/collapse due to collision with other FWT”导致后果“Potential Failure/Asset damage Energy production loss”时，S、O、D、RPN分别是多少？,S=5；O=1.33；D=2.6；RPN=30.8,严重度 / S: 5 发生度 / O: 1.33 可探测度 / D: 2.6 风险优先数 / RPN: 30.8,正确,1.0,805.76,语义RAG,0.3333,1.0,0,1.0,3,,,5.0；1.33；2.6；30.8,,,,5.0；1.33；2.6；30.8,潜在失效原因/机理；潜在失效后果；严酷度(S)；发生度(O)；可探测度(D)；风险优先数(RPN),69,
1445,1445,baseline模型,baseline兼容旧逻辑,风险影响评估类,原因后果查风险指标,风险指标查询,,,困难,"潜在原因“Environmental condition; Typhoon can cause failure of the floating unit if it gets hit by dropping objects. (eg. damaged blade)(strong wind/wave)”导致后果“Damage to the facility, vast economic loses”时，S、O、D、RPN分别是多少？",S=4.83；O=1.67；D=3.17；RPN=25,严重度 / S: 4.83 发生度 / O: 1.67 可探测度 / D: 3.17 风险优先数 / RPN: 25,正确,1.0,813.88,语义RAG,0.3333,1.0,0,1.0,3,,,4.83；1.67；3.17；25.0,,,,4.83；1.67；3.17；25.0,潜在失效原因/机理；潜在失效后果；严酷度(S)；发生度(O)；可探测度(D)；风险优先数(RPN),70,
1446,1446,baseline模型,baseline兼容旧逻辑,风险影响评估类,原因后果查风险指标,风险指标查询,,,困难,"潜在原因“Design; Underdesigned structure/Component due to insufficient environmental data”导致后果“Watertight fault, Potential Floater Unit sinkage”时，S、O、D、RPN分别是多少？",S=4.67；O=2.33；D=3；RPN=22.4,严重度 / S: 4.67 发生度 / O: 2.33 可探测度 / D: 3 风险优先数 / RPN: 22.4,正确,1.0,1193.14,语义RAG,0.6667,1.0,0,1.0,3,,,4.67；2.33；3.0；22.4,,,,4.67；2.33；3.0；22.4,潜在失效原因/机理；潜在失效后果；严酷度(S)；发生度(O)；可探测度(D)；风险优先数(RPN),71,
1447,1447,baseline模型,baseline兼容旧逻辑,风险影响评估类,原因后果查风险指标,风险指标查询,,,困难,"潜在原因“Maintenance; Undetected defects due to poor quality control”导致后果“Watertight fault, Potential Floater Unit sinkage”时，S、O、D、RPN分别是多少？",S=4.5；O=2.33；D=3.6；RPN=19,严重度 / S: 4.5 发生度 / O: 2.33 可探测度 / D: 3.6 风险优先数 / RPN: 19,正确,1.0,810.3,语义RAG,0.3333,1.0,0,1.0,3,,,4.5；2.33；3.6；19.0,,,,4.5；2.33；3.6；19.0,潜在失效原因/机理；潜在失效后果；严酷度(S)；发生度(O)；可探测度(D)；风险优先数(RPN),72,
1448,1448,baseline模型,baseline兼容旧逻辑,风险影响评估类,原因后果查风险指标,风险指标查询,,,困难,潜在原因“Manufacturing and Installation; Ventilation heads/Manholes failure due to Manufacturing defect/Welding defect”导致后果“Reduced stability”时，S、O、D、RPN分别是多少？,S=3.6；O=2.33；D=3.6；RPN=36,严重度 / S: 3.6 发生度 / O: 2.33 可探测度 / D: 3.6 风险优先数 / RPN: 36,正确,1.0,791.34,语义RAG,0.6667,1.0,0,1.0,3,,,3.6；2.33；3.6；36.0,,,,3.6；2.33；3.6；36.0,潜在失效原因/机理；潜在失效后果；严酷度(S)；发生度(O)；可探测度(D)；风险优先数(RPN),73,
1449,1449,baseline模型,baseline兼容旧逻辑,风险影响评估类,原因后果查风险指标,风险指标查询,,,困难,潜在原因“Manufacturing; Welding failure”导致后果“Watertight fault”时，S、O、D、RPN分别是多少？,S=3.6；O=3；D=3.2；RPN=31.2,根据提供的上下文信息，没有找到失效模式为“Additional Structures Failures”且失效原因为“Manufacturing; Welding failure”，以及失效后果为“Watertight fault”的记录。因此，无法提供对应的S、O、D、RPN值。 答案：不知道。,错误,0.0,910.77,语义RAG,0.0,0.25,0,0.25,3,,3.6；3.0；3.2；31.2,,,,,3.6；3.0；3.2；31.2,潜在失效原因/机理；潜在失效后果；严酷度(S)；发生度(O)；可探测度(D)；风险优先数(RPN),74,
1450,1450,baseline模型,baseline兼容旧逻辑,风险影响评估类,原因后果查风险指标,风险指标查询,,,困难,潜在原因“Operation; Abnormal working conditions”导致后果“Anchor failure”时，S、O、D、RPN分别是多少？,S=4.2；O=2.2；D=3.8；RPN=34,S: 4.2 O: 2.2 D: 3.8 RPN: 34,正确,1.0,664.8,语义RAG,0.3333,1.0,0,1.0,3,,,4.2；2.2；3.8；34.0,,,,4.2；2.2；3.8；34.0,潜在失效原因/机理；潜在失效后果；严酷度(S)；发生度(O)；可探测度(D)；风险优先数(RPN),75,
1451,1451,baseline模型,baseline兼容旧逻辑,风险影响评估类,原因后果查风险指标,风险指标查询,,,困难,潜在原因“Operation; Cyclic degradation”导致后果“Anchor failure”时，S、O、D、RPN分别是多少？,S=4.2；O=2.2；D=3.8；RPN=34,严重度 / S: 4.2 发生度 / O: 2.2 可探测度 / D: 3.8 风险优先数 / RPN: 34,正确,1.0,775.48,语义RAG,0.6667,1.0,0,1.0,3,,,4.2；2.2；3.8；34.0,,,,4.2；2.2；3.8；34.0,潜在失效原因/机理；潜在失效后果；严酷度(S)；发生度(O)；可探测度(D)；风险优先数(RPN),76,
1452,1452,baseline模型,baseline兼容旧逻辑,风险影响评估类,原因后果查风险指标,风险指标查询,,,困难,潜在原因“Operation”导致后果“未说明”时，S、O、D、RPN分别是多少？,S=3；O=3；D=3.25；RPN=29.25,这个问题与给定的上下文不符，因为没有找到“Operation”作为失效原因且后果为“未说明”的FMEA条目。根据提供的信息，排名3的失效模式是Cracks，其失效原因是Operation; Fatigue due to continuous vibrations/resonance [11]，而不是单纯的Operation，并且其后果也不是“未说明”，而是Structural failure。 因此，按照给定的信息，无法直接回答该问题。,错误,0.5,1209.45,语义RAG,0.6667,0.75,0,0.75,3,,3.25；29.25,3.0,,,,3.0；3.0；3.25；29.25,潜在失效原因/机理；潜在失效后果；严酷度(S)；发生度(O)；可探测度(D)；风险优先数(RPN),77,
1453,1453,baseline模型,baseline兼容旧逻辑,风险影响评估类,原因后果查风险指标,风险指标查询,,,困难,潜在原因“Operation; Fairlead fatigue”导致后果“The anchor cannot be dropped and lift”时，S、O、D、RPN分别是多少？,S=3.8；O=2.8；D=3；RPN=30,严重度 / S: 3.8 发生度 / O: 2.8 可探测度 / D: 3 风险优先数 / RPN: 30,正确,1.0,796.13,语义RAG,0.3333,1.0,0,1.0,3,,,3.8；2.8；3.0；30.0,,,,3.8；2.8；3.0；30.0,潜在失效原因/机理；潜在失效后果；严酷度(S)；发生度(O)；可探测度(D)；风险优先数(RPN),79,
1454,1454,baseline模型,baseline兼容旧逻辑,风险影响评估类,原因后果查风险指标,风险指标查询,,,困难,潜在原因“Operation; Fairlead corrosion”导致后果“The anchor cannot be dropped and lift”时，S、O、D、RPN分别是多少？,S=3.8；O=2.8；D=3；RPN=30,严重度 / S: 3.8 发生度 / O: 2.8 可探测度 / D: 3 风险优先数 / RPN: 30,正确,1.0,770.74,语义RAG,0.6667,1.0,0,1.0,3,,,3.8；2.8；3.0；30.0,,,,3.8；2.8；3.0；30.0,潜在失效原因/机理；潜在失效后果；严酷度(S)；发生度(O)；可探测度(D)；风险优先数(RPN),80,
1455,1455,baseline模型,baseline兼容旧逻辑,风险影响评估类,原因后果查风险指标,风险指标查询,,,困难,潜在原因“Operation”导致后果“Unable to monitor tension in the mooring lines”时，S、O、D、RPN分别是多少？,S=2.6；O=3.2；D=2；RPN=13.5,S: 2.6 O: 3.2 D: 2 RPN: 13.5,正确,1.0,663.4,语义RAG,0.3333,1.0,0,1.0,3,,,2.6；3.2；2.0；13.5,,,,2.6；3.2；2.0；13.5,潜在失效原因/机理；潜在失效后果；严酷度(S)；发生度(O)；可探测度(D)；风险优先数(RPN),81,
1456,1456,baseline模型,baseline兼容旧逻辑,风险影响评估类,原因后果查风险指标,风险指标查询,,,困难,潜在原因“Manufacturing; Poor splice quality/ workmanship/qualification”导致后果“Mooring line strength decrease or broken”时，S、O、D、RPN分别是多少？,S=4；O=2.4；D=3.2；RPN=28.8,严重度 / S: 4 发生度 / O: 2.4 可探测度 / D: 3.2 风险优先数 / RPN: 28.8,正确,1.0,778.5,语义RAG,1.0,1.0,0,1.0,3,,,4.0；2.4；3.2；28.8,,,,4.0；2.4；3.2；28.8,潜在失效原因/机理；潜在失效后果；严酷度(S)；发生度(O)；可探测度(D)；风险优先数(RPN),82,
1457,1457,baseline模型,baseline兼容旧逻辑,风险影响评估类,原因后果查风险指标,风险指标查询,,,困难,潜在原因“Environmental condition; Abnormal stress due to mooring lines wear caused by unexpected seismic loads/ The tension overpassing the limit value can cause the mooring line to instantaneously break”导致后果“Mooring line strength decrease or broken”时，S、O、D、RPN分别是多少？,S=4；O=2；D=2.6；RPN=20,严重度 / S: 4 发生度 / O: 2 可探测度 / D: 2.6 风险优先数 / RPN: 20,正确,1.0,797.3,语义RAG,0.3333,1.0,0,1.0,3,,,4.0；2.0；2.6；20.0,,,,4.0；2.0；2.6；20.0,潜在失效原因/机理；潜在失效后果；严酷度(S)；发生度(O)；可探测度(D)；风险优先数(RPN),83,
1458,1458,baseline模型,baseline兼容旧逻辑,风险影响评估类,原因后果查风险指标,风险指标查询,,,困难,潜在原因“Environmental condition; Mooring lines wear caused by unexpected external damage (from e.g. overtrawling)/particulate ingress/UV light”导致后果“Mooring line strength decrease or broken”时，S、O、D、RPN分别是多少？,S=4；O=2；D=3；RPN=24,严重度 / S: 4 发生度 / O: 2 可探测度 / D: 3 风险优先数 / RPN: 24,正确,1.0,710.62,语义RAG,1.0,1.0,0,1.0,3,,,4.0；2.0；3.0；24.0,,,,4.0；2.0；3.0；24.0,潜在失效原因/机理；潜在失效后果；严酷度(S)；发生度(O)；可探测度(D)；风险优先数(RPN),84,
1459,1459,baseline模型,baseline兼容旧逻辑,风险影响评估类,原因后果查风险指标,风险指标查询,,,困难,潜在原因“Maintenance; Mooring lines corrosion due to improper maintenance of the corroded components”导致后果“Mooring line strength decrease or broken”时，S、O、D、RPN分别是多少？,S=3.6；O=2.8；D=3；RPN=29.2,"失效模式 ""Mooring Line Corrosion [1]"" 的 S 为 3.6，O 为 2.8，D 为 3，RPN 为 29.2。",正确,1.0,858.84,语义RAG,1.0,1.0,0,1.0,3,,,3.6；2.8；3.0；29.2,,,,3.6；2.8；3.0；29.2,潜在失效原因/机理；潜在失效后果；严酷度(S)；发生度(O)；可探测度(D)；风险优先数(RPN),85,
1460,1460,baseline模型,baseline兼容旧逻辑,风险影响评估类,原因后果查风险指标,风险指标查询,,,困难,"潜在原因“Maintenance; Mooring line fatigue due to Lack of proper maintenance, including inspection, monitoring, and replacement of the mooring lines.”导致后果“Mooring line strength decrease or broken”时，S、O、D、RPN分别是多少？",S=3.6；O=2.8；D=3；RPN=29.6,严重度 / S: 3.6 发生度 / O: 2.8 可探测度 / D: 3 风险优先数 / RPN: 29.6,正确,1.0,819.67,语义RAG,1.0,1.0,0,1.0,3,,,3.6；2.8；3.0；29.6,,,,3.6；2.8；3.0；29.6,潜在失效原因/机理；潜在失效后果；严酷度(S)；发生度(O)；可探测度(D)；风险优先数(RPN),86,
1461,1461,baseline模型,baseline兼容旧逻辑,风险影响评估类,原因后果查风险指标,风险指标查询,,,困难,"潜在原因“Operation; Mooring line fatigue due to Improper operational procedures, such as excessive loading, bending or twisting.”导致后果“Mooring line strength decrease or broken”时，S、O、D、RPN分别是多少？",S=3.6；O=3；D=3；RPN=31.6,严重度 / S: 3.6 发生度 / O: 3 可探测度 / D: 3 风险优先数 / RPN: 31.6,正确,1.0,821.21,语义RAG,1.0,1.0,0,1.0,3,,,3.6；3.0；3.0；31.6,,,,3.6；3.0；3.0；31.6,潜在失效原因/机理；潜在失效后果；严酷度(S)；发生度(O)；可探测度(D)；风险优先数(RPN),87,
1462,1462,baseline模型,baseline兼容旧逻辑,风险影响评估类,原因后果查风险指标,风险指标查询,,,困难,潜在原因“Manufacturing; Mooring lines wear due to poor quality during fabrication”导致后果“Mooring line strength decrease or broken”时，S、O、D、RPN分别是多少？,S=3.6；O=2.8；D=3.6；RPN=35.6,严重度 / S: 3.6 发生度 / O: 2.8 可探测度 / D: 3.6 风险优先数 / RPN: 35.6,正确,1.0,858.04,语义RAG,1.0,1.0,0,1.0,3,,,3.6；2.8；3.6；35.6,,,,3.6；2.8；3.6；35.6,潜在失效原因/机理；潜在失效后果；严酷度(S)；发生度(O)；可探测度(D)；风险优先数(RPN),88,
1463,1463,baseline模型,baseline兼容旧逻辑,风险影响评估类,原因后果查风险指标,风险指标查询,,,困难,潜在原因“Design; Mooring lines wear due to underestimation of seisemic events during design or due to rope compression not considered”导致后果“Mooring line strength decrease or broken”时，S、O、D、RPN分别是多少？,S=3.6；O=2；D=3.6；RPN=26.4,严重度 / S: 3.6 发生度 / O: 2 可探测度 / D: 3.6 风险优先数 / RPN: 26.4,正确,1.0,866.91,语义RAG,1.0,1.0,0,1.0,3,,,3.6；2.0；3.6；26.4,,,,3.6；2.0；3.6；26.4,潜在失效原因/机理；潜在失效后果；严酷度(S)；发生度(O)；可探测度(D)；风险优先数(RPN),89,
1464,1464,baseline模型,baseline兼容旧逻辑,风险影响评估类,原因后果查风险指标,风险指标查询,,,困难,"潜在原因“Operation; Mooring lines wear due to Improper handling, such as excessive tension, bending, or twisting of the mooring lines.”导致后果“Mooring line strength decrease or broken”时，S、O、D、RPN分别是多少？",S=3.6；O=2.4；D=3.6；RPN=31.6,严重度 / S: 3.6 发生度 / O: 2.4 可探测度 / D: 3.6 风险优先数 / RPN: 31.6,正确,1.0,837.78,语义RAG,1.0,1.0,0,1.0,3,,,3.6；2.4；3.6；31.6,,,,3.6；2.4；3.6；31.6,潜在失效原因/机理；潜在失效后果；严酷度(S)；发生度(O)；可探测度(D)；风险优先数(RPN),90,
1465,1465,baseline模型,baseline兼容旧逻辑,风险影响评估类,原因后果查风险指标,风险指标查询,,,困难,潜在原因“Operation; Transitional chain wear due to repeated loading and unloading cycles over time”导致后果“Asset not in correct location or position”时，S、O、D、RPN分别是多少？,S=4；O=2.4；D=2.6；RPN=24.8,严重度 / S: 4 发生度 / O: 2.4 可探测度 / D: 2.6 风险优先数 / RPN: 24.8,正确,1.0,829.69,语义RAG,1.0,1.0,0,1.0,3,,,4.0；2.4；2.6；24.8,,,,4.0；2.4；2.6；24.8,潜在失效原因/机理；潜在失效后果；严酷度(S)；发生度(O)；可探测度(D)；风险优先数(RPN),91,
1466,1466,baseline模型,baseline兼容旧逻辑,风险影响评估类,原因后果查风险指标,风险指标查询,,,困难,潜在原因“Maintenance; Transitional chain wear due to improper inspection and maintenance”导致后果“Asset not in correct location or position”时，S、O、D、RPN分别是多少？,S=4；O=2；D=2.6；RPN=20,严重度 / S: 4 发生度 / O: 2 可探测度 / D: 2.6 风险优先数 / RPN: 20,正确,1.0,805.43,语义RAG,1.0,1.0,0,1.0,3,,,4.0；2.0；2.6；20.0,,,,4.0；2.0；2.6；20.0,潜在失效原因/机理；潜在失效后果；严酷度(S)；发生度(O)；可探测度(D)；风险优先数(RPN),92,
1467,1467,baseline模型,baseline兼容旧逻辑,风险影响评估类,原因后果查风险指标,风险指标查询,,,困难,"潜在原因“Operation; Friction chain wear due to significant movement and tension due to the forces of wind, waves”导致后果“Asset not in correct location or position”时，S、O、D、RPN分别是多少？",S=4；O=2.2；D=2.6；RPN=22.4,严重度 / S: 4 发生度 / O: 2.2 可探测度 / D: 2.6 风险优先数 / RPN: 22.4,正确,1.0,811.91,语义RAG,0.6667,1.0,0,1.0,3,,,4.0；2.2；2.6；22.4,,,,4.0；2.2；2.6；22.4,潜在失效原因/机理；潜在失效后果；严酷度(S)；发生度(O)；可探测度(D)；风险优先数(RPN),93,
1468,1468,baseline模型,baseline兼容旧逻辑,风险影响评估类,原因后果查风险指标,风险指标查询,,,困难,潜在原因“Operation; Mooring line wear due to hysteretic heating or wet-dry cycling”导致后果“Asset not in correct location or position”时，S、O、D、RPN分别是多少？,S=4；O=2.2；D=3；RPN=28,严重度 / S: 4 发生度 / O: 2.2 可探测度 / D: 3 风险优先数 / RPN: 28,正确,1.0,779.49,语义RAG,0.6667,1.0,0,1.0,3,,,4.0；2.2；3.0；28.0,,,,4.0；2.2；3.0；28.0,潜在失效原因/机理；潜在失效后果；严酷度(S)；发生度(O)；可探测度(D)；风险优先数(RPN),94,
1469,1469,baseline模型,baseline兼容旧逻辑,风险影响评估类,原因后果查风险指标,风险指标查询,,,困难,潜在原因“Design; Mooring winch failure due to understimation of loads during design phase”导致后果“Asset not in correct location or position”时，S、O、D、RPN分别是多少？,S=4；O=2；D=2.8；RPN=21.6,严重度 / S: 4 发生度 / O: 2 可探测度 / D: 2.8 风险优先数 / RPN: 21.6,正确,1.0,814.0,语义RAG,1.0,1.0,0,1.0,3,,,4.0；2.0；2.8；21.6,,,,4.0；2.0；2.8；21.6,潜在失效原因/机理；潜在失效后果；严酷度(S)；发生度(O)；可探测度(D)；风险优先数(RPN),95,
1470,1470,baseline模型,baseline兼容旧逻辑,风险影响评估类,原因后果查风险指标,风险指标查询,,,困难,潜在原因“Maintenance; Mooring winch failure due to undetected hazard during operation”导致后果“Asset not in correct location or position”时，S、O、D、RPN分别是多少？,S=4；O=2；D=3.2；RPN=25.6,"S=4, O=2, D=3.2, RPN=25.6",正确,1.0,571.78,语义RAG,1.0,1.0,0,1.0,3,,,4.0；2.0；3.2；25.6,,,,4.0；2.0；3.2；25.6,潜在失效原因/机理；潜在失效后果；严酷度(S)；发生度(O)；可探测度(D)；风险优先数(RPN),96,
1471,1471,baseline模型,baseline兼容旧逻辑,风险影响评估类,原因后果查风险指标,风险指标查询,,,困难,潜在原因“Design Phase; Underestimation of dynamic conditions - Unexpected contingency scenario ( loss of mooring line ) - unexpected dynamic loads”导致后果“Structural damage - cable composition weakening”时，S、O、D、RPN分别是多少？,S=4.2；O=2.2；D=3.75；RPN=30.25,严重度 / S: 4.2 发生度 / O: 2.2 可探测度 / D: 3.75 风险优先数 / RPN: 30.25,正确,1.0,901.88,语义RAG,0.6667,1.0,0,1.0,3,,,4.2；2.2；3.75；30.25,,,,4.2；2.2；3.75；30.25,潜在失效原因/机理；潜在失效后果；严酷度(S)；发生度(O)；可探测度(D)；风险优先数(RPN),97,
1472,1472,baseline模型,baseline兼容旧逻辑,风险影响评估类,原因后果查风险指标,风险指标查询,,,困难,潜在原因“Environmental conditions; Anchor impacts - seabed movement”导致后果“Structural integrity damage - extra stress on cables”时，S、O、D、RPN分别是多少？,S=4.2；O=1.6；D=2.4；RPN=20,严重度 / S: 4.2 发生度 / O: 1.6 可探测度 / D: 2.4 风险优先数 / RPN: 20,正确,1.0,833.53,语义RAG,0.3333,1.0,0,1.0,3,,,4.2；1.6；2.4；20.0,,,,4.2；1.6；2.4；20.0,潜在失效原因/机理；潜在失效后果；严酷度(S)；发生度(O)；可探测度(D)；风险优先数(RPN),98,
1473,1473,baseline模型,baseline兼容旧逻辑,风险影响评估类,原因后果查风险指标,风险指标查询,,,困难,"潜在原因“Operation; Mechanical stress - cable motion,Bending and motion”导致后果“Operational disruption”时，S、O、D、RPN分别是多少？",S=2.67；O=3；D=3；RPN=32,严重度 / S: 2.67 发生度 / O: 3 可探测度 / D: 3 风险优先数 / RPN: 32,正确,1.0,780.54,语义RAG,0.6667,1.0,0,1.0,3,,,2.67；3.0；3.0；32.0,,,,2.67；3.0；3.0；32.0,潜在失效原因/机理；潜在失效后果；严酷度(S)；发生度(O)；可探测度(D)；风险优先数(RPN),99,
1474,1474,baseline模型,baseline兼容旧逻辑,风险影响评估类,原因后果查风险指标,风险指标查询,,,困难,"潜在原因“Installation phase; Seawater exposure, environmental conditions due to failure of corrosion protection anodes”导致后果“J-tube degradation affecting cable integrity”时，S、O、D、RPN分别是多少？",S=2.8；O=2.8；D=3.2；RPN=22.5,严重度 / S: 2.8 发生度 / O: 2.8 可探测度 / D: 3.2 风险优先数 / RPN: 22.5,正确,1.0,784.52,语义RAG,1.0,1.0,0,1.0,3,,,2.8；2.8；3.2；22.5,,,,2.8；2.8；3.2；22.5,潜在失效原因/机理；潜在失效后果；严酷度(S)；发生度(O)；可探测度(D)；风险优先数(RPN),100,
1475,1475,baseline模型,baseline兼容旧逻辑,风险影响评估类,原因后果查风险指标,风险指标查询,,,困难,"潜在原因“Design Phase; Seawater exposure, environmental conditions due to insufficient coating”导致后果“J-tube degradation affecting cable integrity”时，S、O、D、RPN分别是多少？",S=3.2；O=2；D=3.4；RPN=15,严重度 / S: 3.2 发生度 / O: 2 可探测度 / D: 3.4 风险优先数 / RPN: 15,正确,1.0,707.74,语义RAG,1.0,1.0,0,1.0,3,,,3.2；2.0；3.4；15.0,,,,3.2；2.0；3.4；15.0,潜在失效原因/机理；潜在失效后果；严酷度(S)；发生度(O)；可探测度(D)；风险优先数(RPN),101,
1476,1476,baseline模型,baseline兼容旧逻辑,风险影响评估类,原因后果查风险指标,风险指标查询,,,困难,潜在原因“Design Phase; Excessive mechanical load - equipment interraction”导致后果“Structural damage - cable weakening”时，S、O、D、RPN分别是多少？,S=3.8；O=1.8；D=3.2；RPN=24,严重度 / S: 3.8 发生度 / O: 1.8 可探测度 / D: 3.2 风险优先数 / RPN: 24,正确,1.0,791.99,语义RAG,0.3333,1.0,0,1.0,3,,,3.8；1.8；3.2；24.0,,,,3.8；1.8；3.2；24.0,潜在失效原因/机理；潜在失效后果；严酷度(S)；发生度(O)；可探测度(D)；风险优先数(RPN),102,
1477,1477,baseline模型,baseline兼容旧逻辑,风险影响评估类,原因后果查风险指标,风险指标查询,,,困难,潜在原因“Design Phase; Wrong design/execution of the isolation material”导致后果“High risk of fault on the cable - total loss of the line Prodution loss on the string”时，S、O、D、RPN分别是多少？,S=3.2；O=1.75；D=3.5；RPN=24,"失效模式 ""damage and corrosion of mechanical parts"" 的 S=3.2, O=1.75, D=3.5, RPN=24。",正确,1.0,821.93,语义RAG,0.6667,1.0,0,1.0,3,,,3.2；1.75；3.5；24.0,,,,3.2；1.75；3.5；24.0,潜在失效原因/机理；潜在失效后果；严酷度(S)；发生度(O)；可探测度(D)；风险优先数(RPN),103,
1478,1478,baseline模型,baseline兼容旧逻辑,风险影响评估类,原因后果查风险指标,风险指标查询,,,困难,潜在原因“Environmental conditions; Floating debris - marine activities”导致后果“Cable damage - operational disruption”时，S、O、D、RPN分别是多少？,S=3.2；O=2；D=3.2；RPN=16,严重度 / S: 3.2 发生度 / O: 2 可探测度 / D: 3.2 风险优先数 / RPN: 16,正确,1.0,803.15,语义RAG,0.3333,1.0,0,1.0,3,,,3.2；2.0；3.2；16.0,,,,3.2；2.0；3.2；16.0,潜在失效原因/机理；潜在失效后果；严酷度(S)；发生度(O)；可探测度(D)；风险优先数(RPN),104,
1479,1479,baseline模型,baseline兼容旧逻辑,风险影响评估类,原因后果查风险指标,风险指标查询,,,困难,潜在原因“Operation; Connector failure - Mechanical stress”导致后果“cable disconnection - water penetration - Power loss”时，S、O、D、RPN分别是多少？,S=4.4；O=2；D=2.4；RPN=18.5,严重度 / S: 4.4 发生度 / O: 2 可探测度 / D: 2.4 风险优先数 / RPN: 18.5,正确,1.0,785.14,语义RAG,0.3333,1.0,0,1.0,3,,,4.4；2.0；2.4；18.5,,,,4.4；2.0；2.4；18.5,潜在失效原因/机理；潜在失效后果；严酷度(S)；发生度(O)；可探测度(D)；风险优先数(RPN),105,
1480,1480,baseline模型,baseline兼容旧逻辑,风险影响评估类,原因后果查风险指标,风险指标查询,,,困难,潜在原因“Manufacturing; Poor quality components”导致后果“breakdown of insulation”时，S、O、D、RPN分别是多少？,S=3.6；O=2.6；D=2.8；RPN=25.2,"S=3.6, O=2.6, D=2.8, RPN=25.2",正确,1.0,669.7,语义RAG,0.3333,1.0,0,1.0,3,,,3.6；2.6；2.8；25.2,,,,3.6；2.6；2.8；25.2,潜在失效原因/机理；潜在失效后果；严酷度(S)；发生度(O)；可探测度(D)；风险优先数(RPN),106,
1481,1481,baseline模型,baseline兼容旧逻辑,风险影响评估类,原因后果查风险指标,风险指标查询,,,困难,潜在原因“Manufacturing; Poor quality of insulating fluids”导致后果“breakdown of insulation”时，S、O、D、RPN分别是多少？,S=3.8；O=2.6；D=3.2；RPN=28.6,严重度 / S: 3.8 发生度 / O: 2.6 可探测度 / D: 3.2 风险优先数 / RPN: 28.6,正确,1.0,781.44,语义RAG,0.6667,1.0,0,1.0,3,,,3.8；2.6；3.2；28.6,,,,3.8；2.6；3.2；28.6,潜在失效原因/机理；潜在失效后果；严酷度(S)；发生度(O)；可探测度(D)；风险优先数(RPN),107,
1482,1482,baseline模型,baseline兼容旧逻辑,风险影响评估类,原因后果查风险指标,风险指标查询,,,困难,潜在原因“Manufacturing; Quality of workmanship”导致后果“breakdown of insulation”时，S、O、D、RPN分别是多少？,S=3.6；O=2.8；D=2.8；RPN=27.6,根据上下文，没有找到 `Manufacturing; Quality of workmanship` 作为失效原因以及 `breakdown of insulation` 作为失效后果的记录。因此，无法提供具体的 S、O、D、RPN 值。 但是，从提供的信息中可以看到： - 对于导体部分（Conductor），最高 RPN 是 25。 - 对于绝缘部分（Insulation），最高 RPN 是 25.6。 由于没有找到匹配的记录，建议根据实际情况进行评估或补充相关数据。,错误,0.0,1344.42,语义RAG,0.0,0.5,0,0.5,3,,3.6；2.8；2.8；27.6,,,,,3.6；2.8；2.8；27.6,潜在失效原因/机理；潜在失效后果；严酷度(S)；发生度(O)；可探测度(D)；风险优先数(RPN),108,
1483,1483,baseline模型,baseline兼容旧逻辑,风险影响评估类,原因后果查风险指标,风险指标查询,,,困难,潜在原因“Operation; Mechanical stress”导致后果“Cable damage - exposure to elements”时，S、O、D、RPN分别是多少？,S=3.6；O=2.6；D=3；RPN=28,失效模式：Failure of fixing clamps 严重度 / S：3.6 发生度 / O：2.6 可探测度 / D：3 风险优先数 / RPN：28,正确,1.0,802.25,语义RAG,0.3333,1.0,0,1.0,3,,,3.6；2.6；3.0；28.0,,,,3.6；2.6；3.0；28.0,潜在失效原因/机理；潜在失效后果；严酷度(S)；发生度(O)；可探测度(D)；风险优先数(RPN),109,
1484,1484,baseline模型,baseline兼容旧逻辑,风险影响评估类,原因后果查风险指标,风险指标查询,,,困难,潜在原因“Design Phase; Inproper design : need quality insulation materials and protection”导致后果“Fault in the cable - power disruption”时，S、O、D、RPN分别是多少？,S=4.4；O=2.2；D=2.8；RPN=25.6,"失效模式 ""Failure of insulations"" 的 S（严重度）为 4.4，O（发生度）为 2.2，D（可探测度）为 2.8，RPN（风险优先数）为 25.6。",正确,1.0,897.74,语义RAG,0.6667,1.0,0,1.0,3,,,4.4；2.2；2.8；25.6,,,,4.4；2.2；2.8；25.6,潜在失效原因/机理；潜在失效后果；严酷度(S)；发生度(O)；可探测度(D)；风险优先数(RPN),110,
1485,1485,baseline模型,baseline兼容旧逻辑,风险影响评估类,原因后果查风险指标,风险指标查询,,,困难,潜在原因“Operation; Mechanical and thermal stress”导致后果“Fault in the cable - exposure to elements”时，S、O、D、RPN分别是多少？,S=4.2；O=2.4；D=3；RPN=31.6,"失效模式 Failure of sheath 的 S 为 4.2, O 为 2.4, D 为 3, RPN 为 31.6。",正确,1.0,779.91,语义RAG,0.6667,1.0,0,1.0,3,,,4.2；2.4；3.0；31.6,,,,4.2；2.4；3.0；31.6,潜在失效原因/机理；潜在失效后果；严酷度(S)；发生度(O)；可探测度(D)；风险优先数(RPN),111,
1486,1486,baseline模型,baseline兼容旧逻辑,风险影响评估类,原因后果查风险指标,风险指标查询,,,困难,潜在原因“Manufacturing; Errors or defects during manufacturing”导致后果“Reduced or interupted electricity flow”时，S、O、D、RPN分别是多少？,S=4.2；O=2.6；D=3；RPN=30.2,严重度 / S: 4.2 发生度 / O: 2.6 可探测度 / D: 3 风险优先数 / RPN: 30.2,正确,1.0,800.31,语义RAG,0.3333,1.0,0,1.0,3,,,4.2；2.6；3.0；30.2,,,,4.2；2.6；3.0；30.2,潜在失效原因/机理；潜在失效后果；严酷度(S)；发生度(O)；可探测度(D)；风险优先数(RPN),112,
1487,1487,baseline模型,baseline兼容旧逻辑,风险影响评估类,原因后果查风险指标,风险指标查询,,,困难,潜在原因“Operation; Damage on the cable due to extreme environmental events”导致后果“Reduced or interupted electricity flow”时，S、O、D、RPN分别是多少？,S=4.2；O=2；D=3.6；RPN=27.8,严重度 / S: 4.2 发生度 / O: 2 可探测度 / D: 3.6 风险优先数 / RPN: 27.8,正确,1.0,747.01,语义RAG,0.3333,1.0,0,1.0,3,,,4.2；2.0；3.6；27.8,,,,4.2；2.0；3.6；27.8,潜在失效原因/机理；潜在失效后果；严酷度(S)；发生度(O)；可探测度(D)；风险优先数(RPN),113,
1488,1488,baseline模型,baseline兼容旧逻辑,风险影响评估类,原因后果查风险指标,风险指标查询,,,困难,潜在原因“Operation; Internal damage: Problem in insulation material - Electrical overload”导致后果“Electrical faults - loss of production”时，S、O、D、RPN分别是多少？,S=4.2；O=2.4；D=2.4；RPN=25,严重度 / S: 4.2 发生度 / O: 2.4 可探测度 / D: 2.4 风险优先数 / RPN: 25,正确,1.0,779.41,语义RAG,0.6667,1.0,0,1.0,3,,,4.2；2.4；2.4；25.0,,,,4.2；2.4；2.4；25.0,潜在失效原因/机理；潜在失效后果；严酷度(S)；发生度(O)；可探测度(D)；风险优先数(RPN),114,
1489,1489,baseline模型,baseline兼容旧逻辑,风险影响评估类,原因后果查风险指标,风险指标查询,,,困难,潜在原因“Operation; Repeated stress cycles - bending motions”导致后果“Crack may evolve in a fault of the cable - Cable weakening”时，S、O、D、RPN分别是多少？,S=4.2；O=2.4；D=3.6；RPN=35.6,严重度 / S: 4.2 发生度 / O: 2.4 可探测度 / D: 3.6 风险优先数 / RPN: 35.6,正确,1.0,779.73,语义RAG,0.3333,1.0,0,1.0,3,,,4.2；2.4；3.6；35.6,,,,4.2；2.4；3.6；35.6,潜在失效原因/机理；潜在失效后果；严酷度(S)；发生度(O)；可探测度(D)；风险优先数(RPN),115,
1490,1490,baseline模型,baseline兼容旧逻辑,风险影响评估类,原因后果查风险指标,风险指标查询,,,困难,"潜在原因“Design Phase; Unexpected contingency ( earthquake, seabed movement)”导致后果“Cable damage, production disruption”时，S、O、D、RPN分别是多少？",S=4.6；O=1.4；D=3.5；RPN=32,严重度 / S: 4.6 发生度 / O: 1.4 可探测度 / D: 3.5 风险优先数 / RPN: 32,正确,1.0,778.65,语义RAG,0.3333,1.0,0,1.0,3,,,4.6；1.4；3.5；32.0,,,,4.6；1.4；3.5；32.0,潜在失效原因/机理；潜在失效后果；严酷度(S)；发生度(O)；可探测度(D)；风险优先数(RPN),116,
1491,1491,baseline模型,baseline兼容旧逻辑,风险影响评估类,原因后果查风险指标,风险指标查询,,,困难,潜在原因“Environmental conditions; Dynamic positioning system failure due to excessive environmental conditions”导致后果“Cables stress”时，S、O、D、RPN分别是多少？,S=3.4；O=2.6；D=3；RPN=26,严重度 / S: 3.4 发生度 / O: 2.6 可探测度 / D: 3 风险优先数 / RPN: 26,正确,1.0,1163.43,语义RAG,0.3333,1.0,0,1.0,3,,,3.4；2.6；3.0；26.0,,,,3.4；2.6；3.0；26.0,潜在失效原因/机理；潜在失效后果；严酷度(S)；发生度(O)；可探测度(D)；风险优先数(RPN),117,
1492,1492,baseline模型,baseline兼容旧逻辑,风险影响评估类,原因后果查风险指标,风险指标查询,,,困难,潜在原因“Design Phase; Underestimation of dynamic conditions - Unexpected contingency scenario ( loss of mooring line )”导致后果“Weakening of cable materials - loss of production”时，S、O、D、RPN分别是多少？,S=4.4；O=1.8；D=3；RPN=18.5,严重度 / S: 4.4 发生度 / O: 1.8 可探测度 / D: 3 风险优先数 / RPN: 18.5,正确,1.0,858.01,语义RAG,1.0,1.0,0,1.0,3,,,4.4；1.8；3.0；18.5,,,,4.4；1.8；3.0；18.5,潜在失效原因/机理；潜在失效后果；严酷度(S)；发生度(O)；可探测度(D)；风险优先数(RPN),119,
1493,1493,baseline模型,baseline兼容旧逻辑,风险影响评估类,原因后果查风险指标,风险指标查询,,,困难,潜在原因“Design Phase; Design inefficiency”导致后果“Cable being vulnerable to scour and need for repair or replacement”时，S、O、D、RPN分别是多少？,S=3.8；O=2.2；D=4.4；RPN=38.4,严重度 / S: 3.8 发生度 / O: 2.2 可探测度 / D: 4.4 风险优先数 / RPN: 38.4,正确,1.0,826.63,语义RAG,1.0,1.0,0,1.0,3,,,3.8；2.2；4.4；38.4,,,,3.8；2.2；4.4；38.4,潜在失效原因/机理；潜在失效后果；严酷度(S)；发生度(O)；可探测度(D)；风险优先数(RPN),121,
1494,1494,baseline模型,baseline兼容旧逻辑,风险影响评估类,原因后果查风险指标,风险指标查询,,,困难,潜在原因“Design Phase; lack of data of the deployment location”导致后果“Cable being vulnerable to scour and need for repair or replacement”时，S、O、D、RPN分别是多少？,S=3.8；O=2.6；D=4.4；RPN=44,严重度 / S: 3.8 发生度 / O: 2.6 可探测度 / D: 4.4 风险优先数 / RPN: 44,正确,1.0,1184.69,语义RAG,1.0,1.0,0,1.0,3,,,3.8；2.6；4.4；44.0,,,,3.8；2.6；4.4；44.0,潜在失效原因/机理；潜在失效后果；严酷度(S)；发生度(O)；可探测度(D)；风险优先数(RPN),122,
1495,1495,baseline模型,baseline兼容旧逻辑,风险影响评估类,原因后果查风险指标,风险指标查询,,,困难,潜在原因“Installation phase; incorrect installation”导致后果“Cable being vulnerable to scour and need for repair or replacement”时，S、O、D、RPN分别是多少？,S=3.8；O=2.8；D=4；RPN=41.6,严重度 / S: 3.8 发生度 / O: 2.8 可探测度 / D: 4 风险优先数 / RPN: 41.6,正确,1.0,1194.85,语义RAG,1.0,1.0,0,1.0,3,,,3.8；2.8；4.0；41.6,,,,3.8；2.8；4.0；41.6,潜在失效原因/机理；潜在失效后果；严酷度(S)；发生度(O)；可探测度(D)；风险优先数(RPN),123,
1496,1496,baseline模型,baseline兼容旧逻辑,风险影响评估类,原因后果查风险指标,风险指标查询,,,困难,"潜在原因“Environmental conditions; Environmental exposure - wear”导致后果“Structural damage - cable weakening, exposure to elements”时，S、O、D、RPN分别是多少？",S=3.6；O=2.2；D=3.75；RPN=29,严重度 / S: 3.6 发生度 / O: 2.2 可探测度 / D: 3.75 风险优先数 / RPN: 29,正确,1.0,778.81,语义RAG,0.3333,1.0,0,1.0,3,,,3.6；2.2；3.75；29.0,,,,3.6；2.2；3.75；29.0,潜在失效原因/机理；潜在失效后果；严酷度(S)；发生度(O)；可探测度(D)；风险优先数(RPN),124,
1497,1497,baseline模型,baseline兼容旧逻辑,风险影响评估类,原因后果查风险指标,风险指标查询,,,困难,"潜在原因“Design Phase; Insufficient information for the deployment location”导致后果“need for re-burial, change of cable protection requirement or even replacement of cable”时，S、O、D、RPN分别是多少？",S=3.6；O=2.4；D=3.8；RPN=28.6,严重度 / S: 3.6 发生度 / O: 2.4 可探测度 / D: 3.8 风险优先数 / RPN: 28.6,正确,1.0,841.19,语义RAG,1.0,1.0,0,1.0,3,,,3.6；2.4；3.8；28.6,,,,3.6；2.4；3.8；28.6,潜在失效原因/机理；潜在失效后果；严酷度(S)；发生度(O)；可探测度(D)；风险优先数(RPN),125,
1498,1498,baseline模型,baseline兼容旧逻辑,风险影响评估类,原因后果查风险指标,风险指标查询,,,困难,"潜在原因“Environmental conditions; exposure of seabed cover to extreme environmental phenomena”导致后果“need for re-burial, change of cable protection requirement or even replacement of cable”时，S、O、D、RPN分别是多少？",S=3.6；O=2.2；D=4.2；RPN=29.6,严重度 / S: 3.6 发生度 / O: 2.2 可探测度 / D: 4.2 风险优先数 / RPN: 29.6,正确,1.0,787.17,语义RAG,1.0,1.0,0,1.0,3,,,3.6；2.2；4.2；29.6,,,,3.6；2.2；4.2；29.6,潜在失效原因/机理；潜在失效后果；严酷度(S)；发生度(O)；可探测度(D)；风险优先数(RPN),127,
1499,1499,baseline模型,baseline兼容旧逻辑,风险影响评估类,原因后果查风险指标,风险指标查询,,,困难,潜在原因“Operation; Mechanical stress - excessive bending”导致后果“Cable damage - insulation degradation”时，S、O、D、RPN分别是多少？,S=3.4；O=2.6；D=3.2；RPN=28.6,严重度 / S: 3.4 发生度 / O: 2.6 可探测度 / D: 3.2 风险优先数 / RPN: 28.6,正确,1.0,823.25,语义RAG,0.3333,1.0,0,1.0,3,,,3.4；2.6；3.2；28.6,,,,3.4；2.6；3.2；28.6,潜在失效原因/机理；潜在失效后果；严酷度(S)；发生度(O)；可探测度(D)；风险优先数(RPN),128,
1500,1500,baseline模型,baseline兼容旧逻辑,风险影响评估类,项目原因查后果与RPN,项目范围风险评估,,,困难,在项目/功能“Tower / Tower / Primary steelwork”中，由“Design phase; Resonance occurs when the natural frequency of the tower or other components of the wind turbine matches the frequency of the wind or other external forces.”引起的故障，其失效后果和RPN是什么？,Excessive Fatigue Life Consumption；RPN=33.33,失效后果 / FailureEffect: Excessive Fatigue Life Consumption 风险优先数 / RPN: 33.33,正确,1.0,733.82,语义RAG,0.3333,1.0,0,1.0,3,,,33.33,,,Excessive Fatigue Life Consumption,33.33,项目/功能；潜在失效原因/机理；潜在失效后果；风险优先数(RPN),0,
