序号,全局序号,消融模型,去除模块,情景类别,题型,来源标签,模块标签,模块标签说明,难度,问题,参考答案,模型回答,是否正确,部分准确率,耗时毫秒,回答路径,上下文精确率,证据召回率,幻觉标记,多跳路径覆盖率,上下文条数,缺失文本项,缺失数值项,命中数值,无证据编号,无证据数值,标准文本项,标准数值项,预期字段,原始行号,错误信息
1,1,Full-M2去除确定性规则问答模块,M2 确定性规则问答模块,风险影响评估类,project_avg_rpn,,M2_规则推理,规则推理,中等,项目/功能“动力电池”的平均RPN是多少？,平均RPN=133.00,项目/功能“动力电池”的平均RPN是：133。,正确,1.0,124.73,语义RAG,0.3333,1.0,0,,9,,,133.0,,,,133.0,RPN,1,
2,2,Full-M2去除确定性规则问答模块,M2 确定性规则问答模块,风险影响评估类,project_top_mode,,M2_规则推理,规则推理,中等,项目/功能“动力电池”里RPN最高的失效模式是什么？,单体电压过低；RPN=168.0,"待确认：证据不足，缺少关键约束：failure_mode, metric。",错误,0.0,19.31,拒答/证据不足,,0.0,0,,0,单体电压过低,168.0,,,,单体电压过低,168.0,FailureMode；RPN,1,
3,3,Full-M2去除确定性规则问答模块,M2 确定性规则问答模块,风险影响评估类,project_top_effect,,M2_规则推理,规则推理,中等,项目/功能“动力电池”里RPN最高的那条，它的后果是什么？,影响用户使用,当前召回的图谱摘要证据中，最高风险条目为：FMEA编号是：LFP003；失效模式是：巡航里程低于额定值；RPN是：168；原因是：电池组单节容量降低或整体过低；后果是：影响用户使用；建议措施是：更换电压过低电池。,正确,1.0,62.56,语义RAG,0.2222,1.0,0,1.0,9,,,,,,影响用户使用,,FailureEffect,1,
4,4,Full-M2去除确定性规则问答模块,M2 确定性规则问答模块,故障原因诊断类,cause_code,,M1_编号直答,CSV直答,简单,FMEA编号“LFP001”这条的潜在失效原因/机理是什么？,1、电池组开路 2、未明确区分正负极 3、主电缆未连接、连接错误或器件损坏,FMEA编号“LFP001”对应的失效模式“现场电池组无输出电压”的潜在失效原因/机理是：1、电池组开路 2、未明确区分正负极 3、主电缆未连接、连接错误或器件损坏。,正确,1.0,2.83,CSV直答,1.0,1.0,0,,1,,,1.0；1.0；2.0；3.0,,,1、电池组开路 2、未明确区分正负极 3、主电缆未连接、连接错误或器件损坏,,,0,
5,5,Full-M2去除确定性规则问答模块,M2 确定性规则问答模块,风险影响评估类,effect_code,,M1_编号直答,CSV直答,简单,FMEA编号“LFP001”这条的潜在失效后果是什么？,电池组无法工作,FMEA编号“LFP001”对应的失效模式“现场电池组无输出电压”的潜在失效后果是：电池组无法工作。,正确,1.0,2.19,CSV直答,1.0,1.0,0,,1,,,,,,电池组无法工作,,,0,
6,6,Full-M2去除确定性规则问答模块,M2 确定性规则问答模块,风险影响评估类,rpn_code,,M1_编号直答,CSV直答,简单,FMEA编号“LFP001”这条的RPN是多少？,RPN=63.0,FMEA编号“LFP001”对应的失效模式“现场电池组无输出电压”的RPN是：63。,正确,1.0,2.08,CSV直答,1.0,1.0,0,,1,,,63.0,,,,63.0,RPN,0,
7,7,Full-M2去除确定性规则问答模块,M2 确定性规则问答模块,风险影响评估类,s_code,,M1_编号直答,CSV直答,简单,FMEA编号“LFP001”这条的S是多少？,S=7.0,7,正确,1.0,701.75,语义RAG,0.3333,1.0,0,,6,,,7.0,,,,7.0,S,0,
8,8,Full-M2去除确定性规则问答模块,M2 确定性规则问答模块,风险影响评估类,o_code,,M1_编号直答,CSV直答,简单,FMEA编号“LFP001”这条的O是多少？,O=3.0,3,正确,1.0,262.21,语义RAG,0.3333,1.0,0,,6,,,3.0,,,,3.0,O,0,
9,9,Full-M2去除确定性规则问答模块,M2 确定性规则问答模块,风险影响评估类,d_code,,M1_编号直答,CSV直答,简单,FMEA编号“LFP001”这条的D是多少？,D=3.0,3,正确,1.0,288.88,语义RAG,0.3333,1.0,0,,6,,,3.0,,,,3.0,D,0,
10,10,Full-M2去除确定性规则问答模块,M2 确定性规则问答模块,故障措施推荐类,action_code,,M1_编号直答,CSV直答,简单,FMEA编号“LFP001”这条的建议措施是什么？,现场更换损坏器件和改正错误,FMEA编号“LFP001”对应的失效模式“现场电池组无输出电压”的建议措施是：现场更换损坏器件和改正错误。,正确,1.0,4.58,CSV直答,1.0,1.0,0,,1,,,,,,现场更换损坏器件和改正错误,,RecommendedAction,0,
11,11,Full-M2去除确定性规则问答模块,M2 确定性规则问答模块,故障原因诊断类,cause_mode,,M3_查询理解与语义检索增强,口语化/模糊检索,简单,失效模式“现场电池组无输出电压”对应的潜在失效原因/机理是什么？,1、电池组开路 2、未明确区分正负极 3、主电缆未连接、连接错误或器件损坏,失效模式“现场电池组无输出电压”的潜在失效原因/机理是：1、电池组开路 2、未明确区分正负极 3、主电缆未连接、连接错误或器件损坏。,正确,1.0,3.58,CSV直答,0.0,0.0,0,,1,,,1.0；2.0；3.0,,,1、电池组开路 2、未明确区分正负极 3、主电缆未连接、连接错误或器件损坏,,,0,
12,12,Full-M2去除确定性规则问答模块,M2 确定性规则问答模块,风险影响评估类,effect_mode,,M3_查询理解与语义检索增强,口语化/模糊检索,简单,失效模式“现场电池组无输出电压”对应的潜在失效后果是什么？,电池组无法工作,失效模式“现场电池组无输出电压”的潜在失效后果是：电池组无法工作。,正确,1.0,3.56,CSV直答,0.0,0.0,0,,1,,,,,,电池组无法工作,,,0,
13,13,Full-M2去除确定性规则问答模块,M2 确定性规则问答模块,风险影响评估类,rpn_mode,,M3_查询理解与语义检索增强,口语化/模糊检索,简单,失效模式“现场电池组无输出电压”的RPN是多少？,RPN=63.0,失效模式“现场电池组无输出电压”的RPN是：63。,正确,1.0,3.49,CSV直答,0.0,0.0,0,,1,,,63.0,,,,63.0,RPN,0,
14,14,Full-M2去除确定性规则问答模块,M2 确定性规则问答模块,故障措施推荐类,action_mode,,M3_查询理解与语义检索增强,口语化/模糊检索,简单,失效模式“现场电池组无输出电压”对应的建议措施是什么？,现场更换损坏器件和改正错误,针对失效模式“现场电池组无输出电压”，建议措施是：现场更换损坏器件和改正错误。,正确,1.0,3.61,CSV直答,0.0,0.0,0,,1,,,,,,现场更换损坏器件和改正错误,,RecommendedAction,0,
15,15,Full-M2去除确定性规则问答模块,M2 确定性规则问答模块,故障原因诊断类,cause_colloquial,,M3_查询理解与语义检索增强,口语化/模糊检索,中等,在项目/功能“动力电池”里，失效模式“现场电池组无输出电压”这个问题，原因讲白一点是什么？,1、电池组开路 2、未明确区分正负极 3、主电缆未连接、连接错误或器件损坏,1、电池组开路 2、未明确区分正负极 3、主电缆未连接、连接错误或器件损坏,正确,1.0,1225.82,语义RAG,0.5,1.0,0,,6,,,1.0；2.0；3.0,,,1、电池组开路 2、未明确区分正负极 3、主电缆未连接、连接错误或器件损坏,,,0,
16,16,Full-M2去除确定性规则问答模块,M2 确定性规则问答模块,风险影响评估类,effect_colloquial,,M3_查询理解与语义检索增强,口语化/模糊检索,中等,在项目/功能“动力电池”里，失效模式“现场电池组无输出电压”最后会带来什么后果？,电池组无法工作,项目/功能=动力电池；失效模式=现场电池组无输出电压；失效后果=电池组无法工作。,正确,1.0,57.63,QueryIR结构化查询,1.0,1.0,0,,1,,,,,,电池组无法工作,,,0,
17,17,Full-M2去除确定性规则问答模块,M2 确定性规则问答模块,故障措施推荐类,action_colloquial,,M3_查询理解与语义检索增强,口语化/模糊检索,中等,在项目/功能“动力电池”里，失效模式“现场电池组无输出电压”一般怎么处理？,现场更换损坏器件和改正错误,更换损坏器件和改正错误。,错误,0.0,903.36,语义RAG,0.6667,1.0,0,,6,现场更换损坏器件和改正错误,,,,,现场更换损坏器件和改正错误,,,0,
18,18,Full-M2去除确定性规则问答模块,M2 确定性规则问答模块,风险影响评估类,risk_colloquial,,M3_查询理解与语义检索增强,口语化/模糊检索,中等,在项目/功能“动力电池”里，失效模式“现场电池组无输出电压”的风险最后会体现成什么？,电池组无法工作,失效模式是：现场电池组无输出电压；项目/功能是：动力电池；失效后果是：电池组无法工作。,正确,1.0,66.74,语义RAG,0.6667,1.0,0,,6,,,,,,电池组无法工作,,,0,
19,19,Full-M2去除确定性规则问答模块,M2 确定性规则问答模块,故障原因诊断类,cause_bool,,M4_证据裁决,证据裁决,简单,FMEA编号“LFP001”对应的原因是否就是“1、电池组开路 2、未明确区分正负极 3、主电缆未连接、连接错误或器件损坏”？,是,是。FMEA编号“LFP001”对应的失效模式“现场电池组无输出电压”的潜在失效原因/机理是：1、电池组开路 2、未明确区分正负极 3、主电缆未连接、连接错误或器件损坏。,正确,1.0,2.61,CSV直答,1.0,1.0,0,,1,,,,,,,,是/否判断,0,
20,20,Full-M2去除确定性规则问答模块,M2 确定性规则问答模块,风险影响评估类,risk_bool,,M4_证据裁决,证据裁决,简单,FMEA编号“LFP001”对应的后果是否就是“电池组无法工作”？,是,是。FMEA编号“LFP001”对应的失效模式“现场电池组无输出电压”的潜在失效后果是：电池组无法工作。,正确,1.0,2.38,CSV直答,1.0,1.0,0,,1,,,,,,,,是/否判断,0,
21,21,Full-M2去除确定性规则问答模块,M2 确定性规则问答模块,风险影响评估类,mode_project_bool,,M4_证据裁决,证据裁决,简单,失效模式“现场电池组无输出电压”是不是出现在项目/功能“动力电池”里？,是,是的，失效模式“现场电池组无输出电压”出现在项目/功能“动力电池”里。,正确,1.0,1168.41,语义RAG,0.6667,0.6667,0,,6,,,,,,,,是/否判断,0,
22,22,Full-M2去除确定性规则问答模块,M2 确定性规则问答模块,风险影响评估类,risk_mode_code,,M3_查询理解与语义检索增强,口语化/模糊检索,简单,失效模式“现场电池组无输出电压”对应的FMEA编号是什么？,LFP001,失效模式“现场电池组无输出电压”对应的FMEA编号是：LFP001。,正确,1.0,3.45,CSV直答,0.0,0.0,0,,1,,,1.0,LFP001,,LFP001,,FmeaID,0,
23,23,Full-M2去除确定性规则问答模块,M2 确定性规则问答模块,风险影响评估类,risk_mode_project,,M3_查询理解与语义检索增强,口语化/模糊检索,简单,在项目/功能“动力电池”里，失效模式“现场电池组无输出电压”的后果是什么？,电池组无法工作,项目/功能=动力电池；失效模式=现场电池组无输出电压；失效后果=电池组无法工作。,正确,1.0,7.04,QueryIR结构化查询,1.0,1.0,0,,1,,,,,,电池组无法工作,,,0,
24,24,Full-M2去除确定性规则问答模块,M2 确定性规则问答模块,故障原因诊断类,cause_code,,M1_编号直答,CSV直答,简单,FMEA编号“LFP002”这条的潜在失效原因/机理是什么？,单节电池容量降低或损坏,FMEA编号“LFP002”对应的失效模式“单体电压过低”的潜在失效原因/机理是：单节电池容量降低或损坏。,正确,1.0,2.92,CSV直答,1.0,1.0,0,,1,,,,,,单节电池容量降低或损坏,,,1,
25,25,Full-M2去除确定性规则问答模块,M2 确定性规则问答模块,风险影响评估类,effect_code,,M1_编号直答,CSV直答,简单,FMEA编号“LFP002”这条的潜在失效后果是什么？,影响用户使用,FMEA编号“LFP002”对应的失效模式“单体电压过低”的潜在失效后果是：影响用户使用。,正确,1.0,2.91,CSV直答,1.0,1.0,0,,1,,,,,,影响用户使用,,,1,
26,26,Full-M2去除确定性规则问答模块,M2 确定性规则问答模块,风险影响评估类,rpn_code,,M1_编号直答,CSV直答,简单,FMEA编号“LFP002”这条的RPN是多少？,RPN=168.0,FMEA编号“LFP002”对应的失效模式“单体电压过低”的RPN是：168。,正确,1.0,2.93,CSV直答,1.0,1.0,0,,1,,,168.0,,,,168.0,RPN,1,
27,27,Full-M2去除确定性规则问答模块,M2 确定性规则问答模块,风险影响评估类,s_code,,M1_编号直答,CSV直答,简单,FMEA编号“LFP002”这条的S是多少？,S=7.0,7,正确,1.0,951.57,语义RAG,0.5,1.0,0,,6,,,7.0,,,,7.0,S,1,
28,28,Full-M2去除确定性规则问答模块,M2 确定性规则问答模块,风险影响评估类,o_code,,M1_编号直答,CSV直答,简单,FMEA编号“LFP002”这条的O是多少？,O=4.0,4,正确,1.0,265.86,语义RAG,0.5,1.0,0,,6,,,4.0,,,,4.0,O,1,
29,29,Full-M2去除确定性规则问答模块,M2 确定性规则问答模块,风险影响评估类,d_code,,M1_编号直答,CSV直答,简单,FMEA编号“LFP002”这条的D是多少？,D=6.0,6,正确,1.0,292.88,语义RAG,0.5,1.0,0,,6,,,6.0,,,,6.0,D,1,
30,30,Full-M2去除确定性规则问答模块,M2 确定性规则问答模块,故障措施推荐类,action_code,,M1_编号直答,CSV直答,简单,FMEA编号“LFP002”这条的建议措施是什么？,更换电压过低电池,FMEA编号“LFP002”对应的失效模式“单体电压过低”的建议措施是：更换电压过低电池。,正确,1.0,4.56,CSV直答,1.0,1.0,0,,1,,,,,,更换电压过低电池,,RecommendedAction,1,
31,31,Full-M2去除确定性规则问答模块,M2 确定性规则问答模块,故障原因诊断类,cause_mode,,M3_查询理解与语义检索增强,口语化/模糊检索,简单,失效模式“单体电压过低”对应的潜在失效原因/机理是什么？,单节电池容量降低或损坏,失效模式“单体电压过低”的潜在失效原因/机理是：单节电池容量降低或损坏。,正确,1.0,3.66,CSV直答,0.0,0.0,0,,1,,,,,,单节电池容量降低或损坏,,,1,
32,32,Full-M2去除确定性规则问答模块,M2 确定性规则问答模块,风险影响评估类,effect_mode,,M3_查询理解与语义检索增强,口语化/模糊检索,简单,失效模式“单体电压过低”对应的潜在失效后果是什么？,影响用户使用,失效模式“单体电压过低”的潜在失效后果是：影响用户使用。,正确,1.0,3.56,CSV直答,0.0,0.0,0,,1,,,,,,影响用户使用,,,1,
33,33,Full-M2去除确定性规则问答模块,M2 确定性规则问答模块,风险影响评估类,rpn_mode,,M3_查询理解与语义检索增强,口语化/模糊检索,简单,失效模式“单体电压过低”的RPN是多少？,RPN=168.0,失效模式“单体电压过低”的RPN是：168。,正确,1.0,3.5,CSV直答,0.0,0.0,0,,1,,,168.0,,,,168.0,RPN,1,
34,34,Full-M2去除确定性规则问答模块,M2 确定性规则问答模块,故障措施推荐类,action_mode,,M3_查询理解与语义检索增强,口语化/模糊检索,简单,失效模式“单体电压过低”对应的建议措施是什么？,更换电压过低电池,针对失效模式“单体电压过低”，建议措施是：更换电压过低电池。,正确,1.0,3.63,CSV直答,0.0,0.0,0,,1,,,,,,更换电压过低电池,,RecommendedAction,1,
35,35,Full-M2去除确定性规则问答模块,M2 确定性规则问答模块,故障原因诊断类,cause_colloquial,,M3_查询理解与语义检索增强,口语化/模糊检索,中等,在项目/功能“动力电池”里，失效模式“单体电压过低”这个问题，原因讲白一点是什么？,单节电池容量降低或损坏,单节电池容量降低或损坏。,正确,1.0,1097.07,语义RAG,0.3333,1.0,0,,6,,,,,,单节电池容量降低或损坏,,,1,
36,36,Full-M2去除确定性规则问答模块,M2 确定性规则问答模块,风险影响评估类,effect_colloquial,,M3_查询理解与语义检索增强,口语化/模糊检索,中等,在项目/功能“动力电池”里，失效模式“单体电压过低”最后会带来什么后果？,影响用户使用,项目/功能=动力电池；失效模式=单体电压过低；失效后果=影响用户使用。,正确,1.0,7.91,QueryIR结构化查询,1.0,1.0,0,,1,,,,,,影响用户使用,,,1,
37,37,Full-M2去除确定性规则问答模块,M2 确定性规则问答模块,故障措施推荐类,action_colloquial,,M3_查询理解与语义检索增强,口语化/模糊检索,中等,在项目/功能“动力电池”里，失效模式“单体电压过低”一般怎么处理？,更换电压过低电池,更换电压过低电池。,正确,1.0,956.85,语义RAG,0.5,1.0,0,,6,,,,,,更换电压过低电池,,,1,
38,38,Full-M2去除确定性规则问答模块,M2 确定性规则问答模块,风险影响评估类,risk_colloquial,,M3_查询理解与语义检索增强,口语化/模糊检索,中等,在项目/功能“动力电池”里，失效模式“单体电压过低”的风险最后会体现成什么？,影响用户使用,后果=影响用户使用,正确,1.0,529.79,语义RAG,0.5,1.0,0,,6,,,,,,影响用户使用,,,1,
39,39,Full-M2去除确定性规则问答模块,M2 确定性规则问答模块,故障原因诊断类,cause_bool,,M4_证据裁决,证据裁决,简单,FMEA编号“LFP002”对应的原因是否就是“单节电池容量降低或损坏”？,是,是。FMEA编号“LFP002”对应的失效模式“单体电压过低”的潜在失效原因/机理是：单节电池容量降低或损坏。,正确,1.0,3.65,CSV直答,1.0,1.0,0,,1,,,,,,,,是/否判断,1,
40,40,Full-M2去除确定性规则问答模块,M2 确定性规则问答模块,风险影响评估类,risk_bool,,M4_证据裁决,证据裁决,简单,FMEA编号“LFP002”对应的后果是否就是“影响用户使用”？,是,是。FMEA编号“LFP002”对应的失效模式“单体电压过低”的潜在失效后果是：影响用户使用。,正确,1.0,3.01,CSV直答,1.0,1.0,0,,1,,,,,,,,是/否判断,1,
41,41,Full-M2去除确定性规则问答模块,M2 确定性规则问答模块,风险影响评估类,mode_project_bool,,M4_证据裁决,证据裁决,简单,失效模式“单体电压过低”是不是出现在项目/功能“动力电池”里？,是,是的，失效模式“单体电压过低”出现在项目/功能“动力电池”里。,正确,1.0,1023.61,语义RAG,0.6667,0.6667,0,,6,,,,,,,,是/否判断,1,
42,42,Full-M2去除确定性规则问答模块,M2 确定性规则问答模块,风险影响评估类,risk_mode_code,,M3_查询理解与语义检索增强,口语化/模糊检索,简单,失效模式“单体电压过低”对应的FMEA编号是什么？,LFP002,失效模式“单体电压过低”对应的FMEA编号是：LFP002。,正确,1.0,3.6,CSV直答,0.0,0.0,0,,1,,,2.0,LFP002,,LFP002,,FmeaID,1,
43,43,Full-M2去除确定性规则问答模块,M2 确定性规则问答模块,风险影响评估类,risk_mode_project,,M3_查询理解与语义检索增强,口语化/模糊检索,简单,在项目/功能“动力电池”里，失效模式“单体电压过低”的后果是什么？,影响用户使用,项目/功能=动力电池；失效模式=单体电压过低；失效后果=影响用户使用。,正确,1.0,6.77,QueryIR结构化查询,1.0,1.0,0,,1,,,,,,影响用户使用,,,1,
44,44,Full-M2去除确定性规则问答模块,M2 确定性规则问答模块,故障原因诊断类,cause_code,,M1_编号直答,CSV直答,简单,FMEA编号“LFP003”这条的潜在失效原因/机理是什么？,电池组单节容量降低或整体过低,FMEA编号“LFP003”对应的失效模式“巡航里程低于额定值”的潜在失效原因/机理是：电池组单节容量降低或整体过低。,正确,1.0,2.93,CSV直答,1.0,1.0,0,,1,,,,,,电池组单节容量降低或整体过低,,,2,
45,45,Full-M2去除确定性规则问答模块,M2 确定性规则问答模块,风险影响评估类,effect_code,,M1_编号直答,CSV直答,简单,FMEA编号“LFP003”这条的潜在失效后果是什么？,影响用户使用,FMEA编号“LFP003”对应的失效模式“巡航里程低于额定值”的潜在失效后果是：影响用户使用。,正确,1.0,2.87,CSV直答,1.0,1.0,0,,1,,,,,,影响用户使用,,,2,
46,46,Full-M2去除确定性规则问答模块,M2 确定性规则问答模块,风险影响评估类,rpn_code,,M1_编号直答,CSV直答,简单,FMEA编号“LFP003”这条的RPN是多少？,RPN=168.0,FMEA编号“LFP003”对应的失效模式“巡航里程低于额定值”的RPN是：168。,正确,1.0,2.83,CSV直答,1.0,1.0,0,,1,,,168.0,,,,168.0,RPN,2,
47,47,Full-M2去除确定性规则问答模块,M2 确定性规则问答模块,风险影响评估类,s_code,,M1_编号直答,CSV直答,简单,FMEA编号“LFP003”这条的S是多少？,S=7.0,7,正确,1.0,911.95,语义RAG,0.5,1.0,0,,6,,,7.0,,,,7.0,S,2,
48,48,Full-M2去除确定性规则问答模块,M2 确定性规则问答模块,风险影响评估类,o_code,,M1_编号直答,CSV直答,简单,FMEA编号“LFP003”这条的O是多少？,O=4.0,4,正确,1.0,240.13,语义RAG,0.5,1.0,0,,6,,,4.0,,,,4.0,O,2,
49,49,Full-M2去除确定性规则问答模块,M2 确定性规则问答模块,风险影响评估类,d_code,,M1_编号直答,CSV直答,简单,FMEA编号“LFP003”这条的D是多少？,D=6.0,6,正确,1.0,307.71,语义RAG,0.5,1.0,0,,6,,,6.0,,,,6.0,D,2,
50,50,Full-M2去除确定性规则问答模块,M2 确定性规则问答模块,故障措施推荐类,action_code,,M1_编号直答,CSV直答,简单,FMEA编号“LFP003”这条的建议措施是什么？,更换电压过低电池,FMEA编号“LFP003”对应的失效模式“巡航里程低于额定值”的建议措施是：更换电压过低电池。,正确,1.0,4.71,CSV直答,1.0,1.0,0,,1,,,,,,更换电压过低电池,,RecommendedAction,2,
51,51,Full-M2去除确定性规则问答模块,M2 确定性规则问答模块,故障原因诊断类,cause_mode,,M3_查询理解与语义检索增强,口语化/模糊检索,简单,失效模式“巡航里程低于额定值”对应的潜在失效原因/机理是什么？,电池组单节容量降低或整体过低,失效模式“巡航里程低于额定值”的潜在失效原因/机理是：电池组单节容量降低或整体过低。,正确,1.0,3.79,CSV直答,0.0,0.0,0,,1,,,,,,电池组单节容量降低或整体过低,,,2,
52,52,Full-M2去除确定性规则问答模块,M2 确定性规则问答模块,风险影响评估类,effect_mode,,M3_查询理解与语义检索增强,口语化/模糊检索,简单,失效模式“巡航里程低于额定值”对应的潜在失效后果是什么？,影响用户使用,失效模式“巡航里程低于额定值”的潜在失效后果是：影响用户使用。,正确,1.0,3.69,CSV直答,0.0,0.0,0,,1,,,,,,影响用户使用,,,2,
53,53,Full-M2去除确定性规则问答模块,M2 确定性规则问答模块,风险影响评估类,rpn_mode,,M3_查询理解与语义检索增强,口语化/模糊检索,简单,失效模式“巡航里程低于额定值”的RPN是多少？,RPN=168.0,失效模式“巡航里程低于额定值”的RPN是：168。,正确,1.0,3.59,CSV直答,0.0,0.0,0,,1,,,168.0,,,,168.0,RPN,2,
54,54,Full-M2去除确定性规则问答模块,M2 确定性规则问答模块,故障措施推荐类,action_mode,,M3_查询理解与语义检索增强,口语化/模糊检索,简单,失效模式“巡航里程低于额定值”对应的建议措施是什么？,更换电压过低电池,针对失效模式“巡航里程低于额定值”，建议措施是：更换电压过低电池。,正确,1.0,3.73,CSV直答,0.0,0.0,0,,1,,,,,,更换电压过低电池,,RecommendedAction,2,
55,55,Full-M2去除确定性规则问答模块,M2 确定性规则问答模块,故障原因诊断类,cause_colloquial,,M3_查询理解与语义检索增强,口语化/模糊检索,中等,在项目/功能“动力电池”里，失效模式“巡航里程低于额定值”这个问题，原因讲白一点是什么？,电池组单节容量降低或整体过低,电池组单节容量降低或整体过低。,正确,1.0,1128.14,语义RAG,0.3333,1.0,0,,6,,,,,,电池组单节容量降低或整体过低,,,2,
56,56,Full-M2去除确定性规则问答模块,M2 确定性规则问答模块,风险影响评估类,effect_colloquial,,M3_查询理解与语义检索增强,口语化/模糊检索,中等,在项目/功能“动力电池”里，失效模式“巡航里程低于额定值”最后会带来什么后果？,影响用户使用,项目/功能=动力电池；失效模式=巡航里程低于额定值；失效后果=影响用户使用。,正确,1.0,10.96,QueryIR结构化查询,1.0,1.0,0,,1,,,,,,影响用户使用,,,2,
57,57,Full-M2去除确定性规则问答模块,M2 确定性规则问答模块,故障措施推荐类,action_colloquial,,M3_查询理解与语义检索增强,口语化/模糊检索,中等,在项目/功能“动力电池”里，失效模式“巡航里程低于额定值”一般怎么处理？,更换电压过低电池,更换电压过低电池。,正确,1.0,928.51,语义RAG,0.6667,1.0,0,,6,,,,,,更换电压过低电池,,,2,
58,58,Full-M2去除确定性规则问答模块,M2 确定性规则问答模块,风险影响评估类,risk_colloquial,,M3_查询理解与语义检索增强,口语化/模糊检索,中等,在项目/功能“动力电池”里，失效模式“巡航里程低于额定值”的风险最后会体现成什么？,影响用户使用,后果=影响用户使用,正确,1.0,470.8,语义RAG,0.6667,1.0,0,,6,,,,,,影响用户使用,,,2,
59,59,Full-M2去除确定性规则问答模块,M2 确定性规则问答模块,故障原因诊断类,cause_bool,,M4_证据裁决,证据裁决,简单,FMEA编号“LFP003”对应的原因是否就是“电池组单节容量降低或整体过低”？,是,是。FMEA编号“LFP003”对应的失效模式“巡航里程低于额定值”的潜在失效原因/机理是：电池组单节容量降低或整体过低。,正确,1.0,4.74,CSV直答,1.0,1.0,0,,1,,,,,,,,是/否判断,2,
60,60,Full-M2去除确定性规则问答模块,M2 确定性规则问答模块,风险影响评估类,risk_bool,,M4_证据裁决,证据裁决,简单,FMEA编号“LFP003”对应的后果是否就是“影响用户使用”？,是,是。FMEA编号“LFP003”对应的失效模式“巡航里程低于额定值”的潜在失效后果是：影响用户使用。,正确,1.0,4.26,CSV直答,1.0,1.0,0,,1,,,,,,,,是/否判断,2,
61,61,Full-M2去除确定性规则问答模块,M2 确定性规则问答模块,风险影响评估类,mode_project_bool,,M4_证据裁决,证据裁决,简单,失效模式“巡航里程低于额定值”是不是出现在项目/功能“动力电池”里？,是,是的，失效模式“巡航里程低于额定值”出现在项目/功能“动力电池”里。,正确,1.0,1114.04,语义RAG,0.6667,0.6667,0,,6,,,,,,,,是/否判断,2,
62,62,Full-M2去除确定性规则问答模块,M2 确定性规则问答模块,风险影响评估类,risk_mode_code,,M3_查询理解与语义检索增强,口语化/模糊检索,简单,失效模式“巡航里程低于额定值”对应的FMEA编号是什么？,LFP003,失效模式“巡航里程低于额定值”对应的FMEA编号是：LFP003。,正确,1.0,3.59,CSV直答,0.0,0.0,0,,1,,,3.0,LFP003,,LFP003,,FmeaID,2,
63,63,Full-M2去除确定性规则问答模块,M2 确定性规则问答模块,风险影响评估类,risk_mode_project,,M3_查询理解与语义检索增强,口语化/模糊检索,简单,在项目/功能“动力电池”里，失效模式“巡航里程低于额定值”的后果是什么？,影响用户使用,项目/功能=动力电池；失效模式=巡航里程低于额定值；失效后果=影响用户使用。,正确,1.0,6.37,QueryIR结构化查询,1.0,1.0,0,,1,,,,,,影响用户使用,,,2,
64,64,Full-M2去除确定性规则问答模块,M2 确定性规则问答模块,风险影响评估类,project_avg_rpn,,M2_规则推理,规则推理,中等,项目/功能“电池组箱体”的平均RPN是多少？,平均RPN=106.00,项目/功能“电池组箱体”的平均RPN是：106。,正确,1.0,66.69,语义RAG,0.2222,1.0,0,,9,,,106.0,,,,106.0,RPN,3,
65,65,Full-M2去除确定性规则问答模块,M2 确定性规则问答模块,风险影响评估类,project_top_mode,,M2_规则推理,规则推理,中等,项目/功能“电池组箱体”里RPN最高的失效模式是什么？,电池箱体进水；RPN=126.0,"待确认：证据不足，缺少关键约束：failure_mode, metric。",错误,0.0,5.72,拒答/证据不足,,0.0,0,,0,电池箱体进水,126.0,,,,电池箱体进水,126.0,FailureMode；RPN,3,
66,66,Full-M2去除确定性规则问答模块,M2 确定性规则问答模块,风险影响评估类,project_top_effect,,M2_规则推理,规则推理,中等,项目/功能“电池组箱体”里RPN最高的那条，它的后果是什么？,电池短路、电子器件失效或损坏、箱体生锈,当前召回的图谱摘要证据中，最高风险条目为：FMEA编号是：LFP004；失效模式是：电池箱体进水；RPN是：126；原因是：电池箱体密封不严；后果是：电池短路、电子器件失效或损坏、箱体生锈；建议措施是：现场做防水处理。,正确,1.0,53.39,语义RAG,0.1667,1.0,0,1.0,12,,,,,,电池短路、电子器件失效或损坏、箱体生锈,,FailureEffect,3,
67,67,Full-M2去除确定性规则问答模块,M2 确定性规则问答模块,故障原因诊断类,cause_code,,M1_编号直答,CSV直答,简单,FMEA编号“LFP004”这条的潜在失效原因/机理是什么？,电池箱体密封不严,FMEA编号“LFP004”对应的失效模式“电池箱体进水”的潜在失效原因/机理是：电池箱体密封不严。,正确,1.0,3.72,CSV直答,1.0,1.0,0,,1,,,,,,电池箱体密封不严,,,3,
68,68,Full-M2去除确定性规则问答模块,M2 确定性规则问答模块,风险影响评估类,effect_code,,M1_编号直答,CSV直答,简单,FMEA编号“LFP004”这条的潜在失效后果是什么？,电池短路、电子器件失效或损坏、箱体生锈,FMEA编号“LFP004”对应的失效模式“电池箱体进水”的潜在失效后果是：电池短路、电子器件失效或损坏、箱体生锈。,正确,1.0,3.08,CSV直答,1.0,1.0,0,,1,,,,,,电池短路、电子器件失效或损坏、箱体生锈,,,3,
69,69,Full-M2去除确定性规则问答模块,M2 确定性规则问答模块,风险影响评估类,rpn_code,,M1_编号直答,CSV直答,简单,FMEA编号“LFP004”这条的RPN是多少？,RPN=126.0,FMEA编号“LFP004”对应的失效模式“电池箱体进水”的RPN是：126。,正确,1.0,3.16,CSV直答,1.0,1.0,0,,1,,,126.0,,,,126.0,RPN,3,
70,70,Full-M2去除确定性规则问答模块,M2 确定性规则问答模块,风险影响评估类,s_code,,M1_编号直答,CSV直答,简单,FMEA编号“LFP004”这条的S是多少？,S=7.0,7,正确,1.0,948.46,语义RAG,0.5,1.0,0,,6,,,7.0,,,,7.0,S,3,
71,71,Full-M2去除确定性规则问答模块,M2 确定性规则问答模块,风险影响评估类,o_code,,M1_编号直答,CSV直答,简单,FMEA编号“LFP004”这条的O是多少？,O=3.0,3,正确,1.0,297.68,语义RAG,0.5,1.0,0,,6,,,3.0,,,,3.0,O,3,
72,72,Full-M2去除确定性规则问答模块,M2 确定性规则问答模块,风险影响评估类,d_code,,M1_编号直答,CSV直答,简单,FMEA编号“LFP004”这条的D是多少？,D=6.0,6,正确,1.0,253.29,语义RAG,0.5,1.0,0,,6,,,6.0,,,,6.0,D,3,
73,73,Full-M2去除确定性规则问答模块,M2 确定性规则问答模块,故障措施推荐类,action_code,,M1_编号直答,CSV直答,简单,FMEA编号“LFP004”这条的建议措施是什么？,现场做防水处理,FMEA编号“LFP004”对应的失效模式“电池箱体进水”的建议措施是：现场做防水处理。,正确,1.0,3.91,CSV直答,1.0,1.0,0,,1,,,,,,现场做防水处理,,RecommendedAction,3,
74,74,Full-M2去除确定性规则问答模块,M2 确定性规则问答模块,故障原因诊断类,cause_mode,,M3_查询理解与语义检索增强,口语化/模糊检索,简单,失效模式“电池箱体进水”对应的潜在失效原因/机理是什么？,电池箱体密封不严,失效模式“电池箱体进水”的潜在失效原因/机理是：电池箱体密封不严。,正确,1.0,3.36,CSV直答,0.0,0.0,0,,1,,,,,,电池箱体密封不严,,,3,
75,75,Full-M2去除确定性规则问答模块,M2 确定性规则问答模块,风险影响评估类,effect_mode,,M3_查询理解与语义检索增强,口语化/模糊检索,简单,失效模式“电池箱体进水”对应的潜在失效后果是什么？,电池短路、电子器件失效或损坏、箱体生锈,失效模式“电池箱体进水”的潜在失效后果是：电池短路、电子器件失效或损坏、箱体生锈。,正确,1.0,3.35,CSV直答,0.0,0.0,0,,1,,,,,,电池短路、电子器件失效或损坏、箱体生锈,,,3,
76,76,Full-M2去除确定性规则问答模块,M2 确定性规则问答模块,风险影响评估类,rpn_mode,,M3_查询理解与语义检索增强,口语化/模糊检索,简单,失效模式“电池箱体进水”的RPN是多少？,RPN=126.0,失效模式“电池箱体进水”的RPN是：126。,正确,1.0,3.32,CSV直答,0.0,0.0,0,,1,,,126.0,,,,126.0,RPN,3,
77,77,Full-M2去除确定性规则问答模块,M2 确定性规则问答模块,故障措施推荐类,action_mode,,M3_查询理解与语义检索增强,口语化/模糊检索,简单,失效模式“电池箱体进水”对应的建议措施是什么？,现场做防水处理,针对失效模式“电池箱体进水”，建议措施是：现场做防水处理。,正确,1.0,3.32,CSV直答,0.0,0.0,0,,1,,,,,,现场做防水处理,,RecommendedAction,3,
78,78,Full-M2去除确定性规则问答模块,M2 确定性规则问答模块,故障原因诊断类,cause_colloquial,,M3_查询理解与语义检索增强,口语化/模糊检索,中等,在项目/功能“电池组箱体”里，失效模式“电池箱体进水”这个问题，原因讲白一点是什么？,电池箱体密封不严,电池箱体密封不严,正确,1.0,1022.53,语义RAG,0.5,1.0,0,,6,,,,,,电池箱体密封不严,,,3,
79,79,Full-M2去除确定性规则问答模块,M2 确定性规则问答模块,风险影响评估类,effect_colloquial,,M3_查询理解与语义检索增强,口语化/模糊检索,中等,在项目/功能“电池组箱体”里，失效模式“电池箱体进水”最后会带来什么后果？,电池短路、电子器件失效或损坏、箱体生锈,项目/功能=电池组箱体；失效模式=电池箱体进水；失效后果=电池短路、电子器件失效或损坏、箱体生锈。,正确,1.0,7.21,QueryIR结构化查询,1.0,1.0,0,,1,,,,,,电池短路、电子器件失效或损坏、箱体生锈,,,3,
80,80,Full-M2去除确定性规则问答模块,M2 确定性规则问答模块,故障措施推荐类,action_colloquial,,M3_查询理解与语义检索增强,口语化/模糊检索,中等,在项目/功能“电池组箱体”里，失效模式“电池箱体进水”一般怎么处理？,现场做防水处理,失效模式是：电池箱体进水；项目/功能是：电池组箱体；建议措施是：现场做防水处理。,正确,1.0,48.11,语义RAG,0.5,1.0,0,,6,,,,,,现场做防水处理,,,3,
81,81,Full-M2去除确定性规则问答模块,M2 确定性规则问答模块,风险影响评估类,risk_colloquial,,M3_查询理解与语义检索增强,口语化/模糊检索,中等,在项目/功能“电池组箱体”里，失效模式“电池箱体进水”的风险最后会体现成什么？,电池短路、电子器件失效或损坏、箱体生锈,失效模式是：电池箱体进水；项目/功能是：电池组箱体；失效后果是：电池短路、电子器件失效或损坏、箱体生锈。,正确,1.0,50.69,语义RAG,0.5,1.0,0,,6,,,,,,电池短路、电子器件失效或损坏、箱体生锈,,,3,
82,82,Full-M2去除确定性规则问答模块,M2 确定性规则问答模块,故障原因诊断类,cause_bool,,M4_证据裁决,证据裁决,简单,FMEA编号“LFP004”对应的原因是否就是“电池箱体密封不严”？,是,是。FMEA编号“LFP004”对应的失效模式“电池箱体进水”的潜在失效原因/机理是：电池箱体密封不严。,正确,1.0,3.04,CSV直答,1.0,1.0,0,,1,,,,,,,,是/否判断,3,
83,83,Full-M2去除确定性规则问答模块,M2 确定性规则问答模块,风险影响评估类,risk_bool,,M4_证据裁决,证据裁决,简单,FMEA编号“LFP004”对应的后果是否就是“电池短路、电子器件失效或损坏、箱体生锈”？,是,是。FMEA编号“LFP004”对应的失效模式“电池箱体进水”的潜在失效后果是：电池短路、电子器件失效或损坏、箱体生锈。,正确,1.0,2.74,CSV直答,1.0,1.0,0,,1,,,,,,,,是/否判断,3,
84,84,Full-M2去除确定性规则问答模块,M2 确定性规则问答模块,风险影响评估类,mode_project_bool,,M4_证据裁决,证据裁决,简单,失效模式“电池箱体进水”是不是出现在项目/功能“电池组箱体”里？,是,是的，失效模式“电池箱体进水”出现在项目/功能“电池组箱体”里。,正确,1.0,1160.96,语义RAG,0.3333,0.3333,0,,6,,,,,,,,是/否判断,3,
85,85,Full-M2去除确定性规则问答模块,M2 确定性规则问答模块,风险影响评估类,risk_mode_code,,M3_查询理解与语义检索增强,口语化/模糊检索,简单,失效模式“电池箱体进水”对应的FMEA编号是什么？,LFP004,失效模式“电池箱体进水”对应的FMEA编号是：LFP004。,正确,1.0,3.55,CSV直答,0.0,0.0,0,,1,,,4.0,LFP004,,LFP004,,FmeaID,3,
86,86,Full-M2去除确定性规则问答模块,M2 确定性规则问答模块,风险影响评估类,risk_mode_project,,M3_查询理解与语义检索增强,口语化/模糊检索,简单,在项目/功能“电池组箱体”里，失效模式“电池箱体进水”的后果是什么？,电池短路、电子器件失效或损坏、箱体生锈,项目/功能=电池组箱体；失效模式=电池箱体进水；失效后果=电池短路、电子器件失效或损坏、箱体生锈。,正确,1.0,7.07,QueryIR结构化查询,1.0,1.0,0,,1,,,,,,电池短路、电子器件失效或损坏、箱体生锈,,,3,
87,87,Full-M2去除确定性规则问答模块,M2 确定性规则问答模块,故障原因诊断类,cause_code,,M1_编号直答,CSV直答,简单,FMEA编号“LFP005”这条的潜在失效原因/机理是什么？,电池箱体密封不严,FMEA编号“LFP005”对应的失效模式“电池箱体进灰尘”的潜在失效原因/机理是：电池箱体密封不严。,正确,1.0,2.9,CSV直答,1.0,1.0,0,,1,,,,,,电池箱体密封不严,,,4,
88,88,Full-M2去除确定性规则问答模块,M2 确定性规则问答模块,风险影响评估类,effect_code,,M1_编号直答,CSV直答,简单,FMEA编号“LFP005”这条的潜在失效后果是什么？,电子器件失效或损坏、影响电池组散热,FMEA编号“LFP005”对应的失效模式“电池箱体进灰尘”的潜在失效后果是：电子器件失效或损坏、影响电池组散热。,正确,1.0,2.77,CSV直答,1.0,1.0,0,,1,,,,,,电子器件失效或损坏、影响电池组散热,,,4,
89,89,Full-M2去除确定性规则问答模块,M2 确定性规则问答模块,风险影响评估类,rpn_code,,M1_编号直答,CSV直答,简单,FMEA编号“LFP005”这条的RPN是多少？,RPN=84.0,FMEA编号“LFP005”对应的失效模式“电池箱体进灰尘”的RPN是：84。,正确,1.0,2.77,CSV直答,1.0,1.0,0,,1,,,84.0,,,,84.0,RPN,4,
90,90,Full-M2去除确定性规则问答模块,M2 确定性规则问答模块,风险影响评估类,s_code,,M1_编号直答,CSV直答,简单,FMEA编号“LFP005”这条的S是多少？,S=7.0,7,正确,1.0,965.76,语义RAG,0.5,1.0,0,,6,,,7.0,,,,7.0,S,4,
91,91,Full-M2去除确定性规则问答模块,M2 确定性规则问答模块,风险影响评估类,o_code,,M1_编号直答,CSV直答,简单,FMEA编号“LFP005”这条的O是多少？,O=2.0,2,正确,1.0,273.09,语义RAG,0.5,1.0,0,,6,,,2.0,,,,2.0,O,4,
92,92,Full-M2去除确定性规则问答模块,M2 确定性规则问答模块,风险影响评估类,d_code,,M1_编号直答,CSV直答,简单,FMEA编号“LFP005”这条的D是多少？,D=6.0,6,正确,1.0,293.76,语义RAG,0.5,1.0,0,,6,,,6.0,,,,6.0,D,4,
93,93,Full-M2去除确定性规则问答模块,M2 确定性规则问答模块,故障措施推荐类,action_code,,M1_编号直答,CSV直答,简单,FMEA编号“LFP005”这条的建议措施是什么？,现场做防尘处理,FMEA编号“LFP005”对应的失效模式“电池箱体进灰尘”的建议措施是：现场做防尘处理。,正确,1.0,4.58,CSV直答,1.0,1.0,0,,1,,,,,,现场做防尘处理,,RecommendedAction,4,
94,94,Full-M2去除确定性规则问答模块,M2 确定性规则问答模块,故障原因诊断类,cause_mode,,M3_查询理解与语义检索增强,口语化/模糊检索,简单,失效模式“电池箱体进灰尘”对应的潜在失效原因/机理是什么？,电池箱体密封不严,失效模式“电池箱体进灰尘”的潜在失效原因/机理是：电池箱体密封不严。,正确,1.0,3.82,CSV直答,0.0,0.0,0,,1,,,,,,电池箱体密封不严,,,4,
95,95,Full-M2去除确定性规则问答模块,M2 确定性规则问答模块,风险影响评估类,effect_mode,,M3_查询理解与语义检索增强,口语化/模糊检索,简单,失效模式“电池箱体进灰尘”对应的潜在失效后果是什么？,电子器件失效或损坏、影响电池组散热,失效模式“电池箱体进灰尘”的潜在失效后果是：电子器件失效或损坏、影响电池组散热。,正确,1.0,3.76,CSV直答,0.0,0.0,0,,1,,,,,,电子器件失效或损坏、影响电池组散热,,,4,
96,96,Full-M2去除确定性规则问答模块,M2 确定性规则问答模块,风险影响评估类,rpn_mode,,M3_查询理解与语义检索增强,口语化/模糊检索,简单,失效模式“电池箱体进灰尘”的RPN是多少？,RPN=84.0,失效模式“电池箱体进灰尘”的RPN是：84。,正确,1.0,3.66,CSV直答,0.0,0.0,0,,1,,,84.0,,,,84.0,RPN,4,
97,97,Full-M2去除确定性规则问答模块,M2 确定性规则问答模块,故障措施推荐类,action_mode,,M3_查询理解与语义检索增强,口语化/模糊检索,简单,失效模式“电池箱体进灰尘”对应的建议措施是什么？,现场做防尘处理,针对失效模式“电池箱体进灰尘”，建议措施是：现场做防尘处理。,正确,1.0,3.8,CSV直答,0.0,0.0,0,,1,,,,,,现场做防尘处理,,RecommendedAction,4,
98,98,Full-M2去除确定性规则问答模块,M2 确定性规则问答模块,故障原因诊断类,cause_colloquial,,M3_查询理解与语义检索增强,口语化/模糊检索,中等,在项目/功能“电池组箱体”里，失效模式“电池箱体进灰尘”这个问题，原因讲白一点是什么？,电池箱体密封不严,电池箱体密封不严。,正确,1.0,1045.45,语义RAG,0.3333,1.0,0,,6,,,,,,电池箱体密封不严,,,4,
99,99,Full-M2去除确定性规则问答模块,M2 确定性规则问答模块,风险影响评估类,effect_colloquial,,M3_查询理解与语义检索增强,口语化/模糊检索,中等,在项目/功能“电池组箱体”里，失效模式“电池箱体进灰尘”最后会带来什么后果？,电子器件失效或损坏、影响电池组散热,项目/功能=电池组箱体；失效模式=电池箱体进灰尘；失效后果=电子器件失效或损坏、影响电池组散热。,正确,1.0,10.11,QueryIR结构化查询,1.0,1.0,0,,1,,,,,,电子器件失效或损坏、影响电池组散热,,,4,
100,100,Full-M2去除确定性规则问答模块,M2 确定性规则问答模块,故障措施推荐类,action_colloquial,,M3_查询理解与语义检索增强,口语化/模糊检索,中等,在项目/功能“电池组箱体”里，失效模式“电池箱体进灰尘”一般怎么处理？,现场做防尘处理,建议措施=现场做防尘处理.,正确,1.0,1042.23,语义RAG,0.1667,1.0,0,,6,,,,,,现场做防尘处理,,,4,
101,101,Full-M2去除确定性规则问答模块,M2 确定性规则问答模块,风险影响评估类,risk_colloquial,,M3_查询理解与语义检索增强,口语化/模糊检索,中等,在项目/功能“电池组箱体”里，失效模式“电池箱体进灰尘”的风险最后会体现成什么？,电子器件失效或损坏、影响电池组散热,后果 / FailureEffect: 电子器件失效或损坏、影响电池组散热,正确,1.0,775.29,语义RAG,0.1667,1.0,0,,6,,,,,,电子器件失效或损坏、影响电池组散热,,,4,
102,102,Full-M2去除确定性规则问答模块,M2 确定性规则问答模块,故障原因诊断类,cause_bool,,M4_证据裁决,证据裁决,简单,FMEA编号“LFP005”对应的原因是否就是“电池箱体密封不严”？,是,是。FMEA编号“LFP005”对应的失效模式“电池箱体进灰尘”的潜在失效原因/机理是：电池箱体密封不严。,正确,1.0,4.75,CSV直答,1.0,1.0,0,,1,,,,,,,,是/否判断,4,
103,103,Full-M2去除确定性规则问答模块,M2 确定性规则问答模块,风险影响评估类,risk_bool,,M4_证据裁决,证据裁决,简单,FMEA编号“LFP005”对应的后果是否就是“电子器件失效或损坏、影响电池组散热”？,是,是。FMEA编号“LFP005”对应的失效模式“电池箱体进灰尘”的潜在失效后果是：电子器件失效或损坏、影响电池组散热。,正确,1.0,4.26,CSV直答,1.0,1.0,0,,1,,,,,,,,是/否判断,4,
104,104,Full-M2去除确定性规则问答模块,M2 确定性规则问答模块,风险影响评估类,mode_project_bool,,M4_证据裁决,证据裁决,简单,失效模式“电池箱体进灰尘”是不是出现在项目/功能“电池组箱体”里？,是,是的，失效模式“电池箱体进灰尘”出现在项目/功能“电池组箱体”里。,正确,1.0,760.31,语义RAG,0.1667,0.1667,0,,6,,,,,,,,是/否判断,4,
105,105,Full-M2去除确定性规则问答模块,M2 确定性规则问答模块,风险影响评估类,risk_mode_code,,M3_查询理解与语义检索增强,口语化/模糊检索,简单,失效模式“电池箱体进灰尘”对应的FMEA编号是什么？,LFP005,失效模式“电池箱体进灰尘”对应的FMEA编号是：LFP005。,正确,1.0,4.55,CSV直答,0.0,0.0,0,,1,,,5.0,LFP005,,LFP005,,FmeaID,4,
106,106,Full-M2去除确定性规则问答模块,M2 确定性规则问答模块,风险影响评估类,risk_mode_project,,M3_查询理解与语义检索增强,口语化/模糊检索,简单,在项目/功能“电池组箱体”里，失效模式“电池箱体进灰尘”的后果是什么？,电子器件失效或损坏、影响电池组散热,项目/功能=电池组箱体；失效模式=电池箱体进灰尘；失效后果=电子器件失效或损坏、影响电池组散热。,正确,1.0,9.72,QueryIR结构化查询,1.0,1.0,0,,1,,,,,,电子器件失效或损坏、影响电池组散热,,,4,
107,107,Full-M2去除确定性规则问答模块,M2 确定性规则问答模块,故障原因诊断类,cause_code,,M1_编号直答,CSV直答,简单,FMEA编号“LFP006”这条的潜在失效原因/机理是什么？,电池组间隙大电池受到挤压碰撞震动,FMEA编号“LFP006”对应的失效模式“电池组漏液”的潜在失效原因/机理是：电池组间隙大电池受到挤压碰撞震动。,正确,1.0,4.05,CSV直答,1.0,1.0,0,,1,,,,,,电池组间隙大电池受到挤压碰撞震动,,,5,
108,108,Full-M2去除确定性规则问答模块,M2 确定性规则问答模块,风险影响评估类,effect_code,,M1_编号直答,CSV直答,简单,FMEA编号“LFP006”这条的潜在失效后果是什么？,安全事故,FMEA编号“LFP006”对应的失效模式“电池组漏液”的潜在失效后果是：安全事故。,正确,1.0,3.89,CSV直答,1.0,1.0,0,,1,,,,,,安全事故,,,5,
109,109,Full-M2去除确定性规则问答模块,M2 确定性规则问答模块,风险影响评估类,rpn_code,,M1_编号直答,CSV直答,简单,FMEA编号“LFP006”这条的RPN是多少？,RPN=108.0,FMEA编号“LFP006”对应的失效模式“电池组漏液”的RPN是：108。,正确,1.0,3.89,CSV直答,1.0,1.0,0,,1,,,108.0,,,,108.0,RPN,5,
110,110,Full-M2去除确定性规则问答模块,M2 确定性规则问答模块,风险影响评估类,s_code,,M1_编号直答,CSV直答,简单,FMEA编号“LFP006”这条的S是多少？,S=9.0,9,正确,1.0,923.09,语义RAG,0.5,1.0,0,,6,,,9.0,,,,9.0,S,5,
111,111,Full-M2去除确定性规则问答模块,M2 确定性规则问答模块,风险影响评估类,o_code,,M1_编号直答,CSV直答,简单,FMEA编号“LFP006”这条的O是多少？,O=2.0,2,正确,1.0,290.75,语义RAG,0.5,1.0,0,,6,,,2.0,,,,2.0,O,5,
112,112,Full-M2去除确定性规则问答模块,M2 确定性规则问答模块,风险影响评估类,d_code,,M1_编号直答,CSV直答,简单,FMEA编号“LFP006”这条的D是多少？,D=6.0,6,正确,1.0,276.84,语义RAG,0.5,1.0,0,,6,,,6.0,,,,6.0,D,5,
113,113,Full-M2去除确定性规则问答模块,M2 确定性规则问答模块,故障措施推荐类,action_code,,M1_编号直答,CSV直答,简单,FMEA编号“LFP006”这条的建议措施是什么？,现场做防震处理,FMEA编号“LFP006”对应的失效模式“电池组漏液”的建议措施是：现场做防震处理。,正确,1.0,4.73,CSV直答,1.0,1.0,0,,1,,,,,,现场做防震处理,,RecommendedAction,5,
114,114,Full-M2去除确定性规则问答模块,M2 确定性规则问答模块,故障原因诊断类,cause_mode,,M3_查询理解与语义检索增强,口语化/模糊检索,简单,失效模式“电池组漏液”对应的潜在失效原因/机理是什么？,电池组间隙大电池受到挤压碰撞震动,失效模式“电池组漏液”的潜在失效原因/机理是：电池组间隙大电池受到挤压碰撞震动。,正确,1.0,3.7,CSV直答,0.0,0.0,0,,1,,,,,,电池组间隙大电池受到挤压碰撞震动,,,5,
115,115,Full-M2去除确定性规则问答模块,M2 确定性规则问答模块,风险影响评估类,effect_mode,,M3_查询理解与语义检索增强,口语化/模糊检索,简单,失效模式“电池组漏液”对应的潜在失效后果是什么？,安全事故,失效模式“电池组漏液”的潜在失效后果是：安全事故。,正确,1.0,3.64,CSV直答,0.0,0.0,0,,1,,,,,,安全事故,,,5,
116,116,Full-M2去除确定性规则问答模块,M2 确定性规则问答模块,风险影响评估类,rpn_mode,,M3_查询理解与语义检索增强,口语化/模糊检索,简单,失效模式“电池组漏液”的RPN是多少？,RPN=108.0,失效模式“电池组漏液”的RPN是：108。,正确,1.0,3.65,CSV直答,0.0,0.0,0,,1,,,108.0,,,,108.0,RPN,5,
117,117,Full-M2去除确定性规则问答模块,M2 确定性规则问答模块,故障措施推荐类,action_mode,,M3_查询理解与语义检索增强,口语化/模糊检索,简单,失效模式“电池组漏液”对应的建议措施是什么？,现场做防震处理,针对失效模式“电池组漏液”，建议措施是：现场做防震处理。,正确,1.0,3.72,CSV直答,0.0,0.0,0,,1,,,,,,现场做防震处理,,RecommendedAction,5,
118,118,Full-M2去除确定性规则问答模块,M2 确定性规则问答模块,故障原因诊断类,cause_colloquial,,M3_查询理解与语义检索增强,口语化/模糊检索,中等,在项目/功能“电池组箱体”里，失效模式“电池组漏液”这个问题，原因讲白一点是什么？,电池组间隙大电池受到挤压碰撞震动,电池组间隙大电池受到挤压碰撞震动。,正确,1.0,1078.19,语义RAG,0.3333,1.0,0,,6,,,,,,电池组间隙大电池受到挤压碰撞震动,,,5,
119,119,Full-M2去除确定性规则问答模块,M2 确定性规则问答模块,风险影响评估类,effect_colloquial,,M3_查询理解与语义检索增强,口语化/模糊检索,中等,在项目/功能“电池组箱体”里，失效模式“电池组漏液”最后会带来什么后果？,安全事故,项目/功能=电池组箱体；失效模式=电池组漏液；失效后果=安全事故。,正确,1.0,12.24,QueryIR结构化查询,1.0,1.0,0,,1,,,,,,安全事故,,,5,
120,120,Full-M2去除确定性规则问答模块,M2 确定性规则问答模块,故障措施推荐类,action_colloquial,,M3_查询理解与语义检索增强,口语化/模糊检索,中等,在项目/功能“电池组箱体”里，失效模式“电池组漏液”一般怎么处理？,现场做防震处理,建议措施=更换电池.,错误,0.0,972.36,语义RAG,0.1667,1.0,0,,6,现场做防震处理,,,,,现场做防震处理,,,5,
121,121,Full-M2去除确定性规则问答模块,M2 确定性规则问答模块,风险影响评估类,risk_colloquial,,M3_查询理解与语义检索增强,口语化/模糊检索,中等,在项目/功能“电池组箱体”里，失效模式“电池组漏液”的风险最后会体现成什么？,安全事故,后果 / FailureEffect: 安全事故,正确,1.0,744.81,语义RAG,0.1667,1.0,0,,6,,,,,,安全事故,,,5,
122,122,Full-M2去除确定性规则问答模块,M2 确定性规则问答模块,故障原因诊断类,cause_bool,,M4_证据裁决,证据裁决,简单,FMEA编号“LFP006”对应的原因是否就是“电池组间隙大电池受到挤压碰撞震动”？,是,是。FMEA编号“LFP006”对应的失效模式“电池组漏液”的潜在失效原因/机理是：电池组间隙大电池受到挤压碰撞震动。,正确,1.0,3.65,CSV直答,1.0,1.0,0,,1,,,,,,,,是/否判断,5,
123,123,Full-M2去除确定性规则问答模块,M2 确定性规则问答模块,风险影响评估类,risk_bool,,M4_证据裁决,证据裁决,简单,FMEA编号“LFP006”对应的后果是否就是“安全事故”？,是,是。FMEA编号“LFP006”对应的失效模式“电池组漏液”的潜在失效后果是：安全事故。,正确,1.0,3.01,CSV直答,1.0,1.0,0,,1,,,,,,,,是/否判断,5,
124,124,Full-M2去除确定性规则问答模块,M2 确定性规则问答模块,风险影响评估类,mode_project_bool,,M4_证据裁决,证据裁决,简单,失效模式“电池组漏液”是不是出现在项目/功能“电池组箱体”里？,是,是的，失效模式“电池组漏液”出现在项目/功能“电池组箱体”里。,正确,1.0,765.58,语义RAG,0.1667,0.1667,0,,6,,,,,,,,是/否判断,5,
125,125,Full-M2去除确定性规则问答模块,M2 确定性规则问答模块,风险影响评估类,risk_mode_code,,M3_查询理解与语义检索增强,口语化/模糊检索,简单,失效模式“电池组漏液”对应的FMEA编号是什么？,LFP006,失效模式“电池组漏液”对应的FMEA编号是：LFP006。,正确,1.0,4.54,CSV直答,0.0,0.0,0,,1,,,6.0,LFP006,,LFP006,,FmeaID,5,
126,126,Full-M2去除确定性规则问答模块,M2 确定性规则问答模块,风险影响评估类,risk_mode_project,,M3_查询理解与语义检索增强,口语化/模糊检索,简单,在项目/功能“电池组箱体”里，失效模式“电池组漏液”的后果是什么？,安全事故,项目/功能=电池组箱体；失效模式=电池组漏液；失效后果=安全事故。,正确,1.0,9.69,QueryIR结构化查询,1.0,1.0,0,,1,,,,,,安全事故,,,5,
127,127,Full-M2去除确定性规则问答模块,M2 确定性规则问答模块,风险影响评估类,project_avg_rpn,,M2_规则推理,规则推理,中等,项目/功能“绝缘注塑件”的平均RPN是多少？,平均RPN=20.00,项目/功能“绝缘注塑件”的平均RPN是：20。,正确,1.0,66.04,语义RAG,0.1111,1.0,0,,9,,,20.0,,,,20.0,RPN,6,
128,128,Full-M2去除确定性规则问答模块,M2 确定性规则问答模块,风险影响评估类,project_top_mode,,M2_规则推理,规则推理,中等,项目/功能“绝缘注塑件”里RPN最高的失效模式是什么？,注塑件起火；RPN=20.0,"待确认：证据不足，缺少关键约束：failure_mode, metric。",错误,0.0,4.36,拒答/证据不足,,0.0,0,,0,注塑件起火,20.0,,,,注塑件起火,20.0,FailureMode；RPN,6,
129,129,Full-M2去除确定性规则问答模块,M2 确定性规则问答模块,风险影响评估类,project_top_effect,,M2_规则推理,规则推理,中等,项目/功能“绝缘注塑件”里RPN最高的那条，它的后果是什么？,安全事故,当前召回的图谱摘要证据中，最高风险条目为：FMEA编号是：LFP007；失效模式是：注塑件起火；RPN是：20；原因是：绝缘注塑件不阻燃；后果是：安全事故；建议措施是：更换绝缘注塑件。,正确,1.0,68.66,语义RAG,0.0833,1.0,0,1.0,12,,,,,,安全事故,,FailureEffect,6,
130,130,Full-M2去除确定性规则问答模块,M2 确定性规则问答模块,故障原因诊断类,cause_code,,M1_编号直答,CSV直答,简单,FMEA编号“LFP007”这条的潜在失效原因/机理是什么？,绝缘注塑件不阻燃,FMEA编号“LFP007”对应的失效模式“注塑件起火”的潜在失效原因/机理是：绝缘注塑件不阻燃。,正确,1.0,4.28,CSV直答,1.0,1.0,0,,1,,,,,,绝缘注塑件不阻燃,,,6,
131,131,Full-M2去除确定性规则问答模块,M2 确定性规则问答模块,风险影响评估类,effect_code,,M1_编号直答,CSV直答,简单,FMEA编号“LFP007”这条的潜在失效后果是什么？,安全事故,FMEA编号“LFP007”对应的失效模式“注塑件起火”的潜在失效后果是：安全事故。,正确,1.0,3.45,CSV直答,1.0,1.0,0,,1,,,,,,安全事故,,,6,
132,132,Full-M2去除确定性规则问答模块,M2 确定性规则问答模块,风险影响评估类,rpn_code,,M1_编号直答,CSV直答,简单,FMEA编号“LFP007”这条的RPN是多少？,RPN=20.0,FMEA编号“LFP007”对应的失效模式“注塑件起火”的RPN是：20。,正确,1.0,3.38,CSV直答,1.0,1.0,0,,1,,,20.0,,,,20.0,RPN,6,
133,133,Full-M2去除确定性规则问答模块,M2 确定性规则问答模块,风险影响评估类,s_code,,M1_编号直答,CSV直答,简单,FMEA编号“LFP007”这条的S是多少？,S=10.0,10,正确,1.0,659.04,语义RAG,0.3333,1.0,0,,6,,,10.0,,,,10.0,S,6,
134,134,Full-M2去除确定性规则问答模块,M2 确定性规则问答模块,风险影响评估类,o_code,,M1_编号直答,CSV直答,简单,FMEA编号“LFP007”这条的O是多少？,O=1.0,1,正确,1.0,314.15,语义RAG,0.3333,1.0,0,,6,,,1.0,,,,1.0,O,6,
135,135,Full-M2去除确定性规则问答模块,M2 确定性规则问答模块,风险影响评估类,d_code,,M1_编号直答,CSV直答,简单,FMEA编号“LFP007”这条的D是多少？,D=6.0,6,正确,1.0,248.53,语义RAG,0.3333,1.0,0,,6,,,6.0,,,,6.0,D,6,
136,136,Full-M2去除确定性规则问答模块,M2 确定性规则问答模块,故障措施推荐类,action_code,,M1_编号直答,CSV直答,简单,FMEA编号“LFP007”这条的建议措施是什么？,更换绝缘注塑件,FMEA编号“LFP007”对应的失效模式“注塑件起火”的建议措施是：更换绝缘注塑件。,正确,1.0,4.79,CSV直答,1.0,1.0,0,,1,,,,,,更换绝缘注塑件,,RecommendedAction,6,
137,137,Full-M2去除确定性规则问答模块,M2 确定性规则问答模块,故障原因诊断类,cause_mode,,M3_查询理解与语义检索增强,口语化/模糊检索,简单,失效模式“注塑件起火”对应的潜在失效原因/机理是什么？,绝缘注塑件不阻燃,失效模式“注塑件起火”的潜在失效原因/机理是：绝缘注塑件不阻燃。,正确,1.0,3.74,CSV直答,0.0,0.0,0,,1,,,,,,绝缘注塑件不阻燃,,,6,
138,138,Full-M2去除确定性规则问答模块,M2 确定性规则问答模块,风险影响评估类,effect_mode,,M3_查询理解与语义检索增强,口语化/模糊检索,简单,失效模式“注塑件起火”对应的潜在失效后果是什么？,安全事故,失效模式“注塑件起火”的潜在失效后果是：安全事故。,正确,1.0,3.63,CSV直答,0.0,0.0,0,,1,,,,,,安全事故,,,6,
139,139,Full-M2去除确定性规则问答模块,M2 确定性规则问答模块,风险影响评估类,rpn_mode,,M3_查询理解与语义检索增强,口语化/模糊检索,简单,失效模式“注塑件起火”的RPN是多少？,RPN=20.0,失效模式“注塑件起火”的RPN是：20。,正确,1.0,3.62,CSV直答,0.0,0.0,0,,1,,,20.0,,,,20.0,RPN,6,
140,140,Full-M2去除确定性规则问答模块,M2 确定性规则问答模块,故障措施推荐类,action_mode,,M3_查询理解与语义检索增强,口语化/模糊检索,简单,失效模式“注塑件起火”对应的建议措施是什么？,更换绝缘注塑件,针对失效模式“注塑件起火”，建议措施是：更换绝缘注塑件。,正确,1.0,3.71,CSV直答,0.0,0.0,0,,1,,,,,,更换绝缘注塑件,,RecommendedAction,6,
141,141,Full-M2去除确定性规则问答模块,M2 确定性规则问答模块,故障原因诊断类,cause_colloquial,,M3_查询理解与语义检索增强,口语化/模糊检索,中等,在项目/功能“绝缘注塑件”里，失效模式“注塑件起火”这个问题，原因讲白一点是什么？,绝缘注塑件不阻燃,原因=绝缘注塑件不阻燃,正确,1.0,1046.62,语义RAG,0.3333,1.0,0,,6,,,,,,绝缘注塑件不阻燃,,,6,
142,142,Full-M2去除确定性规则问答模块,M2 确定性规则问答模块,风险影响评估类,effect_colloquial,,M3_查询理解与语义检索增强,口语化/模糊检索,中等,在项目/功能“绝缘注塑件”里，失效模式“注塑件起火”最后会带来什么后果？,安全事故,项目/功能=绝缘注塑件；失效模式=注塑件起火；失效后果=安全事故。,正确,1.0,10.55,QueryIR结构化查询,1.0,1.0,0,,1,,,,,,安全事故,,,6,
143,143,Full-M2去除确定性规则问答模块,M2 确定性规则问答模块,故障措施推荐类,action_colloquial,,M3_查询理解与语义检索增强,口语化/模糊检索,中等,在项目/功能“绝缘注塑件”里，失效模式“注塑件起火”一般怎么处理？,更换绝缘注塑件,更换绝缘注塑件.,正确,1.0,565.12,语义RAG,0.3333,1.0,0,,6,,,,,,更换绝缘注塑件,,,6,
144,144,Full-M2去除确定性规则问答模块,M2 确定性规则问答模块,风险影响评估类,risk_colloquial,,M3_查询理解与语义检索增强,口语化/模糊检索,中等,在项目/功能“绝缘注塑件”里，失效模式“注塑件起火”的风险最后会体现成什么？,安全事故,注塑件起火的失效模式对应的RPN为20，严重度S为10，发生度O为1，可探测度D为6。,错误,0.0,751.57,语义RAG,0.3333,1.0,0,,6,安全事故,,,,,安全事故,,,6,
145,145,Full-M2去除确定性规则问答模块,M2 确定性规则问答模块,故障原因诊断类,cause_bool,,M4_证据裁决,证据裁决,简单,FMEA编号“LFP007”对应的原因是否就是“绝缘注塑件不阻燃”？,是,是。FMEA编号“LFP007”对应的失效模式“注塑件起火”的潜在失效原因/机理是：绝缘注塑件不阻燃。,正确,1.0,3.73,CSV直答,1.0,1.0,0,,1,,,,,,,,是/否判断,6,
146,146,Full-M2去除确定性规则问答模块,M2 确定性规则问答模块,风险影响评估类,risk_bool,,M4_证据裁决,证据裁决,简单,FMEA编号“LFP007”对应的后果是否就是“安全事故”？,是,是。FMEA编号“LFP007”对应的失效模式“注塑件起火”的潜在失效后果是：安全事故。,正确,1.0,3.12,CSV直答,1.0,1.0,0,,1,,,,,,,,是/否判断,6,
147,147,Full-M2去除确定性规则问答模块,M2 确定性规则问答模块,风险影响评估类,mode_project_bool,,M4_证据裁决,证据裁决,简单,失效模式“注塑件起火”是不是出现在项目/功能“绝缘注塑件”里？,是,是的，失效模式“注塑件起火”出现在项目/功能“绝缘注塑件”里。,正确,1.0,1126.04,语义RAG,0.3333,0.3333,0,,6,,,,,,,,是/否判断,6,
148,148,Full-M2去除确定性规则问答模块,M2 确定性规则问答模块,风险影响评估类,risk_mode_code,,M3_查询理解与语义检索增强,口语化/模糊检索,简单,失效模式“注塑件起火”对应的FMEA编号是什么？,LFP007,失效模式“注塑件起火”对应的FMEA编号是：LFP007。,正确,1.0,4.29,CSV直答,0.0,0.0,0,,1,,,7.0,LFP007,,LFP007,,FmeaID,6,
149,149,Full-M2去除确定性规则问答模块,M2 确定性规则问答模块,风险影响评估类,risk_mode_project,,M3_查询理解与语义检索增强,口语化/模糊检索,简单,在项目/功能“绝缘注塑件”里，失效模式“注塑件起火”的后果是什么？,安全事故,项目/功能=绝缘注塑件；失效模式=注塑件起火；失效后果=安全事故。,正确,1.0,9.72,QueryIR结构化查询,1.0,1.0,0,,1,,,,,,安全事故,,,6,
150,150,Full-M2去除确定性规则问答模块,M2 确定性规则问答模块,风险影响评估类,project_avg_rpn,,M2_规则推理,规则推理,中等,项目/功能“电池壳体”的平均RPN是多少？,平均RPN=96.00,项目/功能“电池壳体”的平均RPN是：96。,正确,1.0,57.67,语义RAG,0.2222,1.0,0,,9,,,96.0,,,,96.0,RPN,8,
151,151,Full-M2去除确定性规则问答模块,M2 确定性规则问答模块,风险影响评估类,project_top_mode,,M2_规则推理,规则推理,中等,项目/功能“电池壳体”里RPN最高的失效模式是什么？,电池漏液；RPN=108.0,"待确认：证据不足，缺少关键约束：failure_mode, metric。",错误,0.0,3.85,拒答/证据不足,,0.0,0,,0,电池漏液,108.0,,,,电池漏液,108.0,FailureMode；RPN,8,
152,152,Full-M2去除确定性规则问答模块,M2 确定性规则问答模块,风险影响评估类,project_top_effect,,M2_规则推理,规则推理,中等,项目/功能“电池壳体”里RPN最高的那条，它的后果是什么？,安全事故,当前召回的图谱摘要证据中，最高风险条目为：FMEA编号是：LFP009；失效模式是：电池漏液；RPN是：108；原因是：外力损伤；碰撞、安装不规范造成密封结构破坏；制造原因：焊接缺陷、封合胶量不足造成密封性能不好。；后果是：安全事故；建议措施是：更换电池。,正确,1.0,49.42,语义RAG,0.1667,1.0,0,1.0,12,,,,,,安全事故,,FailureEffect,8,
153,153,Full-M2去除确定性规则问答模块,M2 确定性规则问答模块,故障原因诊断类,cause_code,,M1_编号直答,CSV直答,简单,FMEA编号“LFP008”这条的潜在失效原因/机理是什么？,电池壳体密封不严,FMEA编号“LFP008”对应的失效模式“电解液挥发”的潜在失效原因/机理是：电池壳体密封不严。,正确,1.0,3.83,CSV直答,1.0,1.0,0,,1,,,,,,电池壳体密封不严,,,7,
154,154,Full-M2去除确定性规则问答模块,M2 确定性规则问答模块,风险影响评估类,effect_code,,M1_编号直答,CSV直答,简单,FMEA编号“LFP008”这条的潜在失效后果是什么？,电池容量降低,FMEA编号“LFP008”对应的失效模式“电解液挥发”的潜在失效后果是：电池容量降低。,正确,1.0,3.19,CSV直答,1.0,1.0,0,,1,,,,,,电池容量降低,,,7,
155,155,Full-M2去除确定性规则问答模块,M2 确定性规则问答模块,风险影响评估类,rpn_code,,M1_编号直答,CSV直答,简单,FMEA编号“LFP008”这条的RPN是多少？,RPN=84.0,FMEA编号“LFP008”对应的失效模式“电解液挥发”的RPN是：84。,正确,1.0,3.15,CSV直答,1.0,1.0,0,,1,,,84.0,,,,84.0,RPN,7,
156,156,Full-M2去除确定性规则问答模块,M2 确定性规则问答模块,风险影响评估类,s_code,,M1_编号直答,CSV直答,简单,FMEA编号“LFP008”这条的S是多少？,S=7.0,7,正确,1.0,622.31,语义RAG,0.3333,1.0,0,,6,,,7.0,,,,7.0,S,7,
157,157,Full-M2去除确定性规则问答模块,M2 确定性规则问答模块,风险影响评估类,o_code,,M1_编号直答,CSV直答,简单,FMEA编号“LFP008”这条的O是多少？,O=2.0,2,正确,1.0,293.24,语义RAG,0.3333,1.0,0,,6,,,2.0,,,,2.0,O,7,
158,158,Full-M2去除确定性规则问答模块,M2 确定性规则问答模块,风险影响评估类,d_code,,M1_编号直答,CSV直答,简单,FMEA编号“LFP008”这条的D是多少？,D=6.0,6,正确,1.0,285.23,语义RAG,0.3333,1.0,0,,6,,,6.0,,,,6.0,D,7,
159,159,Full-M2去除确定性规则问答模块,M2 确定性规则问答模块,故障措施推荐类,action_code,,M1_编号直答,CSV直答,简单,FMEA编号“LFP008”这条的建议措施是什么？,更换电池,FMEA编号“LFP008”对应的失效模式“电解液挥发”的建议措施是：更换电池。,正确,1.0,4.76,CSV直答,1.0,1.0,0,,1,,,,,,更换电池,,RecommendedAction,7,
160,160,Full-M2去除确定性规则问答模块,M2 确定性规则问答模块,故障原因诊断类,cause_mode,,M3_查询理解与语义检索增强,口语化/模糊检索,简单,失效模式“电解液挥发”对应的潜在失效原因/机理是什么？,电池壳体密封不严,失效模式“电解液挥发”的潜在失效原因/机理是：电池壳体密封不严。,正确,1.0,3.81,CSV直答,0.0,0.0,0,,1,,,,,,电池壳体密封不严,,,7,
161,161,Full-M2去除确定性规则问答模块,M2 确定性规则问答模块,风险影响评估类,effect_mode,,M3_查询理解与语义检索增强,口语化/模糊检索,简单,失效模式“电解液挥发”对应的潜在失效后果是什么？,电池容量降低,失效模式“电解液挥发”的潜在失效后果是：电池容量降低。,正确,1.0,3.75,CSV直答,0.0,0.0,0,,1,,,,,,电池容量降低,,,7,
162,162,Full-M2去除确定性规则问答模块,M2 确定性规则问答模块,风险影响评估类,rpn_mode,,M3_查询理解与语义检索增强,口语化/模糊检索,简单,失效模式“电解液挥发”的RPN是多少？,RPN=84.0,失效模式“电解液挥发”的RPN是：84。,正确,1.0,3.63,CSV直答,0.0,0.0,0,,1,,,84.0,,,,84.0,RPN,7,
163,163,Full-M2去除确定性规则问答模块,M2 确定性规则问答模块,故障措施推荐类,action_mode,,M3_查询理解与语义检索增强,口语化/模糊检索,简单,失效模式“电解液挥发”对应的建议措施是什么？,更换电池,针对失效模式“电解液挥发”，建议措施是：更换电池。,正确,1.0,3.74,CSV直答,0.0,0.0,0,,1,,,,,,更换电池,,RecommendedAction,7,
164,164,Full-M2去除确定性规则问答模块,M2 确定性规则问答模块,故障原因诊断类,cause_colloquial,,M3_查询理解与语义检索增强,口语化/模糊检索,中等,在项目/功能“电池壳体”里，失效模式“电解液挥发”这个问题，原因讲白一点是什么？,电池壳体密封不严,电池壳体密封不严。,正确,1.0,1066.71,语义RAG,0.3333,1.0,0,,6,,,,,,电池壳体密封不严,,,7,
165,165,Full-M2去除确定性规则问答模块,M2 确定性规则问答模块,风险影响评估类,effect_colloquial,,M3_查询理解与语义检索增强,口语化/模糊检索,中等,在项目/功能“电池壳体”里，失效模式“电解液挥发”最后会带来什么后果？,电池容量降低,项目/功能=电池壳体；失效模式=电解液挥发；失效后果=电池容量降低。,正确,1.0,7.51,QueryIR结构化查询,1.0,1.0,0,,1,,,,,,电池容量降低,,,7,
166,166,Full-M2去除确定性规则问答模块,M2 确定性规则问答模块,故障措施推荐类,action_colloquial,,M3_查询理解与语义检索增强,口语化/模糊检索,中等,在项目/功能“电池壳体”里，失效模式“电解液挥发”一般怎么处理？,更换电池,更换电池。,正确,1.0,510.24,语义RAG,0.3333,1.0,0,,6,,,,,,更换电池,,,7,
167,167,Full-M2去除确定性规则问答模块,M2 确定性规则问答模块,风险影响评估类,risk_colloquial,,M3_查询理解与语义检索增强,口语化/模糊检索,中等,在项目/功能“电池壳体”里，失效模式“电解液挥发”的风险最后会体现成什么？,电池容量降低,失效模式是：电池漏液；项目/功能是：电池壳体；失效后果是：安全事故。,错误,0.0,69.62,语义RAG,0.3333,1.0,0,,6,电池容量降低,,,,,电池容量降低,,,7,
168,168,Full-M2去除确定性规则问答模块,M2 确定性规则问答模块,故障原因诊断类,cause_bool,,M4_证据裁决,证据裁决,简单,FMEA编号“LFP008”对应的原因是否就是“电池壳体密封不严”？,是,是。FMEA编号“LFP008”对应的失效模式“电解液挥发”的潜在失效原因/机理是：电池壳体密封不严。,正确,1.0,2.65,CSV直答,1.0,1.0,0,,1,,,,,,,,是/否判断,7,
169,169,Full-M2去除确定性规则问答模块,M2 确定性规则问答模块,风险影响评估类,risk_bool,,M4_证据裁决,证据裁决,简单,FMEA编号“LFP008”对应的后果是否就是“电池容量降低”？,是,是。FMEA编号“LFP008”对应的失效模式“电解液挥发”的潜在失效后果是：电池容量降低。,正确,1.0,3.38,CSV直答,1.0,1.0,0,,1,,,,,,,,是/否判断,7,
170,170,Full-M2去除确定性规则问答模块,M2 确定性规则问答模块,风险影响评估类,mode_project_bool,,M4_证据裁决,证据裁决,简单,失效模式“电解液挥发”是不是出现在项目/功能“电池壳体”里？,是,否，失效模式“电解液挥发”没有出现在项目/功能“电池壳体”里。上下文中的“电池漏液”的失效模式与“电池壳体”相关，但并没有提到“电解液挥发”。,错误,0.0,1369.42,语义RAG,0.3333,0.3333,0,,6,是/否判断,,,,,,,是/否判断,7,
171,171,Full-M2去除确定性规则问答模块,M2 确定性规则问答模块,风险影响评估类,risk_mode_code,,M3_查询理解与语义检索增强,口语化/模糊检索,简单,失效模式“电解液挥发”对应的FMEA编号是什么？,LFP008,失效模式“电解液挥发”对应的FMEA编号是：LFP008。,正确,1.0,4.48,CSV直答,0.0,0.0,0,,1,,,8.0,LFP008,,LFP008,,FmeaID,7,
172,172,Full-M2去除确定性规则问答模块,M2 确定性规则问答模块,风险影响评估类,risk_mode_project,,M3_查询理解与语义检索增强,口语化/模糊检索,简单,在项目/功能“电池壳体”里，失效模式“电解液挥发”的后果是什么？,电池容量降低,项目/功能=电池壳体；失效模式=电解液挥发；失效后果=电池容量降低。,正确,1.0,10.11,QueryIR结构化查询,1.0,1.0,0,,1,,,,,,电池容量降低,,,7,
173,173,Full-M2去除确定性规则问答模块,M2 确定性规则问答模块,故障原因诊断类,cause_code,,M1_编号直答,CSV直答,简单,FMEA编号“LFP009”这条的潜在失效原因/机理是什么？,外力损伤；碰撞、安装不规范造成密封结构破坏；制造原因：焊接缺陷、封合胶量不足造成密封性能不好。,FMEA编号“LFP009”对应的失效模式“电池漏液”的潜在失效原因/机理是：外力损伤；碰撞、安装不规范造成密封结构破坏；制造原因：焊接缺陷、封合胶量不足造成密封性能不好。。,正确,1.0,3.97,CSV直答,1.0,1.0,0,,1,,,,,,外力损伤；碰撞、安装不规范造成密封结构破坏；制造原因：焊接缺陷、封合胶量不足造成密封性能不好。,,,8,
174,174,Full-M2去除确定性规则问答模块,M2 确定性规则问答模块,风险影响评估类,effect_code,,M1_编号直答,CSV直答,简单,FMEA编号“LFP009”这条的潜在失效后果是什么？,安全事故,FMEA编号“LFP009”对应的失效模式“电池漏液”的潜在失效后果是：安全事故。,正确,1.0,4.01,CSV直答,1.0,1.0,0,,1,,,,,,安全事故,,,8,
175,175,Full-M2去除确定性规则问答模块,M2 确定性规则问答模块,风险影响评估类,rpn_code,,M1_编号直答,CSV直答,简单,FMEA编号“LFP009”这条的RPN是多少？,RPN=108.0,FMEA编号“LFP009”对应的失效模式“电池漏液”的RPN是：108。,正确,1.0,4.03,CSV直答,1.0,1.0,0,,1,,,108.0,,,,108.0,RPN,8,
176,176,Full-M2去除确定性规则问答模块,M2 确定性规则问答模块,风险影响评估类,s_code,,M1_编号直答,CSV直答,简单,FMEA编号“LFP009”这条的S是多少？,S=9.0,9,正确,1.0,545.78,语义RAG,0.5,1.0,0,,6,,,9.0,,,,9.0,S,8,
177,177,Full-M2去除确定性规则问答模块,M2 确定性规则问答模块,风险影响评估类,o_code,,M1_编号直答,CSV直答,简单,FMEA编号“LFP009”这条的O是多少？,O=2.0,2,正确,1.0,287.53,语义RAG,0.5,1.0,0,,6,,,2.0,,,,2.0,O,8,
178,178,Full-M2去除确定性规则问答模块,M2 确定性规则问答模块,风险影响评估类,d_code,,M1_编号直答,CSV直答,简单,FMEA编号“LFP009”这条的D是多少？,D=6.0,6,正确,1.0,251.48,语义RAG,0.5,1.0,0,,6,,,6.0,,,,6.0,D,8,
179,179,Full-M2去除确定性规则问答模块,M2 确定性规则问答模块,故障措施推荐类,action_code,,M1_编号直答,CSV直答,简单,FMEA编号“LFP009”这条的建议措施是什么？,更换电池,FMEA编号“LFP009”对应的失效模式“电池漏液”的建议措施是：更换电池。,正确,1.0,4.36,CSV直答,1.0,1.0,0,,1,,,,,,更换电池,,RecommendedAction,8,
180,180,Full-M2去除确定性规则问答模块,M2 确定性规则问答模块,故障原因诊断类,cause_mode,,M3_查询理解与语义检索增强,口语化/模糊检索,简单,失效模式“电池漏液”对应的潜在失效原因/机理是什么？,外力损伤；碰撞、安装不规范造成密封结构破坏；制造原因：焊接缺陷、封合胶量不足造成密封性能不好。,失效模式“电池漏液”的潜在失效原因/机理是：外力损伤；碰撞、安装不规范造成密封结构破坏；制造原因：焊接缺陷、封合胶量不足造成密封性能不好。。,正确,1.0,3.43,CSV直答,0.0,0.0,0,,1,,,,,,外力损伤；碰撞、安装不规范造成密封结构破坏；制造原因：焊接缺陷、封合胶量不足造成密封性能不好。,,,8,
181,181,Full-M2去除确定性规则问答模块,M2 确定性规则问答模块,风险影响评估类,effect_mode,,M3_查询理解与语义检索增强,口语化/模糊检索,简单,失效模式“电池漏液”对应的潜在失效后果是什么？,安全事故,失效模式“电池漏液”的潜在失效后果是：安全事故。,正确,1.0,3.38,CSV直答,0.0,0.0,0,,1,,,,,,安全事故,,,8,
182,182,Full-M2去除确定性规则问答模块,M2 确定性规则问答模块,风险影响评估类,rpn_mode,,M3_查询理解与语义检索增强,口语化/模糊检索,简单,失效模式“电池漏液”的RPN是多少？,RPN=108.0,失效模式“电池漏液”的RPN是：108。,正确,1.0,3.36,CSV直答,0.0,0.0,0,,1,,,108.0,,,,108.0,RPN,8,
183,183,Full-M2去除确定性规则问答模块,M2 确定性规则问答模块,故障措施推荐类,action_mode,,M3_查询理解与语义检索增强,口语化/模糊检索,简单,失效模式“电池漏液”对应的建议措施是什么？,更换电池,针对失效模式“电池漏液”，建议措施是：更换电池。,正确,1.0,3.36,CSV直答,0.0,0.0,0,,1,,,,,,更换电池,,RecommendedAction,8,
184,184,Full-M2去除确定性规则问答模块,M2 确定性规则问答模块,故障原因诊断类,cause_colloquial,,M3_查询理解与语义检索增强,口语化/模糊检索,中等,在项目/功能“电池壳体”里，失效模式“电池漏液”这个问题，原因讲白一点是什么？,外力损伤；碰撞、安装不规范造成密封结构破坏；制造原因：焊接缺陷、封合胶量不足造成密封性能不好。,外力损伤；碰撞、安装不规范造成密封结构破坏；制造原因：焊接缺陷、封合胶量不足造成密封性能不好。,正确,1.0,1277.2,语义RAG,0.3333,1.0,0,,6,,,,,,外力损伤；碰撞、安装不规范造成密封结构破坏；制造原因：焊接缺陷、封合胶量不足造成密封性能不好。,,,8,
185,185,Full-M2去除确定性规则问答模块,M2 确定性规则问答模块,风险影响评估类,effect_colloquial,,M3_查询理解与语义检索增强,口语化/模糊检索,中等,在项目/功能“电池壳体”里，失效模式“电池漏液”最后会带来什么后果？,安全事故,项目/功能=电池壳体；失效模式=电池漏液；失效后果=安全事故。,正确,1.0,7.61,QueryIR结构化查询,1.0,1.0,0,,1,,,,,,安全事故,,,8,
186,186,Full-M2去除确定性规则问答模块,M2 确定性规则问答模块,故障措施推荐类,action_colloquial,,M3_查询理解与语义检索增强,口语化/模糊检索,中等,在项目/功能“电池壳体”里，失效模式“电池漏液”一般怎么处理？,更换电池,更换电池。,正确,1.0,474.38,语义RAG,0.3333,1.0,0,,6,,,,,,更换电池,,,8,
187,187,Full-M2去除确定性规则问答模块,M2 确定性规则问答模块,风险影响评估类,risk_colloquial,,M3_查询理解与语义检索增强,口语化/模糊检索,中等,在项目/功能“电池壳体”里，失效模式“电池漏液”的风险最后会体现成什么？,安全事故,失效模式是：电池漏液；项目/功能是：电池壳体；失效后果是：安全事故。,正确,1.0,69.69,语义RAG,0.3333,1.0,0,,6,,,,,,安全事故,,,8,
188,188,Full-M2去除确定性规则问答模块,M2 确定性规则问答模块,故障原因诊断类,cause_bool,,M4_证据裁决,证据裁决,简单,FMEA编号“LFP009”对应的原因是否就是“外力损伤；碰撞、安装不规范造成密封结构破坏；制造原因：焊接缺陷、封合胶量不足造成密封性能不好。”？,是,是。FMEA编号“LFP009”对应的失效模式“电池漏液”的潜在失效原因/机理是：外力损伤；碰撞、安装不规范造成密封结构破坏；制造原因：焊接缺陷、封合胶量不足造成密封性能不好。。,正确,1.0,4.36,CSV直答,1.0,1.0,0,,1,,,,,,,,是/否判断,8,
189,189,Full-M2去除确定性规则问答模块,M2 确定性规则问答模块,风险影响评估类,risk_bool,,M4_证据裁决,证据裁决,简单,FMEA编号“LFP009”对应的后果是否就是“安全事故”？,是,是。FMEA编号“LFP009”对应的失效模式“电池漏液”的潜在失效后果是：安全事故。,正确,1.0,4.3,CSV直答,1.0,1.0,0,,1,,,,,,,,是/否判断,8,
190,190,Full-M2去除确定性规则问答模块,M2 确定性规则问答模块,风险影响评估类,mode_project_bool,,M4_证据裁决,证据裁决,简单,失效模式“电池漏液”是不是出现在项目/功能“电池壳体”里？,是,是的，失效模式“电池漏液”出现在项目/功能“电池壳体”里。,正确,1.0,1122.29,语义RAG,0.3333,0.3333,0,,6,,,,,,,,是/否判断,8,
191,191,Full-M2去除确定性规则问答模块,M2 确定性规则问答模块,风险影响评估类,risk_mode_code,,M3_查询理解与语义检索增强,口语化/模糊检索,简单,失效模式“电池漏液”对应的FMEA编号是什么？,LFP009,失效模式“电池漏液”对应的FMEA编号是：LFP009。,正确,1.0,3.96,CSV直答,0.0,0.0,0,,1,,,9.0,LFP009,,LFP009,,FmeaID,8,
192,192,Full-M2去除确定性规则问答模块,M2 确定性规则问答模块,风险影响评估类,risk_mode_project,,M3_查询理解与语义检索增强,口语化/模糊检索,简单,在项目/功能“电池壳体”里，失效模式“电池漏液”的后果是什么？,安全事故,项目/功能=电池壳体；失效模式=电池漏液；失效后果=安全事故。,正确,1.0,9.41,QueryIR结构化查询,1.0,1.0,0,,1,,,,,,安全事故,,,8,
193,193,Full-M2去除确定性规则问答模块,M2 确定性规则问答模块,风险影响评估类,project_avg_rpn,,M2_规则推理,规则推理,中等,项目/功能“高压箱”的平均RPN是多少？,平均RPN=103.00,项目/功能“高压箱”的平均RPN是：103。,正确,1.0,69.56,语义RAG,0.4545,1.0,0,,11,,,103.0,,,,103.0,RPN,11,
194,194,Full-M2去除确定性规则问答模块,M2 确定性规则问答模块,风险影响评估类,project_top_mode,,M2_规则推理,规则推理,中等,项目/功能“高压箱”里RPN最高的失效模式是什么？,输出不受控制；RPN=180.0,"待确认：证据不足，缺少关键约束：failure_mode, metric。",错误,0.0,5.67,拒答/证据不足,,0.0,0,,0,输出不受控制,180.0,,,,输出不受控制,180.0,FailureMode；RPN,11,
195,195,Full-M2去除确定性规则问答模块,M2 确定性规则问答模块,风险影响评估类,project_top_effect,,M2_规则推理,规则推理,中等,项目/功能“高压箱”里RPN最高的那条，它的后果是什么？,安全事故,当前召回的图谱摘要证据中，最高风险条目为：FMEA编号是：LFP012；失效模式是：输出不受控制；RPN是：180；原因是：元器件损坏；后果是：安全事故；建议措施是：更换损坏器件。,正确,1.0,63.87,语义RAG,0.5,1.0,0,1.0,12,,,,,,安全事故,,FailureEffect,11,
196,196,Full-M2去除确定性规则问答模块,M2 确定性规则问答模块,故障原因诊断类,cause_code,,M1_编号直答,CSV直答,简单,FMEA编号“LFP010”这条的潜在失效原因/机理是什么？,无有效保护措施,FMEA编号“LFP010”对应的失效模式“漏电”的潜在失效原因/机理是：无有效保护措施。,正确,1.0,4.41,CSV直答,1.0,1.0,0,,1,,,,,,无有效保护措施,,,9,
197,197,Full-M2去除确定性规则问答模块,M2 确定性规则问答模块,风险影响评估类,effect_code,,M1_编号直答,CSV直答,简单,FMEA编号“LFP010”这条的潜在失效后果是什么？,安全事故,FMEA编号“LFP010”对应的失效模式“漏电”的潜在失效后果是：安全事故。,正确,1.0,3.74,CSV直答,1.0,1.0,0,,1,,,,,,安全事故,,,9,
198,198,Full-M2去除确定性规则问答模块,M2 确定性规则问答模块,风险影响评估类,rpn_code,,M1_编号直答,CSV直答,简单,FMEA编号“LFP010”这条的RPN是多少？,RPN=120.0,FMEA编号“LFP010”对应的失效模式“漏电”的RPN是：120。,正确,1.0,3.73,CSV直答,1.0,1.0,0,,1,,,120.0,,,,120.0,RPN,9,
199,199,Full-M2去除确定性规则问答模块,M2 确定性规则问答模块,风险影响评估类,s_code,,M1_编号直答,CSV直答,简单,FMEA编号“LFP010”这条的S是多少？,S=10.0,10,正确,1.0,971.31,语义RAG,0.5,1.0,0,,6,,,10.0,,,,10.0,S,9,
200,200,Full-M2去除确定性规则问答模块,M2 确定性规则问答模块,风险影响评估类,o_code,,M1_编号直答,CSV直答,简单,FMEA编号“LFP010”这条的O是多少？,O=2.0,2,正确,1.0,276.42,语义RAG,0.5,1.0,0,,6,,,2.0,,,,2.0,O,9,
201,201,Full-M2去除确定性规则问答模块,M2 确定性规则问答模块,风险影响评估类,d_code,,M1_编号直答,CSV直答,简单,FMEA编号“LFP010”这条的D是多少？,D=6.0,6,正确,1.0,316.1,语义RAG,0.5,1.0,0,,6,,,6.0,,,,6.0,D,9,
202,202,Full-M2去除确定性规则问答模块,M2 确定性规则问答模块,故障措施推荐类,action_code,,M1_编号直答,CSV直答,简单,FMEA编号“LFP010”这条的建议措施是什么？,现场做防护处理,FMEA编号“LFP010”对应的失效模式“漏电”的建议措施是：现场做防护处理。,正确,1.0,4.6,CSV直答,1.0,1.0,0,,1,,,,,,现场做防护处理,,RecommendedAction,9,
203,203,Full-M2去除确定性规则问答模块,M2 确定性规则问答模块,故障原因诊断类,cause_mode,,M3_查询理解与语义检索增强,口语化/模糊检索,简单,失效模式“漏电”对应的潜在失效原因/机理是什么？,无有效保护措施,失效模式“漏电”的潜在失效原因/机理是：无有效保护措施。,正确,1.0,3.62,CSV直答,0.0,0.0,0,,1,,,,,,无有效保护措施,,,9,
204,204,Full-M2去除确定性规则问答模块,M2 确定性规则问答模块,风险影响评估类,effect_mode,,M3_查询理解与语义检索增强,口语化/模糊检索,简单,失效模式“漏电”对应的潜在失效后果是什么？,安全事故,失效模式“漏电”的潜在失效后果是：安全事故。,正确,1.0,3.52,CSV直答,0.0,0.0,0,,1,,,,,,安全事故,,,9,
205,205,Full-M2去除确定性规则问答模块,M2 确定性规则问答模块,风险影响评估类,rpn_mode,,M3_查询理解与语义检索增强,口语化/模糊检索,简单,失效模式“漏电”的RPN是多少？,RPN=120.0,失效模式“漏电”的RPN是：120。,正确,1.0,3.48,CSV直答,0.0,0.0,0,,1,,,120.0,,,,120.0,RPN,9,
206,206,Full-M2去除确定性规则问答模块,M2 确定性规则问答模块,故障措施推荐类,action_mode,,M3_查询理解与语义检索增强,口语化/模糊检索,简单,失效模式“漏电”对应的建议措施是什么？,现场做防护处理,针对失效模式“漏电”，建议措施是：现场做防护处理。,正确,1.0,3.57,CSV直答,0.0,0.0,0,,1,,,,,,现场做防护处理,,RecommendedAction,9,
207,207,Full-M2去除确定性规则问答模块,M2 确定性规则问答模块,故障原因诊断类,cause_colloquial,,M3_查询理解与语义检索增强,口语化/模糊检索,中等,在项目/功能“高压箱”里，失效模式“漏电”这个问题，原因讲白一点是什么？,无有效保护措施,无有效保护措施,正确,1.0,1028.58,语义RAG,0.5,1.0,0,,6,,,,,,无有效保护措施,,,9,
208,208,Full-M2去除确定性规则问答模块,M2 确定性规则问答模块,风险影响评估类,effect_colloquial,,M3_查询理解与语义检索增强,口语化/模糊检索,中等,在项目/功能“高压箱”里，失效模式“漏电”最后会带来什么后果？,安全事故,项目/功能=高压箱；失效模式=漏电；失效后果=安全事故。,正确,1.0,10.61,QueryIR结构化查询,1.0,1.0,0,,1,,,,,,安全事故,,,9,
209,209,Full-M2去除确定性规则问答模块,M2 确定性规则问答模块,故障措施推荐类,action_colloquial,,M3_查询理解与语义检索增强,口语化/模糊检索,中等,在项目/功能“高压箱”里，失效模式“漏电”一般怎么处理？,现场做防护处理,建议措施: 现场做防护处理,正确,1.0,926.2,语义RAG,1.0,1.0,0,,6,,,,,,现场做防护处理,,,9,
210,210,Full-M2去除确定性规则问答模块,M2 确定性规则问答模块,风险影响评估类,risk_colloquial,,M3_查询理解与语义检索增强,口语化/模糊检索,中等,在项目/功能“高压箱”里，失效模式“漏电”的风险最后会体现成什么？,安全事故,后果: 安全事故,正确,1.0,949.76,语义RAG,1.0,1.0,0,,6,,,,,,安全事故,,,9,
211,211,Full-M2去除确定性规则问答模块,M2 确定性规则问答模块,故障原因诊断类,cause_bool,,M4_证据裁决,证据裁决,简单,FMEA编号“LFP010”对应的原因是否就是“无有效保护措施”？,是,是。FMEA编号“LFP010”对应的失效模式“漏电”的潜在失效原因/机理是：无有效保护措施。,正确,1.0,4.88,CSV直答,1.0,1.0,0,,1,,,,,,,,是/否判断,9,
212,212,Full-M2去除确定性规则问答模块,M2 确定性规则问答模块,风险影响评估类,risk_bool,,M4_证据裁决,证据裁决,简单,FMEA编号“LFP010”对应的后果是否就是“安全事故”？,是,是。FMEA编号“LFP010”对应的失效模式“漏电”的潜在失效后果是：安全事故。,正确,1.0,4.4,CSV直答,1.0,1.0,0,,1,,,,,,,,是/否判断,9,
213,213,Full-M2去除确定性规则问答模块,M2 确定性规则问答模块,风险影响评估类,mode_project_bool,,M4_证据裁决,证据裁决,简单,失效模式“漏电”是不是出现在项目/功能“高压箱”里？,是,是的，失效模式“漏电”出现在项目/功能“高压箱”里。,正确,1.0,1061.76,语义RAG,1.0,1.0,0,,6,,,,,,,,是/否判断,9,
214,214,Full-M2去除确定性规则问答模块,M2 确定性规则问答模块,风险影响评估类,risk_mode_code,,M3_查询理解与语义检索增强,口语化/模糊检索,简单,失效模式“漏电”对应的FMEA编号是什么？,LFP010,失效模式“漏电”对应的FMEA编号是：LFP010。,正确,1.0,4.62,CSV直答,0.0,0.0,0,,1,,,10.0,LFP010,,LFP010,,FmeaID,9,
215,215,Full-M2去除确定性规则问答模块,M2 确定性规则问答模块,风险影响评估类,risk_mode_project,,M3_查询理解与语义检索增强,口语化/模糊检索,简单,在项目/功能“高压箱”里，失效模式“漏电”的后果是什么？,安全事故,项目/功能=高压箱；失效模式=漏电；失效后果=安全事故。,正确,1.0,9.94,QueryIR结构化查询,1.0,1.0,0,,1,,,,,,安全事故,,,9,
216,216,Full-M2去除确定性规则问答模块,M2 确定性规则问答模块,故障原因诊断类,cause_code,,M1_编号直答,CSV直答,简单,FMEA编号“LFP011”这条的潜在失效原因/机理是什么？,使用电流高于额定电流不保护,FMEA编号“LFP011”对应的失效模式“过电流”的潜在失效原因/机理是：使用电流高于额定电流不保护。,正确,1.0,4.05,CSV直答,1.0,1.0,0,,1,,,,,,使用电流高于额定电流不保护,,,10,
217,217,Full-M2去除确定性规则问答模块,M2 确定性规则问答模块,风险影响评估类,effect_code,,M1_编号直答,CSV直答,简单,FMEA编号“LFP011”这条的潜在失效后果是什么？,安全事故,FMEA编号“LFP011”对应的失效模式“过电流”的潜在失效后果是：安全事故。,正确,1.0,3.98,CSV直答,1.0,1.0,0,,1,,,,,,安全事故,,,10,
218,218,Full-M2去除确定性规则问答模块,M2 确定性规则问答模块,风险影响评估类,rpn_code,,M1_编号直答,CSV直答,简单,FMEA编号“LFP011”这条的RPN是多少？,RPN=18.0,FMEA编号“LFP011”对应的失效模式“过电流”的RPN是：18。,正确,1.0,3.96,CSV直答,1.0,1.0,0,,1,,,18.0,,,,18.0,RPN,10,
219,219,Full-M2去除确定性规则问答模块,M2 确定性规则问答模块,风险影响评估类,s_code,,M1_编号直答,CSV直答,简单,FMEA编号“LFP011”这条的S是多少？,S=9.0,9,正确,1.0,581.62,语义RAG,0.1667,1.0,0,,6,,,9.0,,,,9.0,S,10,
220,220,Full-M2去除确定性规则问答模块,M2 确定性规则问答模块,风险影响评估类,o_code,,M1_编号直答,CSV直答,简单,FMEA编号“LFP011”这条的O是多少？,O=2.0,2,正确,1.0,274.92,语义RAG,0.1667,1.0,0,,6,,,2.0,,,,2.0,O,10,
221,221,Full-M2去除确定性规则问答模块,M2 确定性规则问答模块,风险影响评估类,d_code,,M1_编号直答,CSV直答,简单,FMEA编号“LFP011”这条的D是多少？,D=5.0,5,正确,1.0,275.3,语义RAG,0.1667,1.0,0,,6,,,5.0,,,,5.0,D,10,
222,222,Full-M2去除确定性规则问答模块,M2 确定性规则问答模块,故障原因诊断类,cause_mode,,M3_查询理解与语义检索增强,口语化/模糊检索,简单,失效模式“过电流”对应的潜在失效原因/机理是什么？,使用电流高于额定电流不保护,失效模式“过电流”的潜在失效原因/机理是：使用电流高于额定电流不保护。,正确,1.0,4.27,CSV直答,0.0,0.0,0,,1,,,,,,使用电流高于额定电流不保护,,,10,
223,223,Full-M2去除确定性规则问答模块,M2 确定性规则问答模块,风险影响评估类,effect_mode,,M3_查询理解与语义检索增强,口语化/模糊检索,简单,失效模式“过电流”对应的潜在失效后果是什么？,安全事故,失效模式“过电流”的潜在失效后果是：安全事故。,正确,1.0,3.6,CSV直答,0.0,0.0,0,,1,,,,,,安全事故,,,10,
224,224,Full-M2去除确定性规则问答模块,M2 确定性规则问答模块,风险影响评估类,rpn_mode,,M3_查询理解与语义检索增强,口语化/模糊检索,简单,失效模式“过电流”的RPN是多少？,RPN=18.0,失效模式“过电流”的RPN是：18。,正确,1.0,3.52,CSV直答,0.0,0.0,0,,1,,,18.0,,,,18.0,RPN,10,
225,225,Full-M2去除确定性规则问答模块,M2 确定性规则问答模块,故障原因诊断类,cause_colloquial,,M3_查询理解与语义检索增强,口语化/模糊检索,中等,在项目/功能“高压箱”里，失效模式“过电流”这个问题，原因讲白一点是什么？,使用电流高于额定电流不保护,根据上下文内容，高压箱的失效模式“过电流”的具体失效原因是未提供。但在相近的失效模式“高压带电”中，其失效原因描述为“无有效保护措施”。因此可以推测，“过电流”问题的原因也可能与“保护措施不足”有关。 答案： 保护措施不足,错误,0.0,1610.47,语义RAG,0.5,0.0,0,,6,使用电流高于额定电流不保护,,,,,使用电流高于额定电流不保护,,,10,
226,226,Full-M2去除确定性规则问答模块,M2 确定性规则问答模块,风险影响评估类,effect_colloquial,,M3_查询理解与语义检索增强,口语化/模糊检索,中等,在项目/功能“高压箱”里，失效模式“过电流”最后会带来什么后果？,安全事故,项目/功能=高压箱；失效模式=过电流；失效后果=安全事故。,正确,1.0,10.06,QueryIR结构化查询,1.0,1.0,0,,1,,,,,,安全事故,,,10,
227,227,Full-M2去除确定性规则问答模块,M2 确定性规则问答模块,风险影响评估类,risk_colloquial,,M3_查询理解与语义检索增强,口语化/模糊检索,中等,在项目/功能“高压箱”里，失效模式“过电流”的风险最后会体现成什么？,安全事故,失效模式是：过电流；项目/功能是：高压箱；失效后果是：安全事故。,正确,1.0,66.75,语义RAG,1.0,1.0,0,,6,,,,,,安全事故,,,10,
228,228,Full-M2去除确定性规则问答模块,M2 确定性规则问答模块,故障原因诊断类,cause_bool,,M4_证据裁决,证据裁决,简单,FMEA编号“LFP011”对应的原因是否就是“使用电流高于额定电流不保护”？,是,是。FMEA编号“LFP011”对应的失效模式“过电流”的潜在失效原因/机理是：使用电流高于额定电流不保护。,正确,1.0,3.74,CSV直答,1.0,1.0,0,,1,,,,,,,,是/否判断,10,
229,229,Full-M2去除确定性规则问答模块,M2 确定性规则问答模块,风险影响评估类,risk_bool,,M4_证据裁决,证据裁决,简单,FMEA编号“LFP011”对应的后果是否就是“安全事故”？,是,是。FMEA编号“LFP011”对应的失效模式“过电流”的潜在失效后果是：安全事故。,正确,1.0,4.11,CSV直答,1.0,1.0,0,,1,,,,,,,,是/否判断,10,
230,230,Full-M2去除确定性规则问答模块,M2 确定性规则问答模块,风险影响评估类,mode_project_bool,,M4_证据裁决,证据裁决,简单,失效模式“过电流”是不是出现在项目/功能“高压箱”里？,是,否。上下文中的失效模式和项目/功能描述中，并未提及“过电流”这一失效模式在“高压箱”这个项目/功能中出现。,错误,0.0,1151.99,语义RAG,1.0,1.0,0,,6,是/否判断,,,,,,,是/否判断,10,
231,231,Full-M2去除确定性规则问答模块,M2 确定性规则问答模块,风险影响评估类,risk_mode_code,,M3_查询理解与语义检索增强,口语化/模糊检索,简单,失效模式“过电流”对应的FMEA编号是什么？,LFP011,失效模式“过电流”对应的FMEA编号是：LFP011。,正确,1.0,3.51,CSV直答,0.0,0.0,0,,1,,,11.0,LFP011,,LFP011,,FmeaID,10,
232,232,Full-M2去除确定性规则问答模块,M2 确定性规则问答模块,风险影响评估类,risk_mode_project,,M3_查询理解与语义检索增强,口语化/模糊检索,简单,在项目/功能“高压箱”里，失效模式“过电流”的后果是什么？,安全事故,项目/功能=高压箱；失效模式=过电流；失效后果=安全事故。,正确,1.0,6.96,QueryIR结构化查询,1.0,1.0,0,,1,,,,,,安全事故,,,10,
233,233,Full-M2去除确定性规则问答模块,M2 确定性规则问答模块,故障原因诊断类,cause_code,,M1_编号直答,CSV直答,简单,FMEA编号“LFP012”这条的潜在失效原因/机理是什么？,元器件损坏,FMEA编号“LFP012”对应的失效模式“输出不受控制”的潜在失效原因/机理是：元器件损坏。,正确,1.0,2.91,CSV直答,1.0,1.0,0,,1,,,,,,元器件损坏,,,11,
234,234,Full-M2去除确定性规则问答模块,M2 确定性规则问答模块,风险影响评估类,effect_code,,M1_编号直答,CSV直答,简单,FMEA编号“LFP012”这条的潜在失效后果是什么？,安全事故,FMEA编号“LFP012”对应的失效模式“输出不受控制”的潜在失效后果是：安全事故。,正确,1.0,2.72,CSV直答,1.0,1.0,0,,1,,,,,,安全事故,,,11,
235,235,Full-M2去除确定性规则问答模块,M2 确定性规则问答模块,风险影响评估类,rpn_code,,M1_编号直答,CSV直答,简单,FMEA编号“LFP012”这条的RPN是多少？,RPN=180.0,FMEA编号“LFP012”对应的失效模式“输出不受控制”的RPN是：180。,正确,1.0,2.77,CSV直答,1.0,1.0,0,,1,,,180.0,,,,180.0,RPN,11,
236,236,Full-M2去除确定性规则问答模块,M2 确定性规则问答模块,风险影响评估类,s_code,,M1_编号直答,CSV直答,简单,FMEA编号“LFP012”这条的S是多少？,S=9.0,9,正确,1.0,986.83,语义RAG,0.5,1.0,0,,6,,,9.0,,,,9.0,S,11,
237,237,Full-M2去除确定性规则问答模块,M2 确定性规则问答模块,风险影响评估类,o_code,,M1_编号直答,CSV直答,简单,FMEA编号“LFP012”这条的O是多少？,O=4.0,4,正确,1.0,275.12,语义RAG,0.5,1.0,0,,6,,,4.0,,,,4.0,O,11,
238,238,Full-M2去除确定性规则问答模块,M2 确定性规则问答模块,风险影响评估类,d_code,,M1_编号直答,CSV直答,简单,FMEA编号“LFP012”这条的D是多少？,D=5.0,5,正确,1.0,260.78,语义RAG,0.5,1.0,0,,6,,,5.0,,,,5.0,D,11,
239,239,Full-M2去除确定性规则问答模块,M2 确定性规则问答模块,故障措施推荐类,action_code,,M1_编号直答,CSV直答,简单,FMEA编号“LFP012”这条的建议措施是什么？,更换损坏器件,FMEA编号“LFP012”对应的失效模式“输出不受控制”的建议措施是：更换损坏器件。,正确,1.0,3.55,CSV直答,1.0,1.0,0,,1,,,,,,更换损坏器件,,RecommendedAction,11,
240,240,Full-M2去除确定性规则问答模块,M2 确定性规则问答模块,故障原因诊断类,cause_mode,,M3_查询理解与语义检索增强,口语化/模糊检索,简单,失效模式“输出不受控制”对应的潜在失效原因/机理是什么？,元器件损坏,失效模式“输出不受控制”的潜在失效原因/机理是：元器件损坏。,正确,1.0,2.69,CSV直答,0.0,0.0,0,,1,,,,,,元器件损坏,,,11,
241,241,Full-M2去除确定性规则问答模块,M2 确定性规则问答模块,风险影响评估类,effect_mode,,M3_查询理解与语义检索增强,口语化/模糊检索,简单,失效模式“输出不受控制”对应的潜在失效后果是什么？,安全事故,失效模式“输出不受控制”的潜在失效后果是：安全事故。,正确,1.0,2.65,CSV直答,0.0,0.0,0,,1,,,,,,安全事故,,,11,
242,242,Full-M2去除确定性规则问答模块,M2 确定性规则问答模块,风险影响评估类,rpn_mode,,M3_查询理解与语义检索增强,口语化/模糊检索,简单,失效模式“输出不受控制”的RPN是多少？,RPN=180.0,失效模式“输出不受控制”的RPN是：180。,正确,1.0,2.62,CSV直答,0.0,0.0,0,,1,,,180.0,,,,180.0,RPN,11,
243,243,Full-M2去除确定性规则问答模块,M2 确定性规则问答模块,故障措施推荐类,action_mode,,M3_查询理解与语义检索增强,口语化/模糊检索,简单,失效模式“输出不受控制”对应的建议措施是什么？,更换损坏器件,针对失效模式“输出不受控制”，建议措施是：更换损坏器件。,正确,1.0,2.63,CSV直答,0.0,0.0,0,,1,,,,,,更换损坏器件,,RecommendedAction,11,
244,244,Full-M2去除确定性规则问答模块,M2 确定性规则问答模块,故障原因诊断类,cause_colloquial,,M3_查询理解与语义检索增强,口语化/模糊检索,中等,在项目/功能“高压箱”里，失效模式“输出不受控制”这个问题，原因讲白一点是什么？,元器件损坏,元器件损坏,正确,1.0,1037.77,语义RAG,0.6667,1.0,0,,6,,,,,,元器件损坏,,,11,
245,245,Full-M2去除确定性规则问答模块,M2 确定性规则问答模块,风险影响评估类,effect_colloquial,,M3_查询理解与语义检索增强,口语化/模糊检索,中等,在项目/功能“高压箱”里，失效模式“输出不受控制”最后会带来什么后果？,安全事故,项目/功能=高压箱；失效模式=输出不受控制；失效后果=安全事故。,正确,1.0,10.76,QueryIR结构化查询,1.0,1.0,0,,1,,,,,,安全事故,,,11,
246,246,Full-M2去除确定性规则问答模块,M2 确定性规则问答模块,故障措施推荐类,action_colloquial,,M3_查询理解与语义检索增强,口语化/模糊检索,中等,在项目/功能“高压箱”里，失效模式“输出不受控制”一般怎么处理？,更换损坏器件,更换损坏器件.,正确,1.0,882.94,语义RAG,1.0,1.0,0,,6,,,,,,更换损坏器件,,,11,
247,247,Full-M2去除确定性规则问答模块,M2 确定性规则问答模块,风险影响评估类,risk_colloquial,,M3_查询理解与语义检索增强,口语化/模糊检索,中等,在项目/功能“高压箱”里，失效模式“输出不受控制”的风险最后会体现成什么？,安全事故,安全事故,正确,1.0,288.5,语义RAG,1.0,1.0,0,,6,,,,,,安全事故,,,11,
248,248,Full-M2去除确定性规则问答模块,M2 确定性规则问答模块,故障原因诊断类,cause_bool,,M4_证据裁决,证据裁决,简单,FMEA编号“LFP012”对应的原因是否就是“元器件损坏”？,是,是。FMEA编号“LFP012”对应的失效模式“输出不受控制”的潜在失效原因/机理是：元器件损坏。,正确,1.0,4.7,CSV直答,1.0,1.0,0,,1,,,,,,,,是/否判断,11,
249,249,Full-M2去除确定性规则问答模块,M2 确定性规则问答模块,风险影响评估类,risk_bool,,M4_证据裁决,证据裁决,简单,FMEA编号“LFP012”对应的后果是否就是“安全事故”？,是,是。FMEA编号“LFP012”对应的失效模式“输出不受控制”的潜在失效后果是：安全事故。,正确,1.0,4.14,CSV直答,1.0,1.0,0,,1,,,,,,,,是/否判断,11,
250,250,Full-M2去除确定性规则问答模块,M2 确定性规则问答模块,风险影响评估类,mode_project_bool,,M4_证据裁决,证据裁决,简单,失效模式“输出不受控制”是不是出现在项目/功能“高压箱”里？,是,是的，失效模式“输出不受控制”出现在项目/功能“高压箱”里。,正确,1.0,464.06,语义RAG,1.0,1.0,0,,6,,,,,,,,是/否判断,11,
251,251,Full-M2去除确定性规则问答模块,M2 确定性规则问答模块,风险影响评估类,risk_mode_code,,M3_查询理解与语义检索增强,口语化/模糊检索,简单,失效模式“输出不受控制”对应的FMEA编号是什么？,LFP012,失效模式“输出不受控制”对应的FMEA编号是：LFP012。,正确,1.0,4.4,CSV直答,0.0,0.0,0,,1,,,12.0,LFP012,,LFP012,,FmeaID,11,
252,252,Full-M2去除确定性规则问答模块,M2 确定性规则问答模块,风险影响评估类,risk_mode_project,,M3_查询理解与语义检索增强,口语化/模糊检索,简单,在项目/功能“高压箱”里，失效模式“输出不受控制”的后果是什么？,安全事故,项目/功能=高压箱；失效模式=输出不受控制；失效后果=安全事故。,正确,1.0,9.49,QueryIR结构化查询,1.0,1.0,0,,1,,,,,,安全事故,,,11,
253,253,Full-M2去除确定性规则问答模块,M2 确定性规则问答模块,故障原因诊断类,cause_code,,M1_编号直答,CSV直答,简单,FMEA编号“LFP013”这条的潜在失效原因/机理是什么？,无有效保护措施,FMEA编号“LFP013”对应的失效模式“高压带电”的潜在失效原因/机理是：无有效保护措施。,正确,1.0,3.88,CSV直答,1.0,1.0,0,,1,,,,,,无有效保护措施,,,12,
254,254,Full-M2去除确定性规则问答模块,M2 确定性规则问答模块,风险影响评估类,effect_code,,M1_编号直答,CSV直答,简单,FMEA编号“LFP013”这条的潜在失效后果是什么？,安全事故,FMEA编号“LFP013”对应的失效模式“高压带电”的潜在失效后果是：安全事故。,正确,1.0,3.8,CSV直答,1.0,1.0,0,,1,,,,,,安全事故,,,12,
255,255,Full-M2去除确定性规则问答模块,M2 确定性规则问答模块,风险影响评估类,rpn_code,,M1_编号直答,CSV直答,简单,FMEA编号“LFP013”这条的RPN是多少？,RPN=120.0,FMEA编号“LFP013”对应的失效模式“高压带电”的RPN是：120。,正确,1.0,3.73,CSV直答,1.0,1.0,0,,1,,,120.0,,,,120.0,RPN,12,
256,256,Full-M2去除确定性规则问答模块,M2 确定性规则问答模块,风险影响评估类,s_code,,M1_编号直答,CSV直答,简单,FMEA编号“LFP013”这条的S是多少？,S=10.0,10,正确,1.0,974.05,语义RAG,0.5,1.0,0,,6,,,10.0,,,,10.0,S,12,
257,257,Full-M2去除确定性规则问答模块,M2 确定性规则问答模块,风险影响评估类,o_code,,M1_编号直答,CSV直答,简单,FMEA编号“LFP013”这条的O是多少？,O=2.0,2,正确,1.0,287.64,语义RAG,0.5,1.0,0,,6,,,2.0,,,,2.0,O,12,
258,258,Full-M2去除确定性规则问答模块,M2 确定性规则问答模块,风险影响评估类,d_code,,M1_编号直答,CSV直答,简单,FMEA编号“LFP013”这条的D是多少？,D=6.0,6,正确,1.0,313.45,语义RAG,0.5,1.0,0,,6,,,6.0,,,,6.0,D,12,
259,259,Full-M2去除确定性规则问答模块,M2 确定性规则问答模块,故障原因诊断类,cause_mode,,M3_查询理解与语义检索增强,口语化/模糊检索,简单,失效模式“高压带电”对应的潜在失效原因/机理是什么？,无有效保护措施,失效模式“高压带电”的潜在失效原因/机理是：无有效保护措施。,正确,1.0,4.57,CSV直答,0.0,0.0,0,,1,,,,,,无有效保护措施,,,12,
260,260,Full-M2去除确定性规则问答模块,M2 确定性规则问答模块,风险影响评估类,effect_mode,,M3_查询理解与语义检索增强,口语化/模糊检索,简单,失效模式“高压带电”对应的潜在失效后果是什么？,安全事故,失效模式“高压带电”的潜在失效后果是：安全事故。,正确,1.0,3.84,CSV直答,0.0,0.0,0,,1,,,,,,安全事故,,,12,
261,261,Full-M2去除确定性规则问答模块,M2 确定性规则问答模块,风险影响评估类,rpn_mode,,M3_查询理解与语义检索增强,口语化/模糊检索,简单,失效模式“高压带电”的RPN是多少？,RPN=120.0,失效模式“高压带电”的RPN是：120。,正确,1.0,3.75,CSV直答,0.0,0.0,0,,1,,,120.0,,,,120.0,RPN,12,
262,262,Full-M2去除确定性规则问答模块,M2 确定性规则问答模块,故障原因诊断类,cause_colloquial,,M3_查询理解与语义检索增强,口语化/模糊检索,中等,在项目/功能“高压箱”里，失效模式“高压带电”这个问题，原因讲白一点是什么？,无有效保护措施,无有效保护措施,正确,1.0,1015.48,语义RAG,0.5,1.0,0,,6,,,,,,无有效保护措施,,,12,
263,263,Full-M2去除确定性规则问答模块,M2 确定性规则问答模块,风险影响评估类,effect_colloquial,,M3_查询理解与语义检索增强,口语化/模糊检索,中等,在项目/功能“高压箱”里，失效模式“高压带电”最后会带来什么后果？,安全事故,项目/功能=高压箱；失效模式=高压带电；失效后果=安全事故。,正确,1.0,10.63,QueryIR结构化查询,1.0,1.0,0,,1,,,,,,安全事故,,,12,
264,264,Full-M2去除确定性规则问答模块,M2 确定性规则问答模块,风险影响评估类,risk_colloquial,,M3_查询理解与语义检索增强,口语化/模糊检索,中等,在项目/功能“高压箱”里，失效模式“高压带电”的风险最后会体现成什么？,安全事故,后果: 安全事故,正确,1.0,869.32,语义RAG,1.0,1.0,0,,6,,,,,,安全事故,,,12,
265,265,Full-M2去除确定性规则问答模块,M2 确定性规则问答模块,故障原因诊断类,cause_bool,,M4_证据裁决,证据裁决,简单,FMEA编号“LFP013”对应的原因是否就是“无有效保护措施”？,是,是。FMEA编号“LFP013”对应的失效模式“高压带电”的潜在失效原因/机理是：无有效保护措施。,正确,1.0,3.5,CSV直答,1.0,1.0,0,,1,,,,,,,,是/否判断,12,
266,266,Full-M2去除确定性规则问答模块,M2 确定性规则问答模块,风险影响评估类,risk_bool,,M4_证据裁决,证据裁决,简单,FMEA编号“LFP013”对应的后果是否就是“安全事故”？,是,是。FMEA编号“LFP013”对应的失效模式“高压带电”的潜在失效后果是：安全事故。,正确,1.0,2.89,CSV直答,1.0,1.0,0,,1,,,,,,,,是/否判断,12,
267,267,Full-M2去除确定性规则问答模块,M2 确定性规则问答模块,风险影响评估类,mode_project_bool,,M4_证据裁决,证据裁决,简单,失效模式“高压带电”是不是出现在项目/功能“高压箱”里？,是,是的，失效模式“高压带电”出现在项目/功能“高压箱”里。,正确,1.0,892.22,语义RAG,1.0,1.0,0,,6,,,,,,,,是/否判断,12,
268,268,Full-M2去除确定性规则问答模块,M2 确定性规则问答模块,风险影响评估类,risk_mode_code,,M3_查询理解与语义检索增强,口语化/模糊检索,简单,失效模式“高压带电”对应的FMEA编号是什么？,LFP013,失效模式“高压带电”对应的FMEA编号是：LFP013。,正确,1.0,3.76,CSV直答,0.0,0.0,0,,1,,,13.0,LFP013,,LFP013,,FmeaID,12,
269,269,Full-M2去除确定性规则问答模块,M2 确定性规则问答模块,风险影响评估类,risk_mode_project,,M3_查询理解与语义检索增强,口语化/模糊检索,简单,在项目/功能“高压箱”里，失效模式“高压带电”的后果是什么？,安全事故,项目/功能=高压箱；失效模式=高压带电；失效后果=安全事故。,正确,1.0,6.92,QueryIR结构化查询,1.0,1.0,0,,1,,,,,,安全事故,,,12,
270,270,Full-M2去除确定性规则问答模块,M2 确定性规则问答模块,故障原因诊断类,cause_code,,M1_编号直答,CSV直答,简单,FMEA编号“LFP014”这条的潜在失效原因/机理是什么？,负载未断开、违规操作,FMEA编号“LFP014”对应的失效模式“在负载连接的情况下意外开盖”的潜在失效原因/机理是：负载未断开、违规操作。,正确,1.0,2.93,CSV直答,1.0,1.0,0,,1,,,,,,负载未断开、违规操作,,,13,
271,271,Full-M2去除确定性规则问答模块,M2 确定性规则问答模块,风险影响评估类,effect_code,,M1_编号直答,CSV直答,简单,FMEA编号“LFP014”这条的潜在失效后果是什么？,安全事故,FMEA编号“LFP014”对应的失效模式“在负载连接的情况下意外开盖”的潜在失效后果是：安全事故。,正确,1.0,2.92,CSV直答,1.0,1.0,0,,1,,,,,,安全事故,,,13,
272,272,Full-M2去除确定性规则问答模块,M2 确定性规则问答模块,风险影响评估类,rpn_code,,M1_编号直答,CSV直答,简单,FMEA编号“LFP014”这条的RPN是多少？,RPN=90.0,FMEA编号“LFP014”对应的失效模式“在负载连接的情况下意外开盖”的RPN是：90。,正确,1.0,3.25,CSV直答,1.0,1.0,0,,1,,,90.0,,,,90.0,RPN,13,
273,273,Full-M2去除确定性规则问答模块,M2 确定性规则问答模块,风险影响评估类,s_code,,M1_编号直答,CSV直答,简单,FMEA编号“LFP014”这条的S是多少？,S=9.0,9,正确,1.0,958.41,语义RAG,0.5,1.0,0,,6,,,9.0,,,,9.0,S,13,
274,274,Full-M2去除确定性规则问答模块,M2 确定性规则问答模块,风险影响评估类,o_code,,M1_编号直答,CSV直答,简单,FMEA编号“LFP014”这条的O是多少？,O=2.0,2,正确,1.0,308.53,语义RAG,0.5,1.0,0,,6,,,2.0,,,,2.0,O,13,
275,275,Full-M2去除确定性规则问答模块,M2 确定性规则问答模块,风险影响评估类,d_code,,M1_编号直答,CSV直答,简单,FMEA编号“LFP014”这条的D是多少？,D=5.0,5,正确,1.0,333.79,语义RAG,0.5,1.0,0,,6,,,5.0,,,,5.0,D,13,
276,276,Full-M2去除确定性规则问答模块,M2 确定性规则问答模块,故障原因诊断类,cause_mode,,M3_查询理解与语义检索增强,口语化/模糊检索,简单,失效模式“在负载连接的情况下意外开盖”对应的潜在失效原因/机理是什么？,负载未断开、违规操作,失效模式“在负载连接的情况下意外开盖”的潜在失效原因/机理是：负载未断开、违规操作。,正确,1.0,4.26,CSV直答,0.0,0.0,0,,1,,,,,,负载未断开、违规操作,,,13,
277,277,Full-M2去除确定性规则问答模块,M2 确定性规则问答模块,风险影响评估类,effect_mode,,M3_查询理解与语义检索增强,口语化/模糊检索,简单,失效模式“在负载连接的情况下意外开盖”对应的潜在失效后果是什么？,安全事故,失效模式“在负载连接的情况下意外开盖”的潜在失效后果是：安全事故。,正确,1.0,3.71,CSV直答,0.0,0.0,0,,1,,,,,,安全事故,,,13,
278,278,Full-M2去除确定性规则问答模块,M2 确定性规则问答模块,风险影响评估类,rpn_mode,,M3_查询理解与语义检索增强,口语化/模糊检索,简单,失效模式“在负载连接的情况下意外开盖”的RPN是多少？,RPN=90.0,失效模式“在负载连接的情况下意外开盖”的RPN是：90。,正确,1.0,3.68,CSV直答,0.0,0.0,0,,1,,,90.0,,,,90.0,RPN,13,
279,279,Full-M2去除确定性规则问答模块,M2 确定性规则问答模块,故障原因诊断类,cause_colloquial,,M3_查询理解与语义检索增强,口语化/模糊检索,中等,在项目/功能“高压箱”里，失效模式“在负载连接的情况下意外开盖”这个问题，原因讲白一点是什么？,负载未断开、违规操作,原因是负载未断开、违规操作。,正确,1.0,1113.1,语义RAG,0.3333,1.0,0,,6,,,,,,负载未断开、违规操作,,,13,
280,280,Full-M2去除确定性规则问答模块,M2 确定性规则问答模块,风险影响评估类,effect_colloquial,,M3_查询理解与语义检索增强,口语化/模糊检索,中等,在项目/功能“高压箱”里，失效模式“在负载连接的情况下意外开盖”最后会带来什么后果？,安全事故,项目/功能=高压箱；失效模式=在负载连接的情况下意外开盖；失效后果=安全事故。,正确,1.0,10.3,QueryIR结构化查询,1.0,1.0,0,,1,,,,,,安全事故,,,13,
281,281,Full-M2去除确定性规则问答模块,M2 确定性规则问答模块,风险影响评估类,risk_colloquial,,M3_查询理解与语义检索增强,口语化/模糊检索,中等,在项目/功能“高压箱”里，失效模式“在负载连接的情况下意外开盖”的风险最后会体现成什么？,安全事故,后果: 安全事故,正确,1.0,957.77,语义RAG,1.0,1.0,0,,6,,,,,,安全事故,,,13,
282,282,Full-M2去除确定性规则问答模块,M2 确定性规则问答模块,故障原因诊断类,cause_bool,,M4_证据裁决,证据裁决,简单,FMEA编号“LFP014”对应的原因是否就是“负载未断开、违规操作”？,是,是。FMEA编号“LFP014”对应的失效模式“在负载连接的情况下意外开盖”的潜在失效原因/机理是：负载未断开、违规操作。,正确,1.0,4.67,CSV直答,1.0,1.0,0,,1,,,,,,,,是/否判断,13,
283,283,Full-M2去除确定性规则问答模块,M2 确定性规则问答模块,风险影响评估类,risk_bool,,M4_证据裁决,证据裁决,简单,FMEA编号“LFP014”对应的后果是否就是“安全事故”？,是,是。FMEA编号“LFP014”对应的失效模式“在负载连接的情况下意外开盖”的潜在失效后果是：安全事故。,正确,1.0,4.03,CSV直答,1.0,1.0,0,,1,,,,,,,,是/否判断,13,
284,284,Full-M2去除确定性规则问答模块,M2 确定性规则问答模块,风险影响评估类,mode_project_bool,,M4_证据裁决,证据裁决,简单,失效模式“在负载连接的情况下意外开盖”是不是出现在项目/功能“高压箱”里？,是,是的，失效模式“在负载连接的情况下意外开盖”出现在项目/功能“高压箱”里。,正确,1.0,515.24,语义RAG,1.0,1.0,0,,6,,,,,,,,是/否判断,13,
285,285,Full-M2去除确定性规则问答模块,M2 确定性规则问答模块,风险影响评估类,risk_mode_code,,M3_查询理解与语义检索增强,口语化/模糊检索,简单,失效模式“在负载连接的情况下意外开盖”对应的FMEA编号是什么？,LFP014,失效模式“在负载连接的情况下意外开盖”对应的FMEA编号是：LFP014。,正确,1.0,3.47,CSV直答,0.0,0.0,0,,1,,,14.0,LFP014,,LFP014,,FmeaID,13,
286,286,Full-M2去除确定性规则问答模块,M2 确定性规则问答模块,风险影响评估类,risk_mode_project,,M3_查询理解与语义检索增强,口语化/模糊检索,简单,在项目/功能“高压箱”里，失效模式“在负载连接的情况下意外开盖”的后果是什么？,安全事故,项目/功能=高压箱；失效模式=在负载连接的情况下意外开盖；失效后果=安全事故。,正确,1.0,7.59,QueryIR结构化查询,1.0,1.0,0,,1,,,,,,安全事故,,,13,
287,287,Full-M2去除确定性规则问答模块,M2 确定性规则问答模块,故障原因诊断类,cause_code,,M1_编号直答,CSV直答,简单,FMEA编号“LFP015”这条的潜在失效原因/机理是什么？,充电时继电器未断开,FMEA编号“LFP015”对应的失效模式“充电时触电”的潜在失效原因/机理是：充电时继电器未断开。,正确,1.0,3.66,CSV直答,1.0,1.0,0,,1,,,,,,充电时继电器未断开,,,14,
288,288,Full-M2去除确定性规则问答模块,M2 确定性规则问答模块,风险影响评估类,effect_code,,M1_编号直答,CSV直答,简单,FMEA编号“LFP015”这条的潜在失效后果是什么？,安全事故,FMEA编号“LFP015”对应的失效模式“充电时触电”的潜在失效后果是：安全事故。,正确,1.0,3.48,CSV直答,1.0,1.0,0,,1,,,,,,安全事故,,,14,
289,289,Full-M2去除确定性规则问答模块,M2 确定性规则问答模块,风险影响评估类,rpn_code,,M1_编号直答,CSV直答,简单,FMEA编号“LFP015”这条的RPN是多少？,RPN=90.0,FMEA编号“LFP015”对应的失效模式“充电时触电”的RPN是：90。,正确,1.0,3.47,CSV直答,1.0,1.0,0,,1,,,90.0,,,,90.0,RPN,14,
290,290,Full-M2去除确定性规则问答模块,M2 确定性规则问答模块,风险影响评估类,s_code,,M1_编号直答,CSV直答,简单,FMEA编号“LFP015”这条的S是多少？,S=9.0,9,正确,1.0,977.74,语义RAG,0.5,1.0,0,,6,,,9.0,,,,9.0,S,14,
291,291,Full-M2去除确定性规则问答模块,M2 确定性规则问答模块,风险影响评估类,o_code,,M1_编号直答,CSV直答,简单,FMEA编号“LFP015”这条的O是多少？,O=2.0,2,正确,1.0,276.47,语义RAG,0.5,1.0,0,,6,,,2.0,,,,2.0,O,14,
292,292,Full-M2去除确定性规则问答模块,M2 确定性规则问答模块,风险影响评估类,d_code,,M1_编号直答,CSV直答,简单,FMEA编号“LFP015”这条的D是多少？,D=5.0,5,正确,1.0,281.23,语义RAG,0.5,1.0,0,,6,,,5.0,,,,5.0,D,14,
293,293,Full-M2去除确定性规则问答模块,M2 确定性规则问答模块,故障原因诊断类,cause_mode,,M3_查询理解与语义检索增强,口语化/模糊检索,简单,失效模式“充电时触电”对应的潜在失效原因/机理是什么？,充电时继电器未断开,失效模式“充电时触电”的潜在失效原因/机理是：充电时继电器未断开。,正确,1.0,4.04,CSV直答,0.0,0.0,0,,1,,,,,,充电时继电器未断开,,,14,
294,294,Full-M2去除确定性规则问答模块,M2 确定性规则问答模块,风险影响评估类,effect_mode,,M3_查询理解与语义检索增强,口语化/模糊检索,简单,失效模式“充电时触电”对应的潜在失效后果是什么？,安全事故,失效模式“充电时触电”的潜在失效后果是：安全事故。,正确,1.0,3.31,CSV直答,0.0,0.0,0,,1,,,,,,安全事故,,,14,
295,295,Full-M2去除确定性规则问答模块,M2 确定性规则问答模块,风险影响评估类,rpn_mode,,M3_查询理解与语义检索增强,口语化/模糊检索,简单,失效模式“充电时触电”的RPN是多少？,RPN=90.0,失效模式“充电时触电”的RPN是：90。,正确,1.0,3.26,CSV直答,0.0,0.0,0,,1,,,90.0,,,,90.0,RPN,14,
296,296,Full-M2去除确定性规则问答模块,M2 确定性规则问答模块,故障原因诊断类,cause_colloquial,,M3_查询理解与语义检索增强,口语化/模糊检索,中等,在项目/功能“高压箱”里，失效模式“充电时触电”这个问题，原因讲白一点是什么？,充电时继电器未断开,充电时继电器未断开,正确,1.0,1065.64,语义RAG,0.5,1.0,0,,6,,,,,,充电时继电器未断开,,,14,
297,297,Full-M2去除确定性规则问答模块,M2 确定性规则问答模块,风险影响评估类,effect_colloquial,,M3_查询理解与语义检索增强,口语化/模糊检索,中等,在项目/功能“高压箱”里，失效模式“充电时触电”最后会带来什么后果？,安全事故,项目/功能=高压箱；失效模式=充电时触电；失效后果=安全事故。,正确,1.0,7.71,QueryIR结构化查询,1.0,1.0,0,,1,,,,,,安全事故,,,14,
298,298,Full-M2去除确定性规则问答模块,M2 确定性规则问答模块,风险影响评估类,risk_colloquial,,M3_查询理解与语义检索增强,口语化/模糊检索,中等,在项目/功能“高压箱”里，失效模式“充电时触电”的风险最后会体现成什么？,安全事故,后果: 安全事故,正确,1.0,939.82,语义RAG,1.0,1.0,0,,6,,,,,,安全事故,,,14,
299,299,Full-M2去除确定性规则问答模块,M2 确定性规则问答模块,故障原因诊断类,cause_bool,,M4_证据裁决,证据裁决,简单,FMEA编号“LFP015”对应的原因是否就是“充电时继电器未断开”？,是,是。FMEA编号“LFP015”对应的失效模式“充电时触电”的潜在失效原因/机理是：充电时继电器未断开。,正确,1.0,4.43,CSV直答,1.0,1.0,0,,1,,,,,,,,是/否判断,14,
300,300,Full-M2去除确定性规则问答模块,M2 确定性规则问答模块,风险影响评估类,risk_bool,,M4_证据裁决,证据裁决,简单,FMEA编号“LFP015”对应的后果是否就是“安全事故”？,是,是。FMEA编号“LFP015”对应的失效模式“充电时触电”的潜在失效后果是：安全事故。,正确,1.0,3.69,CSV直答,1.0,1.0,0,,1,,,,,,,,是/否判断,14,
301,301,Full-M2去除确定性规则问答模块,M2 确定性规则问答模块,风险影响评估类,mode_project_bool,,M4_证据裁决,证据裁决,简单,失效模式“充电时触电”是不是出现在项目/功能“高压箱”里？,是,是的，失效模式“充电时触电”出现在项目/功能“高压箱”里。,正确,1.0,504.48,语义RAG,1.0,1.0,0,,6,,,,,,,,是/否判断,14,
302,302,Full-M2去除确定性规则问答模块,M2 确定性规则问答模块,风险影响评估类,risk_mode_code,,M3_查询理解与语义检索增强,口语化/模糊检索,简单,失效模式“充电时触电”对应的FMEA编号是什么？,LFP015,失效模式“充电时触电”对应的FMEA编号是：LFP015。,正确,1.0,3.64,CSV直答,0.0,0.0,0,,1,,,15.0,LFP015,,LFP015,,FmeaID,14,
303,303,Full-M2去除确定性规则问答模块,M2 确定性规则问答模块,风险影响评估类,risk_mode_project,,M3_查询理解与语义检索增强,口语化/模糊检索,简单,在项目/功能“高压箱”里，失效模式“充电时触电”的后果是什么？,安全事故,项目/功能=高压箱；失效模式=充电时触电；失效后果=安全事故。,正确,1.0,6.69,QueryIR结构化查询,1.0,1.0,0,,1,,,,,,安全事故,,,14,
304,304,Full-M2去除确定性规则问答模块,M2 确定性规则问答模块,风险影响评估类,project_avg_rpn,,M2_规则推理,规则推理,中等,项目/功能“热管理系统”的平均RPN是多少？,平均RPN=128.33,项目/功能“热管理系统”的平均RPN是：128.33。,正确,1.0,68.54,语义RAG,0.2222,1.0,0,,9,,,128.33,,,,128.33333333333334,RPN,15,
305,305,Full-M2去除确定性规则问答模块,M2 确定性规则问答模块,风险影响评估类,project_top_mode,,M2_规则推理,规则推理,中等,项目/功能“热管理系统”里RPN最高的失效模式是什么？,电池组整体温度过高；RPN=168.0,"待确认：证据不足，缺少关键约束：failure_mode, metric。",错误,0.0,3.8,拒答/证据不足,,0.0,0,,0,电池组整体温度过高,168.0,,,,电池组整体温度过高,168.0,FailureMode；RPN,15,
306,306,Full-M2去除确定性规则问答模块,M2 确定性规则问答模块,风险影响评估类,project_top_effect,,M2_规则推理,规则推理,中等,项目/功能“热管理系统”里RPN最高的那条，它的后果是什么？,影响电池工作,当前召回的图谱摘要证据中，最高风险条目为：FMEA编号是：LFP017；失效模式是：电池组整体温度过低；RPN是：168；原因是：加热系统未工作或设计达不到要求；后果是：影响电池工作；建议措施是：更换加热系统。,正确,1.0,67.55,语义RAG,0.1667,1.0,0,1.0,12,,,,,,影响电池工作,,FailureEffect,15,
307,307,Full-M2去除确定性规则问答模块,M2 确定性规则问答模块,故障原因诊断类,cause_code,,M1_编号直答,CSV直答,简单,FMEA编号“LFP016”这条的潜在失效原因/机理是什么？,风道设计不合理,FMEA编号“LFP016”对应的失效模式“电池组整体温度过高”的潜在失效原因/机理是：风道设计不合理。,正确,1.0,4.59,CSV直答,1.0,1.0,0,,1,,,,,,风道设计不合理,,,15,
308,308,Full-M2去除确定性规则问答模块,M2 确定性规则问答模块,风险影响评估类,effect_code,,M1_编号直答,CSV直答,简单,FMEA编号“LFP016”这条的潜在失效后果是什么？,影响电池工作,FMEA编号“LFP016”对应的失效模式“电池组整体温度过高”的潜在失效后果是：影响电池工作。,正确,1.0,4.01,CSV直答,1.0,1.0,0,,1,,,,,,影响电池工作,,,15,
309,309,Full-M2去除确定性规则问答模块,M2 确定性规则问答模块,风险影响评估类,rpn_code,,M1_编号直答,CSV直答,简单,FMEA编号“LFP016”这条的RPN是多少？,RPN=168.0,FMEA编号“LFP016”对应的失效模式“电池组整体温度过高”的RPN是：168。,正确,1.0,3.92,CSV直答,1.0,1.0,0,,1,,,168.0,,,,168.0,RPN,15,
310,310,Full-M2去除确定性规则问答模块,M2 确定性规则问答模块,风险影响评估类,s_code,,M1_编号直答,CSV直答,简单,FMEA编号“LFP016”这条的S是多少？,S=6.0,6,正确,1.0,985.72,语义RAG,0.5,1.0,0,,6,,,6.0,,,,6.0,S,15,
311,311,Full-M2去除确定性规则问答模块,M2 确定性规则问答模块,风险影响评估类,o_code,,M1_编号直答,CSV直答,简单,FMEA编号“LFP016”这条的O是多少？,O=4.0,4,正确,1.0,284.21,语义RAG,0.5,1.0,0,,6,,,4.0,,,,4.0,O,15,
312,312,Full-M2去除确定性规则问答模块,M2 确定性规则问答模块,风险影响评估类,d_code,,M1_编号直答,CSV直答,简单,FMEA编号“LFP016”这条的D是多少？,D=7.0,7,正确,1.0,320.2,语义RAG,0.5,1.0,0,,6,,,7.0,,,,7.0,D,15,
313,313,Full-M2去除确定性规则问答模块,M2 确定性规则问答模块,故障措施推荐类,action_code,,M1_编号直答,CSV直答,简单,FMEA编号“LFP016”这条的建议措施是什么？,增加散热,FMEA编号“LFP016”对应的失效模式“电池组整体温度过高”的建议措施是：增加散热。,正确,1.0,4.56,CSV直答,1.0,1.0,0,,1,,,,,,增加散热,,RecommendedAction,15,
314,314,Full-M2去除确定性规则问答模块,M2 确定性规则问答模块,故障原因诊断类,cause_mode,,M3_查询理解与语义检索增强,口语化/模糊检索,简单,失效模式“电池组整体温度过高”对应的潜在失效原因/机理是什么？,风道设计不合理,失效模式“电池组整体温度过高”的潜在失效原因/机理是：风道设计不合理。,正确,1.0,3.64,CSV直答,0.0,0.0,0,,1,,,,,,风道设计不合理,,,15,
315,315,Full-M2去除确定性规则问答模块,M2 确定性规则问答模块,风险影响评估类,effect_mode,,M3_查询理解与语义检索增强,口语化/模糊检索,简单,失效模式“电池组整体温度过高”对应的潜在失效后果是什么？,影响电池工作,失效模式“电池组整体温度过高”的潜在失效后果是：影响电池工作。,正确,1.0,3.56,CSV直答,0.0,0.0,0,,1,,,,,,影响电池工作,,,15,
316,316,Full-M2去除确定性规则问答模块,M2 确定性规则问答模块,风险影响评估类,rpn_mode,,M3_查询理解与语义检索增强,口语化/模糊检索,简单,失效模式“电池组整体温度过高”的RPN是多少？,RPN=168.0,失效模式“电池组整体温度过高”的RPN是：168。,正确,1.0,3.49,CSV直答,0.0,0.0,0,,1,,,168.0,,,,168.0,RPN,15,
317,317,Full-M2去除确定性规则问答模块,M2 确定性规则问答模块,故障措施推荐类,action_mode,,M3_查询理解与语义检索增强,口语化/模糊检索,简单,失效模式“电池组整体温度过高”对应的建议措施是什么？,增加散热,针对失效模式“电池组整体温度过高”，建议措施是：增加散热。,正确,1.0,3.61,CSV直答,0.0,0.0,0,,1,,,,,,增加散热,,RecommendedAction,15,
318,318,Full-M2去除确定性规则问答模块,M2 确定性规则问答模块,故障原因诊断类,cause_colloquial,,M3_查询理解与语义检索增强,口语化/模糊检索,中等,在项目/功能“热管理系统”里，失效模式“电池组整体温度过高”这个问题，原因讲白一点是什么？,风道设计不合理,原因是风道设计不合理。,正确,1.0,1030.7,语义RAG,0.1667,1.0,0,,6,,,,,,风道设计不合理,,,15,
319,319,Full-M2去除确定性规则问答模块,M2 确定性规则问答模块,风险影响评估类,effect_colloquial,,M3_查询理解与语义检索增强,口语化/模糊检索,中等,在项目/功能“热管理系统”里，失效模式“电池组整体温度过高”最后会带来什么后果？,影响电池工作,项目/功能=热管理系统；失效模式=电池组整体温度过高；失效后果=影响电池工作。,正确,1.0,7.57,QueryIR结构化查询,1.0,1.0,0,,1,,,,,,影响电池工作,,,15,
320,320,Full-M2去除确定性规则问答模块,M2 确定性规则问答模块,故障措施推荐类,action_colloquial,,M3_查询理解与语义检索增强,口语化/模糊检索,中等,在项目/功能“热管理系统”里，失效模式“电池组整体温度过高”一般怎么处理？,增加散热,增加散热.,正确,1.0,566.55,语义RAG,0.1667,1.0,0,,6,,,,,,增加散热,,,15,
321,321,Full-M2去除确定性规则问答模块,M2 确定性规则问答模块,风险影响评估类,risk_colloquial,,M3_查询理解与语义检索增强,口语化/模糊检索,中等,在项目/功能“热管理系统”里，失效模式“电池组整体温度过高”的风险最后会体现成什么？,影响电池工作,后果: 影响电池工作,正确,1.0,562.22,语义RAG,0.1667,1.0,0,,6,,,,,,影响电池工作,,,15,
322,322,Full-M2去除确定性规则问答模块,M2 确定性规则问答模块,故障原因诊断类,cause_bool,,M4_证据裁决,证据裁决,简单,FMEA编号“LFP016”对应的原因是否就是“风道设计不合理”？,是,是。FMEA编号“LFP016”对应的失效模式“电池组整体温度过高”的潜在失效原因/机理是：风道设计不合理。,正确,1.0,3.56,CSV直答,1.0,1.0,0,,1,,,,,,,,是/否判断,15,
323,323,Full-M2去除确定性规则问答模块,M2 确定性规则问答模块,风险影响评估类,risk_bool,,M4_证据裁决,证据裁决,简单,FMEA编号“LFP016”对应的后果是否就是“影响电池工作”？,是,是。FMEA编号“LFP016”对应的失效模式“电池组整体温度过高”的潜在失效后果是：影响电池工作。,正确,1.0,3.03,CSV直答,1.0,1.0,0,,1,,,,,,,,是/否判断,15,
324,324,Full-M2去除确定性规则问答模块,M2 确定性规则问答模块,风险影响评估类,mode_project_bool,,M4_证据裁决,证据裁决,简单,失效模式“电池组整体温度过高”是不是出现在项目/功能“热管理系统”里？,是,是的，失效模式“电池组整体温度过高”出现在项目/功能“热管理系统”里。,正确,1.0,528.03,语义RAG,0.1667,0.1667,0,,6,,,,,,,,是/否判断,15,
325,325,Full-M2去除确定性规则问答模块,M2 确定性规则问答模块,风险影响评估类,risk_mode_code,,M3_查询理解与语义检索增强,口语化/模糊检索,简单,失效模式“电池组整体温度过高”对应的FMEA编号是什么？,LFP016,失效模式“电池组整体温度过高”对应的FMEA编号是：LFP016。,正确,1.0,4.79,CSV直答,0.0,0.0,0,,1,,,16.0,LFP016,,LFP016,,FmeaID,15,
326,326,Full-M2去除确定性规则问答模块,M2 确定性规则问答模块,风险影响评估类,risk_mode_project,,M3_查询理解与语义检索增强,口语化/模糊检索,简单,在项目/功能“热管理系统”里，失效模式“电池组整体温度过高”的后果是什么？,影响电池工作,项目/功能=热管理系统；失效模式=电池组整体温度过高；失效后果=影响电池工作。,正确,1.0,10.22,QueryIR结构化查询,1.0,1.0,0,,1,,,,,,影响电池工作,,,15,
327,327,Full-M2去除确定性规则问答模块,M2 确定性规则问答模块,故障原因诊断类,cause_code,,M1_编号直答,CSV直答,简单,FMEA编号“LFP017”这条的潜在失效原因/机理是什么？,加热系统未工作或设计达不到要求,FMEA编号“LFP017”对应的失效模式“电池组整体温度过低”的潜在失效原因/机理是：加热系统未工作或设计达不到要求。,正确,1.0,4.16,CSV直答,1.0,1.0,0,,1,,,,,,加热系统未工作或设计达不到要求,,,16,
328,328,Full-M2去除确定性规则问答模块,M2 确定性规则问答模块,风险影响评估类,effect_code,,M1_编号直答,CSV直答,简单,FMEA编号“LFP017”这条的潜在失效后果是什么？,影响电池工作,FMEA编号“LFP017”对应的失效模式“电池组整体温度过低”的潜在失效后果是：影响电池工作。,正确,1.0,4.18,CSV直答,1.0,1.0,0,,1,,,,,,影响电池工作,,,16,
329,329,Full-M2去除确定性规则问答模块,M2 确定性规则问答模块,风险影响评估类,rpn_code,,M1_编号直答,CSV直答,简单,FMEA编号“LFP017”这条的RPN是多少？,RPN=168.0,FMEA编号“LFP017”对应的失效模式“电池组整体温度过低”的RPN是：168。,正确,1.0,4.09,CSV直答,1.0,1.0,0,,1,,,168.0,,,,168.0,RPN,16,
330,330,Full-M2去除确定性规则问答模块,M2 确定性规则问答模块,风险影响评估类,s_code,,M1_编号直答,CSV直答,简单,FMEA编号“LFP017”这条的S是多少？,S=6.0,6,正确,1.0,963.81,语义RAG,0.5,1.0,0,,6,,,6.0,,,,6.0,S,16,
331,331,Full-M2去除确定性规则问答模块,M2 确定性规则问答模块,风险影响评估类,o_code,,M1_编号直答,CSV直答,简单,FMEA编号“LFP017”这条的O是多少？,O=4.0,4,正确,1.0,275.63,语义RAG,0.5,1.0,0,,6,,,4.0,,,,4.0,O,16,
332,332,Full-M2去除确定性规则问答模块,M2 确定性规则问答模块,风险影响评估类,d_code,,M1_编号直答,CSV直答,简单,FMEA编号“LFP017”这条的D是多少？,D=7.0,7,正确,1.0,246.41,语义RAG,0.5,1.0,0,,6,,,7.0,,,,7.0,D,16,
333,333,Full-M2去除确定性规则问答模块,M2 确定性规则问答模块,故障措施推荐类,action_code,,M1_编号直答,CSV直答,简单,FMEA编号“LFP017”这条的建议措施是什么？,更换加热系统,FMEA编号“LFP017”对应的失效模式“电池组整体温度过低”的建议措施是：更换加热系统。,正确,1.0,4.9,CSV直答,1.0,1.0,0,,1,,,,,,更换加热系统,,RecommendedAction,16,
334,334,Full-M2去除确定性规则问答模块,M2 确定性规则问答模块,故障原因诊断类,cause_mode,,M3_查询理解与语义检索增强,口语化/模糊检索,简单,失效模式“电池组整体温度过低”对应的潜在失效原因/机理是什么？,加热系统未工作或设计达不到要求,失效模式“电池组整体温度过低”的潜在失效原因/机理是：加热系统未工作或设计达不到要求。,正确,1.0,3.75,CSV直答,0.0,0.0,0,,1,,,,,,加热系统未工作或设计达不到要求,,,16,
335,335,Full-M2去除确定性规则问答模块,M2 确定性规则问答模块,风险影响评估类,effect_mode,,M3_查询理解与语义检索增强,口语化/模糊检索,简单,失效模式“电池组整体温度过低”对应的潜在失效后果是什么？,影响电池工作,失效模式“电池组整体温度过低”的潜在失效后果是：影响电池工作。,正确,1.0,3.67,CSV直答,0.0,0.0,0,,1,,,,,,影响电池工作,,,16,
336,336,Full-M2去除确定性规则问答模块,M2 确定性规则问答模块,风险影响评估类,rpn_mode,,M3_查询理解与语义检索增强,口语化/模糊检索,简单,失效模式“电池组整体温度过低”的RPN是多少？,RPN=168.0,失效模式“电池组整体温度过低”的RPN是：168。,正确,1.0,3.57,CSV直答,0.0,0.0,0,,1,,,168.0,,,,168.0,RPN,16,
337,337,Full-M2去除确定性规则问答模块,M2 确定性规则问答模块,故障措施推荐类,action_mode,,M3_查询理解与语义检索增强,口语化/模糊检索,简单,失效模式“电池组整体温度过低”对应的建议措施是什么？,更换加热系统,针对失效模式“电池组整体温度过低”，建议措施是：更换加热系统。,正确,1.0,3.66,CSV直答,0.0,0.0,0,,1,,,,,,更换加热系统,,RecommendedAction,16,
338,338,Full-M2去除确定性规则问答模块,M2 确定性规则问答模块,故障原因诊断类,cause_colloquial,,M3_查询理解与语义检索增强,口语化/模糊检索,中等,在项目/功能“热管理系统”里，失效模式“电池组整体温度过低”这个问题，原因讲白一点是什么？,加热系统未工作或设计达不到要求,加热系统未工作或设计达不到要求。,正确,1.0,1075.72,语义RAG,0.1667,1.0,0,,6,,,,,,加热系统未工作或设计达不到要求,,,16,
339,339,Full-M2去除确定性规则问答模块,M2 确定性规则问答模块,风险影响评估类,effect_colloquial,,M3_查询理解与语义检索增强,口语化/模糊检索,中等,在项目/功能“热管理系统”里，失效模式“电池组整体温度过低”最后会带来什么后果？,影响电池工作,项目/功能=热管理系统；失效模式=电池组整体温度过低；失效后果=影响电池工作。,正确,1.0,7.54,QueryIR结构化查询,1.0,1.0,0,,1,,,,,,影响电池工作,,,16,
340,340,Full-M2去除确定性规则问答模块,M2 确定性规则问答模块,故障措施推荐类,action_colloquial,,M3_查询理解与语义检索增强,口语化/模糊检索,中等,在项目/功能“热管理系统”里，失效模式“电池组整体温度过低”一般怎么处理？,更换加热系统,失效模式是：整体温度高，管理目标无法实现；项目/功能是：热管理系统；建议措施是：外部环境降温。,错误,0.0,67.2,语义RAG,0.3333,1.0,0,,6,更换加热系统,,,,,更换加热系统,,,16,
341,341,Full-M2去除确定性规则问答模块,M2 确定性规则问答模块,风险影响评估类,risk_colloquial,,M3_查询理解与语义检索增强,口语化/模糊检索,中等,在项目/功能“热管理系统”里，失效模式“电池组整体温度过低”的风险最后会体现成什么？,影响电池工作,失效模式是：连接片过热；项目/功能是：热管理系统；失效后果是：安全事故。,错误,0.0,54.21,语义RAG,0.3333,1.0,0,,6,影响电池工作,,,,,影响电池工作,,,16,
342,342,Full-M2去除确定性规则问答模块,M2 确定性规则问答模块,故障原因诊断类,cause_bool,,M4_证据裁决,证据裁决,简单,FMEA编号“LFP017”对应的原因是否就是“加热系统未工作或设计达不到要求”？,是,是。FMEA编号“LFP017”对应的失效模式“电池组整体温度过低”的潜在失效原因/机理是：加热系统未工作或设计达不到要求。,正确,1.0,2.48,CSV直答,1.0,1.0,0,,1,,,,,,,,是/否判断,16,
343,343,Full-M2去除确定性规则问答模块,M2 确定性规则问答模块,风险影响评估类,risk_bool,,M4_证据裁决,证据裁决,简单,FMEA编号“LFP017”对应的后果是否就是“影响电池工作”？,是,是。FMEA编号“LFP017”对应的失效模式“电池组整体温度过低”的潜在失效后果是：影响电池工作。,正确,1.0,2.19,CSV直答,1.0,1.0,0,,1,,,,,,,,是/否判断,16,
344,344,Full-M2去除确定性规则问答模块,M2 确定性规则问答模块,风险影响评估类,mode_project_bool,,M4_证据裁决,证据裁决,简单,失效模式“电池组整体温度过低”是不是出现在项目/功能“热管理系统”里？,是,不是。失效模式“电池组整体温度过低”出现在项目/功能“热管理系统”。,错误,0.0,1111.35,语义RAG,0.3333,0.3333,0,,6,是/否判断,,,,,,,是/否判断,16,
345,345,Full-M2去除确定性规则问答模块,M2 确定性规则问答模块,风险影响评估类,risk_mode_code,,M3_查询理解与语义检索增强,口语化/模糊检索,简单,失效模式“电池组整体温度过低”对应的FMEA编号是什么？,LFP017,失效模式“电池组整体温度过低”对应的FMEA编号是：LFP017。,正确,1.0,4.38,CSV直答,0.0,0.0,0,,1,,,17.0,LFP017,,LFP017,,FmeaID,16,
346,346,Full-M2去除确定性规则问答模块,M2 确定性规则问答模块,风险影响评估类,risk_mode_project,,M3_查询理解与语义检索增强,口语化/模糊检索,简单,在项目/功能“热管理系统”里，失效模式“电池组整体温度过低”的后果是什么？,影响电池工作,项目/功能=热管理系统；失效模式=电池组整体温度过低；失效后果=影响电池工作。,正确,1.0,10.02,QueryIR结构化查询,1.0,1.0,0,,1,,,,,,影响电池工作,,,16,
347,347,Full-M2去除确定性规则问答模块,M2 确定性规则问答模块,故障原因诊断类,cause_code,,M1_编号直答,CSV直答,简单,FMEA编号“LFP018”这条的潜在失效原因/机理是什么？,风扇固定不牢靠或功率过高,FMEA编号“LFP018”对应的失效模式“噪音过大”的潜在失效原因/机理是：风扇固定不牢靠或功率过高。,正确,1.0,4.03,CSV直答,1.0,1.0,0,,1,,,,,,风扇固定不牢靠或功率过高,,,17,
348,348,Full-M2去除确定性规则问答模块,M2 确定性规则问答模块,风险影响评估类,effect_code,,M1_编号直答,CSV直答,简单,FMEA编号“LFP018”这条的潜在失效后果是什么？,影响乘车环境,FMEA编号“LFP018”对应的失效模式“噪音过大”的潜在失效后果是：影响乘车环境。,正确,1.0,3.9,CSV直答,1.0,1.0,0,,1,,,,,,影响乘车环境,,,17,
349,349,Full-M2去除确定性规则问答模块,M2 确定性规则问答模块,风险影响评估类,rpn_code,,M1_编号直答,CSV直答,简单,FMEA编号“LFP018”这条的RPN是多少？,RPN=120.0,FMEA编号“LFP018”对应的失效模式“噪音过大”的RPN是：120。,正确,1.0,3.79,CSV直答,1.0,1.0,0,,1,,,120.0,,,,120.0,RPN,17,
350,350,Full-M2去除确定性规则问答模块,M2 确定性规则问答模块,风险影响评估类,s_code,,M1_编号直答,CSV直答,简单,FMEA编号“LFP018”这条的S是多少？,S=3.0,3,正确,1.0,982.43,语义RAG,0.5,1.0,0,,6,,,3.0,,,,3.0,S,17,
351,351,Full-M2去除确定性规则问答模块,M2 确定性规则问答模块,风险影响评估类,o_code,,M1_编号直答,CSV直答,简单,FMEA编号“LFP018”这条的O是多少？,O=5.0,5,正确,1.0,284.02,语义RAG,0.5,1.0,0,,6,,,5.0,,,,5.0,O,17,
352,352,Full-M2去除确定性规则问答模块,M2 确定性规则问答模块,风险影响评估类,d_code,,M1_编号直答,CSV直答,简单,FMEA编号“LFP018”这条的D是多少？,D=8.0,8,正确,1.0,279.73,语义RAG,0.5,1.0,0,,6,,,8.0,,,,8.0,D,17,
353,353,Full-M2去除确定性规则问答模块,M2 确定性规则问答模块,故障措施推荐类,action_code,,M1_编号直答,CSV直答,简单,FMEA编号“LFP018”这条的建议措施是什么？,更换风扇,FMEA编号“LFP018”对应的失效模式“噪音过大”的建议措施是：更换风扇。,正确,1.0,4.66,CSV直答,1.0,1.0,0,,1,,,,,,更换风扇,,RecommendedAction,17,
354,354,Full-M2去除确定性规则问答模块,M2 确定性规则问答模块,故障原因诊断类,cause_mode,,M3_查询理解与语义检索增强,口语化/模糊检索,简单,失效模式“噪音过大”对应的潜在失效原因/机理是什么？,风扇固定不牢靠或功率过高,失效模式“噪音过大”的潜在失效原因/机理是：风扇固定不牢靠或功率过高。,正确,1.0,3.7,CSV直答,0.0,0.0,0,,1,,,,,,风扇固定不牢靠或功率过高,,,17,
355,355,Full-M2去除确定性规则问答模块,M2 确定性规则问答模块,风险影响评估类,effect_mode,,M3_查询理解与语义检索增强,口语化/模糊检索,简单,失效模式“噪音过大”对应的潜在失效后果是什么？,影响乘车环境,失效模式“噪音过大”的潜在失效后果是：影响乘车环境。,正确,1.0,3.65,CSV直答,0.0,0.0,0,,1,,,,,,影响乘车环境,,,17,
356,356,Full-M2去除确定性规则问答模块,M2 确定性规则问答模块,风险影响评估类,rpn_mode,,M3_查询理解与语义检索增强,口语化/模糊检索,简单,失效模式“噪音过大”的RPN是多少？,RPN=120.0,失效模式“噪音过大”的RPN是：120。,正确,1.0,3.57,CSV直答,0.0,0.0,0,,1,,,120.0,,,,120.0,RPN,17,
357,357,Full-M2去除确定性规则问答模块,M2 确定性规则问答模块,故障措施推荐类,action_mode,,M3_查询理解与语义检索增强,口语化/模糊检索,简单,失效模式“噪音过大”对应的建议措施是什么？,更换风扇,针对失效模式“噪音过大”，建议措施是：更换风扇。,正确,1.0,3.67,CSV直答,0.0,0.0,0,,1,,,,,,更换风扇,,RecommendedAction,17,
358,358,Full-M2去除确定性规则问答模块,M2 确定性规则问答模块,故障原因诊断类,cause_colloquial,,M3_查询理解与语义检索增强,口语化/模糊检索,中等,在项目/功能“热管理系统”里，失效模式“噪音过大”这个问题，原因讲白一点是什么？,风扇固定不牢靠或功率过高,风扇固定不牢靠或功率过高。,正确,1.0,1079.52,语义RAG,0.1667,1.0,0,,6,,,,,,风扇固定不牢靠或功率过高,,,17,
359,359,Full-M2去除确定性规则问答模块,M2 确定性规则问答模块,风险影响评估类,effect_colloquial,,M3_查询理解与语义检索增强,口语化/模糊检索,中等,在项目/功能“热管理系统”里，失效模式“噪音过大”最后会带来什么后果？,影响乘车环境,项目/功能=热管理系统；失效模式=噪音过大；失效后果=影响乘车环境。,正确,1.0,10.49,QueryIR结构化查询,1.0,1.0,0,,1,,,,,,影响乘车环境,,,17,
360,360,Full-M2去除确定性规则问答模块,M2 确定性规则问答模块,故障措施推荐类,action_colloquial,,M3_查询理解与语义检索增强,口语化/模糊检索,中等,在项目/功能“热管理系统”里，失效模式“噪音过大”一般怎么处理？,更换风扇,建议措施=更换风扇.,正确,1.0,543.38,语义RAG,0.1667,1.0,0,,6,,,,,,更换风扇,,,17,
361,361,Full-M2去除确定性规则问答模块,M2 确定性规则问答模块,风险影响评估类,risk_colloquial,,M3_查询理解与语义检索增强,口语化/模糊检索,中等,在项目/功能“热管理系统”里，失效模式“噪音过大”的风险最后会体现成什么？,影响乘车环境,失效模式是：连接片过热；项目/功能是：热管理系统；失效后果是：安全事故。,错误,0.0,66.64,语义RAG,0.3333,1.0,0,,6,影响乘车环境,,,,,影响乘车环境,,,17,
362,362,Full-M2去除确定性规则问答模块,M2 确定性规则问答模块,故障原因诊断类,cause_bool,,M4_证据裁决,证据裁决,简单,FMEA编号“LFP018”对应的原因是否就是“风扇固定不牢靠或功率过高”？,是,是。FMEA编号“LFP018”对应的失效模式“噪音过大”的潜在失效原因/机理是：风扇固定不牢靠或功率过高。,正确,1.0,4.57,CSV直答,1.0,1.0,0,,1,,,,,,,,是/否判断,17,
363,363,Full-M2去除确定性规则问答模块,M2 确定性规则问答模块,风险影响评估类,risk_bool,,M4_证据裁决,证据裁决,简单,FMEA编号“LFP018”对应的后果是否就是“影响乘车环境”？,是,是。FMEA编号“LFP018”对应的失效模式“噪音过大”的潜在失效后果是：影响乘车环境。,正确,1.0,4.45,CSV直答,1.0,1.0,0,,1,,,,,,,,是/否判断,17,
364,364,Full-M2去除确定性规则问答模块,M2 确定性规则问答模块,风险影响评估类,mode_project_bool,,M4_证据裁决,证据裁决,简单,失效模式“噪音过大”是不是出现在项目/功能“热管理系统”里？,是,是的，失效模式“噪音过大”出现在项目/功能“热管理系统”里。,正确,1.0,1109.52,语义RAG,0.5,0.5,0,,6,,,,,,,,是/否判断,17,
365,365,Full-M2去除确定性规则问答模块,M2 确定性规则问答模块,风险影响评估类,risk_mode_code,,M3_查询理解与语义检索增强,口语化/模糊检索,简单,失效模式“噪音过大”对应的FMEA编号是什么？,LFP018,失效模式“噪音过大”对应的FMEA编号是：LFP018。,正确,1.0,3.61,CSV直答,0.0,0.0,0,,1,,,18.0,LFP018,,LFP018,,FmeaID,17,
366,366,Full-M2去除确定性规则问答模块,M2 确定性规则问答模块,风险影响评估类,risk_mode_project,,M3_查询理解与语义检索增强,口语化/模糊检索,简单,在项目/功能“热管理系统”里，失效模式“噪音过大”的后果是什么？,影响乘车环境,项目/功能=热管理系统；失效模式=噪音过大；失效后果=影响乘车环境。,正确,1.0,7.35,QueryIR结构化查询,1.0,1.0,0,,1,,,,,,影响乘车环境,,,17,
367,367,Full-M2去除确定性规则问答模块,M2 确定性规则问答模块,故障原因诊断类,cause_code,,M1_编号直答,CSV直答,简单,FMEA编号“LFP019”这条的潜在失效原因/机理是什么？,通风方式不合理,FMEA编号“LFP019”对应的失效模式“电池间温度一致性差”的潜在失效原因/机理是：通风方式不合理。,正确,1.0,3.12,CSV直答,1.0,1.0,0,,1,,,,,,通风方式不合理,,,18,
368,368,Full-M2去除确定性规则问答模块,M2 确定性规则问答模块,风险影响评估类,effect_code,,M1_编号直答,CSV直答,简单,FMEA编号“LFP019”这条的潜在失效后果是什么？,影响电池工作,FMEA编号“LFP019”对应的失效模式“电池间温度一致性差”的潜在失效后果是：影响电池工作。,正确,1.0,3.06,CSV直答,1.0,1.0,0,,1,,,,,,影响电池工作,,,18,
369,369,Full-M2去除确定性规则问答模块,M2 确定性规则问答模块,风险影响评估类,rpn_code,,M1_编号直答,CSV直答,简单,FMEA编号“LFP019”这条的RPN是多少？,RPN=140.0,FMEA编号“LFP019”对应的失效模式“电池间温度一致性差”的RPN是：140。,正确,1.0,2.98,CSV直答,1.0,1.0,0,,1,,,140.0,,,,140.0,RPN,18,
370,370,Full-M2去除确定性规则问答模块,M2 确定性规则问答模块,风险影响评估类,s_code,,M1_编号直答,CSV直答,简单,FMEA编号“LFP019”这条的S是多少？,S=4.0,4,正确,1.0,980.08,语义RAG,0.5,1.0,0,,6,,,4.0,,,,4.0,S,18,
371,371,Full-M2去除确定性规则问答模块,M2 确定性规则问答模块,风险影响评估类,o_code,,M1_编号直答,CSV直答,简单,FMEA编号“LFP019”这条的O是多少？,O=5.0,5,正确,1.0,275.33,语义RAG,0.5,1.0,0,,6,,,5.0,,,,5.0,O,18,
372,372,Full-M2去除确定性规则问答模块,M2 确定性规则问答模块,风险影响评估类,d_code,,M1_编号直答,CSV直答,简单,FMEA编号“LFP019”这条的D是多少？,D=7.0,7,正确,1.0,261.13,语义RAG,0.5,1.0,0,,6,,,7.0,,,,7.0,D,18,
373,373,Full-M2去除确定性规则问答模块,M2 确定性规则问答模块,故障措施推荐类,action_code,,M1_编号直答,CSV直答,简单,FMEA编号“LFP019”这条的建议措施是什么？,增加散热,FMEA编号“LFP019”对应的失效模式“电池间温度一致性差”的建议措施是：增加散热。,正确,1.0,4.94,CSV直答,1.0,1.0,0,,1,,,,,,增加散热,,RecommendedAction,18,
374,374,Full-M2去除确定性规则问答模块,M2 确定性规则问答模块,故障原因诊断类,cause_mode,,M3_查询理解与语义检索增强,口语化/模糊检索,简单,失效模式“电池间温度一致性差”对应的潜在失效原因/机理是什么？,通风方式不合理,失效模式“电池间温度一致性差”的潜在失效原因/机理是：通风方式不合理。,正确,1.0,3.98,CSV直答,0.0,0.0,0,,1,,,,,,通风方式不合理,,,18,
375,375,Full-M2去除确定性规则问答模块,M2 确定性规则问答模块,风险影响评估类,effect_mode,,M3_查询理解与语义检索增强,口语化/模糊检索,简单,失效模式“电池间温度一致性差”对应的潜在失效后果是什么？,影响电池工作,失效模式“电池间温度一致性差”的潜在失效后果是：影响电池工作。,正确,1.0,3.93,CSV直答,0.0,0.0,0,,1,,,,,,影响电池工作,,,18,
376,376,Full-M2去除确定性规则问答模块,M2 确定性规则问答模块,风险影响评估类,rpn_mode,,M3_查询理解与语义检索增强,口语化/模糊检索,简单,失效模式“电池间温度一致性差”的RPN是多少？,RPN=140.0,失效模式“电池间温度一致性差”的RPN是：140。,正确,1.0,3.89,CSV直答,0.0,0.0,0,,1,,,140.0,,,,140.0,RPN,18,
377,377,Full-M2去除确定性规则问答模块,M2 确定性规则问答模块,故障措施推荐类,action_mode,,M3_查询理解与语义检索增强,口语化/模糊检索,简单,失效模式“电池间温度一致性差”对应的建议措施是什么？,增加散热,针对失效模式“电池间温度一致性差”，建议措施是：增加散热。,正确,1.0,4.04,CSV直答,0.0,0.0,0,,1,,,,,,增加散热,,RecommendedAction,18,
378,378,Full-M2去除确定性规则问答模块,M2 确定性规则问答模块,故障原因诊断类,cause_colloquial,,M3_查询理解与语义检索增强,口语化/模糊检索,中等,在项目/功能“热管理系统”里，失效模式“电池间温度一致性差”这个问题，原因讲白一点是什么？,通风方式不合理,通风方式不合理,正确,1.0,1041.63,语义RAG,0.1667,1.0,0,,6,,,,,,通风方式不合理,,,18,
379,379,Full-M2去除确定性规则问答模块,M2 确定性规则问答模块,风险影响评估类,effect_colloquial,,M3_查询理解与语义检索增强,口语化/模糊检索,中等,在项目/功能“热管理系统”里，失效模式“电池间温度一致性差”最后会带来什么后果？,影响电池工作,项目/功能=热管理系统；失效模式=电池间温度一致性差；失效后果=影响电池工作。,正确,1.0,7.61,QueryIR结构化查询,1.0,1.0,0,,1,,,,,,影响电池工作,,,18,
380,380,Full-M2去除确定性规则问答模块,M2 确定性规则问答模块,故障措施推荐类,action_colloquial,,M3_查询理解与语义检索增强,口语化/模糊检索,中等,在项目/功能“热管理系统”里，失效模式“电池间温度一致性差”一般怎么处理？,增加散热,增加散热.,正确,1.0,545.07,语义RAG,0.1667,1.0,0,,6,,,,,,增加散热,,,18,
381,381,Full-M2去除确定性规则问答模块,M2 确定性规则问答模块,风险影响评估类,risk_colloquial,,M3_查询理解与语义检索增强,口语化/模糊检索,中等,在项目/功能“热管理系统”里，失效模式“电池间温度一致性差”的风险最后会体现成什么？,影响电池工作,失效模式是：连接片过热；项目/功能是：热管理系统；失效后果是：安全事故。,错误,0.0,55.63,语义RAG,0.3333,1.0,0,,6,影响电池工作,,,,,影响电池工作,,,18,
382,382,Full-M2去除确定性规则问答模块,M2 确定性规则问答模块,故障原因诊断类,cause_bool,,M4_证据裁决,证据裁决,简单,FMEA编号“LFP019”对应的原因是否就是“通风方式不合理”？,是,是。FMEA编号“LFP019”对应的失效模式“电池间温度一致性差”的潜在失效原因/机理是：通风方式不合理。,正确,1.0,3.99,CSV直答,1.0,1.0,0,,1,,,,,,,,是/否判断,18,
383,383,Full-M2去除确定性规则问答模块,M2 确定性规则问答模块,风险影响评估类,risk_bool,,M4_证据裁决,证据裁决,简单,FMEA编号“LFP019”对应的后果是否就是“影响电池工作”？,是,是。FMEA编号“LFP019”对应的失效模式“电池间温度一致性差”的潜在失效后果是：影响电池工作。,正确,1.0,3.46,CSV直答,1.0,1.0,0,,1,,,,,,,,是/否判断,18,
384,384,Full-M2去除确定性规则问答模块,M2 确定性规则问答模块,风险影响评估类,mode_project_bool,,M4_证据裁决,证据裁决,简单,失效模式“电池间温度一致性差”是不是出现在项目/功能“热管理系统”里？,是,是的，失效模式“电池间温度一致性差”出现在项目/功能“热管理系统”里。,正确,1.0,1155.42,语义RAG,0.3333,0.3333,0,,6,,,,,,,,是/否判断,18,
385,385,Full-M2去除确定性规则问答模块,M2 确定性规则问答模块,风险影响评估类,risk_mode_code,,M3_查询理解与语义检索增强,口语化/模糊检索,简单,失效模式“电池间温度一致性差”对应的FMEA编号是什么？,LFP019,失效模式“电池间温度一致性差”对应的FMEA编号是：LFP019。,正确,1.0,4.46,CSV直答,0.0,0.0,0,,1,,,19.0,LFP019,,LFP019,,FmeaID,18,
386,386,Full-M2去除确定性规则问答模块,M2 确定性规则问答模块,风险影响评估类,risk_mode_project,,M3_查询理解与语义检索增强,口语化/模糊检索,简单,在项目/功能“热管理系统”里，失效模式“电池间温度一致性差”的后果是什么？,影响电池工作,项目/功能=热管理系统；失效模式=电池间温度一致性差；失效后果=影响电池工作。,正确,1.0,10.0,QueryIR结构化查询,1.0,1.0,0,,1,,,,,,影响电池工作,,,18,
387,387,Full-M2去除确定性规则问答模块,M2 确定性规则问答模块,故障原因诊断类,cause_code,,M1_编号直答,CSV直答,简单,FMEA编号“LFP020”这条的潜在失效原因/机理是什么？,环境温度过高,FMEA编号“LFP020”对应的失效模式“整体温度高，管理目标无法实现”的潜在失效原因/机理是：环境温度过高。,正确,1.0,4.14,CSV直答,1.0,1.0,0,,1,,,,,,环境温度过高,,,19,
388,388,Full-M2去除确定性规则问答模块,M2 确定性规则问答模块,风险影响评估类,effect_code,,M1_编号直答,CSV直答,简单,FMEA编号“LFP020”这条的潜在失效后果是什么？,影响电池工作,FMEA编号“LFP020”对应的失效模式“整体温度高，管理目标无法实现”的潜在失效后果是：影响电池工作。,正确,1.0,4.0,CSV直答,1.0,1.0,0,,1,,,,,,影响电池工作,,,19,
389,389,Full-M2去除确定性规则问答模块,M2 确定性规则问答模块,风险影响评估类,rpn_code,,M1_编号直答,CSV直答,简单,FMEA编号“LFP020”这条的RPN是多少？,RPN=84.0,FMEA编号“LFP020”对应的失效模式“整体温度高，管理目标无法实现”的RPN是：84。,正确,1.0,3.99,CSV直答,1.0,1.0,0,,1,,,84.0,,,,84.0,RPN,19,
390,390,Full-M2去除确定性规则问答模块,M2 确定性规则问答模块,风险影响评估类,s_code,,M1_编号直答,CSV直答,简单,FMEA编号“LFP020”这条的S是多少？,S=4.0,4,正确,1.0,548.18,语义RAG,0.1667,1.0,0,,6,,,4.0,,,,4.0,S,19,
391,391,Full-M2去除确定性规则问答模块,M2 确定性规则问答模块,风险影响评估类,o_code,,M1_编号直答,CSV直答,简单,FMEA编号“LFP020”这条的O是多少？,O=3.0,3,正确,1.0,275.41,语义RAG,0.1667,1.0,0,,6,,,3.0,,,,3.0,O,19,
392,392,Full-M2去除确定性规则问答模块,M2 确定性规则问答模块,风险影响评估类,d_code,,M1_编号直答,CSV直答,简单,FMEA编号“LFP020”这条的D是多少？,D=7.0,7,正确,1.0,278.48,语义RAG,0.1667,1.0,0,,6,,,7.0,,,,7.0,D,19,
393,393,Full-M2去除确定性规则问答模块,M2 确定性规则问答模块,故障措施推荐类,action_code,,M1_编号直答,CSV直答,简单,FMEA编号“LFP020”这条的建议措施是什么？,外部环境降温,FMEA编号“LFP020”对应的失效模式“整体温度高，管理目标无法实现”的建议措施是：外部环境降温。,正确,1.0,4.62,CSV直答,1.0,1.0,0,,1,,,,,,外部环境降温,,RecommendedAction,19,
394,394,Full-M2去除确定性规则问答模块,M2 确定性规则问答模块,故障原因诊断类,cause_mode,,M3_查询理解与语义检索增强,口语化/模糊检索,简单,失效模式“整体温度高，管理目标无法实现”对应的潜在失效原因/机理是什么？,环境温度过高,失效模式“整体温度高，管理目标无法实现”的潜在失效原因/机理是：环境温度过高。,正确,1.0,3.67,CSV直答,0.0,0.0,0,,1,,,,,,环境温度过高,,,19,
395,395,Full-M2去除确定性规则问答模块,M2 确定性规则问答模块,风险影响评估类,effect_mode,,M3_查询理解与语义检索增强,口语化/模糊检索,简单,失效模式“整体温度高，管理目标无法实现”对应的潜在失效后果是什么？,影响电池工作,失效模式“整体温度高，管理目标无法实现”的潜在失效后果是：影响电池工作。,正确,1.0,3.65,CSV直答,0.0,0.0,0,,1,,,,,,影响电池工作,,,19,
396,396,Full-M2去除确定性规则问答模块,M2 确定性规则问答模块,风险影响评估类,rpn_mode,,M3_查询理解与语义检索增强,口语化/模糊检索,简单,失效模式“整体温度高，管理目标无法实现”的RPN是多少？,RPN=84.0,失效模式“整体温度高，管理目标无法实现”的RPN是：84。,正确,1.0,3.58,CSV直答,0.0,0.0,0,,1,,,84.0,,,,84.0,RPN,19,
397,397,Full-M2去除确定性规则问答模块,M2 确定性规则问答模块,故障措施推荐类,action_mode,,M3_查询理解与语义检索增强,口语化/模糊检索,简单,失效模式“整体温度高，管理目标无法实现”对应的建议措施是什么？,外部环境降温,针对失效模式“整体温度高，管理目标无法实现”，建议措施是：外部环境降温。,正确,1.0,3.7,CSV直答,0.0,0.0,0,,1,,,,,,外部环境降温,,RecommendedAction,19,
398,398,Full-M2去除确定性规则问答模块,M2 确定性规则问答模块,故障原因诊断类,cause_colloquial,,M3_查询理解与语义检索增强,口语化/模糊检索,中等,在项目/功能“热管理系统”里，失效模式“整体温度高，管理目标无法实现”这个问题，原因讲白一点是什么？,环境温度过高,这个问题的原因是风道设计不合理。,错误,0.0,1060.55,语义RAG,0.1667,0.0,0,,6,环境温度过高,,,,,环境温度过高,,,19,
399,399,Full-M2去除确定性规则问答模块,M2 确定性规则问答模块,风险影响评估类,effect_colloquial,,M3_查询理解与语义检索增强,口语化/模糊检索,中等,在项目/功能“热管理系统”里，失效模式“整体温度高，管理目标无法实现”最后会带来什么后果？,影响电池工作,项目/功能=热管理系统；失效模式=整体温度高，管理目标无法实现；失效后果=影响电池工作。,正确,1.0,10.38,QueryIR结构化查询,1.0,1.0,0,,1,,,,,,影响电池工作,,,19,
400,400,Full-M2去除确定性规则问答模块,M2 确定性规则问答模块,故障措施推荐类,action_colloquial,,M3_查询理解与语义检索增强,口语化/模糊检索,中等,在项目/功能“热管理系统”里，失效模式“整体温度高，管理目标无法实现”一般怎么处理？,外部环境降温,根据上下文内容，热管理系统中与整体温度过高相关的失效模式是“电池组整体温度过高”，对应的建议措施为： 增加散热.,错误,0.0,855.09,语义RAG,0.1667,0.0,0,,6,外部环境降温,,,,,外部环境降温,,,19,
401,401,Full-M2去除确定性规则问答模块,M2 确定性规则问答模块,风险影响评估类,risk_colloquial,,M3_查询理解与语义检索增强,口语化/模糊检索,中等,在项目/功能“热管理系统”里，失效模式“整体温度高，管理目标无法实现”的风险最后会体现成什么？,影响电池工作,"根据上下文，""热管理系统""中的最高RPN为168的失效模式是“电池组整体温度过高”，其后果是： 失效后果 / FailureEffect / effect / result / consequence / 结果 / 后果 / 会怎样: 影响电池工作 因此，在项目/功能“热管理系统”里，失效模式“整体温度高，管理目标无法实现”的风险最后会体现成影响电池工作。",正确,1.0,1247.44,语义RAG,0.1667,1.0,0,,6,,,,,,影响电池工作,,,19,
402,402,Full-M2去除确定性规则问答模块,M2 确定性规则问答模块,故障原因诊断类,cause_bool,,M4_证据裁决,证据裁决,简单,FMEA编号“LFP020”对应的原因是否就是“环境温度过高”？,是,是。FMEA编号“LFP020”对应的失效模式“整体温度高，管理目标无法实现”的潜在失效原因/机理是：环境温度过高。,正确,1.0,3.76,CSV直答,1.0,1.0,0,,1,,,,,,,,是/否判断,19,
403,403,Full-M2去除确定性规则问答模块,M2 确定性规则问答模块,风险影响评估类,risk_bool,,M4_证据裁决,证据裁决,简单,FMEA编号“LFP020”对应的后果是否就是“影响电池工作”？,是,是。FMEA编号“LFP020”对应的失效模式“整体温度高，管理目标无法实现”的潜在失效后果是：影响电池工作。,正确,1.0,3.4,CSV直答,1.0,1.0,0,,1,,,,,,,,是/否判断,19,
404,404,Full-M2去除确定性规则问答模块,M2 确定性规则问答模块,风险影响评估类,mode_project_bool,,M4_证据裁决,证据裁决,简单,失效模式“整体温度高，管理目标无法实现”是不是出现在项目/功能“热管理系统”里？,是,否，失效模式“整体温度过高”出现在项目/功能“热管理系统”里。但具体表述为“电池组整体温度过高”。,错误,0.0,556.69,语义RAG,0.1667,0.1667,0,,6,是/否判断,,,,,,,是/否判断,19,
405,405,Full-M2去除确定性规则问答模块,M2 确定性规则问答模块,风险影响评估类,risk_mode_code,,M3_查询理解与语义检索增强,口语化/模糊检索,简单,失效模式“整体温度高，管理目标无法实现”对应的FMEA编号是什么？,LFP020,失效模式“整体温度高，管理目标无法实现”对应的FMEA编号是：LFP020。,正确,1.0,3.62,CSV直答,0.0,0.0,0,,1,,,20.0,LFP020,,LFP020,,FmeaID,19,
406,406,Full-M2去除确定性规则问答模块,M2 确定性规则问答模块,风险影响评估类,risk_mode_project,,M3_查询理解与语义检索增强,口语化/模糊检索,简单,在项目/功能“热管理系统”里，失效模式“整体温度高，管理目标无法实现”的后果是什么？,影响电池工作,项目/功能=热管理系统；失效模式=整体温度高，管理目标无法实现；失效后果=影响电池工作。,正确,1.0,7.05,QueryIR结构化查询,1.0,1.0,0,,1,,,,,,影响电池工作,,,19,
407,407,Full-M2去除确定性规则问答模块,M2 确定性规则问答模块,故障原因诊断类,cause_code,,M1_编号直答,CSV直答,简单,FMEA编号“LFP021”这条的潜在失效原因/机理是什么？,连接片氧化、未压紧防松螺母连接电阻增加、截面积小或材质不纯,FMEA编号“LFP021”对应的失效模式“连接片过热”的潜在失效原因/机理是：连接片氧化、未压紧防松螺母连接电阻增加、截面积小或材质不纯。,正确,1.0,2.83,CSV直答,1.0,1.0,0,,1,,,,,,连接片氧化、未压紧防松螺母连接电阻增加、截面积小或材质不纯,,,20,
408,408,Full-M2去除确定性规则问答模块,M2 确定性规则问答模块,风险影响评估类,effect_code,,M1_编号直答,CSV直答,简单,FMEA编号“LFP021”这条的潜在失效后果是什么？,安全事故,FMEA编号“LFP021”对应的失效模式“连接片过热”的潜在失效后果是：安全事故。,正确,1.0,2.78,CSV直答,1.0,1.0,0,,1,,,,,,安全事故,,,20,
409,409,Full-M2去除确定性规则问答模块,M2 确定性规则问答模块,风险影响评估类,rpn_code,,M1_编号直答,CSV直答,简单,FMEA编号“LFP021”这条的RPN是多少？,RPN=90.0,FMEA编号“LFP021”对应的失效模式“连接片过热”的RPN是：90。,正确,1.0,2.76,CSV直答,1.0,1.0,0,,1,,,90.0,,,,90.0,RPN,20,
410,410,Full-M2去除确定性规则问答模块,M2 确定性规则问答模块,风险影响评估类,s_code,,M1_编号直答,CSV直答,简单,FMEA编号“LFP021”这条的S是多少？,S=10.0,10,正确,1.0,983.57,语义RAG,0.5,1.0,0,,6,,,10.0,,,,10.0,S,20,
411,411,Full-M2去除确定性规则问答模块,M2 确定性规则问答模块,风险影响评估类,o_code,,M1_编号直答,CSV直答,简单,FMEA编号“LFP021”这条的O是多少？,O=3.0,3,正确,1.0,290.21,语义RAG,0.5,1.0,0,,6,,,3.0,,,,3.0,O,20,
412,412,Full-M2去除确定性规则问答模块,M2 确定性规则问答模块,风险影响评估类,d_code,,M1_编号直答,CSV直答,简单,FMEA编号“LFP021”这条的D是多少？,D=3.0,3,正确,1.0,260.83,语义RAG,0.5,1.0,0,,6,,,3.0,,,,3.0,D,20,
413,413,Full-M2去除确定性规则问答模块,M2 确定性规则问答模块,故障措施推荐类,action_code,,M1_编号直答,CSV直答,简单,FMEA编号“LFP021”这条的建议措施是什么？,更换连接片或压紧防松螺母,FMEA编号“LFP021”对应的失效模式“连接片过热”的建议措施是：更换连接片或压紧防松螺母。,正确,1.0,4.78,CSV直答,1.0,1.0,0,,1,,,,,,更换连接片或压紧防松螺母,,RecommendedAction,20,
414,414,Full-M2去除确定性规则问答模块,M2 确定性规则问答模块,故障原因诊断类,cause_mode,,M3_查询理解与语义检索增强,口语化/模糊检索,简单,失效模式“连接片过热”对应的潜在失效原因/机理是什么？,连接片氧化、未压紧防松螺母连接电阻增加、截面积小或材质不纯,失效模式“连接片过热”的潜在失效原因/机理是：连接片氧化、未压紧防松螺母连接电阻增加、截面积小或材质不纯。,正确,1.0,3.86,CSV直答,0.0,0.0,0,,1,,,,,,连接片氧化、未压紧防松螺母连接电阻增加、截面积小或材质不纯,,,20,
415,415,Full-M2去除确定性规则问答模块,M2 确定性规则问答模块,风险影响评估类,effect_mode,,M3_查询理解与语义检索增强,口语化/模糊检索,简单,失效模式“连接片过热”对应的潜在失效后果是什么？,安全事故,失效模式“连接片过热”的潜在失效后果是：安全事故。,正确,1.0,3.77,CSV直答,0.0,0.0,0,,1,,,,,,安全事故,,,20,
416,416,Full-M2去除确定性规则问答模块,M2 确定性规则问答模块,风险影响评估类,rpn_mode,,M3_查询理解与语义检索增强,口语化/模糊检索,简单,失效模式“连接片过热”的RPN是多少？,RPN=90.0,失效模式“连接片过热”的RPN是：90。,正确,1.0,3.71,CSV直答,0.0,0.0,0,,1,,,90.0,,,,90.0,RPN,20,
417,417,Full-M2去除确定性规则问答模块,M2 确定性规则问答模块,故障措施推荐类,action_mode,,M3_查询理解与语义检索增强,口语化/模糊检索,简单,失效模式“连接片过热”对应的建议措施是什么？,更换连接片或压紧防松螺母,针对失效模式“连接片过热”，建议措施是：更换连接片或压紧防松螺母。,正确,1.0,3.79,CSV直答,0.0,0.0,0,,1,,,,,,更换连接片或压紧防松螺母,,RecommendedAction,20,
418,418,Full-M2去除确定性规则问答模块,M2 确定性规则问答模块,故障原因诊断类,cause_colloquial,,M3_查询理解与语义检索增强,口语化/模糊检索,中等,在项目/功能“热管理系统”里，失效模式“连接片过热”这个问题，原因讲白一点是什么？,连接片氧化、未压紧防松螺母连接电阻增加、截面积小或材质不纯,连接片氧化、未压紧防松螺母连接电阻增加、截面积小或材质不纯。,正确,1.0,1210.05,语义RAG,0.1667,1.0,0,,6,,,,,,连接片氧化、未压紧防松螺母连接电阻增加、截面积小或材质不纯,,,20,
419,419,Full-M2去除确定性规则问答模块,M2 确定性规则问答模块,风险影响评估类,effect_colloquial,,M3_查询理解与语义检索增强,口语化/模糊检索,中等,在项目/功能“热管理系统”里，失效模式“连接片过热”最后会带来什么后果？,安全事故,项目/功能=热管理系统；失效模式=连接片过热；失效后果=安全事故。,正确,1.0,7.64,QueryIR结构化查询,1.0,1.0,0,,1,,,,,,安全事故,,,20,
420,420,Full-M2去除确定性规则问答模块,M2 确定性规则问答模块,故障措施推荐类,action_colloquial,,M3_查询理解与语义检索增强,口语化/模糊检索,中等,在项目/功能“热管理系统”里，失效模式“连接片过热”一般怎么处理？,更换连接片或压紧防松螺母,失效模式是：整体温度高，管理目标无法实现；项目/功能是：热管理系统；建议措施是：外部环境降温。,错误,0.0,62.15,语义RAG,0.3333,1.0,0,,6,更换连接片或压紧防松螺母,,,,,更换连接片或压紧防松螺母,,,20,
421,421,Full-M2去除确定性规则问答模块,M2 确定性规则问答模块,风险影响评估类,risk_colloquial,,M3_查询理解与语义检索增强,口语化/模糊检索,中等,在项目/功能“热管理系统”里，失效模式“连接片过热”的风险最后会体现成什么？,安全事故,失效模式是：连接片过热；项目/功能是：热管理系统；失效后果是：安全事故。,正确,1.0,55.98,语义RAG,0.3333,1.0,0,,6,,,,,,安全事故,,,20,
422,422,Full-M2去除确定性规则问答模块,M2 确定性规则问答模块,故障原因诊断类,cause_bool,,M4_证据裁决,证据裁决,简单,FMEA编号“LFP021”对应的原因是否就是“连接片氧化、未压紧防松螺母连接电阻增加、截面积小或材质不纯”？,是,是。FMEA编号“LFP021”对应的失效模式“连接片过热”的潜在失效原因/机理是：连接片氧化、未压紧防松螺母连接电阻增加、截面积小或材质不纯。,正确,1.0,4.28,CSV直答,1.0,1.0,0,,1,,,,,,,,是/否判断,20,
423,423,Full-M2去除确定性规则问答模块,M2 确定性规则问答模块,风险影响评估类,risk_bool,,M4_证据裁决,证据裁决,简单,FMEA编号“LFP021”对应的后果是否就是“安全事故”？,是,是。FMEA编号“LFP021”对应的失效模式“连接片过热”的潜在失效后果是：安全事故。,正确,1.0,3.8,CSV直答,1.0,1.0,0,,1,,,,,,,,是/否判断,20,
424,424,Full-M2去除确定性规则问答模块,M2 确定性规则问答模块,风险影响评估类,mode_project_bool,,M4_证据裁决,证据裁决,简单,失效模式“连接片过热”是不是出现在项目/功能“热管理系统”里？,是,是的，失效模式“连接片过热”出现在项目/功能“热管理系统”里。,正确,1.0,1140.88,语义RAG,0.3333,0.3333,0,,6,,,,,,,,是/否判断,20,
425,425,Full-M2去除确定性规则问答模块,M2 确定性规则问答模块,风险影响评估类,risk_mode_code,,M3_查询理解与语义检索增强,口语化/模糊检索,简单,失效模式“连接片过热”对应的FMEA编号是什么？,LFP021,失效模式“连接片过热”对应的FMEA编号是：LFP021。,正确,1.0,3.18,CSV直答,0.0,0.0,0,,1,,,21.0,LFP021,,LFP021,,FmeaID,20,
426,426,Full-M2去除确定性规则问答模块,M2 确定性规则问答模块,风险影响评估类,risk_mode_project,,M3_查询理解与语义检索增强,口语化/模糊检索,简单,在项目/功能“热管理系统”里，失效模式“连接片过热”的后果是什么？,安全事故,项目/功能=热管理系统；失效模式=连接片过热；失效后果=安全事故。,正确,1.0,7.05,QueryIR结构化查询,1.0,1.0,0,,1,,,,,,安全事故,,,20,
427,427,Full-M2去除确定性规则问答模块,M2 确定性规则问答模块,风险影响评估类,project_avg_rpn,,M2_规则推理,规则推理,中等,项目/功能“电池管理系”的平均RPN是多少？,平均RPN=136.80,项目/功能“电池管理系”的平均RPN是：136.8。,正确,1.0,57.74,语义RAG,0.2222,1.0,0,,9,,,136.8,,,,136.8,RPN,24,
428,428,Full-M2去除确定性规则问答模块,M2 确定性规则问答模块,风险影响评估类,project_top_mode,,M2_规则推理,规则推理,中等,项目/功能“电池管理系”里RPN最高的失效模式是什么？,电池组过放未报警和未保护；RPN=240.0,"待确认：证据不足，缺少关键约束：failure_mode, metric。",错误,0.0,4.48,拒答/证据不足,,0.0,0,,0,电池组过放未报警和未保护,240.0,,,,电池组过放未报警和未保护,240.0,FailureMode；RPN,24,
429,429,Full-M2去除确定性规则问答模块,M2 确定性规则问答模块,风险影响评估类,project_top_effect,,M2_规则推理,规则推理,中等,项目/功能“电池管理系”里RPN最高的那条，它的后果是什么？,影响电池寿命或永久性损坏,当前召回的图谱摘要证据中，最高风险条目为：FMEA编号是：LFP025；失效模式是：电池组过放未报警和未保护；RPN是：240；原因是：BMS 控制系统损坏；后果是：影响电池寿命或永久性损坏；建议措施是：定期检查和更新BMS系统。,正确,1.0,46.46,语义RAG,0.1667,1.0,0,1.0,12,,,,,,影响电池寿命或永久性损坏,,FailureEffect,24,
430,430,Full-M2去除确定性规则问答模块,M2 确定性规则问答模块,故障原因诊断类,cause_code,,M1_编号直答,CSV直答,简单,FMEA编号“LFP022”这条的潜在失效原因/机理是什么？,电磁干扰，电路板虚焊或保护电阻损坏,FMEA编号“LFP022”对应的失效模式“数据采样干扰性大和采样不准确”的潜在失效原因/机理是：电磁干扰，电路板虚焊或保护电阻损坏。,正确,1.0,2.68,CSV直答,1.0,1.0,0,,1,,,,,,电磁干扰，电路板虚焊或保护电阻损坏,,,21,
431,431,Full-M2去除确定性规则问答模块,M2 确定性规则问答模块,风险影响评估类,effect_code,,M1_编号直答,CSV直答,简单,FMEA编号“LFP022”这条的潜在失效后果是什么？,影响用户使用,FMEA编号“LFP022”对应的失效模式“数据采样干扰性大和采样不准确”的潜在失效后果是：影响用户使用。,正确,1.0,2.15,CSV直答,1.0,1.0,0,,1,,,,,,影响用户使用,,,21,
432,432,Full-M2去除确定性规则问答模块,M2 确定性规则问答模块,风险影响评估类,rpn_code,,M1_编号直答,CSV直答,简单,FMEA编号“LFP022”这条的RPN是多少？,RPN=120.0,FMEA编号“LFP022”对应的失效模式“数据采样干扰性大和采样不准确”的RPN是：120。,正确,1.0,2.01,CSV直答,1.0,1.0,0,,1,,,120.0,,,,120.0,RPN,21,
433,433,Full-M2去除确定性规则问答模块,M2 确定性规则问答模块,风险影响评估类,s_code,,M1_编号直答,CSV直答,简单,FMEA编号“LFP022”这条的S是多少？,S=4.0,4,正确,1.0,988.64,语义RAG,0.5,1.0,0,,6,,,4.0,,,,4.0,S,21,
434,434,Full-M2去除确定性规则问答模块,M2 确定性规则问答模块,风险影响评估类,o_code,,M1_编号直答,CSV直答,简单,FMEA编号“LFP022”这条的O是多少？,O=6.0,6,正确,1.0,259.37,语义RAG,0.5,1.0,0,,6,,,6.0,,,,6.0,O,21,
435,435,Full-M2去除确定性规则问答模块,M2 确定性规则问答模块,风险影响评估类,d_code,,M1_编号直答,CSV直答,简单,FMEA编号“LFP022”这条的D是多少？,D=5.0,5,正确,1.0,290.32,语义RAG,0.5,1.0,0,,6,,,5.0,,,,5.0,D,21,
436,436,Full-M2去除确定性规则问答模块,M2 确定性规则问答模块,故障措施推荐类,action_code,,M1_编号直答,CSV直答,简单,FMEA编号“LFP022”这条的建议措施是什么？,定期检查和更新BMS系统,FMEA编号“LFP022”对应的失效模式“数据采样干扰性大和采样不准确”的建议措施是：定期检查和更新BMS系统。,正确,1.0,4.67,CSV直答,1.0,1.0,0,,1,,,,,,定期检查和更新BMS系统,,RecommendedAction,21,
437,437,Full-M2去除确定性规则问答模块,M2 确定性规则问答模块,故障原因诊断类,cause_mode,,M3_查询理解与语义检索增强,口语化/模糊检索,简单,失效模式“数据采样干扰性大和采样不准确”对应的潜在失效原因/机理是什么？,电磁干扰，电路板虚焊或保护电阻损坏,失效模式“数据采样干扰性大和采样不准确”的潜在失效原因/机理是：电磁干扰，电路板虚焊或保护电阻损坏。,正确,1.0,3.72,CSV直答,0.0,0.0,0,,1,,,,,,电磁干扰，电路板虚焊或保护电阻损坏,,,21,
438,438,Full-M2去除确定性规则问答模块,M2 确定性规则问答模块,风险影响评估类,effect_mode,,M3_查询理解与语义检索增强,口语化/模糊检索,简单,失效模式“数据采样干扰性大和采样不准确”对应的潜在失效后果是什么？,影响用户使用,失效模式“数据采样干扰性大和采样不准确”的潜在失效后果是：影响用户使用。,正确,1.0,3.64,CSV直答,0.0,0.0,0,,1,,,,,,影响用户使用,,,21,
439,439,Full-M2去除确定性规则问答模块,M2 确定性规则问答模块,风险影响评估类,rpn_mode,,M3_查询理解与语义检索增强,口语化/模糊检索,简单,失效模式“数据采样干扰性大和采样不准确”的RPN是多少？,RPN=120.0,失效模式“数据采样干扰性大和采样不准确”的RPN是：120。,正确,1.0,3.58,CSV直答,0.0,0.0,0,,1,,,120.0,,,,120.0,RPN,21,
440,440,Full-M2去除确定性规则问答模块,M2 确定性规则问答模块,故障措施推荐类,action_mode,,M3_查询理解与语义检索增强,口语化/模糊检索,简单,失效模式“数据采样干扰性大和采样不准确”对应的建议措施是什么？,定期检查和更新BMS系统,针对失效模式“数据采样干扰性大和采样不准确”，建议措施是：定期检查和更新BMS系统。,正确,1.0,3.7,CSV直答,0.0,0.0,0,,1,,,,,,定期检查和更新BMS系统,,RecommendedAction,21,
441,441,Full-M2去除确定性规则问答模块,M2 确定性规则问答模块,故障原因诊断类,cause_colloquial,,M3_查询理解与语义检索增强,口语化/模糊检索,中等,在项目/功能“电池管理系”里，失效模式“数据采样干扰性大和采样不准确”这个问题，原因讲白一点是什么？,电磁干扰，电路板虚焊或保护电阻损坏,电磁干扰，电路板虚焊或保护电阻损坏,正确,1.0,1103.46,语义RAG,0.1667,1.0,0,,6,,,,,,电磁干扰，电路板虚焊或保护电阻损坏,,,21,
442,442,Full-M2去除确定性规则问答模块,M2 确定性规则问答模块,风险影响评估类,effect_colloquial,,M3_查询理解与语义检索增强,口语化/模糊检索,中等,在项目/功能“电池管理系”里，失效模式“数据采样干扰性大和采样不准确”最后会带来什么后果？,影响用户使用,项目/功能=电池管理系；失效模式=数据采样干扰性大和采样不准确；失效后果=影响用户使用。,正确,1.0,7.21,QueryIR结构化查询,1.0,1.0,0,,1,,,,,,影响用户使用,,,21,
443,443,Full-M2去除确定性规则问答模块,M2 确定性规则问答模块,故障措施推荐类,action_colloquial,,M3_查询理解与语义检索增强,口语化/模糊检索,中等,在项目/功能“电池管理系”里，失效模式“数据采样干扰性大和采样不准确”一般怎么处理？,定期检查和更新BMS系统,建议措施=定期检查和更新BMS系统.,正确,1.0,644.58,语义RAG,0.1667,1.0,0,,6,,,,,,定期检查和更新BMS系统,,,21,
444,444,Full-M2去除确定性规则问答模块,M2 确定性规则问答模块,风险影响评估类,risk_colloquial,,M3_查询理解与语义检索增强,口语化/模糊检索,中等,在项目/功能“电池管理系”里，失效模式“数据采样干扰性大和采样不准确”的风险最后会体现成什么？,影响用户使用,后果 / consequence: 影响用户使用,正确,1.0,734.83,语义RAG,0.1667,1.0,0,,6,,,,,,影响用户使用,,,21,
445,445,Full-M2去除确定性规则问答模块,M2 确定性规则问答模块,故障原因诊断类,cause_bool,,M4_证据裁决,证据裁决,简单,FMEA编号“LFP022”对应的原因是否就是“电磁干扰，电路板虚焊或保护电阻损坏”？,是,是。FMEA编号“LFP022”对应的失效模式“数据采样干扰性大和采样不准确”的潜在失效原因/机理是：电磁干扰，电路板虚焊或保护电阻损坏。,正确,1.0,4.77,CSV直答,1.0,1.0,0,,1,,,,,,,,是/否判断,21,
446,446,Full-M2去除确定性规则问答模块,M2 确定性规则问答模块,风险影响评估类,risk_bool,,M4_证据裁决,证据裁决,简单,FMEA编号“LFP022”对应的后果是否就是“影响用户使用”？,是,是。FMEA编号“LFP022”对应的失效模式“数据采样干扰性大和采样不准确”的潜在失效后果是：影响用户使用。,正确,1.0,4.25,CSV直答,1.0,1.0,0,,1,,,,,,,,是/否判断,21,
447,447,Full-M2去除确定性规则问答模块,M2 确定性规则问答模块,风险影响评估类,mode_project_bool,,M4_证据裁决,证据裁决,简单,失效模式“数据采样干扰性大和采样不准确”是不是出现在项目/功能“电池管理系”里？,是,是的，失效模式“数据采样干扰性大和采样不准确”出现在项目/功能“电池管理系”里。,正确,1.0,865.49,语义RAG,0.1667,0.1667,0,,6,,,,,,,,是/否判断,21,
448,448,Full-M2去除确定性规则问答模块,M2 确定性规则问答模块,风险影响评估类,risk_mode_code,,M3_查询理解与语义检索增强,口语化/模糊检索,简单,失效模式“数据采样干扰性大和采样不准确”对应的FMEA编号是什么？,LFP022,失效模式“数据采样干扰性大和采样不准确”对应的FMEA编号是：LFP022。,正确,1.0,3.61,CSV直答,0.0,0.0,0,,1,,,22.0,LFP022,,LFP022,,FmeaID,21,
449,449,Full-M2去除确定性规则问答模块,M2 确定性规则问答模块,风险影响评估类,risk_mode_project,,M3_查询理解与语义检索增强,口语化/模糊检索,简单,在项目/功能“电池管理系”里，失效模式“数据采样干扰性大和采样不准确”的后果是什么？,影响用户使用,项目/功能=电池管理系；失效模式=数据采样干扰性大和采样不准确；失效后果=影响用户使用。,正确,1.0,6.81,QueryIR结构化查询,1.0,1.0,0,,1,,,,,,影响用户使用,,,21,
450,450,Full-M2去除确定性规则问答模块,M2 确定性规则问答模块,故障原因诊断类,cause_code,,M1_编号直答,CSV直答,简单,FMEA编号“LFP023”这条的潜在失效原因/机理是什么？,BMS SOC算法不合理,FMEA编号“LFP023”对应的失效模式“SOC异常”的潜在失效原因/机理是：BMS SOC算法不合理。,正确,1.0,2.87,CSV直答,1.0,1.0,0,,1,,,,,,BMS SOC算法不合理,,,22,
451,451,Full-M2去除确定性规则问答模块,M2 确定性规则问答模块,风险影响评估类,effect_code,,M1_编号直答,CSV直答,简单,FMEA编号“LFP023”这条的潜在失效后果是什么？,影响用户使用,FMEA编号“LFP023”对应的失效模式“SOC异常”的潜在失效后果是：影响用户使用。,正确,1.0,2.89,CSV直答,1.0,1.0,0,,1,,,,,,影响用户使用,,,22,
452,452,Full-M2去除确定性规则问答模块,M2 确定性规则问答模块,风险影响评估类,rpn_code,,M1_编号直答,CSV直答,简单,FMEA编号“LFP023”这条的RPN是多少？,RPN=144.0,FMEA编号“LFP023”对应的失效模式“SOC异常”的RPN是：144。,正确,1.0,2.82,CSV直答,1.0,1.0,0,,1,,,144.0,,,,144.0,RPN,22,
453,453,Full-M2去除确定性规则问答模块,M2 确定性规则问答模块,风险影响评估类,s_code,,M1_编号直答,CSV直答,简单,FMEA编号“LFP023”这条的S是多少？,S=4.0,4,正确,1.0,971.43,语义RAG,0.5,1.0,0,,6,,,4.0,,,,4.0,S,22,
454,454,Full-M2去除确定性规则问答模块,M2 确定性规则问答模块,风险影响评估类,o_code,,M1_编号直答,CSV直答,简单,FMEA编号“LFP023”这条的O是多少？,O=6.0,6,正确,1.0,300.25,语义RAG,0.5,1.0,0,,6,,,6.0,,,,6.0,O,22,
455,455,Full-M2去除确定性规则问答模块,M2 确定性规则问答模块,风险影响评估类,d_code,,M1_编号直答,CSV直答,简单,FMEA编号“LFP023”这条的D是多少？,D=6.0,6,正确,1.0,262.38,语义RAG,0.5,1.0,0,,6,,,6.0,,,,6.0,D,22,
456,456,Full-M2去除确定性规则问答模块,M2 确定性规则问答模块,故障措施推荐类,action_code,,M1_编号直答,CSV直答,简单,FMEA编号“LFP023”这条的建议措施是什么？,定期检查和更新BMS系统,FMEA编号“LFP023”对应的失效模式“SOC异常”的建议措施是：定期检查和更新BMS系统。,正确,1.0,3.58,CSV直答,1.0,1.0,0,,1,,,,,,定期检查和更新BMS系统,,RecommendedAction,22,
457,457,Full-M2去除确定性规则问答模块,M2 确定性规则问答模块,故障原因诊断类,cause_mode,,M3_查询理解与语义检索增强,口语化/模糊检索,简单,失效模式“SOC异常”对应的潜在失效原因/机理是什么？,BMS SOC算法不合理,失效模式“SOC异常”的潜在失效原因/机理是：BMS SOC算法不合理。,正确,1.0,2.75,CSV直答,0.0,0.0,0,,1,,,,,,BMS SOC算法不合理,,,22,
458,458,Full-M2去除确定性规则问答模块,M2 确定性规则问答模块,风险影响评估类,effect_mode,,M3_查询理解与语义检索增强,口语化/模糊检索,简单,失效模式“SOC异常”对应的潜在失效后果是什么？,影响用户使用,失效模式“SOC异常”的潜在失效后果是：影响用户使用。,正确,1.0,2.73,CSV直答,0.0,0.0,0,,1,,,,,,影响用户使用,,,22,
459,459,Full-M2去除确定性规则问答模块,M2 确定性规则问答模块,风险影响评估类,rpn_mode,,M3_查询理解与语义检索增强,口语化/模糊检索,简单,失效模式“SOC异常”的RPN是多少？,RPN=144.0,失效模式“SOC异常”的RPN是：144。,正确,1.0,2.66,CSV直答,0.0,0.0,0,,1,,,144.0,,,,144.0,RPN,22,
460,460,Full-M2去除确定性规则问答模块,M2 确定性规则问答模块,故障措施推荐类,action_mode,,M3_查询理解与语义检索增强,口语化/模糊检索,简单,失效模式“SOC异常”对应的建议措施是什么？,定期检查和更新BMS系统,针对失效模式“SOC异常”，建议措施是：定期检查和更新BMS系统。,正确,1.0,2.69,CSV直答,0.0,0.0,0,,1,,,,,,定期检查和更新BMS系统,,RecommendedAction,22,
461,461,Full-M2去除确定性规则问答模块,M2 确定性规则问答模块,故障原因诊断类,cause_colloquial,,M3_查询理解与语义检索增强,口语化/模糊检索,中等,在项目/功能“电池管理系”里，失效模式“SOC异常”这个问题，原因讲白一点是什么？,BMS SOC算法不合理,原因是BMS SOC算法不合理。,正确,1.0,1058.67,语义RAG,0.1667,1.0,0,,6,,,,,,BMS SOC算法不合理,,,22,
462,462,Full-M2去除确定性规则问答模块,M2 确定性规则问答模块,风险影响评估类,effect_colloquial,,M3_查询理解与语义检索增强,口语化/模糊检索,中等,在项目/功能“电池管理系”里，失效模式“SOC异常”最后会带来什么后果？,影响用户使用,项目/功能=电池管理系；失效模式=SOC异常；失效后果=影响用户使用。,正确,1.0,10.44,QueryIR结构化查询,1.0,1.0,0,,1,,,,,,影响用户使用,,,22,
463,463,Full-M2去除确定性规则问答模块,M2 确定性规则问答模块,故障措施推荐类,action_colloquial,,M3_查询理解与语义检索增强,口语化/模糊检索,中等,在项目/功能“电池管理系”里，失效模式“SOC异常”一般怎么处理？,定期检查和更新BMS系统,建议措施=定期检查和更新BMS系统.,正确,1.0,582.14,语义RAG,0.1667,1.0,0,,6,,,,,,定期检查和更新BMS系统,,,22,
464,464,Full-M2去除确定性规则问答模块,M2 确定性规则问答模块,风险影响评估类,risk_colloquial,,M3_查询理解与语义检索增强,口语化/模糊检索,中等,在项目/功能“电池管理系”里，失效模式“SOC异常”的风险最后会体现成什么？,影响用户使用,后果: 影响用户使用,正确,1.0,704.81,语义RAG,0.1667,1.0,0,,6,,,,,,影响用户使用,,,22,
465,465,Full-M2去除确定性规则问答模块,M2 确定性规则问答模块,故障原因诊断类,cause_bool,,M4_证据裁决,证据裁决,简单,FMEA编号“LFP023”对应的原因是否就是“BMS SOC算法不合理”？,是,是。FMEA编号“LFP023”对应的失效模式“SOC异常”的潜在失效原因/机理是：BMS SOC算法不合理。,正确,1.0,3.55,CSV直答,1.0,1.0,0,,1,,,,,,,,是/否判断,22,
466,466,Full-M2去除确定性规则问答模块,M2 确定性规则问答模块,风险影响评估类,risk_bool,,M4_证据裁决,证据裁决,简单,FMEA编号“LFP023”对应的后果是否就是“影响用户使用”？,是,是。FMEA编号“LFP023”对应的失效模式“SOC异常”的潜在失效后果是：影响用户使用。,正确,1.0,2.93,CSV直答,1.0,1.0,0,,1,,,,,,,,是/否判断,22,
467,467,Full-M2去除确定性规则问答模块,M2 确定性规则问答模块,风险影响评估类,mode_project_bool,,M4_证据裁决,证据裁决,简单,失效模式“SOC异常”是不是出现在项目/功能“电池管理系”里？,是,是的，失效模式“SOC异常”出现在项目/功能“电池管理系”里。,正确,1.0,736.07,语义RAG,0.1667,0.1667,0,,6,,,,,,,,是/否判断,22,
468,468,Full-M2去除确定性规则问答模块,M2 确定性规则问答模块,风险影响评估类,risk_mode_code,,M3_查询理解与语义检索增强,口语化/模糊检索,简单,失效模式“SOC异常”对应的FMEA编号是什么？,LFP023,失效模式“SOC异常”对应的FMEA编号是：LFP023。,正确,1.0,3.63,CSV直答,0.0,0.0,0,,1,,,23.0,LFP023,,LFP023,,FmeaID,22,
469,469,Full-M2去除确定性规则问答模块,M2 确定性规则问答模块,风险影响评估类,risk_mode_project,,M3_查询理解与语义检索增强,口语化/模糊检索,简单,在项目/功能“电池管理系”里，失效模式“SOC异常”的后果是什么？,影响用户使用,项目/功能=电池管理系；失效模式=SOC异常；失效后果=影响用户使用。,正确,1.0,6.86,QueryIR结构化查询,1.0,1.0,0,,1,,,,,,影响用户使用,,,22,
470,470,Full-M2去除确定性规则问答模块,M2 确定性规则问答模块,故障原因诊断类,cause_code,,M1_编号直答,CSV直答,简单,FMEA编号“LFP024”这条的潜在失效原因/机理是什么？,BMS 控制系统损坏,FMEA编号“LFP024”对应的失效模式“电池组过充未报警和未保护”的潜在失效原因/机理是：BMS 控制系统损坏。,正确,1.0,3.26,CSV直答,1.0,1.0,0,,1,,,,,,BMS 控制系统损坏,,,23,
471,471,Full-M2去除确定性规则问答模块,M2 确定性规则问答模块,风险影响评估类,effect_code,,M1_编号直答,CSV直答,简单,FMEA编号“LFP024”这条的潜在失效后果是什么？,安全事故,FMEA编号“LFP024”对应的失效模式“电池组过充未报警和未保护”的潜在失效后果是：安全事故。,正确,1.0,2.89,CSV直答,1.0,1.0,0,,1,,,,,,安全事故,,,23,
472,472,Full-M2去除确定性规则问答模块,M2 确定性规则问答模块,风险影响评估类,rpn_code,,M1_编号直答,CSV直答,简单,FMEA编号“LFP024”这条的RPN是多少？,RPN=60.0,FMEA编号“LFP024”对应的失效模式“电池组过充未报警和未保护”的RPN是：60。,正确,1.0,2.85,CSV直答,1.0,1.0,0,,1,,,60.0,,,,60.0,RPN,23,
473,473,Full-M2去除确定性规则问答模块,M2 确定性规则问答模块,风险影响评估类,s_code,,M1_编号直答,CSV直答,简单,FMEA编号“LFP024”这条的S是多少？,S=10.0,10,正确,1.0,692.11,语义RAG,0.3333,1.0,0,,6,,,10.0,,,,10.0,S,23,
474,474,Full-M2去除确定性规则问答模块,M2 确定性规则问答模块,风险影响评估类,o_code,,M1_编号直答,CSV直答,简单,FMEA编号“LFP024”这条的O是多少？,O=1.0,1,正确,1.0,275.05,语义RAG,0.3333,1.0,0,,6,,,1.0,,,,1.0,O,23,
475,475,Full-M2去除确定性规则问答模块,M2 确定性规则问答模块,风险影响评估类,d_code,,M1_编号直答,CSV直答,简单,FMEA编号“LFP024”这条的D是多少？,D=6.0,6,正确,1.0,286.0,语义RAG,0.3333,1.0,0,,6,,,6.0,,,,6.0,D,23,
476,476,Full-M2去除确定性规则问答模块,M2 确定性规则问答模块,故障措施推荐类,action_code,,M1_编号直答,CSV直答,简单,FMEA编号“LFP024”这条的建议措施是什么？,定期检查和更新BMS系统,FMEA编号“LFP024”对应的失效模式“电池组过充未报警和未保护”的建议措施是：定期检查和更新BMS系统。,正确,1.0,4.6,CSV直答,1.0,1.0,0,,1,,,,,,定期检查和更新BMS系统,,RecommendedAction,23,
477,477,Full-M2去除确定性规则问答模块,M2 确定性规则问答模块,故障原因诊断类,cause_mode,,M3_查询理解与语义检索增强,口语化/模糊检索,简单,失效模式“电池组过充未报警和未保护”对应的潜在失效原因/机理是什么？,BMS 控制系统损坏,失效模式“电池组过充未报警和未保护”的潜在失效原因/机理是：BMS 控制系统损坏。,正确,1.0,3.64,CSV直答,0.0,0.0,0,,1,,,,,,BMS 控制系统损坏,,,23,
478,478,Full-M2去除确定性规则问答模块,M2 确定性规则问答模块,风险影响评估类,effect_mode,,M3_查询理解与语义检索增强,口语化/模糊检索,简单,失效模式“电池组过充未报警和未保护”对应的潜在失效后果是什么？,安全事故,失效模式“电池组过充未报警和未保护”的潜在失效后果是：安全事故。,正确,1.0,3.55,CSV直答,0.0,0.0,0,,1,,,,,,安全事故,,,23,
479,479,Full-M2去除确定性规则问答模块,M2 确定性规则问答模块,风险影响评估类,rpn_mode,,M3_查询理解与语义检索增强,口语化/模糊检索,简单,失效模式“电池组过充未报警和未保护”的RPN是多少？,RPN=60.0,失效模式“电池组过充未报警和未保护”的RPN是：60。,正确,1.0,3.53,CSV直答,0.0,0.0,0,,1,,,60.0,,,,60.0,RPN,23,
480,480,Full-M2去除确定性规则问答模块,M2 确定性规则问答模块,故障措施推荐类,action_mode,,M3_查询理解与语义检索增强,口语化/模糊检索,简单,失效模式“电池组过充未报警和未保护”对应的建议措施是什么？,定期检查和更新BMS系统,针对失效模式“电池组过充未报警和未保护”，建议措施是：定期检查和更新BMS系统。,正确,1.0,3.6,CSV直答,0.0,0.0,0,,1,,,,,,定期检查和更新BMS系统,,RecommendedAction,23,
481,481,Full-M2去除确定性规则问答模块,M2 确定性规则问答模块,故障原因诊断类,cause_colloquial,,M3_查询理解与语义检索增强,口语化/模糊检索,中等,在项目/功能“电池管理系”里，失效模式“电池组过充未报警和未保护”这个问题，原因讲白一点是什么？,BMS 控制系统损坏,原因是BMS控制系统损坏。,正确,1.0,1097.94,语义RAG,0.3333,1.0,0,,6,,,,,,BMS 控制系统损坏,,,23,
482,482,Full-M2去除确定性规则问答模块,M2 确定性规则问答模块,风险影响评估类,effect_colloquial,,M3_查询理解与语义检索增强,口语化/模糊检索,中等,在项目/功能“电池管理系”里，失效模式“电池组过充未报警和未保护”最后会带来什么后果？,安全事故,项目/功能=电池管理系；失效模式=电池组过充未报警和未保护；失效后果=安全事故。,正确,1.0,7.83,QueryIR结构化查询,1.0,1.0,0,,1,,,,,,安全事故,,,23,
483,483,Full-M2去除确定性规则问答模块,M2 确定性规则问答模块,故障措施推荐类,action_colloquial,,M3_查询理解与语义检索增强,口语化/模糊检索,中等,在项目/功能“电池管理系”里，失效模式“电池组过充未报警和未保护”一般怎么处理？,定期检查和更新BMS系统,定期检查和更新BMS系统。,正确,1.0,666.81,语义RAG,0.3333,1.0,0,,6,,,,,,定期检查和更新BMS系统,,,23,
484,484,Full-M2去除确定性规则问答模块,M2 确定性规则问答模块,风险影响评估类,risk_colloquial,,M3_查询理解与语义检索增强,口语化/模糊检索,中等,在项目/功能“电池管理系”里，失效模式“电池组过充未报警和未保护”的风险最后会体现成什么？,安全事故,后果=安全事故,正确,1.0,429.57,语义RAG,0.3333,1.0,0,,6,,,,,,安全事故,,,23,
485,485,Full-M2去除确定性规则问答模块,M2 确定性规则问答模块,故障原因诊断类,cause_bool,,M4_证据裁决,证据裁决,简单,FMEA编号“LFP024”对应的原因是否就是“BMS 控制系统损坏”？,是,是。FMEA编号“LFP024”对应的失效模式“电池组过充未报警和未保护”的潜在失效原因/机理是：BMS 控制系统损坏。,正确,1.0,2.89,CSV直答,1.0,1.0,0,,1,,,,,,,,是/否判断,23,
486,486,Full-M2去除确定性规则问答模块,M2 确定性规则问答模块,风险影响评估类,risk_bool,,M4_证据裁决,证据裁决,简单,FMEA编号“LFP024”对应的后果是否就是“安全事故”？,是,是。FMEA编号“LFP024”对应的失效模式“电池组过充未报警和未保护”的潜在失效后果是：安全事故。,正确,1.0,2.23,CSV直答,1.0,1.0,0,,1,,,,,,,,是/否判断,23,
487,487,Full-M2去除确定性规则问答模块,M2 确定性规则问答模块,风险影响评估类,mode_project_bool,,M4_证据裁决,证据裁决,简单,失效模式“电池组过充未报警和未保护”是不是出现在项目/功能“电池管理系”里？,是,是的，失效模式“电池组过充未报警和未保护”出现在项目/功能“电池管理系”里。,正确,1.0,1218.18,语义RAG,0.5,0.5,0,,6,,,,,,,,是/否判断,23,
488,488,Full-M2去除确定性规则问答模块,M2 确定性规则问答模块,风险影响评估类,risk_mode_code,,M3_查询理解与语义检索增强,口语化/模糊检索,简单,失效模式“电池组过充未报警和未保护”对应的FMEA编号是什么？,LFP024,失效模式“电池组过充未报警和未保护”对应的FMEA编号是：LFP024。,正确,1.0,4.01,CSV直答,0.0,0.0,0,,1,,,24.0,LFP024,,LFP024,,FmeaID,23,
489,489,Full-M2去除确定性规则问答模块,M2 确定性规则问答模块,风险影响评估类,risk_mode_project,,M3_查询理解与语义检索增强,口语化/模糊检索,简单,在项目/功能“电池管理系”里，失效模式“电池组过充未报警和未保护”的后果是什么？,安全事故,项目/功能=电池管理系；失效模式=电池组过充未报警和未保护；失效后果=安全事故。,正确,1.0,9.5,QueryIR结构化查询,1.0,1.0,0,,1,,,,,,安全事故,,,23,
490,490,Full-M2去除确定性规则问答模块,M2 确定性规则问答模块,故障原因诊断类,cause_code,,M1_编号直答,CSV直答,简单,FMEA编号“LFP025”这条的潜在失效原因/机理是什么？,BMS 控制系统损坏,FMEA编号“LFP025”对应的失效模式“电池组过放未报警和未保护”的潜在失效原因/机理是：BMS 控制系统损坏。,正确,1.0,3.69,CSV直答,1.0,1.0,0,,1,,,,,,BMS 控制系统损坏,,,24,
491,491,Full-M2去除确定性规则问答模块,M2 确定性规则问答模块,风险影响评估类,effect_code,,M1_编号直答,CSV直答,简单,FMEA编号“LFP025”这条的潜在失效后果是什么？,影响电池寿命或永久性损坏,FMEA编号“LFP025”对应的失效模式“电池组过放未报警和未保护”的潜在失效后果是：影响电池寿命或永久性损坏。,正确,1.0,3.53,CSV直答,1.0,1.0,0,,1,,,,,,影响电池寿命或永久性损坏,,,24,
492,492,Full-M2去除确定性规则问答模块,M2 确定性规则问答模块,风险影响评估类,rpn_code,,M1_编号直答,CSV直答,简单,FMEA编号“LFP025”这条的RPN是多少？,RPN=240.0,FMEA编号“LFP025”对应的失效模式“电池组过放未报警和未保护”的RPN是：240。,正确,1.0,3.46,CSV直答,1.0,1.0,0,,1,,,240.0,,,,240.0,RPN,24,
493,493,Full-M2去除确定性规则问答模块,M2 确定性规则问答模块,风险影响评估类,s_code,,M1_编号直答,CSV直答,简单,FMEA编号“LFP025”这条的S是多少？,S=8.0,8,正确,1.0,1025.73,语义RAG,0.5,1.0,0,,6,,,8.0,,,,8.0,S,24,
494,494,Full-M2去除确定性规则问答模块,M2 确定性规则问答模块,风险影响评估类,o_code,,M1_编号直答,CSV直答,简单,FMEA编号“LFP025”这条的O是多少？,O=5.0,5,正确,1.0,272.05,语义RAG,0.5,1.0,0,,6,,,5.0,,,,5.0,O,24,
495,495,Full-M2去除确定性规则问答模块,M2 确定性规则问答模块,风险影响评估类,d_code,,M1_编号直答,CSV直答,简单,FMEA编号“LFP025”这条的D是多少？,D=6.0,6,正确,1.0,255.68,语义RAG,0.5,1.0,0,,6,,,6.0,,,,6.0,D,24,
496,496,Full-M2去除确定性规则问答模块,M2 确定性规则问答模块,故障措施推荐类,action_code,,M1_编号直答,CSV直答,简单,FMEA编号“LFP025”这条的建议措施是什么？,定期检查和更新BMS系统,FMEA编号“LFP025”对应的失效模式“电池组过放未报警和未保护”的建议措施是：定期检查和更新BMS系统。,正确,1.0,4.7,CSV直答,1.0,1.0,0,,1,,,,,,定期检查和更新BMS系统,,RecommendedAction,24,
497,497,Full-M2去除确定性规则问答模块,M2 确定性规则问答模块,故障原因诊断类,cause_mode,,M3_查询理解与语义检索增强,口语化/模糊检索,简单,失效模式“电池组过放未报警和未保护”对应的潜在失效原因/机理是什么？,BMS 控制系统损坏,失效模式“电池组过放未报警和未保护”的潜在失效原因/机理是：BMS 控制系统损坏。,正确,1.0,3.83,CSV直答,0.0,0.0,0,,1,,,,,,BMS 控制系统损坏,,,24,
498,498,Full-M2去除确定性规则问答模块,M2 确定性规则问答模块,风险影响评估类,effect_mode,,M3_查询理解与语义检索增强,口语化/模糊检索,简单,失效模式“电池组过放未报警和未保护”对应的潜在失效后果是什么？,影响电池寿命或永久性损坏,失效模式“电池组过放未报警和未保护”的潜在失效后果是：影响电池寿命或永久性损坏。,正确,1.0,3.76,CSV直答,0.0,0.0,0,,1,,,,,,影响电池寿命或永久性损坏,,,24,
499,499,Full-M2去除确定性规则问答模块,M2 确定性规则问答模块,风险影响评估类,rpn_mode,,M3_查询理解与语义检索增强,口语化/模糊检索,简单,失效模式“电池组过放未报警和未保护”的RPN是多少？,RPN=240.0,失效模式“电池组过放未报警和未保护”的RPN是：240。,正确,1.0,3.74,CSV直答,0.0,0.0,0,,1,,,240.0,,,,240.0,RPN,24,
500,500,Full-M2去除确定性规则问答模块,M2 确定性规则问答模块,故障措施推荐类,action_mode,,M3_查询理解与语义检索增强,口语化/模糊检索,简单,失效模式“电池组过放未报警和未保护”对应的建议措施是什么？,定期检查和更新BMS系统,针对失效模式“电池组过放未报警和未保护”，建议措施是：定期检查和更新BMS系统。,正确,1.0,3.83,CSV直答,0.0,0.0,0,,1,,,,,,定期检查和更新BMS系统,,RecommendedAction,24,
