序号,全局序号,消融模型,去除模块,情景类别,题型,来源标签,模块标签,模块标签说明,难度,问题,参考答案,模型回答,是否正确,部分准确率,耗时毫秒,回答路径,上下文精确率,证据召回率,幻觉标记,多跳路径覆盖率,上下文条数,缺失文本项,缺失数值项,命中数值,无证据编号,无证据数值,标准文本项,标准数值项,预期字段,原始行号,错误信息
1,1501,baseline模型,baseline兼容旧逻辑,模块专项测试,module_m1_cause,module_m1_direct,M1_编号直答,FMEA编号、字段明确、单条记录直答。,简单,FMEA编号“TO1”这条里，潜在失效原因/机理是什么？,Design phase; Resonance occurs when the natural frequency of the tower or other components of the wind turbine matches the frequency of the wind or other external forces.,根据上下文，没有找到FMEA编号为“TO1”的条目，因此无法提供具体的潜在失效原因/机理。,错误,0.0,668.12,语义RAG,0.0,0.0,0,,3,Design phase; Resonance occurs when the natural frequency of the tower or other components of the wind turbine matches the frequency of the wind or other external forces.,,,,,Design phase; Resonance occurs when the natural frequency of the tower or other components of the wind turbine matches the frequency of the wind or other external forces.,,潜在失效原因/机理,0,
2,1502,baseline模型,baseline兼容旧逻辑,模块专项测试,module_m1_effect,module_m1_direct,M1_编号直答,FMEA编号、字段明确、单条记录直答。,简单,FMEA编号“TO2”这条里，潜在失效后果是什么？,Excessive Fatigue Life Consumption,Potential collapse,错误,0.0,448.88,语义RAG,0.0,0.0,0,,3,Excessive Fatigue Life Consumption,,,,,Excessive Fatigue Life Consumption,,潜在失效后果,1,
3,1503,baseline模型,baseline兼容旧逻辑,模块专项测试,module_m1_rpn,module_m1_direct,M1_编号直答,FMEA编号、字段明确、单条记录直答。,简单,FMEA编号“TO3”这条的RPN是多少？,RPN=12.67,26,错误,0.0,425.73,语义RAG,0.0,0.0,0,,3,,12.67,,,,,12.67,RPN,2,
4,1504,baseline模型,baseline兼容旧逻辑,模块专项测试,module_m1_action,module_m1_direct,M1_编号直答,FMEA编号、字段明确、单条记录直答。,简单,FMEA编号“TO23”对应的建议措施是什么？,Operational limits & control strategies for extreme motions; Blade–tower clearance and control optimization for extreme motions; High-fidelity coupled aero-hydro-elastic simulation in design updates,根据上下文，没有提供具体的FMEA编号“TO23”的建议措施信息。其他编号的FMEA条目中也没有包含建议措施的内容。,错误,0.0,502.81,语义RAG,0.0,0.0,0,,3,Operational limits & control strategies for extreme motions; Blade–tower clearance and control optimization for extreme motions; High-fidelity coupled aero-hydro-elastic simulation in design updates,,,,,Operational limits & control strategies for extreme motions; Blade–tower clearance and control optimization for extreme motions; High-fidelity coupled aero-hydro-elastic simulation in design updates,,建议措施,22,
5,1505,baseline模型,baseline兼容旧逻辑,模块专项测试,module_m1_sod,module_m1_direct,M1_编号直答,FMEA编号、字段明确、单条记录直答。,简单,FMEA编号“TO5”这条的S、O、D、RPN分别是多少？,,这个问题与提供的上下文中的任何记录都不匹配，因为所有记录都没有明确指出FMEA编号为“TO5”的信息。根据给出的信息，无法确定FMEA编号“TO5”的S、O、D、RPN值。,错误,0.0,825.8,语义RAG,0.0,0.5,0,,3,,3.8；2.0；3.0；26.0,,,,,3.8；2.0；3.0；26.0,严酷度(S)；发生度(O)；可探测度(D)；RPN,4,
6,1506,baseline模型,baseline兼容旧逻辑,模块专项测试,module_m1_cause,module_m1_direct,M1_编号直答,FMEA编号、字段明确、单条记录直答。,简单,FMEA编号“TO6”这条里，潜在失效原因/机理是什么？,Environmental loads; Material fatigue due to high waves and high frequency of loads [1],根据上下文，没有找到FMEA编号为“TO6”的记录，因此无法提供其潜在失效原因/机理。,错误,0.0,626.07,语义RAG,0.0,0.0,0,,3,Environmental loads; Material fatigue due to high waves and high frequency of loads [1],,,,,Environmental loads; Material fatigue due to high waves and high frequency of loads [1],,潜在失效原因/机理,5,
7,1507,baseline模型,baseline兼容旧逻辑,模块专项测试,module_m1_effect,module_m1_direct,M1_编号直答,FMEA编号、字段明确、单条记录直答。,简单,FMEA编号“TO7”这条里，潜在失效后果是什么？,Potential collapse,Potential collapse,正确,1.0,450.89,语义RAG,0.0,1.0,0,,3,,,,,,Potential collapse,,潜在失效后果,6,
8,1508,baseline模型,baseline兼容旧逻辑,模块专项测试,module_m1_rpn,module_m1_direct,M1_编号直答,FMEA编号、字段明确、单条记录直答。,简单,FMEA编号“TO8”这条的RPN是多少？,RPN=21.8,26,错误,0.0,414.91,语义RAG,0.0,0.0,0,,3,,21.8,,,,,21.8,RPN,7,
9,1509,baseline模型,baseline兼容旧逻辑,模块专项测试,module_m1_action,module_m1_direct,M1_编号直答,FMEA编号、字段明确、单条记录直答。,简单,FMEA编号“TP9”对应的建议措施是什么？,Design requalification for extreme storms (updated metocean; load cases); High-fidelity coupled aero-hydro-elastic simulation in design updates,根据上下文，没有找到FMEA编号为“TP9”的记录，因此无法提供对应的建议措施。其他条目的建议措施字段都是空的。,错误,0.0,517.64,语义RAG,0.0,0.0,0,,3,Design requalification for extreme storms (updated metocean; load cases); High-fidelity coupled aero-hydro-elastic simulation in design updates,,,,,Design requalification for extreme storms (updated metocean; load cases); High-fidelity coupled aero-hydro-elastic simulation in design updates,,建议措施,32,
10,1510,baseline模型,baseline兼容旧逻辑,模块专项测试,module_m1_sod,module_m1_direct,M1_编号直答,FMEA编号、字段明确、单条记录直答。,简单,FMEA编号“TO10”这条的S、O、D、RPN分别是多少？,,这个问题与提供的上下文不符，上下文中没有提到FMEA编号为“TO10”的记录。根据给出的信息，有的FMEA编号是“[1]”，“[2]”，和“[3]”。因此我无法回答该问题。,错误,0.0,855.85,语义RAG,0.0,0.25,0,,3,,4.0；2.25；3.67；40.0,,,,,4.0；2.25；3.67；40.0,严酷度(S)；发生度(O)；可探测度(D)；RPN,9,
11,1511,baseline模型,baseline兼容旧逻辑,模块专项测试,module_m1_cause,module_m1_direct,M1_编号直答,FMEA编号、字段明确、单条记录直答。,简单,FMEA编号“TO11”这条里，潜在失效原因/机理是什么？,"Fabrication; Welding failure due to Poor quality control during the welding process [1,10]",Design; Analysis and Calculation fault due to human error [11],错误,0.0,549.82,语义RAG,0.0,0.0,0,,3,"Fabrication; Welding failure due to Poor quality control during the welding process [1,10]",,,,,"Fabrication; Welding failure due to Poor quality control during the welding process [1,10]",,潜在失效原因/机理,10,
12,1512,baseline模型,baseline兼容旧逻辑,模块专项测试,module_m1_effect,module_m1_direct,M1_编号直答,FMEA编号、字段明确、单条记录直答。,简单,FMEA编号“TO12”这条里，潜在失效后果是什么？,Potential collapse,Potential collapse,正确,1.0,456.0,语义RAG,0.0,1.0,0,,3,,,,,,Potential collapse,,潜在失效后果,11,
13,1513,baseline模型,baseline兼容旧逻辑,模块专项测试,module_m1_rpn,module_m1_direct,M1_编号直答,FMEA编号、字段明确、单条记录直答。,简单,FMEA编号“TO13”这条的RPN是多少？,RPN=40.75,26,错误,0.0,450.46,语义RAG,0.0,0.0,0,,3,,40.75,,,,,40.75,RPN,12,
14,1514,baseline模型,baseline兼容旧逻辑,模块专项测试,module_m1_action,module_m1_direct,M1_编号直答,FMEA编号、字段明确、单条记录直答。,简单,FMEA编号“FF5”对应的建议措施是什么？,Expanded design load cases (including typhoon/hurricane scenarios); -,根据上下文，提供的 FMEA 编号中没有“FF5”，因此无法找到对应的具体建议措施。其他编号的建议措施信息如下： 1. 动态电缆（Dynamic Cable）的“Loss of dynamic positioning”失效模式下，建议措施 / RecommendedAction 为空。 2. 浮动支撑结构（Floating support structure）的“Capsize [11]”失效模式下，建议措施 / RecommendedAction 为空。 3. 动态电缆（Dynamic Cable）的“Debris disturbance”失效模式下，建议措施 / RecommendedAction 为空。,错误,0.0,1236.2,语义RAG,0.0,0.0,0,,3,Expanded design load cases (including typhoon/hurricane scenarios); -,,,,,Expanded design load cases (including typhoon/hurricane scenarios); -,,建议措施,49,
15,1515,baseline模型,baseline兼容旧逻辑,模块专项测试,module_m1_sod,module_m1_direct,M1_编号直答,FMEA编号、字段明确、单条记录直答。,简单,FMEA编号“TO15”这条的S、O、D、RPN分别是多少？,,这个问题与提供的上下文不符，上下文中没有提到FMEA编号为“TO15”的记录。根据给出的信息，有的FMEA编号是“[1]”，“[2]”，和“[3]”。因此我无法回答该问题。,错误,0.25,874.42,语义RAG,0.0,0.25,0,,3,,3.67；2.33；30.0,3.0,,,,3.67；2.33；3.0；30.0,严酷度(S)；发生度(O)；可探测度(D)；RPN,14,
16,1516,baseline模型,baseline兼容旧逻辑,模块专项测试,module_m1_cause,module_m1_direct,M1_编号直答,FMEA编号、字段明确、单条记录直答。,简单,FMEA编号“TO16”这条里，潜在失效原因/机理是什么？,Design phase; Braking system failure due to wrong estimation of operating conditions [15],根据上下文，没有找到FMEA编号为“TO16”的记录，因此无法提供其潜在失效原因/机理。,错误,0.0,671.42,语义RAG,0.0,0.0,0,,3,Design phase; Braking system failure due to wrong estimation of operating conditions [15],,,,,Design phase; Braking system failure due to wrong estimation of operating conditions [15],,潜在失效原因/机理,15,
17,1517,baseline模型,baseline兼容旧逻辑,模块专项测试,module_m1_effect,module_m1_direct,M1_编号直答,FMEA编号、字段明确、单条记录直答。,简单,FMEA编号“TO17”这条里，潜在失效后果是什么？,Failure of the WTG/Major repair campaign/Structure reassessment,Potential collapse,错误,0.0,443.04,语义RAG,0.0,0.0,0,,3,Failure of the WTG/Major repair campaign/Structure reassessment,,,,,Failure of the WTG/Major repair campaign/Structure reassessment,,潜在失效后果,16,
18,1518,baseline模型,baseline兼容旧逻辑,模块专项测试,module_m1_rpn,module_m1_direct,M1_编号直答,FMEA编号、字段明确、单条记录直答。,简单,FMEA编号“TO18”这条的RPN是多少？,RPN=33.33,26,错误,0.0,447.1,语义RAG,0.0,0.0,0,,3,,33.33,,,,,33.33,RPN,17,
19,1519,baseline模型,baseline兼容旧逻辑,模块专项测试,module_m1_action,module_m1_direct,M1_编号直答,FMEA编号、字段明确、单条记录直答。,简单,FMEA编号“FF24”对应的建议措施是什么？,"Operational limits: weather windows, alarm thresholds for motions; Other- Specify; Expanded design load cases (including typhoon/hurricane scenarios); Better understanding of temperature ranges",根据上下文，提供的 FMEA 编号信息与 FF24 不匹配。因此，无法找到对应于 FMEA 编号“FF24”的建议措施。 对于其他具体的 FMEA 编号，例如 [1] 和 [3] 中的动态电缆相关条目，并未提供具体的建议措施。,错误,0.0,856.95,语义RAG,0.0,0.0,0,,3,"Operational limits: weather windows, alarm thresholds for motions; Other- Specify; Expanded design load cases (including typhoon/hurricane scenarios); Better understanding of temperature ranges",,,,,"Operational limits: weather windows, alarm thresholds for motions; Other- Specify; Expanded design load cases (including typhoon/hurricane scenarios); Better understanding of temperature ranges",,建议措施,68,
20,1520,baseline模型,baseline兼容旧逻辑,模块专项测试,module_m1_sod,module_m1_direct,M1_编号直答,FMEA编号、字段明确、单条记录直答。,简单,FMEA编号“TO20”这条的S、O、D、RPN分别是多少？,,这个问题与提供的上下文信息不符，上下文中没有提到FMEA编号为“TO20”的记录。根据给出的信息，有的FMEA编号是空值，有的是其他编号。因此我无法回答此问题。,错误,0.0,844.68,语义RAG,0.0,0.25,0,,3,,4.0；2.0；2.67；26.5,,,,,4.0；2.0；2.67；26.5,严酷度(S)；发生度(O)；可探测度(D)；RPN,19,
21,1521,baseline模型,baseline兼容旧逻辑,模块专项测试,module_m1_cause,module_m1_direct,M1_编号直答,FMEA编号、字段明确、单条记录直答。,简单,FMEA编号“TO21”这条里，潜在失效原因/机理是什么？,due to Operation; Hit by blades due to human error or operational failure [15],根据上下文，没有找到FMEA编号为“TO21”的记录，因此无法提供对应的潜在失效原因/机理。,错误,0.0,593.68,语义RAG,0.0,0.0,0,,3,due to Operation; Hit by blades due to human error or operational failure [15],,,,,due to Operation; Hit by blades due to human error or operational failure [15],,潜在失效原因/机理,20,
22,1522,baseline模型,baseline兼容旧逻辑,模块专项测试,module_m1_effect,module_m1_direct,M1_编号直答,FMEA编号、字段明确、单条记录直答。,简单,FMEA编号“TO22”这条里，潜在失效后果是什么？,Potential collapse,Potential collapse,正确,1.0,484.36,语义RAG,0.0,1.0,0,,3,,,,,,Potential collapse,,潜在失效后果,21,
23,1523,baseline模型,baseline兼容旧逻辑,模块专项测试,module_m1_rpn,module_m1_direct,M1_编号直答,FMEA编号、字段明确、单条记录直答。,简单,FMEA编号“TO23”这条的RPN是多少？,RPN=18,根据上下文，没有找到FMEA编号为“TO23”的记录。请确认FMEA编号是否正确。,错误,0.0,646.87,语义RAG,0.0,0.0,0,,3,,18.0,,,,,18.0,RPN,22,
24,1524,baseline模型,baseline兼容旧逻辑,模块专项测试,module_m1_action,module_m1_direct,M1_编号直答,FMEA编号、字段明确、单条记录直答。,简单,FMEA编号“SKS1”对应的建议措施是什么？,"Continuous tension and vibration monitoring; thresholds for intervention; Procedural controls: load management, operational envelopes; Better design by expanded load case matrix including more failure modes; -",根据上下文，提供的 FMEA 编号中没有“SKS1”，因此无法找到对应的具体建议措施。其他编号的建议措施信息如下： - 编号：[1] 对应的建议措施 / RecommendedAction 为空。 - 编号：[2] 对应的建议措施 / RecommendedAction 为空。 - 编号：[3] 对应的建议措施 / RecommendedAction 为空。,错误,0.0,1025.27,语义RAG,0.0,0.0,0,,3,"Continuous tension and vibration monitoring; thresholds for intervention; Procedural controls: load management, operational envelopes; Better design by expanded load case matrix including more failure modes; -",,,,,"Continuous tension and vibration monitoring; thresholds for intervention; Procedural controls: load management, operational envelopes; Better design by expanded load case matrix including more failure modes; -",,建议措施,75,
25,1525,baseline模型,baseline兼容旧逻辑,模块专项测试,module_m1_sod,module_m1_direct,M1_编号直答,FMEA编号、字段明确、单条记录直答。,简单,FMEA编号“TP1”这条的S、O、D、RPN分别是多少？,,S: 4.25 O: 2.25 D: 3.25 RPN: 33,错误,0.0,644.53,语义RAG,0.0,0.25,0,,3,,4.75；2.5；3.0；36.5,,,,,4.75；2.5；3.0；36.5,严酷度(S)；发生度(O)；可探测度(D)；RPN,24,
26,1526,baseline模型,baseline兼容旧逻辑,模块专项测试,module_m1_cause,module_m1_direct,M1_编号直答,FMEA编号、字段明确、单条记录直答。,简单,FMEA编号“TP2”这条里，潜在失效原因/机理是什么？,"Operation and Maintenance; Brittle fracture due to extreme environmental temperature, leading to a shift in the ductile-to-brittle transition temperature [16]","Brittle fracture due to extreme environmental temperature, leading to a shift in the ductile-to-brittle transition temperature [16]",错误,0.0,633.07,语义RAG,0.0,1.0,0,,3,"Operation and Maintenance; Brittle fracture due to extreme environmental temperature, leading to a shift in the ductile-to-brittle transition temperature [16]",,16.0,,,"Operation and Maintenance; Brittle fracture due to extreme environmental temperature, leading to a shift in the ductile-to-brittle transition temperature [16]",,潜在失效原因/机理,25,
27,1527,baseline模型,baseline兼容旧逻辑,模块专项测试,module_m1_effect,module_m1_direct,M1_编号直答,FMEA编号、字段明确、单条记录直答。,简单,FMEA编号“TP3”这条里，潜在失效后果是什么？,Local stress accumulation,potential tower connections failure,错误,0.0,461.13,语义RAG,0.0,0.0,0,,3,Local stress accumulation,,,,,Local stress accumulation,,潜在失效后果,26,
28,1528,baseline模型,baseline兼容旧逻辑,模块专项测试,module_m1_rpn,module_m1_direct,M1_编号直答,FMEA编号、字段明确、单条记录直答。,简单,FMEA编号“TP4”这条的RPN是多少？,RPN=29,26,错误,0.0,449.23,语义RAG,0.0,0.0,0,,3,,29.0,,,,,29.0,RPN,27,
29,1529,baseline模型,baseline兼容旧逻辑,模块专项测试,module_m1_action,module_m1_direct,M1_编号直答,FMEA编号、字段明确、单条记录直答。,简单,FMEA编号“SKS9”对应的建议措施是什么？,Continuous tension and vibration monitoring; thresholds for intervention; -,根据上下文，提供的 FMEA 编号中没有“SKS9”，因此无法找到对应的具体建议措施。其他编号的建议措施信息如下： 1. 动态电缆（Dynamic Cable）的失效模式“Loss of dynamic positioning”的建议措施为空。 2. 浮动支撑结构（Floating support structure）的失效模式“Capsize [11]”的建议措施为空。 3. 动态电缆（Dynamic Cable）的失效模式“Debris disturbance”的建议措施为空。,错误,0.0,1145.84,语义RAG,0.0,0.0,0,,3,Continuous tension and vibration monitoring; thresholds for intervention; -,,,,,Continuous tension and vibration monitoring; thresholds for intervention; -,,建议措施,83,
30,1530,baseline模型,baseline兼容旧逻辑,模块专项测试,module_m1_sod,module_m1_direct,M1_编号直答,FMEA编号、字段明确、单条记录直答。,简单,FMEA编号“TP6”这条的S、O、D、RPN分别是多少？,,S: 4.25 O: 2.25 D: 3.25 RPN: 33,错误,0.25,625.56,语义RAG,0.0,0.5,0,,3,,2.75；3.0；35.25,4.25,,,,4.25；2.75；3.0；35.25,严酷度(S)；发生度(O)；可探测度(D)；RPN,29,
31,1531,baseline模型,baseline兼容旧逻辑,模块专项测试,module_m1_cause,module_m1_direct,M1_编号直答,FMEA编号、字段明确、单条记录直答。,简单,FMEA编号“TP7”这条里，潜在失效原因/机理是什么？,"Installation; During installation, plastic deformation can occur due to processes like welding and bending [1]","潜在失效原因/机理是：Brittle fracture due to extreme environmental temperature, leading to a shift in the ductile-to-brittle transition temperature [16]。",错误,0.0,737.53,语义RAG,0.0,0.0,0,,3,"Installation; During installation, plastic deformation can occur due to processes like welding and bending [1]",,,,,"Installation; During installation, plastic deformation can occur due to processes like welding and bending [1]",,潜在失效原因/机理,30,
32,1532,baseline模型,baseline兼容旧逻辑,模块专项测试,module_m1_effect,module_m1_direct,M1_编号直答,FMEA编号、字段明确、单条记录直答。,简单,FMEA编号“TP8”这条里，潜在失效后果是什么？,Tower transition piece connections failure,潜在失效后果是 potential tower connections failure。,错误,0.0,483.1,语义RAG,0.0,0.0,0,,3,Tower transition piece connections failure,,,,,Tower transition piece connections failure,,潜在失效后果,31,
33,1533,baseline模型,baseline兼容旧逻辑,模块专项测试,module_m1_rpn,module_m1_direct,M1_编号直答,FMEA编号、字段明确、单条记录直答。,简单,FMEA编号“TP9”这条的RPN是多少？,RPN=38,26,错误,0.0,427.04,语义RAG,0.0,0.0,0,,3,,38.0,,,,,38.0,RPN,32,
34,1534,baseline模型,baseline兼容旧逻辑,模块专项测试,module_m1_action,module_m1_direct,M1_编号直答,FMEA编号、字段明确、单条记录直答。,简单,FMEA编号“SKS18”对应的建议措施是什么？,"ROV visual inspections; targeted maintenance on wear zones; Optimized chain/wire/rope selection and fatigue margins (design); Only chain and wire above MSL, keep fiber ropes wet; -","根据上下文，提供的 FMEA 编号并没有明确指出是 ""SKS18""，因此无法直接回答该问题。请提供正确的 FMEA 编号以便进一步查询。",错误,0.0,612.8,语义RAG,0.0,0.0,0,,3,"ROV visual inspections; targeted maintenance on wear zones; Optimized chain/wire/rope selection and fatigue margins (design); Only chain and wire above MSL, keep fiber ropes wet; -",,,,,"ROV visual inspections; targeted maintenance on wear zones; Optimized chain/wire/rope selection and fatigue margins (design); Only chain and wire above MSL, keep fiber ropes wet; -",,建议措施,92,
35,1535,baseline模型,baseline兼容旧逻辑,模块专项测试,module_m1_sod,module_m1_direct,M1_编号直答,FMEA编号、字段明确、单条记录直答。,简单,FMEA编号“TP11”这条的S、O、D、RPN分别是多少？,,S: 4.25 O: 2.25 D: 3.25 RPN: 33,错误,0.0,652.48,语义RAG,0.0,0.0,0,,3,,4.0；2.33；2.67；24.67,,,,,4.0；2.33；2.67；24.67,严酷度(S)；发生度(O)；可探测度(D)；RPN,34,
36,1536,baseline模型,baseline兼容旧逻辑,模块专项测试,module_m1_cause,module_m1_direct,M1_编号直答,FMEA编号、字段明确、单条记录直答。,简单,FMEA编号“TP12”这条里，潜在失效原因/机理是什么？,Maintenance; Plastic deformation can occur due to the application of excessive force or improper handling of the structure. [1],"Brittle fracture due to extreme environmental temperature, leading to a shift in the ductile-to-brittle transition temperature [16]",错误,0.0,635.68,语义RAG,0.0,0.0,0,,3,Maintenance; Plastic deformation can occur due to the application of excessive force or improper handling of the structure. [1],,,,,Maintenance; Plastic deformation can occur due to the application of excessive force or improper handling of the structure. [1],,潜在失效原因/机理,35,
37,1537,baseline模型,baseline兼容旧逻辑,模块专项测试,module_m1_effect,module_m1_direct,M1_编号直答,FMEA编号、字段明确、单条记录直答。,简单,FMEA编号“TP13”这条里，潜在失效后果是什么？,Tower transition piece connections failure,潜在失效后果是 potential tower connections failure。,错误,0.0,481.32,语义RAG,0.0,0.0,0,,3,Tower transition piece connections failure,,,,,Tower transition piece connections failure,,潜在失效后果,36,
38,1538,baseline模型,baseline兼容旧逻辑,模块专项测试,module_m1_rpn,module_m1_direct,M1_编号直答,FMEA编号、字段明确、单条记录直答。,简单,FMEA编号“TP14”这条的RPN是多少？,RPN=23.33,26,错误,0.0,436.0,语义RAG,0.0,0.0,0,,3,,23.33,,,,,23.33,RPN,37,
39,1539,baseline模型,baseline兼容旧逻辑,模块专项测试,module_m1_action,module_m1_direct,M1_编号直答,FMEA编号、字段明确、单条记录直答。,简单,FMEA编号“DC5”对应的建议措施是什么？,-; Cathodic protection; coating improvements,FMEA编号“DC5”对应的建议措施是：-,错误,0.0,350.42,语义RAG,0.0,0.0,0,,3,-; Cathodic protection; coating improvements,,,,,-; Cathodic protection; coating improvements,,建议措施,101,
40,1540,baseline模型,baseline兼容旧逻辑,模块专项测试,module_m1_sod,module_m1_direct,M1_编号直答,FMEA编号、字段明确、单条记录直答。,简单,FMEA编号“TP16”这条的S、O、D、RPN分别是多少？,,S: 4.25 O: 2.25 D: 3.25 RPN: 33,错误,0.0,693.1,语义RAG,0.0,0.0,0,,3,,5.0；1.67；2.67；25.67,,,,,5.0；1.67；2.67；25.67,严酷度(S)；发生度(O)；可探测度(D)；RPN,39,
41,1541,baseline模型,baseline兼容旧逻辑,模块专项测试,module_m1_cause,module_m1_direct,M1_编号直答,FMEA编号、字段明确、单条记录直答。,简单,FMEA编号“TP17”这条里，潜在失效原因/机理是什么？,Operation and Maintenance; Undetected defects and poor quality control [11],"潜在失效原因/机理是：Brittle fracture due to extreme environmental temperature, leading to a shift in the ductile-to-brittle transition temperature [16]。",错误,0.0,727.32,语义RAG,0.0,0.0,0,,3,Operation and Maintenance; Undetected defects and poor quality control [11],,,,,Operation and Maintenance; Undetected defects and poor quality control [11],,潜在失效原因/机理,40,
42,1542,baseline模型,baseline兼容旧逻辑,模块专项测试,module_m1_effect,module_m1_direct,M1_编号直答,FMEA编号、字段明确、单条记录直答。,简单,FMEA编号“TP18”这条里，潜在失效后果是什么？,Tower transition piece connections failure,potential tower connections failure,错误,0.0,458.63,语义RAG,0.0,0.0,0,,3,Tower transition piece connections failure,,,,,Tower transition piece connections failure,,潜在失效后果,41,
43,1543,baseline模型,baseline兼容旧逻辑,模块专项测试,module_m1_rpn,module_m1_direct,M1_编号直答,FMEA编号、字段明确、单条记录直答。,简单,FMEA编号“TP19”这条的RPN是多少？,RPN=30.25,26,错误,0.0,457.15,语义RAG,0.0,0.0,0,,3,,30.25,,,,,30.25,RPN,42,
44,1544,baseline模型,baseline兼容旧逻辑,模块专项测试,module_m1_action,module_m1_direct,M1_编号直答,FMEA编号、字段明确、单条记录直答。,简单,FMEA编号“DC16”对应的建议措施是什么？,"Installation QA/QC: pull-in tension verification, handling procedures; Watertightness assurance: enhanced sealing tests; end termination QA; -",FMEA编号“DC16”对应的建议措施是：-,错误,0.0,386.54,语义RAG,0.0,0.0,0,,3,"Installation QA/QC: pull-in tension verification, handling procedures; Watertightness assurance: enhanced sealing tests; end termination QA; -",,,,,"Installation QA/QC: pull-in tension verification, handling procedures; Watertightness assurance: enhanced sealing tests; end termination QA; -",,建议措施,112,
45,1545,baseline模型,baseline兼容旧逻辑,模块专项测试,module_m1_sod,module_m1_direct,M1_编号直答,FMEA编号、字段明确、单条记录直答。,简单,FMEA编号“TP21”这条的S、O、D、RPN分别是多少？,,S: 4.25 O: 2.25 D: 3.25 RPN: 33,错误,0.0,687.05,语义RAG,0.0,0.5,0,,3,,3.33；3.0；3.0；26.67,,,,,3.33；3.0；3.0；26.67,严酷度(S)；发生度(O)；可探测度(D)；RPN,44,
46,1546,baseline模型,baseline兼容旧逻辑,模块专项测试,module_m1_cause,module_m1_direct,M1_编号直答,FMEA编号、字段明确、单条记录直答。,简单,FMEA编号“FF1”这条里，潜在失效原因/机理是什么？,Design; Analysis and Calculation fault due to human error,根据上下文，没有找到FMEA编号为“FF1”的条目信息。请确认FMEA编号是否正确。,错误,0.0,651.21,语义RAG,0.0,1.0,0,,3,Design; Analysis and Calculation fault due to human error,,,,,Design; Analysis and Calculation fault due to human error,,潜在失效原因/机理,45,
47,1547,baseline模型,baseline兼容旧逻辑,模块专项测试,module_m1_effect,module_m1_direct,M1_编号直答,FMEA编号、字段明确、单条记录直答。,简单,FMEA编号“FF2”这条里，潜在失效后果是什么？,Project cancellation,潜在失效后果是：potential tower connections failure,错误,0.0,530.12,语义RAG,0.0,0.0,0,,3,Project cancellation,,,,,Project cancellation,,潜在失效后果,46,
48,1548,baseline模型,baseline兼容旧逻辑,模块专项测试,module_m1_rpn,module_m1_direct,M1_编号直答,FMEA编号、字段明确、单条记录直答。,简单,FMEA编号“FF3”这条的RPN是多少？,RPN=40.14,26,错误,0.0,420.13,语义RAG,0.0,0.0,0,,3,,40.14,,,,,40.14,RPN,47,
49,1549,baseline模型,baseline兼容旧逻辑,模块专项测试,module_m1_action,module_m1_direct,M1_编号直答,FMEA编号、字段明确、单条记录直答。,简单,FMEA编号“DC26”对应的建议措施是什么？,Burial/trenching optimization; scour mitigation; as-built metrology; -,建议措施 / RecommendedAction / action / 怎么处理 / 咋处理:,错误,0.0,403.57,语义RAG,0.0,0.0,0,,3,Burial/trenching optimization; scour mitigation; as-built metrology; -,,,,,Burial/trenching optimization; scour mitigation; as-built metrology; -,,建议措施,122,
50,1550,baseline模型,baseline兼容旧逻辑,模块专项测试,module_m1_sod,module_m1_direct,M1_编号直答,FMEA编号、字段明确、单条记录直答。,简单,FMEA编号“FF5”这条的S、O、D、RPN分别是多少？,,你提供的上下文中并没有提到FMEA编号为“FF5”的记录，因此无法给出该编号对应的S、O、D、RPN值。根据现有信息，可以查看其他编号的记录。 从现有记录来看： - 编号1的RPN是24.17 - 编号2的RPN是33 - 编号3的RPN是33.4 具体S、O、D值如下： - 编号1：严重度S 4.43，发生度O 2，可探测度D 3 - 编号2：严重度S 4.25，发生度O 2.25，可探测度D 3.25 - 编号3：严重度S 4.67，发生度O 1.33，可探测度D 3.6,错误,0.0,2026.9,语义RAG,0.0,0.0,0,,3,,4.33；1.67；3.5；25.0,,,,,4.33；1.67；3.5；25.0,严酷度(S)；发生度(O)；可探测度(D)；RPN,49,
51,1551,baseline模型,baseline兼容旧逻辑,模块专项测试,module_m1_cause,module_m1_direct,M1_编号直答,FMEA编号、字段明确、单条记录直答。,简单,FMEA编号“FF6”这条里，潜在失效原因/机理是什么？,"Operation; Dynamic umbilical connection/cable fail [1,12]",根据上下文，没有找到FMEA编号为“FF6”的记录，因此无法提供其潜在失效原因/机理。,错误,0.0,605.8,语义RAG,0.0,0.0,0,,3,"Operation; Dynamic umbilical connection/cable fail [1,12]",,,,,"Operation; Dynamic umbilical connection/cable fail [1,12]",,潜在失效原因/机理,50,
52,1552,baseline模型,baseline兼容旧逻辑,模块专项测试,module_m1_effect,module_m1_direct,M1_编号直答,FMEA编号、字段明确、单条记录直答。,简单,FMEA编号“FF7”这条里，潜在失效后果是什么？,Structural failure,潜在失效后果是：potential tower connections failure,错误,0.0,502.81,语义RAG,0.0,0.0,0,,3,Structural failure,,,,,Structural failure,,潜在失效后果,51,
53,1553,baseline模型,baseline兼容旧逻辑,模块专项测试,module_m1_rpn,module_m1_direct,M1_编号直答,FMEA编号、字段明确、单条记录直答。,简单,FMEA编号“FF8”这条的RPN是多少？,RPN=34.5,不知道。上下文中的FMEA编号没有提到“FF8”。,错误,0.0,522.89,语义RAG,0.0,1.0,0,,3,,34.5,,,,,34.5,RPN,52,
54,1554,baseline模型,baseline兼容旧逻辑,模块专项测试,module_m1_action,module_m1_direct,M1_编号直答,FMEA编号、字段明确、单条记录直答。,简单,FMEA编号“TO6”对应的建议措施是什么？,"Enhanced SHM: acoustic emission, strain gauges, modal monitoring; -; High-fidelity coupled aero-hydro-elastic simulation in design updates; Weld detail optimization and hotspot redesign",根据上下文，没有找到FMEA编号为“TO6”的记录，因此无法提供对应的建议措施。其他编号的建议措施字段中均为空。,错误,0.0,512.56,语义RAG,0.0,0.0,0,,3,"Enhanced SHM: acoustic emission, strain gauges, modal monitoring; -; High-fidelity coupled aero-hydro-elastic simulation in design updates; Weld detail optimization and hotspot redesign",,,,,"Enhanced SHM: acoustic emission, strain gauges, modal monitoring; -; High-fidelity coupled aero-hydro-elastic simulation in design updates; Weld detail optimization and hotspot redesign",,建议措施,5,
55,1555,baseline模型,baseline兼容旧逻辑,模块专项测试,module_m1_sod,module_m1_direct,M1_编号直答,FMEA编号、字段明确、单条记录直答。,简单,FMEA编号“FF10”这条的S、O、D、RPN分别是多少？,,这个问题与提供的上下文中的任何记录都不匹配，因为所有记录都没有明确提到FMEA编号为“FF10”的信息。根据给出的信息，无法确定该编号对应的S、O、D、RPN值。 因此，答案是：不知道。,错误,0.0,876.94,语义RAG,0.0,0.0,0,,3,,3.83；2.5；3.5；34.0,,,,,3.83；2.5；3.5；34.0,严酷度(S)；发生度(O)；可探测度(D)；RPN,54,
56,1556,baseline模型,baseline兼容旧逻辑,模块专项测试,module_m1_cause,module_m1_direct,M1_编号直答,FMEA编号、字段明确、单条记录直答。,简单,FMEA编号“FF11”这条里，潜在失效原因/机理是什么？,"Operation; Handrails Corrosion [1,12]",Design; Analysis and Calculation fault due to human error [11],错误,0.0,587.58,语义RAG,0.0,0.0,0,,3,"Operation; Handrails Corrosion [1,12]",,,,,"Operation; Handrails Corrosion [1,12]",,潜在失效原因/机理,55,
57,1557,baseline模型,baseline兼容旧逻辑,模块专项测试,module_m1_effect,module_m1_direct,M1_编号直答,FMEA编号、字段明确、单条记录直答。,简单,FMEA编号“FF12”这条里，潜在失效后果是什么？,Potential failure of landing platform,潜在失效后果是：potential tower connections failure,错误,0.0,532.22,语义RAG,0.0,0.0,0,,3,Potential failure of landing platform,,,,,Potential failure of landing platform,,潜在失效后果,56,
58,1558,baseline模型,baseline兼容旧逻辑,模块专项测试,module_m1_rpn,module_m1_direct,M1_编号直答,FMEA编号、字段明确、单条记录直答。,简单,FMEA编号“FF13”这条的RPN是多少？,RPN=31.2,26,错误,0.0,429.72,语义RAG,0.0,0.0,0,,3,,31.2,,,,,31.2,RPN,57,
59,1559,baseline模型,baseline兼容旧逻辑,模块专项测试,module_m1_action,module_m1_direct,M1_编号直答,FMEA编号、字段明确、单条记录直答。,简单,FMEA编号“TP3”对应的建议措施是什么？,"SHM for TP connections (strain gauges, acoustic emission, bolt preload monitoring); Design requalification for extreme storms (updated metocean; load cases); High-fidelity coupled analysis of TP–tower–floater interaction; -",FMEA编号“TP3”对应的建议措施是：-,错误,0.0,354.26,语义RAG,0.0,0.0,0,,3,"SHM for TP connections (strain gauges, acoustic emission, bolt preload monitoring); Design requalification for extreme storms (updated metocean; load cases); High-fidelity coupled analysis of TP–tower–floater interaction; -",,,,,"SHM for TP connections (strain gauges, acoustic emission, bolt preload monitoring); Design requalification for extreme storms (updated metocean; load cases); High-fidelity coupled analysis of TP–tower–floater interaction; -",,建议措施,26,
60,1560,baseline模型,baseline兼容旧逻辑,模块专项测试,module_m1_sod,module_m1_direct,M1_编号直答,FMEA编号、字段明确、单条记录直答。,简单,FMEA编号“FF15”这条的S、O、D、RPN分别是多少？,,这个问题与提供的上下文中的任何FMEA编号“FF15”无关，因此无法找到对应的S、O、D、RPN值。根据提供的信息，没有FMEA编号为“FF15”的记录。,错误,0.0,822.17,语义RAG,0.0,1.0,0,,3,,4.43；2.0；3.0；24.17,,,,,4.43；2.0；3.0；24.17,严酷度(S)；发生度(O)；可探测度(D)；RPN,59,
61,1561,baseline模型,baseline兼容旧逻辑,模块专项测试,module_m1_cause,module_m1_direct,M1_编号直答,FMEA编号、字段明确、单条记录直答。,简单,FMEA编号“FF16”这条里，潜在失效原因/机理是什么？,Maintenance; Insufficient structural strength due to ship collision [11],根据上下文，没有找到FMEA编号为“FF16”的记录，因此无法提供该条目的失效原因/机理。,错误,0.0,654.19,语义RAG,0.0,0.0,0,,3,Maintenance; Insufficient structural strength due to ship collision [11],,,,,Maintenance; Insufficient structural strength due to ship collision [11],,潜在失效原因/机理,60,
62,1562,baseline模型,baseline兼容旧逻辑,模块专项测试,module_m1_effect,module_m1_direct,M1_编号直答,FMEA编号、字段明确、单条记录直答。,简单,FMEA编号“FF17”这条里，潜在失效后果是什么？,Potential failure,潜在失效后果是：potential tower connections failure,错误,0.0,509.12,语义RAG,0.0,0.0,0,,3,Potential failure,,,,,Potential failure,,潜在失效后果,61,
63,1563,baseline模型,baseline兼容旧逻辑,模块专项测试,module_m1_rpn,module_m1_direct,M1_编号直答,FMEA编号、字段明确、单条记录直答。,简单,FMEA编号“FF18”这条的RPN是多少？,RPN=30.8,26,错误,0.0,422.28,语义RAG,0.0,0.0,0,,3,,30.8,,,,,30.8,RPN,62,
64,1564,baseline模型,baseline兼容旧逻辑,模块专项测试,module_m1_action,module_m1_direct,M1_编号直答,FMEA编号、字段明确、单条记录直答。,简单,FMEA编号“FF1”对应的建议措施是什么？,Expanded design load cases (including typhoon/hurricane scenarios); Freeboard margin increase and water-tight compartmentalization; Improve engineering skills,根据上下文，提供的 FMEA 编号中没有“FF1”，因此不知道该编号对应的建议措施。其他编号的建议措施信息如下： - 编号：[1] 对应的建议措施为空。 - 编号：[2] 对应的建议措施为空。 - 编号：[3] 对应的建议措施为空。,错误,0.0,905.86,语义RAG,0.0,0.0,0,,3,Expanded design load cases (including typhoon/hurricane scenarios); Freeboard margin increase and water-tight compartmentalization; Improve engineering skills,,,,,Expanded design load cases (including typhoon/hurricane scenarios); Freeboard margin increase and water-tight compartmentalization; Improve engineering skills,,建议措施,45,
65,1565,baseline模型,baseline兼容旧逻辑,模块专项测试,module_m1_sod,module_m1_direct,M1_编号直答,FMEA编号、字段明确、单条记录直答。,简单,FMEA编号“FF20”这条的S、O、D、RPN分别是多少？,,根据上下文，没有找到FMEA编号为“FF20”的记录。请确认FMEA编号后再次提问。,错误,0.0,647.51,语义RAG,0.0,0.25,0,,3,,4.83；1.17；4.67；31.75,,,,,4.83；1.17；4.67；31.75,严酷度(S)；发生度(O)；可探测度(D)；RPN,64,
66,1566,baseline模型,baseline兼容旧逻辑,模块专项测试,module_m1_cause,module_m1_direct,M1_编号直答,FMEA编号、字段明确、单条记录直答。,简单,FMEA编号“FF21”这条里，潜在失效原因/机理是什么？,"Operation; Sensors for platform monitoring fail [1,12]",根据上下文，没有找到FMEA编号为“FF21”的记录，因此无法提供该条目的失效原因/机理。,错误,0.0,676.05,语义RAG,0.0,0.0,0,,3,"Operation; Sensors for platform monitoring fail [1,12]",,,,,"Operation; Sensors for platform monitoring fail [1,12]",,潜在失效原因/机理,65,
67,1567,baseline模型,baseline兼容旧逻辑,模块专项测试,module_m1_effect,module_m1_direct,M1_编号直答,FMEA编号、字段明确、单条记录直答。,简单,FMEA编号“FF22”这条里，潜在失效后果是什么？,Asset damage Energy production loss/reduced stability,潜在失效后果是：potential tower connections failure,错误,0.0,534.75,语义RAG,0.0,0.0,0,,3,Asset damage Energy production loss/reduced stability,,,,,Asset damage Energy production loss/reduced stability,,潜在失效后果,66,
68,1568,baseline模型,baseline兼容旧逻辑,模块专项测试,module_m1_rpn,module_m1_direct,M1_编号直答,FMEA编号、字段明确、单条记录直答。,简单,FMEA编号“FF23”这条的RPN是多少？,RPN=36,你提供的上下文中并没有出现FMEA编号为“FF23”的记录，因此无法得知其RPN。根据给出的信息，有三条不同的FMEA记录，但没有一条是编号为“FF23”的。,错误,0.0,811.22,语义RAG,0.0,0.0,0,,3,,36.0,,,,,36.0,RPN,67,
69,1569,baseline模型,baseline兼容旧逻辑,模块专项测试,module_m1_action,module_m1_direct,M1_编号直答,FMEA编号、字段明确、单条记录直答。,简单,FMEA编号“FF9”对应的建议措施是什么？,Expanded design load cases (including typhoon/hurricane scenarios); Resonance avoidance via structural tuning/damping; High-fidelity coupled aero-hydro-elastic simulation in design updates,根据上下文，没有找到FMEA编号为“FF9”的记录，因此无法提供对应的建议措施。其他编号的建议措施字段中均为空。,错误,0.0,539.16,语义RAG,0.0,0.0,0,,3,Expanded design load cases (including typhoon/hurricane scenarios); Resonance avoidance via structural tuning/damping; High-fidelity coupled aero-hydro-elastic simulation in design updates,,,,,Expanded design load cases (including typhoon/hurricane scenarios); Resonance avoidance via structural tuning/damping; High-fidelity coupled aero-hydro-elastic simulation in design updates,,建议措施,53,
70,1570,baseline模型,baseline兼容旧逻辑,模块专项测试,module_m1_sod,module_m1_direct,M1_编号直答,FMEA编号、字段明确、单条记录直答。,简单,FMEA编号“FF25”这条的S、O、D、RPN分别是多少？,,这个问题与提供的上下文中的任何FMEA编号“FF25”无关，因此无法从给定的信息中找到对应的S、O、D、RPN值。根据上下文，没有提到FMEA编号为“FF25”的记录。,错误,0.0,886.73,语义RAG,0.0,0.25,0,,3,,5.0；1.33；2.6；30.8,,,,,5.0；1.33；2.6；30.8,严酷度(S)；发生度(O)；可探测度(D)；RPN,69,
71,1571,baseline模型,baseline兼容旧逻辑,模块专项测试,module_m1_cause,module_m1_direct,M1_编号直答,FMEA编号、字段明确、单条记录直答。,简单,FMEA编号“FF26”这条里，潜在失效原因/机理是什么？,Environmental condition; Typhoon can cause failure of the floating unit if it gets hit by dropping objects. (eg. damaged blade)(strong wind/wave),根据上下文，没有找到FMEA编号为“FF26”的记录，因此无法提供该条目的失效原因/机理。,错误,0.0,644.75,语义RAG,0.0,0.0,0,,3,Environmental condition; Typhoon can cause failure of the floating unit if it gets hit by dropping objects. (eg. damaged blade)(strong wind/wave),,,,,Environmental condition; Typhoon can cause failure of the floating unit if it gets hit by dropping objects. (eg. damaged blade)(strong wind/wave),,潜在失效原因/机理,70,
72,1572,baseline模型,baseline兼容旧逻辑,模块专项测试,module_m1_effect,module_m1_direct,M1_编号直答,FMEA编号、字段明确、单条记录直答。,简单,FMEA编号“FF27”这条里，潜在失效后果是什么？,"Watertight fault, Potential Floater Unit sinkage",潜在失效后果是：potential tower connections failure,错误,0.0,544.43,语义RAG,0.0,0.0,0,,3,"Watertight fault, Potential Floater Unit sinkage",,,,,"Watertight fault, Potential Floater Unit sinkage",,潜在失效后果,71,
73,1573,baseline模型,baseline兼容旧逻辑,模块专项测试,module_m1_rpn,module_m1_direct,M1_编号直答,FMEA编号、字段明确、单条记录直答。,简单,FMEA编号“FF28”这条的RPN是多少？,RPN=19,26,错误,0.0,405.58,语义RAG,0.0,0.0,0,,3,,19.0,,,,,19.0,RPN,72,
74,1574,baseline模型,baseline兼容旧逻辑,模块专项测试,module_m1_action,module_m1_direct,M1_编号直答,FMEA编号、字段明确、单条记录直答。,简单,FMEA编号“FF27”对应的建议措施是什么？,Expanded design load cases (including typhoon/hurricane scenarios); High-fidelity coupled aero-hydro-elastic simulation in design updates,根据上下文，提供的 FMEA 编号信息与 FF27 不匹配。因此，无法找到对应于 FMEA 编号“FF27”的建议措施。 对于其他编号的 FMEA 项： - 编号为 [1] 的 Dynamic Cable 对应的建议措施为空。 - 编号为 [2] 的 Floating support structure 对应的建议措施为空。 - 编号为 [3] 的 Dynamic Cable 对应的建议措施为空。,错误,0.0,1102.96,语义RAG,0.0,0.0,0,,3,Expanded design load cases (including typhoon/hurricane scenarios); High-fidelity coupled aero-hydro-elastic simulation in design updates,,,,,Expanded design load cases (including typhoon/hurricane scenarios); High-fidelity coupled aero-hydro-elastic simulation in design updates,,建议措施,71,
75,1575,baseline模型,baseline兼容旧逻辑,模块专项测试,module_m1_sod,module_m1_direct,M1_编号直答,FMEA编号、字段明确、单条记录直答。,简单,FMEA编号“FF30”这条的S、O、D、RPN分别是多少？,,这个问题与提供的上下文中的任何FMEA编号“FF30”无关，因此无法从给定的信息中找到对应的S、O、D、RPN值。根据规则4，我明确回答我不知道。,错误,0.0,794.43,语义RAG,0.0,0.5,1,,3,,3.6；3.0；3.2；31.2,,,4.0,,3.6；3.0；3.2；31.2,严酷度(S)；发生度(O)；可探测度(D)；RPN,74,
76,1576,baseline模型,baseline兼容旧逻辑,模块专项测试,module_m1_cause,module_m1_direct,M1_编号直答,FMEA编号、字段明确、单条记录直答。,简单,FMEA编号“SKS1”这条里，潜在失效原因/机理是什么？,Operation; Abnormal working conditions,根据上下文，没有找到FMEA编号为“SKS1”的记录，因此无法提供对应的潜在失效原因/机理。,错误,0.0,616.92,语义RAG,0.0,0.0,0,,3,Operation; Abnormal working conditions,,,,,Operation; Abnormal working conditions,,潜在失效原因/机理,75,
77,1577,baseline模型,baseline兼容旧逻辑,模块专项测试,module_m1_effect,module_m1_direct,M1_编号直答,FMEA编号、字段明确、单条记录直答。,简单,FMEA编号“SKS2”这条里，潜在失效后果是什么？,Anchor failure,潜在失效后果是：potential tower connections failure,错误,0.0,495.94,语义RAG,0.0,0.0,0,,3,Anchor failure,,,,,Anchor failure,,潜在失效后果,76,
78,1578,baseline模型,baseline兼容旧逻辑,模块专项测试,module_m1_rpn,module_m1_direct,M1_编号直答,FMEA编号、字段明确、单条记录直答。,简单,FMEA编号“SKS3”这条的RPN是多少？,RPN=29.25,26,错误,0.0,469.21,语义RAG,0.0,0.0,0,,3,,29.25,,,,,29.25,RPN,77,
79,1579,baseline模型,baseline兼容旧逻辑,模块专项测试,module_m1_action,module_m1_direct,M1_编号直答,FMEA编号、字段明确、单条记录直答。,简单,FMEA编号“SKS6”对应的建议措施是什么？,Cathodic protection and corrosion monitoring regimes; -,"根据上下文，提供的 FMEA 编号并没有与 ""SKS6"" 匹配的记录。因此，无法得知 FMEA 编号 “SKS6” 对应的建议措施。",错误,0.0,608.52,语义RAG,0.0,0.0,0,,3,Cathodic protection and corrosion monitoring regimes; -,,,,,Cathodic protection and corrosion monitoring regimes; -,,建议措施,80,
80,1580,baseline模型,baseline兼容旧逻辑,模块专项测试,module_m1_sod,module_m1_direct,M1_编号直答,FMEA编号、字段明确、单条记录直答。,简单,FMEA编号“SKS5”这条的S、O、D、RPN分别是多少？,,这个问题与提供的上下文不符，上下文中没有提到FMEA编号为“SKS5”的记录。根据给出的信息，有的是编号1和3的记录，但没有编号2的具体信息。因此，无法回答此问题。,错误,0.25,807.51,语义RAG,0.0,0.25,0,,3,,3.8；2.8；30.0,3.0,,,,3.8；2.8；3.0；30.0,严酷度(S)；发生度(O)；可探测度(D)；RPN,79,
81,1581,baseline模型,baseline兼容旧逻辑,模块专项测试,module_m1_cause,module_m1_direct,M1_编号直答,FMEA编号、字段明确、单条记录直答。,简单,FMEA编号“SKS6”这条里，潜在失效原因/机理是什么？,Operation; Fairlead corrosion,根据上下文，没有找到FMEA编号为“SKS6”的记录，因此无法提供对应的潜在失效原因/机理。,错误,0.0,661.75,语义RAG,0.0,0.0,0,,3,Operation; Fairlead corrosion,,,,,Operation; Fairlead corrosion,,潜在失效原因/机理,80,
82,1582,baseline模型,baseline兼容旧逻辑,模块专项测试,module_m1_effect,module_m1_direct,M1_编号直答,FMEA编号、字段明确、单条记录直答。,简单,FMEA编号“SKS9”这条里，潜在失效后果是什么？,Mooring line strength decrease or broken,潜在失效后果是：potential tower connections failure,错误,0.0,453.38,语义RAG,0.0,1.0,0,,3,Mooring line strength decrease or broken,,,,,Mooring line strength decrease or broken,,潜在失效后果,83,
83,1583,baseline模型,baseline兼容旧逻辑,模块专项测试,module_m1_rpn,module_m1_direct,M1_编号直答,FMEA编号、字段明确、单条记录直答。,简单,FMEA编号“SKS8”这条的RPN是多少？,RPN=28.8,你提供的上下文中并没有出现FMEA编号为“SKS8”的记录，因此无法回答该编号的RPN。根据现有信息，有的是编号[1]、编号[2]和编号[3]的记录。,错误,0.0,799.77,语义RAG,0.0,0.0,0,,3,,28.8,,,,,28.8,RPN,82,
84,1584,baseline模型,baseline兼容旧逻辑,模块专项测试,module_m1_action,module_m1_direct,M1_编号直答,FMEA编号、字段明确、单条记录直答。,简单,FMEA编号“SKS13”对应的建议措施是什么？,Continuous tension and vibration monitoring; thresholds for intervention; Optimized chain/wire/rope selection and fatigue margins (design); -,根据上下文，FMEA编号“SKS13”对应的建议措施是：-（即没有给出具体的建议措施）。,错误,0.0,466.28,语义RAG,0.0,0.0,0,,3,Continuous tension and vibration monitoring; thresholds for intervention; Optimized chain/wire/rope selection and fatigue margins (design); -,,,,,Continuous tension and vibration monitoring; thresholds for intervention; Optimized chain/wire/rope selection and fatigue margins (design); -,,建议措施,87,
85,1585,baseline模型,baseline兼容旧逻辑,模块专项测试,module_m1_sod,module_m1_direct,M1_编号直答,FMEA编号、字段明确、单条记录直答。,简单,FMEA编号“SKS10”这条的S、O、D、RPN分别是多少？,,这个问题与提供的上下文中的信息不符，上下文中没有提到FMEA编号为“SKS10”的记录。根据给出的信息，有的是编号为“[1]”、“[2]”和“[3]”。因此，我无法回答此问题。 根据提供的内容，可以查看其他条目的S、O、D、RPN值： - 编号 [1] 的 RPN 是 24.17 - 编号 [2] 的 RPN 是 33 - 编号 [3] 的 RPN 是 33.4,错误,0.5,1483.28,语义RAG,0.0,0.5,0,,3,,4.0；24.0,2.0；3.0；2.0；3.0,,,,4.0；2.0；3.0；24.0,严酷度(S)；发生度(O)；可探测度(D)；RPN,84,
86,1586,baseline模型,baseline兼容旧逻辑,模块专项测试,module_m1_cause,module_m1_direct,M1_编号直答,FMEA编号、字段明确、单条记录直答。,简单,FMEA编号“SKS11”这条里，潜在失效原因/机理是什么？,Maintenance; Mooring lines corrosion due to improper maintenance of the corroded components,根据上下文，没有找到FMEA编号为“SKS11”的记录。请确认FMEA编号是否正确。,错误,0.0,639.67,语义RAG,0.0,0.0,0,,3,Maintenance; Mooring lines corrosion due to improper maintenance of the corroded components,,,,,Maintenance; Mooring lines corrosion due to improper maintenance of the corroded components,,潜在失效原因/机理,85,
87,1587,baseline模型,baseline兼容旧逻辑,模块专项测试,module_m1_effect,module_m1_direct,M1_编号直答,FMEA编号、字段明确、单条记录直答。,简单,FMEA编号“SKS14”这条里，潜在失效后果是什么？,Mooring line strength decrease or broken,潜在失效后果是：potential tower connections failure,错误,0.0,503.74,语义RAG,0.0,1.0,0,,3,Mooring line strength decrease or broken,,,,,Mooring line strength decrease or broken,,潜在失效后果,88,
88,1588,baseline模型,baseline兼容旧逻辑,模块专项测试,module_m1_rpn,module_m1_direct,M1_编号直答,FMEA编号、字段明确、单条记录直答。,简单,FMEA编号“SKS13”这条的RPN是多少？,RPN=31.6,26,错误,0.0,408.22,语义RAG,0.0,0.0,0,,3,,31.6,,,,,31.6,RPN,87,
89,1589,baseline模型,baseline兼容旧逻辑,模块专项测试,module_m1_action,module_m1_direct,M1_编号直答,FMEA编号、字段明确、单条记录直答。,简单,FMEA编号“SKS22”对应的建议措施是什么？,"Continuous tension and vibration monitoring; thresholds for intervention; Procedural controls: load management, operational envelopes; -","根据上下文，提供的 FMEA 编号并没有明确指出是 ""SKS22""，且所有记录中的 ""建议措施 / RecommendedAction"" 字段都为空。因此，无法给出具体的建议措施。",错误,0.0,637.95,语义RAG,0.0,0.0,0,,3,"Continuous tension and vibration monitoring; thresholds for intervention; Procedural controls: load management, operational envelopes; -",,,,,"Continuous tension and vibration monitoring; thresholds for intervention; Procedural controls: load management, operational envelopes; -",,建议措施,96,
90,1590,baseline模型,baseline兼容旧逻辑,模块专项测试,module_m1_sod,module_m1_direct,M1_编号直答,FMEA编号、字段明确、单条记录直答。,简单,FMEA编号“SKS15”这条的S、O、D、RPN分别是多少？,,这个问题与提供的上下文中的任何FMEA编号“SKS15”无关，因此无法找到对应的S、O、D、RPN值。根据提供的信息，没有FMEA编号为“SKS15”的记录。,错误,0.0,859.26,语义RAG,0.0,0.75,0,,3,,3.6；2.0；3.6；26.4,,,,,3.6；2.0；3.6；26.4,严酷度(S)；发生度(O)；可探测度(D)；RPN,89,
91,1591,baseline模型,baseline兼容旧逻辑,模块专项测试,module_m1_cause,module_m1_direct,M1_编号直答,FMEA编号、字段明确、单条记录直答。,简单,FMEA编号“SKS16”这条里，潜在失效原因/机理是什么？,"Operation; Mooring lines wear due to Improper handling, such as excessive tension, bending, or twisting of the mooring lines.",根据上下文，没有找到FMEA编号为“SKS16”的记录，因此无法提供该条目的失效原因/机理。,错误,0.0,640.34,语义RAG,0.0,0.0,0,,3,"Operation; Mooring lines wear due to Improper handling, such as excessive tension, bending, or twisting of the mooring lines.",,,,,"Operation; Mooring lines wear due to Improper handling, such as excessive tension, bending, or twisting of the mooring lines.",,潜在失效原因/机理,90,
92,1592,baseline模型,baseline兼容旧逻辑,模块专项测试,module_m1_effect,module_m1_direct,M1_编号直答,FMEA编号、字段明确、单条记录直答。,简单,FMEA编号“SKS19”这条里，潜在失效后果是什么？,Asset not in correct location or position,潜在失效后果是：potential tower connections failure,错误,0.0,507.06,语义RAG,0.0,0.0,0,,3,Asset not in correct location or position,,,,,Asset not in correct location or position,,潜在失效后果,93,
93,1593,baseline模型,baseline兼容旧逻辑,模块专项测试,module_m1_rpn,module_m1_direct,M1_编号直答,FMEA编号、字段明确、单条记录直答。,简单,FMEA编号“SKS18”这条的RPN是多少？,RPN=20,26,错误,0.0,423.88,语义RAG,0.0,0.0,0,,3,,20.0,,,,,20.0,RPN,92,
94,1594,baseline模型,baseline兼容旧逻辑,模块专项测试,module_m1_action,module_m1_direct,M1_编号直答,FMEA编号、字段明确、单条记录直答。,简单,FMEA编号“DC9”对应的建议措施是什么？,-; Design review; improved material selection,FMEA编号“DC9”对应的建议措施是：-,错误,0.0,330.83,语义RAG,0.0,0.0,0,,3,-; Design review; improved material selection,,,,,-; Design review; improved material selection,,建议措施,105,
95,1595,baseline模型,baseline兼容旧逻辑,模块专项测试,module_m1_sod,module_m1_direct,M1_编号直答,FMEA编号、字段明确、单条记录直答。,简单,FMEA编号“SKS20”这条的S、O、D、RPN分别是多少？,,根据上下文，没有找到FMEA编号为“SKS20”的记录。请确认FMEA编号后再次提问。,错误,0.0,649.42,语义RAG,0.0,0.25,0,,3,,4.0；2.2；3.0；28.0,,,,,4.0；2.2；3.0；28.0,严酷度(S)；发生度(O)；可探测度(D)；RPN,94,
96,1596,baseline模型,baseline兼容旧逻辑,模块专项测试,module_m1_cause,module_m1_direct,M1_编号直答,FMEA编号、字段明确、单条记录直答。,简单,FMEA编号“SKS21”这条里，潜在失效原因/机理是什么？,Design; Mooring winch failure due to understimation of loads during design phase,根据上下文，没有找到FMEA编号为“SKS21”的记录，因此无法提供该条目的失效原因/机理。,错误,0.0,682.61,语义RAG,0.0,0.0,0,,3,Design; Mooring winch failure due to understimation of loads during design phase,,,,,Design; Mooring winch failure due to understimation of loads during design phase,,潜在失效原因/机理,95,
97,1597,baseline模型,baseline兼容旧逻辑,模块专项测试,module_m1_effect,module_m1_direct,M1_编号直答,FMEA编号、字段明确、单条记录直答。,简单,FMEA编号“DC2”这条里，潜在失效后果是什么？,Structural integrity damage - extra stress on cables,潜在失效后果是：Mooring line strength decrease or broken。,错误,0.0,545.84,语义RAG,0.0,0.0,0,,3,Structural integrity damage - extra stress on cables,,,,,Structural integrity damage - extra stress on cables,,潜在失效后果,98,
98,1598,baseline模型,baseline兼容旧逻辑,模块专项测试,module_m1_rpn,module_m1_direct,M1_编号直答,FMEA编号、字段明确、单条记录直答。,简单,FMEA编号“DC1”这条的RPN是多少？,RPN=30.25,26,错误,0.0,431.48,语义RAG,0.0,0.0,0,,3,,30.25,,,,,30.25,RPN,97,
99,1599,baseline模型,baseline兼容旧逻辑,模块专项测试,module_m1_action,module_m1_direct,M1_编号直答,FMEA编号、字段明确、单条记录直答。,简单,FMEA编号“DC19”对应的建议措施是什么？,"Monitoring: DTS/RTTR, electrical integrity tests, leak detection; -",FMEA编号“DC19”对应的建议措施 / RecommendedAction 是：-,错误,0.0,398.51,语义RAG,0.0,0.0,0,,3,"Monitoring: DTS/RTTR, electrical integrity tests, leak detection; -",,,,,"Monitoring: DTS/RTTR, electrical integrity tests, leak detection; -",,建议措施,115,
100,1600,baseline模型,baseline兼容旧逻辑,模块专项测试,module_m1_sod,module_m1_direct,M1_编号直答,FMEA编号、字段明确、单条记录直答。,简单,FMEA编号“DC3”这条的S、O、D、RPN分别是多少？,,这个问题与提供的上下文不符，上下文中没有提到FMEA编号为“DC3”的记录。根据提供的三条FMEA记录，它们的编号分别为[1]、[2]和[3]。因此，无法回答此问题。,错误,0.5,852.36,语义RAG,0.0,0.5,0,,3,,2.67；32.0,3.0；3.0,,,,2.67；3.0；3.0；32.0,严酷度(S)；发生度(O)；可探测度(D)；RPN,99,
101,1601,baseline模型,baseline兼容旧逻辑,模块专项测试,module_m2_avg_rpn,module_m2_reasoning,M2_规则推理,平均、最高/最低、比较、S/O/D/RPN 等规则推理。,中等,项目/功能“Tower / Tower (TO) / Primary steelwork”的平均RPN是多少？,,30.67,错误,0.0,471.46,语义RAG,1.0,0.0,1,0.0,3,,28.213809523809523,,,30.67,,28.213809523809523,RPN,0,
102,1602,baseline模型,baseline兼容旧逻辑,模块专项测试,module_m2_max_mode,module_m2_reasoning,M2_规则推理,平均、最高/最低、比较、S/O/D/RPN 等规则推理。,中等,项目/功能“Tower / Tower (TO) / Primary structure & welding”中RPN最高的失效模式是什么？,,Cracks,正确,1.0,461.56,语义RAG,1.0,1.0,0,1.0,3,,,,,,Cracks,,潜在失效模式,8,
103,1603,baseline模型,baseline兼容旧逻辑,模块专项测试,module_m2_min_mode,module_m2_reasoning,M2_规则推理,平均、最高/最低、比较、S/O/D/RPN 等规则推理。,中等,项目/功能“Transition piece / Transition Piece (TP) / Primary structure & welding”中RPN最低的失效模式是什么？,,Cracks,正确,1.0,469.21,语义RAG,1.0,1.0,0,1.0,3,,,,,,Cracks,,潜在失效模式,28,
104,1604,baseline模型,baseline兼容旧逻辑,模块专项测试,module_m2_mode_sod,module_m2_reasoning,M2_规则推理,平均、最高/最低、比较、S/O/D/RPN 等规则推理。,中等,在“Transition piece / Transition Piece (TP) / Primary structure”里，失效模式“Cracks”的S、O、D、RPN分别是多少？,,失效模式 Cracks 的 S、O、D、RPN 分别是 3.75、2.5、3.25、21.67。,正确,1.0,767.36,语义RAG,1.0,1.0,0,1.0,3,,,3.75；2.5；3.25；21.67,,,,3.75；2.5；3.25；21.67,严酷度(S)；发生度(O)；可探测度(D)；RPN,31,
105,1605,baseline模型,baseline兼容旧逻辑,模块专项测试,module_m2_avg_d,module_m2_reasoning,M2_规则推理,平均、最高/最低、比较、S/O/D/RPN 等规则推理。,中等,项目/功能“Transition piece / Transition Piece (TP) / Primary stucture”的平均可探测度D是多少？,,3.25,错误,0.0,478.97,语义RAG,0.3333,1.0,0,1.0,3,,3.0,,,,,3.0,可探测度(D),30,
106,1606,baseline模型,baseline兼容旧逻辑,模块专项测试,module_m2_avg_rpn,module_m2_reasoning,M2_规则推理,平均、最高/最低、比较、S/O/D/RPN 等规则推理。,中等,项目/功能“Transition piece / Transition Piece (TP) / Welding”的平均RPN是多少？,,根据上下文，没有直接提到“Transition piece / Transition Piece (TP) / Welding”这个具体位置的FMEA记录。因此无法计算其平均RPN。 但是可以计算其他相关位置的平均RPN： 1. “Transition piece / Transition Piece (TP) / Primary structure”的RPN分别是：33、21.67和28。 2. 平均RPN = (33 + 21.67 + 28) / 3 ≈ 27.56。,错误,0.0,1296.68,语义RAG,0.0,0.0,1,0.0,3,,26.451999999999998,,,2.0；27.56,,26.451999999999998,RPN,33,
107,1607,baseline模型,baseline兼容旧逻辑,模块专项测试,module_m2_max_mode,module_m2_reasoning,M2_规则推理,平均、最高/最低、比较、S/O/D/RPN 等规则推理。,中等,项目/功能“Floating support structure / Floating Support structure / All structures”中RPN最高的失效模式是什么？,,Structural break [11],正确,1.0,897.59,语义RAG,0.3333,1.0,0,1.0,3,,,11.0,,,Structural break [11],,潜在失效模式,64,
108,1608,baseline模型,baseline兼容旧逻辑,模块专项测试,module_m2_min_mode,module_m2_reasoning,M2_规则推理,平均、最高/最低、比较、S/O/D/RPN 等规则推理。,中等,项目/功能“Floating support structure / Floating Support structure / Secondary structure”中RPN最低的失效模式是什么？,,Floater unit sinkage,错误,0.0,458.24,语义RAG,0.6667,0.0,0,0.0,3,Structural break [11],,,,,Structural break [11],,潜在失效模式,61,
109,1609,baseline模型,baseline兼容旧逻辑,模块专项测试,module_m2_mode_sod,module_m2_reasoning,M2_规则推理,平均、最高/最低、比较、S/O/D/RPN 等规则推理。,中等,在“Floating support structure / Floating Support structure / Primary structure & Welding”里，失效模式“Cracks [11]”的S、O、D、RPN分别是多少？,,失效模式 “Cracks [11]” 的 S、O、D、RPN 分别是 4.14、2.86、3.57、22.67。,正确,1.0,756.51,语义RAG,0.6667,1.0,0,1.0,3,,,4.14；2.86；3.57；22.67,,,,4.14；2.86；3.57；22.67,严酷度(S)；发生度(O)；可探测度(D)；RPN,53,
110,1610,baseline模型,baseline兼容旧逻辑,模块专项测试,module_m2_avg_d,module_m2_reasoning,M2_规则推理,平均、最高/最低、比较、S/O/D/RPN 等规则推理。,中等,项目/功能“Station keeping / Anchor (AC)”的平均可探测度D是多少？,,3.8,正确,1.0,443.31,语义RAG,0.3333,1.0,0,1.0,3,,,3.8,,,,3.8,可探测度(D),76,
111,1611,baseline模型,baseline兼容旧逻辑,模块专项测试,module_m2_avg_rpn,module_m2_reasoning,M2_规则推理,平均、最高/最低、比较、S/O/D/RPN 等规则推理。,中等,项目/功能“Station keeping / Fairlead (FL)”的平均RPN是多少？,,不知道。上下文没有提到“Fairlead (FL)”的相关信息。,错误,0.0,346.35,语义RAG,0.0,0.0,0,0.0,3,,30.0,,,,,30.0,RPN,79,
112,1612,baseline模型,baseline兼容旧逻辑,模块专项测试,module_m2_max_mode,module_m2_reasoning,M2_规则推理,平均、最高/最低、比较、S/O/D/RPN 等规则推理。,中等,项目/功能“Station keeping / Mooring Lines (ML) / Mooring lines”中RPN最高的失效模式是什么？,,Mooring line wear [1],正确,1.0,597.98,语义RAG,1.0,1.0,0,1.0,3,,,1.0,,,Mooring line wear [1],,潜在失效模式,84,
113,1613,baseline模型,baseline兼容旧逻辑,模块专项测试,module_m2_min_mode,module_m2_reasoning,M2_规则推理,平均、最高/最低、比较、S/O/D/RPN 等规则推理。,中等,项目/功能“Station keeping / Mooring lines (ML) / Mooring lines”中RPN最低的失效模式是什么？,,Mooring line wear [1],错误,0.0,344.56,语义RAG,1.0,1.0,0,1.0,3,"Mooring lines broken [1,3]",,1.0,,,"Mooring lines broken [1,3]",,潜在失效模式,91,
114,1614,baseline模型,baseline兼容旧逻辑,模块专项测试,module_m2_mode_sod,module_m2_reasoning,M2_规则推理,平均、最高/最低、比较、S/O/D/RPN 等规则推理。,中等,在“Floating support structure / Floating Support structure / Secondary structure”里，失效模式“Structural break [11]”的S、O、D、RPN分别是多少？,,这个问题中提到的位置与上下文中的位置不匹配。上下文中的“Floating support structure / Floating Support structure”对应的 `where it happens` 为 “All structures” 和 “Primary structure & Welding”，并未提及“Secondary structure”。因此，根据提供的信息，没有找到对应于“Secondary structure”的失效模式“Structural break [11]”。 但是，如果仅考虑与“Floating support structure / Floating Support structure”相关的数据，“Structural break [11]”的S、O、D、RPN分别是4.67、1.33、3.6、33.4。,错误,0.0,1499.27,语义RAG,0.3333,0.25,0,0.25,3,,4.0；2.6；3.25；18.8,,,,,4.0；2.6；3.25；18.8,严酷度(S)；发生度(O)；可探测度(D)；RPN,66,
115,1615,baseline模型,baseline兼容旧逻辑,模块专项测试,module_m2_avg_d,module_m2_reasoning,M2_规则推理,平均、最高/最低、比较、S/O/D/RPN 等规则推理。,中等,项目/功能“Dynamic cable / Dynamic Cable / Dynamic Cable/”的平均可探测度D是多少？,,3.5,错误,0.0,461.32,语义RAG,0.6667,0.0,0,0.0,3,,3.173333333333334,,,,,3.173333333333334,可探测度(D),128,
116,1616,baseline模型,baseline兼容旧逻辑,模块专项测试,module_m2_avg_rpn,module_m2_reasoning,M2_规则推理,平均、最高/最低、比较、S/O/D/RPN 等规则推理。,中等,项目/功能“Dynamic cable / Dynamic Cable / J-tube”的平均RPN是多少？,,18.75,正确,1.0,446.03,语义RAG,1.0,1.0,0,1.0,3,,,18.75,,,,18.75,RPN,101,
117,1617,baseline模型,baseline兼容旧逻辑,模块专项测试,module_m2_max_mode,module_m2_reasoning,M2_规则推理,平均、最高/最低、比较、S/O/D/RPN 等规则推理。,中等,项目/功能“Dynamic cable / Dynamic Cable / Joints and terminations”中RPN最高的失效模式是什么？,,Failure of end termination [6],正确,1.0,513.62,语义RAG,0.3333,1.0,0,1.0,3,,,6.0,,,Failure of end termination [6],,潜在失效模式,107,
118,1618,baseline模型,baseline兼容旧逻辑,模块专项测试,module_m2_min_mode,module_m2_reasoning,M2_规则推理,平均、最高/最低、比较、S/O/D/RPN 等规则推理。,中等,项目/功能“Dynamic cable / Dynamic Cable / Cable Protection System (CPS)”中RPN最低的失效模式是什么？,,Crushing or deformation,错误,0.0,457.3,语义RAG,0.0,0.0,0,0.0,3,Movement of CPS due to scour/seabed mobility [6],,,,,Movement of CPS due to scour/seabed mobility [6],,潜在失效模式,123,
119,1619,baseline模型,baseline兼容旧逻辑,模块专项测试,module_m2_mode_sod,module_m2_reasoning,M2_规则推理,平均、最高/最低、比较、S/O/D/RPN 等规则推理。,中等,在“Floating support structure / Floating Support structure / Welding”里，失效模式“Cracks [11]”的S、O、D、RPN分别是多少？,,失效模式 “Cracks [11]” 的 S、O、D、RPN 分别是 4.14、2.86、3.57、22.67。,错误,0.0,797.32,语义RAG,0.6667,1.0,0,1.0,3,,3.6；3.0；3.2；31.2,,,,,3.6；3.0；3.2；31.2,严酷度(S)；发生度(O)；可探测度(D)；RPN,74,
120,1620,baseline模型,baseline兼容旧逻辑,模块专项测试,module_m2_avg_d,module_m2_reasoning,M2_规则推理,平均、最高/最低、比较、S/O/D/RPN 等规则推理。,中等,项目/功能“Tower / Tower (TO) / Primary steelwork”的平均可探测度D是多少？,,3.25,错误,0.0,470.1,语义RAG,1.0,1.0,1,1.0,3,,3.01,,,3.25,,3.01,可探测度(D),22,
121,1621,baseline模型,baseline兼容旧逻辑,模块专项测试,module_m2_avg_rpn,module_m2_reasoning,M2_规则推理,平均、最高/最低、比较、S/O/D/RPN 等规则推理。,中等,项目/功能“Tower / Tower (TO) / Primary structure & welding”的平均RPN是多少？,,29.9,正确,1.0,430.33,语义RAG,1.0,1.0,0,1.0,3,,,29.9,,,,29.9,RPN,7,
122,1622,baseline模型,baseline兼容旧逻辑,模块专项测试,module_m2_max_mode,module_m2_reasoning,M2_规则推理,平均、最高/最低、比较、S/O/D/RPN 等规则推理。,中等,项目/功能“Transition piece / Transition Piece (TP) / Primary structure & welding”中RPN最高的失效模式是什么？,,Cracks,正确,1.0,417.78,语义RAG,0.6667,1.0,0,1.0,3,,,,,,Cracks,,潜在失效模式,41,
123,1623,baseline模型,baseline兼容旧逻辑,模块专项测试,module_m2_min_mode,module_m2_reasoning,M2_规则推理,平均、最高/最低、比较、S/O/D/RPN 等规则推理。,中等,项目/功能“Transition piece / Transition Piece (TP) / Primary structure”中RPN最低的失效模式是什么？,,Cracks,正确,1.0,439.34,语义RAG,1.0,1.0,0,1.0,3,,,,,,Cracks,,潜在失效模式,25,
124,1624,baseline模型,baseline兼容旧逻辑,模块专项测试,module_m2_mode_sod,module_m2_reasoning,M2_规则推理,平均、最高/最低、比较、S/O/D/RPN 等规则推理。,中等,在“Station keeping / Monitoring System”里，失效模式“Monitoring system fails”的S、O、D、RPN分别是多少？,,不知道。上下文没有提到“Station keeping / Monitoring System”中“Monitoring system fails”的相关信息。,错误,0.0,599.87,语义RAG,0.0,0.5,0,0.5,3,,2.6；3.2；2.0；13.5,,,,,2.6；3.2；2.0；13.5,严酷度(S)；发生度(O)；可探测度(D)；RPN,81,
125,1625,baseline模型,baseline兼容旧逻辑,模块专项测试,module_m2_avg_d,module_m2_reasoning,M2_规则推理,平均、最高/最低、比较、S/O/D/RPN 等规则推理。,中等,项目/功能“Transition piece / Transition Piece (TP) / Welding”的平均可探测度D是多少？,,3.25,错误,0.0,462.67,语义RAG,0.0,0.0,0,0.0,3,,3.134,,,,,3.134,可探测度(D),44,
126,1626,baseline模型,baseline兼容旧逻辑,模块专项测试,module_m2_avg_rpn,module_m2_reasoning,M2_规则推理,平均、最高/最低、比较、S/O/D/RPN 等规则推理。,中等,项目/功能“Floating support structure / Floating Support structure / All structures”的平均RPN是多少？,,24.17,错误,0.0,476.84,语义RAG,0.3333,0.0,0,0.0,3,,28.36181818181818,,,,,28.36181818181818,RPN,54,
127,1627,baseline模型,baseline兼容旧逻辑,模块专项测试,module_m2_max_mode,module_m2_reasoning,M2_规则推理,平均、最高/最低、比较、S/O/D/RPN 等规则推理。,中等,项目/功能“Floating support structure / Floating Support structure / Secondary structure”中RPN最高的失效模式是什么？,,Watertight fault [1],错误,0.0,377.47,语义RAG,0.3333,0.0,0,0.0,3,Additional Structures Failures,,,,,Additional Structures Failures,,潜在失效模式,57,
128,1628,baseline模型,baseline兼容旧逻辑,模块专项测试,module_m2_min_mode,module_m2_reasoning,M2_规则推理,平均、最高/最低、比较、S/O/D/RPN 等规则推理。,中等,项目/功能“Floating support structure / Floating Support structure / Primary structure & Welding”中RPN最低的失效模式是什么？,,Cracks [11],正确,1.0,464.23,语义RAG,0.0,1.0,0,1.0,3,,,11.0,,,Cracks [11],,潜在失效模式,52,
129,1629,baseline模型,baseline兼容旧逻辑,模块专项测试,module_m2_mode_sod,module_m2_reasoning,M2_规则推理,平均、最高/最低、比较、S/O/D/RPN 等规则推理。,中等,在“Dynamic cable / Dynamic Cable / Dynamic Cable/”里，失效模式“Cable Damage”的S、O、D、RPN分别是多少？,,"根据上下文，""Dynamic cable / Dynamic Cable / Hang-off"" 的失效模式为 ""damage and corrosion of mechanical parts""，而不是 ""Cable Damage""。因此，没有找到名为 ""Cable Damage"" 的失效模式。 但是，可以提供该位置的其他信息： - 严重度 (S)：3.2 - 发生度 (O)：1.75 - 可探测度 (D)：3.5 - RPN：24",错误,0.0,1242.06,语义RAG,0.0,0.5,0,0.5,3,,2.67；3.0；3.0；32.0,,,,,2.67；3.0；3.0；32.0,严酷度(S)；发生度(O)；可探测度(D)；RPN,99,
130,1630,baseline模型,baseline兼容旧逻辑,模块专项测试,module_m2_avg_d,module_m2_reasoning,M2_规则推理,平均、最高/最低、比较、S/O/D/RPN 等规则推理。,中等,项目/功能“Station keeping / Fairlead (FL)”的平均可探测度D是多少？,,不知道。上下文没有提到“Fairlead (FL)”的相关信息。,错误,0.0,511.68,语义RAG,0.0,1.0,0,1.0,3,,3.0,,,,,3.0,可探测度(D),80,
131,1631,baseline模型,baseline兼容旧逻辑,模块专项测试,module_m2_avg_rpn,module_m2_reasoning,M2_规则推理,平均、最高/最低、比较、S/O/D/RPN 等规则推理。,中等,项目/功能“Station keeping / Mooring Lines (ML) / Mooring lines”的平均RPN是多少？,,28.53,正确,1.0,590.38,语义RAG,1.0,1.0,0,1.0,3,,,28.53,,,,28.533333333333335,RPN,85,
132,1632,baseline模型,baseline兼容旧逻辑,模块专项测试,module_m2_max_mode,module_m2_reasoning,M2_规则推理,平均、最高/最低、比较、S/O/D/RPN 等规则推理。,中等,项目/功能“Station keeping / Mooring lines (ML) / Mooring lines”中RPN最高的失效模式是什么？,,Mooring line wear [1],错误,0.0,337.82,语义RAG,1.0,1.0,0,1.0,3,"Mooring lines broken [1,3]",,1.0,,,"Mooring lines broken [1,3]",,潜在失效模式,94,
133,1633,baseline模型,baseline兼容旧逻辑,模块专项测试,module_m2_min_mode,module_m2_reasoning,M2_规则推理,平均、最高/最低、比较、S/O/D/RPN 等规则推理。,中等,项目/功能“Station keeping / Mooring lines (ML) / Mooring winch”中RPN最低的失效模式是什么？,,Mooring winch failure [1],正确,1.0,522.57,语义RAG,1.0,1.0,0,1.0,3,,,1.0,,,Mooring winch failure [1],,潜在失效模式,95,
134,1634,baseline模型,baseline兼容旧逻辑,模块专项测试,module_m2_mode_sod,module_m2_reasoning,M2_规则推理,平均、最高/最低、比较、S/O/D/RPN 等规则推理。,中等,在“Dynamic cable / Dynamic Cable / Dynamic Cable/”里，失效模式“Failure of fixing clamps”的S、O、D、RPN分别是多少？,,严重度 / S: 3.6 发生度 / O: 2.6 可探测度 / D: 3 风险优先数 / RPN: 28,正确,1.0,733.76,语义RAG,1.0,1.0,0,1.0,3,,,3.6；2.6；3.0；28.0,,,,3.6；2.6；3.0；28.0,严酷度(S)；发生度(O)；可探测度(D)；RPN,109,
135,1635,baseline模型,baseline兼容旧逻辑,模块专项测试,module_m2_avg_d,module_m2_reasoning,M2_规则推理,平均、最高/最低、比较、S/O/D/RPN 等规则推理。,中等,项目/功能“Dynamic cable / Dynamic Cable / J-tube”的平均可探测度D是多少？,,3.3,正确,1.0,504.87,语义RAG,1.0,1.0,0,1.0,3,,,3.3,,,,3.3,可探测度(D),100,
136,1636,baseline模型,baseline兼容旧逻辑,模块专项测试,module_m2_avg_rpn,module_m2_reasoning,M2_规则推理,平均、最高/最低、比较、S/O/D/RPN 等规则推理。,中等,项目/功能“Dynamic cable / Dynamic Cable / Joints and terminations”的平均RPN是多少？,,27.13,正确,1.0,494.32,语义RAG,0.3333,1.0,0,1.0,3,,,27.13,,,,27.133333333333336,RPN,108,
137,1637,baseline模型,baseline兼容旧逻辑,模块专项测试,module_m2_max_mode,module_m2_reasoning,M2_规则推理,平均、最高/最低、比较、S/O/D/RPN 等规则推理。,中等,项目/功能“Dynamic cable / Dynamic Cable / Cable Protection System (CPS)”中RPN最高的失效模式是什么？,,啥问题/问题名/什么坏/坏在哪个点/主要坏在哪 项目的失效模式是 Failure of sheath。,错误,0.0,633.97,语义RAG,0.0,0.0,0,0.0,3,Movement of CPS due to scour/seabed mobility [6],,,,,Movement of CPS due to scour/seabed mobility [6],,潜在失效模式,121,
138,1638,baseline模型,baseline兼容旧逻辑,模块专项测试,module_m2_min_mode,module_m2_reasoning,M2_规则推理,平均、最高/最低、比较、S/O/D/RPN 等规则推理。,中等,项目/功能“Dynamic cable / Dynamic Cable / Static cable/Export Cable”中RPN最低的失效模式是什么？,,damage and corrosion of mechanical parts,错误,0.0,448.68,语义RAG,0.0,0.0,0,0.0,3,Reduced sediment cover lower than designed value for protection [6],,,,,Reduced sediment cover lower than designed value for protection [6],,潜在失效模式,127,
139,1639,baseline模型,baseline兼容旧逻辑,模块专项测试,module_m2_mode_sod,module_m2_reasoning,M2_规则推理,平均、最高/最低、比较、S/O/D/RPN 等规则推理。,中等,在“Dynamic cable / Dynamic Cable / Dynamic Cable/”里，失效模式“Geo-Hazards”的S、O、D、RPN分别是多少？,,不知道。上下文中的失效模式并不是“Geo-Hazards”，而是“Cable Damage”。并且没有关于“Dynamic cable / Dynamic Cable / Dynamic Cable/”中失效模式为“Geo-Hazards”的信息。,错误,0.0,697.66,语义RAG,0.3333,0.5,0,0.5,3,,4.6；1.4；3.5；32.0,,,,,4.6；1.4；3.5；32.0,严酷度(S)；发生度(O)；可探测度(D)；RPN,116,
140,1640,baseline模型,baseline兼容旧逻辑,模块专项测试,module_m2_avg_d,module_m2_reasoning,M2_规则推理,平均、最高/最低、比较、S/O/D/RPN 等规则推理。,中等,项目/功能“Tower / Tower (TO) / Primary structure & welding”的平均可探测度D是多少？,,3.67,正确,1.0,453.73,语义RAG,1.0,1.0,0,1.0,3,,,3.67,,,,3.67,可探测度(D),8,
141,1641,baseline模型,baseline兼容旧逻辑,模块专项测试,module_m2_avg_rpn,module_m2_reasoning,M2_规则推理,平均、最高/最低、比较、S/O/D/RPN 等规则推理。,中等,项目/功能“Transition piece / Transition Piece (TP) / Primary structure & welding”的平均RPN是多少？,,26.5,错误,0.0,495.27,语义RAG,0.6667,0.0,1,0.0,3,,30.083636363636366,,,26.5,,30.083636363636366,RPN,38,
142,1642,baseline模型,baseline兼容旧逻辑,模块专项测试,module_m2_max_mode,module_m2_reasoning,M2_规则推理,平均、最高/最低、比较、S/O/D/RPN 等规则推理。,中等,项目/功能“Transition piece / Transition Piece (TP) / Primary structure”中RPN最高的失效模式是什么？,,Transition piece break,正确,1.0,493.96,语义RAG,1.0,1.0,0,1.0,3,,,,,,Transition piece break,,潜在失效模式,31,
143,1643,baseline模型,baseline兼容旧逻辑,模块专项测试,module_m2_min_mode,module_m2_reasoning,M2_规则推理,平均、最高/最低、比较、S/O/D/RPN 等规则推理。,中等,项目/功能“Transition piece / Transition Piece (TP) / Primary stucture”中RPN最低的失效模式是什么？,,Cracks,错误,0.0,449.19,语义RAG,0.0,0.0,0,0.0,3,Structural plastic deformation,,,,,Structural plastic deformation,,潜在失效模式,26,
144,1644,baseline模型,baseline兼容旧逻辑,模块专项测试,module_m2_mode_sod,module_m2_reasoning,M2_规则推理,平均、最高/最低、比较、S/O/D/RPN 等规则推理。,中等,在“Dynamic cable / Dynamic Cable / Dynamic Cable/”里，失效模式“Premature damage of outer protection layer”的S、O、D、RPN分别是多少？,,严重度 / S: 3.6 发生度 / O: 2.2 可探测度 / D: 3.75 风险优先数 / RPN: 29,正确,1.0,763.58,语义RAG,0.3333,1.0,0,1.0,3,,,3.6；2.2；3.75；29.0,,,,3.6；2.2；3.75；29.0,严酷度(S)；发生度(O)；可探测度(D)；RPN,124,
145,1645,baseline模型,baseline兼容旧逻辑,模块专项测试,module_m2_avg_d,module_m2_reasoning,M2_规则推理,平均、最高/最低、比较、S/O/D/RPN 等规则推理。,中等,项目/功能“Floating support structure / Floating Support structure / All structures”的平均可探测度D是多少？,,3,错误,0.0,447.76,语义RAG,0.3333,0.0,0,0.0,3,,3.444545454545455,,,,,3.444545454545455,可探测度(D),45,
146,1646,baseline模型,baseline兼容旧逻辑,模块专项测试,module_m2_avg_rpn,module_m2_reasoning,M2_规则推理,平均、最高/最低、比较、S/O/D/RPN 等规则推理。,中等,项目/功能“Floating support structure / Floating Support structure / Secondary structure”的平均RPN是多少？,,36,错误,0.0,458.09,语义RAG,0.3333,0.0,0,0.0,3,,31.36636363636364,,,,,31.36636363636364,RPN,50,
147,1647,baseline模型,baseline兼容旧逻辑,模块专项测试,module_m2_max_mode,module_m2_reasoning,M2_规则推理,平均、最高/最低、比较、S/O/D/RPN 等规则推理。,中等,项目/功能“Floating support structure / Floating Support structure / Primary structure & Welding”中RPN最高的失效模式是什么？,,Capsize [11],正确,1.0,316.47,语义RAG,0.3333,1.0,0,1.0,3,,,11.0,,,Capsize [11],,潜在失效模式,53,
148,1648,baseline模型,baseline兼容旧逻辑,模块专项测试,module_m2_min_mode,module_m2_reasoning,M2_规则推理,平均、最高/最低、比较、S/O/D/RPN 等规则推理。,中等,项目/功能“Station keeping / Anchor (AC)”中RPN最低的失效模式是什么？,,"Anchor failure [1], [17]",正确,1.0,473.06,语义RAG,0.3333,1.0,0,1.0,3,,,1.0；17.0,,,"Anchor failure [1], [17]",,潜在失效模式,76,
149,1649,baseline模型,baseline兼容旧逻辑,模块专项测试,module_m2_mode_sod,module_m2_reasoning,M2_规则推理,平均、最高/最低、比较、S/O/D/RPN 等规则推理。,中等,在“Transition piece / Transition Piece (TP) / Primary structure”里，失效模式“Transition piece break”的S、O、D、RPN分别是多少？,,"严重度 / S: 4.25, 5, 4.67 发生度 / O: 2.25, 1.67, 1.67 可探测度 / D: 3.25, 2.67, 3.33 风险优先数 / RPN: 33, 25.67, 37.5",正确,1.0,1180.62,语义RAG,1.0,1.0,0,1.0,3,,,4.25；2.25；3.25；33.0,,,,4.25；2.25；3.25；33.0,严酷度(S)；发生度(O)；可探测度(D)；RPN,25,
150,1650,baseline模型,baseline兼容旧逻辑,模块专项测试,module_m2_avg_d,module_m2_reasoning,M2_规则推理,平均、最高/最低、比较、S/O/D/RPN 等规则推理。,中等,项目/功能“Station keeping / Mooring Lines (ML) / Mooring lines”的平均可探测度D是多少？,,3.18,正确,1.0,582.03,语义RAG,1.0,1.0,0,1.0,3,,,3.18,,,,3.177777777777778,可探测度(D),86,
151,1651,baseline模型,baseline兼容旧逻辑,模块专项测试,module_m2_avg_rpn,module_m2_reasoning,M2_规则推理,平均、最高/最低、比较、S/O/D/RPN 等规则推理。,中等,项目/功能“Station keeping / Mooring lines (ML) / Mooring lines”的平均RPN是多少？,,28.53,错误,0.0,317.33,语义RAG,1.0,1.0,0,1.0,3,,23.799999999999997,,,,,23.799999999999997,RPN,93,
152,1652,baseline模型,baseline兼容旧逻辑,模块专项测试,module_m2_max_mode,module_m2_reasoning,M2_规则推理,平均、最高/最低、比较、S/O/D/RPN 等规则推理。,中等,项目/功能“Station keeping / Mooring lines (ML) / Mooring winch”中RPN最高的失效模式是什么？,,Mooring winch failure [1],正确,1.0,499.46,语义RAG,1.0,1.0,0,1.0,3,,,1.0,,,Mooring winch failure [1],,潜在失效模式,96,
153,1653,baseline模型,baseline兼容旧逻辑,模块专项测试,module_m2_min_mode,module_m2_reasoning,M2_规则推理,平均、最高/最低、比较、S/O/D/RPN 等规则推理。,中等,项目/功能“Dynamic cable / Dynamic Cable / Dynamic Cable/”中RPN最低的失效模式是什么？,,damage and corrosion of mechanical parts,错误,0.0,463.71,语义RAG,0.0,0.0,0,0.0,3,Debris disturbance,,,,,Debris disturbance,,潜在失效模式,112,
154,1654,baseline模型,baseline兼容旧逻辑,模块专项测试,module_m2_mode_sod,module_m2_reasoning,M2_规则推理,平均、最高/最低、比较、S/O/D/RPN 等规则推理。,中等,在“Floating support structure / Floating Support structure / Primary structure & Welding”里，失效模式“Capsize [11]”的S、O、D、RPN分别是多少？,,"失效模式 ""Capsize [11]"" 的 S、O、D、RPN 分别是 4.8、1.8、3.2、34.5。",正确,1.0,766.68,语义RAG,0.3333,1.0,0,1.0,3,,,4.8；1.8；3.2；34.5,,,,4.8；1.8；3.2；34.5,严酷度(S)；发生度(O)；可探测度(D)；RPN,52,
155,1655,baseline模型,baseline兼容旧逻辑,模块专项测试,module_m2_avg_d,module_m2_reasoning,M2_规则推理,平均、最高/最低、比较、S/O/D/RPN 等规则推理。,中等,项目/功能“Dynamic cable / Dynamic Cable / Joints and terminations”的平均可探测度D是多少？,,2.93,正确,1.0,521.57,语义RAG,0.3333,1.0,0,1.0,3,,,2.93,,,,2.9333333333333336,可探测度(D),106,
156,1656,baseline模型,baseline兼容旧逻辑,模块专项测试,module_m2_avg_rpn,module_m2_reasoning,M2_规则推理,平均、最高/最低、比较、S/O/D/RPN 等规则推理。,中等,项目/功能“Dynamic cable / Dynamic Cable / Cable Protection System (CPS)”的平均RPN是多少？,,根据上下文，项目/功能“Dynamic cable / Dynamic Cable / Sheath”的平均RPN是31.6。但没有直接提到“Cable Protection System (CPS)”。因此，基于给定的信息，无法确定“Dynamic cable / Dynamic Cable / Cable Protection System (CPS)”的平均RPN是多少。,错误,0.0,989.64,语义RAG,0.0,0.0,0,0.0,3,,41.333333333333336,,,,,41.333333333333336,RPN,122,
157,1657,baseline模型,baseline兼容旧逻辑,模块专项测试,module_m2_max_mode,module_m2_reasoning,M2_规则推理,平均、最高/最低、比较、S/O/D/RPN 等规则推理。,中等,项目/功能“Dynamic cable / Dynamic Cable / Static cable/Export Cable”中RPN最高的失效模式是什么？,,你提到的项目/功能“Dynamic cable / Dynamic Cable / Static cable/Export Cable”在上下文中并未出现，因此无法根据提供的信息回答该问题。根据上下文，最高风险条目涉及的是“Dynamic cable”的不同部分（Hang-off、Sheath、Insulation），而非“Static cable/Export Cable”。,错误,0.0,893.96,语义RAG,0.0,0.0,0,0.0,3,Reduced sediment cover lower than designed value for protection [6],,,,,Reduced sediment cover lower than designed value for protection [6],,潜在失效模式,125,
158,1658,baseline模型,baseline兼容旧逻辑,模块专项测试,module_m2_min_mode,module_m2_reasoning,M2_规则推理,平均、最高/最低、比较、S/O/D/RPN 等规则推理。,中等,项目/功能“Tower / Tower (TO) / Primary steelwork”中RPN最低的失效模式是什么？,,Cracks,错误,0.0,457.79,语义RAG,1.0,0.0,0,0.0,3,Abnormal vibration,,,,,Abnormal vibration,,潜在失效模式,18,
159,1659,baseline模型,baseline兼容旧逻辑,模块专项测试,module_m2_mode_sod,module_m2_reasoning,M2_规则推理,平均、最高/最低、比较、S/O/D/RPN 等规则推理。,中等,在“Floating support structure / Floating Support structure / All structures”里，失效模式“Watertight fault [1]”的S、O、D、RPN分别是多少？,,严重度 / S: 4.5 发生度 / O: 2.33 可探测度 / D: 3 风险优先数 / RPN: 37.2,错误,0.0,798.39,语义RAG,0.6667,0.25,0,0.25,3,,4.0；2.2；3.25；30.8,,,,,4.0；2.2；3.25；30.8,严酷度(S)；发生度(O)；可探测度(D)；RPN,62,
160,1660,baseline模型,baseline兼容旧逻辑,模块专项测试,module_m2_avg_d,module_m2_reasoning,M2_规则推理,平均、最高/最低、比较、S/O/D/RPN 等规则推理。,中等,项目/功能“Transition piece / Transition Piece (TP) / Primary structure & welding”的平均可探测度D是多少？,,3.67,错误,0.0,490.11,语义RAG,0.6667,0.0,0,0.0,3,,3.1290909090909085,,,,,3.1290909090909085,可探测度(D),32,
161,1661,baseline模型,baseline兼容旧逻辑,模块专项测试,module_m2_avg_rpn,module_m2_reasoning,M2_规则推理,平均、最高/最低、比较、S/O/D/RPN 等规则推理。,中等,项目/功能“Transition piece / Transition Piece (TP) / Primary structure”的平均RPN是多少？,,27.34,正确,1.0,466.1,语义RAG,0.6667,1.0,0,1.0,3,,,27.34,,,,27.335,RPN,25,
162,1662,baseline模型,baseline兼容旧逻辑,模块专项测试,module_m2_max_mode,module_m2_reasoning,M2_规则推理,平均、最高/最低、比较、S/O/D/RPN 等规则推理。,中等,项目/功能“Transition piece / Transition Piece (TP) / Primary stucture”中RPN最高的失效模式是什么？,,Structural plastic deformation,正确,1.0,439.34,语义RAG,0.3333,1.0,0,1.0,3,,,,,,Structural plastic deformation,,潜在失效模式,30,
163,1663,baseline模型,baseline兼容旧逻辑,模块专项测试,module_m2_min_mode,module_m2_reasoning,M2_规则推理,平均、最高/最低、比较、S/O/D/RPN 等规则推理。,中等,项目/功能“Transition piece / Transition Piece (TP) / Welding”中RPN最低的失效模式是什么？,,Cracks,正确,1.0,362.24,语义RAG,0.0,1.0,0,1.0,3,,,,,,Cracks,,潜在失效模式,42,
164,1664,baseline模型,baseline兼容旧逻辑,模块专项测试,module_m2_mode_sod,module_m2_reasoning,M2_规则推理,平均、最高/最低、比较、S/O/D/RPN 等规则推理。,中等,在“Floating support structure / Floating Support structure / Secondary structure & Welding”里，失效模式“Watertight fault [1]”的S、O、D、RPN分别是多少？,,严重度 / S: 4.5 发生度 / O: 2.33 可探测度 / D: 3 风险优先数 / RPN: 37.2,错误,0.25,789.71,语义RAG,0.3333,0.25,0,0.25,3,,3.6；3.6；36.0,2.33,,,,3.6；2.33；3.6；36.0,严酷度(S)；发生度(O)；可探测度(D)；RPN,73,
165,1665,baseline模型,baseline兼容旧逻辑,模块专项测试,module_m2_avg_d,module_m2_reasoning,M2_规则推理,平均、最高/最低、比较、S/O/D/RPN 等规则推理。,中等,项目/功能“Floating support structure / Floating Support structure / Secondary structure”的平均可探测度D是多少？,,3.6,错误,0.0,507.99,语义RAG,0.6667,0.0,0,0.0,3,,3.023636363636364,,,,,3.023636363636364,可探测度(D),65,
166,1666,baseline模型,baseline兼容旧逻辑,模块专项测试,module_m2_avg_rpn,module_m2_reasoning,M2_规则推理,平均、最高/最低、比较、S/O/D/RPN 等规则推理。,中等,项目/功能“Floating support structure / Floating Support structure / Primary structure & Welding”的平均RPN是多少？,,30.19,正确,1.0,348.63,语义RAG,0.3333,1.0,0,1.0,3,,,30.19,,,,30.189999999999998,RPN,68,
167,1667,baseline模型,baseline兼容旧逻辑,模块专项测试,module_m2_max_mode,module_m2_reasoning,M2_规则推理,平均、最高/最低、比较、S/O/D/RPN 等规则推理。,中等,项目/功能“Station keeping / Anchor (AC)”中RPN最高的失效模式是什么？,,"Anchor failure [1], [17]",正确,1.0,460.42,语义RAG,0.3333,1.0,0,1.0,3,,,1.0；17.0,,,"Anchor failure [1], [17]",,潜在失效模式,75,
168,1668,baseline模型,baseline兼容旧逻辑,模块专项测试,module_m2_min_mode,module_m2_reasoning,M2_规则推理,平均、最高/最低、比较、S/O/D/RPN 等规则推理。,中等,项目/功能“Station keeping / Fairlead (FL)”中RPN最低的失效模式是什么？,,不知道。上下文中的“Station keeping / Fairlead (FL)”没有相关的信息。,错误,0.0,421.56,语义RAG,0.0,0.0,0,0.0,3,"Fairlead failure [1], [17]",,,,,"Fairlead failure [1], [17]",,潜在失效模式,80,
169,1669,baseline模型,baseline兼容旧逻辑,模块专项测试,module_m2_mode_sod,module_m2_reasoning,M2_规则推理,平均、最高/最低、比较、S/O/D/RPN 等规则推理。,中等,"在“Station keeping / Fairlead (FL)”里，失效模式“Fairlead failure [1],[17]”的S、O、D、RPN分别是多少？",,不知道。上下文中的信息都是关于“Station keeping / Anchor (AC)”，没有提到“Station keeping / Fairlead (FL)”的相关FMEA记录。,错误,0.0,709.45,语义RAG,0.0,0.25,0,0.25,3,,3.8；2.8；3.0；30.0,,,,,3.8；2.8；3.0；30.0,严酷度(S)；发生度(O)；可探测度(D)；RPN,80,
170,1670,baseline模型,baseline兼容旧逻辑,模块专项测试,module_m2_avg_d,module_m2_reasoning,M2_规则推理,平均、最高/最低、比较、S/O/D/RPN 等规则推理。,中等,项目/功能“Station keeping / Mooring lines (ML) / Mooring lines”的平均可探测度D是多少？,,3.18,错误,0.0,587.34,语义RAG,1.0,1.0,0,1.0,3,,2.7,,,,,2.7,可探测度(D),92,
171,1671,baseline模型,baseline兼容旧逻辑,模块专项测试,module_m2_avg_rpn,module_m2_reasoning,M2_规则推理,平均、最高/最低、比较、S/O/D/RPN 等规则推理。,中等,项目/功能“Station keeping / Mooring lines (ML) / Mooring winch”的平均RPN是多少？,,23.6,正确,1.0,429.78,语义RAG,1.0,1.0,0,1.0,3,,,23.6,,,,23.6,RPN,95,
172,1672,baseline模型,baseline兼容旧逻辑,模块专项测试,module_m2_max_mode,module_m2_reasoning,M2_规则推理,平均、最高/最低、比较、S/O/D/RPN 等规则推理。,中等,项目/功能“Dynamic cable / Dynamic Cable / Dynamic Cable/”中RPN最高的失效模式是什么？,,Failure of sheath,错误,0.0,452.66,语义RAG,0.0,0.0,0,0.0,3,Fatigue Cracks,,,,,Fatigue Cracks,,潜在失效模式,117,
173,1673,baseline模型,baseline兼容旧逻辑,模块专项测试,module_m2_min_mode,module_m2_reasoning,M2_规则推理,平均、最高/最低、比较、S/O/D/RPN 等规则推理。,中等,项目/功能“Dynamic cable / Dynamic Cable / J-tube”中RPN最低的失效模式是什么？,,Corrosion of J-tube [6],正确,1.0,528.13,语义RAG,1.0,1.0,0,1.0,3,,,6.0,,,Corrosion of J-tube [6],,潜在失效模式,100,
174,1674,baseline模型,baseline兼容旧逻辑,模块专项测试,module_m2_mode_sod,module_m2_reasoning,M2_规则推理,平均、最高/最低、比较、S/O/D/RPN 等规则推理。,中等,在“Dynamic cable / Dynamic Cable / Dynamic Cable/”里，失效模式“anchoring damages”的S、O、D、RPN分别是多少？,,不知道。上下文中的动态电缆相关的失效模式没有包含“anchoring damages”。,错误,0.0,595.86,语义RAG,0.6667,0.0,0,0.0,3,,4.2；1.6；2.4；20.0,,,,,4.2；1.6；2.4；20.0,严酷度(S)；发生度(O)；可探测度(D)；RPN,98,
175,1675,baseline模型,baseline兼容旧逻辑,模块专项测试,module_m2_avg_d,module_m2_reasoning,M2_规则推理,平均、最高/最低、比较、S/O/D/RPN 等规则推理。,中等,项目/功能“Dynamic cable / Dynamic Cable / Cable Protection System (CPS)”的平均可探测度D是多少？,,3.5,错误,0.0,469.8,语义RAG,0.0,0.0,0,0.0,3,,4.266666666666667,,,,,4.266666666666667,可探测度(D),123,
176,1676,baseline模型,baseline兼容旧逻辑,模块专项测试,module_m2_avg_rpn,module_m2_reasoning,M2_规则推理,平均、最高/最低、比较、S/O/D/RPN 等规则推理。,中等,项目/功能“Dynamic cable / Dynamic Cable / Static cable/Export Cable”的平均RPN是多少？,,根据上下文，项目/功能“Dynamic cable / Dynamic Cable / Static cable/Export Cable”没有直接提到其平均RPN。唯一相关的项目是“Dynamic cable / Dynamic Cable / Hang-off”，其平均RPN为24。 因此，答案是：24。,错误,0.0,746.9,语义RAG,0.0,0.0,0,0.0,3,,29.1,,,,,29.1,RPN,127,
177,1677,baseline模型,baseline兼容旧逻辑,模块专项测试,module_m2_max_mode,module_m2_reasoning,M2_规则推理,平均、最高/最低、比较、S/O/D/RPN 等规则推理。,中等,项目/功能“Tower / Tower (TO) / Primary steelwork”中RPN最高的失效模式是什么？,,Cracks,正确,1.0,444.54,语义RAG,1.0,1.0,0,1.0,3,,,,,,Cracks,,潜在失效模式,16,
178,1678,baseline模型,baseline兼容旧逻辑,模块专项测试,module_m2_min_mode,module_m2_reasoning,M2_规则推理,平均、最高/最低、比较、S/O/D/RPN 等规则推理。,中等,项目/功能“Tower / Tower (TO) / Primary structure & welding”中RPN最低的失效模式是什么？,,Cracks,正确,1.0,489.02,语义RAG,1.0,1.0,0,1.0,3,,,,,,Cracks,,潜在失效模式,8,
179,1679,baseline模型,baseline兼容旧逻辑,模块专项测试,module_m2_mode_sod,module_m2_reasoning,M2_规则推理,平均、最高/最低、比较、S/O/D/RPN 等规则推理。,中等,在“Dynamic cable / Dynamic Cable / Dynamic Cable/”里，失效模式“Detachment”的S、O、D、RPN分别是多少？,,不知道。上下文中的失效模式并没有提到“Detachment”，而是提到了“damage and corrosion of mechanical parts”和“Failure of sheath”。,错误,0.0,677.39,语义RAG,0.0,0.25,0,0.25,3,,4.4；2.0；2.4；18.5,,,,,4.4；2.0；2.4；18.5,严酷度(S)；发生度(O)；可探测度(D)；RPN,105,
180,1680,baseline模型,baseline兼容旧逻辑,模块专项测试,module_m2_avg_d,module_m2_reasoning,M2_规则推理,平均、最高/最低、比较、S/O/D/RPN 等规则推理。,中等,项目/功能“Transition piece / Transition Piece (TP) / Primary structure”的平均可探测度D是多少？,,3.25,正确,1.0,485.6,语义RAG,0.6667,1.0,0,1.0,3,,,3.25,,,,3.25,可探测度(D),31,
181,1681,baseline模型,baseline兼容旧逻辑,模块专项测试,module_m2_avg_rpn,module_m2_reasoning,M2_规则推理,平均、最高/最低、比较、S/O/D/RPN 等规则推理。,中等,项目/功能“Transition piece / Transition Piece (TP) / Primary stucture”的平均RPN是多少？,,32.5,错误,0.0,440.27,语义RAG,0.3333,1.0,1,1.0,3,,28.0,,,32.5,,28.0,RPN,35,
182,1682,baseline模型,baseline兼容旧逻辑,模块专项测试,module_m2_max_mode,module_m2_reasoning,M2_规则推理,平均、最高/最低、比较、S/O/D/RPN 等规则推理。,中等,项目/功能“Transition piece / Transition Piece (TP) / Welding”中RPN最高的失效模式是什么？,,Transition piece break,错误,0.0,414.85,语义RAG,0.0,1.0,0,1.0,3,Cracks,,,,,Cracks,,潜在失效模式,36,
183,1683,baseline模型,baseline兼容旧逻辑,模块专项测试,module_m2_min_mode,module_m2_reasoning,M2_规则推理,平均、最高/最低、比较、S/O/D/RPN 等规则推理。,中等,项目/功能“Floating support structure / Floating Support structure / All structures”中RPN最低的失效模式是什么？,,Structural plastic deformation [11],错误,0.0,469.57,语义RAG,0.3333,0.0,0,0.0,3,Structural break [11],,11.0,,,Structural break [11],,潜在失效模式,62,
184,1684,baseline模型,baseline兼容旧逻辑,模块专项测试,module_m2_mode_sod,module_m2_reasoning,M2_规则推理,平均、最高/最低、比较、S/O/D/RPN 等规则推理。,中等,在“Dynamic cable / Dynamic Cable / Dynamic Cable/”里，失效模式“Fatigue Cracks”的S、O、D、RPN分别是多少？,,不知道。上下文中的失效模式并未包含“Fatigue Cracks”。,错误,0.0,576.1,语义RAG,0.0,0.5,0,0.5,3,,4.2；2.4；3.6；35.6,,,,,4.2；2.4；3.6；35.6,严酷度(S)；发生度(O)；可探测度(D)；RPN,115,
185,1685,baseline模型,baseline兼容旧逻辑,模块专项测试,module_m2_avg_d,module_m2_reasoning,M2_规则推理,平均、最高/最低、比较、S/O/D/RPN 等规则推理。,中等,项目/功能“Floating support structure / Floating Support structure / Primary structure & Welding”的平均可探测度D是多少？,,3.46,正确,1.0,504.12,语义RAG,0.3333,1.0,0,1.0,3,,,3.46,,,,3.4566666666666666,可探测度(D),52,
186,1686,baseline模型,baseline兼容旧逻辑,模块专项测试,module_m2_avg_rpn,module_m2_reasoning,M2_规则推理,平均、最高/最低、比较、S/O/D/RPN 等规则推理。,中等,项目/功能“Station keeping / Anchor (AC)”的平均RPN是多少？,,34,正确,1.0,400.89,语义RAG,0.3333,1.0,0,1.0,3,,,34.0,,,,34.0,RPN,76,
187,1687,baseline模型,baseline兼容旧逻辑,模块专项测试,module_m2_max_mode,module_m2_reasoning,M2_规则推理,平均、最高/最低、比较、S/O/D/RPN 等规则推理。,中等,项目/功能“Station keeping / Fairlead (FL)”中RPN最高的失效模式是什么？,,不知道。上下文中的“Station keeping / Fairlead (FL)”没有相关的信息。,错误,0.0,452.18,语义RAG,0.0,0.0,0,0.0,3,"Fairlead failure [1], [17]",,,,,"Fairlead failure [1], [17]",,潜在失效模式,79,
188,1688,baseline模型,baseline兼容旧逻辑,模块专项测试,module_m2_min_mode,module_m2_reasoning,M2_规则推理,平均、最高/最低、比较、S/O/D/RPN 等规则推理。,中等,项目/功能“Station keeping / Mooring Lines (ML) / Mooring lines”中RPN最低的失效模式是什么？,,Mooring line wear [1],错误,0.0,597.69,语义RAG,1.0,0.0,0,0.0,3,Mooring line breakage[8],,,,,Mooring line breakage[8],,潜在失效模式,88,
189,1689,baseline模型,baseline兼容旧逻辑,模块专项测试,module_m2_mode_sod,module_m2_reasoning,M2_规则推理,平均、最高/最低、比较、S/O/D/RPN 等规则推理。,中等,在“Dynamic cable / Dynamic Cable / Fiber optic”里，失效模式“Mechanical degradation [20]”的S、O、D、RPN分别是多少？,,S: 2.5 O: 1.75 D: 2.5 RPN: 12,正确,1.0,632.07,语义RAG,0.6667,1.0,0,1.0,3,,,2.5；1.75；2.5；12.0,,,,2.5；1.75；2.5；12.0,严酷度(S)；发生度(O)；可探测度(D)；RPN,120,
190,1690,baseline模型,baseline兼容旧逻辑,模块专项测试,module_m2_avg_d,module_m2_reasoning,M2_规则推理,平均、最高/最低、比较、S/O/D/RPN 等规则推理。,中等,项目/功能“Station keeping / Mooring lines (ML) / Mooring winch”的平均可探测度D是多少？,,3,正确,1.0,462.54,语义RAG,1.0,1.0,0,1.0,3,,,3.0,,,,3.0,可探测度(D),96,
191,1691,baseline模型,baseline兼容旧逻辑,模块专项测试,module_m2_avg_rpn,module_m2_reasoning,M2_规则推理,平均、最高/最低、比较、S/O/D/RPN 等规则推理。,中等,项目/功能“Dynamic cable / Dynamic Cable / Dynamic Cable/”的平均RPN是多少？,,24,错误,0.0,401.02,语义RAG,0.3333,0.0,0,0.0,3,,26.430000000000003,,,,,26.430000000000003,RPN,97,
192,1692,baseline模型,baseline兼容旧逻辑,模块专项测试,module_m2_max_mode,module_m2_reasoning,M2_规则推理,平均、最高/最低、比较、S/O/D/RPN 等规则推理。,中等,项目/功能“Dynamic cable / Dynamic Cable / J-tube”中RPN最高的失效模式是什么？,,Corrosion of J-tube [6],正确,1.0,535.02,语义RAG,1.0,1.0,0,1.0,3,,,6.0,,,Corrosion of J-tube [6],,潜在失效模式,101,
193,1693,baseline模型,baseline兼容旧逻辑,模块专项测试,module_m2_min_mode,module_m2_reasoning,M2_规则推理,平均、最高/最低、比较、S/O/D/RPN 等规则推理。,中等,项目/功能“Dynamic cable / Dynamic Cable / Joints and terminations”中RPN最低的失效模式是什么？,,排名3: FMEA编号=None; 失效模式=Failure of end termination [6]; RPN=25.2; S=3.6; O=2.6; D=2.8; 原因=Manufacturing; Poor quality components [6]; 后果=breakdown of insulation; 建议措施=未记录.,正确,1.0,1086.34,语义RAG,0.3333,1.0,0,1.0,3,,,6.0；6.0,,,Failure of end termination [6],,潜在失效模式,108,
194,1694,baseline模型,baseline兼容旧逻辑,模块专项测试,module_m2_mode_sod,module_m2_reasoning,M2_规则推理,平均、最高/最低、比较、S/O/D/RPN 等规则推理。,中等,在“Tower / Tower (TO) / Primary steelwork”里，失效模式“Tower collapse”的S、O、D、RPN分别是多少？,,严重度 / S: 5 发生度 / O: 1.5 可探测度 / D: 3.33 风险优先数 / RPN: 21.33,正确,1.0,821.3,语义RAG,1.0,1.0,0,1.0,3,,,5.0；1.5；3.33；21.33,,,,5.0；1.5；3.33；21.33,严酷度(S)；发生度(O)；可探测度(D)；RPN,23,
195,1695,baseline模型,baseline兼容旧逻辑,模块专项测试,module_m2_avg_d,module_m2_reasoning,M2_规则推理,平均、最高/最低、比较、S/O/D/RPN 等规则推理。,中等,项目/功能“Dynamic cable / Dynamic Cable / Static cable/Export Cable”的平均可探测度D是多少？,,3.5,错误,0.0,456.64,语义RAG,0.0,0.0,0,0.0,3,,4.0,,,,,4.0,可探测度(D),125,
196,1696,baseline模型,baseline兼容旧逻辑,模块专项测试,module_m2_avg_rpn,module_m2_reasoning,M2_规则推理,平均、最高/最低、比较、S/O/D/RPN 等规则推理。,中等,项目/功能“Tower / Tower (TO) / Primary steelwork”的平均RPN是多少？,,30.67,错误,0.0,474.77,语义RAG,1.0,0.0,1,0.0,3,,28.213809523809523,,,30.67,,28.213809523809523,RPN,14,
197,1697,baseline模型,baseline兼容旧逻辑,模块专项测试,module_m2_max_mode,module_m2_reasoning,M2_规则推理,平均、最高/最低、比较、S/O/D/RPN 等规则推理。,中等,项目/功能“Tower / Tower (TO) / Primary structure & welding”中RPN最高的失效模式是什么？,,Cracks,正确,1.0,435.24,语义RAG,1.0,1.0,0,1.0,3,,,,,,Cracks,,潜在失效模式,7,
198,1698,baseline模型,baseline兼容旧逻辑,模块专项测试,module_m2_min_mode,module_m2_reasoning,M2_规则推理,平均、最高/最低、比较、S/O/D/RPN 等规则推理。,中等,项目/功能“Transition piece / Transition Piece (TP) / Primary structure & welding”中RPN最低的失效模式是什么？,,Cracks,正确,1.0,491.47,语义RAG,1.0,1.0,0,1.0,3,,,,,,Cracks,,潜在失效模式,40,
199,1699,baseline模型,baseline兼容旧逻辑,模块专项测试,module_m2_mode_sod,module_m2_reasoning,M2_规则推理,平均、最高/最低、比较、S/O/D/RPN 等规则推理。,中等,在“Floating support structure / Floating Support structure / Primary Structure”里，失效模式“Cracks [11]”的S、O、D、RPN分别是多少？,,"失效模式 ""Cracks [11]"" 的 S、O、D、RPN 分别是 4.14、2.86、3.57、22.67。",错误,0.0,825.04,语义RAG,0.6667,0.0,0,0.0,3,,4.17；2.83；3.5；30.57,,,,,4.17；2.83；3.5；30.57,严酷度(S)；发生度(O)；可探测度(D)；RPN,51,
200,1700,baseline模型,baseline兼容旧逻辑,模块专项测试,module_m2_avg_d,module_m2_reasoning,M2_规则推理,平均、最高/最低、比较、S/O/D/RPN 等规则推理。,中等,项目/功能“Transition piece / Transition Piece (TP) / Primary stucture”的平均可探测度D是多少？,,3.25,错误,0.0,480.69,语义RAG,0.3333,1.0,0,1.0,3,,3.0,,,,,3.0,可探测度(D),26,
201,1701,baseline模型,baseline兼容旧逻辑,模块专项测试,module_m3_cause,module_m3_colloquial,M3_自然语言检索,无编号、自然语言直接查找、口语化或轻度噪声表达。,中等,这个Tower / Tower (TO) / Primary steelwork里那个Abnormal vibration，到底咋回事，原因是啥？,Design phase; Resonance occurs when the natural frequency of the tower or other components of the wind turbine matches the frequency of the wind or other external forces.,失效模式 / FailureMode: Abnormal vibration 失效原因 / FailureCause: Environmental condition; Resonance occurs when the natural frequency of the tower or other components of the wind turbine matches the frequency of the wind or other external forces.,错误,0.0,858.76,语义RAG,0.3333,1.0,0,,3,Design phase; Resonance occurs when the natural frequency of the tower or other components of the wind turbine matches the frequency of the wind or other external forces.,,,,,Design phase; Resonance occurs when the natural frequency of the tower or other components of the wind turbine matches the frequency of the wind or other external forces.,,潜在失效原因/机理,0,
202,1702,baseline模型,baseline兼容旧逻辑,模块专项测试,module_m3_effect,module_m3_colloquial,M3_自然语言检索,无编号、自然语言直接查找、口语化或轻度噪声表达。,中等,这个Tower / Tower (TO) / Primary steelwork里那个Abnormal vibration，最后会咋样，后果说下。,Excessive Fatigue Life Consumption,失效后果 / FailureEffect / effect / result / consequence / 结果 / 后果 / 会怎样: Potential collapse,错误,0.0,658.83,语义RAG,0.0,0.0,0,,3,Excessive Fatigue Life Consumption,,,,,Excessive Fatigue Life Consumption,,潜在失效后果,1,
203,1703,baseline模型,baseline兼容旧逻辑,模块专项测试,module_m3_action,module_m3_colloquial,M3_自然语言检索,无编号、自然语言直接查找、口语化或轻度噪声表达。,中等,这个Tower / Tower (TO) / Primary steelwork里那个Cracks，一般咋处理，给个法子。,"Weld detail optimization and hotspot redesign; Enhanced SHM: acoustic emission, strain gauges, modal monitoring; Thicker shell sections / local reinforcement; High-fidelity coupled aero-hydro-elastic simulation in design updates",建议措施 / RecommendedAction / action / 怎么处理 / 咋处理:,错误,0.0,612.98,语义RAG,0.0,0.0,0,,3,"Weld detail optimization and hotspot redesign; Enhanced SHM: acoustic emission, strain gauges, modal monitoring; Thicker shell sections / local reinforcement; High-fidelity coupled aero-hydro-elastic simulation in design updates",,,,,"Weld detail optimization and hotspot redesign; Enhanced SHM: acoustic emission, strain gauges, modal monitoring; Thicker shell sections / local reinforcement; High-fidelity coupled aero-hydro-elastic simulation in design updates",,建议措施,6,
204,1704,baseline模型,baseline兼容旧逻辑,模块专项测试,module_m3_cause2,module_m3_colloquial,M3_自然语言检索,无编号、自然语言直接查找、口语化或轻度噪声表达。,中等,我看这条有点糊，Tower / Tower (TO) / Primary steelwork那边的Abnormal vibration，为啥会出这个毛病？,"Maintenance phase; Due to poor inspection Faulty welding of Tower couldn't be detected before getting severe [10,15]",失效原因 / FailureCause / cause / reason / 为什么 / 为啥 / 咋来的: Environmental condition; Resonance occurs when the natural frequency of the tower or other components of the wind turbine matches the frequency of the wind or other external forces.,错误,0.0,889.09,语义RAG,0.3333,1.0,0,,3,"Maintenance phase; Due to poor inspection Faulty welding of Tower couldn't be detected before getting severe [10,15]",,,,,"Maintenance phase; Due to poor inspection Faulty welding of Tower couldn't be detected before getting severe [10,15]",,潜在失效原因/机理,3,
205,1705,baseline模型,baseline兼容旧逻辑,模块专项测试,module_m3_effect2,module_m3_colloquial,M3_自然语言检索,无编号、自然语言直接查找、口语化或轻度噪声表达。,中等,这个Tower / Tower (TO) / Primary steelwork，Cracks这事会弄成啥后果，别太官方。,Failure of whole facility and vast economic loses,可能会导致整个设施的失败和巨大的经济损失。,错误,0.0,514.85,语义RAG,0.6667,1.0,0,,3,Failure of whole facility and vast economic loses,,,,,Failure of whole facility and vast economic loses,,潜在失效后果,4,
206,1706,baseline模型,baseline兼容旧逻辑,模块专项测试,module_m3_cause,module_m3_colloquial,M3_自然语言检索,无编号、自然语言直接查找、口语化或轻度噪声表达。,中等,这个Tower / Tower (TO) / Primary steelwork里那个Cracks，到底咋回事，原因是啥？,Environmental loads; Material fatigue due to high waves and high frequency of loads [1],"失效模式 / FailureMode: Cracks 失效原因 / FailureCause: Installation phase; Installation phase stress/fatigue due to waves, wind, and process. Incorrect installation/error can cause stress concentration and fatigue. [11]",错误,0.0,841.23,语义RAG,0.0,0.0,0,,3,Environmental loads; Material fatigue due to high waves and high frequency of loads [1],,,,,Environmental loads; Material fatigue due to high waves and high frequency of loads [1],,潜在失效原因/机理,5,
207,1707,baseline模型,baseline兼容旧逻辑,模块专项测试,module_m3_effect,module_m3_colloquial,M3_自然语言检索,无编号、自然语言直接查找、口语化或轻度噪声表达。,中等,这个Tower / Tower (TO) / Primary steelwork里那个Cracks，最后会咋样，后果说下。,Potential collapse,失效后果 / FailureEffect / effect / result / consequence / 结果 / 后果 / 会怎样: Potential collapse,正确,1.0,614.0,语义RAG,0.6667,1.0,0,,3,,,,,,Potential collapse,,潜在失效后果,6,
208,1708,baseline模型,baseline兼容旧逻辑,模块专项测试,module_m3_action,module_m3_colloquial,M3_自然语言检索,无编号、自然语言直接查找、口语化或轻度噪声表达。,中等,这个Transition piece / Transition Piece (TP) / Primary structure & welding里那个Transition piece break，一般咋处理，给个法子。,High-fidelity coupled analysis of TP–tower–floater interaction; Design requalification for extreme storms (updated metocean; load cases); Improved metocean data measurements,建议措施 / RecommendedAction / action / 怎么处理 / 咋处理:,错误,0.0,584.96,语义RAG,0.0,0.0,0,,3,High-fidelity coupled analysis of TP–tower–floater interaction; Design requalification for extreme storms (updated metocean; load cases); Improved metocean data measurements,,,,,High-fidelity coupled analysis of TP–tower–floater interaction; Design requalification for extreme storms (updated metocean; load cases); Improved metocean data measurements,,建议措施,28,
209,1709,baseline模型,baseline兼容旧逻辑,模块专项测试,module_m3_cause2,module_m3_colloquial,M3_自然语言检索,无编号、自然语言直接查找、口语化或轻度噪声表达。,中等,我看这条有点糊，Tower / Tower (TO) / Primary structure & welding那边的Cracks，为啥会出这个毛病？,"Manufacturing; Welding failure due to Poor design or inadequate specification of welding procedures considering harsh environmental condition [1,15]","失效原因 / FailureCause / cause / reason / 为什么 / 为啥 / 咋来的: Design phase; Welding failure due to Poor design or inadequate specification of welding procedures considering harsh environmental condition [1,15]",错误,0.0,812.78,语义RAG,0.6667,1.0,0,,3,"Manufacturing; Welding failure due to Poor design or inadequate specification of welding procedures considering harsh environmental condition [1,15]",,1.0；15.0,,,"Manufacturing; Welding failure due to Poor design or inadequate specification of welding procedures considering harsh environmental condition [1,15]",,潜在失效原因/机理,8,
210,1710,baseline模型,baseline兼容旧逻辑,模块专项测试,module_m3_effect2,module_m3_colloquial,M3_自然语言检索,无编号、自然语言直接查找、口语化或轻度噪声表达。,中等,这个Tower / Tower (TO) / Primary steelwork，Cracks这事会弄成啥后果，别太官方。,Potential collapse,可能会导致整个设施的失败和巨大的经济损失。,错误,0.0,527.38,语义RAG,0.3333,1.0,0,,3,Potential collapse,,,,,Potential collapse,,潜在失效后果,9,
211,1711,baseline模型,baseline兼容旧逻辑,模块专项测试,module_m3_cause,module_m3_colloquial,M3_自然语言检索,无编号、自然语言直接查找、口语化或轻度噪声表达。,中等,这个Tower / Tower (TO) / Welding里那个Cracks，到底咋回事，原因是啥？,"Fabrication; Welding failure due to Poor quality control during the welding process [1,10]",失效模式/Cracks；原因/Operation: Fatigue due to continuous vibrations/resonance [11]。,错误,0.0,595.62,语义RAG,0.0,0.0,0,,3,"Fabrication; Welding failure due to Poor quality control during the welding process [1,10]",,,,,"Fabrication; Welding failure due to Poor quality control during the welding process [1,10]",,潜在失效原因/机理,10,
212,1712,baseline模型,baseline兼容旧逻辑,模块专项测试,module_m3_effect,module_m3_colloquial,M3_自然语言检索,无编号、自然语言直接查找、口语化或轻度噪声表达。,中等,这个Tower / Tower (TO) / Primary steelwork里那个Cracks，最后会咋样，后果说下。,Potential collapse,失效后果 / FailureEffect / effect / result / consequence / 结果 / 后果 / 会怎样: Potential collapse,正确,1.0,659.05,语义RAG,0.6667,1.0,0,,3,,,,,,Potential collapse,,潜在失效后果,11,
213,1713,baseline模型,baseline兼容旧逻辑,模块专项测试,module_m3_action,module_m3_colloquial,M3_自然语言检索,无编号、自然语言直接查找、口语化或轻度噪声表达。,中等,这个Floating support structure / Floating Support structure / Primary structure里那个Capsize [11]，一般咋处理，给个法子。,Expanded design load cases (including typhoon/hurricane scenarios); -; Improved engineering skills,建议措施 / RecommendedAction: 未记录.,错误,0.0,553.22,语义RAG,0.0,0.0,0,,3,Expanded design load cases (including typhoon/hurricane scenarios); -; Improved engineering skills,,,,,Expanded design load cases (including typhoon/hurricane scenarios); -; Improved engineering skills,,建议措施,46,
214,1714,baseline模型,baseline兼容旧逻辑,模块专项测试,module_m3_cause2,module_m3_colloquial,M3_自然语言检索,无编号、自然语言直接查找、口语化或轻度噪声表达。,中等,我看这条有点糊，Tower / Tower (TO) / Primary steelwork那边的Cracks，为啥会出这个毛病？,Operation phase; Repeated or cyclic loading and unloading of the tower over a long period of time can cause cracks caused by plastic deformation [11],"失效原因 / FailureCause / cause / reason / 为什么 / 为啥 / 咋来的: Environmental loads; The interaction between the blades and the tower can cause pressure fluctuations, leading to cyclic fatigue [14]；Installation phase; Installation phase stress/fatigue due to waves, wind, and process. Incorrect installation/error can cause stress concentration and fatigue. [11]；Maintenance phase; Blade replacements, repairs, and corrosion mitigation can add stress. Improper execution can lead to damage and fatigue. [11]",错误,0.0,1343.96,语义RAG,0.0,0.0,0,,3,Operation phase; Repeated or cyclic loading and unloading of the tower over a long period of time can cause cracks caused by plastic deformation [11],,11.0；11.0,,,Operation phase; Repeated or cyclic loading and unloading of the tower over a long period of time can cause cracks caused by plastic deformation [11],,潜在失效原因/机理,13,
215,1715,baseline模型,baseline兼容旧逻辑,模块专项测试,module_m3_effect2,module_m3_colloquial,M3_自然语言检索,无编号、自然语言直接查找、口语化或轻度噪声表达。,中等,这个Tower / Tower (TO) / Primary steelwork，Cracks这事会弄成啥后果，别太官方。,Potential collapse,可能会导致整个设施的失败和巨大的经济损失。,错误,0.0,430.43,语义RAG,0.3333,1.0,0,,3,Potential collapse,,,,,Potential collapse,,潜在失效后果,14,
216,1716,baseline模型,baseline兼容旧逻辑,模块专项测试,module_m3_cause,module_m3_colloquial,M3_自然语言检索,无编号、自然语言直接查找、口语化或轻度噪声表达。,中等,这个Tower / Tower (TO) / Primary steelwork里那个Cracks，到底咋回事，原因是啥？,Design phase; Braking system failure due to wrong estimation of operating conditions [15],"失效原因 / FailureCause / cause / reason / 为什么 / 为啥 / 咋来的: Environmental loads; The interaction between the blades and the tower can cause pressure fluctuations, leading to cyclic fatigue [14]；Installation phase; Installation phase stress/fatigue due to waves, wind, and process. Incorrect installation/error can cause stress concentration and fatigue. [11]",错误,0.0,1108.22,语义RAG,0.0,0.0,0,,3,Design phase; Braking system failure due to wrong estimation of operating conditions [15],,,,,Design phase; Braking system failure due to wrong estimation of operating conditions [15],,潜在失效原因/机理,15,
217,1717,baseline模型,baseline兼容旧逻辑,模块专项测试,module_m3_effect,module_m3_colloquial,M3_自然语言检索,无编号、自然语言直接查找、口语化或轻度噪声表达。,中等,这个Tower / Tower (TO) / Primary steelwork里那个Cracks，最后会咋样，后果说下。,Failure of the WTG/Major repair campaign/Structure reassessment,失效后果 / FailureEffect / effect / result / consequence / 结果 / 后果 / 会怎样: Potential collapse,错误,0.0,607.83,语义RAG,0.0,0.0,0,,3,Failure of the WTG/Major repair campaign/Structure reassessment,,,,,Failure of the WTG/Major repair campaign/Structure reassessment,,潜在失效后果,16,
218,1718,baseline模型,baseline兼容旧逻辑,模块专项测试,module_m3_action,module_m3_colloquial,M3_自然语言检索,无编号、自然语言直接查找、口语化或轻度噪声表达。,中等,这个Floating support structure / Floating Support structure / Secondary structure里那个Floater unit sinkage，一般咋处理，给个法子。,Ballast redundancy and automated ballast management; Freeboard margin increase and water-tight compartmentalization; Expanded design load cases (including typhoon/hurricane scenarios),建议措施 / RecommendedAction / action / 怎么处理 / 咋处理:,错误,0.0,567.8,语义RAG,0.0,0.0,0,,3,Ballast redundancy and automated ballast management; Freeboard margin increase and water-tight compartmentalization; Expanded design load cases (including typhoon/hurricane scenarios),,,,,Ballast redundancy and automated ballast management; Freeboard margin increase and water-tight compartmentalization; Expanded design load cases (including typhoon/hurricane scenarios),,建议措施,58,
219,1719,baseline模型,baseline兼容旧逻辑,模块专项测试,module_m3_cause2,module_m3_colloquial,M3_自然语言检索,无编号、自然语言直接查找、口语化或轻度噪声表达。,中等,我看这条有点糊，Tower / Tower (TO) / Primary steelwork那边的Cracks，为啥会出这个毛病？,Manufacturing; Hit by blades due to poor manufacturing quality control [9],"失效原因 / FailureCause / cause / reason / 为什么 / 为啥 / 咋来的: Environmental loads; The interaction between the blades and the tower can cause pressure fluctuations, leading to cyclic fatigue [14]；Installation phase; Installation phase stress/fatigue due to waves, wind, and process. Incorrect installation/error can cause stress concentration and fatigue. [11]；Maintenance phase; Blade replacements, repairs, and corrosion mitigation can add stress. Improper execution can lead to damage and fatigue. [11]",错误,0.0,1330.3,语义RAG,0.0,0.0,0,,3,Manufacturing; Hit by blades due to poor manufacturing quality control [9],,,,,Manufacturing; Hit by blades due to poor manufacturing quality control [9],,潜在失效原因/机理,18,
220,1720,baseline模型,baseline兼容旧逻辑,模块专项测试,module_m3_effect2,module_m3_colloquial,M3_自然语言检索,无编号、自然语言直接查找、口语化或轻度噪声表达。,中等,这个Tower / Tower (TO) / Primary steelwork，Cracks这事会弄成啥后果，别太官方。,Failure of whole facility and vast economic loses,可能会导致整个设施的失败和巨大的经济损失。,错误,0.0,369.0,语义RAG,0.6667,1.0,0,,3,Failure of whole facility and vast economic loses,,,,,Failure of whole facility and vast economic loses,,潜在失效后果,19,
221,1721,baseline模型,baseline兼容旧逻辑,模块专项测试,module_m3_cause,module_m3_colloquial,M3_自然语言检索,无编号、自然语言直接查找、口语化或轻度噪声表达。,中等,这个Tower / Tower (TO) / Primary steelwork里那个Cracks，到底咋回事，原因是啥？,due to Operation; Hit by blades due to human error or operational failure [15],"失效原因 / FailureCause / cause / reason / 为什么 / 为啥 / 咋来的: Environmental loads; The interaction between the blades and the tower can cause pressure fluctuations, leading to cyclic fatigue [14]；Installation phase; Installation phase stress/fatigue due to waves, wind, and process. Incorrect installation/error can cause stress concentration and fatigue. [11]",错误,0.0,1104.69,语义RAG,0.0,0.0,0,,3,due to Operation; Hit by blades due to human error or operational failure [15],,,,,due to Operation; Hit by blades due to human error or operational failure [15],,潜在失效原因/机理,20,
222,1722,baseline模型,baseline兼容旧逻辑,模块专项测试,module_m3_effect,module_m3_colloquial,M3_自然语言检索,无编号、自然语言直接查找、口语化或轻度噪声表达。,中等,这个Tower / Tower (TO) / Primary steelwork里那个Plastic deformation，最后会咋样，后果说下。,Potential collapse,失效后果 / FailureEffect / effect / result / consequence / 结果 / 后果 / 会怎样: Potential collapse,正确,1.0,652.89,语义RAG,1.0,1.0,0,,3,,,,,,Potential collapse,,潜在失效后果,21,
223,1723,baseline模型,baseline兼容旧逻辑,模块专项测试,module_m3_action,module_m3_colloquial,M3_自然语言检索,无编号、自然语言直接查找、口语化或轻度噪声表达。,中等,这个Floating support structure / Floating Support structure / All structures & Welding里那个Structural break [11]，一般咋处理，给个法子。,"Operational limits: weather windows, alarm thresholds for motions; Other- Specify; -; Welding quality assurance and NDT enhancement (phased-array UT)",建议措施 / RecommendedAction / action / 怎么处理 / 咋处理: -,错误,0.0,625.38,语义RAG,0.0,0.0,0,,3,"Operational limits: weather windows, alarm thresholds for motions; Other- Specify; -; Welding quality assurance and NDT enhancement (phased-array UT)",,,,,"Operational limits: weather windows, alarm thresholds for motions; Other- Specify; -; Welding quality assurance and NDT enhancement (phased-array UT)",,建议措施,72,
224,1724,baseline模型,baseline兼容旧逻辑,模块专项测试,module_m3_cause2,module_m3_colloquial,M3_自然语言检索,无编号、自然语言直接查找、口语化或轻度噪声表达。,中等,我看这条有点糊，Tower / Tower (TO) / Primary steelwork那边的Tower collapse，为啥会出这个毛病？,Operation phase; Mooring system failure can lead to direct tower collapse [1],失效原因 / FailureCause / cause / reason / 为什么 / 为啥 / 咋来的: Operation phase; Mooring system failure can lead to direct tower collapse [1],正确,1.0,758.07,语义RAG,0.3333,1.0,0,,3,,,1.0,,,Operation phase; Mooring system failure can lead to direct tower collapse [1],,潜在失效原因/机理,23,
225,1725,baseline模型,baseline兼容旧逻辑,模块专项测试,module_m3_effect2,module_m3_colloquial,M3_自然语言检索,无编号、自然语言直接查找、口语化或轻度噪声表达。,中等,这个Transition piece / Transition Piece (TP) / Primary structure & welding，Transition piece break这事会弄成啥后果，别太官方。,"Tower Unit collapse, Floater Unit damage",Tower Unit可能会塌陷，浮式单元可能受损。,错误,0.0,524.91,语义RAG,0.6667,1.0,0,,3,"Tower Unit collapse, Floater Unit damage",,,,,"Tower Unit collapse, Floater Unit damage",,潜在失效后果,24,
226,1726,baseline模型,baseline兼容旧逻辑,模块专项测试,module_m3_cause,module_m3_colloquial,M3_自然语言检索,无编号、自然语言直接查找、口语化或轻度噪声表达。,中等,这个Transition piece / Transition Piece (TP) / Primary structure里那个Transition piece break，到底咋回事，原因是啥？,"Operation and Maintenance; Brittle fracture due to extreme environmental temperature, leading to a shift in the ductile-to-brittle transition temperature [16]","失效模式 / FailureMode: Transition piece break 失效原因 / FailureCause: Operation and Maintenance; Brittle fracture due to extreme environmental temperature, leading to a shift in the ductile-to-brittle transition temperature [16]；Design; Under-designed structure/ Component due to human error/Insufficient environmental data；Operation and Maintenance; Undetected defects and poor quality control [11]",正确,1.0,1119.87,语义RAG,0.3333,1.0,0,,3,,,16.0,,,"Operation and Maintenance; Brittle fracture due to extreme environmental temperature, leading to a shift in the ductile-to-brittle transition temperature [16]",,潜在失效原因/机理,25,
227,1727,baseline模型,baseline兼容旧逻辑,模块专项测试,module_m3_effect,module_m3_colloquial,M3_自然语言检索,无编号、自然语言直接查找、口语化或轻度噪声表达。,中等,这个Transition piece / Transition Piece (TP) / Primary stucture里那个Structural plastic deformation，最后会咋样，后果说下。,Local stress accumulation,失效后果 / FailureEffect / effect / result / consequence / 结果 / 后果 / 会怎样: Local stress accumulation,正确,1.0,662.93,语义RAG,0.6667,1.0,0,,3,,,,,,Local stress accumulation,,潜在失效后果,26,
228,1728,baseline模型,baseline兼容旧逻辑,模块专项测试,module_m3_action,module_m3_colloquial,M3_自然语言检索,无编号、自然语言直接查找、口语化或轻度噪声表达。,中等,这个Station keeping / Mooring Lines (ML) / Mooring lines里那个Mooring line breakage [8]，一般咋处理，给个法子。,ROV visual inspections; targeted maintenance on wear zones; Diversity in materials/vendors to reduce common-cause risks; -,建议措施 / RecommendedAction / action / 怎么处理 / 咋处理:,错误,0.0,624.79,语义RAG,0.0,0.0,0,,3,ROV visual inspections; targeted maintenance on wear zones; Diversity in materials/vendors to reduce common-cause risks; -,,,,,ROV visual inspections; targeted maintenance on wear zones; Diversity in materials/vendors to reduce common-cause risks; -,,建议措施,82,
229,1729,baseline模型,baseline兼容旧逻辑,模块专项测试,module_m3_cause2,module_m3_colloquial,M3_自然语言检索,无编号、自然语言直接查找、口语化或轻度噪声表达。,中等,我看这条有点糊，Transition piece / Transition Piece (TP) / Primary structure & welding那边的Transition piece break，为啥会出这个毛病？,Environmental condition; Design parameters superseded due to climate change [11],失效模式 / FailureMode: Transition piece break 失效原因 / FailureCause: Operation and Maintenance; Undetected defects and poor quality control [11],错误,0.0,712.86,语义RAG,0.0,0.0,0,,3,Environmental condition; Design parameters superseded due to climate change [11],,11.0,,,Environmental condition; Design parameters superseded due to climate change [11],,潜在失效原因/机理,28,
230,1730,baseline模型,baseline兼容旧逻辑,模块专项测试,module_m3_effect2,module_m3_colloquial,M3_自然语言检索,无编号、自然语言直接查找、口语化或轻度噪声表达。,中等,这个Transition piece / Transition Piece (TP) / Primary structure & welding，Abnormal vibration这事会弄成啥后果，别太官方。,potential tower connections failure,潜在的塔架连接失效。,错误,0.0,522.16,语义RAG,0.6667,1.0,0,,3,potential tower connections failure,,,,,potential tower connections failure,,潜在失效后果,29,
231,1731,baseline模型,baseline兼容旧逻辑,模块专项测试,module_m3_cause,module_m3_colloquial,M3_自然语言检索,无编号、自然语言直接查找、口语化或轻度噪声表达。,中等,这个Transition piece / Transition Piece (TP) / Primary stucture里那个Structural plastic deformation，到底咋回事，原因是啥？,"Installation; During installation, plastic deformation can occur due to processes like welding and bending [1]","失效模式 / FailureMode: Structural plastic deformation 失效原因 / FailureCause: Maintenance; Plastic deformation can occur due to the application of excessive force or improper handling of the structure. [1] Installation; During installation, plastic deformation can occur due to processes like welding and bending [1]",正确,1.0,939.73,语义RAG,0.3333,1.0,0,,3,,,1.0；1.0,,,"Installation; During installation, plastic deformation can occur due to processes like welding and bending [1]",,潜在失效原因/机理,30,
232,1732,baseline模型,baseline兼容旧逻辑,模块专项测试,module_m3_effect,module_m3_colloquial,M3_自然语言检索,无编号、自然语言直接查找、口语化或轻度噪声表达。,中等,这个Transition piece / Transition Piece (TP) / Primary structure里那个Cracks，最后会咋样，后果说下。,Tower transition piece connections failure,失效后果 / FailureEffect / effect / result / consequence / 结果 / 后果 / 会怎样: Tower transition piece connections failure,正确,1.0,674.34,语义RAG,0.6667,1.0,0,,3,,,,,,Tower transition piece connections failure,,潜在失效后果,31,
233,1733,baseline模型,baseline兼容旧逻辑,模块专项测试,module_m3_action,module_m3_colloquial,M3_自然语言检索,无编号、自然语言直接查找、口语化或轻度噪声表达。,中等,"这个Station keeping / Mooring lines (ML) / Mooring lines里那个Mooring lines broken [1,3]，一般咋处理，给个法子。","ROV visual inspections; targeted maintenance on wear zones; Optimized chain/wire/rope selection and fatigue margins (design); Only chain and wire above MSL, keep fiber ropes wet; -",建议措施 / RecommendedAction / action / 怎么处理 / 咋处理: -,错误,0.0,650.84,语义RAG,0.0,0.0,0,,3,"ROV visual inspections; targeted maintenance on wear zones; Optimized chain/wire/rope selection and fatigue margins (design); Only chain and wire above MSL, keep fiber ropes wet; -",,,,,"ROV visual inspections; targeted maintenance on wear zones; Optimized chain/wire/rope selection and fatigue margins (design); Only chain and wire above MSL, keep fiber ropes wet; -",,建议措施,91,
234,1734,baseline模型,baseline兼容旧逻辑,模块专项测试,module_m3_cause2,module_m3_colloquial,M3_自然语言检索,无编号、自然语言直接查找、口语化或轻度噪声表达。,中等,我看这条有点糊，Transition piece / Transition Piece (TP) / Welding那边的Cracks，为啥会出这个毛病？,Fabrication; Improper surface preparation before applying a protective coating or performing welding repairs like cleaning the surface with solvent and treating the surface with a rust inhibitor or primer for improving the adhesion can cause corrosion and crack propagation. [15],"失效原因 / FailureCause / cause / reason / 为什么 / 为啥 / 咋来的: Installation; Transition piece may be subjected to large forces from wave, wind, and vessel motion during installation. [10]",错误,0.0,805.88,语义RAG,0.0,0.0,0,,3,Fabrication; Improper surface preparation before applying a protective coating or performing welding repairs like cleaning the surface with solvent and treating the surface with a rust inhibitor or primer for improving the adhesion can cause corrosion and crack propagation. [15],,,,,Fabrication; Improper surface preparation before applying a protective coating or performing welding repairs like cleaning the surface with solvent and treating the surface with a rust inhibitor or primer for improving the adhesion can cause corrosion and crack propagation. [15],,潜在失效原因/机理,33,
235,1735,baseline模型,baseline兼容旧逻辑,模块专项测试,module_m3_effect2,module_m3_colloquial,M3_自然语言检索,无编号、自然语言直接查找、口语化或轻度噪声表达。,中等,这个Transition piece / Transition Piece (TP) / Primary structure & welding，Abnormal vibration这事会弄成啥后果，别太官方。,potential tower connections failure,潜在的塔架连接失效。,错误,0.0,502.37,语义RAG,0.6667,1.0,0,,3,potential tower connections failure,,,,,potential tower connections failure,,潜在失效后果,34,
236,1736,baseline模型,baseline兼容旧逻辑,模块专项测试,module_m3_cause,module_m3_colloquial,M3_自然语言检索,无编号、自然语言直接查找、口语化或轻度噪声表达。,中等,这个Transition piece / Transition Piece (TP) / Primary stucture里那个Structural plastic deformation，到底咋回事，原因是啥？,Maintenance; Plastic deformation can occur due to the application of excessive force or improper handling of the structure. [1],"失效模式 / FailureMode: Structural plastic deformation 失效原因 / FailureCause: Maintenance; Plastic deformation can occur due to the application of excessive force or improper handling of the structure. [1] Installation; During installation, plastic deformation can occur due to processes like welding and bending [1]",正确,1.0,937.62,语义RAG,0.3333,1.0,0,,3,,,1.0；1.0,,,Maintenance; Plastic deformation can occur due to the application of excessive force or improper handling of the structure. [1],,潜在失效原因/机理,35,
237,1737,baseline模型,baseline兼容旧逻辑,模块专项测试,module_m3_effect,module_m3_colloquial,M3_自然语言检索,无编号、自然语言直接查找、口语化或轻度噪声表达。,中等,这个Transition piece / Transition Piece (TP) / Welding里那个Cracks，最后会咋样，后果说下。,Tower transition piece connections failure,失效后果 / FailureEffect / effect / result / consequence / 结果 / 后果 / 会怎样: Tower transition piece connections failure/ displacement variations between tower end,正确,1.0,737.04,语义RAG,0.6667,1.0,0,,3,,,,,,Tower transition piece connections failure,,潜在失效后果,36,
238,1738,baseline模型,baseline兼容旧逻辑,模块专项测试,module_m3_action,module_m3_colloquial,M3_自然语言检索,无编号、自然语言直接查找、口语化或轻度噪声表达。,中等,这个Dynamic cable / Dynamic Cable / Dynamic Cable/里那个accelerated mechanical fatigue，一般咋处理，给个法子。,"Monitoring: DTS/RTTR, electrical integrity tests, leak detection; Lazy-wave configuration optimization; buoyancy spacing; hang-off upgrades; -",建议措施 / RecommendedAction / action / 怎么处理 / 咋处理:,错误,0.0,566.04,语义RAG,0.0,0.0,0,,3,"Monitoring: DTS/RTTR, electrical integrity tests, leak detection; Lazy-wave configuration optimization; buoyancy spacing; hang-off upgrades; -",,,,,"Monitoring: DTS/RTTR, electrical integrity tests, leak detection; Lazy-wave configuration optimization; buoyancy spacing; hang-off upgrades; -",,建议措施,97,
239,1739,baseline模型,baseline兼容旧逻辑,模块专项测试,module_m3_cause2,module_m3_colloquial,M3_自然语言检索,无编号、自然语言直接查找、口语化或轻度噪声表达。,中等,我看这条有点糊，Transition piece / Transition Piece (TP) / Primary structure & welding那边的Cracks，为啥会出这个毛病？,"Installation; Transition piece may be subjected to large forces from wave, wind, and vessel motion during installation. [10]","失效原因 / FailureCause / cause / reason / 为什么 / 为啥 / 咋来的: Fabrication; Welding and heat treatment could induce fatigue cracks in fabrication process. [1] Operation; Cycling loading could cause microstructural changes in the material and eventually lead to fatigue crack initiation [1,15] Installation; Transition piece may be subjected to large forces from wave, wind, and vessel motion during installation. [10]",正确,1.0,1197.55,语义RAG,0.3333,1.0,0,,3,,,10.0,,,"Installation; Transition piece may be subjected to large forces from wave, wind, and vessel motion during installation. [10]",,潜在失效原因/机理,38,
240,1740,baseline模型,baseline兼容旧逻辑,模块专项测试,module_m3_effect2,module_m3_colloquial,M3_自然语言检索,无编号、自然语言直接查找、口语化或轻度噪声表达。,中等,这个Transition piece / Transition Piece (TP) / Primary structure & welding，Transition piece break这事会弄成啥后果，别太官方。,"Tower Unit collapse, Floater Unit damage",Tower Unit可能会塌陷，浮式单元也会受损。,错误,0.0,522.04,语义RAG,0.6667,1.0,0,,3,"Tower Unit collapse, Floater Unit damage",,,,,"Tower Unit collapse, Floater Unit damage",,潜在失效后果,39,
241,1741,baseline模型,baseline兼容旧逻辑,模块专项测试,module_m3_cause,module_m3_colloquial,M3_自然语言检索,无编号、自然语言直接查找、口语化或轻度噪声表达。,中等,这个Transition piece / Transition Piece (TP) / Primary structure & welding里那个Transition piece break，到底咋回事，原因是啥？,Operation and Maintenance; Undetected defects and poor quality control [11],失效模式 / FailureMode: Transition piece break 失效原因 / FailureCause: Operation and Maintenance; Undetected defects and poor quality control [11] 失效原因 / FailureCause: Design; Under-designed structure/ Component due to human error/Insufficient environmental data,正确,1.0,879.08,语义RAG,0.3333,1.0,0,,3,,,11.0,,,Operation and Maintenance; Undetected defects and poor quality control [11],,潜在失效原因/机理,40,
242,1742,baseline模型,baseline兼容旧逻辑,模块专项测试,module_m3_effect,module_m3_colloquial,M3_自然语言检索,无编号、自然语言直接查找、口语化或轻度噪声表达。,中等,这个Transition piece / Transition Piece (TP) / Primary structure & welding里那个Cracks，最后会咋样，后果说下。,Tower transition piece connections failure,失效后果 / FailureEffect / effect / result / consequence / 结果 / 后果 / 会怎样: Tower transition piece connections failure / resonance,正确,1.0,625.23,语义RAG,1.0,1.0,0,,3,,,,,,Tower transition piece connections failure,,潜在失效后果,41,
243,1743,baseline模型,baseline兼容旧逻辑,模块专项测试,module_m3_action,module_m3_colloquial,M3_自然语言检索,无编号、自然语言直接查找、口语化或轻度噪声表达。,中等,这个Dynamic cable / Dynamic Cable / Joints and terminations里那个Failure of end termination [6]，一般咋处理，给个法子。,-; Design improvements; enhanced termination QA,建议措施=未记录.,错误,0.0,498.23,语义RAG,0.0,0.0,0,,3,-; Design improvements; enhanced termination QA,,,,,-; Design improvements; enhanced termination QA,,建议措施,107,
244,1744,baseline模型,baseline兼容旧逻辑,模块专项测试,module_m3_cause2,module_m3_colloquial,M3_自然语言检索,无编号、自然语言直接查找、口语化或轻度噪声表达。,中等,我看这条有点糊，Transition piece / Transition Piece (TP) / Welding那边的Cracks，为啥会出这个毛病？,Maintenance; Welding failure due to corrosion without proper maintenance [11],"失效原因 / FailureCause / cause / reason / 为什么 / 为啥 / 咋来的: Installation; Transition piece may be subjected to large forces from wave, wind, and vessel motion during installation. [10]",错误,0.0,817.65,语义RAG,0.0,0.0,0,,3,Maintenance; Welding failure due to corrosion without proper maintenance [11],,,,,Maintenance; Welding failure due to corrosion without proper maintenance [11],,潜在失效原因/机理,43,
245,1745,baseline模型,baseline兼容旧逻辑,模块专项测试,module_m3_effect2,module_m3_colloquial,M3_自然语言检索,无编号、自然语言直接查找、口语化或轻度噪声表达。,中等,这个Transition piece / Transition Piece (TP) / Welding，Cracks这事会弄成啥后果，别太官方。,Tower transition piece connections failure,Tower transition piece connections failure,正确,1.0,500.24,语义RAG,1.0,1.0,0,,3,,,,,,Tower transition piece connections failure,,潜在失效后果,44,
246,1746,baseline模型,baseline兼容旧逻辑,模块专项测试,module_m3_cause,module_m3_colloquial,M3_自然语言检索,无编号、自然语言直接查找、口语化或轻度噪声表达。,中等,这个Floating support structure / Floating Support structure / All structures里那个Capsize [11]，到底咋回事，原因是啥？,Design; Analysis and Calculation fault due to human error,失效模式 / FailureMode: Capsize [11] 失效原因 / FailureCause: Environmental condition; Extreme horizontal oscillatory force,错误,0.0,678.36,语义RAG,0.0,0.0,0,,3,Design; Analysis and Calculation fault due to human error,,,,,Design; Analysis and Calculation fault due to human error,,潜在失效原因/机理,45,
247,1747,baseline模型,baseline兼容旧逻辑,模块专项测试,module_m3_effect,module_m3_colloquial,M3_自然语言检索,无编号、自然语言直接查找、口语化或轻度噪声表达。,中等,这个Floating support structure / Floating Support structure / Primary structure里那个Capsize [11]，最后会咋样，后果说下。,Project cancellation,资产损坏、能源生产损失。,错误,0.0,486.99,语义RAG,0.0,0.0,0,,3,Project cancellation,,,,,Project cancellation,,潜在失效后果,46,
248,1748,baseline模型,baseline兼容旧逻辑,模块专项测试,module_m3_action,module_m3_colloquial,M3_自然语言检索,无编号、自然语言直接查找、口语化或轻度噪声表达。,中等,这个Dynamic cable / Dynamic Cable / Dynamic Cable/里那个material degradation，一般咋处理，给个法子。,"Monitoring: DTS/RTTR, electrical integrity tests, leak detection; -",建议措施 / RecommendedAction / action / 怎么处理 / 咋处理:,错误,0.0,596.82,语义RAG,0.0,0.0,0,,3,"Monitoring: DTS/RTTR, electrical integrity tests, leak detection; -",,,,,"Monitoring: DTS/RTTR, electrical integrity tests, leak detection; -",,建议措施,119,
249,1749,baseline模型,baseline兼容旧逻辑,模块专项测试,module_m3_cause2,module_m3_colloquial,M3_自然语言检索,无编号、自然语言直接查找、口语化或轻度噪声表达。,中等,"我看这条有点糊，Floating support structure / Floating Support structure / All structures那边的Hit by dropped objects [1,9]，为啥会出这个毛病？",Operation; Biological collision,失效原因 / FailureCause / cause / reason / 为什么 / 为啥 / 咋来的: Environmental condition; Typhoon can cause failure of the floating unit if it gets hit by dropping objects. (eg. damaged blade)(strong wind/wave),错误,0.0,883.63,语义RAG,0.3333,1.0,0,,3,Operation; Biological collision,,,,,Operation; Biological collision,,潜在失效原因/机理,48,
250,1750,baseline模型,baseline兼容旧逻辑,模块专项测试,module_m3_effect2,module_m3_colloquial,M3_自然语言检索,无编号、自然语言直接查找、口语化或轻度噪声表达。,中等,这个Floating support structure / Floating Support structure / All structures，Structural break [11]这事会弄成啥后果，别太官方。,Structural reassessment,塔倒塌。,错误,0.0,480.0,语义RAG,0.0,0.0,0,,3,Structural reassessment,,,,,Structural reassessment,,潜在失效后果,49,
251,1751,baseline模型,baseline兼容旧逻辑,模块专项测试,module_m3_cause,module_m3_colloquial,M3_自然语言检索,无编号、自然语言直接查找、口语化或轻度噪声表达。,中等,这个Floating support structure / Floating Support structure / Secondary structure里那个Additional Structures Failures，到底咋回事，原因是啥？,"Operation; Dynamic umbilical connection/cable fail [1,12]","根据上下文，Floating support structure / Floating Support structure / Secondary structure 里没有提到 ""Secondary structure"" 或 ""Additional Structures Failures"" 的相关信息。提供的 FMEA 内容主要集中在 Primary structure & Welding 和 Primary Structure 上，并未包含与 Secondary structure 相关的具体失效模式、原因和后果。 因此，根据现有信息，无法回答“这个 Floating support structure / Floating Support structure / Secondary structure 里那个 Additional Structures Failures，到底咋回事，原因是啥？”这个问题。",错误,0.0,1305.78,语义RAG,0.0,0.0,0,,3,"Operation; Dynamic umbilical connection/cable fail [1,12]",,,,,"Operation; Dynamic umbilical connection/cable fail [1,12]",,潜在失效原因/机理,50,
252,1752,baseline模型,baseline兼容旧逻辑,模块专项测试,module_m3_effect,module_m3_colloquial,M3_自然语言检索,无编号、自然语言直接查找、口语化或轻度噪声表达。,中等,这个Floating support structure / Floating Support structure / Primary Structure里那个Cracks [11]，最后会咋样，后果说下。,Structural failure,watertight fault,错误,0.0,466.03,语义RAG,0.0,0.0,0,,3,Structural failure,,,,,Structural failure,,潜在失效后果,51,
253,1753,baseline模型,baseline兼容旧逻辑,模块专项测试,module_m3_action,module_m3_colloquial,M3_自然语言检索,无编号、自然语言直接查找、口语化或轻度噪声表达。,中等,这个Tower / Tower (TO) / Primary steelwork里那个Cracks，一般咋处理，给个法子。,High-fidelity coupled aero-hydro-elastic simulation in design updates; Thicker shell sections / local reinforcement,建议措施 / RecommendedAction / action / 怎么处理 / 咋处理:,错误,0.0,575.6,语义RAG,0.0,0.0,0,,3,High-fidelity coupled aero-hydro-elastic simulation in design updates; Thicker shell sections / local reinforcement,,,,,High-fidelity coupled aero-hydro-elastic simulation in design updates; Thicker shell sections / local reinforcement,,建议措施,4,
254,1754,baseline模型,baseline兼容旧逻辑,模块专项测试,module_m3_cause2,module_m3_colloquial,M3_自然语言检索,无编号、自然语言直接查找、口语化或轻度噪声表达。,中等,我看这条有点糊，Floating support structure / Floating Support structure / Primary structure & Welding那边的Cracks [11]，为啥会出这个毛病？,Operation; Fatigue due to continuous vibrations/resonance [11],失效原因 / FailureCause / cause / reason / 为什么 / 为啥 / 咋来的: Insufficient structural strength due to ship collision,错误,0.0,708.04,语义RAG,0.0,0.0,0,,3,Operation; Fatigue due to continuous vibrations/resonance [11],,,,,Operation; Fatigue due to continuous vibrations/resonance [11],,潜在失效原因/机理,53,
255,1755,baseline模型,baseline兼容旧逻辑,模块专项测试,module_m3_effect2,module_m3_colloquial,M3_自然语言检索,无编号、自然语言直接查找、口语化或轻度噪声表达。,中等,这个Floating support structure / Floating Support structure / All structures，Cracks [11]这事会弄成啥后果，别太官方。,Structural failure,结构开裂会导致结构性失效。,错误,0.0,461.12,语义RAG,0.3333,1.0,0,,3,Structural failure,,,,,Structural failure,,潜在失效后果,54,
256,1756,baseline模型,baseline兼容旧逻辑,模块专项测试,module_m3_cause,module_m3_colloquial,M3_自然语言检索,无编号、自然语言直接查找、口语化或轻度噪声表达。,中等,这个Floating support structure / Floating Support structure / Secondary structure里那个Additional Structures Failures，到底咋回事，原因是啥？,"Operation; Handrails Corrosion [1,12]","根据上下文，Floating support structure / Floating Support structure / Secondary structure 里没有提到 ""Secondary structure"" 或 ""Additional Structures Failures"" 的相关信息。提供的 FMEA 内容主要集中在 Primary structure & Welding 和 Primary Structure 上，并未包含与 Secondary structure 相关的具体失效模式、原因和后果。 因此，根据现有信息，无法回答“这个 Floating support structure / Floating Support structure / Secondary structure 里那个 Additional Structures Failures，到底咋回事，原因是啥？”这个问题。",错误,0.0,1316.88,语义RAG,0.0,0.0,0,,3,"Operation; Handrails Corrosion [1,12]",,,,,"Operation; Handrails Corrosion [1,12]",,潜在失效原因/机理,55,
257,1757,baseline模型,baseline兼容旧逻辑,模块专项测试,module_m3_effect,module_m3_colloquial,M3_自然语言检索,无编号、自然语言直接查找、口语化或轻度噪声表达。,中等,这个Floating support structure / Floating Support structure / Secondary structure里那个Additional Structures Failures，最后会咋样，后果说下。,Potential failure of landing platform,根据上下文，提供的信息中并没有关于“Secondary structure”或“Additional Structures Failures”的具体失效模式、失效原因和失效后果的描述。因此，无法直接回答该问题。 但是，从已有的信息来看，“Floating support structure / Floating Support structure / All structures”中的失效模式是“Structural plastic deformation [11]”，其失效后果是“Local stress accumulation”。这可能与您询问的内容相关，但并不是完全匹配的描述。,错误,0.0,1271.03,语义RAG,0.0,0.0,0,,3,Potential failure of landing platform,,,,,Potential failure of landing platform,,潜在失效后果,56,
258,1758,baseline模型,baseline兼容旧逻辑,模块专项测试,module_m3_action,module_m3_colloquial,M3_自然语言检索,无编号、自然语言直接查找、口语化或轻度噪声表达。,中等,这个Transition piece / Transition Piece (TP) / Primary structure里那个Transition piece break，一般咋处理，给个法子。,"SHM for TP connections (strain gauges, acoustic emission, bolt preload monitoring); Design requalification for extreme storms (updated metocean; load cases); -",建议措施 / RecommendedAction / action / 怎么处理 / 咋处理:,错误,0.0,610.15,语义RAG,0.0,0.0,0,,3,"SHM for TP connections (strain gauges, acoustic emission, bolt preload monitoring); Design requalification for extreme storms (updated metocean; load cases); -",,,,,"SHM for TP connections (strain gauges, acoustic emission, bolt preload monitoring); Design requalification for extreme storms (updated metocean; load cases); -",,建议措施,25,
259,1759,baseline模型,baseline兼容旧逻辑,模块专项测试,module_m3_cause2,module_m3_colloquial,M3_自然语言检索,无编号、自然语言直接查找、口语化或轻度噪声表达。,中等,我看这条有点糊，Floating support structure / Floating Support structure / Secondary structure那边的Floater unit sinkage，为啥会出这个毛病？,Design; Insufficient structural strength and cracks on the floater resulting in water ingress to the support structure,失效原因 / FailureCause / cause / reason / 为什么 / 为啥 / 咋来的: Design; Insufficient structural strength and cracks on the floater resulting in water ingress to the support structure,正确,1.0,807.72,语义RAG,0.3333,1.0,0,,3,,,,,,Design; Insufficient structural strength and cracks on the floater resulting in water ingress to the support structure,,潜在失效原因/机理,58,
260,1760,baseline模型,baseline兼容旧逻辑,模块专项测试,module_m3_effect2,module_m3_colloquial,M3_自然语言检索,无编号、自然语言直接查找、口语化或轻度噪声表达。,中等,这个Floating support structure / Floating Support structure / All structures，Structural plastic deformation [11]这事会弄成啥后果，别太官方。,Local stress accumulation,局部应力积累。,错误,0.0,477.01,语义RAG,1.0,1.0,0,,3,Local stress accumulation,,,,,Local stress accumulation,,潜在失效后果,59,
261,1761,baseline模型,baseline兼容旧逻辑,模块专项测试,module_m3_cause,module_m3_colloquial,M3_自然语言检索,无编号、自然语言直接查找、口语化或轻度噪声表达。,中等,这个Floating support structure / Floating Support structure / Secondary structure里那个Watertight fault [1]，到底咋回事，原因是啥？,Maintenance; Insufficient structural strength due to ship collision [11],失效模式 / FailureMode: Watertight fault [1] 失效原因 / FailureCause: Maintenance; Insufficient structural strength due to ship collision [11],正确,1.0,732.55,语义RAG,0.3333,1.0,0,,3,,,11.0,,,Maintenance; Insufficient structural strength due to ship collision [11],,潜在失效原因/机理,60,
262,1762,baseline模型,baseline兼容旧逻辑,模块专项测试,module_m3_effect,module_m3_colloquial,M3_自然语言检索,无编号、自然语言直接查找、口语化或轻度噪声表达。,中等,这个Floating support structure / Floating Support structure / Secondary structure里那个Additional Structures Failures，最后会咋样，后果说下。,Potential failure,根据上下文，Floating support structure / Floating Support structure / Secondary structure 里没有提到 Additional Structures Failures 这个失效模式，因此无法提供具体的后果描述。根据现有信息，主要关注的是 Structural plastic deformation [11] 的失效后果：Local stress accumulation。,错误,0.0,927.64,语义RAG,0.0,0.0,0,,3,Potential failure,,,,,Potential failure,,潜在失效后果,61,
263,1763,baseline模型,baseline兼容旧逻辑,模块专项测试,module_m3_action,module_m3_colloquial,M3_自然语言检索,无编号、自然语言直接查找、口语化或轻度噪声表达。,中等,这个Transition piece / Transition Piece (TP) / Primary structure & welding里那个Transition piece break，一般咋处理，给个法子。,"SHM for TP connections (strain gauges, acoustic emission, bolt preload monitoring); Welding quality assurance and NDT enhancement (phased-array UT)",建议措施 / RecommendedAction / action / 怎么处理 / 咋处理:,错误,0.0,611.59,语义RAG,0.0,0.0,0,,3,"SHM for TP connections (strain gauges, acoustic emission, bolt preload monitoring); Welding quality assurance and NDT enhancement (phased-array UT)",,,,,"SHM for TP connections (strain gauges, acoustic emission, bolt preload monitoring); Welding quality assurance and NDT enhancement (phased-array UT)",,建议措施,40,
264,1764,baseline模型,baseline兼容旧逻辑,模块专项测试,module_m3_cause2,module_m3_colloquial,M3_自然语言检索,无编号、自然语言直接查找、口语化或轻度噪声表达。,中等,我看这条有点糊，Floating support structure / Floating Support structure / Secondary structure那边的Additional Structures Failures，为啥会出这个毛病？,"Operation; Navigation and work lights fail [1,12]",失效模式 / FailureMode: Floater unit sinkage 失效原因 / FailureCause: Design; Insufficient structural strength and cracks on the floater resulting in water ingress to the support structure,错误,0.0,771.44,语义RAG,0.0,0.0,0,,3,"Operation; Navigation and work lights fail [1,12]",,,,,"Operation; Navigation and work lights fail [1,12]",,潜在失效原因/机理,63,
265,1765,baseline模型,baseline兼容旧逻辑,模块专项测试,module_m3_effect2,module_m3_colloquial,M3_自然语言检索,无编号、自然语言直接查找、口语化或轻度噪声表达。,中等,"这个Floating support structure / Floating Support structure / All structures，Hit by dropped objects [1,9]这事会弄成啥后果，别太官方。","Damage to the facility, vast economic loses",这会导致设施受损，造成巨大的经济损失。,错误,0.0,519.61,语义RAG,1.0,1.0,0,,3,"Damage to the facility, vast economic loses",,,,,"Damage to the facility, vast economic loses",,潜在失效后果,64,
266,1766,baseline模型,baseline兼容旧逻辑,模块专项测试,module_m3_cause,module_m3_colloquial,M3_自然语言检索,无编号、自然语言直接查找、口语化或轻度噪声表达。,中等,这个Floating support structure / Floating Support structure / Secondary structure里那个Additional Structures Failures，到底咋回事，原因是啥？,"Operation; Sensors for platform monitoring fail [1,12]","根据上下文，Floating support structure / Floating Support structure / Secondary structure 里没有提到 ""Secondary structure"" 或 ""Additional Structures Failures"" 的相关信息。提供的 FMEA 内容主要集中在 Primary structure & Welding 和 Primary Structure 上，并未包含与 Secondary structure 相关的具体失效模式、原因和后果。 因此，根据现有信息，无法回答“这个 Floating support structure / Floating Support structure / Secondary structure 里那个 Additional Structures Failures，到底咋回事，原因是啥？”这个问题。",错误,0.0,1306.27,语义RAG,0.0,0.0,0,,3,"Operation; Sensors for platform monitoring fail [1,12]",,,,,"Operation; Sensors for platform monitoring fail [1,12]",,潜在失效原因/机理,65,
267,1767,baseline模型,baseline兼容旧逻辑,模块专项测试,module_m3_effect,module_m3_colloquial,M3_自然语言检索,无编号、自然语言直接查找、口语化或轻度噪声表达。,中等,这个Floating support structure / Floating Support structure / Secondary structure里那个Structural break [11]，最后会咋样，后果说下。,Asset damage Energy production loss/reduced stability,失效后果 / FailureEffect / effect / result / consequence / 结果 / 后果 / 会怎样: Tower collapse,错误,0.0,666.02,语义RAG,0.0,0.0,0,,3,Asset damage Energy production loss/reduced stability,,,,,Asset damage Energy production loss/reduced stability,,潜在失效后果,66,
268,1768,baseline模型,baseline兼容旧逻辑,模块专项测试,module_m3_action,module_m3_colloquial,M3_自然语言检索,无编号、自然语言直接查找、口语化或轻度噪声表达。,中等,这个Floating support structure / Floating Support structure / Primary structure & Welding里那个Capsize [11]，一般咋处理，给个法子。,"Expanded design load cases (including typhoon/hurricane scenarios); Operational limits: weather windows, alarm thresholds for motions; Resonance avoidance via structural tuning/damping",建议措施 / RecommendedAction / action / 怎么处理 / 咋处理: 未记录.,错误,0.0,574.1,语义RAG,0.0,0.0,0,,3,"Expanded design load cases (including typhoon/hurricane scenarios); Operational limits: weather windows, alarm thresholds for motions; Resonance avoidance via structural tuning/damping",,,,,"Expanded design load cases (including typhoon/hurricane scenarios); Operational limits: weather windows, alarm thresholds for motions; Resonance avoidance via structural tuning/damping",,建议措施,52,
269,1769,baseline模型,baseline兼容旧逻辑,模块专项测试,module_m3_cause2,module_m3_colloquial,M3_自然语言检索,无编号、自然语言直接查找、口语化或轻度噪声表达。,中等,我看这条有点糊，Floating support structure / Floating Support structure / Primary structure & Welding那边的Structural break [11]，为啥会出这个毛病？,Operation; Structure brittle fracture due to extreme environmental temperature,失效原因 / FailureCause / cause / reason / 为什么 / 为啥 / 咋来的: Operation; Structure brittle fracture due to extreme environmental temperature,正确,1.0,676.63,语义RAG,0.3333,1.0,0,,3,,,,,,Operation; Structure brittle fracture due to extreme environmental temperature,,潜在失效原因/机理,68,
270,1770,baseline模型,baseline兼容旧逻辑,模块专项测试,module_m3_effect2,module_m3_colloquial,M3_自然语言检索,无编号、自然语言直接查找、口语化或轻度噪声表达。,中等,这个Floating support structure / Floating Support structure / All structures，Floater unit sinkage这事会弄成啥后果，别太官方。,Potential Failure/Asset damage Energy production loss,潜在的资产损坏和能源生产损失。,错误,0.0,487.52,语义RAG,0.6667,1.0,0,,3,Potential Failure/Asset damage Energy production loss,,,,,Potential Failure/Asset damage Energy production loss,,潜在失效后果,69,
271,1771,baseline模型,baseline兼容旧逻辑,模块专项测试,module_m3_cause,module_m3_colloquial,M3_自然语言检索,无编号、自然语言直接查找、口语化或轻度噪声表达。,中等,"这个Floating support structure / Floating Support structure / All structures里那个Hit by dropped objects [1,9]，到底咋回事，原因是啥？",Environmental condition; Typhoon can cause failure of the floating unit if it gets hit by dropping objects. (eg. damaged blade)(strong wind/wave),"失效模式 / FailureMode: Hit by dropped objects [1,9] 失效原因 / FailureCause: Environmental condition; Typhoon can cause failure of the floating unit if it gets hit by dropping objects. (eg. damaged blade)(strong wind/wave) Operation; Plane crush Operation; Biological collision",正确,1.0,946.89,语义RAG,0.3333,1.0,0,,3,,,,,,Environmental condition; Typhoon can cause failure of the floating unit if it gets hit by dropping objects. (eg. damaged blade)(strong wind/wave),,潜在失效原因/机理,70,
272,1772,baseline模型,baseline兼容旧逻辑,模块专项测试,module_m3_effect,module_m3_colloquial,M3_自然语言检索,无编号、自然语言直接查找、口语化或轻度噪声表达。,中等,这个Floating support structure / Floating Support structure / All structures里那个Structural break [11]，最后会咋样，后果说下。,"Watertight fault, Potential Floater Unit sinkage",失效后果 / FailureEffect / effect / result / consequence / 结果 / 后果 / 会怎样: Tower collapse,错误,0.0,660.37,语义RAG,0.0,0.0,0,,3,"Watertight fault, Potential Floater Unit sinkage",,,,,"Watertight fault, Potential Floater Unit sinkage",,潜在失效后果,71,
273,1773,baseline模型,baseline兼容旧逻辑,模块专项测试,module_m3_action,module_m3_colloquial,M3_自然语言检索,无编号、自然语言直接查找、口语化或轻度噪声表达。,中等,"这个Floating support structure / Floating Support structure / All structures里那个Hit by dropped objects [1,9]，一般咋处理，给个法子。",Expanded design load cases (including typhoon/hurricane scenarios); High-fidelity coupled aero-hydro-elastic simulation in design updates; -,建议措施 / RecommendedAction / action / 怎么处理 / 咋处理:,错误,0.0,586.06,语义RAG,0.0,0.0,0,,3,Expanded design load cases (including typhoon/hurricane scenarios); High-fidelity coupled aero-hydro-elastic simulation in design updates; -,,,,,Expanded design load cases (including typhoon/hurricane scenarios); High-fidelity coupled aero-hydro-elastic simulation in design updates; -,,建议措施,70,
274,1774,baseline模型,baseline兼容旧逻辑,模块专项测试,module_m3_cause2,module_m3_colloquial,M3_自然语言检索,无编号、自然语言直接查找、口语化或轻度噪声表达。,中等,我看这条有点糊，Floating support structure / Floating Support structure / Secondary structure & Welding那边的Watertight fault [1]，为啥会出这个毛病？,Manufacturing and Installation; Ventilation heads/Manholes failure due to Manufacturing defect/Welding defect,失效原因 / FailureCause / cause / reason / 为什么 / 为啥 / 咋来的: Maintenance; Insufficient structural strength due to ship collision [11],错误,0.0,706.72,语义RAG,0.0,0.0,0,,3,Manufacturing and Installation; Ventilation heads/Manholes failure due to Manufacturing defect/Welding defect,,,,,Manufacturing and Installation; Ventilation heads/Manholes failure due to Manufacturing defect/Welding defect,,潜在失效原因/机理,73,
275,1775,baseline模型,baseline兼容旧逻辑,模块专项测试,module_m3_effect2,module_m3_colloquial,M3_自然语言检索,无编号、自然语言直接查找、口语化或轻度噪声表达。,中等,这个Floating support structure / Floating Support structure / Welding，Cracks [11]这事会弄成啥后果，别太官方。,Watertight fault,watertight fault,正确,1.0,467.68,语义RAG,0.3333,1.0,0,,3,,,,,,Watertight fault,,潜在失效后果,74,
276,1776,baseline模型,baseline兼容旧逻辑,模块专项测试,module_m3_cause,module_m3_colloquial,M3_自然语言检索,无编号、自然语言直接查找、口语化或轻度噪声表达。,中等,"这个Station keeping / Anchor (AC)里那个Anchor failure [1], [17]，到底咋回事，原因是啥？",Operation; Abnormal working conditions,"失效模式：Anchor failure [1], [17] 原因：Operation; Cyclic degradation, Operation; Abnormal working conditions",正确,1.0,652.21,语义RAG,0.6667,1.0,0,,3,,,,,,Operation; Abnormal working conditions,,潜在失效原因/机理,75,
277,1777,baseline模型,baseline兼容旧逻辑,模块专项测试,module_m3_effect,module_m3_colloquial,M3_自然语言检索,无编号、自然语言直接查找、口语化或轻度噪声表达。,中等,"这个Station keeping / Anchor (AC)里那个Anchor failure [1], [17]，最后会咋样，后果说下。",Anchor failure,失效后果 / FailureEffect / effect / result / consequence / 结果 / 后果 / 会怎样: Anchor failure,正确,1.0,634.02,语义RAG,0.6667,1.0,0,,3,,,,,,Anchor failure,,潜在失效后果,76,
278,1778,baseline模型,baseline兼容旧逻辑,模块专项测试,module_m3_action,module_m3_colloquial,M3_自然语言检索,无编号、自然语言直接查找、口语化或轻度噪声表达。,中等,"这个Station keeping / Fairlead (FL)里那个Fairlead failure [1], [17]，一般咋处理，给个法子。",Continuous tension and vibration monitoring; thresholds for intervention; Fairlead geometry improvements and low-wear lining; Optimized chain/wire/rope selection and fatigue margins (design); -,"根据上下文，没有找到关于 `Station keeping / Fairlead (FL)` 中的 `Fairlead failure [1], [17]` 的建议措施。因此无法给出具体的处理方法。",错误,0.0,707.89,语义RAG,0.0,0.0,0,,3,Continuous tension and vibration monitoring; thresholds for intervention; Fairlead geometry improvements and low-wear lining; Optimized chain/wire/rope selection and fatigue margins (design); -,,,,,Continuous tension and vibration monitoring; thresholds for intervention; Fairlead geometry improvements and low-wear lining; Optimized chain/wire/rope selection and fatigue margins (design); -,,建议措施,79,
279,1779,baseline模型,baseline兼容旧逻辑,模块专项测试,module_m3_cause2,module_m3_colloquial,M3_自然语言检索,无编号、自然语言直接查找、口语化或轻度噪声表达。,中等,我看这条有点糊，Station keeping / Mooring Lines (ML) / Clump weight那边的Failure in clump weight，为啥会出这个毛病？,Operation,失效模式 / FailureMode：Failure in clump weight 失效原因 / FailureCause：Operation,正确,1.0,544.55,语义RAG,1.0,1.0,0,,3,,,,,,Operation,,潜在失效原因/机理,78,
280,1780,baseline模型,baseline兼容旧逻辑,模块专项测试,module_m3_effect2,module_m3_colloquial,M3_自然语言检索,无编号、自然语言直接查找、口语化或轻度噪声表达。,中等,这个Station keeping / Monitoring System，Monitoring system fails这事会弄成啥后果，别太官方。,Unable to monitor tension in the mooring lines,无法监测系泊缆绳的张力。,错误,0.0,479.73,语义RAG,0.3333,1.0,0,,3,Unable to monitor tension in the mooring lines,,,,,Unable to monitor tension in the mooring lines,,潜在失效后果,81,
281,1781,baseline模型,baseline兼容旧逻辑,模块专项测试,module_m3_cause,module_m3_colloquial,M3_自然语言检索,无编号、自然语言直接查找、口语化或轻度噪声表达。,中等,"这个Station keeping / Fairlead (FL)里那个Fairlead failure [1],[17]，到底咋回事，原因是啥？",Operation; Fairlead corrosion,"根据上下文，`Station keeping / Anchor (AC)` 中的 `Anchor failure [1], [17]` 的失效原因（FailureCause）是： - Operation; Cyclic degradation - Operation; Abnormal working conditions 但您询问的是 `Station keeping / Fairlead (FL)` 中的 `Fairlead failure [1],[17]`，上下文中并没有直接提到这个具体条目的信息。因此，根据提供的信息，无法回答该问题。",错误,0.0,1219.87,语义RAG,0.0,0.0,0,,3,Operation; Fairlead corrosion,,,,,Operation; Fairlead corrosion,,潜在失效原因/机理,80,
282,1782,baseline模型,baseline兼容旧逻辑,模块专项测试,module_m3_effect,module_m3_colloquial,M3_自然语言检索,无编号、自然语言直接查找、口语化或轻度噪声表达。,中等,这个Station keeping / Mooring Lines (ML) / Mooring lines里那个Mooring line breakage[8]，最后会咋样，后果说下。,Mooring line strength decrease or broken,失效后果 / FailureEffect / effect / result / consequence / 结果 / 后果 / 会怎样: Mooring line strength decrease or broken,正确,1.0,708.97,语义RAG,1.0,1.0,0,,3,,,,,,Mooring line strength decrease or broken,,潜在失效后果,83,
283,1783,baseline模型,baseline兼容旧逻辑,模块专项测试,module_m3_action,module_m3_colloquial,M3_自然语言检索,无编号、自然语言直接查找、口语化或轻度噪声表达。,中等,这个Station keeping / Mooring Lines (ML) / Mooring lines里那个Mooring Line Corrosion [1]，一般咋处理，给个法子。,Continuous tension and vibration monitoring; thresholds for intervention; Optimized chain/wire/rope selection and fatigue margins (design); -,根据上下文，Mooring Line Corrosion [1] 的建议措施未记录。,错误,0.0,655.48,语义RAG,0.0,0.0,0,,3,Continuous tension and vibration monitoring; thresholds for intervention; Optimized chain/wire/rope selection and fatigue margins (design); -,,,,,Continuous tension and vibration monitoring; thresholds for intervention; Optimized chain/wire/rope selection and fatigue margins (design); -,,建议措施,85,
284,1784,baseline模型,baseline兼容旧逻辑,模块专项测试,module_m3_cause2,module_m3_colloquial,M3_自然语言检索,无编号、自然语言直接查找、口语化或轻度噪声表达。,中等,我看这条有点糊，Station keeping / Mooring Lines (ML) / Mooring lines那边的Mooring line breakage[8]，为啥会出这个毛病？,Environmental condition; Abnormal stress due to mooring lines wear caused by unexpected seismic loads/ The tension overpassing the limit value can cause the mooring line to instantaneously break [18],失效原因 / FailureCause / cause / reason / 为什么 / 为啥 / 咋来的: Environmental condition; Mooring lines wear caused by unexpected external damage (from e.g. overtrawling)/particulate ingress/UV light; Environmental condition; Abnormal stress due to mooring lines wear caused by unexpected seismic loads/ The tension overpassing the limit value can cause the mooring line to instantaneously break [18]; Manufacturing; Poor splice quality/workmanship/qualification,正确,1.0,1300.91,语义RAG,0.3333,1.0,0,,3,,,18.0,,,Environmental condition; Abnormal stress due to mooring lines wear caused by unexpected seismic loads/ The tension overpassing the limit value can cause the mooring line to instantaneously break [18],,潜在失效原因/机理,83,
285,1785,baseline模型,baseline兼容旧逻辑,模块专项测试,module_m3_effect2,module_m3_colloquial,M3_自然语言检索,无编号、自然语言直接查找、口语化或轻度噪声表达。,中等,这个Station keeping / Mooring Lines (ML) / Mooring lines，Mooring Line Fatigue [1]这事会弄成啥后果，别太官方。,Mooring line strength decrease or broken,Mooring Line Fatigue [1] 这个失效模式会导致 mooring 线的强度下降或者断裂，从而影响资产的位置和固定。简单来说，就是 mooring 线可能会因为疲劳而变得不牢靠，甚至断掉，导致系泊的设备位置不准。,错误,0.0,1079.52,语义RAG,0.6667,1.0,0,,3,Mooring line strength decrease or broken,,,,,Mooring line strength decrease or broken,,潜在失效后果,86,
286,1786,baseline模型,baseline兼容旧逻辑,模块专项测试,module_m3_cause,module_m3_colloquial,M3_自然语言检索,无编号、自然语言直接查找、口语化或轻度噪声表达。,中等,这个Station keeping / Mooring Lines (ML) / Mooring lines里那个Mooring Line Corrosion [1]，到底咋回事，原因是啥？,Maintenance; Mooring lines corrosion due to improper maintenance of the corroded components,失效模式 / FailureMode: Mooring Line Corrosion [1] 失效原因 / FailureCause: Maintenance; Mooring lines corrosion due to improper maintenance of the corroded components.,正确,1.0,585.34,语义RAG,0.3333,1.0,0,,3,,,,,,Maintenance; Mooring lines corrosion due to improper maintenance of the corroded components,,潜在失效原因/机理,85,
287,1787,baseline模型,baseline兼容旧逻辑,模块专项测试,module_m3_effect,module_m3_colloquial,M3_自然语言检索,无编号、自然语言直接查找、口语化或轻度噪声表达。,中等,这个Station keeping / Mooring Lines (ML) / Mooring lines里那个Mooring line wear [1]，最后会咋样，后果说下。,Mooring line strength decrease or broken,失效后果 / FailureEffect / effect / result / consequence / 结果 / 后果 / 会怎样: Mooring line strength decrease or broken,正确,1.0,710.58,语义RAG,1.0,1.0,0,,3,,,,,,Mooring line strength decrease or broken,,潜在失效后果,88,
288,1788,baseline模型,baseline兼容旧逻辑,模块专项测试,module_m3_action,module_m3_colloquial,M3_自然语言检索,无编号、自然语言直接查找、口语化或轻度噪声表达。,中等,"这个Station keeping / Mooring lines (ML) / Mooring lines里那个Mooring lines broken [1,3]，一般咋处理，给个法子。",ROV visual inspections; targeted maintenance on wear zones; -,建议措施 / RecommendedAction / action / 怎么处理 / 咋处理: -,错误,0.0,639.92,语义RAG,0.0,0.0,0,,3,ROV visual inspections; targeted maintenance on wear zones; -,,,,,ROV visual inspections; targeted maintenance on wear zones; -,,建议措施,94,
289,1789,baseline模型,baseline兼容旧逻辑,模块专项测试,module_m3_cause2,module_m3_colloquial,M3_自然语言检索,无编号、自然语言直接查找、口语化或轻度噪声表达。,中等,我看这条有点糊，Station keeping / Mooring Lines (ML) / Mooring lines那边的Mooring line wear [1]，为啥会出这个毛病？,Manufacturing; Mooring lines wear due to poor quality during fabrication,"失效原因 / FailureCause / cause / reason / 为什么 / 为啥 / 咋来的: Operation; Mooring lines wear due to Improper handling, such as excessive tension, bending, or twisting of the mooring lines. Manufacturing; Mooring lines wear due to poor quality during fabrication. Design; Mooring lines wear due to underestimation of seisemic events during design or due to rope compression not considered.",正确,1.0,1142.42,语义RAG,0.3333,1.0,0,,3,,,,,,Manufacturing; Mooring lines wear due to poor quality during fabrication,,潜在失效原因/机理,88,
290,1790,baseline模型,baseline兼容旧逻辑,模块专项测试,module_m3_effect2,module_m3_colloquial,M3_自然语言检索,无编号、自然语言直接查找、口语化或轻度噪声表达。,中等,"这个Station keeping / Mooring lines (ML) / Mooring lines，Mooring lines broken [1,3]这事会弄成啥后果，别太官方。",Asset not in correct location or position,摩阻缆线断裂会导致强度下降或完全断裂，影响系泊稳定性。,错误,0.0,601.85,语义RAG,0.0,0.0,0,,3,Asset not in correct location or position,,,,,Asset not in correct location or position,,潜在失效后果,91,
291,1791,baseline模型,baseline兼容旧逻辑,模块专项测试,module_m3_cause,module_m3_colloquial,M3_自然语言检索,无编号、自然语言直接查找、口语化或轻度噪声表达。,中等,这个Station keeping / Mooring Lines (ML) / Mooring lines里那个Mooring line wear [1]，到底咋回事，原因是啥？,"Operation; Mooring lines wear due to Improper handling, such as excessive tension, bending, or twisting of the mooring lines.","失效模式 / FailureMode：Mooring line wear [1] 失效原因 / FailureCause：Operation; Mooring lines wear due to Improper handling, such as excessive tension, bending, or twisting of the mooring lines. Manufacturing; Mooring lines wear due to poor quality during fabrication",正确,1.0,986.49,语义RAG,0.3333,1.0,0,,3,,,,,,"Operation; Mooring lines wear due to Improper handling, such as excessive tension, bending, or twisting of the mooring lines.",,潜在失效原因/机理,90,
292,1792,baseline模型,baseline兼容旧逻辑,模块专项测试,module_m3_effect,module_m3_colloquial,M3_自然语言检索,无编号、自然语言直接查找、口语化或轻度噪声表达。,中等,"这个Station keeping / Mooring lines (ML) / Mooring lines里那个Mooring lines broken [1,3]，最后会咋样，后果说下。",Asset not in correct location or position,失效后果 / FailureEffect / effect / result / consequence / 结果 / 后果 / 会怎样: Asset not in correct location or position,正确,1.0,702.57,语义RAG,0.3333,1.0,0,,3,,,,,,Asset not in correct location or position,,潜在失效后果,93,
293,1793,baseline模型,baseline兼容旧逻辑,模块专项测试,module_m3_action,module_m3_colloquial,M3_自然语言检索,无编号、自然语言直接查找、口语化或轻度噪声表达。,中等,这个Dynamic cable / Dynamic Cable / Dynamic Cable/里那个Debris disturbance，一般咋处理，给个法子。,-; Environmental protections; debris management,不知道。上下文中的Dynamic cable失效模式没有包含Debris disturbance这一项。,错误,0.0,551.39,语义RAG,0.0,0.0,0,,3,-; Environmental protections; debris management,,,,,-; Environmental protections; debris management,,建议措施,104,
294,1794,baseline模型,baseline兼容旧逻辑,模块专项测试,module_m3_cause2,module_m3_colloquial,M3_自然语言检索,无编号、自然语言直接查找、口语化或轻度噪声表达。,中等,"我看这条有点糊，Station keeping / Mooring lines (ML) / Mooring lines那边的Mooring lines broken [1,3]，为啥会出这个毛病？","Operation; Friction chain wear due to significant movement and tension due to the forces of wind, waves",失效原因 / FailureCause / cause / reason / 为什么 / 为啥 / 咋来的: Operation; Mooring line wear due to hysteretic heating or wet-dry cycling,错误,0.0,773.16,语义RAG,0.0,0.0,0,,3,"Operation; Friction chain wear due to significant movement and tension due to the forces of wind, waves",,,,,"Operation; Friction chain wear due to significant movement and tension due to the forces of wind, waves",,潜在失效原因/机理,93,
295,1795,baseline模型,baseline兼容旧逻辑,模块专项测试,module_m3_effect2,module_m3_colloquial,M3_自然语言检索,无编号、自然语言直接查找、口语化或轻度噪声表达。,中等,这个Station keeping / Mooring lines (ML) / Mooring winch，Mooring winch failure [1]这事会弄成啥后果，别太官方。,Asset not in correct location or position,资产没有处于正确的位置或位置不正确。,错误,0.0,555.41,语义RAG,1.0,1.0,0,,3,Asset not in correct location or position,,,,,Asset not in correct location or position,,潜在失效后果,96,
296,1796,baseline模型,baseline兼容旧逻辑,模块专项测试,module_m3_cause,module_m3_colloquial,M3_自然语言检索,无编号、自然语言直接查找、口语化或轻度噪声表达。,中等,这个Station keeping / Mooring lines (ML) / Mooring winch里那个Mooring winch failure [1]，到底咋回事，原因是啥？,Design; Mooring winch failure due to understimation of loads during design phase,失效模式 / FailureMode：Mooring winch failure [1] 失效原因 / FailureCause：Design; Maintenance,错误,0.0,435.95,语义RAG,0.6667,1.0,0,,3,Design; Mooring winch failure due to understimation of loads during design phase,,,,,Design; Mooring winch failure due to understimation of loads during design phase,,潜在失效原因/机理,95,
297,1797,baseline模型,baseline兼容旧逻辑,模块专项测试,module_m3_effect,module_m3_colloquial,M3_自然语言检索,无编号、自然语言直接查找、口语化或轻度噪声表达。,中等,这个Dynamic cable / Dynamic Cable / Dynamic Cable/里那个anchoring damages，最后会咋样，后果说下。,Structural integrity damage - extra stress on cables,失效后果 / FailureEffect / effect / result / consequence / 结果 / 后果 / 会怎样: Structural integrity damage - extra stress on cables,正确,1.0,699.65,语义RAG,0.3333,1.0,0,,3,,,,,,Structural integrity damage - extra stress on cables,,潜在失效后果,98,
298,1798,baseline模型,baseline兼容旧逻辑,模块专项测试,module_m3_action,module_m3_colloquial,M3_自然语言检索,无编号、自然语言直接查找、口语化或轻度噪声表达。,中等,这个Dynamic cable / Dynamic Cable / Conductor里那个failures of conductors，一般咋处理，给个法子。,"-; Monitoring (DTS/RTTR, electrical integrity tests)",建议措施 / RecommendedAction / action / 怎么处理 / 咋处理: -,错误,0.0,563.81,语义RAG,0.0,0.0,0,,3,"-; Monitoring (DTS/RTTR, electrical integrity tests)",,,,,"-; Monitoring (DTS/RTTR, electrical integrity tests)",,建议措施,114,
299,1799,baseline模型,baseline兼容旧逻辑,模块专项测试,module_m3_cause2,module_m3_colloquial,M3_自然语言检索,无编号、自然语言直接查找、口语化或轻度噪声表达。,中等,我看这条有点糊，Dynamic cable / Dynamic Cable / Dynamic Cable/那边的anchoring damages，为啥会出这个毛病？,Environmental conditions; Anchor impacts - seabed movement,失效原因 / FailureCause / cause / reason / 为什么 / 为啥 / 咋来的: Environmental conditions; Anchor impacts - seabed movement,正确,1.0,694.6,语义RAG,0.3333,1.0,0,,3,,,,,,Environmental conditions; Anchor impacts - seabed movement,,潜在失效原因/机理,98,
300,1800,baseline模型,baseline兼容旧逻辑,模块专项测试,module_m3_effect2,module_m3_colloquial,M3_自然语言检索,无编号、自然语言直接查找、口语化或轻度噪声表达。,中等,这个Dynamic cable / Dynamic Cable / J-tube，Corrosion of J-tube [6]这事会弄成啥后果，别太官方。,J-tube degradation affecting cable integrity,J-tube的腐蚀会影响电缆的完整性。,错误,0.0,532.45,语义RAG,1.0,1.0,0,,3,J-tube degradation affecting cable integrity,,,,,J-tube degradation affecting cable integrity,,潜在失效后果,101,
301,1801,baseline模型,baseline兼容旧逻辑,模块专项测试,module_m4_bool_0,module_m4_adjudication,M4_证据裁决,是/否判断、证据是否存在、正负断言与裁决。,困难,FMEA编号“TO5”是不是有写建议措施？,是,否，FMEA编号“TO5”的所有失效模式都没有写建议措施。,错误,0.0,574.55,语义RAG,0.0,0.0,0,0.0,3,是/否判断,,,,,,,是/否判断,4,
302,1802,baseline模型,baseline兼容旧逻辑,模块专项测试,module_m4_bool_1,module_m4_adjudication,M4_证据裁决,是/否判断、证据是否存在、正负断言与裁决。,困难,项目/功能“Tower / Tower (TO) / Primary steelwork”里有没有“Abnormal vibration”这个问题？,是,有。在项目/功能“Tower / Tower (TO) / Primary steelwork”中存在失效模式“Abnormal vibration”。,正确,1.0,686.01,语义RAG,1.0,1.0,0,1.0,3,,,,,,,,是/否判断,1,
303,1803,baseline模型,baseline兼容旧逻辑,模块专项测试,module_m4_bool_2,module_m4_adjudication,M4_证据裁决,是/否判断、证据是否存在、正负断言与裁决。,困难,失效模式“Abnormal vibration”的后果是不是“Potential collapse”？,是,不是，“Abnormal vibration”的后果是“potential tower connections failure”。,错误,0.0,589.17,语义RAG,0.6667,0.6667,0,0.6667,3,是/否判断,,,,,,,是/否判断,2,
304,1804,baseline模型,baseline兼容旧逻辑,模块专项测试,module_m4_bool_3,module_m4_adjudication,M4_证据裁决,是/否判断、证据是否存在、正负断言与裁决。,困难,FMEA编号“TO4”是不是属于项目/功能“Transition piece / Transition Piece (TP) / Primary structure”？,否,是的，FMEA编号“TO4”的项目/功能确实是“Transition piece / Transition Piece (TP) / Primary structure & welding”。,错误,0.0,643.99,语义RAG,1.0,1.0,0,1.0,3,是/否判断,,,,,,,是/否判断,3,
305,1805,baseline模型,baseline兼容旧逻辑,模块专项测试,module_m4_bool_4,module_m4_adjudication,M4_证据裁决,是/否判断、证据是否存在、正负断言与裁决。,困难,项目/功能“Tower / Tower (TO) / Primary steelwork”里有没有“Structural plastic deformation”这个问题？,否,没有。在项目/功能“Tower / Tower (TO) / Primary steelwork”中，失效模式是“Plastic deformation”。,正确,1.0,663.06,语义RAG,1.0,1.0,0,1.0,3,,,,,,,,是/否判断,4,
306,1806,baseline模型,baseline兼容旧逻辑,模块专项测试,module_m4_bool_5,module_m4_adjudication,M4_证据裁决,是/否判断、证据是否存在、正负断言与裁决。,困难,这条记录的现行预防控制是不是空的？,是,否,错误,0.0,424.53,语义RAG,0.0,0.0,0,0.0,3,是/否判断,,,,,,,是/否判断,5,
307,1807,baseline模型,baseline兼容旧逻辑,模块专项测试,module_m4_bool_0,module_m4_adjudication,M4_证据裁决,是/否判断、证据是否存在、正负断言与裁决。,困难,FMEA编号“TP3”是不是有写建议措施？,是,否，FMEA编号“TP3”的记录中没有写明建议措施。,错误,0.0,558.45,语义RAG,0.0,0.0,0,0.0,3,是/否判断,,,,,,,是/否判断,26,
308,1808,baseline模型,baseline兼容旧逻辑,模块专项测试,module_m4_bool_1,module_m4_adjudication,M4_证据裁决,是/否判断、证据是否存在、正负断言与裁决。,困难,项目/功能“Tower / Tower (TO) / Primary structure & welding”里有没有“Cracks”这个问题？,是,有。在项目/功能“Tower / Tower (TO) / Primary structure & welding”中存在失效模式“Cracks”的问题。,正确,1.0,676.65,语义RAG,1.0,1.0,0,1.0,3,,,,,,,,是/否判断,7,
309,1809,baseline模型,baseline兼容旧逻辑,模块专项测试,module_m4_bool_2,module_m4_adjudication,M4_证据裁决,是/否判断、证据是否存在、正负断言与裁决。,困难,失效模式“Cracks”的后果是不是“Potential collapse”？,是,是的，失效模式“Cracks”的后果是“Potential collapse”。,正确,1.0,564.57,语义RAG,0.6667,0.6667,0,0.6667,3,,,,,,,,是/否判断,8,
310,1810,baseline模型,baseline兼容旧逻辑,模块专项测试,module_m4_bool_3,module_m4_adjudication,M4_证据裁决,是/否判断、证据是否存在、正负断言与裁决。,困难,FMEA编号“TO10”是不是属于项目/功能“Transition piece / Transition Piece (TP) / Primary stucture”？,否,是的，FMEA编号“TO10”属于项目/功能“Transition piece / Transition Piece (TP) / Primary structure”。,错误,0.0,660.96,语义RAG,0.0,0.0,0,0.0,3,是/否判断,,,,,,,是/否判断,9,
311,1811,baseline模型,baseline兼容旧逻辑,模块专项测试,module_m4_bool_4,module_m4_adjudication,M4_证据裁决,是/否判断、证据是否存在、正负断言与裁决。,困难,项目/功能“Tower / Tower (TO) / Welding”里有没有“Watertight fault [1]”这个问题？,否,"没有。""Watertight fault [1]""的问题发生在“Floating support structure / Floating Support structure / Secondary structure & Welding”，而不是“Tower / Tower (TO) / Welding”。",正确,1.0,758.97,语义RAG,0.3333,0.3333,0,0.3333,3,,,,,,,,是/否判断,10,
312,1812,baseline模型,baseline兼容旧逻辑,模块专项测试,module_m4_bool_5,module_m4_adjudication,M4_证据裁决,是/否判断、证据是否存在、正负断言与裁决。,困难,这条记录的现行预防控制是不是空的？,是,否,错误,0.0,448.26,语义RAG,0.0,0.0,0,0.0,3,是/否判断,,,,,,,是/否判断,11,
313,1813,baseline模型,baseline兼容旧逻辑,模块专项测试,module_m4_bool_0,module_m4_adjudication,M4_证据裁决,是/否判断、证据是否存在、正负断言与裁决。,困难,FMEA编号“FF2”是不是有写建议措施？,是,否，FMEA编号“FF2”的建议措施字段都是空的。,错误,0.0,539.56,语义RAG,0.0,0.0,0,0.0,3,是/否判断,,,,,,,是/否判断,46,
314,1814,baseline模型,baseline兼容旧逻辑,模块专项测试,module_m4_bool_1,module_m4_adjudication,M4_证据裁决,是/否判断、证据是否存在、正负断言与裁决。,困难,项目/功能“Tower / Tower (TO) / Primary steelwork”里有没有“Cracks”这个问题？,是,有。在项目/功能“Tower / Tower (TO) / Primary steelwork”中存在“Cracks”这一失效模式。,正确,1.0,676.99,语义RAG,1.0,1.0,0,1.0,3,,,,,,,,是/否判断,13,
315,1815,baseline模型,baseline兼容旧逻辑,模块专项测试,module_m4_bool_2,module_m4_adjudication,M4_证据裁决,是/否判断、证据是否存在、正负断言与裁决。,困难,失效模式“Cracks”的后果是不是“Potential collapse”？,是,是的，失效模式“Cracks”的后果是“Potential collapse”。,正确,1.0,512.51,语义RAG,0.6667,0.6667,0,0.6667,3,,,,,,,,是/否判断,14,
316,1816,baseline模型,baseline兼容旧逻辑,模块专项测试,module_m4_bool_3,module_m4_adjudication,M4_证据裁决,是/否判断、证据是否存在、正负断言与裁决。,困难,FMEA编号“TO16”是不是属于项目/功能“Transition piece / Transition Piece (TP) / Primary structure & welding”？,否,是的，FMEA编号“TO16”属于项目/功能“Transition piece / Transition Piece (TP) / Primary structure & welding”。,错误,0.0,660.44,语义RAG,1.0,1.0,0,1.0,3,是/否判断,,,,,,,是/否判断,15,
317,1817,baseline模型,baseline兼容旧逻辑,模块专项测试,module_m4_bool_4,module_m4_adjudication,M4_证据裁决,是/否判断、证据是否存在、正负断言与裁决。,困难,"项目/功能“Tower / Tower (TO) / Primary steelwork”里有没有“Fairlead failure [1], [17]”这个问题？",否,"没有。上下文中的失效模式均未包含“Fairlead failure [1, 17]”。",正确,1.0,652.64,语义RAG,1.0,1.0,0,1.0,3,,,,,,,,是/否判断,16,
318,1818,baseline模型,baseline兼容旧逻辑,模块专项测试,module_m4_bool_5,module_m4_adjudication,M4_证据裁决,是/否判断、证据是否存在、正负断言与裁决。,困难,这条记录的现行预防控制是不是空的？,是,否,错误,0.0,420.5,语义RAG,0.0,0.0,0,0.0,3,是/否判断,,,,,,,是/否判断,17,
319,1819,baseline模型,baseline兼容旧逻辑,模块专项测试,module_m4_bool_0,module_m4_adjudication,M4_证据裁决,是/否判断、证据是否存在、正负断言与裁决。,困难,FMEA编号“FF24”是不是有写建议措施？,是,否，FMEA编号“FF24”的记录中没有写明建议措施。,错误,0.0,537.73,语义RAG,0.0,0.0,0,0.0,3,是/否判断,,,,,,,是/否判断,68,
320,1820,baseline模型,baseline兼容旧逻辑,模块专项测试,module_m4_bool_1,module_m4_adjudication,M4_证据裁决,是/否判断、证据是否存在、正负断言与裁决。,困难,项目/功能“Tower / Tower (TO) / Primary steelwork”里有没有“Cracks”这个问题？,是,有。在项目/功能“Tower / Tower (TO) / Primary steelwork”中存在“Cracks”这一失效模式。,正确,1.0,661.9,语义RAG,1.0,1.0,0,1.0,3,,,,,,,,是/否判断,19,
321,1821,baseline模型,baseline兼容旧逻辑,模块专项测试,module_m4_bool_2,module_m4_adjudication,M4_证据裁决,是/否判断、证据是否存在、正负断言与裁决。,困难,失效模式“Cracks”的后果是不是“Failure of whole facility and vast economic loses”？,是,是的，失效模式“Cracks”的后果是“Failure of whole facility and vast economic loses”。,正确,1.0,570.26,语义RAG,0.6667,0.6667,0,0.6667,3,,,,,,,,是/否判断,20,
322,1822,baseline模型,baseline兼容旧逻辑,模块专项测试,module_m4_bool_3,module_m4_adjudication,M4_证据裁决,是/否判断、证据是否存在、正负断言与裁决。,困难,FMEA编号“TO22”是不是属于项目/功能“Transition piece / Transition Piece (TP) / Primary structure & welding”？,否,是的，FMEA编号“TO22”属于项目/功能“Transition piece / Transition Piece (TP) / Primary structure & welding”。,错误,0.0,679.39,语义RAG,1.0,1.0,0,1.0,3,是/否判断,,,,,,,是/否判断,21,
323,1823,baseline模型,baseline兼容旧逻辑,模块专项测试,module_m4_bool_4,module_m4_adjudication,M4_证据裁决,是/否判断、证据是否存在、正负断言与裁决。,困难,项目/功能“Tower / Tower (TO) / Primary steelwork”里有没有“Mooring Line Fatigue [1]”这个问题？,否,没有。上下文中的失效模式都是关于“Cracks”，没有提到“Mooring Line Fatigue [1]”。,正确,1.0,669.74,语义RAG,1.0,1.0,0,1.0,3,,,,,,,,是/否判断,22,
324,1824,baseline模型,baseline兼容旧逻辑,模块专项测试,module_m4_bool_5,module_m4_adjudication,M4_证据裁决,是/否判断、证据是否存在、正负断言与裁决。,困难,这条记录的现行预防控制是不是空的？,是,否,错误,0.0,408.79,语义RAG,0.0,0.0,0,0.0,3,是/否判断,,,,,,,是/否判断,23,
325,1825,baseline模型,baseline兼容旧逻辑,模块专项测试,module_m4_bool_0,module_m4_adjudication,M4_证据裁决,是/否判断、证据是否存在、正负断言与裁决。,困难,FMEA编号“SKS2”是不是有写建议措施？,是,否，FMEA编号“SKS2”的所有失效模式中都没有写明建议措施。,错误,0.0,606.73,语义RAG,0.0,0.0,0,0.0,3,是/否判断,,,,,,,是/否判断,76,
326,1826,baseline模型,baseline兼容旧逻辑,模块专项测试,module_m4_bool_1,module_m4_adjudication,M4_证据裁决,是/否判断、证据是否存在、正负断言与裁决。,困难,项目/功能“Transition piece / Transition Piece (TP) / Primary structure”里有没有“Transition piece break”这个问题？,是,是的，项目/功能“Transition piece / Transition Piece (TP) / Primary structure”里有“Transition piece break”这个失效模式。,正确,1.0,692.14,语义RAG,1.0,1.0,0,1.0,3,,,,,,,,是/否判断,25,
327,1827,baseline模型,baseline兼容旧逻辑,模块专项测试,module_m4_bool_2,module_m4_adjudication,M4_证据裁决,是/否判断、证据是否存在、正负断言与裁决。,困难,失效模式“Structural plastic deformation”的后果是不是“Local stress accumulation”？,是,是的，失效模式“Structural plastic deformation”的后果是“Local stress accumulation”。,正确,1.0,609.44,语义RAG,1.0,1.0,0,1.0,3,,,,,,,,是/否判断,26,
328,1828,baseline模型,baseline兼容旧逻辑,模块专项测试,module_m4_bool_3,module_m4_adjudication,M4_证据裁决,是/否判断、证据是否存在、正负断言与裁决。,困难,FMEA编号“TP4”是不是属于项目/功能“Transition piece / Transition Piece (TP) / Welding”？,否,是的，FMEA编号“TP4”属于项目/功能“Transition piece / Transition Piece (TP) / Primary structure & welding”。,错误,0.0,672.27,语义RAG,0.0,0.0,0,0.0,3,是/否判断,,,,,,,是/否判断,27,
329,1829,baseline模型,baseline兼容旧逻辑,模块专项测试,module_m4_bool_4,module_m4_adjudication,M4_证据裁决,是/否判断、证据是否存在、正负断言与裁决。,困难,项目/功能“Transition piece / Transition Piece (TP) / Primary structure & welding”里有没有“Cable Damage”这个问题？,否,没有。根据上下文，项目/功能“Transition piece / Transition Piece (TP) / Primary structure & welding”里的失效模式都是关于裂缝（Cracks），并没有提到“Cable Damage”。,正确,1.0,803.72,语义RAG,1.0,1.0,0,1.0,3,,,,,,,,是/否判断,28,
330,1830,baseline模型,baseline兼容旧逻辑,模块专项测试,module_m4_bool_5,module_m4_adjudication,M4_证据裁决,是/否判断、证据是否存在、正负断言与裁决。,困难,这条记录的现行预防控制是不是空的？,是,否,错误,0.0,425.49,语义RAG,0.0,0.0,0,0.0,3,是/否判断,,,,,,,是/否判断,29,
331,1831,baseline模型,baseline兼容旧逻辑,模块专项测试,module_m4_bool_0,module_m4_adjudication,M4_证据裁决,是/否判断、证据是否存在、正负断言与裁决。,困难,FMEA编号“SKS11”是不是有写建议措施？,是,否，FMEA编号“SKS11”的所有失效模式都没有写明建议措施。,错误,0.0,575.69,语义RAG,0.0,0.0,0,0.0,3,是/否判断,,,,,,,是/否判断,85,
332,1832,baseline模型,baseline兼容旧逻辑,模块专项测试,module_m4_bool_1,module_m4_adjudication,M4_证据裁决,是/否判断、证据是否存在、正负断言与裁决。,困难,项目/功能“Transition piece / Transition Piece (TP) / Primary structure”里有没有“Cracks”这个问题？,是,是的，项目/功能“Transition piece / Transition Piece (TP) / Primary structure”中有“Cracks”这个失效模式。,正确,1.0,653.08,语义RAG,1.0,1.0,0,1.0,3,,,,,,,,是/否判断,31,
333,1833,baseline模型,baseline兼容旧逻辑,模块专项测试,module_m4_bool_2,module_m4_adjudication,M4_证据裁决,是/否判断、证据是否存在、正负断言与裁决。,困难,失效模式“Cracks”的后果是不是“Tower transition piece connections failure/ displacement variations between tower end”？,是,是的，失效模式“Cracks”的后果是“Tower transition piece connections failure/ displacement variations between tower end”。,正确,1.0,654.6,语义RAG,0.6667,0.6667,0,0.6667,3,,,,,,,,是/否判断,32,
334,1834,baseline模型,baseline兼容旧逻辑,模块专项测试,module_m4_bool_3,module_m4_adjudication,M4_证据裁决,是/否判断、证据是否存在、正负断言与裁决。,困难,FMEA编号“TP10”是不是属于项目/功能“Floating support structure / Floating Support structure / Secondary structure”？,否,不是。根据上下文，编号为“TP10”的FMEA信息没有明确指出其归属于哪个项目/功能位置，而“Floating support structure / Floating Support structure / Secondary structure”对应的最高风险条目编号为空（FMEA编号=None）。因此，“TP10”不属于该项目/功能。,正确,1.0,963.3,语义RAG,0.6667,0.6667,0,0.6667,3,,,,,,,,是/否判断,33,
335,1835,baseline模型,baseline兼容旧逻辑,模块专项测试,module_m4_bool_4,module_m4_adjudication,M4_证据裁决,是/否判断、证据是否存在、正负断言与裁决。,困难,项目/功能“Transition piece / Transition Piece (TP) / Primary structure & welding”里有没有“Failure of end termination [6]”这个问题？,否,没有。上下文中的失效模式都是关于“Cracks”，没有提到“Failure of end termination [6]”。,正确,1.0,634.97,语义RAG,1.0,1.0,0,1.0,3,,,,,,,,是/否判断,34,
336,1836,baseline模型,baseline兼容旧逻辑,模块专项测试,module_m4_bool_5,module_m4_adjudication,M4_证据裁决,是/否判断、证据是否存在、正负断言与裁决。,困难,这条记录的现行预防控制是不是空的？,是,否,错误,0.0,417.7,语义RAG,0.0,0.0,0,0.0,3,是/否判断,,,,,,,是/否判断,35,
337,1837,baseline模型,baseline兼容旧逻辑,模块专项测试,module_m4_bool_0,module_m4_adjudication,M4_证据裁决,是/否判断、证据是否存在、正负断言与裁决。,困难,FMEA编号“SKS22”是不是有写建议措施？,是,否，根据上下文中的信息，“SKS22”对应的FMEA编号下的失效模式均没有建议措施。,错误,0.0,625.07,语义RAG,0.0,0.0,0,0.0,3,是/否判断,,,,,,,是/否判断,96,
338,1838,baseline模型,baseline兼容旧逻辑,模块专项测试,module_m4_bool_1,module_m4_adjudication,M4_证据裁决,是/否判断、证据是否存在、正负断言与裁决。,困难,项目/功能“Transition piece / Transition Piece (TP) / Primary structure & welding”里有没有“Cracks”这个问题？,是,有。在项目/功能“Transition piece / Transition Piece (TP) / Primary structure & welding”中存在“Cracks”这一失效模式。,正确,1.0,709.01,语义RAG,1.0,1.0,0,1.0,3,,,,,,,,是/否判断,37,
339,1839,baseline模型,baseline兼容旧逻辑,模块专项测试,module_m4_bool_2,module_m4_adjudication,M4_证据裁决,是/否判断、证据是否存在、正负断言与裁决。,困难,失效模式“Cracks”的后果是不是“Tower transition piece connections failure/ displacement variations between tower end”？,是,是的，失效模式“Cracks”的后果是“Tower transition piece connections failure/ displacement variations between tower end”。,正确,1.0,619.46,语义RAG,0.6667,0.6667,0,0.6667,3,,,,,,,,是/否判断,38,
340,1840,baseline模型,baseline兼容旧逻辑,模块专项测试,module_m4_bool_3,module_m4_adjudication,M4_证据裁决,是/否判断、证据是否存在、正负断言与裁决。,困难,FMEA编号“TP16”是不是属于项目/功能“Floating support structure / Floating Support structure / Secondary structure”？,否,不是。根据上下文，编号为“TP16”的FMEA条目发生的项目/功能是“Floating support structure / Floating Support structure / All structures”，而不是“Secondary structure”。,正确,1.0,751.95,语义RAG,0.6667,0.6667,0,0.6667,3,,,,,,,,是/否判断,39,
341,1841,baseline模型,baseline兼容旧逻辑,模块专项测试,module_m4_bool_4,module_m4_adjudication,M4_证据裁决,是/否判断、证据是否存在、正负断言与裁决。,困难,项目/功能“Transition piece / Transition Piece (TP) / Primary structure & welding”里有没有“Fatigue Cracks”这个问题？,否,"有。在 ""Transition piece / Transition Piece (TP) / Primary structure & welding"" 这个项目/功能中，存在失效模式 “Cracks”，并且该失效模式与疲劳裂纹相关。具体表现为： 1. 在编号 [2] 中提到的失效原因 `Operation; Cycling loading could cause microstructural changes in the material and eventually lead to fatigue crack initiation` 指出循环载荷会导致材料微观结构变化，最终引发疲劳裂纹。 2. 其他编号 [1] 和 [3] 也提到了与焊接相关的疲劳裂纹问题。 因此，“Fatigue Cracks”是该项目/功能中的一个失效模式。",错误,0.0,1592.73,语义RAG,1.0,1.0,0,1.0,3,是/否判断,,,,,,,是/否判断,40,
342,1842,baseline模型,baseline兼容旧逻辑,模块专项测试,module_m4_bool_5,module_m4_adjudication,M4_证据裁决,是/否判断、证据是否存在、正负断言与裁决。,困难,这条记录的现行预防控制是不是空的？,是,否,错误,0.0,424.93,语义RAG,0.0,0.0,0,0.0,3,是/否判断,,,,,,,是/否判断,41,
343,1843,baseline模型,baseline兼容旧逻辑,模块专项测试,module_m4_bool_0,module_m4_adjudication,M4_证据裁决,是/否判断、证据是否存在、正负断言与裁决。,困难,FMEA编号“DC11”是不是有写建议措施？,是,否，FMEA编号“DC11”的所有失效模式都没有写明建议措施。,错误,0.0,568.41,语义RAG,0.0,0.0,0,0.0,3,是/否判断,,,,,,,是/否判断,107,
344,1844,baseline模型,baseline兼容旧逻辑,模块专项测试,module_m4_bool_1,module_m4_adjudication,M4_证据裁决,是/否判断、证据是否存在、正负断言与裁决。,困难,项目/功能“Transition piece / Transition Piece (TP) / Welding”里有没有“Cracks”这个问题？,是,是的，项目/功能“Transition piece / Transition Piece (TP) / Welding”里有“Cracks”这个失效模式。,正确,1.0,658.8,语义RAG,0.6667,0.6667,0,0.6667,3,,,,,,,,是/否判断,43,
345,1845,baseline模型,baseline兼容旧逻辑,模块专项测试,module_m4_bool_2,module_m4_adjudication,M4_证据裁决,是/否判断、证据是否存在、正负断言与裁决。,困难,失效模式“Cracks”的后果是不是“Tower transition piece connections failure”？,是,是的，失效模式“Cracks”的后果是“Tower transition piece connections failure”。,正确,1.0,618.26,语义RAG,1.0,1.0,0,1.0,3,,,,,,,,是/否判断,44,
346,1846,baseline模型,baseline兼容旧逻辑,模块专项测试,module_m4_bool_3,module_m4_adjudication,M4_证据裁决,是/否判断、证据是否存在、正负断言与裁决。,困难,FMEA编号“FF1”是不是属于项目/功能“Floating support structure / Floating Support structure / Primary structure & Welding”？,否,不是。FMEA编号“FF1”不属于项目/功能“Floating support structure / Floating Support structure / Primary structure & Welding”，而是属于“Floating support structure / Floating Support structure / All structures”，具体失效模式为“Structural plastic deformation [11]”。,正确,1.0,913.26,语义RAG,0.3333,0.3333,0,0.3333,3,,,,,,,,是/否判断,45,
347,1847,baseline模型,baseline兼容旧逻辑,模块专项测试,module_m4_bool_4,module_m4_adjudication,M4_证据裁决,是/否判断、证据是否存在、正负断言与裁决。,困难,项目/功能“Floating support structure / Floating Support structure / Primary structure”里有没有“Movement of CPS due to scour/seabed mobility [6]”这个问题？,否,没有。上下文中的失效模式“Movement of CPS due to scour/seabed mobility [6]”发生在“Dynamic cable / Dynamic Cable / Cable Protection System (CPS)”而非“Floating support structure / Floating Support structure / Primary structure”。,正确,1.0,838.15,语义RAG,1.0,1.0,0,1.0,3,,,,,,,,是/否判断,46,
348,1848,baseline模型,baseline兼容旧逻辑,模块专项测试,module_m4_bool_5,module_m4_adjudication,M4_证据裁决,是/否判断、证据是否存在、正负断言与裁决。,困难,这条记录的现行预防控制是不是空的？,是,否,错误,0.0,429.18,语义RAG,0.0,0.0,0,0.0,3,是/否判断,,,,,,,是/否判断,47,
349,1849,baseline模型,baseline兼容旧逻辑,模块专项测试,module_m4_bool_0,module_m4_adjudication,M4_证据裁决,是/否判断、证据是否存在、正负断言与裁决。,困难,FMEA编号“DC26”是不是有写建议措施？,是,否，FMEA编号“DC26”的建议措施字段为空。,错误,0.0,500.71,语义RAG,0.0,0.0,0,0.0,3,是/否判断,,,,,,,是/否判断,122,
350,1850,baseline模型,baseline兼容旧逻辑,模块专项测试,module_m4_bool_1,module_m4_adjudication,M4_证据裁决,是/否判断、证据是否存在、正负断言与裁决。,困难,项目/功能“Floating support structure / Floating Support structure / All structures”里有没有“Structural break [11]”这个问题？,是,没有。在项目/功能“Floating support structure / Floating Support structure / All structures”中，存在的问题是“Structural plastic deformation [11]”。,错误,0.0,704.76,语义RAG,0.6667,0.6667,0,0.6667,3,是/否判断,,,,,,,是/否判断,49,
351,1851,baseline模型,baseline兼容旧逻辑,模块专项测试,module_m4_bool_2,module_m4_adjudication,M4_证据裁决,是/否判断、证据是否存在、正负断言与裁决。,困难,失效模式“Additional Structures Failures”的后果是不是“Potential failure”？,是,不是，“Additional Structures Failures”的失效后果是“Potential failure of landing platform”。,错误,0.0,556.21,语义RAG,0.3333,0.3333,0,0.3333,3,是/否判断,,,,,,,是/否判断,50,
352,1852,baseline模型,baseline兼容旧逻辑,模块专项测试,module_m4_bool_3,module_m4_adjudication,M4_证据裁决,是/否判断、证据是否存在、正负断言与裁决。,困难,FMEA编号“FF7”是不是属于项目/功能“Floating support structure / Floating Support structure / Primary structure & Welding”？,否,不是。FMEA编号“FF7”不属于项目/功能“Floating support structure / Floating Support structure / Primary structure & Welding”，因为该项目的记录数量为3，但未出现编号为FF7的条目。,正确,1.0,834.57,语义RAG,0.3333,0.3333,0,0.3333,3,,,,,,,,是/否判断,51,
353,1853,baseline模型,baseline兼容旧逻辑,模块专项测试,module_m4_bool_4,module_m4_adjudication,M4_证据裁决,是/否判断、证据是否存在、正负断言与裁决。,困难,项目/功能“Floating support structure / Floating Support structure / Primary structure & Welding”里有没有“Plastic deformation”这个问题？,否,没有。在项目/功能“Floating support structure / Floating Support structure / All structures”中，存在失效模式“Structural plastic deformation”，但不在“Primary structure & Welding”这个具体位置。,正确,1.0,810.35,语义RAG,1.0,1.0,0,1.0,3,,,,,,,,是/否判断,52,
354,1854,baseline模型,baseline兼容旧逻辑,模块专项测试,module_m4_bool_5,module_m4_adjudication,M4_证据裁决,是/否判断、证据是否存在、正负断言与裁决。,困难,这条记录的现行预防控制是不是空的？,是,否,错误,0.0,427.53,语义RAG,0.0,0.0,0,0.0,3,是/否判断,,,,,,,是/否判断,53,
355,1855,baseline模型,baseline兼容旧逻辑,模块专项测试,module_m4_bool_0,module_m4_adjudication,M4_证据裁决,是/否判断、证据是否存在、正负断言与裁决。,困难,FMEA编号“TO7”是不是有写建议措施？,是,没有。所有 FMEA 编号中的建议措施 / RecommendedAction 字段都是空的。,错误,0.0,579.86,语义RAG,0.0,0.0,0,0.0,3,是/否判断,,,,,,,是/否判断,6,
356,1856,baseline模型,baseline兼容旧逻辑,模块专项测试,module_m4_bool_1,module_m4_adjudication,M4_证据裁决,是/否判断、证据是否存在、正负断言与裁决。,困难,项目/功能“Floating support structure / Floating Support structure / Secondary structure”里有没有“Additional Structures Failures”这个问题？,是,不知道。,错误,0.0,438.1,语义RAG,0.0,0.0,1,0.0,3,是/否判断,,,,,,,是/否判断,55,
357,1857,baseline模型,baseline兼容旧逻辑,模块专项测试,module_m4_bool_2,module_m4_adjudication,M4_证据裁决,是/否判断、证据是否存在、正负断言与裁决。,困难,失效模式“Additional Structures Failures”的后果是不是“Potential failure of landing platform”？,是,是的，失效模式“Additional Structures Failures”的后果是“Potential failure of landing platform”。,正确,1.0,607.26,语义RAG,0.6667,0.6667,0,0.6667,3,,,,,,,,是/否判断,56,
358,1858,baseline模型,baseline兼容旧逻辑,模块专项测试,module_m4_bool_3,module_m4_adjudication,M4_证据裁决,是/否判断、证据是否存在、正负断言与裁决。,困难,FMEA编号“FF13”是不是属于项目/功能“Floating support structure / Floating Support structure / Welding”？,否,不是。根据上下文，项目/功能“Floating support structure / Floating Support structure / Welding”下的记录数量为3条，但没有提到FMEA编号“FF13”。,正确,1.0,772.06,语义RAG,0.0,0.0,0,0.0,3,,,,,,,,是/否判断,57,
359,1859,baseline模型,baseline兼容旧逻辑,模块专项测试,module_m4_bool_4,module_m4_adjudication,M4_证据裁决,是/否判断、证据是否存在、正负断言与裁决。,困难,"项目/功能“Floating support structure / Floating Support structure / Secondary structure”里有没有“Hit by dropped objects [1,9]”这个问题？",否,"没有。根据上下文，""Hit by dropped objects [1,9]"" 这个失效模式发生在 ""Floating support structure / Floating Support structure / All structures"" 中，而不是 ""Secondary structure""。",正确,1.0,789.68,语义RAG,1.0,1.0,0,1.0,3,,,,,,,,是/否判断,58,
360,1860,baseline模型,baseline兼容旧逻辑,模块专项测试,module_m4_bool_5,module_m4_adjudication,M4_证据裁决,是/否判断、证据是否存在、正负断言与裁决。,困难,这条记录的现行预防控制是不是空的？,是,否,错误,0.0,410.75,语义RAG,0.0,0.0,0,0.0,3,是/否判断,,,,,,,是/否判断,59,
361,1861,baseline模型,baseline兼容旧逻辑,模块专项测试,module_m4_bool_0,module_m4_adjudication,M4_证据裁决,是/否判断、证据是否存在、正负断言与裁决。,困难,FMEA编号“TP9”是不是有写建议措施？,是,否，FMEA编号“TP9”的记录中没有写明建议措施。,错误,0.0,554.57,语义RAG,0.0,0.0,0,0.0,3,是/否判断,,,,,,,是/否判断,32,
362,1862,baseline模型,baseline兼容旧逻辑,模块专项测试,module_m4_bool_1,module_m4_adjudication,M4_证据裁决,是/否判断、证据是否存在、正负断言与裁决。,困难,项目/功能“Floating support structure / Floating Support structure / Secondary structure”里有没有“Additional Structures Failures”这个问题？,是,不知道。,错误,0.0,474.06,语义RAG,0.0,0.0,1,0.0,3,是/否判断,,,,,,,是/否判断,61,
363,1863,baseline模型,baseline兼容旧逻辑,模块专项测试,module_m4_bool_2,module_m4_adjudication,M4_证据裁决,是/否判断、证据是否存在、正负断言与裁决。,困难,"失效模式“Watertight fault [1]”的后果是不是“If these cracks propagate through the wall and lie under water or within the splash zone, then they constitute a risk to the watertightness.”？",是,"是的，失效模式“Watertight fault [1]”的后果是“If these cracks propagate through the wall and lie under water or within the splash zone, then they constitute a risk to the watertightness.”。",正确,1.0,893.1,语义RAG,0.6667,0.6667,0,0.6667,3,,,,,,,,是/否判断,62,
364,1864,baseline模型,baseline兼容旧逻辑,模块专项测试,module_m4_bool_3,module_m4_adjudication,M4_证据裁决,是/否判断、证据是否存在、正负断言与裁决。,困难,FMEA编号“FF19”是不是属于项目/功能“Station keeping / Fairlead (FL)”？,否,不知道。上下文中的项目/功能并未包含“Station keeping / Fairlead (FL)”，因此无法判断FMEA编号“FF19”是否属于该项目/功能。,正确,1.0,697.71,语义RAG,0.0,0.0,0,0.0,3,,,,,,,,是/否判断,63,
365,1865,baseline模型,baseline兼容旧逻辑,模块专项测试,module_m4_bool_4,module_m4_adjudication,M4_证据裁决,是/否判断、证据是否存在、正负断言与裁决。,困难,"项目/功能“Floating support structure / Floating Support structure / All structures”里有没有“Anchor failure [1], [17]”这个问题？",否,"没有。上下文中的“Floating support structure / Floating Support structure / Secondary structure”对应的失效模式是“Additional Structures Failures”，而不是“Anchor failure [1, 17]”。",正确,1.0,779.99,语义RAG,0.0,0.0,0,0.0,3,,,,,,,,是/否判断,64,
366,1866,baseline模型,baseline兼容旧逻辑,模块专项测试,module_m4_bool_5,module_m4_adjudication,M4_证据裁决,是/否判断、证据是否存在、正负断言与裁决。,困难,这条记录的现行预防控制是不是空的？,是,否,错误,0.0,373.85,语义RAG,0.0,0.0,0,0.0,3,是/否判断,,,,,,,是/否判断,65,
367,1867,baseline模型,baseline兼容旧逻辑,模块专项测试,module_m4_bool_0,module_m4_adjudication,M4_证据裁决,是/否判断、证据是否存在、正负断言与裁决。,困难,FMEA编号“FF6”是不是有写建议措施？,是,否，FMEA编号“FF6”的记录中没有包含建议措施。,错误,0.0,550.13,语义RAG,0.0,0.0,0,0.0,3,是/否判断,,,,,,,是/否判断,50,
368,1868,baseline模型,baseline兼容旧逻辑,模块专项测试,module_m4_bool_1,module_m4_adjudication,M4_证据裁决,是/否判断、证据是否存在、正负断言与裁决。,困难,项目/功能“Floating support structure / Floating Support structure / All structures”里有没有“Structural break [11]”这个问题？,是,没有。在项目/功能“Floating support structure / Floating Support structure / All structures”中，存在的问题是“Structural plastic deformation [11]”。,错误,0.0,701.83,语义RAG,0.6667,0.6667,0,0.6667,3,是/否判断,,,,,,,是/否判断,67,
369,1869,baseline模型,baseline兼容旧逻辑,模块专项测试,module_m4_bool_2,module_m4_adjudication,M4_证据裁决,是/否判断、证据是否存在、正负断言与裁决。,困难,失效模式“Structural break [11]”的后果是不是“Tower collapse”？,是,是的，失效模式“Structural break [11]”的后果是“Tower collapse”。,正确,1.0,1028.98,语义RAG,0.6667,0.6667,0,0.6667,3,,,,,,,,是/否判断,68,
370,1870,baseline模型,baseline兼容旧逻辑,模块专项测试,module_m4_bool_3,module_m4_adjudication,M4_证据裁决,是/否判断、证据是否存在、正负断言与裁决。,困难,FMEA编号“FF25”是不是属于项目/功能“Station keeping / Mooring Lines (ML) / Mooring lines”？,否,不是。上下文中没有提到FMEA编号“FF25”，所有涉及的FMEA编号都是“None”。,正确,1.0,758.13,语义RAG,1.0,1.0,0,1.0,3,,,,,,,,是/否判断,69,
371,1871,baseline模型,baseline兼容旧逻辑,模块专项测试,module_m4_bool_4,module_m4_adjudication,M4_证据裁决,是/否判断、证据是否存在、正负断言与裁决。,困难,项目/功能“Floating support structure / Floating Support structure / All structures”里有没有“Mooring line breakage [8]”这个问题？,否,"没有。""Mooring line breakage [8]"" 这个失效模式出现在 ""Station keeping / Mooring Lines (ML) / Mooring lines"" 项目/功能中，而不是 ""Floating support structure / Floating Support structure / All structures"" 中。",正确,1.0,906.96,语义RAG,1.0,1.0,0,1.0,3,,,,,,,,是/否判断,70,
372,1872,baseline模型,baseline兼容旧逻辑,模块专项测试,module_m4_bool_5,module_m4_adjudication,M4_证据裁决,是/否判断、证据是否存在、正负断言与裁决。,困难,这条记录的现行预防控制是不是空的？,是,否,错误,0.0,391.36,语义RAG,0.0,0.0,0,0.0,3,是/否判断,,,,,,,是/否判断,71,
373,1873,baseline模型,baseline兼容旧逻辑,模块专项测试,module_m4_bool_0,module_m4_adjudication,M4_证据裁决,是/否判断、证据是否存在、正负断言与裁决。,困难,FMEA编号“FF26”是不是有写建议措施？,是,没有。所有记录中的建议措施 / RecommendedAction 字段都是空的，没有包含具体的建议措施。,错误,0.0,586.64,语义RAG,0.0,0.0,0,0.0,3,是/否判断,,,,,,,是/否判断,70,
374,1874,baseline模型,baseline兼容旧逻辑,模块专项测试,module_m4_bool_1,module_m4_adjudication,M4_证据裁决,是/否判断、证据是否存在、正负断言与裁决。,困难,项目/功能“Floating support structure / Floating Support structure / Secondary structure & Welding”里有没有“Watertight fault [1]”这个问题？,是,有。在项目/功能“Floating support structure / Floating Support structure / Secondary structure & Welding”中存在“Watertight fault [1]”这个失效模式。,正确,1.0,744.98,语义RAG,0.6667,0.6667,0,0.6667,3,,,,,,,,是/否判断,73,
375,1875,baseline模型,baseline兼容旧逻辑,模块专项测试,module_m4_bool_2,module_m4_adjudication,M4_证据裁决,是/否判断、证据是否存在、正负断言与裁决。,困难,失效模式“Cracks [11]”的后果是不是“Watertight fault”？,是,是的，失效模式“Cracks [11]”的后果是“Watertight fault”。,正确,1.0,614.27,语义RAG,0.6667,0.6667,0,0.6667,3,,,,,,,,是/否判断,74,
376,1876,baseline模型,baseline兼容旧逻辑,模块专项测试,module_m4_bool_3,module_m4_adjudication,M4_证据裁决,是/否判断、证据是否存在、正负断言与裁决。,困难,FMEA编号“SKS1”是不是属于项目/功能“Station keeping / Mooring lines (ML) / Mooring lines”？,否,不是。上下文中没有提到FMEA编号“SKS1”，所有涉及的FMEA编号都是“None”。,正确,1.0,721.08,语义RAG,1.0,1.0,0,1.0,3,,,,,,,,是/否判断,75,
377,1877,baseline模型,baseline兼容旧逻辑,模块专项测试,module_m4_bool_4,module_m4_adjudication,M4_证据裁决,是/否判断、证据是否存在、正负断言与裁决。,困难,项目/功能“Station keeping / Anchor (AC)”里有没有“Mooring winch failure [1]”这个问题？,否,没有。该项目/功能“Station keeping / Anchor (AC)”中未提及“Mooring winch failure [1]”这一失效模式。相关问题和失效模式集中在“Station keeping / Mooring lines (ML) / Mooring winch”。,正确,1.0,864.46,语义RAG,1.0,1.0,0,1.0,3,,,,,,,,是/否判断,76,
378,1878,baseline模型,baseline兼容旧逻辑,模块专项测试,module_m4_bool_5,module_m4_adjudication,M4_证据裁决,是/否判断、证据是否存在、正负断言与裁决。,困难,这条记录的现行预防控制是不是空的？,是,否,错误,0.0,405.05,语义RAG,0.0,0.0,0,0.0,3,是/否判断,,,,,,,是/否判断,77,
379,1879,baseline模型,baseline兼容旧逻辑,模块专项测试,module_m4_bool_0,module_m4_adjudication,M4_证据裁决,是/否判断、证据是否存在、正负断言与裁决。,困难,FMEA编号“SKS6”是不是有写建议措施？,是,否，FMEA编号“SKS6”的所有失效模式中都没有写明建议措施。,错误,0.0,576.35,语义RAG,0.0,0.0,0,0.0,3,是/否判断,,,,,,,是/否判断,80,
380,1880,baseline模型,baseline兼容旧逻辑,模块专项测试,module_m4_bool_1,module_m4_adjudication,M4_证据裁决,是/否判断、证据是否存在、正负断言与裁决。,困难,"项目/功能“Station keeping / Fairlead (FL)”里有没有“Fairlead failure [1], [17]”这个问题？",是,不知道。上下文中的信息仅涉及“Station keeping / Anchor (AC)”，没有提到“Station keeping / Fairlead (FL)”的相关内容和问题。,错误,0.0,721.8,语义RAG,0.0,0.0,0,0.0,3,是/否判断,,,,,,,是/否判断,79,
381,1881,baseline模型,baseline兼容旧逻辑,模块专项测试,module_m4_bool_2,module_m4_adjudication,M4_证据裁决,是/否判断、证据是否存在、正负断言与裁决。,困难,"失效模式“Fairlead failure [1],[17]”的后果是不是“The anchor cannot be dropped and lift”？",是,"是的，失效模式“Fairlead failure [1],[17]”的后果是“The anchor cannot be dropped and lift”。",正确,1.0,649.18,语义RAG,0.6667,0.6667,0,0.6667,3,,,,,,,,是/否判断,80,
382,1882,baseline模型,baseline兼容旧逻辑,模块专项测试,module_m4_bool_3,module_m4_adjudication,M4_证据裁决,是/否判断、证据是否存在、正负断言与裁决。,困难,FMEA编号“SKS7”是不是属于项目/功能“Dynamic cable / Dynamic Cable / Dynamic Cable/”？,否,不是。根据上下文，没有提到FMEA编号“SKS7”的信息，且提供的两个FMEA证据片段中的项目/功能都是“Dynamic cable / Dynamic Cable / Hang-off”。,正确,1.0,757.56,语义RAG,0.3333,0.3333,0,0.3333,3,,,,,,,,是/否判断,81,
383,1883,baseline模型,baseline兼容旧逻辑,模块专项测试,module_m4_bool_4,module_m4_adjudication,M4_证据裁决,是/否判断、证据是否存在、正负断言与裁决。,困难,项目/功能“Station keeping / Mooring Lines (ML) / Mooring lines”里有没有“damage and corrosion of mechanical parts”这个问题？,否,没有。在项目/功能“Station keeping / Mooring Lines (ML) / Mooring lines”中，存在的问题是“Mooring Line Corrosion”。,正确,1.0,812.21,语义RAG,1.0,1.0,0,1.0,3,,,,,,,,是/否判断,82,
384,1884,baseline模型,baseline兼容旧逻辑,模块专项测试,module_m4_bool_5,module_m4_adjudication,M4_证据裁决,是/否判断、证据是否存在、正负断言与裁决。,困难,这条记录的现行预防控制是不是空的？,是,否,错误,0.0,386.54,语义RAG,0.0,0.0,0,0.0,3,是/否判断,,,,,,,是/否判断,83,
385,1885,baseline模型,baseline兼容旧逻辑,模块专项测试,module_m4_bool_0,module_m4_adjudication,M4_证据裁决,是/否判断、证据是否存在、正负断言与裁决。,困难,FMEA编号“SKS17”是不是有写建议措施？,是,否，FMEA编号“SKS17”的所有失效模式都没有写明建议措施。,错误,0.0,563.03,语义RAG,0.0,0.0,0,0.0,3,是/否判断,,,,,,,是/否判断,91,
386,1886,baseline模型,baseline兼容旧逻辑,模块专项测试,module_m4_bool_1,module_m4_adjudication,M4_证据裁决,是/否判断、证据是否存在、正负断言与裁决。,困难,项目/功能“Station keeping / Mooring Lines (ML) / Mooring lines”里有没有“Mooring Line Corrosion [1]”这个问题？,是,有，“Mooring Line Corrosion [1]”是该项目功能中的一个失效模式。,正确,1.0,724.28,语义RAG,1.0,1.0,0,1.0,3,,,,,,,,是/否判断,85,
387,1887,baseline模型,baseline兼容旧逻辑,模块专项测试,module_m4_bool_2,module_m4_adjudication,M4_证据裁决,是/否判断、证据是否存在、正负断言与裁决。,困难,失效模式“Mooring Line Fatigue [1]”的后果是不是“Mooring line strength decrease or broken”？,是,不是，失效模式“Mooring Line Breakage[8]”的后果是“Mooring line strength decrease or broken”。,错误,0.0,681.64,语义RAG,1.0,1.0,0,1.0,3,是/否判断,,,,,,,是/否判断,86,
388,1888,baseline模型,baseline兼容旧逻辑,模块专项测试,module_m4_bool_3,module_m4_adjudication,M4_证据裁决,是/否判断、证据是否存在、正负断言与裁决。,困难,FMEA编号“SKS13”是不是属于项目/功能“Dynamic cable / Dynamic Cable / Dynamic Cable/”？,否,是的，FMEA编号“SKS13”属于项目/功能“Dynamic cable / Dynamic Cable / Dynamic Cable/”。,错误,0.0,634.11,语义RAG,0.3333,0.3333,0,0.3333,3,是/否判断,,,,,,,是/否判断,87,
389,1889,baseline模型,baseline兼容旧逻辑,模块专项测试,module_m4_bool_4,module_m4_adjudication,M4_证据裁决,是/否判断、证据是否存在、正负断言与裁决。,困难,项目/功能“Station keeping / Mooring Lines (ML) / Mooring lines”里有没有“Failure of sheath”这个问题？,否,没有。在项目/功能“Station keeping / Mooring Lines (ML) / Mooring lines”中，没有提到“Failure of sheath”这个问题。,正确,1.0,813.83,语义RAG,1.0,1.0,0,1.0,3,,,,,,,,是/否判断,88,
390,1890,baseline模型,baseline兼容旧逻辑,模块专项测试,module_m4_bool_5,module_m4_adjudication,M4_证据裁决,是/否判断、证据是否存在、正负断言与裁决。,困难,这条记录的现行预防控制是不是空的？,是,否,错误,0.0,414.62,语义RAG,0.0,0.0,0,0.0,3,是/否判断,,,,,,,是/否判断,89,
391,1891,baseline模型,baseline兼容旧逻辑,模块专项测试,module_m4_bool_0,module_m4_adjudication,M4_证据裁决,是/否判断、证据是否存在、正负断言与裁决。,困难,FMEA编号“DC5”是不是有写建议措施？,是,否，FMEA编号“DC5”的所有失效模式都没有写明建议措施。,错误,0.0,537.43,语义RAG,0.0,0.0,0,0.0,3,是/否判断,,,,,,,是/否判断,101,
392,1892,baseline模型,baseline兼容旧逻辑,模块专项测试,module_m4_bool_1,module_m4_adjudication,M4_证据裁决,是/否判断、证据是否存在、正负断言与裁决。,困难,"项目/功能“Station keeping / Mooring lines (ML) / Mooring lines”里有没有“Mooring lines broken [1,3]”这个问题？",是,"有。在项目/功能“Station keeping / Mooring lines (ML) / Mooring lines”中有“Mooring lines broken [1,3]”这个问题。",正确,1.0,771.92,语义RAG,1.0,1.0,0,1.0,3,,,,,,,,是/否判断,91,
393,1893,baseline模型,baseline兼容旧逻辑,模块专项测试,module_m4_bool_2,module_m4_adjudication,M4_证据裁决,是/否判断、证据是否存在、正负断言与裁决。,困难,"失效模式“Mooring lines broken [1,3]”的后果是不是“Asset not in correct location or position”？",是,"是的，失效模式“Mooring lines broken [1,3]”的后果是“Asset not in correct location or position”。",正确,1.0,653.41,语义RAG,1.0,1.0,0,1.0,3,,,,,,,,是/否判断,92,
394,1894,baseline模型,baseline兼容旧逻辑,模块专项测试,module_m4_bool_3,module_m4_adjudication,M4_证据裁决,是/否判断、证据是否存在、正负断言与裁决。,困难,FMEA编号“SKS19”是不是属于项目/功能“Dynamic cable / Dynamic Cable / Insulation”？,否,不是。根据上下文，FMEA编号涉及的项目/功能是“Dynamic cable / Dynamic Cable / Hang-off”，而不是“Dynamic cable / Dynamic Cable / Insulation”。,正确,1.0,702.2,语义RAG,0.0,0.0,0,0.0,3,,,,,,,,是/否判断,93,
395,1895,baseline模型,baseline兼容旧逻辑,模块专项测试,module_m4_bool_4,module_m4_adjudication,M4_证据裁决,是/否判断、证据是否存在、正负断言与裁决。,困难,项目/功能“Station keeping / Mooring lines (ML) / Mooring lines”里有没有“Loss of float bility (water adsorption)”这个问题？,否,"没有。在项目/功能“Station keeping / Mooring lines (ML) / Mooring lines”中，最高风险条目是关于“Mooring lines broken [1,3]”，而不是“Loss of float bility (water adsorption)”。",正确,1.0,927.6,语义RAG,1.0,1.0,0,1.0,3,,,,,,,,是/否判断,94,
396,1896,baseline模型,baseline兼容旧逻辑,模块专项测试,module_m4_bool_5,module_m4_adjudication,M4_证据裁决,是/否判断、证据是否存在、正负断言与裁决。,困难,这条记录的现行预防控制是不是空的？,是,否,错误,0.0,439.57,语义RAG,0.0,0.0,0,0.0,3,是/否判断,,,,,,,是/否判断,95,
397,1897,baseline模型,baseline兼容旧逻辑,模块专项测试,module_m4_bool_0,module_m4_adjudication,M4_证据裁决,是/否判断、证据是否存在、正负断言与裁决。,困难,FMEA编号“DC17”是不是有写建议措施？,是,否，FMEA编号“DC17”的所有失效模式都没有写明建议措施。,错误,0.0,578.47,语义RAG,0.0,0.0,0,0.0,3,是/否判断,,,,,,,是/否判断,113,
398,1898,baseline模型,baseline兼容旧逻辑,模块专项测试,module_m4_bool_1,module_m4_adjudication,M4_证据裁决,是/否判断、证据是否存在、正负断言与裁决。,困难,项目/功能“Dynamic cable / Dynamic Cable / Dynamic Cable/”里有没有“accelerated mechanical fatigue”这个问题？,是,是的，项目/功能“Dynamic cable / Dynamic Cable / Dynamic Cable/”里有“accelerated mechanical fatigue”这个问题。,正确,1.0,667.19,语义RAG,0.6667,0.6667,0,0.6667,3,,,,,,,,是/否判断,97,
399,1899,baseline模型,baseline兼容旧逻辑,模块专项测试,module_m4_bool_2,module_m4_adjudication,M4_证据裁决,是/否判断、证据是否存在、正负断言与裁决。,困难,失效模式“anchoring damages”的后果是不是“Structural integrity damage - extra stress on cables”？,是,是的，失效模式“anchoring damages”的后果是“Structural integrity damage - extra stress on cables”。,正确,1.0,590.07,语义RAG,0.3333,0.3333,0,0.3333,3,,,,,,,,是/否判断,98,
400,1900,baseline模型,baseline兼容旧逻辑,模块专项测试,module_m4_bool_3,module_m4_adjudication,M4_证据裁决,是/否判断、证据是否存在、正负断言与裁决。,困难,FMEA编号“DC3”是不是属于项目/功能“Dynamic cable / Dynamic Cable / Buoyancy modules”？,否,否。根据上下文，没有提到FMEA编号“DC3”，且最高风险条目中也没有该编号。唯一与“Dynamic cable / Dynamic Cable / Buoyancy modules”相关的失效模式是“Loss of float bility (water adsorption)”。,正确,1.0,871.99,语义RAG,0.3333,0.3333,0,0.3333,3,,,,,,,,是/否判断,99,
