序号,全局序号,消融模型,去除模块,情景类别,题型,来源标签,模块标签,模块标签说明,难度,问题,参考答案,模型回答,是否正确,部分准确率,耗时毫秒,回答路径,上下文精确率,证据召回率,幻觉标记,多跳路径覆盖率,上下文条数,缺失文本项,缺失数值项,命中数值,无证据编号,无证据数值,标准文本项,标准数值项,预期字段,原始行号,错误信息
1,1501,Full-M1去除CSV直答模块,M1 CSV直答模块,模块专项测试,module_m1_cause,module_m1_direct,M1_编号直答,FMEA编号、字段明确、单条记录直答。,简单,FMEA编号“TO1”这条里，潜在失效原因/机理是什么？,Design phase; Resonance occurs when the natural frequency of the tower or other components of the wind turbine matches the frequency of the wind or other external forces.,失效模式是：Abnormal vibration；项目/功能是：Tower / Tower (TO) / Primary steelwork；潜在失效原因/机理是：Design phase; Resonance occurs when the natural frequency of the tower or other components of the wind turbine matches the frequency of the wind or other external forces.。,正确,1.0,139.1,语义RAG,0.1667,1.0,0,,6,,,,,,Design phase; Resonance occurs when the natural frequency of the tower or other components of the wind turbine matches the frequency of the wind or other external forces.,,潜在失效原因/机理,0,
2,1502,Full-M1去除CSV直答模块,M1 CSV直答模块,模块专项测试,module_m1_effect,module_m1_direct,M1_编号直答,FMEA编号、字段明确、单条记录直答。,简单,FMEA编号“TO2”这条里，潜在失效后果是什么？,Excessive Fatigue Life Consumption,Excessive Fatigue Life Consumption,正确,1.0,746.64,语义RAG,0.3333,1.0,0,,6,,,,,,Excessive Fatigue Life Consumption,,潜在失效后果,1,
3,1503,Full-M1去除CSV直答模块,M1 CSV直答模块,模块专项测试,module_m1_rpn,module_m1_direct,M1_编号直答,FMEA编号、字段明确、单条记录直答。,简单,FMEA编号“TO3”这条的RPN是多少？,RPN=12.67,12.67,正确,1.0,671.14,语义RAG,0.1667,1.0,0,,6,,,12.67,,,,12.67,RPN,2,
4,1504,Full-M1去除CSV直答模块,M1 CSV直答模块,模块专项测试,module_m1_action,module_m1_direct,M1_编号直答,FMEA编号、字段明确、单条记录直答。,简单,FMEA编号“TO23”对应的建议措施是什么？,Operational limits & control strategies for extreme motions; Blade–tower clearance and control optimization for extreme motions; High-fidelity coupled aero-hydro-elastic simulation in design updates,失效模式是：Plastic deformation；项目/功能是：Tower / Tower (TO) / Primary steelwork；建议措施是：Operational limits & control strategies for extreme motions; Blade–tower clearance and control optimization for extreme motions; High-fidelity coupled aero-hydro-elastic simulation in design updates。,正确,1.0,77.18,语义RAG,0.1667,1.0,0,,6,,,,,,Operational limits & control strategies for extreme motions; Blade–tower clearance and control optimization for extreme motions; High-fidelity coupled aero-hydro-elastic simulation in design updates,,建议措施,22,
5,1505,Full-M1去除CSV直答模块,M1 CSV直答模块,模块专项测试,module_m1_sod,module_m1_direct,M1_编号直答,FMEA编号、字段明确、单条记录直答。,简单,FMEA编号“TO5”这条的S、O、D、RPN分别是多少？,,严重度 / S: 3.8 发生度 / O: 2 可探测度 / D: 3 风险优先数 / RPN: 26,正确,1.0,913.58,语义RAG,0.1667,1.0,0,,6,,,3.8；2.0；3.0；26.0,,,,3.8；2.0；3.0；26.0,严酷度(S)；发生度(O)；可探测度(D)；RPN,4,
6,1506,Full-M1去除CSV直答模块,M1 CSV直答模块,模块专项测试,module_m1_cause,module_m1_direct,M1_编号直答,FMEA编号、字段明确、单条记录直答。,简单,FMEA编号“TO6”这条里，潜在失效原因/机理是什么？,Environmental loads; Material fatigue due to high waves and high frequency of loads [1],失效模式是：Cracks；项目/功能是：Tower / Tower (TO) / Primary steelwork；潜在失效原因/机理是：Environmental loads; Material fatigue due to high waves and high frequency of loads [1]。,正确,1.0,83.91,语义RAG,0.1667,1.0,0,,6,,,1.0,,,Environmental loads; Material fatigue due to high waves and high frequency of loads [1],,潜在失效原因/机理,5,
7,1507,Full-M1去除CSV直答模块,M1 CSV直答模块,模块专项测试,module_m1_effect,module_m1_direct,M1_编号直答,FMEA编号、字段明确、单条记录直答。,简单,FMEA编号“TO7”这条里，潜在失效后果是什么？,Potential collapse,失效模式是：Cracks；项目/功能是：Tower / Tower (TO) / Primary steelwork；失效后果是：Potential collapse。,正确,1.0,71.0,语义RAG,0.1667,1.0,0,,6,,,,,,Potential collapse,,潜在失效后果,6,
8,1508,Full-M1去除CSV直答模块,M1 CSV直答模块,模块专项测试,module_m1_rpn,module_m1_direct,M1_编号直答,FMEA编号、字段明确、单条记录直答。,简单,FMEA编号“TO8”这条的RPN是多少？,RPN=21.8,21.8,正确,1.0,660.15,语义RAG,0.3333,1.0,0,,6,,,21.8,,,,21.8,RPN,7,
9,1509,Full-M1去除CSV直答模块,M1 CSV直答模块,模块专项测试,module_m1_action,module_m1_direct,M1_编号直答,FMEA编号、字段明确、单条记录直答。,简单,FMEA编号“TP9”对应的建议措施是什么？,Design requalification for extreme storms (updated metocean; load cases); High-fidelity coupled aero-hydro-elastic simulation in design updates,失效模式是：Cracks；项目/功能是：Transition piece / Transition Piece (TP) / Primary structure & welding；建议措施是：Design requalification for extreme storms (updated metocean; load cases); High-fidelity coupled aero-hydro-elastic simulation in design updates。,正确,1.0,76.45,语义RAG,0.5,1.0,0,,6,,,,,,Design requalification for extreme storms (updated metocean; load cases); High-fidelity coupled aero-hydro-elastic simulation in design updates,,建议措施,32,
10,1510,Full-M1去除CSV直答模块,M1 CSV直答模块,模块专项测试,module_m1_sod,module_m1_direct,M1_编号直答,FMEA编号、字段明确、单条记录直答。,简单,FMEA编号“TO10”这条的S、O、D、RPN分别是多少？,,"S=4, O=2.25, D=3.67, RPN=40",正确,1.0,1293.05,语义RAG,0.5,1.0,0,,6,,,4.0；2.25；3.67；40.0,,,,4.0；2.25；3.67；40.0,严酷度(S)；发生度(O)；可探测度(D)；RPN,9,
11,1511,Full-M1去除CSV直答模块,M1 CSV直答模块,模块专项测试,module_m1_cause,module_m1_direct,M1_编号直答,FMEA编号、字段明确、单条记录直答。,简单,FMEA编号“TO11”这条里，潜在失效原因/机理是什么？,"Fabrication; Welding failure due to Poor quality control during the welding process [1,10]","Fabrication; Welding failure due to Poor quality control during the welding process [1,10]",正确,1.0,743.62,语义RAG,0.3333,1.0,0,,6,,,1.0；10.0,,,"Fabrication; Welding failure due to Poor quality control during the welding process [1,10]",,潜在失效原因/机理,10,
12,1512,Full-M1去除CSV直答模块,M1 CSV直答模块,模块专项测试,module_m1_effect,module_m1_direct,M1_编号直答,FMEA编号、字段明确、单条记录直答。,简单,FMEA编号“TO12”这条里，潜在失效后果是什么？,Potential collapse,失效模式是：Cracks；项目/功能是：Tower / Tower (TO) / Primary steelwork；失效后果是：Potential collapse。,正确,1.0,75.17,语义RAG,0.1667,1.0,0,,6,,,,,,Potential collapse,,潜在失效后果,11,
13,1513,Full-M1去除CSV直答模块,M1 CSV直答模块,模块专项测试,module_m1_rpn,module_m1_direct,M1_编号直答,FMEA编号、字段明确、单条记录直答。,简单,FMEA编号“TO13”这条的RPN是多少？,RPN=40.75,40.75,正确,1.0,1146.85,语义RAG,0.5,1.0,0,,6,,,40.75,,,,40.75,RPN,12,
14,1514,Full-M1去除CSV直答模块,M1 CSV直答模块,模块专项测试,module_m1_action,module_m1_direct,M1_编号直答,FMEA编号、字段明确、单条记录直答。,简单,FMEA编号“FF5”对应的建议措施是什么？,Expanded design load cases (including typhoon/hurricane scenarios); -,失效模式是：Structural break [11]；项目/功能是：Floating support structure / Floating Support structure / All structures；建议措施是：Expanded design load cases (including typhoon/hurricane scenarios); -。,正确,1.0,76.39,语义RAG,0.1667,1.0,0,,6,,,,,,Expanded design load cases (including typhoon/hurricane scenarios); -,,建议措施,49,
15,1515,Full-M1去除CSV直答模块,M1 CSV直答模块,模块专项测试,module_m1_sod,module_m1_direct,M1_编号直答,FMEA编号、字段明确、单条记录直答。,简单,FMEA编号“TO15”这条的S、O、D、RPN分别是多少？,,严重度 / S：3.67 发生度 / O：2.33 可探测度 / D：3 风险优先数 / RPN：30,正确,1.0,943.82,语义RAG,0.1667,1.0,0,,6,,,3.67；2.33；3.0；30.0,,,,3.67；2.33；3.0；30.0,严酷度(S)；发生度(O)；可探测度(D)；RPN,14,
16,1516,Full-M1去除CSV直答模块,M1 CSV直答模块,模块专项测试,module_m1_cause,module_m1_direct,M1_编号直答,FMEA编号、字段明确、单条记录直答。,简单,FMEA编号“TO16”这条里，潜在失效原因/机理是什么？,Design phase; Braking system failure due to wrong estimation of operating conditions [15],失效模式是：Cracks；项目/功能是：Tower / Tower (TO) / Primary steelwork；潜在失效原因/机理是：Design phase; Braking system failure due to wrong estimation of operating conditions [15]。,正确,1.0,82.34,语义RAG,0.1667,1.0,0,,6,,,15.0,,,Design phase; Braking system failure due to wrong estimation of operating conditions [15],,潜在失效原因/机理,15,
17,1517,Full-M1去除CSV直答模块,M1 CSV直答模块,模块专项测试,module_m1_effect,module_m1_direct,M1_编号直答,FMEA编号、字段明确、单条记录直答。,简单,FMEA编号“TO17”这条里，潜在失效后果是什么？,Failure of the WTG/Major repair campaign/Structure reassessment,失效模式是：Cracks；项目/功能是：Tower / Tower (TO) / Primary steelwork；失效后果是：Failure of the WTG/Major repair campaign/Structure reassessment。,正确,1.0,73.38,语义RAG,0.1667,1.0,0,,6,,,,,,Failure of the WTG/Major repair campaign/Structure reassessment,,潜在失效后果,16,
18,1518,Full-M1去除CSV直答模块,M1 CSV直答模块,模块专项测试,module_m1_rpn,module_m1_direct,M1_编号直答,FMEA编号、字段明确、单条记录直答。,简单,FMEA编号“TO18”这条的RPN是多少？,RPN=33.33,33.33,正确,1.0,720.72,语义RAG,0.3333,1.0,0,,6,,,33.33,,,,33.33,RPN,17,
19,1519,Full-M1去除CSV直答模块,M1 CSV直答模块,模块专项测试,module_m1_action,module_m1_direct,M1_编号直答,FMEA编号、字段明确、单条记录直答。,简单,FMEA编号“FF24”对应的建议措施是什么？,"Operational limits: weather windows, alarm thresholds for motions; Other- Specify; Expanded design load cases (including typhoon/hurricane scenarios); Better understanding of temperature ranges","失效模式是：Structural break [11]；项目/功能是：Floating support structure / Floating Support structure / Primary structure & Welding；建议措施是：Operational limits: weather windows, alarm thresholds for motions; Other- Specify; Expanded design load cases (including typhoon/hurricane scenarios); Better understanding of temperature ranges。",正确,1.0,73.64,语义RAG,0.3333,1.0,0,,6,,,,,,"Operational limits: weather windows, alarm thresholds for motions; Other- Specify; Expanded design load cases (including typhoon/hurricane scenarios); Better understanding of temperature ranges",,建议措施,68,
20,1520,Full-M1去除CSV直答模块,M1 CSV直答模块,模块专项测试,module_m1_sod,module_m1_direct,M1_编号直答,FMEA编号、字段明确、单条记录直答。,简单,FMEA编号“TO20”这条的S、O、D、RPN分别是多少？,,严重度 / S: 4 发生度 / O: 2 可探测度 / D: 2.67 风险优先数 / RPN: 26.5,正确,1.0,920.46,语义RAG,0.1667,1.0,0,,6,,,4.0；2.0；2.67；26.5,,,,4.0；2.0；2.67；26.5,严酷度(S)；发生度(O)；可探测度(D)；RPN,19,
21,1521,Full-M1去除CSV直答模块,M1 CSV直答模块,模块专项测试,module_m1_cause,module_m1_direct,M1_编号直答,FMEA编号、字段明确、单条记录直答。,简单,FMEA编号“TO21”这条里，潜在失效原因/机理是什么？,due to Operation; Hit by blades due to human error or operational failure [15],失效模式是：Cracks；项目/功能是：Tower / Tower (TO) / Primary steelwork；潜在失效原因/机理是：due to Operation; Hit by blades due to human error or operational failure [15]。,正确,1.0,61.27,语义RAG,0.1667,1.0,0,,6,,,15.0,,,due to Operation; Hit by blades due to human error or operational failure [15],,潜在失效原因/机理,20,
22,1522,Full-M1去除CSV直答模块,M1 CSV直答模块,模块专项测试,module_m1_effect,module_m1_direct,M1_编号直答,FMEA编号、字段明确、单条记录直答。,简单,FMEA编号“TO22”这条里，潜在失效后果是什么？,Potential collapse,失效模式是：Plastic deformation；项目/功能是：Tower / Tower (TO) / Primary steelwork；失效后果是：Potential collapse。,正确,1.0,73.34,语义RAG,0.1667,1.0,0,,6,,,,,,Potential collapse,,潜在失效后果,21,
23,1523,Full-M1去除CSV直答模块,M1 CSV直答模块,模块专项测试,module_m1_rpn,module_m1_direct,M1_编号直答,FMEA编号、字段明确、单条记录直答。,简单,FMEA编号“TO23”这条的RPN是多少？,RPN=18,18,正确,1.0,603.06,语义RAG,0.1667,1.0,0,,6,,,18.0,,,,18.0,RPN,22,
24,1524,Full-M1去除CSV直答模块,M1 CSV直答模块,模块专项测试,module_m1_action,module_m1_direct,M1_编号直答,FMEA编号、字段明确、单条记录直答。,简单,FMEA编号“SKS1”对应的建议措施是什么？,"Continuous tension and vibration monitoring; thresholds for intervention; Procedural controls: load management, operational envelopes; Better design by expanded load case matrix including more failure modes; -","失效模式是：Anchor failure [1], [17]；项目/功能是：Station keeping / Anchor (AC)；建议措施是：Continuous tension and vibration monitoring; thresholds for intervention; Procedural controls: load management, operational envelopes; Better design by expanded load case matrix including more failure modes; -。",正确,1.0,84.54,语义RAG,0.3333,1.0,0,,6,,,,,,"Continuous tension and vibration monitoring; thresholds for intervention; Procedural controls: load management, operational envelopes; Better design by expanded load case matrix including more failure modes; -",,建议措施,75,
25,1525,Full-M1去除CSV直答模块,M1 CSV直答模块,模块专项测试,module_m1_sod,module_m1_direct,M1_编号直答,FMEA编号、字段明确、单条记录直答。,简单,FMEA编号“TP1”这条的S、O、D、RPN分别是多少？,,S: 4.75 O: 2.5 D: 3 RPN: 36.5,正确,1.0,1417.26,语义RAG,0.5,1.0,0,,6,,,4.75；2.5；3.0；36.5,,,,4.75；2.5；3.0；36.5,严酷度(S)；发生度(O)；可探测度(D)；RPN,24,
26,1526,Full-M1去除CSV直答模块,M1 CSV直答模块,模块专项测试,module_m1_cause,module_m1_direct,M1_编号直答,FMEA编号、字段明确、单条记录直答。,简单,FMEA编号“TP2”这条里，潜在失效原因/机理是什么？,"Operation and Maintenance; Brittle fracture due to extreme environmental temperature, leading to a shift in the ductile-to-brittle transition temperature [16]","Operation and Maintenance; Brittle fracture due to extreme environmental temperature, leading to a shift in the ductile-to-brittle transition temperature [16]",正确,1.0,878.12,语义RAG,0.3333,1.0,0,,6,,,16.0,,,"Operation and Maintenance; Brittle fracture due to extreme environmental temperature, leading to a shift in the ductile-to-brittle transition temperature [16]",,潜在失效原因/机理,25,
27,1527,Full-M1去除CSV直答模块,M1 CSV直答模块,模块专项测试,module_m1_effect,module_m1_direct,M1_编号直答,FMEA编号、字段明确、单条记录直答。,简单,FMEA编号“TP3”这条里，潜在失效后果是什么？,Local stress accumulation,Local stress accumulation,正确,1.0,702.88,语义RAG,0.3333,1.0,0,,6,,,,,,Local stress accumulation,,潜在失效后果,26,
28,1528,Full-M1去除CSV直答模块,M1 CSV直答模块,模块专项测试,module_m1_rpn,module_m1_direct,M1_编号直答,FMEA编号、字段明确、单条记录直答。,简单,FMEA编号“TP4”这条的RPN是多少？,RPN=29,29,正确,1.0,642.03,语义RAG,0.1667,1.0,0,,6,,,29.0,,,,29.0,RPN,27,
29,1529,Full-M1去除CSV直答模块,M1 CSV直答模块,模块专项测试,module_m1_action,module_m1_direct,M1_编号直答,FMEA编号、字段明确、单条记录直答。,简单,FMEA编号“SKS9”对应的建议措施是什么？,Continuous tension and vibration monitoring; thresholds for intervention; -,失效模式是：Mooring line breakage[8]；项目/功能是：Station keeping / Mooring Lines (ML) / Mooring lines；建议措施是：Continuous tension and vibration monitoring; thresholds for intervention; -。,正确,1.0,70.86,语义RAG,0.1667,1.0,0,,6,,,,,,Continuous tension and vibration monitoring; thresholds for intervention; -,,建议措施,83,
30,1530,Full-M1去除CSV直答模块,M1 CSV直答模块,模块专项测试,module_m1_sod,module_m1_direct,M1_编号直答,FMEA编号、字段明确、单条记录直答。,简单,FMEA编号“TP6”这条的S、O、D、RPN分别是多少？,,S: 4.25 O: 2.75 D: 3 RPN: 35.25,正确,1.0,1405.21,语义RAG,0.5,1.0,0,,6,,,4.25；2.75；3.0；35.25,,,,4.25；2.75；3.0；35.25,严酷度(S)；发生度(O)；可探测度(D)；RPN,29,
31,1531,Full-M1去除CSV直答模块,M1 CSV直答模块,模块专项测试,module_m1_cause,module_m1_direct,M1_编号直答,FMEA编号、字段明确、单条记录直答。,简单,FMEA编号“TP7”这条里，潜在失效原因/机理是什么？,"Installation; During installation, plastic deformation can occur due to processes like welding and bending [1]",安装过程中，焊接和弯曲等过程可能导致塑性变形。[1],错误,0.0,757.49,语义RAG,0.3333,1.0,0,,6,"Installation; During installation, plastic deformation can occur due to processes like welding and bending [1]",,1.0,,,"Installation; During installation, plastic deformation can occur due to processes like welding and bending [1]",,潜在失效原因/机理,30,
32,1532,Full-M1去除CSV直答模块,M1 CSV直答模块,模块专项测试,module_m1_effect,module_m1_direct,M1_编号直答,FMEA编号、字段明确、单条记录直答。,简单,FMEA编号“TP8”这条里，潜在失效后果是什么？,Tower transition piece connections failure,Tower transition piece connections failure,正确,1.0,709.43,语义RAG,0.3333,1.0,0,,6,,,,,,Tower transition piece connections failure,,潜在失效后果,31,
33,1533,Full-M1去除CSV直答模块,M1 CSV直答模块,模块专项测试,module_m1_rpn,module_m1_direct,M1_编号直答,FMEA编号、字段明确、单条记录直答。,简单,FMEA编号“TP9”这条的RPN是多少？,RPN=38,38,正确,1.0,1194.13,语义RAG,0.5,1.0,0,,6,,,38.0,,,,38.0,RPN,32,
34,1534,Full-M1去除CSV直答模块,M1 CSV直答模块,模块专项测试,module_m1_action,module_m1_direct,M1_编号直答,FMEA编号、字段明确、单条记录直答。,简单,FMEA编号“SKS18”对应的建议措施是什么？,"ROV visual inspections; targeted maintenance on wear zones; Optimized chain/wire/rope selection and fatigue margins (design); Only chain and wire above MSL, keep fiber ropes wet; -","失效模式是：Mooring lines broken [1,3]；项目/功能是：Station keeping / Mooring lines (ML) / Mooring lines；建议措施是：ROV visual inspections; targeted maintenance on wear zones; Optimized chain/wire/rope selection and fatigue margins (design); Only chain and wire above MSL, keep fiber ropes wet; -。",正确,1.0,70.46,语义RAG,0.3333,1.0,0,,6,,,,,,"ROV visual inspections; targeted maintenance on wear zones; Optimized chain/wire/rope selection and fatigue margins (design); Only chain and wire above MSL, keep fiber ropes wet; -",,建议措施,92,
35,1535,Full-M1去除CSV直答模块,M1 CSV直答模块,模块专项测试,module_m1_sod,module_m1_direct,M1_编号直答,FMEA编号、字段明确、单条记录直答。,简单,FMEA编号“TP11”这条的S、O、D、RPN分别是多少？,,S: 4 O: 2.33 D: 2.67 RPN: 24.67,正确,1.0,862.67,语义RAG,0.1667,1.0,0,,6,,,4.0；2.33；2.67；24.67,,,,4.0；2.33；2.67；24.67,严酷度(S)；发生度(O)；可探测度(D)；RPN,34,
36,1536,Full-M1去除CSV直答模块,M1 CSV直答模块,模块专项测试,module_m1_cause,module_m1_direct,M1_编号直答,FMEA编号、字段明确、单条记录直答。,简单,FMEA编号“TP12”这条里，潜在失效原因/机理是什么？,Maintenance; Plastic deformation can occur due to the application of excessive force or improper handling of the structure. [1],塑性变形可能由于施加过大的力或不当处理结构而发生。[1],错误,0.0,774.18,语义RAG,0.3333,1.0,0,,6,Maintenance; Plastic deformation can occur due to the application of excessive force or improper handling of the structure. [1],,1.0,,,Maintenance; Plastic deformation can occur due to the application of excessive force or improper handling of the structure. [1],,潜在失效原因/机理,35,
37,1537,Full-M1去除CSV直答模块,M1 CSV直答模块,模块专项测试,module_m1_effect,module_m1_direct,M1_编号直答,FMEA编号、字段明确、单条记录直答。,简单,FMEA编号“TP13”这条里，潜在失效后果是什么？,Tower transition piece connections failure,Tower transition piece connections failure,正确,1.0,721.91,语义RAG,0.3333,1.0,0,,6,,,,,,Tower transition piece connections failure,,潜在失效后果,36,
38,1538,Full-M1去除CSV直答模块,M1 CSV直答模块,模块专项测试,module_m1_rpn,module_m1_direct,M1_编号直答,FMEA编号、字段明确、单条记录直答。,简单,FMEA编号“TP14”这条的RPN是多少？,RPN=23.33,23.33,正确,1.0,726.54,语义RAG,0.1667,1.0,0,,6,,,23.33,,,,23.33,RPN,37,
39,1539,Full-M1去除CSV直答模块,M1 CSV直答模块,模块专项测试,module_m1_action,module_m1_direct,M1_编号直答,FMEA编号、字段明确、单条记录直答。,简单,FMEA编号“DC5”对应的建议措施是什么？,-; Cathodic protection; coating improvements,失效模式是：Corrosion of J-tube [6]；项目/功能是：Dynamic cable / Dynamic Cable / J-tube；建议措施是：-; Cathodic protection; coating improvements。,正确,1.0,72.7,语义RAG,0.3333,1.0,0,,6,,,,,,-; Cathodic protection; coating improvements,,建议措施,101,
40,1540,Full-M1去除CSV直答模块,M1 CSV直答模块,模块专项测试,module_m1_sod,module_m1_direct,M1_编号直答,FMEA编号、字段明确、单条记录直答。,简单,FMEA编号“TP16”这条的S、O、D、RPN分别是多少？,,S: 5 O: 1.67 D: 2.67 RPN: 25.67,正确,1.0,914.69,语义RAG,0.1667,1.0,0,,6,,,5.0；1.67；2.67；25.67,,,,5.0；1.67；2.67；25.67,严酷度(S)；发生度(O)；可探测度(D)；RPN,39,
41,1541,Full-M1去除CSV直答模块,M1 CSV直答模块,模块专项测试,module_m1_cause,module_m1_direct,M1_编号直答,FMEA编号、字段明确、单条记录直答。,简单,FMEA编号“TP17”这条里，潜在失效原因/机理是什么？,Operation and Maintenance; Undetected defects and poor quality control [11],Operation and Maintenance; Undetected defects and poor quality control [11],正确,1.0,1235.86,语义RAG,0.5,1.0,0,,6,,,11.0,,,Operation and Maintenance; Undetected defects and poor quality control [11],,潜在失效原因/机理,40,
42,1542,Full-M1去除CSV直答模块,M1 CSV直答模块,模块专项测试,module_m1_effect,module_m1_direct,M1_编号直答,FMEA编号、字段明确、单条记录直答。,简单,FMEA编号“TP18”这条里，潜在失效后果是什么？,Tower transition piece connections failure,失效模式是：Cracks；项目/功能是：Transition piece / Transition Piece (TP) / Primary structure & welding；失效后果是：Tower transition piece connections failure。,正确,1.0,76.79,语义RAG,0.1667,1.0,0,,6,,,,,,Tower transition piece connections failure,,潜在失效后果,41,
43,1543,Full-M1去除CSV直答模块,M1 CSV直答模块,模块专项测试,module_m1_rpn,module_m1_direct,M1_编号直答,FMEA编号、字段明确、单条记录直答。,简单,FMEA编号“TP19”这条的RPN是多少？,RPN=30.25,30.25,正确,1.0,771.34,语义RAG,0.3333,1.0,0,,6,,,30.25,,,,30.25,RPN,42,
44,1544,Full-M1去除CSV直答模块,M1 CSV直答模块,模块专项测试,module_m1_action,module_m1_direct,M1_编号直答,FMEA编号、字段明确、单条记录直答。,简单,FMEA编号“DC16”对应的建议措施是什么？,"Installation QA/QC: pull-in tension verification, handling procedures; Watertightness assurance: enhanced sealing tests; end termination QA; -","失效模式是：Failure of watertightness；项目/功能是：Dynamic cable / Dynamic Cable / Dynamic Cable/；建议措施是：Installation QA/QC: pull-in tension verification, handling procedures; Watertightness assurance: enhanced sealing tests; end termination QA; -。",正确,1.0,62.5,语义RAG,0.3333,1.0,0,,6,,,,,,"Installation QA/QC: pull-in tension verification, handling procedures; Watertightness assurance: enhanced sealing tests; end termination QA; -",,建议措施,112,
45,1545,Full-M1去除CSV直答模块,M1 CSV直答模块,模块专项测试,module_m1_sod,module_m1_direct,M1_编号直答,FMEA编号、字段明确、单条记录直答。,简单,FMEA编号“TP21”这条的S、O、D、RPN分别是多少？,,S：3.33 O：3 D：3 RPN：26.67,正确,1.0,878.64,语义RAG,0.3333,1.0,0,,6,,,3.33；3.0；3.0；26.67,,,,3.33；3.0；3.0；26.67,严酷度(S)；发生度(O)；可探测度(D)；RPN,44,
46,1546,Full-M1去除CSV直答模块,M1 CSV直答模块,模块专项测试,module_m1_cause,module_m1_direct,M1_编号直答,FMEA编号、字段明确、单条记录直答。,简单,FMEA编号“FF1”这条里，潜在失效原因/机理是什么？,Design; Analysis and Calculation fault due to human error,失效模式是：Capsize [11]；项目/功能是：Floating support structure / Floating Support structure / All structures；潜在失效原因/机理是：Design; Analysis and Calculation fault due to human error。,正确,1.0,57.4,语义RAG,0.1667,1.0,0,,6,,,,,,Design; Analysis and Calculation fault due to human error,,潜在失效原因/机理,45,
47,1547,Full-M1去除CSV直答模块,M1 CSV直答模块,模块专项测试,module_m1_effect,module_m1_direct,M1_编号直答,FMEA编号、字段明确、单条记录直答。,简单,FMEA编号“FF2”这条里，潜在失效后果是什么？,Project cancellation,Project cancellation,正确,1.0,1056.69,语义RAG,0.5,1.0,0,,6,,,,,,Project cancellation,,潜在失效后果,46,
48,1548,Full-M1去除CSV直答模块,M1 CSV直答模块,模块专项测试,module_m1_rpn,module_m1_direct,M1_编号直答,FMEA编号、字段明确、单条记录直答。,简单,FMEA编号“FF3”这条的RPN是多少？,RPN=40.14,40.14,正确,1.0,747.27,语义RAG,0.5,1.0,0,,6,,,40.14,,,,40.14,RPN,47,
49,1549,Full-M1去除CSV直答模块,M1 CSV直答模块,模块专项测试,module_m1_action,module_m1_direct,M1_编号直答,FMEA编号、字段明确、单条记录直答。,简单,FMEA编号“DC26”对应的建议措施是什么？,Burial/trenching optimization; scour mitigation; as-built metrology; -,Burial/trenching optimization; scour mitigation; as-built metrology; -,正确,1.0,787.35,语义RAG,0.5,1.0,0,,6,,,,,,Burial/trenching optimization; scour mitigation; as-built metrology; -,,建议措施,122,
50,1550,Full-M1去除CSV直答模块,M1 CSV直答模块,模块专项测试,module_m1_sod,module_m1_direct,M1_编号直答,FMEA编号、字段明确、单条记录直答。,简单,FMEA编号“FF5”这条的S、O、D、RPN分别是多少？,,严重度 / S: 4.33 发生度 / O: 1.67 可探测度 / D: 3.5 风险优先数 / RPN: 25,正确,1.0,1012.47,语义RAG,0.1667,1.0,0,,6,,,4.33；1.67；3.5；25.0,,,,4.33；1.67；3.5；25.0,严酷度(S)；发生度(O)；可探测度(D)；RPN,49,
51,1551,Full-M1去除CSV直答模块,M1 CSV直答模块,模块专项测试,module_m1_cause,module_m1_direct,M1_编号直答,FMEA编号、字段明确、单条记录直答。,简单,FMEA编号“FF6”这条里，潜在失效原因/机理是什么？,"Operation; Dynamic umbilical connection/cable fail [1,12]","失效模式是：Additional Structures Failures；项目/功能是：Floating support structure / Floating Support structure / Secondary structure；潜在失效原因/机理是：Operation; Dynamic umbilical connection/cable fail [1,12]。",正确,1.0,60.72,语义RAG,0.1667,1.0,0,,6,,,1.0；12.0,,,"Operation; Dynamic umbilical connection/cable fail [1,12]",,潜在失效原因/机理,50,
52,1552,Full-M1去除CSV直答模块,M1 CSV直答模块,模块专项测试,module_m1_effect,module_m1_direct,M1_编号直答,FMEA编号、字段明确、单条记录直答。,简单,FMEA编号“FF7”这条里，潜在失效后果是什么？,Structural failure,Structural failure,正确,1.0,604.33,语义RAG,0.3333,1.0,0,,6,,,,,,Structural failure,,潜在失效后果,51,
53,1553,Full-M1去除CSV直答模块,M1 CSV直答模块,模块专项测试,module_m1_rpn,module_m1_direct,M1_编号直答,FMEA编号、字段明确、单条记录直答。,简单,FMEA编号“FF8”这条的RPN是多少？,RPN=34.5,34.5,正确,1.0,1142.65,语义RAG,0.5,1.0,0,,6,,,34.5,,,,34.5,RPN,52,
54,1554,Full-M1去除CSV直答模块,M1 CSV直答模块,模块专项测试,module_m1_action,module_m1_direct,M1_编号直答,FMEA编号、字段明确、单条记录直答。,简单,FMEA编号“TO6”对应的建议措施是什么？,"Enhanced SHM: acoustic emission, strain gauges, modal monitoring; -; High-fidelity coupled aero-hydro-elastic simulation in design updates; Weld detail optimization and hotspot redesign","失效模式是：Cracks；项目/功能是：Tower / Tower (TO) / Primary steelwork；建议措施是：Enhanced SHM: acoustic emission, strain gauges, modal monitoring; -; High-fidelity coupled aero-hydro-elastic simulation in design updates; Weld detail optimization and hotspot redesign。",正确,1.0,78.46,语义RAG,0.1667,1.0,0,,6,,,,,,"Enhanced SHM: acoustic emission, strain gauges, modal monitoring; -; High-fidelity coupled aero-hydro-elastic simulation in design updates; Weld detail optimization and hotspot redesign",,建议措施,5,
55,1555,Full-M1去除CSV直答模块,M1 CSV直答模块,模块专项测试,module_m1_sod,module_m1_direct,M1_编号直答,FMEA编号、字段明确、单条记录直答。,简单,FMEA编号“FF10”这条的S、O、D、RPN分别是多少？,,严重度 / S: 3.83 发生度 / O: 2.5 可探测度 / D: 3.5 风险优先数 / RPN: 34,正确,1.0,1012.43,语义RAG,0.3333,1.0,0,,6,,,3.83；2.5；3.5；34.0,,,,3.83；2.5；3.5；34.0,严酷度(S)；发生度(O)；可探测度(D)；RPN,54,
56,1556,Full-M1去除CSV直答模块,M1 CSV直答模块,模块专项测试,module_m1_cause,module_m1_direct,M1_编号直答,FMEA编号、字段明确、单条记录直答。,简单,FMEA编号“FF11”这条里，潜在失效原因/机理是什么？,"Operation; Handrails Corrosion [1,12]","Handrails Corrosion [1,12]",错误,0.0,729.25,语义RAG,0.3333,1.0,0,,6,"Operation; Handrails Corrosion [1,12]",,1.0；12.0,,,"Operation; Handrails Corrosion [1,12]",,潜在失效原因/机理,55,
57,1557,Full-M1去除CSV直答模块,M1 CSV直答模块,模块专项测试,module_m1_effect,module_m1_direct,M1_编号直答,FMEA编号、字段明确、单条记录直答。,简单,FMEA编号“FF12”这条里，潜在失效后果是什么？,Potential failure of landing platform,失效模式是：Additional Structures Failures；项目/功能是：Floating support structure / Floating Support structure / Secondary structure；失效后果是：Potential failure of landing platform。,正确,1.0,69.49,语义RAG,0.1667,1.0,0,,6,,,,,,Potential failure of landing platform,,潜在失效后果,56,
58,1558,Full-M1去除CSV直答模块,M1 CSV直答模块,模块专项测试,module_m1_rpn,module_m1_direct,M1_编号直答,FMEA编号、字段明确、单条记录直答。,简单,FMEA编号“FF13”这条的RPN是多少？,RPN=31.2,31.2,正确,1.0,661.53,语义RAG,0.1667,1.0,0,,6,,,31.2,,,,31.2,RPN,57,
59,1559,Full-M1去除CSV直答模块,M1 CSV直答模块,模块专项测试,module_m1_action,module_m1_direct,M1_编号直答,FMEA编号、字段明确、单条记录直答。,简单,FMEA编号“TP3”对应的建议措施是什么？,"SHM for TP connections (strain gauges, acoustic emission, bolt preload monitoring); Design requalification for extreme storms (updated metocean; load cases); High-fidelity coupled analysis of TP–tower–floater interaction; -","失效模式是：Structural plastic deformation；项目/功能是：Transition piece / Transition Piece (TP) / Primary stucture；建议措施是：SHM for TP connections (strain gauges, acoustic emission, bolt preload monitoring); Design requalification for extreme storms (updated metocean; load cases); High-fidelity coupled analysis of TP–tower–floater interaction; -。",正确,1.0,73.99,语义RAG,0.3333,1.0,0,,6,,,,,,"SHM for TP connections (strain gauges, acoustic emission, bolt preload monitoring); Design requalification for extreme storms (updated metocean; load cases); High-fidelity coupled analysis of TP–tower–floater interaction; -",,建议措施,26,
60,1560,Full-M1去除CSV直答模块,M1 CSV直答模块,模块专项测试,module_m1_sod,module_m1_direct,M1_编号直答,FMEA编号、字段明确、单条记录直答。,简单,FMEA编号“FF15”这条的S、O、D、RPN分别是多少？,,严重度 / S: 4.43 发生度 / O: 2 可探测度 / D: 3 风险优先数 / RPN: 24.17,正确,1.0,957.76,语义RAG,0.1667,1.0,0,,6,,,4.43；2.0；3.0；24.17,,,,4.43；2.0；3.0；24.17,严酷度(S)；发生度(O)；可探测度(D)；RPN,59,
61,1561,Full-M1去除CSV直答模块,M1 CSV直答模块,模块专项测试,module_m1_cause,module_m1_direct,M1_编号直答,FMEA编号、字段明确、单条记录直答。,简单,FMEA编号“FF16”这条里，潜在失效原因/机理是什么？,Maintenance; Insufficient structural strength due to ship collision [11],Maintenance; Insufficient structural strength due to ship collision [11],正确,1.0,1198.64,语义RAG,0.5,1.0,0,,6,,,11.0,,,Maintenance; Insufficient structural strength due to ship collision [11],,潜在失效原因/机理,60,
62,1562,Full-M1去除CSV直答模块,M1 CSV直答模块,模块专项测试,module_m1_effect,module_m1_direct,M1_编号直答,FMEA编号、字段明确、单条记录直答。,简单,FMEA编号“FF17”这条里，潜在失效后果是什么？,Potential failure,失效模式是：Additional Structures Failures；项目/功能是：Floating support structure / Floating Support structure / Secondary structure；失效后果是：Potential failure。,正确,1.0,71.12,语义RAG,0.1667,1.0,0,,6,,,,,,Potential failure,,潜在失效后果,61,
63,1563,Full-M1去除CSV直答模块,M1 CSV直答模块,模块专项测试,module_m1_rpn,module_m1_direct,M1_编号直答,FMEA编号、字段明确、单条记录直答。,简单,FMEA编号“FF18”这条的RPN是多少？,RPN=30.8,30.8,正确,1.0,713.94,语义RAG,0.3333,1.0,0,,6,,,30.8,,,,30.8,RPN,62,
64,1564,Full-M1去除CSV直答模块,M1 CSV直答模块,模块专项测试,module_m1_action,module_m1_direct,M1_编号直答,FMEA编号、字段明确、单条记录直答。,简单,FMEA编号“FF1”对应的建议措施是什么？,Expanded design load cases (including typhoon/hurricane scenarios); Freeboard margin increase and water-tight compartmentalization; Improve engineering skills,失效模式是：Capsize [11]；项目/功能是：Floating support structure / Floating Support structure / All structures；建议措施是：Expanded design load cases (including typhoon/hurricane scenarios); Freeboard margin increase and water-tight compartmentalization; Improve engineering skills。,正确,1.0,70.06,语义RAG,0.5,1.0,0,,6,,,,,,Expanded design load cases (including typhoon/hurricane scenarios); Freeboard margin increase and water-tight compartmentalization; Improve engineering skills,,建议措施,45,
65,1565,Full-M1去除CSV直答模块,M1 CSV直答模块,模块专项测试,module_m1_sod,module_m1_direct,M1_编号直答,FMEA编号、字段明确、单条记录直答。,简单,FMEA编号“FF20”这条的S、O、D、RPN分别是多少？,,S: 4.83 O: 1.17 D: 4.67 RPN: 31.75,正确,1.0,966.52,语义RAG,0.3333,1.0,0,,6,,,4.83；1.17；4.67；31.75,,,,4.83；1.17；4.67；31.75,严酷度(S)；发生度(O)；可探测度(D)；RPN,64,
66,1566,Full-M1去除CSV直答模块,M1 CSV直答模块,模块专项测试,module_m1_cause,module_m1_direct,M1_编号直答,FMEA编号、字段明确、单条记录直答。,简单,FMEA编号“FF21”这条里，潜在失效原因/机理是什么？,"Operation; Sensors for platform monitoring fail [1,12]","Sensors for platform monitoring fail [1,12]",错误,0.0,1138.61,语义RAG,0.5,1.0,0,,6,"Operation; Sensors for platform monitoring fail [1,12]",,1.0；12.0,,,"Operation; Sensors for platform monitoring fail [1,12]",,潜在失效原因/机理,65,
67,1567,Full-M1去除CSV直答模块,M1 CSV直答模块,模块专项测试,module_m1_effect,module_m1_direct,M1_编号直答,FMEA编号、字段明确、单条记录直答。,简单,FMEA编号“FF22”这条里，潜在失效后果是什么？,Asset damage Energy production loss/reduced stability,失效模式是：Structural break [11]；项目/功能是：Floating support structure / Floating Support structure / Secondary structure；失效后果是：Asset damage Energy production loss/reduced stability。,正确,1.0,67.27,语义RAG,0.1667,1.0,0,,6,,,,,,Asset damage Energy production loss/reduced stability,,潜在失效后果,66,
68,1568,Full-M1去除CSV直答模块,M1 CSV直答模块,模块专项测试,module_m1_rpn,module_m1_direct,M1_编号直答,FMEA编号、字段明确、单条记录直答。,简单,FMEA编号“FF23”这条的RPN是多少？,RPN=36,36,正确,1.0,665.12,语义RAG,0.5,1.0,0,,6,,,36.0,,,,36.0,RPN,67,
69,1569,Full-M1去除CSV直答模块,M1 CSV直答模块,模块专项测试,module_m1_action,module_m1_direct,M1_编号直答,FMEA编号、字段明确、单条记录直答。,简单,FMEA编号“FF9”对应的建议措施是什么？,Expanded design load cases (including typhoon/hurricane scenarios); Resonance avoidance via structural tuning/damping; High-fidelity coupled aero-hydro-elastic simulation in design updates,失效模式是：Cracks [11]；项目/功能是：Floating support structure / Floating Support structure / Primary structure & Welding；建议措施是：Expanded design load cases (including typhoon/hurricane scenarios); Resonance avoidance via structural tuning/damping; High-fidelity coupled aero-hydro-elastic simulation in design updates。,正确,1.0,76.02,语义RAG,0.3333,1.0,0,,6,,,,,,Expanded design load cases (including typhoon/hurricane scenarios); Resonance avoidance via structural tuning/damping; High-fidelity coupled aero-hydro-elastic simulation in design updates,,建议措施,53,
70,1570,Full-M1去除CSV直答模块,M1 CSV直答模块,模块专项测试,module_m1_sod,module_m1_direct,M1_编号直答,FMEA编号、字段明确、单条记录直答。,简单,FMEA编号“FF25”这条的S、O、D、RPN分别是多少？,,S: 5 O: 1.33 D: 2.6 RPN: 30.8,正确,1.0,942.05,语义RAG,0.3333,1.0,0,,6,,,5.0；1.33；2.6；30.8,,,,5.0；1.33；2.6；30.8,严酷度(S)；发生度(O)；可探测度(D)；RPN,69,
71,1571,Full-M1去除CSV直答模块,M1 CSV直答模块,模块专项测试,module_m1_cause,module_m1_direct,M1_编号直答,FMEA编号、字段明确、单条记录直答。,简单,FMEA编号“FF26”这条里，潜在失效原因/机理是什么？,Environmental condition; Typhoon can cause failure of the floating unit if it gets hit by dropping objects. (eg. damaged blade)(strong wind/wave),"失效模式是：Hit by dropped objects [1,9]；项目/功能是：Floating support structure / Floating Support structure / All structures；潜在失效原因/机理是：Environmental condition; Typhoon can cause failure of the floating unit if it gets hit by dropping objects. (eg. damaged blade)(strong wind/wave)。",正确,1.0,75.84,语义RAG,0.1667,1.0,0,,6,,,,,,Environmental condition; Typhoon can cause failure of the floating unit if it gets hit by dropping objects. (eg. damaged blade)(strong wind/wave),,潜在失效原因/机理,70,
72,1572,Full-M1去除CSV直答模块,M1 CSV直答模块,模块专项测试,module_m1_effect,module_m1_direct,M1_编号直答,FMEA编号、字段明确、单条记录直答。,简单,FMEA编号“FF27”这条里，潜在失效后果是什么？,"Watertight fault, Potential Floater Unit sinkage","失效模式是：Structural break [11]；项目/功能是：Floating support structure / Floating Support structure / All structures；失效后果是：Watertight fault, Potential Floater Unit sinkage。",正确,1.0,70.5,语义RAG,0.1667,1.0,0,,6,,,,,,"Watertight fault, Potential Floater Unit sinkage",,潜在失效后果,71,
73,1573,Full-M1去除CSV直答模块,M1 CSV直答模块,模块专项测试,module_m1_rpn,module_m1_direct,M1_编号直答,FMEA编号、字段明确、单条记录直答。,简单,FMEA编号“FF28”这条的RPN是多少？,RPN=19,19,正确,1.0,622.11,语义RAG,0.3333,1.0,0,,6,,,19.0,,,,19.0,RPN,72,
74,1574,Full-M1去除CSV直答模块,M1 CSV直答模块,模块专项测试,module_m1_action,module_m1_direct,M1_编号直答,FMEA编号、字段明确、单条记录直答。,简单,FMEA编号“FF27”对应的建议措施是什么？,Expanded design load cases (including typhoon/hurricane scenarios); High-fidelity coupled aero-hydro-elastic simulation in design updates,失效模式是：Structural break [11]；项目/功能是：Floating support structure / Floating Support structure / All structures；建议措施是：Expanded design load cases (including typhoon/hurricane scenarios); High-fidelity coupled aero-hydro-elastic simulation in design updates。,正确,1.0,79.13,语义RAG,0.1667,1.0,0,,6,,,,,,Expanded design load cases (including typhoon/hurricane scenarios); High-fidelity coupled aero-hydro-elastic simulation in design updates,,建议措施,71,
75,1575,Full-M1去除CSV直答模块,M1 CSV直答模块,模块专项测试,module_m1_sod,module_m1_direct,M1_编号直答,FMEA编号、字段明确、单条记录直答。,简单,FMEA编号“FF30”这条的S、O、D、RPN分别是多少？,,严重度 / S: 3.6 发生度 / O: 3 可探测度 / D: 3.2 风险优先数 / RPN: 31.2,正确,1.0,945.44,语义RAG,0.3333,1.0,0,,6,,,3.6；3.0；3.2；31.2,,,,3.6；3.0；3.2；31.2,严酷度(S)；发生度(O)；可探测度(D)；RPN,74,
76,1576,Full-M1去除CSV直答模块,M1 CSV直答模块,模块专项测试,module_m1_cause,module_m1_direct,M1_编号直答,FMEA编号、字段明确、单条记录直答。,简单,FMEA编号“SKS1”这条里，潜在失效原因/机理是什么？,Operation; Abnormal working conditions,Operation; Abnormal working conditions,正确,1.0,681.01,语义RAG,0.3333,1.0,0,,6,,,,,,Operation; Abnormal working conditions,,潜在失效原因/机理,75,
77,1577,Full-M1去除CSV直答模块,M1 CSV直答模块,模块专项测试,module_m1_effect,module_m1_direct,M1_编号直答,FMEA编号、字段明确、单条记录直答。,简单,FMEA编号“SKS2”这条里，潜在失效后果是什么？,Anchor failure,Anchor failure,正确,1.0,578.67,语义RAG,0.3333,1.0,0,,6,,,,,,Anchor failure,,潜在失效后果,76,
78,1578,Full-M1去除CSV直答模块,M1 CSV直答模块,模块专项测试,module_m1_rpn,module_m1_direct,M1_编号直答,FMEA编号、字段明确、单条记录直答。,简单,FMEA编号“SKS3”这条的RPN是多少？,RPN=29.25,29.25,正确,1.0,687.52,语义RAG,0.3333,1.0,0,,6,,,29.25,,,,29.25,RPN,77,
79,1579,Full-M1去除CSV直答模块,M1 CSV直答模块,模块专项测试,module_m1_action,module_m1_direct,M1_编号直答,FMEA编号、字段明确、单条记录直答。,简单,FMEA编号“SKS6”对应的建议措施是什么？,Cathodic protection and corrosion monitoring regimes; -,Cathodic protection and corrosion monitoring regimes; -,正确,1.0,721.46,语义RAG,0.3333,1.0,0,,6,,,,,,Cathodic protection and corrosion monitoring regimes; -,,建议措施,80,
80,1580,Full-M1去除CSV直答模块,M1 CSV直答模块,模块专项测试,module_m1_sod,module_m1_direct,M1_编号直答,FMEA编号、字段明确、单条记录直答。,简单,FMEA编号“SKS5”这条的S、O、D、RPN分别是多少？,,"S=3.8, O=2.8, D=3, RPN=30",正确,1.0,720.24,语义RAG,0.3333,1.0,0,,6,,,3.8；2.8；3.0；30.0,,,,3.8；2.8；3.0；30.0,严酷度(S)；发生度(O)；可探测度(D)；RPN,79,
81,1581,Full-M1去除CSV直答模块,M1 CSV直答模块,模块专项测试,module_m1_cause,module_m1_direct,M1_编号直答,FMEA编号、字段明确、单条记录直答。,简单,FMEA编号“SKS6”这条里，潜在失效原因/机理是什么？,Operation; Fairlead corrosion,Operation; Fairlead corrosion,正确,1.0,549.24,语义RAG,0.3333,1.0,0,,6,,,,,,Operation; Fairlead corrosion,,潜在失效原因/机理,80,
82,1582,Full-M1去除CSV直答模块,M1 CSV直答模块,模块专项测试,module_m1_effect,module_m1_direct,M1_编号直答,FMEA编号、字段明确、单条记录直答。,简单,FMEA编号“SKS9”这条里，潜在失效后果是什么？,Mooring line strength decrease or broken,失效模式是：Mooring line breakage[8]；项目/功能是：Station keeping / Mooring Lines (ML) / Mooring lines；失效后果是：Mooring line strength decrease or broken。,正确,1.0,72.8,语义RAG,0.1667,1.0,0,,6,,,,,,Mooring line strength decrease or broken,,潜在失效后果,83,
83,1583,Full-M1去除CSV直答模块,M1 CSV直答模块,模块专项测试,module_m1_rpn,module_m1_direct,M1_编号直答,FMEA编号、字段明确、单条记录直答。,简单,FMEA编号“SKS8”这条的RPN是多少？,RPN=28.8,28.8,正确,1.0,662.9,语义RAG,0.1667,1.0,0,,6,,,28.8,,,,28.8,RPN,82,
84,1584,Full-M1去除CSV直答模块,M1 CSV直答模块,模块专项测试,module_m1_action,module_m1_direct,M1_编号直答,FMEA编号、字段明确、单条记录直答。,简单,FMEA编号“SKS13”对应的建议措施是什么？,Continuous tension and vibration monitoring; thresholds for intervention; Optimized chain/wire/rope selection and fatigue margins (design); -,失效模式是：Mooring Line Fatigue [1]；项目/功能是：Station keeping / Mooring Lines (ML) / Mooring lines；建议措施是：Continuous tension and vibration monitoring; thresholds for intervention; Optimized chain/wire/rope selection and fatigue margins (design); -。,正确,1.0,86.27,语义RAG,0.3333,1.0,0,,6,,,,,,Continuous tension and vibration monitoring; thresholds for intervention; Optimized chain/wire/rope selection and fatigue margins (design); -,,建议措施,87,
85,1585,Full-M1去除CSV直答模块,M1 CSV直答模块,模块专项测试,module_m1_sod,module_m1_direct,M1_编号直答,FMEA编号、字段明确、单条记录直答。,简单,FMEA编号“SKS10”这条的S、O、D、RPN分别是多少？,,S: 4 O: 2 D: 3 RPN: 24,正确,1.0,809.06,语义RAG,0.1667,1.0,0,,6,,,4.0；2.0；3.0；24.0,,,,4.0；2.0；3.0；24.0,严酷度(S)；发生度(O)；可探测度(D)；RPN,84,
86,1586,Full-M1去除CSV直答模块,M1 CSV直答模块,模块专项测试,module_m1_cause,module_m1_direct,M1_编号直答,FMEA编号、字段明确、单条记录直答。,简单,FMEA编号“SKS11”这条里，潜在失效原因/机理是什么？,Maintenance; Mooring lines corrosion due to improper maintenance of the corroded components,Maintenance; Mooring lines corrosion due to improper maintenance of the corroded components,正确,1.0,786.03,语义RAG,0.3333,1.0,0,,6,,,,,,Maintenance; Mooring lines corrosion due to improper maintenance of the corroded components,,潜在失效原因/机理,85,
87,1587,Full-M1去除CSV直答模块,M1 CSV直答模块,模块专项测试,module_m1_effect,module_m1_direct,M1_编号直答,FMEA编号、字段明确、单条记录直答。,简单,FMEA编号“SKS14”这条里，潜在失效后果是什么？,Mooring line strength decrease or broken,Mooring line strength decrease or broken,正确,1.0,1228.6,语义RAG,0.5,1.0,0,,6,,,,,,Mooring line strength decrease or broken,,潜在失效后果,88,
88,1588,Full-M1去除CSV直答模块,M1 CSV直答模块,模块专项测试,module_m1_rpn,module_m1_direct,M1_编号直答,FMEA编号、字段明确、单条记录直答。,简单,FMEA编号“SKS13”这条的RPN是多少？,RPN=31.6,31.6,正确,1.0,782.01,语义RAG,0.3333,1.0,0,,6,,,31.6,,,,31.6,RPN,87,
89,1589,Full-M1去除CSV直答模块,M1 CSV直答模块,模块专项测试,module_m1_action,module_m1_direct,M1_编号直答,FMEA编号、字段明确、单条记录直答。,简单,FMEA编号“SKS22”对应的建议措施是什么？,"Continuous tension and vibration monitoring; thresholds for intervention; Procedural controls: load management, operational envelopes; -","失效模式是：Mooring winch failure [1]；项目/功能是：Station keeping / Mooring lines (ML) / Mooring winch；建议措施是：Continuous tension and vibration monitoring; thresholds for intervention; Procedural controls: load management, operational envelopes; -。",正确,1.0,92.37,语义RAG,0.3333,1.0,0,,6,,,,,,"Continuous tension and vibration monitoring; thresholds for intervention; Procedural controls: load management, operational envelopes; -",,建议措施,96,
90,1590,Full-M1去除CSV直答模块,M1 CSV直答模块,模块专项测试,module_m1_sod,module_m1_direct,M1_编号直答,FMEA编号、字段明确、单条记录直答。,简单,FMEA编号“SKS15”这条的S、O、D、RPN分别是多少？,,S：3.6 O：2 D：3.6 RPN：26.4,正确,1.0,812.52,语义RAG,0.1667,1.0,0,,6,,,3.6；2.0；3.6；26.4,,,,3.6；2.0；3.6；26.4,严酷度(S)；发生度(O)；可探测度(D)；RPN,89,
91,1591,Full-M1去除CSV直答模块,M1 CSV直答模块,模块专项测试,module_m1_cause,module_m1_direct,M1_编号直答,FMEA编号、字段明确、单条记录直答。,简单,FMEA编号“SKS16”这条里，潜在失效原因/机理是什么？,"Operation; Mooring lines wear due to Improper handling, such as excessive tension, bending, or twisting of the mooring lines.","Mooring lines wear due to Improper handling, such as excessive tension, bending, or twisting of the mooring lines.",错误,0.0,863.14,语义RAG,0.3333,1.0,0,,6,"Operation; Mooring lines wear due to Improper handling, such as excessive tension, bending, or twisting of the mooring lines.",,,,,"Operation; Mooring lines wear due to Improper handling, such as excessive tension, bending, or twisting of the mooring lines.",,潜在失效原因/机理,90,
92,1592,Full-M1去除CSV直答模块,M1 CSV直答模块,模块专项测试,module_m1_effect,module_m1_direct,M1_编号直答,FMEA编号、字段明确、单条记录直答。,简单,FMEA编号“SKS19”这条里，潜在失效后果是什么？,Asset not in correct location or position,Asset not in correct location or position,正确,1.0,778.31,语义RAG,0.3333,1.0,0,,6,,,,,,Asset not in correct location or position,,潜在失效后果,93,
93,1593,Full-M1去除CSV直答模块,M1 CSV直答模块,模块专项测试,module_m1_rpn,module_m1_direct,M1_编号直答,FMEA编号、字段明确、单条记录直答。,简单,FMEA编号“SKS18”这条的RPN是多少？,RPN=20,20,正确,1.0,750.16,语义RAG,0.3333,1.0,0,,6,,,20.0,,,,20.0,RPN,92,
94,1594,Full-M1去除CSV直答模块,M1 CSV直答模块,模块专项测试,module_m1_action,module_m1_direct,M1_编号直答,FMEA编号、字段明确、单条记录直答。,简单,FMEA编号“DC9”对应的建议措施是什么？,-; Design review; improved material selection,失效模式是：Detachment；项目/功能是：Dynamic cable / Dynamic Cable / Dynamic Cable/；建议措施是：-; Design review; improved material selection。,正确,1.0,73.4,语义RAG,0.1667,1.0,0,,6,,,,,,-; Design review; improved material selection,,建议措施,105,
95,1595,Full-M1去除CSV直答模块,M1 CSV直答模块,模块专项测试,module_m1_sod,module_m1_direct,M1_编号直答,FMEA编号、字段明确、单条记录直答。,简单,FMEA编号“SKS20”这条的S、O、D、RPN分别是多少？,,S=4; O=2.2; D=3; RPN=28,正确,1.0,884.59,语义RAG,0.3333,1.0,0,,6,,,4.0；2.2；3.0；28.0,,,,4.0；2.2；3.0；28.0,严酷度(S)；发生度(O)；可探测度(D)；RPN,94,
96,1596,Full-M1去除CSV直答模块,M1 CSV直答模块,模块专项测试,module_m1_cause,module_m1_direct,M1_编号直答,FMEA编号、字段明确、单条记录直答。,简单,FMEA编号“SKS21”这条里，潜在失效原因/机理是什么？,Design; Mooring winch failure due to understimation of loads during design phase,Mooring winch failure due to understimation of loads during design phase,错误,0.0,662.42,语义RAG,0.3333,1.0,0,,6,Design; Mooring winch failure due to understimation of loads during design phase,,,,,Design; Mooring winch failure due to understimation of loads during design phase,,潜在失效原因/机理,95,
97,1597,Full-M1去除CSV直答模块,M1 CSV直答模块,模块专项测试,module_m1_effect,module_m1_direct,M1_编号直答,FMEA编号、字段明确、单条记录直答。,简单,FMEA编号“DC2”这条里，潜在失效后果是什么？,Structural integrity damage - extra stress on cables,失效模式是：anchoring damages；项目/功能是：Dynamic cable / Dynamic Cable / Dynamic Cable/；失效后果是：Structural integrity damage - extra stress on cables。,正确,1.0,76.76,语义RAG,0.1667,1.0,0,,6,,,,,,Structural integrity damage - extra stress on cables,,潜在失效后果,98,
98,1598,Full-M1去除CSV直答模块,M1 CSV直答模块,模块专项测试,module_m1_rpn,module_m1_direct,M1_编号直答,FMEA编号、字段明确、单条记录直答。,简单,FMEA编号“DC1”这条的RPN是多少？,RPN=30.25,30.25,正确,1.0,745.43,语义RAG,0.3333,1.0,0,,6,,,30.25,,,,30.25,RPN,97,
99,1599,Full-M1去除CSV直答模块,M1 CSV直答模块,模块专项测试,module_m1_action,module_m1_direct,M1_编号直答,FMEA编号、字段明确、单条记录直答。,简单,FMEA编号“DC19”对应的建议措施是什么？,"Monitoring: DTS/RTTR, electrical integrity tests, leak detection; -","失效模式是：Fatigue Cracks；项目/功能是：Dynamic cable / Dynamic Cable / Dynamic Cable/；建议措施是：Monitoring: DTS/RTTR, electrical integrity tests, leak detection; -。",正确,1.0,75.1,语义RAG,0.5,1.0,0,,6,,,,,,"Monitoring: DTS/RTTR, electrical integrity tests, leak detection; -",,建议措施,115,
100,1600,Full-M1去除CSV直答模块,M1 CSV直答模块,模块专项测试,module_m1_sod,module_m1_direct,M1_编号直答,FMEA编号、字段明确、单条记录直答。,简单,FMEA编号“DC3”这条的S、O、D、RPN分别是多少？,,S: 2.67 O: 3 D: 3 RPN: 32,正确,1.0,858.55,语义RAG,0.3333,1.0,0,,6,,,2.67；3.0；3.0；32.0,,,,2.67；3.0；3.0；32.0,严酷度(S)；发生度(O)；可探测度(D)；RPN,99,
101,1601,Full-M1去除CSV直答模块,M1 CSV直答模块,模块专项测试,module_m2_avg_rpn,module_m2_reasoning,M2_规则推理,平均、最高/最低、比较、S/O/D/RPN 等规则推理。,中等,项目/功能“Tower / Tower (TO) / Primary steelwork”的平均RPN是多少？,,Tower / Tower (TO) / Primary steelwork 对应的RPN平均值为 28.21（n=21）。,正确,1.0,31.66,确定性规则问答,0.0,1.0,0,1.0,1,,,28.21,,,,28.213809523809523,RPN,0,
102,1602,Full-M1去除CSV直答模块,M1 CSV直答模块,模块专项测试,module_m2_max_mode,module_m2_reasoning,M2_规则推理,平均、最高/最低、比较、S/O/D/RPN 等规则推理。,中等,项目/功能“Tower / Tower (TO) / Primary structure & welding”中RPN最高的失效模式是什么？,,Tower / Tower (TO) / Primary structure & welding 对应的RPN最大值为 38，对应失效模式：Cracks,正确,1.0,41.19,确定性规则问答,0.0,1.0,0,1.0,1,,,,,,Cracks,,潜在失效模式,8,
103,1603,Full-M1去除CSV直答模块,M1 CSV直答模块,模块专项测试,module_m2_min_mode,module_m2_reasoning,M2_规则推理,平均、最高/最低、比较、S/O/D/RPN 等规则推理。,中等,项目/功能“Transition piece / Transition Piece (TP) / Primary structure & welding”中RPN最低的失效模式是什么？,,Transition piece / Transition Piece (TP) / Primary structure & welding 对应的RPN最小值为 23.33，对应失效模式：Cracks,正确,1.0,21.81,确定性规则问答,0.0,1.0,0,1.0,1,,,,,,Cracks,,潜在失效模式,28,
104,1604,Full-M1去除CSV直答模块,M1 CSV直答模块,模块专项测试,module_m2_mode_sod,module_m2_reasoning,M2_规则推理,平均、最高/最低、比较、S/O/D/RPN 等规则推理。,中等,在“Transition piece / Transition Piece (TP) / Primary structure”里，失效模式“Cracks”的S、O、D、RPN分别是多少？,,Transition piece / Transition Piece (TP) / Primary structure 对应的每个失效模式的RPN如下：Cracks=21.67；Transition piece break=33,错误,0.25,22.98,确定性规则问答,0.5,0.25,0,0.25,2,,3.75；2.5；3.25,21.67,,,,3.75；2.5；3.25；21.67,严酷度(S)；发生度(O)；可探测度(D)；RPN,31,
105,1605,Full-M1去除CSV直答模块,M1 CSV直答模块,模块专项测试,module_m2_avg_d,module_m2_reasoning,M2_规则推理,平均、最高/最低、比较、S/O/D/RPN 等规则推理。,中等,项目/功能“Transition piece / Transition Piece (TP) / Primary stucture”的平均可探测度D是多少？,,Transition piece / Transition Piece (TP) / Primary stucture 对应的探测度数平均值为 3.00（n=3）。,正确,1.0,19.35,确定性规则问答,0.0,1.0,0,1.0,1,,,3.0；3.0,,,,3.0,可探测度(D),30,
106,1606,Full-M1去除CSV直答模块,M1 CSV直答模块,模块专项测试,module_m2_avg_rpn,module_m2_reasoning,M2_规则推理,平均、最高/最低、比较、S/O/D/RPN 等规则推理。,中等,项目/功能“Transition piece / Transition Piece (TP) / Welding”的平均RPN是多少？,,Transition piece / Transition Piece (TP) / Welding 对应的RPN平均值为 26.45（n=5）。,正确,1.0,5.72,确定性规则问答,0.0,1.0,0,1.0,1,,,26.45,,,,26.451999999999998,RPN,33,
107,1607,Full-M1去除CSV直答模块,M1 CSV直答模块,模块专项测试,module_m2_max_mode,module_m2_reasoning,M2_规则推理,平均、最高/最低、比较、S/O/D/RPN 等规则推理。,中等,项目/功能“Floating support structure / Floating Support structure / All structures”中RPN最高的失效模式是什么？,,Floating support structure / Floating Support structure / All structures 对应的RPN最大值为 36，对应失效模式：Structural break [11],正确,1.0,6.62,确定性规则问答,0.0,1.0,0,1.0,1,,,11.0,,,Structural break [11],,潜在失效模式,64,
108,1608,Full-M1去除CSV直答模块,M1 CSV直答模块,模块专项测试,module_m2_min_mode,module_m2_reasoning,M2_规则推理,平均、最高/最低、比较、S/O/D/RPN 等规则推理。,中等,项目/功能“Floating support structure / Floating Support structure / Secondary structure”中RPN最低的失效模式是什么？,,Floating support structure / Floating Support structure / Secondary structure 对应的RPN最小值为 18.8，对应失效模式：Structural break [11],正确,1.0,6.63,确定性规则问答,0.0,1.0,0,1.0,1,,,11.0,,,Structural break [11],,潜在失效模式,61,
109,1609,Full-M1去除CSV直答模块,M1 CSV直答模块,模块专项测试,module_m2_mode_sod,module_m2_reasoning,M2_规则推理,平均、最高/最低、比较、S/O/D/RPN 等规则推理。,中等,在“Floating support structure / Floating Support structure / Primary structure & Welding”里，失效模式“Cracks [11]”的S、O、D、RPN分别是多少？,,Floating support structure / Floating Support structure / Primary structure & Welding 对应的每个失效模式的RPN如下：Capsize [11]=34.5；Cracks [11]=22.67；Structural break [11]=33.4,错误,0.25,6.42,确定性规则问答,0.3333,0.25,0,0.25,3,,4.14；2.86；3.57,22.67,,,,4.14；2.86；3.57；22.67,严酷度(S)；发生度(O)；可探测度(D)；RPN,53,
110,1610,Full-M1去除CSV直答模块,M1 CSV直答模块,模块专项测试,module_m2_avg_d,module_m2_reasoning,M2_规则推理,平均、最高/最低、比较、S/O/D/RPN 等规则推理。,中等,项目/功能“Station keeping / Anchor (AC)”的平均可探测度D是多少？,,Station keeping / Anchor (AC) 对应的探测度数平均值为 3.80（n=2）。,正确,1.0,5.96,确定性规则问答,0.0,1.0,0,1.0,1,,,3.8,,,,3.8,可探测度(D),76,
111,1611,Full-M1去除CSV直答模块,M1 CSV直答模块,模块专项测试,module_m2_avg_rpn,module_m2_reasoning,M2_规则推理,平均、最高/最低、比较、S/O/D/RPN 等规则推理。,中等,项目/功能“Station keeping / Fairlead (FL)”的平均RPN是多少？,,Station keeping / Fairlead (FL) 对应的RPN平均值为 30.00（n=2）。,正确,1.0,6.44,确定性规则问答,0.0,1.0,0,1.0,1,,,30.0,,,,30.0,RPN,79,
112,1612,Full-M1去除CSV直答模块,M1 CSV直答模块,模块专项测试,module_m2_max_mode,module_m2_reasoning,M2_规则推理,平均、最高/最低、比较、S/O/D/RPN 等规则推理。,中等,项目/功能“Station keeping / Mooring Lines (ML) / Mooring lines”中RPN最高的失效模式是什么？,,Station keeping / Mooring Lines (ML) / Mooring lines 对应的RPN最大值为 35.6，对应失效模式：Mooring line wear [1],正确,1.0,5.97,确定性规则问答,0.0,1.0,0,1.0,1,,,1.0,,,Mooring line wear [1],,潜在失效模式,84,
113,1613,Full-M1去除CSV直答模块,M1 CSV直答模块,模块专项测试,module_m2_min_mode,module_m2_reasoning,M2_规则推理,平均、最高/最低、比较、S/O/D/RPN 等规则推理。,中等,项目/功能“Station keeping / Mooring lines (ML) / Mooring lines”中RPN最低的失效模式是什么？,,"Station keeping / Mooring lines (ML) / Mooring lines 对应的RPN最小值为 20，对应失效模式：Mooring lines broken [1,3]",正确,1.0,5.7,确定性规则问答,0.0,1.0,0,1.0,1,,,1.0；3.0,,,"Mooring lines broken [1,3]",,潜在失效模式,91,
114,1614,Full-M1去除CSV直答模块,M1 CSV直答模块,模块专项测试,module_m2_mode_sod,module_m2_reasoning,M2_规则推理,平均、最高/最低、比较、S/O/D/RPN 等规则推理。,中等,在“Floating support structure / Floating Support structure / Secondary structure”里，失效模式“Structural break [11]”的S、O、D、RPN分别是多少？,,Floating support structure / Floating Support structure / Secondary structure 对应的每个失效模式的RPN如下：Additional Structures Failures=41.17；Additional Structures Failures=36.5；Additional Structures Failures=23.5；Additional Structures Failures=31.83；Additional Structures Failures=32；Additional Structures Failures=25.83；Additional Structures Failures=40.14；Floater unit sinkage=26.86；Structural break [11]=18.8；Watertight fault [1]=37.2；Watertight fault [1]=31.2,错误,0.25,5.99,确定性规则问答,0.0909,0.25,0,0.25,11,,4.0；2.6；3.25,18.8,,,,4.0；2.6；3.25；18.8,严酷度(S)；发生度(O)；可探测度(D)；RPN,66,
115,1615,Full-M1去除CSV直答模块,M1 CSV直答模块,模块专项测试,module_m2_avg_d,module_m2_reasoning,M2_规则推理,平均、最高/最低、比较、S/O/D/RPN 等规则推理。,中等,项目/功能“Dynamic cable / Dynamic Cable / Dynamic Cable/”的平均可探测度D是多少？,,Dynamic cable / Dynamic Cable / Dynamic Cable/ 对应的探测度数平均值为 3.17（n=15）。,正确,1.0,5.13,确定性规则问答,0.0,1.0,0,1.0,1,,,3.17,,,,3.173333333333334,可探测度(D),128,
116,1616,Full-M1去除CSV直答模块,M1 CSV直答模块,模块专项测试,module_m2_avg_rpn,module_m2_reasoning,M2_规则推理,平均、最高/最低、比较、S/O/D/RPN 等规则推理。,中等,项目/功能“Dynamic cable / Dynamic Cable / J-tube”的平均RPN是多少？,,Dynamic cable / Dynamic Cable / J-tube 对应的RPN平均值为 18.75（n=2）。,正确,1.0,5.22,确定性规则问答,0.0,1.0,0,1.0,1,,,18.75,,,,18.75,RPN,101,
117,1617,Full-M1去除CSV直答模块,M1 CSV直答模块,模块专项测试,module_m2_max_mode,module_m2_reasoning,M2_规则推理,平均、最高/最低、比较、S/O/D/RPN 等规则推理。,中等,项目/功能“Dynamic cable / Dynamic Cable / Joints and terminations”中RPN最高的失效模式是什么？,,Dynamic cable / Dynamic Cable / Joints and terminations 对应的RPN最大值为 28.6，对应失效模式：Failure of end termination [6],正确,1.0,6.28,确定性规则问答,0.0,1.0,0,1.0,1,,,6.0,,,Failure of end termination [6],,潜在失效模式,107,
118,1618,Full-M1去除CSV直答模块,M1 CSV直答模块,模块专项测试,module_m2_min_mode,module_m2_reasoning,M2_规则推理,平均、最高/最低、比较、S/O/D/RPN 等规则推理。,中等,项目/功能“Dynamic cable / Dynamic Cable / Cable Protection System (CPS)”中RPN最低的失效模式是什么？,,Dynamic cable / Dynamic Cable / Cable Protection System (CPS) 对应的RPN最小值为 38.4，对应失效模式：Movement of CPS due to scour/seabed mobility [6],正确,1.0,6.07,确定性规则问答,0.0,1.0,0,1.0,1,,,6.0,,,Movement of CPS due to scour/seabed mobility [6],,潜在失效模式,123,
119,1619,Full-M1去除CSV直答模块,M1 CSV直答模块,模块专项测试,module_m2_mode_sod,module_m2_reasoning,M2_规则推理,平均、最高/最低、比较、S/O/D/RPN 等规则推理。,中等,在“Floating support structure / Floating Support structure / Welding”里，失效模式“Cracks [11]”的S、O、D、RPN分别是多少？,,Floating support structure / Floating Support structure / Welding 对应的每个失效模式的RPN如下：Cracks [11]=31.2,错误,0.25,5.58,确定性规则问答,1.0,0.25,0,0.25,1,,3.6；3.0；3.2,31.2,,,,3.6；3.0；3.2；31.2,严酷度(S)；发生度(O)；可探测度(D)；RPN,74,
120,1620,Full-M1去除CSV直答模块,M1 CSV直答模块,模块专项测试,module_m2_avg_d,module_m2_reasoning,M2_规则推理,平均、最高/最低、比较、S/O/D/RPN 等规则推理。,中等,项目/功能“Tower / Tower (TO) / Primary steelwork”的平均可探测度D是多少？,,Tower / Tower (TO) / Primary steelwork 对应的探测度数平均值为 3.01（n=21）。,正确,1.0,5.33,确定性规则问答,0.0,1.0,0,1.0,1,,,3.01,,,,3.01,可探测度(D),22,
121,1621,Full-M1去除CSV直答模块,M1 CSV直答模块,模块专项测试,module_m2_avg_rpn,module_m2_reasoning,M2_规则推理,平均、最高/最低、比较、S/O/D/RPN 等规则推理。,中等,项目/功能“Tower / Tower (TO) / Primary structure & welding”的平均RPN是多少？,,Tower / Tower (TO) / Primary structure & welding 对应的RPN平均值为 29.90（n=2）。,正确,1.0,5.31,确定性规则问答,0.0,1.0,0,1.0,1,,,29.9,,,,29.9,RPN,7,
122,1622,Full-M1去除CSV直答模块,M1 CSV直答模块,模块专项测试,module_m2_max_mode,module_m2_reasoning,M2_规则推理,平均、最高/最低、比较、S/O/D/RPN 等规则推理。,中等,项目/功能“Transition piece / Transition Piece (TP) / Primary structure & welding”中RPN最高的失效模式是什么？,,Transition piece / Transition Piece (TP) / Primary structure & welding 对应的RPN最大值为 38，对应失效模式：Cracks,正确,1.0,6.3,确定性规则问答,0.0,1.0,0,1.0,1,,,,,,Cracks,,潜在失效模式,41,
123,1623,Full-M1去除CSV直答模块,M1 CSV直答模块,模块专项测试,module_m2_min_mode,module_m2_reasoning,M2_规则推理,平均、最高/最低、比较、S/O/D/RPN 等规则推理。,中等,项目/功能“Transition piece / Transition Piece (TP) / Primary structure”中RPN最低的失效模式是什么？,,Transition piece / Transition Piece (TP) / Primary structure 对应的RPN最小值为 21.67，对应失效模式：Cracks,正确,1.0,5.99,确定性规则问答,0.0,1.0,0,1.0,1,,,,,,Cracks,,潜在失效模式,25,
124,1624,Full-M1去除CSV直答模块,M1 CSV直答模块,模块专项测试,module_m2_mode_sod,module_m2_reasoning,M2_规则推理,平均、最高/最低、比较、S/O/D/RPN 等规则推理。,中等,在“Station keeping / Monitoring System”里，失效模式“Monitoring system fails”的S、O、D、RPN分别是多少？,,Station keeping / Monitoring System 对应的每个失效模式的RPN如下：Monitoring system fails=13.5,错误,0.25,5.46,确定性规则问答,1.0,0.25,0,0.25,1,,2.6；3.2；2.0,13.5,,,,2.6；3.2；2.0；13.5,严酷度(S)；发生度(O)；可探测度(D)；RPN,81,
125,1625,Full-M1去除CSV直答模块,M1 CSV直答模块,模块专项测试,module_m2_avg_d,module_m2_reasoning,M2_规则推理,平均、最高/最低、比较、S/O/D/RPN 等规则推理。,中等,项目/功能“Transition piece / Transition Piece (TP) / Welding”的平均可探测度D是多少？,,Transition piece / Transition Piece (TP) / Welding 对应的探测度数平均值为 3.13（n=5）。,正确,1.0,5.36,确定性规则问答,0.0,1.0,0,1.0,1,,,3.13,,,,3.134,可探测度(D),44,
126,1626,Full-M1去除CSV直答模块,M1 CSV直答模块,模块专项测试,module_m2_avg_rpn,module_m2_reasoning,M2_规则推理,平均、最高/最低、比较、S/O/D/RPN 等规则推理。,中等,项目/功能“Floating support structure / Floating Support structure / All structures”的平均RPN是多少？,,Floating support structure / Floating Support structure / All structures 对应的RPN平均值为 28.36（n=11）。,正确,1.0,5.48,确定性规则问答,0.0,1.0,0,1.0,1,,,28.36,,,,28.36181818181818,RPN,54,
127,1627,Full-M1去除CSV直答模块,M1 CSV直答模块,模块专项测试,module_m2_max_mode,module_m2_reasoning,M2_规则推理,平均、最高/最低、比较、S/O/D/RPN 等规则推理。,中等,项目/功能“Floating support structure / Floating Support structure / Secondary structure”中RPN最高的失效模式是什么？,,Floating support structure / Floating Support structure / Secondary structure 对应的RPN最大值为 41.17，对应失效模式：Additional Structures Failures,正确,1.0,8.06,确定性规则问答,0.0,1.0,0,1.0,1,,,,,,Additional Structures Failures,,潜在失效模式,57,
128,1628,Full-M1去除CSV直答模块,M1 CSV直答模块,模块专项测试,module_m2_min_mode,module_m2_reasoning,M2_规则推理,平均、最高/最低、比较、S/O/D/RPN 等规则推理。,中等,项目/功能“Floating support structure / Floating Support structure / Primary structure & Welding”中RPN最低的失效模式是什么？,,Floating support structure / Floating Support structure / Primary structure & Welding 对应的RPN最小值为 22.67，对应失效模式：Cracks [11],正确,1.0,6.13,确定性规则问答,0.0,1.0,0,1.0,1,,,11.0,,,Cracks [11],,潜在失效模式,52,
129,1629,Full-M1去除CSV直答模块,M1 CSV直答模块,模块专项测试,module_m2_mode_sod,module_m2_reasoning,M2_规则推理,平均、最高/最低、比较、S/O/D/RPN 等规则推理。,中等,在“Dynamic cable / Dynamic Cable / Dynamic Cable/”里，失效模式“Cable Damage”的S、O、D、RPN分别是多少？,,Dynamic cable / Dynamic Cable / Dynamic Cable/ 对应的每个失效模式的RPN如下：Cable Damage=32；Crushing or deformation=24；Debris disturbance=16；Detachment=18.5；Failure of fixing clamps=28；Failure of watertightness=27.8；Failure of watertightness=30.2；Fatigue Cracks=35.6；Geo-Hazards=32；Loss of dynamic positioning=26；Premature damage of outer protection layer=29；Small bending radius=28.6；accelerated mechanical fatigue=30.25；anchoring damages=20；material degradation=18.5,错误,0.25,6.42,确定性规则问答,0.0667,0.25,0,0.25,15,,2.67；3.0；3.0,32.0；32.0,,,,2.67；3.0；3.0；32.0,严酷度(S)；发生度(O)；可探测度(D)；RPN,99,
130,1630,Full-M1去除CSV直答模块,M1 CSV直答模块,模块专项测试,module_m2_avg_d,module_m2_reasoning,M2_规则推理,平均、最高/最低、比较、S/O/D/RPN 等规则推理。,中等,项目/功能“Station keeping / Fairlead (FL)”的平均可探测度D是多少？,,Station keeping / Fairlead (FL) 对应的探测度数平均值为 3.00（n=2）。,正确,1.0,5.29,确定性规则问答,0.0,1.0,0,1.0,1,,,3.0,,,,3.0,可探测度(D),80,
131,1631,Full-M1去除CSV直答模块,M1 CSV直答模块,模块专项测试,module_m2_avg_rpn,module_m2_reasoning,M2_规则推理,平均、最高/最低、比较、S/O/D/RPN 等规则推理。,中等,项目/功能“Station keeping / Mooring Lines (ML) / Mooring lines”的平均RPN是多少？,,Station keeping / Mooring Lines (ML) / Mooring lines 对应的RPN平均值为 28.53（n=9）。,正确,1.0,5.28,确定性规则问答,0.0,1.0,0,1.0,1,,,28.53,,,,28.533333333333335,RPN,85,
132,1632,Full-M1去除CSV直答模块,M1 CSV直答模块,模块专项测试,module_m2_max_mode,module_m2_reasoning,M2_规则推理,平均、最高/最低、比较、S/O/D/RPN 等规则推理。,中等,项目/功能“Station keeping / Mooring lines (ML) / Mooring lines”中RPN最高的失效模式是什么？,,"Station keeping / Mooring lines (ML) / Mooring lines 对应的RPN最大值为 28，对应失效模式：Mooring lines broken [1,3]",正确,1.0,6.27,确定性规则问答,0.0,1.0,0,1.0,1,,,1.0；3.0,,,"Mooring lines broken [1,3]",,潜在失效模式,94,
133,1633,Full-M1去除CSV直答模块,M1 CSV直答模块,模块专项测试,module_m2_min_mode,module_m2_reasoning,M2_规则推理,平均、最高/最低、比较、S/O/D/RPN 等规则推理。,中等,项目/功能“Station keeping / Mooring lines (ML) / Mooring winch”中RPN最低的失效模式是什么？,,Station keeping / Mooring lines (ML) / Mooring winch 对应的RPN最小值为 21.6，对应失效模式：Mooring winch failure [1],正确,1.0,6.08,确定性规则问答,0.0,1.0,0,1.0,1,,,1.0,,,Mooring winch failure [1],,潜在失效模式,95,
134,1634,Full-M1去除CSV直答模块,M1 CSV直答模块,模块专项测试,module_m2_mode_sod,module_m2_reasoning,M2_规则推理,平均、最高/最低、比较、S/O/D/RPN 等规则推理。,中等,在“Dynamic cable / Dynamic Cable / Dynamic Cable/”里，失效模式“Failure of fixing clamps”的S、O、D、RPN分别是多少？,,Dynamic cable / Dynamic Cable / Dynamic Cable/ 对应的每个失效模式的RPN如下：Cable Damage=32；Crushing or deformation=24；Debris disturbance=16；Detachment=18.5；Failure of fixing clamps=28；Failure of watertightness=27.8；Failure of watertightness=30.2；Fatigue Cracks=35.6；Geo-Hazards=32；Loss of dynamic positioning=26；Premature damage of outer protection layer=29；Small bending radius=28.6；accelerated mechanical fatigue=30.25；anchoring damages=20；material degradation=18.5,错误,0.25,6.4,确定性规则问答,0.0667,0.25,0,0.25,15,,3.6；2.6；3.0,28.0,,,,3.6；2.6；3.0；28.0,严酷度(S)；发生度(O)；可探测度(D)；RPN,109,
135,1635,Full-M1去除CSV直答模块,M1 CSV直答模块,模块专项测试,module_m2_avg_d,module_m2_reasoning,M2_规则推理,平均、最高/最低、比较、S/O/D/RPN 等规则推理。,中等,项目/功能“Dynamic cable / Dynamic Cable / J-tube”的平均可探测度D是多少？,,Dynamic cable / Dynamic Cable / J-tube 对应的探测度数平均值为 3.30（n=2）。,正确,1.0,5.28,确定性规则问答,0.0,1.0,0,1.0,1,,,3.3,,,,3.3,可探测度(D),100,
136,1636,Full-M1去除CSV直答模块,M1 CSV直答模块,模块专项测试,module_m2_avg_rpn,module_m2_reasoning,M2_规则推理,平均、最高/最低、比较、S/O/D/RPN 等规则推理。,中等,项目/功能“Dynamic cable / Dynamic Cable / Joints and terminations”的平均RPN是多少？,,Dynamic cable / Dynamic Cable / Joints and terminations 对应的RPN平均值为 27.13（n=3）。,正确,1.0,5.27,确定性规则问答,0.0,1.0,0,1.0,1,,,27.13,,,,27.133333333333336,RPN,108,
137,1637,Full-M1去除CSV直答模块,M1 CSV直答模块,模块专项测试,module_m2_max_mode,module_m2_reasoning,M2_规则推理,平均、最高/最低、比较、S/O/D/RPN 等规则推理。,中等,项目/功能“Dynamic cable / Dynamic Cable / Cable Protection System (CPS)”中RPN最高的失效模式是什么？,,Dynamic cable / Dynamic Cable / Cable Protection System (CPS) 对应的RPN最大值为 44，对应失效模式：Movement of CPS due to scour/seabed mobility [6],正确,1.0,6.13,确定性规则问答,0.0,1.0,0,1.0,1,,,6.0,,,Movement of CPS due to scour/seabed mobility [6],,潜在失效模式,121,
138,1638,Full-M1去除CSV直答模块,M1 CSV直答模块,模块专项测试,module_m2_min_mode,module_m2_reasoning,M2_规则推理,平均、最高/最低、比较、S/O/D/RPN 等规则推理。,中等,项目/功能“Dynamic cable / Dynamic Cable / Static cable/Export Cable”中RPN最低的失效模式是什么？,,Dynamic cable / Dynamic Cable / Static cable/Export Cable 对应的RPN最小值为 28.6，对应失效模式：Reduced sediment cover lower than designed value for protection [6],正确,1.0,5.93,确定性规则问答,0.0,1.0,0,1.0,1,,,6.0,,,Reduced sediment cover lower than designed value for protection [6],,潜在失效模式,127,
139,1639,Full-M1去除CSV直答模块,M1 CSV直答模块,模块专项测试,module_m2_mode_sod,module_m2_reasoning,M2_规则推理,平均、最高/最低、比较、S/O/D/RPN 等规则推理。,中等,在“Dynamic cable / Dynamic Cable / Dynamic Cable/”里，失效模式“Geo-Hazards”的S、O、D、RPN分别是多少？,,Dynamic cable / Dynamic Cable / Dynamic Cable/ 对应的每个失效模式的RPN如下：Cable Damage=32；Crushing or deformation=24；Debris disturbance=16；Detachment=18.5；Failure of fixing clamps=28；Failure of watertightness=27.8；Failure of watertightness=30.2；Fatigue Cracks=35.6；Geo-Hazards=32；Loss of dynamic positioning=26；Premature damage of outer protection layer=29；Small bending radius=28.6；accelerated mechanical fatigue=30.25；anchoring damages=20；material degradation=18.5,错误,0.25,6.48,确定性规则问答,0.0667,0.25,0,0.25,15,,4.6；1.4；3.5,32.0；32.0,,,,4.6；1.4；3.5；32.0,严酷度(S)；发生度(O)；可探测度(D)；RPN,116,
140,1640,Full-M1去除CSV直答模块,M1 CSV直答模块,模块专项测试,module_m2_avg_d,module_m2_reasoning,M2_规则推理,平均、最高/最低、比较、S/O/D/RPN 等规则推理。,中等,项目/功能“Tower / Tower (TO) / Primary structure & welding”的平均可探测度D是多少？,,Tower / Tower (TO) / Primary structure & welding 对应的探测度数平均值为 3.67（n=2）。,正确,1.0,5.28,确定性规则问答,0.0,1.0,0,1.0,1,,,3.67,,,,3.67,可探测度(D),8,
141,1641,Full-M1去除CSV直答模块,M1 CSV直答模块,模块专项测试,module_m2_avg_rpn,module_m2_reasoning,M2_规则推理,平均、最高/最低、比较、S/O/D/RPN 等规则推理。,中等,项目/功能“Transition piece / Transition Piece (TP) / Primary structure & welding”的平均RPN是多少？,,Transition piece / Transition Piece (TP) / Primary structure & welding 对应的RPN平均值为 30.08（n=11）。,正确,1.0,5.32,确定性规则问答,0.0,1.0,0,1.0,1,,,30.08,,,,30.083636363636366,RPN,38,
142,1642,Full-M1去除CSV直答模块,M1 CSV直答模块,模块专项测试,module_m2_max_mode,module_m2_reasoning,M2_规则推理,平均、最高/最低、比较、S/O/D/RPN 等规则推理。,中等,项目/功能“Transition piece / Transition Piece (TP) / Primary structure”中RPN最高的失效模式是什么？,,Transition piece / Transition Piece (TP) / Primary structure 对应的RPN最大值为 33，对应失效模式：Transition piece break,正确,1.0,6.19,确定性规则问答,0.0,1.0,0,1.0,1,,,,,,Transition piece break,,潜在失效模式,31,
143,1643,Full-M1去除CSV直答模块,M1 CSV直答模块,模块专项测试,module_m2_min_mode,module_m2_reasoning,M2_规则推理,平均、最高/最低、比较、S/O/D/RPN 等规则推理。,中等,项目/功能“Transition piece / Transition Piece (TP) / Primary stucture”中RPN最低的失效模式是什么？,,Transition piece / Transition Piece (TP) / Primary stucture 对应的RPN最小值为 24，对应失效模式：Structural plastic deformation,正确,1.0,5.96,确定性规则问答,0.0,1.0,0,1.0,1,,,,,,Structural plastic deformation,,潜在失效模式,26,
144,1644,Full-M1去除CSV直答模块,M1 CSV直答模块,模块专项测试,module_m2_mode_sod,module_m2_reasoning,M2_规则推理,平均、最高/最低、比较、S/O/D/RPN 等规则推理。,中等,在“Dynamic cable / Dynamic Cable / Dynamic Cable/”里，失效模式“Premature damage of outer protection layer”的S、O、D、RPN分别是多少？,,Dynamic cable / Dynamic Cable / Dynamic Cable/ 对应的每个失效模式的RPN如下：Cable Damage=32；Crushing or deformation=24；Debris disturbance=16；Detachment=18.5；Failure of fixing clamps=28；Failure of watertightness=27.8；Failure of watertightness=30.2；Fatigue Cracks=35.6；Geo-Hazards=32；Loss of dynamic positioning=26；Premature damage of outer protection layer=29；Small bending radius=28.6；accelerated mechanical fatigue=30.25；anchoring damages=20；material degradation=18.5,错误,0.25,6.38,确定性规则问答,0.0667,0.25,0,0.25,15,,3.6；2.2；3.75,29.0,,,,3.6；2.2；3.75；29.0,严酷度(S)；发生度(O)；可探测度(D)；RPN,124,
145,1645,Full-M1去除CSV直答模块,M1 CSV直答模块,模块专项测试,module_m2_avg_d,module_m2_reasoning,M2_规则推理,平均、最高/最低、比较、S/O/D/RPN 等规则推理。,中等,项目/功能“Floating support structure / Floating Support structure / All structures”的平均可探测度D是多少？,,Floating support structure / Floating Support structure / All structures 对应的探测度数平均值为 3.44（n=11）。,正确,1.0,5.36,确定性规则问答,0.0,1.0,0,1.0,1,,,3.44,,,,3.444545454545455,可探测度(D),45,
146,1646,Full-M1去除CSV直答模块,M1 CSV直答模块,模块专项测试,module_m2_avg_rpn,module_m2_reasoning,M2_规则推理,平均、最高/最低、比较、S/O/D/RPN 等规则推理。,中等,项目/功能“Floating support structure / Floating Support structure / Secondary structure”的平均RPN是多少？,,Floating support structure / Floating Support structure / Secondary structure 对应的RPN平均值为 31.37（n=11）。,正确,1.0,5.35,确定性规则问答,0.0,1.0,0,1.0,1,,,31.37,,,,31.36636363636364,RPN,50,
147,1647,Full-M1去除CSV直答模块,M1 CSV直答模块,模块专项测试,module_m2_max_mode,module_m2_reasoning,M2_规则推理,平均、最高/最低、比较、S/O/D/RPN 等规则推理。,中等,项目/功能“Floating support structure / Floating Support structure / Primary structure & Welding”中RPN最高的失效模式是什么？,,Floating support structure / Floating Support structure / Primary structure & Welding 对应的RPN最大值为 34.5，对应失效模式：Capsize [11],正确,1.0,6.19,确定性规则问答,0.0,1.0,0,1.0,1,,,11.0,,,Capsize [11],,潜在失效模式,53,
148,1648,Full-M1去除CSV直答模块,M1 CSV直答模块,模块专项测试,module_m2_min_mode,module_m2_reasoning,M2_规则推理,平均、最高/最低、比较、S/O/D/RPN 等规则推理。,中等,项目/功能“Station keeping / Anchor (AC)”中RPN最低的失效模式是什么？,,"Station keeping / Anchor (AC) 对应的RPN最小值为 34，对应失效模式：Anchor failure [1], [17]",正确,1.0,9.13,确定性规则问答,0.0,1.0,0,1.0,1,,,1.0；17.0,,,"Anchor failure [1], [17]",,潜在失效模式,76,
149,1649,Full-M1去除CSV直答模块,M1 CSV直答模块,模块专项测试,module_m2_mode_sod,module_m2_reasoning,M2_规则推理,平均、最高/最低、比较、S/O/D/RPN 等规则推理。,中等,在“Transition piece / Transition Piece (TP) / Primary structure”里，失效模式“Transition piece break”的S、O、D、RPN分别是多少？,,Transition piece / Transition Piece (TP) / Primary structure 对应的每个失效模式的RPN如下：Cracks=21.67；Transition piece break=33,错误,0.25,6.1,确定性规则问答,0.5,0.25,0,0.25,2,,4.25；2.25；3.25,33.0,,,,4.25；2.25；3.25；33.0,严酷度(S)；发生度(O)；可探测度(D)；RPN,25,
150,1650,Full-M1去除CSV直答模块,M1 CSV直答模块,模块专项测试,module_m2_avg_d,module_m2_reasoning,M2_规则推理,平均、最高/最低、比较、S/O/D/RPN 等规则推理。,中等,项目/功能“Station keeping / Mooring Lines (ML) / Mooring lines”的平均可探测度D是多少？,,Station keeping / Mooring Lines (ML) / Mooring lines 对应的探测度数平均值为 3.18（n=9）。,正确,1.0,5.33,确定性规则问答,0.0,1.0,0,1.0,1,,,3.18,,,,3.177777777777778,可探测度(D),86,
151,1651,Full-M1去除CSV直答模块,M1 CSV直答模块,模块专项测试,module_m2_avg_rpn,module_m2_reasoning,M2_规则推理,平均、最高/最低、比较、S/O/D/RPN 等规则推理。,中等,项目/功能“Station keeping / Mooring lines (ML) / Mooring lines”的平均RPN是多少？,,Station keeping / Mooring lines (ML) / Mooring lines 对应的RPN平均值为 23.80（n=4）。,正确,1.0,7.53,确定性规则问答,0.0,1.0,0,1.0,1,,,23.8,,,,23.799999999999997,RPN,93,
152,1652,Full-M1去除CSV直答模块,M1 CSV直答模块,模块专项测试,module_m2_max_mode,module_m2_reasoning,M2_规则推理,平均、最高/最低、比较、S/O/D/RPN 等规则推理。,中等,项目/功能“Station keeping / Mooring lines (ML) / Mooring winch”中RPN最高的失效模式是什么？,,Station keeping / Mooring lines (ML) / Mooring winch 对应的RPN最大值为 25.6，对应失效模式：Mooring winch failure [1],正确,1.0,7.67,确定性规则问答,0.0,1.0,0,1.0,1,,,1.0,,,Mooring winch failure [1],,潜在失效模式,96,
153,1653,Full-M1去除CSV直答模块,M1 CSV直答模块,模块专项测试,module_m2_min_mode,module_m2_reasoning,M2_规则推理,平均、最高/最低、比较、S/O/D/RPN 等规则推理。,中等,项目/功能“Dynamic cable / Dynamic Cable / Dynamic Cable/”中RPN最低的失效模式是什么？,,Dynamic cable / Dynamic Cable / Dynamic Cable/ 对应的RPN最小值为 16，对应失效模式：Debris disturbance,正确,1.0,7.41,确定性规则问答,0.0,1.0,0,1.0,1,,,,,,Debris disturbance,,潜在失效模式,112,
154,1654,Full-M1去除CSV直答模块,M1 CSV直答模块,模块专项测试,module_m2_mode_sod,module_m2_reasoning,M2_规则推理,平均、最高/最低、比较、S/O/D/RPN 等规则推理。,中等,在“Floating support structure / Floating Support structure / Primary structure & Welding”里，失效模式“Capsize [11]”的S、O、D、RPN分别是多少？,,Floating support structure / Floating Support structure / Primary structure & Welding 对应的每个失效模式的RPN如下：Capsize [11]=34.5；Cracks [11]=22.67；Structural break [11]=33.4,错误,0.25,7.23,确定性规则问答,0.3333,0.25,0,0.25,3,,4.8；1.8；3.2,34.5,,,,4.8；1.8；3.2；34.5,严酷度(S)；发生度(O)；可探测度(D)；RPN,52,
155,1655,Full-M1去除CSV直答模块,M1 CSV直答模块,模块专项测试,module_m2_avg_d,module_m2_reasoning,M2_规则推理,平均、最高/最低、比较、S/O/D/RPN 等规则推理。,中等,项目/功能“Dynamic cable / Dynamic Cable / Joints and terminations”的平均可探测度D是多少？,,Dynamic cable / Dynamic Cable / Joints and terminations 对应的探测度数平均值为 2.93（n=3）。,正确,1.0,12.02,确定性规则问答,0.0,1.0,0,1.0,1,,,2.93,,,,2.9333333333333336,可探测度(D),106,
156,1656,Full-M1去除CSV直答模块,M1 CSV直答模块,模块专项测试,module_m2_avg_rpn,module_m2_reasoning,M2_规则推理,平均、最高/最低、比较、S/O/D/RPN 等规则推理。,中等,项目/功能“Dynamic cable / Dynamic Cable / Cable Protection System (CPS)”的平均RPN是多少？,,Dynamic cable / Dynamic Cable / Cable Protection System (CPS) 对应的RPN平均值为 41.33（n=3）。,正确,1.0,5.69,确定性规则问答,0.0,1.0,0,1.0,1,,,41.33,,,,41.333333333333336,RPN,122,
157,1657,Full-M1去除CSV直答模块,M1 CSV直答模块,模块专项测试,module_m2_max_mode,module_m2_reasoning,M2_规则推理,平均、最高/最低、比较、S/O/D/RPN 等规则推理。,中等,项目/功能“Dynamic cable / Dynamic Cable / Static cable/Export Cable”中RPN最高的失效模式是什么？,,Dynamic cable / Dynamic Cable / Static cable/Export Cable 对应的RPN最大值为 29.6，对应失效模式：Reduced sediment cover lower than designed value for protection [6],正确,1.0,6.22,确定性规则问答,0.0,1.0,0,1.0,1,,,6.0,,,Reduced sediment cover lower than designed value for protection [6],,潜在失效模式,125,
158,1658,Full-M1去除CSV直答模块,M1 CSV直答模块,模块专项测试,module_m2_min_mode,module_m2_reasoning,M2_规则推理,平均、最高/最低、比较、S/O/D/RPN 等规则推理。,中等,项目/功能“Tower / Tower (TO) / Primary steelwork”中RPN最低的失效模式是什么？,,Tower / Tower (TO) / Primary steelwork 对应的RPN最小值为 12.67，对应失效模式：Abnormal vibration,正确,1.0,6.0,确定性规则问答,0.0,1.0,0,1.0,1,,,,,,Abnormal vibration,,潜在失效模式,18,
159,1659,Full-M1去除CSV直答模块,M1 CSV直答模块,模块专项测试,module_m2_mode_sod,module_m2_reasoning,M2_规则推理,平均、最高/最低、比较、S/O/D/RPN 等规则推理。,中等,在“Floating support structure / Floating Support structure / All structures”里，失效模式“Watertight fault [1]”的S、O、D、RPN分别是多少？,,"Floating support structure / Floating Support structure / All structures 对应的每个失效模式的RPN如下：Capsize [11]=27.2；Cracks [11]=34；Floater unit sinkage=30.8；Hit by dropped objects [1,9]=25；Hit by dropped objects [1,9]=31.75；Hit by dropped objects [1,9]=24.86；Structural break [11]=22.4；Structural break [11]=36；Structural break [11]=25；Structural plastic deformation [11]=24.17；Watertight fault [1]=30.8",错误,0.25,6.24,确定性规则问答,0.0909,0.25,0,0.25,11,,4.0；2.2；3.25,30.8；30.8,,,,4.0；2.2；3.25；30.8,严酷度(S)；发生度(O)；可探测度(D)；RPN,62,
160,1660,Full-M1去除CSV直答模块,M1 CSV直答模块,模块专项测试,module_m2_avg_d,module_m2_reasoning,M2_规则推理,平均、最高/最低、比较、S/O/D/RPN 等规则推理。,中等,项目/功能“Transition piece / Transition Piece (TP) / Primary structure & welding”的平均可探测度D是多少？,,Transition piece / Transition Piece (TP) / Primary structure & welding 对应的探测度数平均值为 3.13（n=11）。,正确,1.0,5.33,确定性规则问答,0.0,1.0,0,1.0,1,,,3.13,,,,3.1290909090909085,可探测度(D),32,
161,1661,Full-M1去除CSV直答模块,M1 CSV直答模块,模块专项测试,module_m2_avg_rpn,module_m2_reasoning,M2_规则推理,平均、最高/最低、比较、S/O/D/RPN 等规则推理。,中等,项目/功能“Transition piece / Transition Piece (TP) / Primary structure”的平均RPN是多少？,,Transition piece / Transition Piece (TP) / Primary structure 对应的RPN平均值为 27.34（n=2）。,正确,1.0,5.28,确定性规则问答,0.0,1.0,0,1.0,1,,,27.34,,,,27.335,RPN,25,
162,1662,Full-M1去除CSV直答模块,M1 CSV直答模块,模块专项测试,module_m2_max_mode,module_m2_reasoning,M2_规则推理,平均、最高/最低、比较、S/O/D/RPN 等规则推理。,中等,项目/功能“Transition piece / Transition Piece (TP) / Primary stucture”中RPN最高的失效模式是什么？,,Transition piece / Transition Piece (TP) / Primary stucture 对应的RPN最大值为 32，对应失效模式：Structural plastic deformation,正确,1.0,6.25,确定性规则问答,0.0,1.0,0,1.0,1,,,,,,Structural plastic deformation,,潜在失效模式,30,
163,1663,Full-M1去除CSV直答模块,M1 CSV直答模块,模块专项测试,module_m2_min_mode,module_m2_reasoning,M2_规则推理,平均、最高/最低、比较、S/O/D/RPN 等规则推理。,中等,项目/功能“Transition piece / Transition Piece (TP) / Welding”中RPN最低的失效模式是什么？,,Transition piece / Transition Piece (TP) / Welding 对应的RPN最小值为 24.67，对应失效模式：Cracks,正确,1.0,5.93,确定性规则问答,0.0,1.0,0,1.0,1,,,,,,Cracks,,潜在失效模式,42,
164,1664,Full-M1去除CSV直答模块,M1 CSV直答模块,模块专项测试,module_m2_mode_sod,module_m2_reasoning,M2_规则推理,平均、最高/最低、比较、S/O/D/RPN 等规则推理。,中等,在“Floating support structure / Floating Support structure / Secondary structure & Welding”里，失效模式“Watertight fault [1]”的S、O、D、RPN分别是多少？,,Floating support structure / Floating Support structure / Secondary structure & Welding 对应的每个失效模式的RPN如下：Watertight fault [1]=36,错误,0.25,5.54,确定性规则问答,1.0,0.25,0,0.25,1,,3.6；2.33；3.6,36.0,,,,3.6；2.33；3.6；36.0,严酷度(S)；发生度(O)；可探测度(D)；RPN,73,
165,1665,Full-M1去除CSV直答模块,M1 CSV直答模块,模块专项测试,module_m2_avg_d,module_m2_reasoning,M2_规则推理,平均、最高/最低、比较、S/O/D/RPN 等规则推理。,中等,项目/功能“Floating support structure / Floating Support structure / Secondary structure”的平均可探测度D是多少？,,Floating support structure / Floating Support structure / Secondary structure 对应的探测度数平均值为 3.02（n=11）。,正确,1.0,5.33,确定性规则问答,0.0,1.0,0,1.0,1,,,3.02,,,,3.023636363636364,可探测度(D),65,
166,1666,Full-M1去除CSV直答模块,M1 CSV直答模块,模块专项测试,module_m2_avg_rpn,module_m2_reasoning,M2_规则推理,平均、最高/最低、比较、S/O/D/RPN 等规则推理。,中等,项目/功能“Floating support structure / Floating Support structure / Primary structure & Welding”的平均RPN是多少？,,Floating support structure / Floating Support structure / Primary structure & Welding 对应的RPN平均值为 30.19（n=3）。,正确,1.0,5.31,确定性规则问答,0.0,1.0,0,1.0,1,,,30.19,,,,30.189999999999998,RPN,68,
167,1667,Full-M1去除CSV直答模块,M1 CSV直答模块,模块专项测试,module_m2_max_mode,module_m2_reasoning,M2_规则推理,平均、最高/最低、比较、S/O/D/RPN 等规则推理。,中等,项目/功能“Station keeping / Anchor (AC)”中RPN最高的失效模式是什么？,,"Station keeping / Anchor (AC) 对应的RPN最大值为 34，对应失效模式：Anchor failure [1], [17]",正确,1.0,6.08,确定性规则问答,0.0,1.0,0,1.0,1,,,1.0；17.0,,,"Anchor failure [1], [17]",,潜在失效模式,75,
168,1668,Full-M1去除CSV直答模块,M1 CSV直答模块,模块专项测试,module_m2_min_mode,module_m2_reasoning,M2_规则推理,平均、最高/最低、比较、S/O/D/RPN 等规则推理。,中等,项目/功能“Station keeping / Fairlead (FL)”中RPN最低的失效模式是什么？,,"Station keeping / Fairlead (FL) 对应的RPN最小值为 30，对应失效模式：Fairlead failure [1], [17]，Fairlead failure [1],[17]",正确,1.0,5.95,确定性规则问答,0.0,1.0,0,1.0,1,,,1.0；17.0；1.0；17.0,,,"Fairlead failure [1], [17]",,潜在失效模式,80,
169,1669,Full-M1去除CSV直答模块,M1 CSV直答模块,模块专项测试,module_m2_mode_sod,module_m2_reasoning,M2_规则推理,平均、最高/最低、比较、S/O/D/RPN 等规则推理。,中等,"在“Station keeping / Fairlead (FL)”里，失效模式“Fairlead failure [1],[17]”的S、O、D、RPN分别是多少？",,"Station keeping / Fairlead (FL) 对应的每个失效模式的RPN如下：Fairlead failure [1], [17]=30；Fairlead failure [1],[17]=30",错误,0.25,5.48,确定性规则问答,1.0,0.25,0,0.25,2,,3.8；2.8；3.0,30.0；30.0,,,,3.8；2.8；3.0；30.0,严酷度(S)；发生度(O)；可探测度(D)；RPN,80,
170,1670,Full-M1去除CSV直答模块,M1 CSV直答模块,模块专项测试,module_m2_avg_d,module_m2_reasoning,M2_规则推理,平均、最高/最低、比较、S/O/D/RPN 等规则推理。,中等,项目/功能“Station keeping / Mooring lines (ML) / Mooring lines”的平均可探测度D是多少？,,Station keeping / Mooring lines (ML) / Mooring lines 对应的探测度数平均值为 2.70（n=4）。,正确,1.0,5.3,确定性规则问答,0.0,1.0,0,1.0,1,,,2.7,,,,2.7,可探测度(D),92,
171,1671,Full-M1去除CSV直答模块,M1 CSV直答模块,模块专项测试,module_m2_avg_rpn,module_m2_reasoning,M2_规则推理,平均、最高/最低、比较、S/O/D/RPN 等规则推理。,中等,项目/功能“Station keeping / Mooring lines (ML) / Mooring winch”的平均RPN是多少？,,Station keeping / Mooring lines (ML) / Mooring winch 对应的RPN平均值为 23.60（n=2）。,正确,1.0,5.26,确定性规则问答,0.0,1.0,0,1.0,1,,,23.6,,,,23.6,RPN,95,
172,1672,Full-M1去除CSV直答模块,M1 CSV直答模块,模块专项测试,module_m2_max_mode,module_m2_reasoning,M2_规则推理,平均、最高/最低、比较、S/O/D/RPN 等规则推理。,中等,项目/功能“Dynamic cable / Dynamic Cable / Dynamic Cable/”中RPN最高的失效模式是什么？,,Dynamic cable / Dynamic Cable / Dynamic Cable/ 对应的RPN最大值为 35.6，对应失效模式：Fatigue Cracks,正确,1.0,6.13,确定性规则问答,0.0,1.0,0,1.0,1,,,,,,Fatigue Cracks,,潜在失效模式,117,
173,1673,Full-M1去除CSV直答模块,M1 CSV直答模块,模块专项测试,module_m2_min_mode,module_m2_reasoning,M2_规则推理,平均、最高/最低、比较、S/O/D/RPN 等规则推理。,中等,项目/功能“Dynamic cable / Dynamic Cable / J-tube”中RPN最低的失效模式是什么？,,Dynamic cable / Dynamic Cable / J-tube 对应的RPN最小值为 15，对应失效模式：Corrosion of J-tube [6],正确,1.0,5.92,确定性规则问答,0.0,1.0,0,1.0,1,,,6.0,,,Corrosion of J-tube [6],,潜在失效模式,100,
174,1674,Full-M1去除CSV直答模块,M1 CSV直答模块,模块专项测试,module_m2_mode_sod,module_m2_reasoning,M2_规则推理,平均、最高/最低、比较、S/O/D/RPN 等规则推理。,中等,在“Dynamic cable / Dynamic Cable / Dynamic Cable/”里，失效模式“anchoring damages”的S、O、D、RPN分别是多少？,,Dynamic cable / Dynamic Cable / Dynamic Cable/ 对应的每个失效模式的RPN如下：Cable Damage=32；Crushing or deformation=24；Debris disturbance=16；Detachment=18.5；Failure of fixing clamps=28；Failure of watertightness=27.8；Failure of watertightness=30.2；Fatigue Cracks=35.6；Geo-Hazards=32；Loss of dynamic positioning=26；Premature damage of outer protection layer=29；Small bending radius=28.6；accelerated mechanical fatigue=30.25；anchoring damages=20；material degradation=18.5,错误,0.25,6.34,确定性规则问答,0.0667,0.25,0,0.25,15,,4.2；1.6；2.4,20.0,,,,4.2；1.6；2.4；20.0,严酷度(S)；发生度(O)；可探测度(D)；RPN,98,
175,1675,Full-M1去除CSV直答模块,M1 CSV直答模块,模块专项测试,module_m2_avg_d,module_m2_reasoning,M2_规则推理,平均、最高/最低、比较、S/O/D/RPN 等规则推理。,中等,项目/功能“Dynamic cable / Dynamic Cable / Cable Protection System (CPS)”的平均可探测度D是多少？,,Dynamic cable / Dynamic Cable / Cable Protection System (CPS) 对应的探测度数平均值为 4.27（n=3）。,正确,1.0,5.29,确定性规则问答,0.0,1.0,0,1.0,1,,,4.27,,,,4.266666666666667,可探测度(D),123,
176,1676,Full-M1去除CSV直答模块,M1 CSV直答模块,模块专项测试,module_m2_avg_rpn,module_m2_reasoning,M2_规则推理,平均、最高/最低、比较、S/O/D/RPN 等规则推理。,中等,项目/功能“Dynamic cable / Dynamic Cable / Static cable/Export Cable”的平均RPN是多少？,,Dynamic cable / Dynamic Cable / Static cable/Export Cable 对应的RPN平均值为 29.10（n=2）。,正确,1.0,5.32,确定性规则问答,0.0,1.0,0,1.0,1,,,29.1,,,,29.1,RPN,127,
177,1677,Full-M1去除CSV直答模块,M1 CSV直答模块,模块专项测试,module_m2_max_mode,module_m2_reasoning,M2_规则推理,平均、最高/最低、比较、S/O/D/RPN 等规则推理。,中等,项目/功能“Tower / Tower (TO) / Primary steelwork”中RPN最高的失效模式是什么？,,Tower / Tower (TO) / Primary steelwork 对应的RPN最大值为 40.75，对应失效模式：Cracks,正确,1.0,6.22,确定性规则问答,0.0,1.0,0,1.0,1,,,,,,Cracks,,潜在失效模式,16,
178,1678,Full-M1去除CSV直答模块,M1 CSV直答模块,模块专项测试,module_m2_min_mode,module_m2_reasoning,M2_规则推理,平均、最高/最低、比较、S/O/D/RPN 等规则推理。,中等,项目/功能“Tower / Tower (TO) / Primary structure & welding”中RPN最低的失效模式是什么？,,Tower / Tower (TO) / Primary structure & welding 对应的RPN最小值为 21.8，对应失效模式：Cracks,正确,1.0,6.15,确定性规则问答,0.0,1.0,0,1.0,1,,,,,,Cracks,,潜在失效模式,8,
179,1679,Full-M1去除CSV直答模块,M1 CSV直答模块,模块专项测试,module_m2_mode_sod,module_m2_reasoning,M2_规则推理,平均、最高/最低、比较、S/O/D/RPN 等规则推理。,中等,在“Dynamic cable / Dynamic Cable / Dynamic Cable/”里，失效模式“Detachment”的S、O、D、RPN分别是多少？,,Dynamic cable / Dynamic Cable / Dynamic Cable/ 对应的每个失效模式的RPN如下：Cable Damage=32；Crushing or deformation=24；Debris disturbance=16；Detachment=18.5；Failure of fixing clamps=28；Failure of watertightness=27.8；Failure of watertightness=30.2；Fatigue Cracks=35.6；Geo-Hazards=32；Loss of dynamic positioning=26；Premature damage of outer protection layer=29；Small bending radius=28.6；accelerated mechanical fatigue=30.25；anchoring damages=20；material degradation=18.5,错误,0.25,6.37,确定性规则问答,0.0667,0.25,0,0.25,15,,4.4；2.0；2.4,18.5；18.5,,,,4.4；2.0；2.4；18.5,严酷度(S)；发生度(O)；可探测度(D)；RPN,105,
180,1680,Full-M1去除CSV直答模块,M1 CSV直答模块,模块专项测试,module_m2_avg_d,module_m2_reasoning,M2_规则推理,平均、最高/最低、比较、S/O/D/RPN 等规则推理。,中等,项目/功能“Transition piece / Transition Piece (TP) / Primary structure”的平均可探测度D是多少？,,Transition piece / Transition Piece (TP) / Primary structure 对应的探测度数平均值为 3.25（n=2）。,正确,1.0,5.27,确定性规则问答,0.0,1.0,0,1.0,1,,,3.25,,,,3.25,可探测度(D),31,
181,1681,Full-M1去除CSV直答模块,M1 CSV直答模块,模块专项测试,module_m2_avg_rpn,module_m2_reasoning,M2_规则推理,平均、最高/最低、比较、S/O/D/RPN 等规则推理。,中等,项目/功能“Transition piece / Transition Piece (TP) / Primary stucture”的平均RPN是多少？,,Transition piece / Transition Piece (TP) / Primary stucture 对应的RPN平均值为 28.00（n=3）。,正确,1.0,5.27,确定性规则问答,0.0,1.0,0,1.0,1,,,28.0,,,,28.0,RPN,35,
182,1682,Full-M1去除CSV直答模块,M1 CSV直答模块,模块专项测试,module_m2_max_mode,module_m2_reasoning,M2_规则推理,平均、最高/最低、比较、S/O/D/RPN 等规则推理。,中等,项目/功能“Transition piece / Transition Piece (TP) / Welding”中RPN最高的失效模式是什么？,,Transition piece / Transition Piece (TP) / Welding 对应的RPN最大值为 30.25，对应失效模式：Cracks,正确,1.0,6.09,确定性规则问答,0.0,1.0,0,1.0,1,,,,,,Cracks,,潜在失效模式,36,
183,1683,Full-M1去除CSV直答模块,M1 CSV直答模块,模块专项测试,module_m2_min_mode,module_m2_reasoning,M2_规则推理,平均、最高/最低、比较、S/O/D/RPN 等规则推理。,中等,项目/功能“Floating support structure / Floating Support structure / All structures”中RPN最低的失效模式是什么？,,Floating support structure / Floating Support structure / All structures 对应的RPN最小值为 22.4，对应失效模式：Structural break [11],正确,1.0,6.12,确定性规则问答,0.0,1.0,0,1.0,1,,,11.0,,,Structural break [11],,潜在失效模式,62,
184,1684,Full-M1去除CSV直答模块,M1 CSV直答模块,模块专项测试,module_m2_mode_sod,module_m2_reasoning,M2_规则推理,平均、最高/最低、比较、S/O/D/RPN 等规则推理。,中等,在“Dynamic cable / Dynamic Cable / Dynamic Cable/”里，失效模式“Fatigue Cracks”的S、O、D、RPN分别是多少？,,Dynamic cable / Dynamic Cable / Dynamic Cable/ 对应的每个失效模式的RPN如下：Cable Damage=32；Crushing or deformation=24；Debris disturbance=16；Detachment=18.5；Failure of fixing clamps=28；Failure of watertightness=27.8；Failure of watertightness=30.2；Fatigue Cracks=35.6；Geo-Hazards=32；Loss of dynamic positioning=26；Premature damage of outer protection layer=29；Small bending radius=28.6；accelerated mechanical fatigue=30.25；anchoring damages=20；material degradation=18.5,错误,0.25,6.35,确定性规则问答,0.0667,0.25,0,0.25,15,,4.2；2.4；3.6,35.6,,,,4.2；2.4；3.6；35.6,严酷度(S)；发生度(O)；可探测度(D)；RPN,115,
185,1685,Full-M1去除CSV直答模块,M1 CSV直答模块,模块专项测试,module_m2_avg_d,module_m2_reasoning,M2_规则推理,平均、最高/最低、比较、S/O/D/RPN 等规则推理。,中等,项目/功能“Floating support structure / Floating Support structure / Primary structure & Welding”的平均可探测度D是多少？,,Floating support structure / Floating Support structure / Primary structure & Welding 对应的探测度数平均值为 3.46（n=3）。,正确,1.0,5.34,确定性规则问答,0.0,1.0,0,1.0,1,,,3.46,,,,3.4566666666666666,可探测度(D),52,
186,1686,Full-M1去除CSV直答模块,M1 CSV直答模块,模块专项测试,module_m2_avg_rpn,module_m2_reasoning,M2_规则推理,平均、最高/最低、比较、S/O/D/RPN 等规则推理。,中等,项目/功能“Station keeping / Anchor (AC)”的平均RPN是多少？,,Station keeping / Anchor (AC) 对应的RPN平均值为 34.00（n=2）。,正确,1.0,5.19,确定性规则问答,0.0,1.0,0,1.0,1,,,34.0,,,,34.0,RPN,76,
187,1687,Full-M1去除CSV直答模块,M1 CSV直答模块,模块专项测试,module_m2_max_mode,module_m2_reasoning,M2_规则推理,平均、最高/最低、比较、S/O/D/RPN 等规则推理。,中等,项目/功能“Station keeping / Fairlead (FL)”中RPN最高的失效模式是什么？,,"Station keeping / Fairlead (FL) 对应的RPN最大值为 30，对应失效模式：Fairlead failure [1], [17]，Fairlead failure [1],[17]",正确,1.0,6.18,确定性规则问答,0.0,1.0,0,1.0,1,,,1.0；17.0；1.0；17.0,,,"Fairlead failure [1], [17]",,潜在失效模式,79,
188,1688,Full-M1去除CSV直答模块,M1 CSV直答模块,模块专项测试,module_m2_min_mode,module_m2_reasoning,M2_规则推理,平均、最高/最低、比较、S/O/D/RPN 等规则推理。,中等,项目/功能“Station keeping / Mooring Lines (ML) / Mooring lines”中RPN最低的失效模式是什么？,,Station keeping / Mooring Lines (ML) / Mooring lines 对应的RPN最小值为 20，对应失效模式：Mooring line breakage[8],正确,1.0,5.95,确定性规则问答,0.0,1.0,0,1.0,1,,,8.0,,,Mooring line breakage[8],,潜在失效模式,88,
189,1689,Full-M1去除CSV直答模块,M1 CSV直答模块,模块专项测试,module_m2_mode_sod,module_m2_reasoning,M2_规则推理,平均、最高/最低、比较、S/O/D/RPN 等规则推理。,中等,在“Dynamic cable / Dynamic Cable / Fiber optic”里，失效模式“Mechanical degradation [20]”的S、O、D、RPN分别是多少？,,Dynamic cable / Dynamic Cable / Fiber optic 对应的每个失效模式的RPN如下：Mechanical degradation [20]=12,错误,0.25,5.41,确定性规则问答,1.0,0.25,0,0.25,1,,2.5；1.75；2.5,12.0,,,,2.5；1.75；2.5；12.0,严酷度(S)；发生度(O)；可探测度(D)；RPN,120,
190,1690,Full-M1去除CSV直答模块,M1 CSV直答模块,模块专项测试,module_m2_avg_d,module_m2_reasoning,M2_规则推理,平均、最高/最低、比较、S/O/D/RPN 等规则推理。,中等,项目/功能“Station keeping / Mooring lines (ML) / Mooring winch”的平均可探测度D是多少？,,Station keeping / Mooring lines (ML) / Mooring winch 对应的探测度数平均值为 3.00（n=2）。,正确,1.0,5.19,确定性规则问答,0.0,1.0,0,1.0,1,,,3.0,,,,3.0,可探测度(D),96,
191,1691,Full-M1去除CSV直答模块,M1 CSV直答模块,模块专项测试,module_m2_avg_rpn,module_m2_reasoning,M2_规则推理,平均、最高/最低、比较、S/O/D/RPN 等规则推理。,中等,项目/功能“Dynamic cable / Dynamic Cable / Dynamic Cable/”的平均RPN是多少？,,Dynamic cable / Dynamic Cable / Dynamic Cable/ 对应的RPN平均值为 26.43（n=15）。,正确,1.0,5.24,确定性规则问答,0.0,1.0,0,1.0,1,,,26.43,,,,26.430000000000003,RPN,97,
192,1692,Full-M1去除CSV直答模块,M1 CSV直答模块,模块专项测试,module_m2_max_mode,module_m2_reasoning,M2_规则推理,平均、最高/最低、比较、S/O/D/RPN 等规则推理。,中等,项目/功能“Dynamic cable / Dynamic Cable / J-tube”中RPN最高的失效模式是什么？,,Dynamic cable / Dynamic Cable / J-tube 对应的RPN最大值为 22.5，对应失效模式：Corrosion of J-tube [6],正确,1.0,6.16,确定性规则问答,0.0,1.0,0,1.0,1,,,6.0,,,Corrosion of J-tube [6],,潜在失效模式,101,
193,1693,Full-M1去除CSV直答模块,M1 CSV直答模块,模块专项测试,module_m2_min_mode,module_m2_reasoning,M2_规则推理,平均、最高/最低、比较、S/O/D/RPN 等规则推理。,中等,项目/功能“Dynamic cable / Dynamic Cable / Joints and terminations”中RPN最低的失效模式是什么？,,Dynamic cable / Dynamic Cable / Joints and terminations 对应的RPN最小值为 25.2，对应失效模式：Failure of end termination [6],正确,1.0,5.98,确定性规则问答,0.0,1.0,0,1.0,1,,,6.0,,,Failure of end termination [6],,潜在失效模式,108,
194,1694,Full-M1去除CSV直答模块,M1 CSV直答模块,模块专项测试,module_m2_mode_sod,module_m2_reasoning,M2_规则推理,平均、最高/最低、比较、S/O/D/RPN 等规则推理。,中等,在“Tower / Tower (TO) / Primary steelwork”里，失效模式“Tower collapse”的S、O、D、RPN分别是多少？,,Tower / Tower (TO) / Primary steelwork 对应的每个失效模式的RPN如下：Abnormal vibration=31；Abnormal vibration=12.67；Abnormal vibration=33.33；Abnormal vibration=33.33；Cracks=27；Cracks=26.5；Cracks=23.33；Cracks=33.33；Cracks=25.5；Cracks=26；Cracks=30；Cracks=33.5；Cracks=40.75；Cracks=30；Cracks=40；Cracks=30；Cracks=25.25；Cracks=26；Plastic deformation=18；Plastic deformation=25.67；Tower collapse=21.33,错误,0.25,6.63,确定性规则问答,0.0476,0.25,0,0.25,21,,5.0；1.5；3.33,21.33,,,,5.0；1.5；3.33；21.33,严酷度(S)；发生度(O)；可探测度(D)；RPN,23,
195,1695,Full-M1去除CSV直答模块,M1 CSV直答模块,模块专项测试,module_m2_avg_d,module_m2_reasoning,M2_规则推理,平均、最高/最低、比较、S/O/D/RPN 等规则推理。,中等,项目/功能“Dynamic cable / Dynamic Cable / Static cable/Export Cable”的平均可探测度D是多少？,,Dynamic cable / Dynamic Cable / Static cable/Export Cable 对应的探测度数平均值为 4.00（n=2）。,正确,1.0,5.27,确定性规则问答,0.0,1.0,0,1.0,1,,,4.0,,,,4.0,可探测度(D),125,
196,1696,Full-M1去除CSV直答模块,M1 CSV直答模块,模块专项测试,module_m2_avg_rpn,module_m2_reasoning,M2_规则推理,平均、最高/最低、比较、S/O/D/RPN 等规则推理。,中等,项目/功能“Tower / Tower (TO) / Primary steelwork”的平均RPN是多少？,,Tower / Tower (TO) / Primary steelwork 对应的RPN平均值为 28.21（n=21）。,正确,1.0,5.24,确定性规则问答,0.0,1.0,0,1.0,1,,,28.21,,,,28.213809523809523,RPN,14,
197,1697,Full-M1去除CSV直答模块,M1 CSV直答模块,模块专项测试,module_m2_max_mode,module_m2_reasoning,M2_规则推理,平均、最高/最低、比较、S/O/D/RPN 等规则推理。,中等,项目/功能“Tower / Tower (TO) / Primary structure & welding”中RPN最高的失效模式是什么？,,Tower / Tower (TO) / Primary structure & welding 对应的RPN最大值为 38，对应失效模式：Cracks,正确,1.0,6.07,确定性规则问答,0.0,1.0,0,1.0,1,,,,,,Cracks,,潜在失效模式,7,
198,1698,Full-M1去除CSV直答模块,M1 CSV直答模块,模块专项测试,module_m2_min_mode,module_m2_reasoning,M2_规则推理,平均、最高/最低、比较、S/O/D/RPN 等规则推理。,中等,项目/功能“Transition piece / Transition Piece (TP) / Primary structure & welding”中RPN最低的失效模式是什么？,,Transition piece / Transition Piece (TP) / Primary structure & welding 对应的RPN最小值为 23.33，对应失效模式：Cracks,正确,1.0,6.08,确定性规则问答,0.0,1.0,0,1.0,1,,,,,,Cracks,,潜在失效模式,40,
199,1699,Full-M1去除CSV直答模块,M1 CSV直答模块,模块专项测试,module_m2_mode_sod,module_m2_reasoning,M2_规则推理,平均、最高/最低、比较、S/O/D/RPN 等规则推理。,中等,在“Floating support structure / Floating Support structure / Primary Structure”里，失效模式“Cracks [11]”的S、O、D、RPN分别是多少？,,Floating support structure / Floating Support structure / Primary Structure 对应的每个失效模式的RPN如下：Cracks [11]=30.57,错误,0.25,5.48,确定性规则问答,1.0,0.25,0,0.25,1,,4.17；2.83；3.5,30.57,,,,4.17；2.83；3.5；30.57,严酷度(S)；发生度(O)；可探测度(D)；RPN,51,
200,1700,Full-M1去除CSV直答模块,M1 CSV直答模块,模块专项测试,module_m2_avg_d,module_m2_reasoning,M2_规则推理,平均、最高/最低、比较、S/O/D/RPN 等规则推理。,中等,项目/功能“Transition piece / Transition Piece (TP) / Primary stucture”的平均可探测度D是多少？,,Transition piece / Transition Piece (TP) / Primary stucture 对应的探测度数平均值为 3.00（n=3）。,正确,1.0,5.24,确定性规则问答,0.0,1.0,0,1.0,1,,,3.0；3.0,,,,3.0,可探测度(D),26,
201,1701,Full-M1去除CSV直答模块,M1 CSV直答模块,模块专项测试,module_m3_cause,module_m3_colloquial,M3_自然语言检索,无编号、自然语言直接查找、口语化或轻度噪声表达。,中等,这个Tower / Tower (TO) / Primary steelwork里那个Abnormal vibration，到底咋回事，原因是啥？,Design phase; Resonance occurs when the natural frequency of the tower or other components of the wind turbine matches the frequency of the wind or other external forces.,失效模式是：Abnormal vibration；项目/功能是：Tower / Tower (TO) / Primary steelwork；潜在失效原因/机理是：Environmental condition; Resonance occurs when the natural frequency of the tower or other components of the wind turbine matches the frequency of the wind or other external forces.。,错误,0.0,61.69,语义RAG,0.1667,1.0,0,,6,Design phase; Resonance occurs when the natural frequency of the tower or other components of the wind turbine matches the frequency of the wind or other external forces.,,,,,Design phase; Resonance occurs when the natural frequency of the tower or other components of the wind turbine matches the frequency of the wind or other external forces.,,潜在失效原因/机理,0,
202,1702,Full-M1去除CSV直答模块,M1 CSV直答模块,模块专项测试,module_m3_effect,module_m3_colloquial,M3_自然语言检索,无编号、自然语言直接查找、口语化或轻度噪声表达。,中等,这个Tower / Tower (TO) / Primary steelwork里那个Abnormal vibration，最后会咋样，后果说下。,Excessive Fatigue Life Consumption,失效模式是：Abnormal vibration；项目/功能是：Tower / Tower (TO) / Primary steelwork；失效后果是：Potential collapse。,错误,0.0,50.04,语义RAG,0.3333,1.0,0,,6,Excessive Fatigue Life Consumption,,,,,Excessive Fatigue Life Consumption,,潜在失效后果,1,
203,1703,Full-M1去除CSV直答模块,M1 CSV直答模块,模块专项测试,module_m3_action,module_m3_colloquial,M3_自然语言检索,无编号、自然语言直接查找、口语化或轻度噪声表达。,中等,这个Tower / Tower (TO) / Primary steelwork里那个Cracks，一般咋处理，给个法子。,"Weld detail optimization and hotspot redesign; Enhanced SHM: acoustic emission, strain gauges, modal monitoring; Thicker shell sections / local reinforcement; High-fidelity coupled aero-hydro-elastic simulation in design updates",失效模式是：Cracks；项目/功能是：Tower / Tower (TO) / Primary steelwork；建议措施是：-。,错误,0.0,54.44,语义RAG,0.0,0.0,0,,6,"Weld detail optimization and hotspot redesign; Enhanced SHM: acoustic emission, strain gauges, modal monitoring; Thicker shell sections / local reinforcement; High-fidelity coupled aero-hydro-elastic simulation in design updates",,,,,"Weld detail optimization and hotspot redesign; Enhanced SHM: acoustic emission, strain gauges, modal monitoring; Thicker shell sections / local reinforcement; High-fidelity coupled aero-hydro-elastic simulation in design updates",,建议措施,6,
204,1704,Full-M1去除CSV直答模块,M1 CSV直答模块,模块专项测试,module_m3_cause2,module_m3_colloquial,M3_自然语言检索,无编号、自然语言直接查找、口语化或轻度噪声表达。,中等,我看这条有点糊，Tower / Tower (TO) / Primary steelwork那边的Abnormal vibration，为啥会出这个毛病？,"Maintenance phase; Due to poor inspection Faulty welding of Tower couldn't be detected before getting severe [10,15]",失效模式是：Abnormal vibration；项目/功能是：Tower / Tower (TO) / Primary steelwork；潜在失效原因/机理是：Environmental condition; Resonance occurs when the natural frequency of the tower or other components of the wind turbine matches the frequency of the wind or other external forces.。,错误,0.0,58.59,语义RAG,0.1667,1.0,0,,6,"Maintenance phase; Due to poor inspection Faulty welding of Tower couldn't be detected before getting severe [10,15]",,,,,"Maintenance phase; Due to poor inspection Faulty welding of Tower couldn't be detected before getting severe [10,15]",,潜在失效原因/机理,3,
205,1705,Full-M1去除CSV直答模块,M1 CSV直答模块,模块专项测试,module_m3_effect2,module_m3_colloquial,M3_自然语言检索,无编号、自然语言直接查找、口语化或轻度噪声表达。,中等,这个Tower / Tower (TO) / Primary steelwork，Cracks这事会弄成啥后果，别太官方。,Failure of whole facility and vast economic loses,失效模式是：Cracks；项目/功能是：Tower / Tower (TO) / Primary steelwork；失效后果是：Potential collapse。,错误,0.0,60.68,语义RAG,0.5,1.0,0,,6,Failure of whole facility and vast economic loses,,,,,Failure of whole facility and vast economic loses,,潜在失效后果,4,
206,1706,Full-M1去除CSV直答模块,M1 CSV直答模块,模块专项测试,module_m3_cause,module_m3_colloquial,M3_自然语言检索,无编号、自然语言直接查找、口语化或轻度噪声表达。,中等,这个Tower / Tower (TO) / Primary steelwork里那个Cracks，到底咋回事，原因是啥？,Environmental loads; Material fatigue due to high waves and high frequency of loads [1],"失效模式 / FailureMode: Cracks 失效原因 / FailureCause: - Installation phase; Installation phase stress/fatigue due to waves, wind, and process. Incorrect installation/error can cause stress concentration and fatigue. [11] - due to Operation; Hit by blades due to human error or operational failure [15] - Environmental loads; The interaction between the blades and the tower can cause pressure fluctuations, leading to cyclic fatigue [14] - Maintenance; Hit by blades due to poor maintenance and inspection leading to undetected wear and damage [15] - Design phase; Lightning strikes damages due to inefficient lightning prevention system [9]",错误,0.0,1852.97,语义RAG,0.0,0.0,0,,6,Environmental loads; Material fatigue due to high waves and high frequency of loads [1],,,,,Environmental loads; Material fatigue due to high waves and high frequency of loads [1],,潜在失效原因/机理,5,
207,1707,Full-M1去除CSV直答模块,M1 CSV直答模块,模块专项测试,module_m3_effect,module_m3_colloquial,M3_自然语言检索,无编号、自然语言直接查找、口语化或轻度噪声表达。,中等,这个Tower / Tower (TO) / Primary steelwork里那个Cracks，最后会咋样，后果说下。,Potential collapse,失效模式是：Cracks；项目/功能是：Tower / Tower (TO) / Primary steelwork；失效后果是：Potential collapse。,正确,1.0,61.59,语义RAG,0.5,1.0,0,,6,,,,,,Potential collapse,,潜在失效后果,6,
208,1708,Full-M1去除CSV直答模块,M1 CSV直答模块,模块专项测试,module_m3_action,module_m3_colloquial,M3_自然语言检索,无编号、自然语言直接查找、口语化或轻度噪声表达。,中等,这个Transition piece / Transition Piece (TP) / Primary structure & welding里那个Transition piece break，一般咋处理，给个法子。,High-fidelity coupled analysis of TP–tower–floater interaction; Design requalification for extreme storms (updated metocean; load cases); Improved metocean data measurements,"失效模式是：Transition piece break；项目/功能是：Transition piece / Transition Piece (TP) / Primary structure & welding；建议措施是：SHM for TP connections (strain gauges, acoustic emission, bolt preload monitoring); Welding quality assurance and NDT enhancement (phased-array UT)。",错误,0.0,69.98,语义RAG,0.0,0.0,0,,6,High-fidelity coupled analysis of TP–tower–floater interaction; Design requalification for extreme storms (updated metocean; load cases); Improved metocean data measurements,,,,,High-fidelity coupled analysis of TP–tower–floater interaction; Design requalification for extreme storms (updated metocean; load cases); Improved metocean data measurements,,建议措施,28,
209,1709,Full-M1去除CSV直答模块,M1 CSV直答模块,模块专项测试,module_m3_cause2,module_m3_colloquial,M3_自然语言检索,无编号、自然语言直接查找、口语化或轻度噪声表达。,中等,我看这条有点糊，Tower / Tower (TO) / Primary structure & welding那边的Cracks，为啥会出这个毛病？,"Manufacturing; Welding failure due to Poor design or inadequate specification of welding procedures considering harsh environmental condition [1,15]","失效原因 / FailureCause / cause / reason / 为什么 / 为啥 / 咋来的: Welding failure due to Poor design or inadequate specification of welding procedures considering harsh environmental condition [1,15]",错误,0.0,1054.15,语义RAG,0.3333,1.0,0,,6,"Manufacturing; Welding failure due to Poor design or inadequate specification of welding procedures considering harsh environmental condition [1,15]",,1.0；15.0,,,"Manufacturing; Welding failure due to Poor design or inadequate specification of welding procedures considering harsh environmental condition [1,15]",,潜在失效原因/机理,8,
210,1710,Full-M1去除CSV直答模块,M1 CSV直答模块,模块专项测试,module_m3_effect2,module_m3_colloquial,M3_自然语言检索,无编号、自然语言直接查找、口语化或轻度噪声表达。,中等,这个Tower / Tower (TO) / Primary steelwork，Cracks这事会弄成啥后果，别太官方。,Potential collapse,失效模式是：Cracks；项目/功能是：Tower / Tower (TO) / Primary steelwork；失效后果是：Potential collapse。,正确,1.0,62.24,语义RAG,0.5,1.0,0,,6,,,,,,Potential collapse,,潜在失效后果,9,
211,1711,Full-M1去除CSV直答模块,M1 CSV直答模块,模块专项测试,module_m3_cause,module_m3_colloquial,M3_自然语言检索,无编号、自然语言直接查找、口语化或轻度噪声表达。,中等,这个Tower / Tower (TO) / Welding里那个Cracks，到底咋回事，原因是啥？,"Fabrication; Welding failure due to Poor quality control during the welding process [1,10]",失效模式 / FailureMode: Cracks [11] 失效原因 / FailureCause: Manufacturing; Welding failure,错误,0.0,747.81,语义RAG,0.0,0.0,0,,6,"Fabrication; Welding failure due to Poor quality control during the welding process [1,10]",,,,,"Fabrication; Welding failure due to Poor quality control during the welding process [1,10]",,潜在失效原因/机理,10,
212,1712,Full-M1去除CSV直答模块,M1 CSV直答模块,模块专项测试,module_m3_effect,module_m3_colloquial,M3_自然语言检索,无编号、自然语言直接查找、口语化或轻度噪声表达。,中等,这个Tower / Tower (TO) / Primary steelwork里那个Cracks，最后会咋样，后果说下。,Potential collapse,失效模式是：Cracks；项目/功能是：Tower / Tower (TO) / Primary steelwork；失效后果是：Potential collapse。,正确,1.0,64.32,语义RAG,0.5,1.0,0,,6,,,,,,Potential collapse,,潜在失效后果,11,
213,1713,Full-M1去除CSV直答模块,M1 CSV直答模块,模块专项测试,module_m3_action,module_m3_colloquial,M3_自然语言检索,无编号、自然语言直接查找、口语化或轻度噪声表达。,中等,这个Floating support structure / Floating Support structure / Primary structure里那个Capsize [11]，一般咋处理，给个法子。,Expanded design load cases (including typhoon/hurricane scenarios); -; Improved engineering skills,建议措施=Expanded design load cases (including typhoon/hurricane scenarios); -; Improved engineering skills.,正确,1.0,810.43,语义RAG,0.1667,1.0,0,,6,,,,,,Expanded design load cases (including typhoon/hurricane scenarios); -; Improved engineering skills,,建议措施,46,
214,1714,Full-M1去除CSV直答模块,M1 CSV直答模块,模块专项测试,module_m3_cause2,module_m3_colloquial,M3_自然语言检索,无编号、自然语言直接查找、口语化或轻度噪声表达。,中等,我看这条有点糊，Tower / Tower (TO) / Primary steelwork那边的Cracks，为啥会出这个毛病？,Operation phase; Repeated or cyclic loading and unloading of the tower over a long period of time can cause cracks caused by plastic deformation [11],"失效模式是：Cracks；项目/功能是：Tower / Tower (TO) / Primary steelwork；潜在失效原因/机理是：Installation phase; Installation phase stress/fatigue due to waves, wind, and process. Incorrect installation/error can cause stress concentration and fatigue. [11]。",错误,0.0,62.78,语义RAG,0.0,0.0,0,,6,Operation phase; Repeated or cyclic loading and unloading of the tower over a long period of time can cause cracks caused by plastic deformation [11],,11.0,,,Operation phase; Repeated or cyclic loading and unloading of the tower over a long period of time can cause cracks caused by plastic deformation [11],,潜在失效原因/机理,13,
215,1715,Full-M1去除CSV直答模块,M1 CSV直答模块,模块专项测试,module_m3_effect2,module_m3_colloquial,M3_自然语言检索,无编号、自然语言直接查找、口语化或轻度噪声表达。,中等,这个Tower / Tower (TO) / Primary steelwork，Cracks这事会弄成啥后果，别太官方。,Potential collapse,失效模式是：Cracks；项目/功能是：Tower / Tower (TO) / Primary steelwork；失效后果是：Potential collapse。,正确,1.0,60.3,语义RAG,0.5,1.0,0,,6,,,,,,Potential collapse,,潜在失效后果,14,
216,1716,Full-M1去除CSV直答模块,M1 CSV直答模块,模块专项测试,module_m3_cause,module_m3_colloquial,M3_自然语言检索,无编号、自然语言直接查找、口语化或轻度噪声表达。,中等,这个Tower / Tower (TO) / Primary steelwork里那个Cracks，到底咋回事，原因是啥？,Design phase; Braking system failure due to wrong estimation of operating conditions [15],"失效模式 / FailureMode: Cracks 失效原因 / FailureCause: Installation phase; Installation phase stress/fatigue due to waves, wind, and process. Incorrect installation/error can cause stress concentration and fatigue. 失效原因 / FailureCause: due to Operation; Hit by blades due to human error or operational failure [15] 失效原因 / FailureCause: Environmental loads; The interaction between the blades and the tower can cause pressure fluctuations, leading to cyclic fatigue [14] 失效原因 / FailureCause: Maintenance; Hit by blades due to poor maintenance and inspection leading to undetected wear and damage [15] 失效原因 / FailureCause: Design phase; Lightning strikes damages due to inefficient lightning prevention system [9]",错误,0.0,1958.74,语义RAG,0.0,0.0,0,,6,Design phase; Braking system failure due to wrong estimation of operating conditions [15],,15.0；15.0,,,Design phase; Braking system failure due to wrong estimation of operating conditions [15],,潜在失效原因/机理,15,
217,1717,Full-M1去除CSV直答模块,M1 CSV直答模块,模块专项测试,module_m3_effect,module_m3_colloquial,M3_自然语言检索,无编号、自然语言直接查找、口语化或轻度噪声表达。,中等,这个Tower / Tower (TO) / Primary steelwork里那个Cracks，最后会咋样，后果说下。,Failure of the WTG/Major repair campaign/Structure reassessment,失效模式是：Cracks；项目/功能是：Tower / Tower (TO) / Primary steelwork；失效后果是：Potential collapse。,错误,0.0,66.28,语义RAG,0.0,0.0,0,,6,Failure of the WTG/Major repair campaign/Structure reassessment,,,,,Failure of the WTG/Major repair campaign/Structure reassessment,,潜在失效后果,16,
218,1718,Full-M1去除CSV直答模块,M1 CSV直答模块,模块专项测试,module_m3_action,module_m3_colloquial,M3_自然语言检索,无编号、自然语言直接查找、口语化或轻度噪声表达。,中等,这个Floating support structure / Floating Support structure / Secondary structure里那个Floater unit sinkage，一般咋处理，给个法子。,Ballast redundancy and automated ballast management; Freeboard margin increase and water-tight compartmentalization; Expanded design load cases (including typhoon/hurricane scenarios),失效模式是：Floater unit sinkage；项目/功能是：Floating support structure / Floating Support structure / Secondary structure；建议措施是：Ballast redundancy and automated ballast management; Freeboard margin increase and water-tight compartmentalization; Expanded design load cases (including typhoon/hurricane scenarios)。,正确,1.0,63.54,语义RAG,0.1667,1.0,0,,6,,,,,,Ballast redundancy and automated ballast management; Freeboard margin increase and water-tight compartmentalization; Expanded design load cases (including typhoon/hurricane scenarios),,建议措施,58,
219,1719,Full-M1去除CSV直答模块,M1 CSV直答模块,模块专项测试,module_m3_cause2,module_m3_colloquial,M3_自然语言检索,无编号、自然语言直接查找、口语化或轻度噪声表达。,中等,我看这条有点糊，Tower / Tower (TO) / Primary steelwork那边的Cracks，为啥会出这个毛病？,Manufacturing; Hit by blades due to poor manufacturing quality control [9],"失效模式是：Cracks；项目/功能是：Tower / Tower (TO) / Primary steelwork；潜在失效原因/机理是：Installation phase; Installation phase stress/fatigue due to waves, wind, and process. Incorrect installation/error can cause stress concentration and fatigue. [11]。",错误,0.0,54.29,语义RAG,0.0,0.0,0,,6,Manufacturing; Hit by blades due to poor manufacturing quality control [9],,,,,Manufacturing; Hit by blades due to poor manufacturing quality control [9],,潜在失效原因/机理,18,
220,1720,Full-M1去除CSV直答模块,M1 CSV直答模块,模块专项测试,module_m3_effect2,module_m3_colloquial,M3_自然语言检索,无编号、自然语言直接查找、口语化或轻度噪声表达。,中等,这个Tower / Tower (TO) / Primary steelwork，Cracks这事会弄成啥后果，别太官方。,Failure of whole facility and vast economic loses,失效模式是：Cracks；项目/功能是：Tower / Tower (TO) / Primary steelwork；失效后果是：Potential collapse。,错误,0.0,61.82,语义RAG,0.5,1.0,0,,6,Failure of whole facility and vast economic loses,,,,,Failure of whole facility and vast economic loses,,潜在失效后果,19,
221,1721,Full-M1去除CSV直答模块,M1 CSV直答模块,模块专项测试,module_m3_cause,module_m3_colloquial,M3_自然语言检索,无编号、自然语言直接查找、口语化或轻度噪声表达。,中等,这个Tower / Tower (TO) / Primary steelwork里那个Cracks，到底咋回事，原因是啥？,due to Operation; Hit by blades due to human error or operational failure [15],"失效模式 / FailureMode: Cracks 失效原因 / FailureCause: Installation phase; Installation phase stress/fatigue due to waves, wind, and process. Incorrect installation/error can cause stress concentration and fatigue. 失效原因 / FailureCause: due to Operation; Hit by blades due to human error or operational failure [15] 失效原因 / FailureCause: Environmental loads; The interaction between the blades and the tower can cause pressure fluctuations, leading to cyclic fatigue [14] 失效原因 / FailureCause: Maintenance; Hit by blades due to poor maintenance and inspection leading to undetected wear and damage [15] 失效原因 / FailureCause: Design phase; Lightning strikes damages due to inefficient lightning prevention system [9]",正确,1.0,1540.0,语义RAG,0.1667,1.0,0,,6,,,15.0；15.0,,,due to Operation; Hit by blades due to human error or operational failure [15],,潜在失效原因/机理,20,
222,1722,Full-M1去除CSV直答模块,M1 CSV直答模块,模块专项测试,module_m3_effect,module_m3_colloquial,M3_自然语言检索,无编号、自然语言直接查找、口语化或轻度噪声表达。,中等,这个Tower / Tower (TO) / Primary steelwork里那个Plastic deformation，最后会咋样，后果说下。,Potential collapse,失效模式是：Plastic deformation；项目/功能是：Tower / Tower (TO) / Primary steelwork；失效后果是：Potential collapse。,正确,1.0,62.12,语义RAG,0.8333,1.0,0,,6,,,,,,Potential collapse,,潜在失效后果,21,
223,1723,Full-M1去除CSV直答模块,M1 CSV直答模块,模块专项测试,module_m3_action,module_m3_colloquial,M3_自然语言检索,无编号、自然语言直接查找、口语化或轻度噪声表达。,中等,这个Floating support structure / Floating Support structure / All structures & Welding里那个Structural break [11]，一般咋处理，给个法子。,"Operational limits: weather windows, alarm thresholds for motions; Other- Specify; -; Welding quality assurance and NDT enhancement (phased-array UT)",失效模式是：Structural plastic deformation [11]；项目/功能是：Floating support structure / Floating Support structure / All structures；建议措施是：-。,错误,0.0,48.01,语义RAG,0.0,0.0,0,,6,"Operational limits: weather windows, alarm thresholds for motions; Other- Specify; -; Welding quality assurance and NDT enhancement (phased-array UT)",,,,,"Operational limits: weather windows, alarm thresholds for motions; Other- Specify; -; Welding quality assurance and NDT enhancement (phased-array UT)",,建议措施,72,
224,1724,Full-M1去除CSV直答模块,M1 CSV直答模块,模块专项测试,module_m3_cause2,module_m3_colloquial,M3_自然语言检索,无编号、自然语言直接查找、口语化或轻度噪声表达。,中等,我看这条有点糊，Tower / Tower (TO) / Primary steelwork那边的Tower collapse，为啥会出这个毛病？,Operation phase; Mooring system failure can lead to direct tower collapse [1],失效模式是：Tower collapse；项目/功能是：Tower / Tower (TO) / Primary steelwork；潜在失效原因/机理是：Operation phase; Mooring system failure can lead to direct tower collapse [1]。,正确,1.0,64.62,语义RAG,0.1667,1.0,0,,6,,,1.0,,,Operation phase; Mooring system failure can lead to direct tower collapse [1],,潜在失效原因/机理,23,
225,1725,Full-M1去除CSV直答模块,M1 CSV直答模块,模块专项测试,module_m3_effect2,module_m3_colloquial,M3_自然语言检索,无编号、自然语言直接查找、口语化或轻度噪声表达。,中等,这个Transition piece / Transition Piece (TP) / Primary structure & welding，Transition piece break这事会弄成啥后果，别太官方。,"Tower Unit collapse, Floater Unit damage","失效模式是：Transition piece break；项目/功能是：Transition piece / Transition Piece (TP) / Primary structure & welding；失效后果是：Tower Unit collapse, Floater Unit damage。",正确,1.0,61.87,语义RAG,0.3333,1.0,0,,6,,,,,,"Tower Unit collapse, Floater Unit damage",,潜在失效后果,24,
226,1726,Full-M1去除CSV直答模块,M1 CSV直答模块,模块专项测试,module_m3_cause,module_m3_colloquial,M3_自然语言检索,无编号、自然语言直接查找、口语化或轻度噪声表达。,中等,这个Transition piece / Transition Piece (TP) / Primary structure里那个Transition piece break，到底咋回事，原因是啥？,"Operation and Maintenance; Brittle fracture due to extreme environmental temperature, leading to a shift in the ductile-to-brittle transition temperature [16]","失效模式是：Transition piece break；项目/功能是：Transition piece / Transition Piece (TP) / Primary structure；潜在失效原因/机理是：Operation and Maintenance; Brittle fracture due to extreme environmental temperature, leading to a shift in the ductile-to-brittle transition temperature [16]。",正确,1.0,51.47,语义RAG,0.1667,1.0,0,,6,,,16.0,,,"Operation and Maintenance; Brittle fracture due to extreme environmental temperature, leading to a shift in the ductile-to-brittle transition temperature [16]",,潜在失效原因/机理,25,
227,1727,Full-M1去除CSV直答模块,M1 CSV直答模块,模块专项测试,module_m3_effect,module_m3_colloquial,M3_自然语言检索,无编号、自然语言直接查找、口语化或轻度噪声表达。,中等,这个Transition piece / Transition Piece (TP) / Primary stucture里那个Structural plastic deformation，最后会咋样，后果说下。,Local stress accumulation,失效模式是：Structural plastic deformation；项目/功能是：Transition piece / Transition Piece (TP) / Primary stucture；失效后果是：Local stress accumulation。,正确,1.0,49.76,语义RAG,0.5,1.0,0,,6,,,,,,Local stress accumulation,,潜在失效后果,26,
228,1728,Full-M1去除CSV直答模块,M1 CSV直答模块,模块专项测试,module_m3_action,module_m3_colloquial,M3_自然语言检索,无编号、自然语言直接查找、口语化或轻度噪声表达。,中等,这个Station keeping / Mooring Lines (ML) / Mooring lines里那个Mooring line breakage [8]，一般咋处理，给个法子。,ROV visual inspections; targeted maintenance on wear zones; Diversity in materials/vendors to reduce common-cause risks; -,失效模式是：Mooring line breakage[8]；项目/功能是：Station keeping / Mooring Lines (ML) / Mooring lines；建议措施是：Continuous tension and vibration monitoring; thresholds for intervention; -。,错误,0.0,72.43,语义RAG,0.1667,1.0,0,,6,ROV visual inspections; targeted maintenance on wear zones; Diversity in materials/vendors to reduce common-cause risks; -,,,,,ROV visual inspections; targeted maintenance on wear zones; Diversity in materials/vendors to reduce common-cause risks; -,,建议措施,82,
229,1729,Full-M1去除CSV直答模块,M1 CSV直答模块,模块专项测试,module_m3_cause2,module_m3_colloquial,M3_自然语言检索,无编号、自然语言直接查找、口语化或轻度噪声表达。,中等,我看这条有点糊，Transition piece / Transition Piece (TP) / Primary structure & welding那边的Transition piece break，为啥会出这个毛病？,Environmental condition; Design parameters superseded due to climate change [11],失效模式是：Transition piece break；项目/功能是：Transition piece / Transition Piece (TP) / Primary structure & welding；潜在失效原因/机理是：Operation and Maintenance; Undetected defects and poor quality control [11]。,错误,0.0,68.45,语义RAG,0.0,0.0,0,,6,Environmental condition; Design parameters superseded due to climate change [11],,11.0,,,Environmental condition; Design parameters superseded due to climate change [11],,潜在失效原因/机理,28,
230,1730,Full-M1去除CSV直答模块,M1 CSV直答模块,模块专项测试,module_m3_effect2,module_m3_colloquial,M3_自然语言检索,无编号、自然语言直接查找、口语化或轻度噪声表达。,中等,这个Transition piece / Transition Piece (TP) / Primary structure & welding，Abnormal vibration这事会弄成啥后果，别太官方。,potential tower connections failure,失效模式是：Abnormal vibration；项目/功能是：Transition piece / Transition Piece (TP) / Primary structure & welding；失效后果是：potential tower connections failure。,正确,1.0,59.04,语义RAG,0.3333,1.0,0,,6,,,,,,potential tower connections failure,,潜在失效后果,29,
231,1731,Full-M1去除CSV直答模块,M1 CSV直答模块,模块专项测试,module_m3_cause,module_m3_colloquial,M3_自然语言检索,无编号、自然语言直接查找、口语化或轻度噪声表达。,中等,这个Transition piece / Transition Piece (TP) / Primary stucture里那个Structural plastic deformation，到底咋回事，原因是啥？,"Installation; During installation, plastic deformation can occur due to processes like welding and bending [1]",失效模式是：Structural plastic deformation；项目/功能是：Transition piece / Transition Piece (TP) / Primary stucture；潜在失效原因/机理是：Maintenance; Plastic deformation can occur due to the application of excessive force or improper handling of the structure. [1]。,错误,0.0,59.56,语义RAG,0.1667,1.0,0,,6,"Installation; During installation, plastic deformation can occur due to processes like welding and bending [1]",,1.0,,,"Installation; During installation, plastic deformation can occur due to processes like welding and bending [1]",,潜在失效原因/机理,30,
232,1732,Full-M1去除CSV直答模块,M1 CSV直答模块,模块专项测试,module_m3_effect,module_m3_colloquial,M3_自然语言检索,无编号、自然语言直接查找、口语化或轻度噪声表达。,中等,这个Transition piece / Transition Piece (TP) / Primary structure里那个Cracks，最后会咋样，后果说下。,Tower transition piece connections failure,失效模式是：Cracks；项目/功能是：Transition piece / Transition Piece (TP) / Primary structure；失效后果是：Tower transition piece connections failure。,正确,1.0,62.17,语义RAG,0.6667,1.0,0,,6,,,,,,Tower transition piece connections failure,,潜在失效后果,31,
233,1733,Full-M1去除CSV直答模块,M1 CSV直答模块,模块专项测试,module_m3_action,module_m3_colloquial,M3_自然语言检索,无编号、自然语言直接查找、口语化或轻度噪声表达。,中等,"这个Station keeping / Mooring lines (ML) / Mooring lines里那个Mooring lines broken [1,3]，一般咋处理，给个法子。","ROV visual inspections; targeted maintenance on wear zones; Optimized chain/wire/rope selection and fatigue margins (design); Only chain and wire above MSL, keep fiber ropes wet; -",失效模式是：Mooring line breakage[8]；项目/功能是：Station keeping / Mooring Lines (ML) / Mooring lines；建议措施是：Continuous tension and vibration monitoring; thresholds for intervention; -。,错误,0.0,73.17,语义RAG,0.1667,1.0,0,,6,"ROV visual inspections; targeted maintenance on wear zones; Optimized chain/wire/rope selection and fatigue margins (design); Only chain and wire above MSL, keep fiber ropes wet; -",,,,,"ROV visual inspections; targeted maintenance on wear zones; Optimized chain/wire/rope selection and fatigue margins (design); Only chain and wire above MSL, keep fiber ropes wet; -",,建议措施,91,
234,1734,Full-M1去除CSV直答模块,M1 CSV直答模块,模块专项测试,module_m3_cause2,module_m3_colloquial,M3_自然语言检索,无编号、自然语言直接查找、口语化或轻度噪声表达。,中等,我看这条有点糊，Transition piece / Transition Piece (TP) / Welding那边的Cracks，为啥会出这个毛病？,Fabrication; Improper surface preparation before applying a protective coating or performing welding repairs like cleaning the surface with solvent and treating the surface with a rust inhibitor or primer for improving the adhesion can cause corrosion and crack propagation. [15],失效模式是：Cracks；项目/功能是：Transition piece / Transition Piece (TP) / Welding；潜在失效原因/机理是：Maintenance; Welding failure due to corrosion without proper maintenance [11]。,错误,0.0,64.06,语义RAG,0.0,0.0,0,,6,Fabrication; Improper surface preparation before applying a protective coating or performing welding repairs like cleaning the surface with solvent and treating the surface with a rust inhibitor or primer for improving the adhesion can cause corrosion and crack propagation. [15],,,,,Fabrication; Improper surface preparation before applying a protective coating or performing welding repairs like cleaning the surface with solvent and treating the surface with a rust inhibitor or primer for improving the adhesion can cause corrosion and crack propagation. [15],,潜在失效原因/机理,33,
235,1735,Full-M1去除CSV直答模块,M1 CSV直答模块,模块专项测试,module_m3_effect2,module_m3_colloquial,M3_自然语言检索,无编号、自然语言直接查找、口语化或轻度噪声表达。,中等,这个Transition piece / Transition Piece (TP) / Primary structure & welding，Abnormal vibration这事会弄成啥后果，别太官方。,potential tower connections failure,失效模式是：Abnormal vibration；项目/功能是：Transition piece / Transition Piece (TP) / Primary structure & welding；失效后果是：potential tower connections failure。,正确,1.0,60.75,语义RAG,0.3333,1.0,0,,6,,,,,,potential tower connections failure,,潜在失效后果,34,
236,1736,Full-M1去除CSV直答模块,M1 CSV直答模块,模块专项测试,module_m3_cause,module_m3_colloquial,M3_自然语言检索,无编号、自然语言直接查找、口语化或轻度噪声表达。,中等,这个Transition piece / Transition Piece (TP) / Primary stucture里那个Structural plastic deformation，到底咋回事，原因是啥？,Maintenance; Plastic deformation can occur due to the application of excessive force or improper handling of the structure. [1],失效模式是：Structural plastic deformation；项目/功能是：Transition piece / Transition Piece (TP) / Primary stucture；潜在失效原因/机理是：Maintenance; Plastic deformation can occur due to the application of excessive force or improper handling of the structure. [1]。,正确,1.0,51.49,语义RAG,0.1667,1.0,0,,6,,,1.0,,,Maintenance; Plastic deformation can occur due to the application of excessive force or improper handling of the structure. [1],,潜在失效原因/机理,35,
237,1737,Full-M1去除CSV直答模块,M1 CSV直答模块,模块专项测试,module_m3_effect,module_m3_colloquial,M3_自然语言检索,无编号、自然语言直接查找、口语化或轻度噪声表达。,中等,这个Transition piece / Transition Piece (TP) / Welding里那个Cracks，最后会咋样，后果说下。,Tower transition piece connections failure,失效模式是：Cracks；项目/功能是：Transition piece / Transition Piece (TP) / Welding；失效后果是：Tower transition piece connections failure。,正确,1.0,62.73,语义RAG,0.8333,1.0,0,,6,,,,,,Tower transition piece connections failure,,潜在失效后果,36,
238,1738,Full-M1去除CSV直答模块,M1 CSV直答模块,模块专项测试,module_m3_action,module_m3_colloquial,M3_自然语言检索,无编号、自然语言直接查找、口语化或轻度噪声表达。,中等,这个Dynamic cable / Dynamic Cable / Dynamic Cable/里那个accelerated mechanical fatigue，一般咋处理，给个法子。,"Monitoring: DTS/RTTR, electrical integrity tests, leak detection; Lazy-wave configuration optimization; buoyancy spacing; hang-off upgrades; -","失效模式是：accelerated mechanical fatigue；项目/功能是：Dynamic cable / Dynamic Cable / Dynamic Cable/；建议措施是：Monitoring: DTS/RTTR, electrical integrity tests, leak detection; Lazy-wave configuration optimization; buoyancy spacing; hang-off upgrades; -。",正确,1.0,70.87,语义RAG,0.1667,1.0,0,,6,,,,,,"Monitoring: DTS/RTTR, electrical integrity tests, leak detection; Lazy-wave configuration optimization; buoyancy spacing; hang-off upgrades; -",,建议措施,97,
239,1739,Full-M1去除CSV直答模块,M1 CSV直答模块,模块专项测试,module_m3_cause2,module_m3_colloquial,M3_自然语言检索,无编号、自然语言直接查找、口语化或轻度噪声表达。,中等,我看这条有点糊，Transition piece / Transition Piece (TP) / Primary structure & welding那边的Cracks，为啥会出这个毛病？,"Installation; Transition piece may be subjected to large forces from wave, wind, and vessel motion during installation. [10]",失效模式是：Cracks；项目/功能是：Transition piece / Transition Piece (TP) / Primary structure & welding；潜在失效原因/机理是：Fabrication; Welding and heat treatment could induce fatigue cracks in fabrication process. [1]。,错误,0.0,58.45,语义RAG,0.1667,1.0,0,,6,"Installation; Transition piece may be subjected to large forces from wave, wind, and vessel motion during installation. [10]",,,,,"Installation; Transition piece may be subjected to large forces from wave, wind, and vessel motion during installation. [10]",,潜在失效原因/机理,38,
240,1740,Full-M1去除CSV直答模块,M1 CSV直答模块,模块专项测试,module_m3_effect2,module_m3_colloquial,M3_自然语言检索,无编号、自然语言直接查找、口语化或轻度噪声表达。,中等,这个Transition piece / Transition Piece (TP) / Primary structure & welding，Transition piece break这事会弄成啥后果，别太官方。,"Tower Unit collapse, Floater Unit damage","失效模式是：Transition piece break；项目/功能是：Transition piece / Transition Piece (TP) / Primary structure & welding；失效后果是：Tower Unit collapse, Floater Unit damage。",正确,1.0,76.38,语义RAG,0.3333,1.0,0,,6,,,,,,"Tower Unit collapse, Floater Unit damage",,潜在失效后果,39,
241,1741,Full-M1去除CSV直答模块,M1 CSV直答模块,模块专项测试,module_m3_cause,module_m3_colloquial,M3_自然语言检索,无编号、自然语言直接查找、口语化或轻度噪声表达。,中等,这个Transition piece / Transition Piece (TP) / Primary structure & welding里那个Transition piece break，到底咋回事，原因是啥？,Operation and Maintenance; Undetected defects and poor quality control [11],失效模式是：Transition piece break；项目/功能是：Transition piece / Transition Piece (TP) / Primary structure & welding；潜在失效原因/机理是：Operation and Maintenance; Undetected defects and poor quality control [11]。,正确,1.0,60.36,语义RAG,0.1667,1.0,0,,6,,,11.0,,,Operation and Maintenance; Undetected defects and poor quality control [11],,潜在失效原因/机理,40,
242,1742,Full-M1去除CSV直答模块,M1 CSV直答模块,模块专项测试,module_m3_effect,module_m3_colloquial,M3_自然语言检索,无编号、自然语言直接查找、口语化或轻度噪声表达。,中等,这个Transition piece / Transition Piece (TP) / Primary structure & welding里那个Cracks，最后会咋样，后果说下。,Tower transition piece connections failure,失效模式是：Cracks；项目/功能是：Transition piece / Transition Piece (TP) / Primary structure & welding；失效后果是：Tower transition piece connections failure。,正确,1.0,53.72,语义RAG,0.6667,1.0,0,,6,,,,,,Tower transition piece connections failure,,潜在失效后果,41,
243,1743,Full-M1去除CSV直答模块,M1 CSV直答模块,模块专项测试,module_m3_action,module_m3_colloquial,M3_自然语言检索,无编号、自然语言直接查找、口语化或轻度噪声表达。,中等,这个Dynamic cable / Dynamic Cable / Joints and terminations里那个Failure of end termination [6]，一般咋处理，给个法子。,-; Design improvements; enhanced termination QA,建议措施 / RecommendedAction / action / 怎么处理 / 咋处理: -; Design improvements; enhanced termination QA.,正确,1.0,902.9,语义RAG,0.3333,1.0,0,,6,,,,,,-; Design improvements; enhanced termination QA,,建议措施,107,
244,1744,Full-M1去除CSV直答模块,M1 CSV直答模块,模块专项测试,module_m3_cause2,module_m3_colloquial,M3_自然语言检索,无编号、自然语言直接查找、口语化或轻度噪声表达。,中等,我看这条有点糊，Transition piece / Transition Piece (TP) / Welding那边的Cracks，为啥会出这个毛病？,Maintenance; Welding failure due to corrosion without proper maintenance [11],失效模式是：Cracks；项目/功能是：Transition piece / Transition Piece (TP) / Welding；潜在失效原因/机理是：Maintenance; Welding failure due to corrosion without proper maintenance [11]。,正确,1.0,62.38,语义RAG,0.1667,1.0,0,,6,,,11.0,,,Maintenance; Welding failure due to corrosion without proper maintenance [11],,潜在失效原因/机理,43,
245,1745,Full-M1去除CSV直答模块,M1 CSV直答模块,模块专项测试,module_m3_effect2,module_m3_colloquial,M3_自然语言检索,无编号、自然语言直接查找、口语化或轻度噪声表达。,中等,这个Transition piece / Transition Piece (TP) / Welding，Cracks这事会弄成啥后果，别太官方。,Tower transition piece connections failure,失效模式是：Cracks；项目/功能是：Transition piece / Transition Piece (TP) / Welding；失效后果是：Tower transition piece connections failure。,正确,1.0,67.36,语义RAG,1.0,1.0,0,,6,,,,,,Tower transition piece connections failure,,潜在失效后果,44,
246,1746,Full-M1去除CSV直答模块,M1 CSV直答模块,模块专项测试,module_m3_cause,module_m3_colloquial,M3_自然语言检索,无编号、自然语言直接查找、口语化或轻度噪声表达。,中等,这个Floating support structure / Floating Support structure / All structures里那个Capsize [11]，到底咋回事，原因是啥？,Design; Analysis and Calculation fault due to human error,失效模式是：Structural plastic deformation [11]；项目/功能是：Floating support structure / Floating Support structure / All structures；潜在失效原因/机理是：Operation and Maintenance; Insufficient structural strength due to ship collision。,错误,0.0,64.23,语义RAG,0.1667,1.0,0,,6,Design; Analysis and Calculation fault due to human error,,,,,Design; Analysis and Calculation fault due to human error,,潜在失效原因/机理,45,
247,1747,Full-M1去除CSV直答模块,M1 CSV直答模块,模块专项测试,module_m3_effect,module_m3_colloquial,M3_自然语言检索,无编号、自然语言直接查找、口语化或轻度噪声表达。,中等,这个Floating support structure / Floating Support structure / Primary structure里那个Capsize [11]，最后会咋样，后果说下。,Project cancellation,根据上下文，`Floating support structure / Floating Support structure / Primary structure & Welding` 这个位置的失效模式是 `Cracks [11]`，而不是 `Capsize [11]`。其后果如下： 失效后果 / FailureEffect / effect / result / consequence / 结果 / 后果 / 会怎样: Structural failure,错误,0.0,1247.53,语义RAG,0.0,0.0,0,,6,Project cancellation,,,,,Project cancellation,,潜在失效后果,46,
248,1748,Full-M1去除CSV直答模块,M1 CSV直答模块,模块专项测试,module_m3_action,module_m3_colloquial,M3_自然语言检索,无编号、自然语言直接查找、口语化或轻度噪声表达。,中等,这个Dynamic cable / Dynamic Cable / Dynamic Cable/里那个material degradation，一般咋处理，给个法子。,"Monitoring: DTS/RTTR, electrical integrity tests, leak detection; -","失效模式是：material degradation；项目/功能是：Dynamic cable / Dynamic Cable / Dynamic Cable/；建议措施是：Monitoring: DTS/RTTR, electrical integrity tests, leak detection; -。",正确,1.0,65.99,语义RAG,0.1667,1.0,0,,6,,,,,,"Monitoring: DTS/RTTR, electrical integrity tests, leak detection; -",,建议措施,119,
249,1749,Full-M1去除CSV直答模块,M1 CSV直答模块,模块专项测试,module_m3_cause2,module_m3_colloquial,M3_自然语言检索,无编号、自然语言直接查找、口语化或轻度噪声表达。,中等,"我看这条有点糊，Floating support structure / Floating Support structure / All structures那边的Hit by dropped objects [1,9]，为啥会出这个毛病？",Operation; Biological collision,"失效模式是：Hit by dropped objects [1,9]；项目/功能是：Floating support structure / Floating Support structure / All structures；潜在失效原因/机理是：Environmental condition; Typhoon can cause failure of the floating unit if it gets hit by dropping objects. (eg. damaged blade)(strong wind/wave)。",错误,0.0,55.06,语义RAG,0.1667,1.0,0,,6,Operation; Biological collision,,,,,Operation; Biological collision,,潜在失效原因/机理,48,
250,1750,Full-M1去除CSV直答模块,M1 CSV直答模块,模块专项测试,module_m3_effect2,module_m3_colloquial,M3_自然语言检索,无编号、自然语言直接查找、口语化或轻度噪声表达。,中等,这个Floating support structure / Floating Support structure / All structures，Structural break [11]这事会弄成啥后果，别太官方。,Structural reassessment,失效模式是：Structural plastic deformation [11]；项目/功能是：Floating support structure / Floating Support structure / All structures；失效后果是：Local stress accumulation。,错误,0.0,46.93,语义RAG,0.0,0.0,0,,6,Structural reassessment,,,,,Structural reassessment,,潜在失效后果,49,
251,1751,Full-M1去除CSV直答模块,M1 CSV直答模块,模块专项测试,module_m3_cause,module_m3_colloquial,M3_自然语言检索,无编号、自然语言直接查找、口语化或轻度噪声表达。,中等,这个Floating support structure / Floating Support structure / Secondary structure里那个Additional Structures Failures，到底咋回事，原因是啥？,"Operation; Dynamic umbilical connection/cable fail [1,12]",根据上下文，Secondary structure & Welding块中并没有提到“Additional Structures Failures”这一失效模式。最接近的是FF29中的Watertight fault [1]，但该条目不属于Secondary structure & Welding部分。 因此，基于提供的信息，无法回答“这个Floating support structure / Floating Support structure / Secondary structure里那个Additional Structures Failures，到底咋回事，原因是啥？”这个问题。,错误,0.0,1349.4,语义RAG,0.0,0.0,0,,6,"Operation; Dynamic umbilical connection/cable fail [1,12]",,1.0,,,"Operation; Dynamic umbilical connection/cable fail [1,12]",,潜在失效原因/机理,50,
252,1752,Full-M1去除CSV直答模块,M1 CSV直答模块,模块专项测试,module_m3_effect,module_m3_colloquial,M3_自然语言检索,无编号、自然语言直接查找、口语化或轻度噪声表达。,中等,这个Floating support structure / Floating Support structure / Primary Structure里那个Cracks [11]，最后会咋样，后果说下。,Structural failure,失效后果 / FailureEffect / effect / result / consequence / 结果 / 后果 / 会怎样: Structural failure,正确,1.0,855.31,语义RAG,0.1667,1.0,0,,6,,,,,,Structural failure,,潜在失效后果,51,
253,1753,Full-M1去除CSV直答模块,M1 CSV直答模块,模块专项测试,module_m3_action,module_m3_colloquial,M3_自然语言检索,无编号、自然语言直接查找、口语化或轻度噪声表达。,中等,这个Tower / Tower (TO) / Primary steelwork里那个Cracks，一般咋处理，给个法子。,High-fidelity coupled aero-hydro-elastic simulation in design updates; Thicker shell sections / local reinforcement,失效模式是：Cracks；项目/功能是：Tower / Tower (TO) / Primary steelwork；建议措施是：-。,错误,0.0,52.59,语义RAG,0.0,0.0,0,,6,High-fidelity coupled aero-hydro-elastic simulation in design updates; Thicker shell sections / local reinforcement,,,,,High-fidelity coupled aero-hydro-elastic simulation in design updates; Thicker shell sections / local reinforcement,,建议措施,4,
254,1754,Full-M1去除CSV直答模块,M1 CSV直答模块,模块专项测试,module_m3_cause2,module_m3_colloquial,M3_自然语言检索,无编号、自然语言直接查找、口语化或轻度噪声表达。,中等,我看这条有点糊，Floating support structure / Floating Support structure / Primary structure & Welding那边的Cracks [11]，为啥会出这个毛病？,Operation; Fatigue due to continuous vibrations/resonance [11],失效模式是：Cracks [11]；项目/功能是：Floating support structure / Floating Support structure / Primary structure & Welding；潜在失效原因/机理是：Operation; Fatigue due to continuous vibrations/resonance [11]。,正确,1.0,64.95,语义RAG,0.1667,1.0,0,,6,,,11.0；11.0,,,Operation; Fatigue due to continuous vibrations/resonance [11],,潜在失效原因/机理,53,
255,1755,Full-M1去除CSV直答模块,M1 CSV直答模块,模块专项测试,module_m3_effect2,module_m3_colloquial,M3_自然语言检索,无编号、自然语言直接查找、口语化或轻度噪声表达。,中等,这个Floating support structure / Floating Support structure / All structures，Cracks [11]这事会弄成啥后果，别太官方。,Structural failure,失效模式是：Structural plastic deformation [11]；项目/功能是：Floating support structure / Floating Support structure / All structures；失效后果是：Local stress accumulation。,错误,0.0,71.85,语义RAG,0.3333,1.0,0,,6,Structural failure,,,,,Structural failure,,潜在失效后果,54,
256,1756,Full-M1去除CSV直答模块,M1 CSV直答模块,模块专项测试,module_m3_cause,module_m3_colloquial,M3_自然语言检索,无编号、自然语言直接查找、口语化或轻度噪声表达。,中等,这个Floating support structure / Floating Support structure / Secondary structure里那个Additional Structures Failures，到底咋回事，原因是啥？,"Operation; Handrails Corrosion [1,12]",根据上下文，Secondary structure & Welding块中并没有提到“Additional Structures Failures”这一失效模式。最接近的是FF29中的Watertight fault [1]，但该条目不属于Secondary structure & Welding部分。 因此，基于提供的信息，无法回答“这个Floating support structure / Floating Support structure / Secondary structure里那个Additional Structures Failures，到底咋回事，原因是啥？”这个问题。,错误,0.0,1362.27,语义RAG,0.0,0.0,0,,6,"Operation; Handrails Corrosion [1,12]",,1.0,,,"Operation; Handrails Corrosion [1,12]",,潜在失效原因/机理,55,
257,1757,Full-M1去除CSV直答模块,M1 CSV直答模块,模块专项测试,module_m3_effect,module_m3_colloquial,M3_自然语言检索,无编号、自然语言直接查找、口语化或轻度噪声表达。,中等,这个Floating support structure / Floating Support structure / Secondary structure里那个Additional Structures Failures，最后会咋样，后果说下。,Potential failure of landing platform,失效模式是：Watertight fault [1]；项目/功能是：Floating support structure / Floating Support structure / Secondary structure；失效后果是：Asset damage Energy production loss/reduced stability。,错误,0.0,63.37,语义RAG,0.0,0.0,0,,6,Potential failure of landing platform,,,,,Potential failure of landing platform,,潜在失效后果,56,
258,1758,Full-M1去除CSV直答模块,M1 CSV直答模块,模块专项测试,module_m3_action,module_m3_colloquial,M3_自然语言检索,无编号、自然语言直接查找、口语化或轻度噪声表达。,中等,这个Transition piece / Transition Piece (TP) / Primary structure里那个Transition piece break，一般咋处理，给个法子。,"SHM for TP connections (strain gauges, acoustic emission, bolt preload monitoring); Design requalification for extreme storms (updated metocean; load cases); -","失效模式是：Transition piece break；项目/功能是：Transition piece / Transition Piece (TP) / Primary structure；建议措施是：SHM for TP connections (strain gauges, acoustic emission, bolt preload monitoring); Design requalification for extreme storms (updated metocean; load cases); -。",正确,1.0,58.92,语义RAG,0.1667,1.0,0,,6,,,,,,"SHM for TP connections (strain gauges, acoustic emission, bolt preload monitoring); Design requalification for extreme storms (updated metocean; load cases); -",,建议措施,25,
259,1759,Full-M1去除CSV直答模块,M1 CSV直答模块,模块专项测试,module_m3_cause2,module_m3_colloquial,M3_自然语言检索,无编号、自然语言直接查找、口语化或轻度噪声表达。,中等,我看这条有点糊，Floating support structure / Floating Support structure / Secondary structure那边的Floater unit sinkage，为啥会出这个毛病？,Design; Insufficient structural strength and cracks on the floater resulting in water ingress to the support structure,失效模式是：Floater unit sinkage；项目/功能是：Floating support structure / Floating Support structure / Secondary structure；潜在失效原因/机理是：Design; Insufficient structural strength and cracks on the floater resulting in water ingress to the support structure。,正确,1.0,49.93,语义RAG,0.1667,1.0,0,,6,,,,,,Design; Insufficient structural strength and cracks on the floater resulting in water ingress to the support structure,,潜在失效原因/机理,58,
260,1760,Full-M1去除CSV直答模块,M1 CSV直答模块,模块专项测试,module_m3_effect2,module_m3_colloquial,M3_自然语言检索,无编号、自然语言直接查找、口语化或轻度噪声表达。,中等,这个Floating support structure / Floating Support structure / All structures，Structural plastic deformation [11]这事会弄成啥后果，别太官方。,Local stress accumulation,失效模式是：Structural plastic deformation [11]；项目/功能是：Floating support structure / Floating Support structure / All structures；失效后果是：Local stress accumulation。,正确,1.0,60.0,语义RAG,0.5,1.0,0,,6,,,,,,Local stress accumulation,,潜在失效后果,59,
261,1761,Full-M1去除CSV直答模块,M1 CSV直答模块,模块专项测试,module_m3_cause,module_m3_colloquial,M3_自然语言检索,无编号、自然语言直接查找、口语化或轻度噪声表达。,中等,这个Floating support structure / Floating Support structure / Secondary structure里那个Watertight fault [1]，到底咋回事，原因是啥？,Maintenance; Insufficient structural strength due to ship collision [11],失效模式是：Watertight fault [1]；项目/功能是：Floating support structure / Floating Support structure / Secondary structure；潜在失效原因/机理是：Maintenance; Insufficient structural strength due to ship collision [11]。,正确,1.0,47.46,语义RAG,0.1667,1.0,0,,6,,,11.0,,,Maintenance; Insufficient structural strength due to ship collision [11],,潜在失效原因/机理,60,
262,1762,Full-M1去除CSV直答模块,M1 CSV直答模块,模块专项测试,module_m3_effect,module_m3_colloquial,M3_自然语言检索,无编号、自然语言直接查找、口语化或轻度噪声表达。,中等,这个Floating support structure / Floating Support structure / Secondary structure里那个Additional Structures Failures，最后会咋样，后果说下。,Potential failure,失效模式是：Watertight fault [1]；项目/功能是：Floating support structure / Floating Support structure / Secondary structure；失效后果是：Asset damage Energy production loss/reduced stability。,错误,0.0,57.14,语义RAG,0.0,0.0,0,,6,Potential failure,,,,,Potential failure,,潜在失效后果,61,
263,1763,Full-M1去除CSV直答模块,M1 CSV直答模块,模块专项测试,module_m3_action,module_m3_colloquial,M3_自然语言检索,无编号、自然语言直接查找、口语化或轻度噪声表达。,中等,这个Transition piece / Transition Piece (TP) / Primary structure & welding里那个Transition piece break，一般咋处理，给个法子。,"SHM for TP connections (strain gauges, acoustic emission, bolt preload monitoring); Welding quality assurance and NDT enhancement (phased-array UT)","失效模式是：Transition piece break；项目/功能是：Transition piece / Transition Piece (TP) / Primary structure & welding；建议措施是：SHM for TP connections (strain gauges, acoustic emission, bolt preload monitoring); Welding quality assurance and NDT enhancement (phased-array UT)。",正确,1.0,69.77,语义RAG,0.1667,1.0,0,,6,,,,,,"SHM for TP connections (strain gauges, acoustic emission, bolt preload monitoring); Welding quality assurance and NDT enhancement (phased-array UT)",,建议措施,40,
264,1764,Full-M1去除CSV直答模块,M1 CSV直答模块,模块专项测试,module_m3_cause2,module_m3_colloquial,M3_自然语言检索,无编号、自然语言直接查找、口语化或轻度噪声表达。,中等,我看这条有点糊，Floating support structure / Floating Support structure / Secondary structure那边的Additional Structures Failures，为啥会出这个毛病？,"Operation; Navigation and work lights fail [1,12]",失效模式是：Watertight fault [1]；项目/功能是：Floating support structure / Floating Support structure / Secondary structure；潜在失效原因/机理是：Maintenance; Insufficient structural strength due to ship collision [11]。,错误,0.0,66.64,语义RAG,0.0,0.0,0,,6,"Operation; Navigation and work lights fail [1,12]",,1.0,,,"Operation; Navigation and work lights fail [1,12]",,潜在失效原因/机理,63,
265,1765,Full-M1去除CSV直答模块,M1 CSV直答模块,模块专项测试,module_m3_effect2,module_m3_colloquial,M3_自然语言检索,无编号、自然语言直接查找、口语化或轻度噪声表达。,中等,"这个Floating support structure / Floating Support structure / All structures，Hit by dropped objects [1,9]这事会弄成啥后果，别太官方。","Damage to the facility, vast economic loses","失效模式是：Hit by dropped objects [1,9]；项目/功能是：Floating support structure / Floating Support structure / All structures；失效后果是：Damage to the facility, vast economic loses。",正确,1.0,61.45,语义RAG,0.5,1.0,0,,6,,,,,,"Damage to the facility, vast economic loses",,潜在失效后果,64,
266,1766,Full-M1去除CSV直答模块,M1 CSV直答模块,模块专项测试,module_m3_cause,module_m3_colloquial,M3_自然语言检索,无编号、自然语言直接查找、口语化或轻度噪声表达。,中等,这个Floating support structure / Floating Support structure / Secondary structure里那个Additional Structures Failures，到底咋回事，原因是啥？,"Operation; Sensors for platform monitoring fail [1,12]",根据上下文，Secondary structure & Welding块中并没有提到“Additional Structures Failures”这一失效模式。最接近的是FF29条目中的Watertight fault [1]，但并不是在Secondary structure & Welding部分。因此，基于提供的信息，无法回答“Additional Structures Failures”的具体情况和原因。 根据上下文内容，与Floating support structure / Floating Support structure相关的最高风险条目及其详细信息如下： 项目/功能 / ProcessStep / 哪一块 / 哪个地方: Floating support structure / Floating Support structure / Secondary structure & Welding 记录数量 / count / 多少条: 1 平均RPN / average risk score / 平均风险分: 36 平均严重度 / average S / severity: 3.6 平均发生度 / average O / occurrence: 2.33 平均可探测度 / average D / detection / 平均能查出来的那个分: 3.6 最高RPN / top risk / 最麻烦 / 最该担心 / 优先看: 36 项目内最高风险条目: 排名1: FMEA编号=FF29; 失效模式=Watertight fault [1]; RPN=36; S=3.6; O=2.33; D=3.6; 原因=Manufacturing and Installation; Ventilation heads/Manholes failure due to Manufacturing defect/Welding defect; 后果=Reduced stability; 建议措施=-. 因此，如果有其他具体信息或条目，请提供以便进一步确认。,错误,0.0,3054.91,语义RAG,0.0,0.0,0,,6,"Operation; Sensors for platform monitoring fail [1,12]",,1.0；1.0；1.0；1.0,,,"Operation; Sensors for platform monitoring fail [1,12]",,潜在失效原因/机理,65,
267,1767,Full-M1去除CSV直答模块,M1 CSV直答模块,模块专项测试,module_m3_effect,module_m3_colloquial,M3_自然语言检索,无编号、自然语言直接查找、口语化或轻度噪声表达。,中等,这个Floating support structure / Floating Support structure / Secondary structure里那个Structural break [11]，最后会咋样，后果说下。,Asset damage Energy production loss/reduced stability,失效模式是：Watertight fault [1]；项目/功能是：Floating support structure / Floating Support structure / Secondary structure；失效后果是：Asset damage Energy production loss/reduced stability。,正确,1.0,58.73,语义RAG,0.1667,1.0,0,,6,,,,,,Asset damage Energy production loss/reduced stability,,潜在失效后果,66,
268,1768,Full-M1去除CSV直答模块,M1 CSV直答模块,模块专项测试,module_m3_action,module_m3_colloquial,M3_自然语言检索,无编号、自然语言直接查找、口语化或轻度噪声表达。,中等,这个Floating support structure / Floating Support structure / Primary structure & Welding里那个Capsize [11]，一般咋处理，给个法子。,"Expanded design load cases (including typhoon/hurricane scenarios); Operational limits: weather windows, alarm thresholds for motions; Resonance avoidance via structural tuning/damping",失效模式是：Cracks [11]；项目/功能是：Floating support structure / Floating Support structure / Primary structure & Welding；建议措施是：Expanded design load cases (including typhoon/hurricane scenarios); Resonance avoidance via structural tuning/damping; High-fidelity coupled aero-hydro-elastic simulation in design updates。,错误,0.0,60.55,语义RAG,0.1667,1.0,0,,6,"Expanded design load cases (including typhoon/hurricane scenarios); Operational limits: weather windows, alarm thresholds for motions; Resonance avoidance via structural tuning/damping",,,,,"Expanded design load cases (including typhoon/hurricane scenarios); Operational limits: weather windows, alarm thresholds for motions; Resonance avoidance via structural tuning/damping",,建议措施,52,
269,1769,Full-M1去除CSV直答模块,M1 CSV直答模块,模块专项测试,module_m3_cause2,module_m3_colloquial,M3_自然语言检索,无编号、自然语言直接查找、口语化或轻度噪声表达。,中等,我看这条有点糊，Floating support structure / Floating Support structure / Primary structure & Welding那边的Structural break [11]，为啥会出这个毛病？,Operation; Structure brittle fracture due to extreme environmental temperature,失效模式是：Cracks [11]；项目/功能是：Floating support structure / Floating Support structure / Primary structure & Welding；潜在失效原因/机理是：Operation; Fatigue due to continuous vibrations/resonance [11]。,错误,0.0,67.74,语义RAG,0.0,0.0,0,,6,Operation; Structure brittle fracture due to extreme environmental temperature,,,,,Operation; Structure brittle fracture due to extreme environmental temperature,,潜在失效原因/机理,68,
270,1770,Full-M1去除CSV直答模块,M1 CSV直答模块,模块专项测试,module_m3_effect2,module_m3_colloquial,M3_自然语言检索,无编号、自然语言直接查找、口语化或轻度噪声表达。,中等,这个Floating support structure / Floating Support structure / All structures，Floater unit sinkage这事会弄成啥后果，别太官方。,Potential Failure/Asset damage Energy production loss,失效模式是：Floater unit sinkage；项目/功能是：Floating support structure / Floating Support structure / All structures；失效后果是：Potential Failure/Asset damage Energy production loss。,正确,1.0,68.75,语义RAG,0.3333,1.0,0,,6,,,,,,Potential Failure/Asset damage Energy production loss,,潜在失效后果,69,
271,1771,Full-M1去除CSV直答模块,M1 CSV直答模块,模块专项测试,module_m3_cause,module_m3_colloquial,M3_自然语言检索,无编号、自然语言直接查找、口语化或轻度噪声表达。,中等,"这个Floating support structure / Floating Support structure / All structures里那个Hit by dropped objects [1,9]，到底咋回事，原因是啥？",Environmental condition; Typhoon can cause failure of the floating unit if it gets hit by dropping objects. (eg. damaged blade)(strong wind/wave),"失效模式是：Hit by dropped objects [1,9]；项目/功能是：Floating support structure / Floating Support structure / All structures；潜在失效原因/机理是：Environmental condition; Typhoon can cause failure of the floating unit if it gets hit by dropping objects. (eg. damaged blade)(strong wind/wave)。",正确,1.0,61.8,语义RAG,0.1667,1.0,0,,6,,,,,,Environmental condition; Typhoon can cause failure of the floating unit if it gets hit by dropping objects. (eg. damaged blade)(strong wind/wave),,潜在失效原因/机理,70,
272,1772,Full-M1去除CSV直答模块,M1 CSV直答模块,模块专项测试,module_m3_effect,module_m3_colloquial,M3_自然语言检索,无编号、自然语言直接查找、口语化或轻度噪声表达。,中等,这个Floating support structure / Floating Support structure / All structures里那个Structural break [11]，最后会咋样，后果说下。,"Watertight fault, Potential Floater Unit sinkage",失效模式是：Structural plastic deformation [11]；项目/功能是：Floating support structure / Floating Support structure / All structures；失效后果是：Local stress accumulation。,错误,0.0,69.69,语义RAG,0.1667,1.0,0,,6,"Watertight fault, Potential Floater Unit sinkage",,,,,"Watertight fault, Potential Floater Unit sinkage",,潜在失效后果,71,
273,1773,Full-M1去除CSV直答模块,M1 CSV直答模块,模块专项测试,module_m3_action,module_m3_colloquial,M3_自然语言检索,无编号、自然语言直接查找、口语化或轻度噪声表达。,中等,"这个Floating support structure / Floating Support structure / All structures里那个Hit by dropped objects [1,9]，一般咋处理，给个法子。",Expanded design load cases (including typhoon/hurricane scenarios); High-fidelity coupled aero-hydro-elastic simulation in design updates; -,"失效模式是：Hit by dropped objects [1,9]；项目/功能是：Floating support structure / Floating Support structure / All structures；建议措施是：Expanded design load cases (including typhoon/hurricane scenarios); High-fidelity coupled aero-hydro-elastic simulation in design updates; -。",正确,1.0,57.85,语义RAG,0.1667,1.0,0,,6,,,,,,Expanded design load cases (including typhoon/hurricane scenarios); High-fidelity coupled aero-hydro-elastic simulation in design updates; -,,建议措施,70,
274,1774,Full-M1去除CSV直答模块,M1 CSV直答模块,模块专项测试,module_m3_cause2,module_m3_colloquial,M3_自然语言检索,无编号、自然语言直接查找、口语化或轻度噪声表达。,中等,我看这条有点糊，Floating support structure / Floating Support structure / Secondary structure & Welding那边的Watertight fault [1]，为啥会出这个毛病？,Manufacturing and Installation; Ventilation heads/Manholes failure due to Manufacturing defect/Welding defect,失效模式是：Watertight fault [1]；项目/功能是：Floating support structure / Floating Support structure / Secondary structure；潜在失效原因/机理是：Maintenance; Insufficient structural strength due to ship collision [11]。,错误,0.0,64.61,语义RAG,0.0,0.0,0,,6,Manufacturing and Installation; Ventilation heads/Manholes failure due to Manufacturing defect/Welding defect,,,,,Manufacturing and Installation; Ventilation heads/Manholes failure due to Manufacturing defect/Welding defect,,潜在失效原因/机理,73,
275,1775,Full-M1去除CSV直答模块,M1 CSV直答模块,模块专项测试,module_m3_effect2,module_m3_colloquial,M3_自然语言检索,无编号、自然语言直接查找、口语化或轻度噪声表达。,中等,这个Floating support structure / Floating Support structure / Welding，Cracks [11]这事会弄成啥后果，别太官方。,Watertight fault,结构可能会出现裂缝，长期下去可能导致整体结构失效。,错误,0.0,739.99,语义RAG,0.3333,1.0,0,,6,Watertight fault,,,,,Watertight fault,,潜在失效后果,74,
276,1776,Full-M1去除CSV直答模块,M1 CSV直答模块,模块专项测试,module_m3_cause,module_m3_colloquial,M3_自然语言检索,无编号、自然语言直接查找、口语化或轻度噪声表达。,中等,"这个Station keeping / Anchor (AC)里那个Anchor failure [1], [17]，到底咋回事，原因是啥？",Operation; Abnormal working conditions,"失效模式 / FailureMode: Anchor failure [1], [17] 失效原因 / FailureCause: Operation; Cyclic degradation, Operation; Abnormal working conditions",正确,1.0,934.51,语义RAG,0.3333,1.0,0,,6,,,,,,Operation; Abnormal working conditions,,潜在失效原因/机理,75,
277,1777,Full-M1去除CSV直答模块,M1 CSV直答模块,模块专项测试,module_m3_effect,module_m3_colloquial,M3_自然语言检索,无编号、自然语言直接查找、口语化或轻度噪声表达。,中等,"这个Station keeping / Anchor (AC)里那个Anchor failure [1], [17]，最后会咋样，后果说下。",Anchor failure,"失效模式是：Anchor failure [1], [17]；项目/功能是：Station keeping / Anchor (AC)；失效后果是：Anchor failure。",正确,1.0,65.13,语义RAG,0.3333,1.0,0,,6,,,,,,Anchor failure,,潜在失效后果,76,
278,1778,Full-M1去除CSV直答模块,M1 CSV直答模块,模块专项测试,module_m3_action,module_m3_colloquial,M3_自然语言检索,无编号、自然语言直接查找、口语化或轻度噪声表达。,中等,"这个Station keeping / Fairlead (FL)里那个Fairlead failure [1], [17]，一般咋处理，给个法子。",Continuous tension and vibration monitoring; thresholds for intervention; Fairlead geometry improvements and low-wear lining; Optimized chain/wire/rope selection and fatigue margins (design); -,"失效模式是：Fairlead failure [1],[17]；项目/功能是：Station keeping / Fairlead (FL)；建议措施是：Cathodic protection and corrosion monitoring regimes; -。",错误,0.0,57.46,语义RAG,0.0,0.0,0,,6,Continuous tension and vibration monitoring; thresholds for intervention; Fairlead geometry improvements and low-wear lining; Optimized chain/wire/rope selection and fatigue margins (design); -,,,,,Continuous tension and vibration monitoring; thresholds for intervention; Fairlead geometry improvements and low-wear lining; Optimized chain/wire/rope selection and fatigue margins (design); -,,建议措施,79,
279,1779,Full-M1去除CSV直答模块,M1 CSV直答模块,模块专项测试,module_m3_cause2,module_m3_colloquial,M3_自然语言检索,无编号、自然语言直接查找、口语化或轻度噪声表达。,中等,我看这条有点糊，Station keeping / Mooring Lines (ML) / Clump weight那边的Failure in clump weight，为啥会出这个毛病？,Operation,失效原因 / FailureCause / cause / reason / 为什么 / 为啥 / 咋来的: Operation,正确,1.0,777.58,语义RAG,0.8333,1.0,0,,6,,,,,,Operation,,潜在失效原因/机理,78,
280,1780,Full-M1去除CSV直答模块,M1 CSV直答模块,模块专项测试,module_m3_effect2,module_m3_colloquial,M3_自然语言检索,无编号、自然语言直接查找、口语化或轻度噪声表达。,中等,这个Station keeping / Monitoring System，Monitoring system fails这事会弄成啥后果，别太官方。,Unable to monitor tension in the mooring lines,监测系统失效会导致无法监控系泊线的张力。,错误,0.0,744.91,语义RAG,0.1667,1.0,0,,6,Unable to monitor tension in the mooring lines,,,,,Unable to monitor tension in the mooring lines,,潜在失效后果,81,
281,1781,Full-M1去除CSV直答模块,M1 CSV直答模块,模块专项测试,module_m3_cause,module_m3_colloquial,M3_自然语言检索,无编号、自然语言直接查找、口语化或轻度噪声表达。,中等,"这个Station keeping / Fairlead (FL)里那个Fairlead failure [1],[17]，到底咋回事，原因是啥？",Operation; Fairlead corrosion,"失效模式是：Fairlead failure [1],[17]；项目/功能是：Station keeping / Fairlead (FL)；潜在失效原因/机理是：Operation; Fairlead corrosion。",正确,1.0,63.36,语义RAG,0.1667,1.0,0,,6,,,,,,Operation; Fairlead corrosion,,潜在失效原因/机理,80,
282,1782,Full-M1去除CSV直答模块,M1 CSV直答模块,模块专项测试,module_m3_effect,module_m3_colloquial,M3_自然语言检索,无编号、自然语言直接查找、口语化或轻度噪声表达。,中等,这个Station keeping / Mooring Lines (ML) / Mooring lines里那个Mooring line breakage[8]，最后会咋样，后果说下。,Mooring line strength decrease or broken,失效模式是：Mooring line breakage[8]；项目/功能是：Station keeping / Mooring Lines (ML) / Mooring lines；失效后果是：Mooring line strength decrease or broken。,正确,1.0,55.15,语义RAG,0.8333,1.0,0,,6,,,,,,Mooring line strength decrease or broken,,潜在失效后果,83,
283,1783,Full-M1去除CSV直答模块,M1 CSV直答模块,模块专项测试,module_m3_action,module_m3_colloquial,M3_自然语言检索,无编号、自然语言直接查找、口语化或轻度噪声表达。,中等,这个Station keeping / Mooring Lines (ML) / Mooring lines里那个Mooring Line Corrosion [1]，一般咋处理，给个法子。,Continuous tension and vibration monitoring; thresholds for intervention; Optimized chain/wire/rope selection and fatigue margins (design); -,建议措施=Continuous tension and vibration monitoring; thresholds for intervention; Optimized chain/wire/rope selection and fatigue margins (design); -,正确,1.0,1066.17,语义RAG,0.1667,1.0,0,,6,,,,,,Continuous tension and vibration monitoring; thresholds for intervention; Optimized chain/wire/rope selection and fatigue margins (design); -,,建议措施,85,
284,1784,Full-M1去除CSV直答模块,M1 CSV直答模块,模块专项测试,module_m3_cause2,module_m3_colloquial,M3_自然语言检索,无编号、自然语言直接查找、口语化或轻度噪声表达。,中等,我看这条有点糊，Station keeping / Mooring Lines (ML) / Mooring lines那边的Mooring line breakage[8]，为啥会出这个毛病？,Environmental condition; Abnormal stress due to mooring lines wear caused by unexpected seismic loads/ The tension overpassing the limit value can cause the mooring line to instantaneously break [18],失效模式是：Mooring line breakage[8]；项目/功能是：Station keeping / Mooring Lines (ML) / Mooring lines；潜在失效原因/机理是：Environmental condition; Mooring lines wear caused by unexpected external damage (from e.g. overtrawling)/particulate ingress/UV light。,错误,0.0,64.09,语义RAG,0.1667,1.0,0,,6,Environmental condition; Abnormal stress due to mooring lines wear caused by unexpected seismic loads/ The tension overpassing the limit value can cause the mooring line to instantaneously break [18],,,,,Environmental condition; Abnormal stress due to mooring lines wear caused by unexpected seismic loads/ The tension overpassing the limit value can cause the mooring line to instantaneously break [18],,潜在失效原因/机理,83,
285,1785,Full-M1去除CSV直答模块,M1 CSV直答模块,模块专项测试,module_m3_effect2,module_m3_colloquial,M3_自然语言检索,无编号、自然语言直接查找、口语化或轻度噪声表达。,中等,这个Station keeping / Mooring Lines (ML) / Mooring lines，Mooring Line Fatigue [1]这事会弄成啥后果，别太官方。,Mooring line strength decrease or broken,Mooring Line Fatigue [1] 这事会导致锚链强度下降或断裂。,错误,0.0,834.84,语义RAG,0.8333,1.0,0,,6,Mooring line strength decrease or broken,,,,,Mooring line strength decrease or broken,,潜在失效后果,86,
286,1786,Full-M1去除CSV直答模块,M1 CSV直答模块,模块专项测试,module_m3_cause,module_m3_colloquial,M3_自然语言检索,无编号、自然语言直接查找、口语化或轻度噪声表达。,中等,这个Station keeping / Mooring Lines (ML) / Mooring lines里那个Mooring Line Corrosion [1]，到底咋回事，原因是啥？,Maintenance; Mooring lines corrosion due to improper maintenance of the corroded components,失效模式 / FailureMode: Mooring Line Corrosion [1] 失效原因 / FailureCause: Maintenance; Mooring lines corrosion due to improper maintenance of the corroded components,正确,1.0,571.03,语义RAG,0.1667,1.0,0,,6,,,,,,Maintenance; Mooring lines corrosion due to improper maintenance of the corroded components,,潜在失效原因/机理,85,
287,1787,Full-M1去除CSV直答模块,M1 CSV直答模块,模块专项测试,module_m3_effect,module_m3_colloquial,M3_自然语言检索,无编号、自然语言直接查找、口语化或轻度噪声表达。,中等,这个Station keeping / Mooring Lines (ML) / Mooring lines里那个Mooring line wear [1]，最后会咋样，后果说下。,Mooring line strength decrease or broken,Mooring line wear [1] 的失效后果 / FailureEffect 是：Mooring line strength decrease or broken。,正确,1.0,796.92,语义RAG,0.5,1.0,0,,6,,,,,,Mooring line strength decrease or broken,,潜在失效后果,88,
288,1788,Full-M1去除CSV直答模块,M1 CSV直答模块,模块专项测试,module_m3_action,module_m3_colloquial,M3_自然语言检索,无编号、自然语言直接查找、口语化或轻度噪声表达。,中等,"这个Station keeping / Mooring lines (ML) / Mooring lines里那个Mooring lines broken [1,3]，一般咋处理，给个法子。",ROV visual inspections; targeted maintenance on wear zones; -,失效模式是：Mooring line breakage[8]；项目/功能是：Station keeping / Mooring Lines (ML) / Mooring lines；建议措施是：Continuous tension and vibration monitoring; thresholds for intervention; -。,错误,0.0,70.23,语义RAG,0.5,1.0,0,,6,ROV visual inspections; targeted maintenance on wear zones; -,,,,,ROV visual inspections; targeted maintenance on wear zones; -,,建议措施,94,
289,1789,Full-M1去除CSV直答模块,M1 CSV直答模块,模块专项测试,module_m3_cause2,module_m3_colloquial,M3_自然语言检索,无编号、自然语言直接查找、口语化或轻度噪声表达。,中等,我看这条有点糊，Station keeping / Mooring Lines (ML) / Mooring lines那边的Mooring line wear [1]，为啥会出这个毛病？,Manufacturing; Mooring lines wear due to poor quality during fabrication,"失效原因 / FailureCause / cause / reason / 为什么 / 为啥 / 咋来的: Operation; Mooring lines wear due to Improper handling, such as excessive tension, bending, or twisting of the mooring lines.",错误,0.0,1007.09,语义RAG,0.1667,1.0,0,,6,Manufacturing; Mooring lines wear due to poor quality during fabrication,,,,,Manufacturing; Mooring lines wear due to poor quality during fabrication,,潜在失效原因/机理,88,
290,1790,Full-M1去除CSV直答模块,M1 CSV直答模块,模块专项测试,module_m3_effect2,module_m3_colloquial,M3_自然语言检索,无编号、自然语言直接查找、口语化或轻度噪声表达。,中等,"这个Station keeping / Mooring lines (ML) / Mooring lines，Mooring lines broken [1,3]这事会弄成啥后果，别太官方。",Asset not in correct location or position,失效模式是：Mooring line breakage[8]；项目/功能是：Station keeping / Mooring Lines (ML) / Mooring lines；失效后果是：Mooring line strength decrease or broken。,错误,0.0,51.67,语义RAG,0.3333,1.0,0,,6,Asset not in correct location or position,,,,,Asset not in correct location or position,,潜在失效后果,91,
291,1791,Full-M1去除CSV直答模块,M1 CSV直答模块,模块专项测试,module_m3_cause,module_m3_colloquial,M3_自然语言检索,无编号、自然语言直接查找、口语化或轻度噪声表达。,中等,这个Station keeping / Mooring Lines (ML) / Mooring lines里那个Mooring line wear [1]，到底咋回事，原因是啥？,"Operation; Mooring lines wear due to Improper handling, such as excessive tension, bending, or twisting of the mooring lines.","失效模式 / FailureMode: Mooring line wear [1] 失效原因 / FailureCause: Operation; Mooring lines wear due to Improper handling, such as excessive tension, bending, or twisting of the mooring lines. 严重度 / S: 3.6 发生度 / O: 2.8 可探测度 / D: 3.6",正确,1.0,1297.14,语义RAG,0.3333,1.0,0,,6,,,,,,"Operation; Mooring lines wear due to Improper handling, such as excessive tension, bending, or twisting of the mooring lines.",,潜在失效原因/机理,90,
292,1792,Full-M1去除CSV直答模块,M1 CSV直答模块,模块专项测试,module_m3_effect,module_m3_colloquial,M3_自然语言检索,无编号、自然语言直接查找、口语化或轻度噪声表达。,中等,"这个Station keeping / Mooring lines (ML) / Mooring lines里那个Mooring lines broken [1,3]，最后会咋样，后果说下。",Asset not in correct location or position,失效模式是：Mooring line breakage[8]；项目/功能是：Station keeping / Mooring Lines (ML) / Mooring lines；失效后果是：Mooring line strength decrease or broken。,错误,0.0,60.7,语义RAG,0.3333,1.0,0,,6,Asset not in correct location or position,,,,,Asset not in correct location or position,,潜在失效后果,93,
293,1793,Full-M1去除CSV直答模块,M1 CSV直答模块,模块专项测试,module_m3_action,module_m3_colloquial,M3_自然语言检索,无编号、自然语言直接查找、口语化或轻度噪声表达。,中等,这个Dynamic cable / Dynamic Cable / Dynamic Cable/里那个Debris disturbance，一般咋处理，给个法子。,-; Environmental protections; debris management,失效模式是：Cable Damage；项目/功能是：Dynamic cable / Dynamic Cable / Dynamic Cable/；建议措施是：-。,错误,0.0,60.47,语义RAG,0.0,0.0,0,,6,-; Environmental protections; debris management,,,,,-; Environmental protections; debris management,,建议措施,104,
294,1794,Full-M1去除CSV直答模块,M1 CSV直答模块,模块专项测试,module_m3_cause2,module_m3_colloquial,M3_自然语言检索,无编号、自然语言直接查找、口语化或轻度噪声表达。,中等,"我看这条有点糊，Station keeping / Mooring lines (ML) / Mooring lines那边的Mooring lines broken [1,3]，为啥会出这个毛病？","Operation; Friction chain wear due to significant movement and tension due to the forces of wind, waves",失效模式是：Mooring line breakage[8]；项目/功能是：Station keeping / Mooring Lines (ML) / Mooring lines；潜在失效原因/机理是：Environmental condition; Mooring lines wear caused by unexpected external damage (from e.g. overtrawling)/particulate ingress/UV light。,错误,0.0,51.54,语义RAG,0.0,0.0,0,,6,"Operation; Friction chain wear due to significant movement and tension due to the forces of wind, waves",,,,,"Operation; Friction chain wear due to significant movement and tension due to the forces of wind, waves",,潜在失效原因/机理,93,
295,1795,Full-M1去除CSV直答模块,M1 CSV直答模块,模块专项测试,module_m3_effect2,module_m3_colloquial,M3_自然语言检索,无编号、自然语言直接查找、口语化或轻度噪声表达。,中等,这个Station keeping / Mooring lines (ML) / Mooring winch，Mooring winch failure [1]这事会弄成啥后果，别太官方。,Asset not in correct location or position,资产可能不会处于正确的位置或位置不正确。,错误,0.0,781.33,语义RAG,0.5,1.0,0,,6,Asset not in correct location or position,,,,,Asset not in correct location or position,,潜在失效后果,96,
296,1796,Full-M1去除CSV直答模块,M1 CSV直答模块,模块专项测试,module_m3_cause,module_m3_colloquial,M3_自然语言检索,无编号、自然语言直接查找、口语化或轻度噪声表达。,中等,这个Station keeping / Mooring lines (ML) / Mooring winch里那个Mooring winch failure [1]，到底咋回事，原因是啥？,Design; Mooring winch failure due to understimation of loads during design phase,失效模式 / FailureMode: Mooring winch failure [1] 失效原因 / FailureCause: Maintenance; Mooring winch failure due to undetected hazard during operation,错误,0.0,723.65,语义RAG,0.3333,1.0,0,,6,Design; Mooring winch failure due to understimation of loads during design phase,,,,,Design; Mooring winch failure due to understimation of loads during design phase,,潜在失效原因/机理,95,
297,1797,Full-M1去除CSV直答模块,M1 CSV直答模块,模块专项测试,module_m3_effect,module_m3_colloquial,M3_自然语言检索,无编号、自然语言直接查找、口语化或轻度噪声表达。,中等,这个Dynamic cable / Dynamic Cable / Dynamic Cable/里那个anchoring damages，最后会咋样，后果说下。,Structural integrity damage - extra stress on cables,失效模式是：anchoring damages；项目/功能是：Dynamic cable / Dynamic Cable / Dynamic Cable/；失效后果是：Structural integrity damage - extra stress on cables。,正确,1.0,52.51,语义RAG,0.1667,1.0,0,,6,,,,,,Structural integrity damage - extra stress on cables,,潜在失效后果,98,
298,1798,Full-M1去除CSV直答模块,M1 CSV直答模块,模块专项测试,module_m3_action,module_m3_colloquial,M3_自然语言检索,无编号、自然语言直接查找、口语化或轻度噪声表达。,中等,这个Dynamic cable / Dynamic Cable / Conductor里那个failures of conductors，一般咋处理，给个法子。,"-; Monitoring (DTS/RTTR, electrical integrity tests)","失效模式是：failures of conductors；项目/功能是：Dynamic cable / Dynamic Cable / Conductor；建议措施是：-; Monitoring (DTS/RTTR, electrical integrity tests)。",正确,1.0,58.7,语义RAG,0.6667,1.0,0,,6,,,,,,"-; Monitoring (DTS/RTTR, electrical integrity tests)",,建议措施,114,
299,1799,Full-M1去除CSV直答模块,M1 CSV直答模块,模块专项测试,module_m3_cause2,module_m3_colloquial,M3_自然语言检索,无编号、自然语言直接查找、口语化或轻度噪声表达。,中等,我看这条有点糊，Dynamic cable / Dynamic Cable / Dynamic Cable/那边的anchoring damages，为啥会出这个毛病？,Environmental conditions; Anchor impacts - seabed movement,失效模式是：anchoring damages；项目/功能是：Dynamic cable / Dynamic Cable / Dynamic Cable/；潜在失效原因/机理是：Environmental conditions; Anchor impacts - seabed movement。,正确,1.0,62.52,语义RAG,0.1667,1.0,0,,6,,,,,,Environmental conditions; Anchor impacts - seabed movement,,潜在失效原因/机理,98,
300,1800,Full-M1去除CSV直答模块,M1 CSV直答模块,模块专项测试,module_m3_effect2,module_m3_colloquial,M3_自然语言检索,无编号、自然语言直接查找、口语化或轻度噪声表达。,中等,这个Dynamic cable / Dynamic Cable / J-tube，Corrosion of J-tube [6]这事会弄成啥后果，别太官方。,J-tube degradation affecting cable integrity,J-tube腐蚀会导致电缆结构受损。,错误,0.0,719.96,语义RAG,0.5,1.0,0,,6,J-tube degradation affecting cable integrity,,,,,J-tube degradation affecting cable integrity,,潜在失效后果,101,
301,1801,Full-M1去除CSV直答模块,M1 CSV直答模块,模块专项测试,module_m4_bool_0,module_m4_adjudication,M4_证据裁决,是/否判断、证据是否存在、正负断言与裁决。,困难,FMEA编号“TO5”是不是有写建议措施？,是,失效模式是：Cracks；项目/功能是：Tower / Tower (TO) / Primary steelwork；建议措施是：High-fidelity coupled aero-hydro-elastic simulation in design updates; Thicker shell sections / local reinforcement。,正确,1.0,67.18,语义RAG,0.1667,0.1667,0,0.1667,6,,,,,,,,是/否判断,4,
302,1802,Full-M1去除CSV直答模块,M1 CSV直答模块,模块专项测试,module_m4_bool_1,module_m4_adjudication,M4_证据裁决,是/否判断、证据是否存在、正负断言与裁决。,困难,项目/功能“Tower / Tower (TO) / Primary steelwork”里有没有“Abnormal vibration”这个问题？,是,有。在项目/功能“Tower / Tower (TO) / Primary steelwork”中存在失效模式“Abnormal vibration”。,正确,1.0,866.65,语义RAG,1.0,1.0,0,1.0,6,,,,,,,,是/否判断,1,
303,1803,Full-M1去除CSV直答模块,M1 CSV直答模块,模块专项测试,module_m4_bool_2,module_m4_adjudication,M4_证据裁决,是/否判断、证据是否存在、正负断言与裁决。,困难,失效模式“Abnormal vibration”的后果是不是“Potential collapse”？,是,失效模式是：Abnormal vibration；项目/功能是：Tower / Tower (TO) / Primary steelwork；失效后果是：Potential collapse。,正确,1.0,48.85,语义RAG,0.8333,0.8333,0,0.8333,6,,,,,,,,是/否判断,2,
304,1804,Full-M1去除CSV直答模块,M1 CSV直答模块,模块专项测试,module_m4_bool_3,module_m4_adjudication,M4_证据裁决,是/否判断、证据是否存在、正负断言与裁决。,困难,FMEA编号“TO4”是不是属于项目/功能“Transition piece / Transition Piece (TP) / Primary structure”？,否,不是。FMEA编号“TO4”的项目/功能是“Tower / Tower (TO) / Primary steelwork”。,正确,1.0,880.1,语义RAG,1.0,1.0,0,1.0,6,,,,,,,,是/否判断,3,
305,1805,Full-M1去除CSV直答模块,M1 CSV直答模块,模块专项测试,module_m4_bool_4,module_m4_adjudication,M4_证据裁决,是/否判断、证据是否存在、正负断言与裁决。,困难,项目/功能“Tower / Tower (TO) / Primary steelwork”里有没有“Structural plastic deformation”这个问题？,否,没有。在给定的上下文中，“Tower / Tower (TO) / Primary steelwork”这块地方存在的失效模式是“Plastic deformation”，而不是“Structural plastic deformation”。,正确,1.0,946.46,语义RAG,1.0,1.0,0,1.0,6,,,,,,,,是/否判断,4,
306,1806,Full-M1去除CSV直答模块,M1 CSV直答模块,模块专项测试,module_m4_bool_5,module_m4_adjudication,M4_证据裁决,是/否判断、证据是否存在、正负断言与裁决。,困难,这条记录的现行预防控制是不是空的？,是,失效模式是：Additional Structures Failures；项目/功能是：Floating support structure / Floating Support structure / Secondary structure；建议措施是：-。,正确,1.0,62.76,语义RAG,0.0,0.0,0,0.0,6,,,,,,,,是/否判断,5,
307,1807,Full-M1去除CSV直答模块,M1 CSV直答模块,模块专项测试,module_m4_bool_0,module_m4_adjudication,M4_证据裁决,是/否判断、证据是否存在、正负断言与裁决。,困难,FMEA编号“TP3”是不是有写建议措施？,是,"失效模式是：Structural plastic deformation；项目/功能是：Transition piece / Transition Piece (TP) / Primary stucture；建议措施是：SHM for TP connections (strain gauges, acoustic emission, bolt preload monitoring); Design requalification for extreme storms (updated metocean; load cases); High-fidelity coupled analysis of TP–tower–floater interaction; -。",正确,1.0,54.32,语义RAG,0.3333,0.3333,0,0.3333,6,,,,,,,,是/否判断,26,
308,1808,Full-M1去除CSV直答模块,M1 CSV直答模块,模块专项测试,module_m4_bool_1,module_m4_adjudication,M4_证据裁决,是/否判断、证据是否存在、正负断言与裁决。,困难,项目/功能“Tower / Tower (TO) / Primary structure & welding”里有没有“Cracks”这个问题？,是,有。在项目/功能“Tower / Tower (TO) / Primary structure & welding”中存在失效模式“Cracks”的问题。具体表现为： - FMEA编号=TO9，RPN=38； - FMEA编号=TO8，RPN=21.8。 这两个条目都涉及到在塔筒（Tower）的主要结构和焊接部分可能出现的裂缝问题。,正确,1.0,1359.72,语义RAG,1.0,1.0,0,1.0,6,,,,,,,,是/否判断,7,
309,1809,Full-M1去除CSV直答模块,M1 CSV直答模块,模块专项测试,module_m4_bool_2,module_m4_adjudication,M4_证据裁决,是/否判断、证据是否存在、正负断言与裁决。,困难,失效模式“Cracks”的后果是不是“Potential collapse”？,是,失效模式是：Cracks；项目/功能是：Tower / Tower (TO) / Primary steelwork；失效后果是：Potential collapse。,正确,1.0,58.61,语义RAG,0.6667,0.6667,0,0.6667,6,,,,,,,,是/否判断,8,
310,1810,Full-M1去除CSV直答模块,M1 CSV直答模块,模块专项测试,module_m4_bool_3,module_m4_adjudication,M4_证据裁决,是/否判断、证据是否存在、正负断言与裁决。,困难,FMEA编号“TO10”是不是属于项目/功能“Transition piece / Transition Piece (TP) / Primary stucture”？,否,否，FMEA编号“TO10”属于项目/功能“Tower / Tower (TO) / Primary steelwork”。,正确,1.0,1431.52,语义RAG,0.5,0.5,0,0.5,6,,,,,,,,是/否判断,9,
311,1811,Full-M1去除CSV直答模块,M1 CSV直答模块,模块专项测试,module_m4_bool_4,module_m4_adjudication,M4_证据裁决,是/否判断、证据是否存在、正负断言与裁决。,困难,项目/功能“Tower / Tower (TO) / Welding”里有没有“Watertight fault [1]”这个问题？,否,没有。上下文中的“Watertight fault [1]”问题出现在“Floating support structure / Floating Support structure / Secondary structure & Welding”位置，而不是“Tower / Tower (TO) / Welding”。,正确,1.0,1026.38,语义RAG,0.1667,0.1667,0,0.1667,6,,,,,,,,是/否判断,10,
312,1812,Full-M1去除CSV直答模块,M1 CSV直答模块,模块专项测试,module_m4_bool_5,module_m4_adjudication,M4_证据裁决,是/否判断、证据是否存在、正负断言与裁决。,困难,这条记录的现行预防控制是不是空的？,是,失效模式是：Additional Structures Failures；项目/功能是：Floating support structure / Floating Support structure / Secondary structure；建议措施是：-。,正确,1.0,65.55,语义RAG,0.0,0.0,0,0.0,6,,,,,,,,是/否判断,11,
313,1813,Full-M1去除CSV直答模块,M1 CSV直答模块,模块专项测试,module_m4_bool_0,module_m4_adjudication,M4_证据裁决,是/否判断、证据是否存在、正负断言与裁决。,困难,FMEA编号“FF2”是不是有写建议措施？,是,否。FMEA编号“FF2”的建议措施字段为空，即没有写明具体的建议措施。,错误,0.0,1230.11,语义RAG,0.5,0.5,0,0.5,6,是/否判断,,,,,,,是/否判断,46,
314,1814,Full-M1去除CSV直答模块,M1 CSV直答模块,模块专项测试,module_m4_bool_1,module_m4_adjudication,M4_证据裁决,是/否判断、证据是否存在、正负断言与裁决。,困难,项目/功能“Tower / Tower (TO) / Primary steelwork”里有没有“Cracks”这个问题？,是,有。项目/功能“Tower / Tower (TO) / Primary steelwork”中存在“Cracks”这一失效模式。,正确,1.0,885.03,语义RAG,1.0,1.0,0,1.0,6,,,,,,,,是/否判断,13,
315,1815,Full-M1去除CSV直答模块,M1 CSV直答模块,模块专项测试,module_m4_bool_2,module_m4_adjudication,M4_证据裁决,是/否判断、证据是否存在、正负断言与裁决。,困难,失效模式“Cracks”的后果是不是“Potential collapse”？,是,失效模式是：Cracks；项目/功能是：Tower / Tower (TO) / Primary steelwork；失效后果是：Potential collapse。,正确,1.0,61.78,语义RAG,0.6667,0.6667,0,0.6667,6,,,,,,,,是/否判断,14,
316,1816,Full-M1去除CSV直答模块,M1 CSV直答模块,模块专项测试,module_m4_bool_3,module_m4_adjudication,M4_证据裁决,是/否判断、证据是否存在、正负断言与裁决。,困难,FMEA编号“TO16”是不是属于项目/功能“Transition piece / Transition Piece (TP) / Primary structure & welding”？,否,不是。FMEA编号“TO16”属于项目/功能“Tower / Tower (TO) / Primary steelwork”。,正确,1.0,884.6,语义RAG,0.8333,0.8333,0,0.8333,6,,,,,,,,是/否判断,15,
317,1817,Full-M1去除CSV直答模块,M1 CSV直答模块,模块专项测试,module_m4_bool_4,module_m4_adjudication,M4_证据裁决,是/否判断、证据是否存在、正负断言与裁决。,困难,"项目/功能“Tower / Tower (TO) / Primary steelwork”里有没有“Fairlead failure [1], [17]”这个问题？",否,"没有。上下文中的失效模式都与“Cracks”、“Tower collapse”等有关，没有提到“Fairlead failure [1, 17]”。",正确,1.0,917.95,语义RAG,1.0,1.0,0,1.0,6,,,,,,,,是/否判断,16,
318,1818,Full-M1去除CSV直答模块,M1 CSV直答模块,模块专项测试,module_m4_bool_5,module_m4_adjudication,M4_证据裁决,是/否判断、证据是否存在、正负断言与裁决。,困难,这条记录的现行预防控制是不是空的？,是,失效模式是：Additional Structures Failures；项目/功能是：Floating support structure / Floating Support structure / Secondary structure；建议措施是：-。,正确,1.0,48.13,语义RAG,0.0,0.0,0,0.0,6,,,,,,,,是/否判断,17,
319,1819,Full-M1去除CSV直答模块,M1 CSV直答模块,模块专项测试,module_m4_bool_0,module_m4_adjudication,M4_证据裁决,是/否判断、证据是否存在、正负断言与裁决。,困难,FMEA编号“FF24”是不是有写建议措施？,是,"失效模式是：Structural break [11]；项目/功能是：Floating support structure / Floating Support structure / Primary structure & Welding；建议措施是：Operational limits: weather windows, alarm thresholds for motions; Other- Specify; Expanded design load cases (including typhoon/hurricane scenarios); Better understanding of temperature ranges。",正确,1.0,63.75,语义RAG,0.3333,0.3333,0,0.3333,6,,,,,,,,是/否判断,68,
320,1820,Full-M1去除CSV直答模块,M1 CSV直答模块,模块专项测试,module_m4_bool_1,module_m4_adjudication,M4_证据裁决,是/否判断、证据是否存在、正负断言与裁决。,困难,项目/功能“Tower / Tower (TO) / Primary steelwork”里有没有“Cracks”这个问题？,是,是的，项目/功能“Tower / Tower (TO) / Primary steelwork”中存在“Cracks”这个问题。根据上下文中的多个FMEA编号记录显示，“Cracks”都是在该位置发生的失效模式。,正确,1.0,1045.87,语义RAG,1.0,1.0,0,1.0,6,,,,,,,,是/否判断,19,
321,1821,Full-M1去除CSV直答模块,M1 CSV直答模块,模块专项测试,module_m4_bool_2,module_m4_adjudication,M4_证据裁决,是/否判断、证据是否存在、正负断言与裁决。,困难,失效模式“Cracks”的后果是不是“Failure of whole facility and vast economic loses”？,是,失效模式是：Cracks；项目/功能是：Tower / Tower (TO) / Primary steelwork；失效后果是：Failure of whole facility and vast economic loses。,正确,1.0,51.37,语义RAG,0.5,0.5,0,0.5,6,,,,,,,,是/否判断,20,
322,1822,Full-M1去除CSV直答模块,M1 CSV直答模块,模块专项测试,module_m4_bool_3,module_m4_adjudication,M4_证据裁决,是/否判断、证据是否存在、正负断言与裁决。,困难,FMEA编号“TO22”是不是属于项目/功能“Transition piece / Transition Piece (TP) / Primary structure & welding”？,否,不是。FMEA编号“TO22”属于项目/功能“Tower / Tower (TO) / Primary steelwork”。,正确,1.0,881.95,语义RAG,0.8333,0.8333,0,0.8333,6,,,,,,,,是/否判断,21,
323,1823,Full-M1去除CSV直答模块,M1 CSV直答模块,模块专项测试,module_m4_bool_4,module_m4_adjudication,M4_证据裁决,是/否判断、证据是否存在、正负断言与裁决。,困难,项目/功能“Tower / Tower (TO) / Primary steelwork”里有没有“Mooring Line Fatigue [1]”这个问题？,否,没有。上下文中的失效模式都为“Cracks”或“Abnormal vibration”，没有提到“Mooring Line Fatigue [1]”。,正确,1.0,905.92,语义RAG,1.0,1.0,0,1.0,6,,,,,,,,是/否判断,22,
324,1824,Full-M1去除CSV直答模块,M1 CSV直答模块,模块专项测试,module_m4_bool_5,module_m4_adjudication,M4_证据裁决,是/否判断、证据是否存在、正负断言与裁决。,困难,这条记录的现行预防控制是不是空的？,是,失效模式是：Additional Structures Failures；项目/功能是：Floating support structure / Floating Support structure / Secondary structure；建议措施是：-。,正确,1.0,76.04,语义RAG,0.0,0.0,0,0.0,6,,,,,,,,是/否判断,23,
325,1825,Full-M1去除CSV直答模块,M1 CSV直答模块,模块专项测试,module_m4_bool_0,module_m4_adjudication,M4_证据裁决,是/否判断、证据是否存在、正负断言与裁决。,困难,FMEA编号“SKS2”是不是有写建议措施？,是,"失效模式是：Anchor failure [1], [17]；项目/功能是：Station keeping / Anchor (AC)；建议措施是：Continuous tension and vibration monitoring; thresholds for intervention; Procedural controls: load management, operational envelopes; Better design by expanded load case matrix including more failure modes; -。",正确,1.0,63.15,语义RAG,0.3333,0.3333,0,0.3333,6,,,,,,,,是/否判断,76,
326,1826,Full-M1去除CSV直答模块,M1 CSV直答模块,模块专项测试,module_m4_bool_1,module_m4_adjudication,M4_证据裁决,是/否判断、证据是否存在、正负断言与裁决。,困难,项目/功能“Transition piece / Transition Piece (TP) / Primary structure”里有没有“Transition piece break”这个问题？,是,有。在项目/功能“Transition piece / Transition Piece (TP) / Primary structure”中存在“Transition piece break”这个失效模式，涉及多个FMEA编号：TP2、TP17、TP1和TP16。,正确,1.0,1094.71,语义RAG,1.0,1.0,0,1.0,6,,,,,,,,是/否判断,25,
327,1827,Full-M1去除CSV直答模块,M1 CSV直答模块,模块专项测试,module_m4_bool_2,module_m4_adjudication,M4_证据裁决,是/否判断、证据是否存在、正负断言与裁决。,困难,失效模式“Structural plastic deformation”的后果是不是“Local stress accumulation”？,是,是的，失效模式“Structural plastic deformation”的后果是“Local stress accumulation”。,正确,1.0,784.39,语义RAG,0.8333,0.8333,0,0.8333,6,,,,,,,,是/否判断,26,
328,1828,Full-M1去除CSV直答模块,M1 CSV直答模块,模块专项测试,module_m4_bool_3,module_m4_adjudication,M4_证据裁决,是/否判断、证据是否存在、正负断言与裁决。,困难,FMEA编号“TP4”是不是属于项目/功能“Transition piece / Transition Piece (TP) / Welding”？,否,是的，FMEA编号“TP4”属于项目/功能“Transition piece / Transition Piece (TP) / Welding”。,错误,0.0,911.31,语义RAG,0.6667,0.6667,0,0.6667,6,是/否判断,,,,,,,是/否判断,27,
329,1829,Full-M1去除CSV直答模块,M1 CSV直答模块,模块专项测试,module_m4_bool_4,module_m4_adjudication,M4_证据裁决,是/否判断、证据是否存在、正负断言与裁决。,困难,项目/功能“Transition piece / Transition Piece (TP) / Primary structure & welding”里有没有“Cable Damage”这个问题？,否,没有。上下文中的“Transition piece / Transition Piece (TP) / Primary structure & welding”相关的失效模式都是关于裂缝（Cracks），没有提到电缆损伤（Cable Damage）。,正确,1.0,959.42,语义RAG,0.8333,0.8333,0,0.8333,6,,,,,,,,是/否判断,28,
330,1830,Full-M1去除CSV直答模块,M1 CSV直答模块,模块专项测试,module_m4_bool_5,module_m4_adjudication,M4_证据裁决,是/否判断、证据是否存在、正负断言与裁决。,困难,这条记录的现行预防控制是不是空的？,是,失效模式是：Additional Structures Failures；项目/功能是：Floating support structure / Floating Support structure / Secondary structure；建议措施是：-。,正确,1.0,67.0,语义RAG,0.0,0.0,0,0.0,6,,,,,,,,是/否判断,29,
331,1831,Full-M1去除CSV直答模块,M1 CSV直答模块,模块专项测试,module_m4_bool_0,module_m4_adjudication,M4_证据裁决,是/否判断、证据是否存在、正负断言与裁决。,困难,FMEA编号“SKS11”是不是有写建议措施？,是,失效模式是：Mooring Line Corrosion [1]；项目/功能是：Station keeping / Mooring Lines (ML) / Mooring lines；建议措施是：Continuous tension and vibration monitoring; thresholds for intervention; Optimized chain/wire/rope selection and fatigue margins (design); -。,正确,1.0,57.64,语义RAG,0.3333,0.3333,0,0.3333,6,,,,,,,,是/否判断,85,
332,1832,Full-M1去除CSV直答模块,M1 CSV直答模块,模块专项测试,module_m4_bool_1,module_m4_adjudication,M4_证据裁决,是/否判断、证据是否存在、正负断言与裁决。,困难,项目/功能“Transition piece / Transition Piece (TP) / Primary structure”里有没有“Cracks”这个问题？,是,是的，项目/功能“Transition piece / Transition Piece (TP) / Primary structure”中存在“Cracks”这个失效模式。多个条目显示在该位置发生了裂缝问题，包括编号 TP8、TP14、TP15 和 TP4 的 FMEA 条目都提到了 Cracks 作为失效模式。,正确,1.0,1237.13,语义RAG,1.0,1.0,0,1.0,6,,,,,,,,是/否判断,31,
333,1833,Full-M1去除CSV直答模块,M1 CSV直答模块,模块专项测试,module_m4_bool_2,module_m4_adjudication,M4_证据裁决,是/否判断、证据是否存在、正负断言与裁决。,困难,失效模式“Cracks”的后果是不是“Tower transition piece connections failure/ displacement variations between tower end”？,是,失效模式是：Cracks；项目/功能是：Transition piece / Transition Piece (TP) / Primary structure & welding；失效后果是：Tower transition piece connections failure/ displacement variations between tower end。,正确,1.0,59.06,语义RAG,0.5,0.5,0,0.5,6,,,,,,,,是/否判断,32,
334,1834,Full-M1去除CSV直答模块,M1 CSV直答模块,模块专项测试,module_m4_bool_3,module_m4_adjudication,M4_证据裁决,是/否判断、证据是否存在、正负断言与裁决。,困难,FMEA编号“TP10”是不是属于项目/功能“Floating support structure / Floating Support structure / Secondary structure”？,否,不是。FMEA编号“TP10”属于项目/功能“Transition piece / Transition Piece (TP) / Welding”。,正确,1.0,907.62,语义RAG,0.6667,0.6667,0,0.6667,6,,,,,,,,是/否判断,33,
335,1835,Full-M1去除CSV直答模块,M1 CSV直答模块,模块专项测试,module_m4_bool_4,module_m4_adjudication,M4_证据裁决,是/否判断、证据是否存在、正负断言与裁决。,困难,项目/功能“Transition piece / Transition Piece (TP) / Primary structure & welding”里有没有“Failure of end termination [6]”这个问题？,否,没有。上下文中的“Transition piece / Transition Piece (TP) / Primary structure & welding”相关的失效模式都是“Cracks”，并没有提到“Failure of end termination”。,正确,1.0,965.97,语义RAG,0.6667,0.6667,0,0.6667,6,,,,,,,,是/否判断,34,
336,1836,Full-M1去除CSV直答模块,M1 CSV直答模块,模块专项测试,module_m4_bool_5,module_m4_adjudication,M4_证据裁决,是/否判断、证据是否存在、正负断言与裁决。,困难,这条记录的现行预防控制是不是空的？,是,失效模式是：Additional Structures Failures；项目/功能是：Floating support structure / Floating Support structure / Secondary structure；建议措施是：-。,正确,1.0,65.07,语义RAG,0.0,0.0,0,0.0,6,,,,,,,,是/否判断,35,
337,1837,Full-M1去除CSV直答模块,M1 CSV直答模块,模块专项测试,module_m4_bool_0,module_m4_adjudication,M4_证据裁决,是/否判断、证据是否存在、正负断言与裁决。,困难,FMEA编号“SKS22”是不是有写建议措施？,是,"失效模式是：Mooring winch failure [1]；项目/功能是：Station keeping / Mooring lines (ML) / Mooring winch；建议措施是：Continuous tension and vibration monitoring; thresholds for intervention; Procedural controls: load management, operational envelopes; -。",正确,1.0,53.8,语义RAG,0.3333,0.3333,0,0.3333,6,,,,,,,,是/否判断,96,
338,1838,Full-M1去除CSV直答模块,M1 CSV直答模块,模块专项测试,module_m4_bool_1,module_m4_adjudication,M4_证据裁决,是/否判断、证据是否存在、正负断言与裁决。,困难,项目/功能“Transition piece / Transition Piece (TP) / Primary structure & welding”里有没有“Cracks”这个问题？,是,有。在“Transition piece / Transition Piece (TP) / Primary structure & welding”这个项目/功能中，存在失效模式为“Cracks”的问题。具体包括编号为 TP18、TP4、TP15 和 TP14 的条目。,正确,1.0,1042.4,语义RAG,1.0,1.0,0,1.0,6,,,,,,,,是/否判断,37,
339,1839,Full-M1去除CSV直答模块,M1 CSV直答模块,模块专项测试,module_m4_bool_2,module_m4_adjudication,M4_证据裁决,是/否判断、证据是否存在、正负断言与裁决。,困难,失效模式“Cracks”的后果是不是“Tower transition piece connections failure/ displacement variations between tower end”？,是,失效模式是：Cracks；项目/功能是：Transition piece / Transition Piece (TP) / Primary structure & welding；失效后果是：Tower transition piece connections failure/ displacement variations between tower end。,正确,1.0,62.74,语义RAG,0.5,0.5,0,0.5,6,,,,,,,,是/否判断,38,
340,1840,Full-M1去除CSV直答模块,M1 CSV直答模块,模块专项测试,module_m4_bool_3,module_m4_adjudication,M4_证据裁决,是/否判断、证据是否存在、正负断言与裁决。,困难,FMEA编号“TP16”是不是属于项目/功能“Floating support structure / Floating Support structure / Secondary structure”？,否,不是。FMEA编号“TP16”的项目/功能是“Transition piece / Transition Piece (TP) / Primary structure & welding”。,正确,1.0,893.54,语义RAG,0.5,0.5,0,0.5,6,,,,,,,,是/否判断,39,
341,1841,Full-M1去除CSV直答模块,M1 CSV直答模块,模块专项测试,module_m4_bool_4,module_m4_adjudication,M4_证据裁决,是/否判断、证据是否存在、正负断言与裁决。,困难,项目/功能“Transition piece / Transition Piece (TP) / Primary structure & welding”里有没有“Fatigue Cracks”这个问题？,否,"是的，""Transition piece / Transition Piece (TP) / Primary structure & welding"" 项目/功能中存在 ""Fatigue Cracks"" 这个问题。根据上下文中的多个 FMEA 编号记录显示，疲劳裂纹（Fatigue Cracks）是该区域的主要失效模式之一。",错误,0.0,1175.15,语义RAG,0.8333,0.8333,0,0.8333,6,是/否判断,,,,,,,是/否判断,40,
342,1842,Full-M1去除CSV直答模块,M1 CSV直答模块,模块专项测试,module_m4_bool_5,module_m4_adjudication,M4_证据裁决,是/否判断、证据是否存在、正负断言与裁决。,困难,这条记录的现行预防控制是不是空的？,是,失效模式是：Additional Structures Failures；项目/功能是：Floating support structure / Floating Support structure / Secondary structure；建议措施是：-。,正确,1.0,58.78,语义RAG,0.0,0.0,0,0.0,6,,,,,,,,是/否判断,41,
343,1843,Full-M1去除CSV直答模块,M1 CSV直答模块,模块专项测试,module_m4_bool_0,module_m4_adjudication,M4_证据裁决,是/否判断、证据是否存在、正负断言与裁决。,困难,FMEA编号“DC11”是不是有写建议措施？,是,否。,错误,0.0,640.4,语义RAG,0.3333,0.3333,0,0.3333,6,是/否判断,,,,,,,是/否判断,107,
344,1844,Full-M1去除CSV直答模块,M1 CSV直答模块,模块专项测试,module_m4_bool_1,module_m4_adjudication,M4_证据裁决,是/否判断、证据是否存在、正负断言与裁决。,困难,项目/功能“Transition piece / Transition Piece (TP) / Welding”里有没有“Cracks”这个问题？,是,有。在项目/功能“Transition piece / Transition Piece (TP) / Welding”中存在“Cracks”这个失效模式，相关证据包括编号 TP13、TP14 和 TP18 的记录。,正确,1.0,1052.35,语义RAG,0.8333,0.8333,0,0.8333,6,,,,,,,,是/否判断,43,
345,1845,Full-M1去除CSV直答模块,M1 CSV直答模块,模块专项测试,module_m4_bool_2,module_m4_adjudication,M4_证据裁决,是/否判断、证据是否存在、正负断言与裁决。,困难,失效模式“Cracks”的后果是不是“Tower transition piece connections failure”？,是,失效模式是：Cracks；项目/功能是：Transition piece / Transition Piece (TP) / Welding；失效后果是：Tower transition piece connections failure。,正确,1.0,59.52,语义RAG,1.0,1.0,0,1.0,6,,,,,,,,是/否判断,44,
346,1846,Full-M1去除CSV直答模块,M1 CSV直答模块,模块专项测试,module_m4_bool_3,module_m4_adjudication,M4_证据裁决,是/否判断、证据是否存在、正负断言与裁决。,困难,FMEA编号“FF1”是不是属于项目/功能“Floating support structure / Floating Support structure / Primary structure & Welding”？,否,不是。FMEA编号“FF1”对应的项目/功能是“Floating support structure / Floating Support structure / All structures”，而不是“Primary structure & Welding”。,正确,1.0,910.87,语义RAG,0.5,0.5,0,0.5,6,,,,,,,,是/否判断,45,
347,1847,Full-M1去除CSV直答模块,M1 CSV直答模块,模块专项测试,module_m4_bool_4,module_m4_adjudication,M4_证据裁决,是/否判断、证据是否存在、正负断言与裁决。,困难,项目/功能“Floating support structure / Floating Support structure / Primary structure”里有没有“Movement of CPS due to scour/seabed mobility [6]”这个问题？,否,没有。在给定的上下文中，“Movement of CPS due to scour/seabed mobility [6]”这个失效模式与“Floating support structure / Floating Support structure / Primary structure”项目/功能无关，该失效模式属于“Dynamic cable / Dynamic Cable / Cable Protection System (CPS)”项目/功能。,正确,1.0,1672.66,语义RAG,0.6667,0.6667,0,0.6667,6,,,,,,,,是/否判断,46,
348,1848,Full-M1去除CSV直答模块,M1 CSV直答模块,模块专项测试,module_m4_bool_5,module_m4_adjudication,M4_证据裁决,是/否判断、证据是否存在、正负断言与裁决。,困难,这条记录的现行预防控制是不是空的？,是,失效模式是：Additional Structures Failures；项目/功能是：Floating support structure / Floating Support structure / Secondary structure；建议措施是：-。,正确,1.0,66.06,语义RAG,0.0,0.0,0,0.0,6,,,,,,,,是/否判断,47,
349,1849,Full-M1去除CSV直答模块,M1 CSV直答模块,模块专项测试,module_m4_bool_0,module_m4_adjudication,M4_证据裁决,是/否判断、证据是否存在、正负断言与裁决。,困难,FMEA编号“DC26”是不是有写建议措施？,是,是的，FMEA编号“DC26”的建议措施为：Burial/trenching optimization; scour mitigation; as-built metrology; -。,正确,1.0,899.18,语义RAG,0.5,0.5,0,0.5,6,,,,,,,,是/否判断,122,
350,1850,Full-M1去除CSV直答模块,M1 CSV直答模块,模块专项测试,module_m4_bool_1,module_m4_adjudication,M4_证据裁决,是/否判断、证据是否存在、正负断言与裁决。,困难,项目/功能“Floating support structure / Floating Support structure / All structures”里有没有“Structural break [11]”这个问题？,是,是的，项目/功能“Floating support structure / Floating Support structure / All structures”里有“Structural break [11]”这个问题。,正确,1.0,940.3,语义RAG,0.3333,0.3333,0,0.3333,6,,,,,,,,是/否判断,49,
351,1851,Full-M1去除CSV直答模块,M1 CSV直答模块,模块专项测试,module_m4_bool_2,module_m4_adjudication,M4_证据裁决,是/否判断、证据是否存在、正负断言与裁决。,困难,失效模式“Additional Structures Failures”的后果是不是“Potential failure”？,是,失效模式是：Additional Structures Failures；项目/功能是：Floating support structure / Floating Support structure / Secondary structure；失效后果是：Potential failure of landing platform。,正确,1.0,67.74,语义RAG,0.5,0.5,0,0.5,6,,,,,,,,是/否判断,50,
352,1852,Full-M1去除CSV直答模块,M1 CSV直答模块,模块专项测试,module_m4_bool_3,module_m4_adjudication,M4_证据裁决,是/否判断、证据是否存在、正负断言与裁决。,困难,FMEA编号“FF7”是不是属于项目/功能“Floating support structure / Floating Support structure / Primary structure & Welding”？,否,不是。FMEA编号“FF7”的项目/功能是“Floating support structure / Floating Support structure / Primary Structure”。,正确,1.0,808.2,语义RAG,0.3333,0.3333,0,0.3333,6,,,,,,,,是/否判断,51,
353,1853,Full-M1去除CSV直答模块,M1 CSV直答模块,模块专项测试,module_m4_bool_4,module_m4_adjudication,M4_证据裁决,是/否判断、证据是否存在、正负断言与裁决。,困难,项目/功能“Floating support structure / Floating Support structure / Primary structure & Welding”里有没有“Plastic deformation”这个问题？,否,没有。在给定的上下文中，没有找到与“Floating support structure / Floating Support structure / Primary structure & Welding”这个项目/功能相关的失效模式为“Plastic deformation”的记录。最接近的是编号FF15中的结构塑性变形（Structural plastic deformation），但其具体位置是浮动支撑结构（Floating support structure），而不是题目中指定的Primary structure & Welding。,正确,1.0,1372.68,语义RAG,0.8333,0.8333,0,0.8333,6,,,,,,,,是/否判断,52,
354,1854,Full-M1去除CSV直答模块,M1 CSV直答模块,模块专项测试,module_m4_bool_5,module_m4_adjudication,M4_证据裁决,是/否判断、证据是否存在、正负断言与裁决。,困难,这条记录的现行预防控制是不是空的？,是,失效模式是：Additional Structures Failures；项目/功能是：Floating support structure / Floating Support structure / Secondary structure；建议措施是：-。,正确,1.0,63.81,语义RAG,0.0,0.0,0,0.0,6,,,,,,,,是/否判断,53,
355,1855,Full-M1去除CSV直答模块,M1 CSV直答模块,模块专项测试,module_m4_bool_0,module_m4_adjudication,M4_证据裁决,是/否判断、证据是否存在、正负断言与裁决。,困难,FMEA编号“TO7”是不是有写建议措施？,是,"失效模式是：Cracks；项目/功能是：Tower / Tower (TO) / Primary steelwork；建议措施是：Weld detail optimization and hotspot redesign; Enhanced SHM: acoustic emission, strain gauges, modal monitoring; Thicker shell sections / local reinforcement; High-fidelity coupled aero-hydro-elastic simulation in design updates。",正确,1.0,54.73,语义RAG,0.1667,0.1667,0,0.1667,6,,,,,,,,是/否判断,6,
356,1856,Full-M1去除CSV直答模块,M1 CSV直答模块,模块专项测试,module_m4_bool_1,module_m4_adjudication,M4_证据裁决,是/否判断、证据是否存在、正负断言与裁决。,困难,项目/功能“Floating support structure / Floating Support structure / Secondary structure”里有没有“Additional Structures Failures”这个问题？,是,没有。上下文中的“Floating support structure / Floating Support structure / Secondary structure”相关的失效模式为“Floater unit sinkage”，并没有提到“Additional Structures Failures”。,错误,0.0,920.56,语义RAG,0.3333,0.3333,0,0.3333,6,是/否判断,,,,,,,是/否判断,55,
357,1857,Full-M1去除CSV直答模块,M1 CSV直答模块,模块专项测试,module_m4_bool_2,module_m4_adjudication,M4_证据裁决,是/否判断、证据是否存在、正负断言与裁决。,困难,失效模式“Additional Structures Failures”的后果是不是“Potential failure of landing platform”？,是,失效模式是：Additional Structures Failures；项目/功能是：Floating support structure / Floating Support structure / Secondary structure；失效后果是：Potential failure of landing platform。,正确,1.0,54.67,语义RAG,0.5,0.5,0,0.5,6,,,,,,,,是/否判断,56,
358,1858,Full-M1去除CSV直答模块,M1 CSV直答模块,模块专项测试,module_m4_bool_3,module_m4_adjudication,M4_证据裁决,是/否判断、证据是否存在、正负断言与裁决。,困难,FMEA编号“FF13”是不是属于项目/功能“Floating support structure / Floating Support structure / Welding”？,否,不是。FMEA编号“FF13”属于项目/功能“Floating support structure / Floating Support structure / Secondary structure”。,正确,1.0,827.43,语义RAG,0.1667,0.1667,0,0.1667,6,,,,,,,,是/否判断,57,
359,1859,Full-M1去除CSV直答模块,M1 CSV直答模块,模块专项测试,module_m4_bool_4,module_m4_adjudication,M4_证据裁决,是/否判断、证据是否存在、正负断言与裁决。,困难,"项目/功能“Floating support structure / Floating Support structure / Secondary structure”里有没有“Hit by dropped objects [1,9]”这个问题？",否,"是的，“Floating support structure / Floating Support structure / Secondary structure”中存在“Hit by dropped objects [1,9]”这个问题。相关证据包括编号FF26和FF20，它们的风险优先数分别为25和31.75。",错误,0.0,1106.8,语义RAG,0.8333,0.8333,0,0.8333,6,是/否判断,,,,,,,是/否判断,58,
360,1860,Full-M1去除CSV直答模块,M1 CSV直答模块,模块专项测试,module_m4_bool_5,module_m4_adjudication,M4_证据裁决,是/否判断、证据是否存在、正负断言与裁决。,困难,这条记录的现行预防控制是不是空的？,是,失效模式是：Additional Structures Failures；项目/功能是：Floating support structure / Floating Support structure / Secondary structure；建议措施是：-。,正确,1.0,65.99,语义RAG,0.0,0.0,0,0.0,6,,,,,,,,是/否判断,59,
361,1861,Full-M1去除CSV直答模块,M1 CSV直答模块,模块专项测试,module_m4_bool_0,module_m4_adjudication,M4_证据裁决,是/否判断、证据是否存在、正负断言与裁决。,困难,FMEA编号“TP9”是不是有写建议措施？,是,失效模式是：Cracks；项目/功能是：Transition piece / Transition Piece (TP) / Primary structure & welding；建议措施是：Design requalification for extreme storms (updated metocean; load cases); High-fidelity coupled aero-hydro-elastic simulation in design updates。,正确,1.0,58.1,语义RAG,0.5,0.5,0,0.5,6,,,,,,,,是/否判断,32,
362,1862,Full-M1去除CSV直答模块,M1 CSV直答模块,模块专项测试,module_m4_bool_1,module_m4_adjudication,M4_证据裁决,是/否判断、证据是否存在、正负断言与裁决。,困难,项目/功能“Floating support structure / Floating Support structure / Secondary structure”里有没有“Additional Structures Failures”这个问题？,是,没有。上下文中的“Floating support structure / Floating Support structure / Secondary structure”相关的失效模式是“Floater unit sinkage”，而不是“Additional Structures Failures”。,错误,0.0,846.49,语义RAG,0.3333,0.3333,0,0.3333,6,是/否判断,,,,,,,是/否判断,61,
363,1863,Full-M1去除CSV直答模块,M1 CSV直答模块,模块专项测试,module_m4_bool_2,module_m4_adjudication,M4_证据裁决,是/否判断、证据是否存在、正负断言与裁决。,困难,"失效模式“Watertight fault [1]”的后果是不是“If these cracks propagate through the wall and lie under water or within the splash zone, then they constitute a risk to the watertightness.”？",是,"失效模式是：Watertight fault [1]；项目/功能是：Floating support structure / Floating Support structure / All structures；失效后果是：If these cracks propagate through the wall and lie under water or within the splash zone, then they constitute a risk to the watertightness.。",正确,1.0,62.26,语义RAG,0.1667,0.1667,0,0.1667,6,,,,,,,,是/否判断,62,
364,1864,Full-M1去除CSV直答模块,M1 CSV直答模块,模块专项测试,module_m4_bool_3,module_m4_adjudication,M4_证据裁决,是/否判断、证据是否存在、正负断言与裁决。,困难,FMEA编号“FF19”是不是属于项目/功能“Station keeping / Fairlead (FL)”？,否,不是。FMEA编号“FF19”属于项目/功能“Floating support structure / Floating Support structure / Secondary structure”。,正确,1.0,1298.14,语义RAG,0.5,0.5,0,0.5,6,,,,,,,,是/否判断,63,
365,1865,Full-M1去除CSV直答模块,M1 CSV直答模块,模块专项测试,module_m4_bool_4,module_m4_adjudication,M4_证据裁决,是/否判断、证据是否存在、正负断言与裁决。,困难,"项目/功能“Floating support structure / Floating Support structure / All structures”里有没有“Anchor failure [1], [17]”这个问题？",否,"没有。在提供的上下文中，“Anchor failure [1], [17]”出现在“Station keeping / Anchor (AC)”这个项目/功能中，而不是“Floating support structure / Floating Support structure / All structures”。",正确,1.0,1035.59,语义RAG,0.1667,0.1667,0,0.1667,6,,,,,,,,是/否判断,64,
366,1866,Full-M1去除CSV直答模块,M1 CSV直答模块,模块专项测试,module_m4_bool_5,module_m4_adjudication,M4_证据裁决,是/否判断、证据是否存在、正负断言与裁决。,困难,这条记录的现行预防控制是不是空的？,是,失效模式是：Additional Structures Failures；项目/功能是：Floating support structure / Floating Support structure / Secondary structure；建议措施是：-。,正确,1.0,63.35,语义RAG,0.0,0.0,0,0.0,6,,,,,,,,是/否判断,65,
367,1867,Full-M1去除CSV直答模块,M1 CSV直答模块,模块专项测试,module_m4_bool_0,module_m4_adjudication,M4_证据裁决,是/否判断、证据是否存在、正负断言与裁决。,困难,FMEA编号“FF6”是不是有写建议措施？,是,失效模式是：Additional Structures Failures；项目/功能是：Floating support structure / Floating Support structure / Secondary structure；建议措施是：Freeboard margin increase and water-tight compartmentalization; -; Expanded design load cases (including typhoon/hurricane scenarios); Improved cable mechnical design。,正确,1.0,54.4,语义RAG,0.1667,0.1667,0,0.1667,6,,,,,,,,是/否判断,50,
368,1868,Full-M1去除CSV直答模块,M1 CSV直答模块,模块专项测试,module_m4_bool_1,module_m4_adjudication,M4_证据裁决,是/否判断、证据是否存在、正负断言与裁决。,困难,项目/功能“Floating support structure / Floating Support structure / All structures”里有没有“Structural break [11]”这个问题？,是,是的，项目/功能“Floating support structure / Floating Support structure / All structures”里有“Structural break [11]”这个问题。,正确,1.0,935.91,语义RAG,0.3333,0.3333,0,0.3333,6,,,,,,,,是/否判断,67,
369,1869,Full-M1去除CSV直答模块,M1 CSV直答模块,模块专项测试,module_m4_bool_2,module_m4_adjudication,M4_证据裁决,是/否判断、证据是否存在、正负断言与裁决。,困难,失效模式“Structural break [11]”的后果是不是“Tower collapse”？,是,失效模式是：Structural break [11]；项目/功能是：Floating support structure / Floating Support structure / Primary structure & Welding；失效后果是：Tower collapse。,正确,1.0,51.79,语义RAG,0.3333,0.3333,0,0.3333,6,,,,,,,,是/否判断,68,
370,1870,Full-M1去除CSV直答模块,M1 CSV直答模块,模块专项测试,module_m4_bool_3,module_m4_adjudication,M4_证据裁决,是/否判断、证据是否存在、正负断言与裁决。,困难,FMEA编号“FF25”是不是属于项目/功能“Station keeping / Mooring Lines (ML) / Mooring lines”？,否,否。FMEA编号“FF25”属于项目/功能“Floating support structure / Floating Support structure / All structures”。,正确,1.0,1112.48,语义RAG,1.0,1.0,0,1.0,6,,,,,,,,是/否判断,69,
371,1871,Full-M1去除CSV直答模块,M1 CSV直答模块,模块专项测试,module_m4_bool_4,module_m4_adjudication,M4_证据裁决,是/否判断、证据是否存在、正负断言与裁决。,困难,项目/功能“Floating support structure / Floating Support structure / All structures”里有没有“Mooring line breakage [8]”这个问题？,否,没有。在给定的上下文中，“Floating support structure / Floating Support structure / All structures”这块地方并没有列出“Mooring line breakage [8]”这个失效模式。,正确,1.0,1007.81,语义RAG,0.6667,0.6667,0,0.6667,6,,,,,,,,是/否判断,70,
372,1872,Full-M1去除CSV直答模块,M1 CSV直答模块,模块专项测试,module_m4_bool_5,module_m4_adjudication,M4_证据裁决,是/否判断、证据是否存在、正负断言与裁决。,困难,这条记录的现行预防控制是不是空的？,是,失效模式是：Additional Structures Failures；项目/功能是：Floating support structure / Floating Support structure / Secondary structure；建议措施是：-。,正确,1.0,62.15,语义RAG,0.0,0.0,0,0.0,6,,,,,,,,是/否判断,71,
373,1873,Full-M1去除CSV直答模块,M1 CSV直答模块,模块专项测试,module_m4_bool_0,module_m4_adjudication,M4_证据裁决,是/否判断、证据是否存在、正负断言与裁决。,困难,FMEA编号“FF26”是不是有写建议措施？,是,"失效模式是：Hit by dropped objects [1,9]；项目/功能是：Floating support structure / Floating Support structure / All structures；建议措施是：Expanded design load cases (including typhoon/hurricane scenarios); High-fidelity coupled aero-hydro-elastic simulation in design updates; -。",正确,1.0,54.24,语义RAG,0.1667,0.1667,0,0.1667,6,,,,,,,,是/否判断,70,
374,1874,Full-M1去除CSV直答模块,M1 CSV直答模块,模块专项测试,module_m4_bool_1,module_m4_adjudication,M4_证据裁决,是/否判断、证据是否存在、正负断言与裁决。,困难,项目/功能“Floating support structure / Floating Support structure / Secondary structure & Welding”里有没有“Watertight fault [1]”这个问题？,是,有。项目/功能“Floating support structure / Floating Support structure / Secondary structure & Welding”里存在“Watertight fault [1]”这个失效模式。,正确,1.0,934.5,语义RAG,0.5,0.5,0,0.5,6,,,,,,,,是/否判断,73,
375,1875,Full-M1去除CSV直答模块,M1 CSV直答模块,模块专项测试,module_m4_bool_2,module_m4_adjudication,M4_证据裁决,是/否判断、证据是否存在、正负断言与裁决。,困难,失效模式“Cracks [11]”的后果是不是“Watertight fault”？,是,失效模式是：Cracks [11]；项目/功能是：Floating support structure / Floating Support structure / Welding；失效后果是：Watertight fault。,正确,1.0,68.66,语义RAG,0.6667,0.6667,0,0.6667,6,,,,,,,,是/否判断,74,
376,1876,Full-M1去除CSV直答模块,M1 CSV直答模块,模块专项测试,module_m4_bool_3,module_m4_adjudication,M4_证据裁决,是/否判断、证据是否存在、正负断言与裁决。,困难,FMEA编号“SKS1”是不是属于项目/功能“Station keeping / Mooring lines (ML) / Mooring lines”？,否,否，FMEA编号“SKS1”属于项目/功能“Station keeping / Anchor (AC)”而不是“Station keeping / Mooring lines (ML) / Mooring lines”。,正确,1.0,1141.28,语义RAG,1.0,1.0,0,1.0,6,,,,,,,,是/否判断,75,
377,1877,Full-M1去除CSV直答模块,M1 CSV直答模块,模块专项测试,module_m4_bool_4,module_m4_adjudication,M4_证据裁决,是/否判断、证据是否存在、正负断言与裁决。,困难,项目/功能“Station keeping / Anchor (AC)”里有没有“Mooring winch failure [1]”这个问题？,否,是的，项目/功能“Station keeping / Anchor (AC)”里有“Mooring winch failure [1]”这个问题。,错误,0.0,879.67,语义RAG,0.6667,0.6667,0,0.6667,6,是/否判断,,,,,,,是/否判断,76,
378,1878,Full-M1去除CSV直答模块,M1 CSV直答模块,模块专项测试,module_m4_bool_5,module_m4_adjudication,M4_证据裁决,是/否判断、证据是否存在、正负断言与裁决。,困难,这条记录的现行预防控制是不是空的？,是,失效模式是：Additional Structures Failures；项目/功能是：Floating support structure / Floating Support structure / Secondary structure；建议措施是：-。,正确,1.0,65.53,语义RAG,0.0,0.0,0,0.0,6,,,,,,,,是/否判断,77,
379,1879,Full-M1去除CSV直答模块,M1 CSV直答模块,模块专项测试,module_m4_bool_0,module_m4_adjudication,M4_证据裁决,是/否判断、证据是否存在、正负断言与裁决。,困难,FMEA编号“SKS6”是不是有写建议措施？,是,是的，FMEA编号“SKS6”的建议措施为：Cathodic protection and corrosion monitoring regimes。,正确,1.0,823.34,语义RAG,0.3333,0.3333,0,0.3333,6,,,,,,,,是/否判断,80,
380,1880,Full-M1去除CSV直答模块,M1 CSV直答模块,模块专项测试,module_m4_bool_1,module_m4_adjudication,M4_证据裁决,是/否判断、证据是否存在、正负断言与裁决。,困难,"项目/功能“Station keeping / Fairlead (FL)”里有没有“Fairlead failure [1], [17]”这个问题？",是,"是的，“Station keeping / Fairlead (FL)”这块地方存在“Fairlead failure [1], [17]”这个问题。",正确,1.0,909.47,语义RAG,0.1667,0.1667,0,0.1667,6,,,,,,,,是/否判断,79,
381,1881,Full-M1去除CSV直答模块,M1 CSV直答模块,模块专项测试,module_m4_bool_2,module_m4_adjudication,M4_证据裁决,是/否判断、证据是否存在、正负断言与裁决。,困难,"失效模式“Fairlead failure [1],[17]”的后果是不是“The anchor cannot be dropped and lift”？",是,"失效模式是：Fairlead failure [1],[17]；项目/功能是：Station keeping / Fairlead (FL)；失效后果是：The anchor cannot be dropped and lift。",正确,1.0,65.47,语义RAG,0.3333,0.3333,0,0.3333,6,,,,,,,,是/否判断,80,
382,1882,Full-M1去除CSV直答模块,M1 CSV直答模块,模块专项测试,module_m4_bool_3,module_m4_adjudication,M4_证据裁决,是/否判断、证据是否存在、正负断言与裁决。,困难,FMEA编号“SKS7”是不是属于项目/功能“Dynamic cable / Dynamic Cable / Dynamic Cable/”？,否,否。FMEA编号“SKS7”属于项目/功能“Station keeping / Monitoring System”。,正确,1.0,796.04,语义RAG,0.6667,0.6667,0,0.6667,6,,,,,,,,是/否判断,81,
383,1883,Full-M1去除CSV直答模块,M1 CSV直答模块,模块专项测试,module_m4_bool_4,module_m4_adjudication,M4_证据裁决,是/否判断、证据是否存在、正负断言与裁决。,困难,项目/功能“Station keeping / Mooring Lines (ML) / Mooring lines”里有没有“damage and corrosion of mechanical parts”这个问题？,否,没有。在项目/功能“Station keeping / Mooring Lines (ML) / Mooring lines”中，存在的问题是“Mooring Line Corrosion [1]”。,正确,1.0,1107.71,语义RAG,0.8333,0.8333,0,0.8333,6,,,,,,,,是/否判断,82,
384,1884,Full-M1去除CSV直答模块,M1 CSV直答模块,模块专项测试,module_m4_bool_5,module_m4_adjudication,M4_证据裁决,是/否判断、证据是否存在、正负断言与裁决。,困难,这条记录的现行预防控制是不是空的？,是,失效模式是：Additional Structures Failures；项目/功能是：Floating support structure / Floating Support structure / Secondary structure；建议措施是：-。,正确,1.0,63.32,语义RAG,0.0,0.0,0,0.0,6,,,,,,,,是/否判断,83,
385,1885,Full-M1去除CSV直答模块,M1 CSV直答模块,模块专项测试,module_m4_bool_0,module_m4_adjudication,M4_证据裁决,是/否判断、证据是否存在、正负断言与裁决。,困难,FMEA编号“SKS17”是不是有写建议措施？,是,"失效模式是：Mooring lines broken [1,3]；项目/功能是：Station keeping / Mooring lines (ML) / Mooring lines；建议措施是：ROV visual inspections; targeted maintenance on wear zones; Optimized chain/wire/rope selection and fatigue margins (design); Only chain and wire above MSL, keep fiber ropes wet; -。",正确,1.0,77.06,语义RAG,0.3333,0.3333,0,0.3333,6,,,,,,,,是/否判断,91,
386,1886,Full-M1去除CSV直答模块,M1 CSV直答模块,模块专项测试,module_m4_bool_1,module_m4_adjudication,M4_证据裁决,是/否判断、证据是否存在、正负断言与裁决。,困难,项目/功能“Station keeping / Mooring Lines (ML) / Mooring lines”里有没有“Mooring Line Corrosion [1]”这个问题？,是,有。在“Station keeping / Mooring Lines (ML) / Mooring lines”中存在“Mooring Line Corrosion [1]”这个问题，对应的FMEA编号为SKS11。,正确,1.0,1113.85,语义RAG,1.0,1.0,0,1.0,6,,,,,,,,是/否判断,85,
387,1887,Full-M1去除CSV直答模块,M1 CSV直答模块,模块专项测试,module_m4_bool_2,module_m4_adjudication,M4_证据裁决,是/否判断、证据是否存在、正负断言与裁决。,困难,失效模式“Mooring Line Fatigue [1]”的后果是不是“Mooring line strength decrease or broken”？,是,失效模式是：Mooring Line Fatigue [1]；项目/功能是：Station keeping / Mooring Lines (ML) / Mooring lines；失效后果是：Mooring line strength decrease or broken。,正确,1.0,63.29,语义RAG,1.0,1.0,0,1.0,6,,,,,,,,是/否判断,86,
388,1888,Full-M1去除CSV直答模块,M1 CSV直答模块,模块专项测试,module_m4_bool_3,module_m4_adjudication,M4_证据裁决,是/否判断、证据是否存在、正负断言与裁决。,困难,FMEA编号“SKS13”是不是属于项目/功能“Dynamic cable / Dynamic Cable / Dynamic Cable/”？,否,不是。FMEA编号“SKS13”属于项目/功能“Station keeping / Mooring Lines (ML) / Mooring lines”。,正确,1.0,930.74,语义RAG,0.6667,0.6667,0,0.6667,6,,,,,,,,是/否判断,87,
389,1889,Full-M1去除CSV直答模块,M1 CSV直答模块,模块专项测试,module_m4_bool_4,module_m4_adjudication,M4_证据裁决,是/否判断、证据是否存在、正负断言与裁决。,困难,项目/功能“Station keeping / Mooring Lines (ML) / Mooring lines”里有没有“Failure of sheath”这个问题？,否,没有。在“Station keeping / Mooring Lines (ML) / Mooring lines”这个项目/功能中，不存在“Failure of sheath”这个问题。,正确,1.0,1057.97,语义RAG,1.0,1.0,0,1.0,6,,,,,,,,是/否判断,88,
390,1890,Full-M1去除CSV直答模块,M1 CSV直答模块,模块专项测试,module_m4_bool_5,module_m4_adjudication,M4_证据裁决,是/否判断、证据是否存在、正负断言与裁决。,困难,这条记录的现行预防控制是不是空的？,是,失效模式是：Additional Structures Failures；项目/功能是：Floating support structure / Floating Support structure / Secondary structure；建议措施是：-。,正确,1.0,51.16,语义RAG,0.0,0.0,0,0.0,6,,,,,,,,是/否判断,89,
391,1891,Full-M1去除CSV直答模块,M1 CSV直答模块,模块专项测试,module_m4_bool_0,module_m4_adjudication,M4_证据裁决,是/否判断、证据是否存在、正负断言与裁决。,困难,FMEA编号“DC5”是不是有写建议措施？,是,失效模式是：Corrosion of J-tube [6]；项目/功能是：Dynamic cable / Dynamic Cable / J-tube；建议措施是：-; Cathodic protection; coating improvements。,正确,1.0,55.53,语义RAG,0.3333,0.3333,0,0.3333,6,,,,,,,,是/否判断,101,
392,1892,Full-M1去除CSV直答模块,M1 CSV直答模块,模块专项测试,module_m4_bool_1,module_m4_adjudication,M4_证据裁决,是/否判断、证据是否存在、正负断言与裁决。,困难,"项目/功能“Station keeping / Mooring lines (ML) / Mooring lines”里有没有“Mooring lines broken [1,3]”这个问题？",是,"有。项目/功能“Station keeping / Mooring lines (ML) / Mooring lines”中存在“Mooring lines broken [1,3]”这个问题，出现在FMEA编号SKS20和SKS18中的失效模式里。",正确,1.0,1118.12,语义RAG,1.0,1.0,0,1.0,6,,,,,,,,是/否判断,91,
393,1893,Full-M1去除CSV直答模块,M1 CSV直答模块,模块专项测试,module_m4_bool_2,module_m4_adjudication,M4_证据裁决,是/否判断、证据是否存在、正负断言与裁决。,困难,"失效模式“Mooring lines broken [1,3]”的后果是不是“Asset not in correct location or position”？",是,"失效模式是：Mooring lines broken [1,3]；项目/功能是：Station keeping / Mooring lines (ML) / Mooring lines；失效后果是：Asset not in correct location or position。",正确,1.0,63.73,语义RAG,0.6667,0.6667,0,0.6667,6,,,,,,,,是/否判断,92,
394,1894,Full-M1去除CSV直答模块,M1 CSV直答模块,模块专项测试,module_m4_bool_3,module_m4_adjudication,M4_证据裁决,是/否判断、证据是否存在、正负断言与裁决。,困难,FMEA编号“SKS19”是不是属于项目/功能“Dynamic cable / Dynamic Cable / Insulation”？,否,不是。FMEA编号“SKS19”的项目/功能是“Station keeping / Mooring lines (ML) / Mooring lines”。,正确,1.0,986.87,语义RAG,0.5,0.5,0,0.5,6,,,,,,,,是/否判断,93,
395,1895,Full-M1去除CSV直答模块,M1 CSV直答模块,模块专项测试,module_m4_bool_4,module_m4_adjudication,M4_证据裁决,是/否判断、证据是否存在、正负断言与裁决。,困难,项目/功能“Station keeping / Mooring lines (ML) / Mooring lines”里有没有“Loss of float bility (water adsorption)”这个问题？,否,没有。在“Station keeping / Mooring Lines (ML) / Mooring lines”这个项目/功能中，没有提到“Loss of float bility (water adsorption)”这个问题。,正确,1.0,1036.27,语义RAG,0.8333,0.8333,0,0.8333,6,,,,,,,,是/否判断,94,
396,1896,Full-M1去除CSV直答模块,M1 CSV直答模块,模块专项测试,module_m4_bool_5,module_m4_adjudication,M4_证据裁决,是/否判断、证据是否存在、正负断言与裁决。,困难,这条记录的现行预防控制是不是空的？,是,失效模式是：Additional Structures Failures；项目/功能是：Floating support structure / Floating Support structure / Secondary structure；建议措施是：-。,正确,1.0,50.16,语义RAG,0.0,0.0,0,0.0,6,,,,,,,,是/否判断,95,
397,1897,Full-M1去除CSV直答模块,M1 CSV直答模块,模块专项测试,module_m4_bool_0,module_m4_adjudication,M4_证据裁决,是/否判断、证据是否存在、正负断言与裁决。,困难,FMEA编号“DC17”是不是有写建议措施？,是,失效模式是：Failure of watertightness；项目/功能是：Dynamic cable / Dynamic Cable / Dynamic Cable/；建议措施是：Watertightness assurance: enhanced sealing tests; end termination QA; -。,正确,1.0,66.52,语义RAG,0.1667,0.1667,0,0.1667,6,,,,,,,,是/否判断,113,
398,1898,Full-M1去除CSV直答模块,M1 CSV直答模块,模块专项测试,module_m4_bool_1,module_m4_adjudication,M4_证据裁决,是/否判断、证据是否存在、正负断言与裁决。,困难,项目/功能“Dynamic cable / Dynamic Cable / Dynamic Cable/”里有没有“accelerated mechanical fatigue”这个问题？,是,是的，项目/功能“Dynamic cable / Dynamic Cable / Dynamic Cable/”中有“accelerated mechanical fatigue”这个问题。,正确,1.0,908.91,语义RAG,0.6667,0.6667,0,0.6667,6,,,,,,,,是/否判断,97,
399,1899,Full-M1去除CSV直答模块,M1 CSV直答模块,模块专项测试,module_m4_bool_2,module_m4_adjudication,M4_证据裁决,是/否判断、证据是否存在、正负断言与裁决。,困难,失效模式“anchoring damages”的后果是不是“Structural integrity damage - extra stress on cables”？,是,失效模式是：anchoring damages；项目/功能是：Dynamic cable / Dynamic Cable / Dynamic Cable/；失效后果是：Structural integrity damage - extra stress on cables。,正确,1.0,63.46,语义RAG,0.1667,0.1667,0,0.1667,6,,,,,,,,是/否判断,98,
400,1900,Full-M1去除CSV直答模块,M1 CSV直答模块,模块专项测试,module_m4_bool_3,module_m4_adjudication,M4_证据裁决,是/否判断、证据是否存在、正负断言与裁决。,困难,FMEA编号“DC3”是不是属于项目/功能“Dynamic cable / Dynamic Cable / Buoyancy modules”？,否,不是。FMEA编号“DC3”的项目/功能是“Dynamic cable / Dynamic Cable / Dynamic Cable”。,正确,1.0,885.54,语义RAG,0.5,0.5,0,0.5,6,,,,,,,,是/否判断,99,
