序号,全局序号,消融模型,去除模块,情景类别,题型,来源标签,模块标签,模块标签说明,难度,问题,参考答案,模型回答,是否正确,部分准确率,耗时毫秒,回答路径,上下文精确率,证据召回率,幻觉标记,多跳路径覆盖率,上下文条数,缺失文本项,缺失数值项,命中数值,无证据编号,无证据数值,标准文本项,标准数值项,预期字段,原始行号,错误信息
1,1,PureLLM表格上下文回答(qwen2.5:7b),无KG/RAG/数据库/确定性规则系统,风险影响评估类,project_avg_rpn,,M2_规则推理,规则推理,中等,项目/功能“动力电池”的平均RPN是多少？,平均RPN=133.00,"首先计算所有属于“动力电池”过程步骤的 RPN 值之和：

63 + 168 + 168 + 126 + 84 + 108 + 20 + 84 + 108 + 120 = 957

然后计算这些 RPN 值的数量，共有 10 个。

最后计算平均值：

957 / 10 = 95.7",错误,0.0,4139.62,纯LLM直答,1.0,0.0,1,,1,,133.0,,,957.0；957.0；95.7,,133.0,RPN,1,
2,2,PureLLM表格上下文回答(qwen2.5:7b),无KG/RAG/数据库/确定性规则系统,风险影响评估类,project_top_mode,,M2_规则推理,规则推理,中等,项目/功能“动力电池”里RPN最高的失效模式是什么？,单体电压过低；RPN=168.0,"LFP007,磷酸铁锂电池,DFMEA,绝缘注塑件,注塑件起火,安全事故,绝缘注塑件不阻燃,10,1,6,20,,,阻燃、绝缘试验,更换绝缘注塑件,,,,磷酸铁锂电池DFMEA,lfp_battery_dfmea,lfp_battery_dfmea_case,fmea_core_v1,Dfmea案例.xls,12,lfp_dfmea_20250416105822,更换绝缘注塑件",错误,0.0,1190.82,纯LLM直答,1.0,1.0,0,,1,单体电压过低,168.0,,,,单体电压过低,168.0,FailureMode；RPN,1,
3,3,PureLLM表格上下文回答(qwen2.5:7b),无KG/RAG/数据库/确定性规则系统,风险影响评估类,project_top_effect,,M2_规则推理,规则推理,中等,项目/功能“动力电池”里RPN最高的那条，它的后果是什么？,影响用户使用,项目/功能“动力电池”里RPN最高的那条是LFP007，其RPN值为20。它的后果是安全事故。,错误,0.0,478.06,纯LLM直答,1.0,1.0,0,1.0,1,影响用户使用,,,,,影响用户使用,,FailureEffect,1,
4,4,PureLLM表格上下文回答(qwen2.5:7b),无KG/RAG/数据库/确定性规则系统,故障原因诊断类,cause_code,,M1_编号直答,CSV直答,简单,FMEA编号“LFP001”这条的潜在失效原因/机理是什么？,1、电池组开路 2、未明确区分正负极 3、主电缆未连接、连接错误或器件损坏,1、电池组开路 2、未明确区分正负极 3、主电缆未连接、连接错误或器件损坏,正确,1.0,497.51,纯LLM直答,1.0,1.0,0,,1,,,1.0；2.0；3.0,,,1、电池组开路 2、未明确区分正负极 3、主电缆未连接、连接错误或器件损坏,,,0,
5,5,PureLLM表格上下文回答(qwen2.5:7b),无KG/RAG/数据库/确定性规则系统,风险影响评估类,effect_code,,M1_编号直答,CSV直答,简单,FMEA编号“LFP001”这条的潜在失效后果是什么？,电池组无法工作,电池组无法工作,正确,1.0,275.88,纯LLM直答,1.0,1.0,0,,1,,,,,,电池组无法工作,,,0,
6,6,PureLLM表格上下文回答(qwen2.5:7b),无KG/RAG/数据库/确定性规则系统,风险影响评估类,rpn_code,,M1_编号直答,CSV直答,简单,FMEA编号“LFP001”这条的RPN是多少？,RPN=63.0,RPN值是63。,正确,1.0,286.83,纯LLM直答,1.0,1.0,0,,1,,,63.0,,,,63.0,RPN,0,
7,7,PureLLM表格上下文回答(qwen2.5:7b),无KG/RAG/数据库/确定性规则系统,风险影响评估类,s_code,,M1_编号直答,CSV直答,简单,FMEA编号“LFP001”这条的S是多少？,S=7.0,7,正确,1.0,251.48,纯LLM直答,1.0,1.0,0,,1,,,7.0,,,,7.0,S,0,
8,8,PureLLM表格上下文回答(qwen2.5:7b),无KG/RAG/数据库/确定性规则系统,风险影响评估类,o_code,,M1_编号直答,CSV直答,简单,FMEA编号“LFP001”这条的O是多少？,O=3.0,O是7。,错误,0.0,268.68,纯LLM直答,1.0,1.0,0,,1,,3.0,,,,,3.0,O,0,
9,9,PureLLM表格上下文回答(qwen2.5:7b),无KG/RAG/数据库/确定性规则系统,风险影响评估类,d_code,,M1_编号直答,CSV直答,简单,FMEA编号“LFP001”这条的D是多少？,D=3.0,3,正确,1.0,236.25,纯LLM直答,1.0,1.0,0,,1,,,3.0,,,,3.0,D,0,
10,10,PureLLM表格上下文回答(qwen2.5:7b),无KG/RAG/数据库/确定性规则系统,故障措施推荐类,action_code,,M1_编号直答,CSV直答,简单,FMEA编号“LFP001”这条的建议措施是什么？,现场更换损坏器件和改正错误,用颜色和材料区分，现场更换损坏器件和改正错误。,正确,1.0,352.83,纯LLM直答,1.0,1.0,0,,1,,,,,,现场更换损坏器件和改正错误,,RecommendedAction,0,
11,11,PureLLM表格上下文回答(qwen2.5:7b),无KG/RAG/数据库/确定性规则系统,故障原因诊断类,cause_mode,,M3_查询理解与语义检索增强,口语化/模糊检索,简单,失效模式“现场电池组无输出电压”对应的潜在失效原因/机理是什么？,1、电池组开路 2、未明确区分正负极 3、主电缆未连接、连接错误或器件损坏,1、电池组开路 2、未明确区分正负极 3、主电缆未连接、连接错误或器件损坏,正确,1.0,473.82,纯LLM直答,1.0,1.0,0,,1,,,1.0；2.0；3.0,,,1、电池组开路 2、未明确区分正负极 3、主电缆未连接、连接错误或器件损坏,,,0,
12,12,PureLLM表格上下文回答(qwen2.5:7b),无KG/RAG/数据库/确定性规则系统,风险影响评估类,effect_mode,,M3_查询理解与语义检索增强,口语化/模糊检索,简单,失效模式“现场电池组无输出电压”对应的潜在失效后果是什么？,电池组无法工作,失效模式“现场电池组无输出电压”对应的潜在失效后果是“电池组无法工作”。,正确,1.0,402.18,纯LLM直答,1.0,1.0,0,,1,,,,,,电池组无法工作,,,0,
13,13,PureLLM表格上下文回答(qwen2.5:7b),无KG/RAG/数据库/确定性规则系统,风险影响评估类,rpn_mode,,M3_查询理解与语义检索增强,口语化/模糊检索,简单,失效模式“现场电池组无输出电压”的RPN是多少？,RPN=63.0,RPN是63。,正确,1.0,268.77,纯LLM直答,1.0,1.0,0,,1,,,63.0,,,,63.0,RPN,0,
14,14,PureLLM表格上下文回答(qwen2.5:7b),无KG/RAG/数据库/确定性规则系统,故障措施推荐类,action_mode,,M3_查询理解与语义检索增强,口语化/模糊检索,简单,失效模式“现场电池组无输出电压”对应的建议措施是什么？,现场更换损坏器件和改正错误,建议措施是：现场更换损坏器件和改正错误。,正确,1.0,337.69,纯LLM直答,1.0,1.0,0,,1,,,,,,现场更换损坏器件和改正错误,,RecommendedAction,0,
15,15,PureLLM表格上下文回答(qwen2.5:7b),无KG/RAG/数据库/确定性规则系统,故障原因诊断类,cause_colloquial,,M3_查询理解与语义检索增强,口语化/模糊检索,中等,在项目/功能“动力电池”里，失效模式“现场电池组无输出电压”这个问题，原因讲白一点是什么？,1、电池组开路 2、未明确区分正负极 3、主电缆未连接、连接错误或器件损坏,"原因是一下几点：
1、电池组开路 
2、未明确区分正负极 
3、主电缆未连接、连接错误或器件损坏",正确,1.0,495.93,纯LLM直答,1.0,1.0,0,,1,,,1.0；2.0；3.0,,,1、电池组开路 2、未明确区分正负极 3、主电缆未连接、连接错误或器件损坏,,,0,
16,16,PureLLM表格上下文回答(qwen2.5:7b),无KG/RAG/数据库/确定性规则系统,风险影响评估类,effect_colloquial,,M3_查询理解与语义检索增强,口语化/模糊检索,中等,在项目/功能“动力电池”里，失效模式“现场电池组无输出电压”最后会带来什么后果？,电池组无法工作,电池组无法工作,正确,1.0,282.88,纯LLM直答,1.0,1.0,0,,1,,,,,,电池组无法工作,,,0,
17,17,PureLLM表格上下文回答(qwen2.5:7b),无KG/RAG/数据库/确定性规则系统,故障措施推荐类,action_colloquial,,M3_查询理解与语义检索增强,口语化/模糊检索,中等,在项目/功能“动力电池”里，失效模式“现场电池组无输出电压”一般怎么处理？,现场更换损坏器件和改正错误,"优先定位到 FMEA 编号 LFP001 对应的行，其建议措施为：
```
现场更换损坏器件和改正错误
```",正确,1.0,531.4,纯LLM直答,1.0,1.0,0,,1,,,,,,现场更换损坏器件和改正错误,,,0,
18,18,PureLLM表格上下文回答(qwen2.5:7b),无KG/RAG/数据库/确定性规则系统,风险影响评估类,risk_colloquial,,M3_查询理解与语义检索增强,口语化/模糊检索,中等,在项目/功能“动力电池”里，失效模式“现场电池组无输出电压”的风险最后会体现成什么？,电池组无法工作,RPN: 63,错误,0.0,293.99,纯LLM直答,1.0,1.0,0,,1,电池组无法工作,,,,,电池组无法工作,,,0,
19,19,PureLLM表格上下文回答(qwen2.5:7b),无KG/RAG/数据库/确定性规则系统,故障原因诊断类,cause_bool,,M4_证据裁决,证据裁决,简单,FMEA编号“LFP001”对应的原因是否就是“1、电池组开路 2、未明确区分正负极 3、主电缆未连接、连接错误或器件损坏”？,是,是的，FMEA编号“LFP001”对应的原因就是“1、电池组开路 2、未明确区分正负极 3、主电缆未连接、连接错误或器件损坏”。,正确,1.0,618.86,纯LLM直答,1.0,1.0,0,,1,,,,,,,,是/否判断,0,
20,20,PureLLM表格上下文回答(qwen2.5:7b),无KG/RAG/数据库/确定性规则系统,风险影响评估类,risk_bool,,M4_证据裁决,证据裁决,简单,FMEA编号“LFP001”对应的后果是否就是“电池组无法工作”？,是,是的，FMEA编号“LFP001”对应的后果就是“电池组无法工作”。,正确,1.0,418.67,纯LLM直答,1.0,1.0,0,,1,,,,,,,,是/否判断,0,
21,21,PureLLM表格上下文回答(qwen2.5:7b),无KG/RAG/数据库/确定性规则系统,风险影响评估类,mode_project_bool,,M4_证据裁决,证据裁决,简单,失效模式“现场电池组无输出电压”是不是出现在项目/功能“动力电池”里？,是,是的，失效模式“现场电池组无输出电压”出现在项目/功能“动力电池”里。,正确,1.0,408.56,纯LLM直答,1.0,1.0,0,,1,,,,,,,,是/否判断,0,
22,22,PureLLM表格上下文回答(qwen2.5:7b),无KG/RAG/数据库/确定性规则系统,风险影响评估类,risk_mode_code,,M3_查询理解与语义检索增强,口语化/模糊检索,简单,失效模式“现场电池组无输出电压”对应的FMEA编号是什么？,LFP001,LFP001,正确,1.0,248.79,纯LLM直答,1.0,1.0,0,,1,,,1.0,,,LFP001,,FmeaID,0,
23,23,PureLLM表格上下文回答(qwen2.5:7b),无KG/RAG/数据库/确定性规则系统,风险影响评估类,risk_mode_project,,M3_查询理解与语义检索增强,口语化/模糊检索,简单,在项目/功能“动力电池”里，失效模式“现场电池组无输出电压”的后果是什么？,电池组无法工作,电池组无法工作,正确,1.0,255.88,纯LLM直答,1.0,1.0,0,,1,,,,,,电池组无法工作,,,0,
24,24,PureLLM表格上下文回答(qwen2.5:7b),无KG/RAG/数据库/确定性规则系统,故障原因诊断类,cause_code,,M1_编号直答,CSV直答,简单,FMEA编号“LFP002”这条的潜在失效原因/机理是什么？,单节电池容量降低或损坏,电池容量降低或损坏,错误,0.0,259.55,纯LLM直答,1.0,1.0,0,,1,单节电池容量降低或损坏,,,,,单节电池容量降低或损坏,,,1,
25,25,PureLLM表格上下文回答(qwen2.5:7b),无KG/RAG/数据库/确定性规则系统,风险影响评估类,effect_code,,M1_编号直答,CSV直答,简单,FMEA编号“LFP002”这条的潜在失效后果是什么？,影响用户使用,影响用户使用,正确,1.0,246.09,纯LLM直答,1.0,1.0,0,,1,,,,,,影响用户使用,,,1,
26,26,PureLLM表格上下文回答(qwen2.5:7b),无KG/RAG/数据库/确定性规则系统,风险影响评估类,rpn_code,,M1_编号直答,CSV直答,简单,FMEA编号“LFP002”这条的RPN是多少？,RPN=168.0,RPN值是168。,正确,1.0,309.36,纯LLM直答,1.0,1.0,0,,1,,,168.0,,,,168.0,RPN,1,
27,27,PureLLM表格上下文回答(qwen2.5:7b),无KG/RAG/数据库/确定性规则系统,风险影响评估类,s_code,,M1_编号直答,CSV直答,简单,FMEA编号“LFP002”这条的S是多少？,S=7.0,7,正确,1.0,237.39,纯LLM直答,1.0,1.0,0,,1,,,7.0,,,,7.0,S,1,
28,28,PureLLM表格上下文回答(qwen2.5:7b),无KG/RAG/数据库/确定性规则系统,风险影响评估类,o_code,,M1_编号直答,CSV直答,简单,FMEA编号“LFP002”这条的O是多少？,O=4.0,O是4。,正确,1.0,273.8,纯LLM直答,1.0,1.0,0,,1,,,4.0,,,,4.0,O,1,
29,29,PureLLM表格上下文回答(qwen2.5:7b),无KG/RAG/数据库/确定性规则系统,风险影响评估类,d_code,,M1_编号直答,CSV直答,简单,FMEA编号“LFP002”这条的D是多少？,D=6.0,D是6。,正确,1.0,271.66,纯LLM直答,1.0,1.0,0,,1,,,6.0,,,,6.0,D,1,
30,30,PureLLM表格上下文回答(qwen2.5:7b),无KG/RAG/数据库/确定性规则系统,故障措施推荐类,action_code,,M1_编号直答,CSV直答,简单,FMEA编号“LFP002”这条的建议措施是什么？,更换电压过低电池,更换电压过低电池,正确,1.0,278.66,纯LLM直答,1.0,1.0,0,,1,,,,,,更换电压过低电池,,RecommendedAction,1,
31,31,PureLLM表格上下文回答(qwen2.5:7b),无KG/RAG/数据库/确定性规则系统,故障原因诊断类,cause_mode,,M3_查询理解与语义检索增强,口语化/模糊检索,简单,失效模式“单体电压过低”对应的潜在失效原因/机理是什么？,单节电池容量降低或损坏,"失效模式“单体电压过低”对应的潜在失效原因是：
单节电池容量降低或损坏。",正确,1.0,417.57,纯LLM直答,1.0,1.0,0,,1,,,,,,单节电池容量降低或损坏,,,1,
32,32,PureLLM表格上下文回答(qwen2.5:7b),无KG/RAG/数据库/确定性规则系统,风险影响评估类,effect_mode,,M3_查询理解与语义检索增强,口语化/模糊检索,简单,失效模式“单体电压过低”对应的潜在失效后果是什么？,影响用户使用,失效模式“单体电压过低”对应的潜在失效后果是“影响用户使用”。,正确,1.0,380.92,纯LLM直答,1.0,1.0,0,,1,,,,,,影响用户使用,,,1,
33,33,PureLLM表格上下文回答(qwen2.5:7b),无KG/RAG/数据库/确定性规则系统,风险影响评估类,rpn_mode,,M3_查询理解与语义检索增强,口语化/模糊检索,简单,失效模式“单体电压过低”的RPN是多少？,RPN=168.0,168,正确,1.0,271.15,纯LLM直答,1.0,1.0,0,,1,,,168.0,,,,168.0,RPN,1,
34,34,PureLLM表格上下文回答(qwen2.5:7b),无KG/RAG/数据库/确定性规则系统,故障措施推荐类,action_mode,,M3_查询理解与语义检索增强,口语化/模糊检索,简单,失效模式“单体电压过低”对应的建议措施是什么？,更换电压过低电池,更换电压过低电池,正确,1.0,295.54,纯LLM直答,1.0,1.0,0,,1,,,,,,更换电压过低电池,,RecommendedAction,1,
35,35,PureLLM表格上下文回答(qwen2.5:7b),无KG/RAG/数据库/确定性规则系统,故障原因诊断类,cause_colloquial,,M3_查询理解与语义检索增强,口语化/模糊检索,中等,在项目/功能“动力电池”里，失效模式“单体电压过低”这个问题，原因讲白一点是什么？,单节电池容量降低或损坏,电池容量降低或损坏。,错误,0.0,303.35,纯LLM直答,1.0,1.0,0,,1,单节电池容量降低或损坏,,,,,单节电池容量降低或损坏,,,1,
36,36,PureLLM表格上下文回答(qwen2.5:7b),无KG/RAG/数据库/确定性规则系统,风险影响评估类,effect_colloquial,,M3_查询理解与语义检索增强,口语化/模糊检索,中等,在项目/功能“动力电池”里，失效模式“单体电压过低”最后会带来什么后果？,影响用户使用,影响用户使用,正确,1.0,267.24,纯LLM直答,1.0,1.0,0,,1,,,,,,影响用户使用,,,1,
37,37,PureLLM表格上下文回答(qwen2.5:7b),无KG/RAG/数据库/确定性规则系统,故障措施推荐类,action_colloquial,,M3_查询理解与语义检索增强,口语化/模糊检索,中等,在项目/功能“动力电池”里，失效模式“单体电压过低”一般怎么处理？,更换电压过低电池,"LFP002,磷酸铁锂电池,DFMEA,动力电池,单体电压过低,影响用户使用,单节电池容量降低或损坏,7,4,6,168,,设定标准值,万用表测量,更换电压过低电池,,,,磷酸铁锂电池DFMEA,lfp_battery_dfmea,lfp_battery_dfmea_case,fmea_core_v1,Dfmea案例.xls,7,lfp_dfmea_20250416105822,更换电压过低电池",正确,1.0,1184.33,纯LLM直答,1.0,1.0,0,,1,,,,,,更换电压过低电池,,,1,
38,38,PureLLM表格上下文回答(qwen2.5:7b),无KG/RAG/数据库/确定性规则系统,风险影响评估类,risk_colloquial,,M3_查询理解与语义检索增强,口语化/模糊检索,中等,在项目/功能“动力电池”里，失效模式“单体电压过低”的风险最后会体现成什么？,影响用户使用,"RPN: 168
S: 7
O: 4
D: 6",错误,0.0,423.95,纯LLM直答,1.0,1.0,0,,1,影响用户使用,,,,,影响用户使用,,,1,
39,39,PureLLM表格上下文回答(qwen2.5:7b),无KG/RAG/数据库/确定性规则系统,故障原因诊断类,cause_bool,,M4_证据裁决,证据裁决,简单,FMEA编号“LFP002”对应的原因是否就是“单节电池容量降低或损坏”？,是,是的，FMEA编号“LFP002”对应的原因就是“单节电池容量降低或损坏”。,正确,1.0,440.81,纯LLM直答,1.0,1.0,0,,1,,,,,,,,是/否判断,1,
40,40,PureLLM表格上下文回答(qwen2.5:7b),无KG/RAG/数据库/确定性规则系统,风险影响评估类,risk_bool,,M4_证据裁决,证据裁决,简单,FMEA编号“LFP002”对应的后果是否就是“影响用户使用”？,是,是的，FMEA编号“LFP002”对应的失效后果是“影响用户使用”。,正确,1.0,423.58,纯LLM直答,1.0,1.0,0,,1,,,,,,,,是/否判断,1,
41,41,PureLLM表格上下文回答(qwen2.5:7b),无KG/RAG/数据库/确定性规则系统,风险影响评估类,mode_project_bool,,M4_证据裁决,证据裁决,简单,失效模式“单体电压过低”是不是出现在项目/功能“动力电池”里？,是,是的，失效模式“单体电压过低”出现在项目/功能“动力电池”里。,正确,1.0,404.62,纯LLM直答,1.0,1.0,0,,1,,,,,,,,是/否判断,1,
42,42,PureLLM表格上下文回答(qwen2.5:7b),无KG/RAG/数据库/确定性规则系统,风险影响评估类,risk_mode_code,,M3_查询理解与语义检索增强,口语化/模糊检索,简单,失效模式“单体电压过低”对应的FMEA编号是什么？,LFP002,LFP002,正确,1.0,262.81,纯LLM直答,1.0,1.0,0,,1,,,2.0,,,LFP002,,FmeaID,1,
43,43,PureLLM表格上下文回答(qwen2.5:7b),无KG/RAG/数据库/确定性规则系统,风险影响评估类,risk_mode_project,,M3_查询理解与语义检索增强,口语化/模糊检索,简单,在项目/功能“动力电池”里，失效模式“单体电压过低”的后果是什么？,影响用户使用,影响用户使用,正确,1.0,245.89,纯LLM直答,1.0,1.0,0,,1,,,,,,影响用户使用,,,1,
44,44,PureLLM表格上下文回答(qwen2.5:7b),无KG/RAG/数据库/确定性规则系统,故障原因诊断类,cause_code,,M1_编号直答,CSV直答,简单,FMEA编号“LFP003”这条的潜在失效原因/机理是什么？,电池组单节容量降低或整体过低,电池组单节容量降低或整体过低,正确,1.0,325.67,纯LLM直答,1.0,1.0,0,,1,,,,,,电池组单节容量降低或整体过低,,,2,
45,45,PureLLM表格上下文回答(qwen2.5:7b),无KG/RAG/数据库/确定性规则系统,风险影响评估类,effect_code,,M1_编号直答,CSV直答,简单,FMEA编号“LFP003”这条的潜在失效后果是什么？,影响用户使用,影响用户使用,正确,1.0,264.58,纯LLM直答,1.0,1.0,0,,1,,,,,,影响用户使用,,,2,
46,46,PureLLM表格上下文回答(qwen2.5:7b),无KG/RAG/数据库/确定性规则系统,风险影响评估类,rpn_code,,M1_编号直答,CSV直答,简单,FMEA编号“LFP003”这条的RPN是多少？,RPN=168.0,RPN值是168。,正确,1.0,297.2,纯LLM直答,1.0,1.0,0,,1,,,168.0,,,,168.0,RPN,2,
47,47,PureLLM表格上下文回答(qwen2.5:7b),无KG/RAG/数据库/确定性规则系统,风险影响评估类,s_code,,M1_编号直答,CSV直答,简单,FMEA编号“LFP003”这条的S是多少？,S=7.0,7,正确,1.0,220.37,纯LLM直答,1.0,1.0,0,,1,,,7.0,,,,7.0,S,2,
48,48,PureLLM表格上下文回答(qwen2.5:7b),无KG/RAG/数据库/确定性规则系统,风险影响评估类,o_code,,M1_编号直答,CSV直答,简单,FMEA编号“LFP003”这条的O是多少？,O=4.0,"LFP003,磷酸铁锂电池,DFMEA,动力电池,巡航里程低于额定值,影响用户使用,电池组单节容量降低或整体过低,7,4,6,168,,,充放电性能测试,更换电压过低电池,,,,磷酸铁锂电池DFMEA,lfp_battery_dfmea,lfp_battery_dfmea_case,fmea_core_v1,Dfmea案例.xls,8,lfp_dfmea_20250416105822,更换电压过低电池

O的值是4。",正确,1.0,1266.94,纯LLM直答,1.0,1.0,0,,1,,,4.0；4.0,,,,4.0,O,2,
49,49,PureLLM表格上下文回答(qwen2.5:7b),无KG/RAG/数据库/确定性规则系统,风险影响评估类,d_code,,M1_编号直答,CSV直答,简单,FMEA编号“LFP003”这条的D是多少？,D=6.0,6,正确,1.0,235.56,纯LLM直答,1.0,1.0,0,,1,,,6.0,,,,6.0,D,2,
50,50,PureLLM表格上下文回答(qwen2.5:7b),无KG/RAG/数据库/确定性规则系统,故障措施推荐类,action_code,,M1_编号直答,CSV直答,简单,FMEA编号“LFP003”这条的建议措施是什么？,更换电压过低电池,"LFP003,磷酸铁锂电池,DFMEA,动力电池,巡航里程低于额定值,影响用户使用,电池组单节容量降低或整体过低,7,4,6,168,,设定标准值,充放电性能测试,更换电压过低电池,,,,磷酸铁锂电池DFMEA,lfp_battery_dfmea,lfp_battery_dfmea_case,fmea_core_v1,Dfmea案例.xls,8,lfp_dfmea_20250416105822,更换电压过低电池

建议措施是：更换电压过低电池。",正确,1.0,1338.39,纯LLM直答,1.0,1.0,0,,1,,,,,,更换电压过低电池,,RecommendedAction,2,
51,51,PureLLM表格上下文回答(qwen2.5:7b),无KG/RAG/数据库/确定性规则系统,故障原因诊断类,cause_mode,,M3_查询理解与语义检索增强,口语化/模糊检索,简单,失效模式“巡航里程低于额定值”对应的潜在失效原因/机理是什么？,电池组单节容量降低或整体过低,"失效模式“巡航里程低于额定值”对应的潜在失效原因是：
电池组单节容量降低或整体过低。",正确,1.0,460.51,纯LLM直答,1.0,1.0,0,,1,,,,,,电池组单节容量降低或整体过低,,,2,
52,52,PureLLM表格上下文回答(qwen2.5:7b),无KG/RAG/数据库/确定性规则系统,风险影响评估类,effect_mode,,M3_查询理解与语义检索增强,口语化/模糊检索,简单,失效模式“巡航里程低于额定值”对应的潜在失效后果是什么？,影响用户使用,失效模式“巡航里程低于额定值”对应的潜在失效后果是影响用户使用。,正确,1.0,388.45,纯LLM直答,1.0,1.0,0,,1,,,,,,影响用户使用,,,2,
53,53,PureLLM表格上下文回答(qwen2.5:7b),无KG/RAG/数据库/确定性规则系统,风险影响评估类,rpn_mode,,M3_查询理解与语义检索增强,口语化/模糊检索,简单,失效模式“巡航里程低于额定值”的RPN是多少？,RPN=168.0,168,正确,1.0,269.03,纯LLM直答,1.0,1.0,0,,1,,,168.0,,,,168.0,RPN,2,
54,54,PureLLM表格上下文回答(qwen2.5:7b),无KG/RAG/数据库/确定性规则系统,故障措施推荐类,action_mode,,M3_查询理解与语义检索增强,口语化/模糊检索,简单,失效模式“巡航里程低于额定值”对应的建议措施是什么？,更换电压过低电池,更换电压过低电池,正确,1.0,269.0,纯LLM直答,1.0,1.0,0,,1,,,,,,更换电压过低电池,,RecommendedAction,2,
55,55,PureLLM表格上下文回答(qwen2.5:7b),无KG/RAG/数据库/确定性规则系统,故障原因诊断类,cause_colloquial,,M3_查询理解与语义检索增强,口语化/模糊检索,中等,在项目/功能“动力电池”里，失效模式“巡航里程低于额定值”这个问题，原因讲白一点是什么？,电池组单节容量降低或整体过低,电池组单节容量降低或整体过低。,正确,1.0,333.85,纯LLM直答,1.0,1.0,0,,1,,,,,,电池组单节容量降低或整体过低,,,2,
56,56,PureLLM表格上下文回答(qwen2.5:7b),无KG/RAG/数据库/确定性规则系统,风险影响评估类,effect_colloquial,,M3_查询理解与语义检索增强,口语化/模糊检索,中等,在项目/功能“动力电池”里，失效模式“巡航里程低于额定值”最后会带来什么后果？,影响用户使用,影响用户使用,正确,1.0,257.45,纯LLM直答,1.0,1.0,0,,1,,,,,,影响用户使用,,,2,
57,57,PureLLM表格上下文回答(qwen2.5:7b),无KG/RAG/数据库/确定性规则系统,故障措施推荐类,action_colloquial,,M3_查询理解与语义检索增强,口语化/模糊检索,中等,在项目/功能“动力电池”里，失效模式“巡航里程低于额定值”一般怎么处理？,更换电压过低电池,"根据 CSV 中的记录，对于失效模式 “巡航里程低于额定值”，处理措施是：

LFP003,磷酸铁锂电池,DFMEA,动力电池,巡航里程低于额定值,影响用户使用,电池组单节容量降低或整体过低,7,4,6,168,,设定标准值,充放电性能测试,更换电压过低电池,,,,磷酸铁锂电池DFMEA,lfp_battery_dfmea,lfp_battery_dfmea_case,fmea_core_v1,Dfmea案例.xls,8,lfp_dfmea_20250416105822,更换电压过低电池

处理措施为：更换电压过低电池。",正确,1.0,1481.26,纯LLM直答,1.0,1.0,0,,1,,,,,,更换电压过低电池,,,2,
58,58,PureLLM表格上下文回答(qwen2.5:7b),无KG/RAG/数据库/确定性规则系统,风险影响评估类,risk_colloquial,,M3_查询理解与语义检索增强,口语化/模糊检索,中等,在项目/功能“动力电池”里，失效模式“巡航里程低于额定值”的风险最后会体现成什么？,影响用户使用,RPN: 168,错误,0.0,288.35,纯LLM直答,1.0,1.0,0,,1,影响用户使用,,,,,影响用户使用,,,2,
59,59,PureLLM表格上下文回答(qwen2.5:7b),无KG/RAG/数据库/确定性规则系统,故障原因诊断类,cause_bool,,M4_证据裁决,证据裁决,简单,FMEA编号“LFP003”对应的原因是否就是“电池组单节容量降低或整体过低”？,是,是的，FMEA编号“LFP003”对应的原因就是“电池组单节容量降低或整体过低”。,正确,1.0,463.83,纯LLM直答,1.0,1.0,0,,1,,,,,,,,是/否判断,2,
60,60,PureLLM表格上下文回答(qwen2.5:7b),无KG/RAG/数据库/确定性规则系统,风险影响评估类,risk_bool,,M4_证据裁决,证据裁决,简单,FMEA编号“LFP003”对应的后果是否就是“影响用户使用”？,是,是的，FMEA编号“LFP003”对应的失效后果是“影响用户使用”。,正确,1.0,403.72,纯LLM直答,1.0,1.0,0,,1,,,,,,,,是/否判断,2,
61,61,PureLLM表格上下文回答(qwen2.5:7b),无KG/RAG/数据库/确定性规则系统,风险影响评估类,mode_project_bool,,M4_证据裁决,证据裁决,简单,失效模式“巡航里程低于额定值”是不是出现在项目/功能“动力电池”里？,是,是的，失效模式“巡航里程低于额定值”出现在项目/功能“动力电池”里。相关行的FMEA编号为LFP003。,正确,1.0,523.01,纯LLM直答,1.0,1.0,0,,1,,,,,,,,是/否判断,2,
62,62,PureLLM表格上下文回答(qwen2.5:7b),无KG/RAG/数据库/确定性规则系统,风险影响评估类,risk_mode_code,,M3_查询理解与语义检索增强,口语化/模糊检索,简单,失效模式“巡航里程低于额定值”对应的FMEA编号是什么？,LFP003,LFP003,正确,1.0,279.92,纯LLM直答,1.0,1.0,0,,1,,,3.0,,,LFP003,,FmeaID,2,
63,63,PureLLM表格上下文回答(qwen2.5:7b),无KG/RAG/数据库/确定性规则系统,风险影响评估类,risk_mode_project,,M3_查询理解与语义检索增强,口语化/模糊检索,简单,在项目/功能“动力电池”里，失效模式“巡航里程低于额定值”的后果是什么？,影响用户使用,影响用户使用,正确,1.0,257.06,纯LLM直答,1.0,1.0,0,,1,,,,,,影响用户使用,,,2,
64,64,PureLLM表格上下文回答(qwen2.5:7b),无KG/RAG/数据库/确定性规则系统,风险影响评估类,project_avg_rpn,,M2_规则推理,规则推理,中等,项目/功能“电池组箱体”的平均RPN是多少？,平均RPN=106.00,"首先，筛选出与“电池组箱体”相关的行：

LFP004,磷酸铁锂电池,DFMEA,电池组箱体,电池箱体进水,电池短路、电子器件失效或损坏、箱体生锈,电池箱体密封不严,7,3,6,126,,提高防护等级,绝缘检测,现场做防水处理,,,,磷酸铁锂电池DFMEA,lfp_battery_dfmea,lfp_battery_dfmea_case,fmea_core_v1,Dfmea案例.xls,9,lfp_dfmea_20250416105822,现场做防水处理

LFP005,磷酸铁锂电池,DFMEA,电池组箱体,电池箱体进灰尘,电子器件失效或损坏、影响电池组散热,电池箱体密封不严,7,2,6,84,,提高防护等级,绝缘检测,现场做防尘处理,,,,磷酸铁锂电池DFMEA,lfp_battery_dfmea,lfp_battery_dfmea_case,fmea_core_v1,Dfmea案例.xls,10,lfp_dfmea_20250416105822,现场做防尘处理

LFP006,磷酸铁锂电池,DFMEA,电池组箱体,电池组漏液,安全事故,电池组间隙大电池受到挤压碰撞震动,9,2,6,108,,,整体震动挤压试验,现场做防震处理,,,,磷酸铁锂电池DFMEA,lfp_battery_dfmea,lfp_battery_dfmea_case,fmea_core_v1,Dfmea案例.xls,11,lfp_dfmea_20250416105822,现场做防震处理

计算这些行的RPN值并求平均：

1. LFP004: 7 * 3 * 6 = 126
2. LFP005: 7 * 2 * 6 = 84
3. LFP006: 9 * 2 * 6 = 108

平均RPN值：(126 + 84 + 108) / 3 = 106",正确,1.0,4195.42,纯LLM直答,1.0,0.0,0,,1,,,106.0,,,,106.0,RPN,3,
65,65,PureLLM表格上下文回答(qwen2.5:7b),无KG/RAG/数据库/确定性规则系统,风险影响评估类,project_top_mode,,M2_规则推理,规则推理,中等,项目/功能“电池组箱体”里RPN最高的失效模式是什么？,电池箱体进水；RPN=126.0,"LFP007,磷酸铁锂电池,DFMEA,绝缘注塑件,注塑件起火,安全事故,绝缘注塑件不阻燃,10,1,6,20,,,阻燃、绝缘试验,更换绝缘注塑件,,,,磷酸铁锂电池DFMEA,lfp_battery_dfmea,lfp_battery_dfmea_case,fmea_core_v1,Dfmea案例.xls,12,lfp_dfmea_20250416105822,更换绝缘注塑件",错误,0.0,1179.63,纯LLM直答,1.0,1.0,0,,1,电池箱体进水,126.0,,,,电池箱体进水,126.0,FailureMode；RPN,3,
66,66,PureLLM表格上下文回答(qwen2.5:7b),无KG/RAG/数据库/确定性规则系统,风险影响评估类,project_top_effect,,M2_规则推理,规则推理,中等,项目/功能“电池组箱体”里RPN最高的那条，它的后果是什么？,电池短路、电子器件失效或损坏、箱体生锈,"LFP007,磷酸铁锂电池,DFMEA,绝缘注塑件,注塑件起火,安全事故,绝缘注塑件不阻燃,10,1,6,20,,,阻燃、绝缘试验,更换绝缘注塑件,,,,磷酸铁锂电池DFMEA,lfp_battery_dfmea,lfp_battery_dfmea_case,fmea_core_v1,Dfmea案例.xls,12,lfp_dfmea_20250416105822,更换绝缘注塑件

后果是：安全事故。",错误,0.0,1223.02,纯LLM直答,1.0,1.0,0,1.0,1,电池短路、电子器件失效或损坏、箱体生锈,,,,,电池短路、电子器件失效或损坏、箱体生锈,,FailureEffect,3,
67,67,PureLLM表格上下文回答(qwen2.5:7b),无KG/RAG/数据库/确定性规则系统,故障原因诊断类,cause_code,,M1_编号直答,CSV直答,简单,FMEA编号“LFP004”这条的潜在失效原因/机理是什么？,电池箱体密封不严,电池箱体密封不严,正确,1.0,256.34,纯LLM直答,1.0,1.0,0,,1,,,,,,电池箱体密封不严,,,3,
68,68,PureLLM表格上下文回答(qwen2.5:7b),无KG/RAG/数据库/确定性规则系统,风险影响评估类,effect_code,,M1_编号直答,CSV直答,简单,FMEA编号“LFP004”这条的潜在失效后果是什么？,电池短路、电子器件失效或损坏、箱体生锈,安全事故,错误,0.0,240.0,纯LLM直答,1.0,1.0,0,,1,电池短路、电子器件失效或损坏、箱体生锈,,,,,电池短路、电子器件失效或损坏、箱体生锈,,,3,
69,69,PureLLM表格上下文回答(qwen2.5:7b),无KG/RAG/数据库/确定性规则系统,风险影响评估类,rpn_code,,M1_编号直答,CSV直答,简单,FMEA编号“LFP004”这条的RPN是多少？,RPN=126.0,RPN: 126,正确,1.0,301.07,纯LLM直答,1.0,1.0,0,,1,,,126.0,,,,126.0,RPN,3,
70,70,PureLLM表格上下文回答(qwen2.5:7b),无KG/RAG/数据库/确定性规则系统,风险影响评估类,s_code,,M1_编号直答,CSV直答,简单,FMEA编号“LFP004”这条的S是多少？,S=7.0,7,正确,1.0,237.14,纯LLM直答,1.0,1.0,0,,1,,,7.0,,,,7.0,S,3,
71,71,PureLLM表格上下文回答(qwen2.5:7b),无KG/RAG/数据库/确定性规则系统,风险影响评估类,o_code,,M1_编号直答,CSV直答,简单,FMEA编号“LFP004”这条的O是多少？,O=3.0,O是3。,正确,1.0,258.47,纯LLM直答,1.0,1.0,0,,1,,,3.0,,,,3.0,O,3,
72,72,PureLLM表格上下文回答(qwen2.5:7b),无KG/RAG/数据库/确定性规则系统,风险影响评估类,d_code,,M1_编号直答,CSV直答,简单,FMEA编号“LFP004”这条的D是多少？,D=6.0,"LFP004,磷酸铁锂电池,DFMEA,电池组箱体,电池箱体进水,电池短路、电子器件失效或损坏、箱体生锈,电池箱体密封不严,7,3,6,126,,提高防护等级,绝缘检测,现场做防水处理,,,,磷酸铁锂电池DFMEA,lfp_battery_dfmea,lfp_battery_dfmea_case,fmea_core_v1,Dfmea案例.xls,9,lfp_dfmea_20250416105822,现场做防水处理

D的值是6。",正确,1.0,1303.04,纯LLM直答,1.0,1.0,0,,1,,,6.0；6.0,,,,6.0,D,3,
73,73,PureLLM表格上下文回答(qwen2.5:7b),无KG/RAG/数据库/确定性规则系统,故障措施推荐类,action_code,,M1_编号直答,CSV直答,简单,FMEA编号“LFP004”这条的建议措施是什么？,现场做防水处理,"LFP004,磷酸铁锂电池,DFMEA,电池组箱体,电池箱体进水,电池短路、电子器件失效或损坏、箱体生锈,电池箱体密封不严,7,3,6,126,,提高防护等级,绝缘检测,现场做防水处理,,,,磷酸铁锂电池DFMEA,lfp_battery_dfmea,lfp_battery_dfmea_case,fmea_core_v1,Dfmea案例.xls,9,lfp_dfmea_20250416105822,现场做防水处理

建议措施是：现场做防水处理。",正确,1.0,1323.05,纯LLM直答,1.0,1.0,0,,1,,,,,,现场做防水处理,,RecommendedAction,3,
74,74,PureLLM表格上下文回答(qwen2.5:7b),无KG/RAG/数据库/确定性规则系统,故障原因诊断类,cause_mode,,M3_查询理解与语义检索增强,口语化/模糊检索,简单,失效模式“电池箱体进水”对应的潜在失效原因/机理是什么？,电池箱体密封不严,电池箱体密封不严,正确,1.0,288.48,纯LLM直答,1.0,1.0,0,,1,,,,,,电池箱体密封不严,,,3,
75,75,PureLLM表格上下文回答(qwen2.5:7b),无KG/RAG/数据库/确定性规则系统,风险影响评估类,effect_mode,,M3_查询理解与语义检索增强,口语化/模糊检索,简单,失效模式“电池箱体进水”对应的潜在失效后果是什么？,电池短路、电子器件失效或损坏、箱体生锈,影响用户使用,错误,0.0,261.46,纯LLM直答,1.0,1.0,0,,1,电池短路、电子器件失效或损坏、箱体生锈,,,,,电池短路、电子器件失效或损坏、箱体生锈,,,3,
76,76,PureLLM表格上下文回答(qwen2.5:7b),无KG/RAG/数据库/确定性规则系统,风险影响评估类,rpn_mode,,M3_查询理解与语义检索增强,口语化/模糊检索,简单,失效模式“电池箱体进水”的RPN是多少？,RPN=126.0,RPN: 126,正确,1.0,277.58,纯LLM直答,1.0,1.0,0,,1,,,126.0,,,,126.0,RPN,3,
77,77,PureLLM表格上下文回答(qwen2.5:7b),无KG/RAG/数据库/确定性规则系统,故障措施推荐类,action_mode,,M3_查询理解与语义检索增强,口语化/模糊检索,简单,失效模式“电池箱体进水”对应的建议措施是什么？,现场做防水处理,现场做防水处理,正确,1.0,256.45,纯LLM直答,1.0,1.0,0,,1,,,,,,现场做防水处理,,RecommendedAction,3,
78,78,PureLLM表格上下文回答(qwen2.5:7b),无KG/RAG/数据库/确定性规则系统,故障原因诊断类,cause_colloquial,,M3_查询理解与语义检索增强,口语化/模糊检索,中等,在项目/功能“电池组箱体”里，失效模式“电池箱体进水”这个问题，原因讲白一点是什么？,电池箱体密封不严,电池箱体密封不严。,正确,1.0,304.25,纯LLM直答,1.0,1.0,0,,1,,,,,,电池箱体密封不严,,,3,
79,79,PureLLM表格上下文回答(qwen2.5:7b),无KG/RAG/数据库/确定性规则系统,风险影响评估类,effect_colloquial,,M3_查询理解与语义检索增强,口语化/模糊检索,中等,在项目/功能“电池组箱体”里，失效模式“电池箱体进水”最后会带来什么后果？,电池短路、电子器件失效或损坏、箱体生锈,影响电池组工作，导致安全事故。,错误,0.0,292.32,纯LLM直答,1.0,1.0,0,,1,电池短路、电子器件失效或损坏、箱体生锈,,,,,电池短路、电子器件失效或损坏、箱体生锈,,,3,
80,80,PureLLM表格上下文回答(qwen2.5:7b),无KG/RAG/数据库/确定性规则系统,故障措施推荐类,action_colloquial,,M3_查询理解与语义检索增强,口语化/模糊检索,中等,在项目/功能“电池组箱体”里，失效模式“电池箱体进水”一般怎么处理？,现场做防水处理,现场做防水处理,正确,1.0,258.92,纯LLM直答,1.0,1.0,0,,1,,,,,,现场做防水处理,,,3,
81,81,PureLLM表格上下文回答(qwen2.5:7b),无KG/RAG/数据库/确定性规则系统,风险影响评估类,risk_colloquial,,M3_查询理解与语义检索增强,口语化/模糊检索,中等,在项目/功能“电池组箱体”里，失效模式“电池箱体进水”的风险最后会体现成什么？,电池短路、电子器件失效或损坏、箱体生锈,"RPN: 126  
ActionPriority: 提高防护等级  
DetectionMeasure: 绝缘检测  
RecommendedAction: 现场做防水处理  

失效后果和建议措施已经在 CSV 中给出。",错误,0.0,593.99,纯LLM直答,1.0,1.0,0,,1,电池短路、电子器件失效或损坏、箱体生锈,,,,,电池短路、电子器件失效或损坏、箱体生锈,,,3,
82,82,PureLLM表格上下文回答(qwen2.5:7b),无KG/RAG/数据库/确定性规则系统,故障原因诊断类,cause_bool,,M4_证据裁决,证据裁决,简单,FMEA编号“LFP004”对应的原因是否就是“电池箱体密封不严”？,是,是的，FMEA编号“LFP004”对应的原因就是“电池箱体密封不严”。,正确,1.0,400.97,纯LLM直答,1.0,1.0,0,,1,,,,,,,,是/否判断,3,
83,83,PureLLM表格上下文回答(qwen2.5:7b),无KG/RAG/数据库/确定性规则系统,风险影响评估类,risk_bool,,M4_证据裁决,证据裁决,简单,FMEA编号“LFP004”对应的后果是否就是“电池短路、电子器件失效或损坏、箱体生锈”？,是,否，FMEA编号“LFP004”对应的后果是“电池短路、电子器件失效或损坏、箱体生锈”。,错误,0.0,458.87,纯LLM直答,1.0,1.0,0,,1,是/否判断,,,,,,,是/否判断,3,
84,84,PureLLM表格上下文回答(qwen2.5:7b),无KG/RAG/数据库/确定性规则系统,风险影响评估类,mode_project_bool,,M4_证据裁决,证据裁决,简单,失效模式“电池箱体进水”是不是出现在项目/功能“电池组箱体”里？,是,是的，失效模式“电池箱体进水”出现在项目/功能“电池组箱体”里。相关行的 FMEA 编号为 LFP004。,正确,1.0,562.16,纯LLM直答,1.0,1.0,0,,1,,,,,,,,是/否判断,3,
85,85,PureLLM表格上下文回答(qwen2.5:7b),无KG/RAG/数据库/确定性规则系统,风险影响评估类,risk_mode_code,,M3_查询理解与语义检索增强,口语化/模糊检索,简单,失效模式“电池箱体进水”对应的FMEA编号是什么？,LFP004,LFP004,正确,1.0,283.52,纯LLM直答,1.0,1.0,0,,1,,,4.0,,,LFP004,,FmeaID,3,
86,86,PureLLM表格上下文回答(qwen2.5:7b),无KG/RAG/数据库/确定性规则系统,风险影响评估类,risk_mode_project,,M3_查询理解与语义检索增强,口语化/模糊检索,简单,在项目/功能“电池组箱体”里，失效模式“电池箱体进水”的后果是什么？,电池短路、电子器件失效或损坏、箱体生锈,影响用户使用,错误,0.0,261.53,纯LLM直答,1.0,1.0,0,,1,电池短路、电子器件失效或损坏、箱体生锈,,,,,电池短路、电子器件失效或损坏、箱体生锈,,,3,
87,87,PureLLM表格上下文回答(qwen2.5:7b),无KG/RAG/数据库/确定性规则系统,故障原因诊断类,cause_code,,M1_编号直答,CSV直答,简单,FMEA编号“LFP005”这条的潜在失效原因/机理是什么？,电池箱体密封不严,电池箱体密封不严,正确,1.0,294.77,纯LLM直答,1.0,1.0,0,,1,,,,,,电池箱体密封不严,,,4,
88,88,PureLLM表格上下文回答(qwen2.5:7b),无KG/RAG/数据库/确定性规则系统,风险影响评估类,effect_code,,M1_编号直答,CSV直答,简单,FMEA编号“LFP005”这条的潜在失效后果是什么？,电子器件失效或损坏、影响电池组散热,影响电池组散热,错误,0.0,277.36,纯LLM直答,1.0,1.0,0,,1,电子器件失效或损坏、影响电池组散热,,,,,电子器件失效或损坏、影响电池组散热,,,4,
89,89,PureLLM表格上下文回答(qwen2.5:7b),无KG/RAG/数据库/确定性规则系统,风险影响评估类,rpn_code,,M1_编号直答,CSV直答,简单,FMEA编号“LFP005”这条的RPN是多少？,RPN=84.0,"LFP005,磷酸铁锂电池,DFMEA,电池组箱体,电池箱体进灰尘,电子器件失效或损坏、影响电池组散热,电池箱体密封不严,7,2,6,84,,,",正确,1.0,650.57,纯LLM直答,1.0,1.0,0,,1,,,84.0,,,,84.0,RPN,4,
90,90,PureLLM表格上下文回答(qwen2.5:7b),无KG/RAG/数据库/确定性规则系统,风险影响评估类,s_code,,M1_编号直答,CSV直答,简单,FMEA编号“LFP005”这条的S是多少？,S=7.0,7,正确,1.0,251.84,纯LLM直答,1.0,1.0,0,,1,,,7.0,,,,7.0,S,4,
91,91,PureLLM表格上下文回答(qwen2.5:7b),无KG/RAG/数据库/确定性规则系统,风险影响评估类,o_code,,M1_编号直答,CSV直答,简单,FMEA编号“LFP005”这条的O是多少？,O=2.0,"LFP005,磷酸铁锂电池,DFMEA,电池组箱体,电池箱体进灰尘,电子器件失效或损坏、影响电池组散热,电池箱体密封不严,7,2,6,84,,提高防护等级,绝缘检测,现场做防尘处理,,,,磷酸铁锂电池DFMEA,lfp_battery_dfmea,lfp_battery_dfmea_case,fmea_core_v1,Dfmea案例.xls,10,lfp_dfmea_20250416105822,现场做防尘处理

O的值是2。",正确,1.0,1294.33,纯LLM直答,1.0,1.0,0,,1,,,2.0；2.0,,,,2.0,O,4,
92,92,PureLLM表格上下文回答(qwen2.5:7b),无KG/RAG/数据库/确定性规则系统,风险影响评估类,d_code,,M1_编号直答,CSV直答,简单,FMEA编号“LFP005”这条的D是多少？,D=6.0,6,正确,1.0,230.14,纯LLM直答,1.0,1.0,0,,1,,,6.0,,,,6.0,D,4,
93,93,PureLLM表格上下文回答(qwen2.5:7b),无KG/RAG/数据库/确定性规则系统,故障措施推荐类,action_code,,M1_编号直答,CSV直答,简单,FMEA编号“LFP005”这条的建议措施是什么？,现场做防尘处理,"LFP005,磷酸铁锂电池,DFMEA,电池组箱体,电池箱体进灰尘,电子器件失效或损坏、影响电池组散热,电池箱体密封不严,7,2,6,84,,提高防护等级,绝缘检测,现场做防尘处理,,,,磷酸铁锂电池DFMEA,lfp_battery_dfmea,lfp_battery_dfmea_case,fmea_core_v1,Dfmea案例.xls,10,lfp_dfmea_20250416105822,现场做防尘处理",正确,1.0,1245.4,纯LLM直答,1.0,1.0,0,,1,,,,,,现场做防尘处理,,RecommendedAction,4,
94,94,PureLLM表格上下文回答(qwen2.5:7b),无KG/RAG/数据库/确定性规则系统,故障原因诊断类,cause_mode,,M3_查询理解与语义检索增强,口语化/模糊检索,简单,失效模式“电池箱体进灰尘”对应的潜在失效原因/机理是什么？,电池箱体密封不严,电池箱体密封不严,正确,1.0,281.51,纯LLM直答,1.0,1.0,0,,1,,,,,,电池箱体密封不严,,,4,
95,95,PureLLM表格上下文回答(qwen2.5:7b),无KG/RAG/数据库/确定性规则系统,风险影响评估类,effect_mode,,M3_查询理解与语义检索增强,口语化/模糊检索,简单,失效模式“电池箱体进灰尘”对应的潜在失效后果是什么？,电子器件失效或损坏、影响电池组散热,影响电池组散热,错误,0.0,255.23,纯LLM直答,1.0,1.0,0,,1,电子器件失效或损坏、影响电池组散热,,,,,电子器件失效或损坏、影响电池组散热,,,4,
96,96,PureLLM表格上下文回答(qwen2.5:7b),无KG/RAG/数据库/确定性规则系统,风险影响评估类,rpn_mode,,M3_查询理解与语义检索增强,口语化/模糊检索,简单,失效模式“电池箱体进灰尘”的RPN是多少？,RPN=84.0,失效模式“电池箱体进灰尘”的RPN是84。,正确,1.0,361.06,纯LLM直答,1.0,1.0,0,,1,,,84.0,,,,84.0,RPN,4,
97,97,PureLLM表格上下文回答(qwen2.5:7b),无KG/RAG/数据库/确定性规则系统,故障措施推荐类,action_mode,,M3_查询理解与语义检索增强,口语化/模糊检索,简单,失效模式“电池箱体进灰尘”对应的建议措施是什么？,现场做防尘处理,"提高防护等级,绝缘检测,现场做防尘处理",正确,1.0,338.04,纯LLM直答,1.0,1.0,0,,1,,,,,,现场做防尘处理,,RecommendedAction,4,
98,98,PureLLM表格上下文回答(qwen2.5:7b),无KG/RAG/数据库/确定性规则系统,故障原因诊断类,cause_colloquial,,M3_查询理解与语义检索增强,口语化/模糊检索,中等,在项目/功能“电池组箱体”里，失效模式“电池箱体进灰尘”这个问题，原因讲白一点是什么？,电池箱体密封不严,电池箱体密封不严,正确,1.0,282.68,纯LLM直答,1.0,1.0,0,,1,,,,,,电池箱体密封不严,,,4,
99,99,PureLLM表格上下文回答(qwen2.5:7b),无KG/RAG/数据库/确定性规则系统,风险影响评估类,effect_colloquial,,M3_查询理解与语义检索增强,口语化/模糊检索,中等,在项目/功能“电池组箱体”里，失效模式“电池箱体进灰尘”最后会带来什么后果？,电子器件失效或损坏、影响电池组散热,影响电池组散热,错误,0.0,247.87,纯LLM直答,1.0,1.0,0,,1,电子器件失效或损坏、影响电池组散热,,,,,电子器件失效或损坏、影响电池组散热,,,4,
100,100,PureLLM表格上下文回答(qwen2.5:7b),无KG/RAG/数据库/确定性规则系统,故障措施推荐类,action_colloquial,,M3_查询理解与语义检索增强,口语化/模糊检索,中等,在项目/功能“电池组箱体”里，失效模式“电池箱体进灰尘”一般怎么处理？,现场做防尘处理,"LFP005,磷酸铁锂电池,DFMEA,电池组箱体,电池箱体进灰尘,电子器件失效或损坏、影响电池组散热,电池箱体密封不严,7,2,6,84,,提高防护等级,绝缘检测,现场做防尘处理,,,,",正确,1.0,731.06,纯LLM直答,1.0,1.0,0,,1,,,,,,现场做防尘处理,,,4,
101,101,PureLLM表格上下文回答(qwen2.5:7b),无KG/RAG/数据库/确定性规则系统,风险影响评估类,risk_colloquial,,M3_查询理解与语义检索增强,口语化/模糊检索,中等,在项目/功能“电池组箱体”里，失效模式“电池箱体进灰尘”的风险最后会体现成什么？,电子器件失效或损坏、影响电池组散热,RPN: 84,错误,0.0,271.29,纯LLM直答,1.0,1.0,0,,1,电子器件失效或损坏、影响电池组散热,,,,,电子器件失效或损坏、影响电池组散热,,,4,
102,102,PureLLM表格上下文回答(qwen2.5:7b),无KG/RAG/数据库/确定性规则系统,故障原因诊断类,cause_bool,,M4_证据裁决,证据裁决,简单,FMEA编号“LFP005”对应的原因是否就是“电池箱体密封不严”？,是,是的，FMEA编号“LFP005”对应的原因就是“电池箱体密封不严”。,正确,1.0,429.41,纯LLM直答,1.0,1.0,0,,1,,,,,,,,是/否判断,4,
103,103,PureLLM表格上下文回答(qwen2.5:7b),无KG/RAG/数据库/确定性规则系统,风险影响评估类,risk_bool,,M4_证据裁决,证据裁决,简单,FMEA编号“LFP005”对应的后果是否就是“电子器件失效或损坏、影响电池组散热”？,是,是的，FMEA编号“LFP005”对应的后果就是“电子器件失效或损坏、影响电池组散热”。,正确,1.0,464.5,纯LLM直答,1.0,1.0,0,,1,,,,,,,,是/否判断,4,
104,104,PureLLM表格上下文回答(qwen2.5:7b),无KG/RAG/数据库/确定性规则系统,风险影响评估类,mode_project_bool,,M4_证据裁决,证据裁决,简单,失效模式“电池箱体进灰尘”是不是出现在项目/功能“电池组箱体”里？,是,是的，失效模式“电池箱体进灰尘”出现在项目/功能“电池组箱体”里。,正确,1.0,420.02,纯LLM直答,1.0,1.0,0,,1,,,,,,,,是/否判断,4,
105,105,PureLLM表格上下文回答(qwen2.5:7b),无KG/RAG/数据库/确定性规则系统,风险影响评估类,risk_mode_code,,M3_查询理解与语义检索增强,口语化/模糊检索,简单,失效模式“电池箱体进灰尘”对应的FMEA编号是什么？,LFP005,LFP005,正确,1.0,292.76,纯LLM直答,1.0,1.0,0,,1,,,5.0,,,LFP005,,FmeaID,4,
106,106,PureLLM表格上下文回答(qwen2.5:7b),无KG/RAG/数据库/确定性规则系统,风险影响评估类,risk_mode_project,,M3_查询理解与语义检索增强,口语化/模糊检索,简单,在项目/功能“电池组箱体”里，失效模式“电池箱体进灰尘”的后果是什么？,电子器件失效或损坏、影响电池组散热,影响电池组散热,错误,0.0,288.2,纯LLM直答,1.0,1.0,0,,1,电子器件失效或损坏、影响电池组散热,,,,,电子器件失效或损坏、影响电池组散热,,,4,
107,107,PureLLM表格上下文回答(qwen2.5:7b),无KG/RAG/数据库/确定性规则系统,故障原因诊断类,cause_code,,M1_编号直答,CSV直答,简单,FMEA编号“LFP006”这条的潜在失效原因/机理是什么？,电池组间隙大电池受到挤压碰撞震动,电池组间隙大电池受到挤压碰撞震动,正确,1.0,319.53,纯LLM直答,1.0,1.0,0,,1,,,,,,电池组间隙大电池受到挤压碰撞震动,,,5,
108,108,PureLLM表格上下文回答(qwen2.5:7b),无KG/RAG/数据库/确定性规则系统,风险影响评估类,effect_code,,M1_编号直答,CSV直答,简单,FMEA编号“LFP006”这条的潜在失效后果是什么？,安全事故,安全事故,正确,1.0,246.45,纯LLM直答,1.0,1.0,0,,1,,,,,,安全事故,,,5,
109,109,PureLLM表格上下文回答(qwen2.5:7b),无KG/RAG/数据库/确定性规则系统,风险影响评估类,rpn_code,,M1_编号直答,CSV直答,简单,FMEA编号“LFP006”这条的RPN是多少？,RPN=108.0,"LFP006,磷酸铁锂电池,DFMEA,电池组箱体,电池组漏液,安全事故,电池组间隙大电池受到挤压碰撞震动,9,2,6,108,,,整体震动挤压试验,现场做防震处理,,,,磷酸铁锂电池DFMEA,lfp_battery_dfmea,lfp_battery_dfmea_case,fmea_core_v1,Dfmea案例.xls,11,lfp_dfmea_20250416105822,现场做防震处理

RPN是：108",正确,1.0,1261.85,纯LLM直答,1.0,1.0,0,,1,,,108.0；108.0,,,,108.0,RPN,5,
110,110,PureLLM表格上下文回答(qwen2.5:7b),无KG/RAG/数据库/确定性规则系统,风险影响评估类,s_code,,M1_编号直答,CSV直答,简单,FMEA编号“LFP006”这条的S是多少？,S=9.0,9,正确,1.0,233.99,纯LLM直答,1.0,1.0,0,,1,,,9.0,,,,9.0,S,5,
111,111,PureLLM表格上下文回答(qwen2.5:7b),无KG/RAG/数据库/确定性规则系统,风险影响评估类,o_code,,M1_编号直答,CSV直答,简单,FMEA编号“LFP006”这条的O是多少？,O=2.0,9,错误,0.0,268.35,纯LLM直答,1.0,1.0,0,,1,,2.0,,,,,2.0,O,5,
112,112,PureLLM表格上下文回答(qwen2.5:7b),无KG/RAG/数据库/确定性规则系统,风险影响评估类,d_code,,M1_编号直答,CSV直答,简单,FMEA编号“LFP006”这条的D是多少？,D=6.0,6,正确,1.0,239.88,纯LLM直答,1.0,1.0,0,,1,,,6.0,,,,6.0,D,5,
113,113,PureLLM表格上下文回答(qwen2.5:7b),无KG/RAG/数据库/确定性规则系统,故障措施推荐类,action_code,,M1_编号直答,CSV直答,简单,FMEA编号“LFP006”这条的建议措施是什么？,现场做防震处理,现场做防震处理,正确,1.0,272.57,纯LLM直答,1.0,1.0,0,,1,,,,,,现场做防震处理,,RecommendedAction,5,
114,114,PureLLM表格上下文回答(qwen2.5:7b),无KG/RAG/数据库/确定性规则系统,故障原因诊断类,cause_mode,,M3_查询理解与语义检索增强,口语化/模糊检索,简单,失效模式“电池组漏液”对应的潜在失效原因/机理是什么？,电池组间隙大电池受到挤压碰撞震动,电池组间隙大电池受到挤压碰撞震动。,正确,1.0,297.05,纯LLM直答,1.0,1.0,0,,1,,,,,,电池组间隙大电池受到挤压碰撞震动,,,5,
115,115,PureLLM表格上下文回答(qwen2.5:7b),无KG/RAG/数据库/确定性规则系统,风险影响评估类,effect_mode,,M3_查询理解与语义检索增强,口语化/模糊检索,简单,失效模式“电池组漏液”对应的潜在失效后果是什么？,安全事故,安全事故,正确,1.0,229.15,纯LLM直答,1.0,1.0,0,,1,,,,,,安全事故,,,5,
116,116,PureLLM表格上下文回答(qwen2.5:7b),无KG/RAG/数据库/确定性规则系统,风险影响评估类,rpn_mode,,M3_查询理解与语义检索增强,口语化/模糊检索,简单,失效模式“电池组漏液”的RPN是多少？,RPN=108.0,108,正确,1.0,237.01,纯LLM直答,1.0,1.0,0,,1,,,108.0,,,,108.0,RPN,5,
117,117,PureLLM表格上下文回答(qwen2.5:7b),无KG/RAG/数据库/确定性规则系统,故障措施推荐类,action_mode,,M3_查询理解与语义检索增强,口语化/模糊检索,简单,失效模式“电池组漏液”对应的建议措施是什么？,现场做防震处理,现场做防震处理,正确,1.0,229.06,纯LLM直答,1.0,1.0,0,,1,,,,,,现场做防震处理,,RecommendedAction,5,
118,118,PureLLM表格上下文回答(qwen2.5:7b),无KG/RAG/数据库/确定性规则系统,故障原因诊断类,cause_colloquial,,M3_查询理解与语义检索增强,口语化/模糊检索,中等,在项目/功能“电池组箱体”里，失效模式“电池组漏液”这个问题，原因讲白一点是什么？,电池组间隙大电池受到挤压碰撞震动,原因：电池组间隙大电池受到挤压碰撞震动。,正确,1.0,339.77,纯LLM直答,1.0,1.0,0,,1,,,,,,电池组间隙大电池受到挤压碰撞震动,,,5,
119,119,PureLLM表格上下文回答(qwen2.5:7b),无KG/RAG/数据库/确定性规则系统,风险影响评估类,effect_colloquial,,M3_查询理解与语义检索增强,口语化/模糊检索,中等,在项目/功能“电池组箱体”里，失效模式“电池组漏液”最后会带来什么后果？,安全事故,安全事故,正确,1.0,226.97,纯LLM直答,1.0,1.0,0,,1,,,,,,安全事故,,,5,
120,120,PureLLM表格上下文回答(qwen2.5:7b),无KG/RAG/数据库/确定性规则系统,故障措施推荐类,action_colloquial,,M3_查询理解与语义检索增强,口语化/模糊检索,中等,在项目/功能“电池组箱体”里，失效模式“电池组漏液”一般怎么处理？,现场做防震处理,现场做防震处理,正确,1.0,273.07,纯LLM直答,1.0,1.0,0,,1,,,,,,现场做防震处理,,,5,
121,121,PureLLM表格上下文回答(qwen2.5:7b),无KG/RAG/数据库/确定性规则系统,风险影响评估类,risk_colloquial,,M3_查询理解与语义检索增强,口语化/模糊检索,中等,在项目/功能“电池组箱体”里，失效模式“电池组漏液”的风险最后会体现成什么？,安全事故,RPN: 108,错误,0.0,289.16,纯LLM直答,1.0,1.0,0,,1,安全事故,,,,,安全事故,,,5,
122,122,PureLLM表格上下文回答(qwen2.5:7b),无KG/RAG/数据库/确定性规则系统,故障原因诊断类,cause_bool,,M4_证据裁决,证据裁决,简单,FMEA编号“LFP006”对应的原因是否就是“电池组间隙大电池受到挤压碰撞震动”？,是,是的，FMEA编号“LFP006”对应的原因就是“电池组间隙大电池受到挤压碰撞震动”。,正确,1.0,453.29,纯LLM直答,1.0,1.0,0,,1,,,,,,,,是/否判断,5,
123,123,PureLLM表格上下文回答(qwen2.5:7b),无KG/RAG/数据库/确定性规则系统,风险影响评估类,risk_bool,,M4_证据裁决,证据裁决,简单,FMEA编号“LFP006”对应的后果是否就是“安全事故”？,是,是的，FMEA编号“LFP006”对应的后果就是“安全事故”。,正确,1.0,408.4,纯LLM直答,1.0,1.0,0,,1,,,,,,,,是/否判断,5,
124,124,PureLLM表格上下文回答(qwen2.5:7b),无KG/RAG/数据库/确定性规则系统,风险影响评估类,mode_project_bool,,M4_证据裁决,证据裁决,简单,失效模式“电池组漏液”是不是出现在项目/功能“电池组箱体”里？,是,是的，失效模式“电池组漏液”出现在项目/功能“电池组箱体”里。相关行的 FMEA 编号为 LFP006。,正确,1.0,534.87,纯LLM直答,1.0,1.0,0,,1,,,,,,,,是/否判断,5,
125,125,PureLLM表格上下文回答(qwen2.5:7b),无KG/RAG/数据库/确定性规则系统,风险影响评估类,risk_mode_code,,M3_查询理解与语义检索增强,口语化/模糊检索,简单,失效模式“电池组漏液”对应的FMEA编号是什么？,LFP006,LFP006,正确,1.0,261.24,纯LLM直答,1.0,1.0,0,,1,,,6.0,,,LFP006,,FmeaID,5,
126,126,PureLLM表格上下文回答(qwen2.5:7b),无KG/RAG/数据库/确定性规则系统,风险影响评估类,risk_mode_project,,M3_查询理解与语义检索增强,口语化/模糊检索,简单,在项目/功能“电池组箱体”里，失效模式“电池组漏液”的后果是什么？,安全事故,安全事故,正确,1.0,250.33,纯LLM直答,1.0,1.0,0,,1,,,,,,安全事故,,,5,
127,127,PureLLM表格上下文回答(qwen2.5:7b),无KG/RAG/数据库/确定性规则系统,风险影响评估类,project_avg_rpn,,M2_规则推理,规则推理,中等,项目/功能“绝缘注塑件”的平均RPN是多少？,平均RPN=20.00,20,正确,1.0,272.2,纯LLM直答,1.0,1.0,0,,1,,,20.0,,,,20.0,RPN,6,
128,128,PureLLM表格上下文回答(qwen2.5:7b),无KG/RAG/数据库/确定性规则系统,风险影响评估类,project_top_mode,,M2_规则推理,规则推理,中等,项目/功能“绝缘注塑件”里RPN最高的失效模式是什么？,注塑件起火；RPN=20.0,"LFP007,磷酸铁锂电池,DFMEA,绝缘注塑件,注塑件起火,安全事故,绝缘注塑件不阻燃,10,1,6,20,,,阻燃、绝缘试验,更换绝缘注塑件,,,,磷酸铁锂电池DFMEA,lfp_battery_dfmea,lfp_battery_dfmea_case,fmea_core_v1,Dfmea案例.xls,12,lfp_dfmea_20250416105822,更换绝缘注塑件",正确,1.0,1177.97,纯LLM直答,1.0,1.0,0,,1,,,20.0,,,注塑件起火,20.0,FailureMode；RPN,6,
129,129,PureLLM表格上下文回答(qwen2.5:7b),无KG/RAG/数据库/确定性规则系统,风险影响评估类,project_top_effect,,M2_规则推理,规则推理,中等,项目/功能“绝缘注塑件”里RPN最高的那条，它的后果是什么？,安全事故,安全事故,正确,1.0,234.24,纯LLM直答,1.0,1.0,0,1.0,1,,,,,,安全事故,,FailureEffect,6,
130,130,PureLLM表格上下文回答(qwen2.5:7b),无KG/RAG/数据库/确定性规则系统,故障原因诊断类,cause_code,,M1_编号直答,CSV直答,简单,FMEA编号“LFP007”这条的潜在失效原因/机理是什么？,绝缘注塑件不阻燃,绝缘注塑件不阻燃,正确,1.0,290.96,纯LLM直答,1.0,1.0,0,,1,,,,,,绝缘注塑件不阻燃,,,6,
131,131,PureLLM表格上下文回答(qwen2.5:7b),无KG/RAG/数据库/确定性规则系统,风险影响评估类,effect_code,,M1_编号直答,CSV直答,简单,FMEA编号“LFP007”这条的潜在失效后果是什么？,安全事故,安全事故,正确,1.0,257.75,纯LLM直答,1.0,1.0,0,,1,,,,,,安全事故,,,6,
132,132,PureLLM表格上下文回答(qwen2.5:7b),无KG/RAG/数据库/确定性规则系统,风险影响评估类,rpn_code,,M1_编号直答,CSV直答,简单,FMEA编号“LFP007”这条的RPN是多少？,RPN=20.0,RPN是20。,正确,1.0,275.36,纯LLM直答,1.0,1.0,0,,1,,,20.0,,,,20.0,RPN,6,
133,133,PureLLM表格上下文回答(qwen2.5:7b),无KG/RAG/数据库/确定性规则系统,风险影响评估类,s_code,,M1_编号直答,CSV直答,简单,FMEA编号“LFP007”这条的S是多少？,S=10.0,S是10。,正确,1.0,239.86,纯LLM直答,1.0,1.0,0,,1,,,10.0,,,,10.0,S,6,
134,134,PureLLM表格上下文回答(qwen2.5:7b),无KG/RAG/数据库/确定性规则系统,风险影响评估类,o_code,,M1_编号直答,CSV直答,简单,FMEA编号“LFP007”这条的O是多少？,O=1.0,O是1。,正确,1.0,263.87,纯LLM直答,1.0,1.0,0,,1,,,1.0,,,,1.0,O,6,
135,135,PureLLM表格上下文回答(qwen2.5:7b),无KG/RAG/数据库/确定性规则系统,风险影响评估类,d_code,,M1_编号直答,CSV直答,简单,FMEA编号“LFP007”这条的D是多少？,D=6.0,6,正确,1.0,254.75,纯LLM直答,1.0,1.0,0,,1,,,6.0,,,,6.0,D,6,
136,136,PureLLM表格上下文回答(qwen2.5:7b),无KG/RAG/数据库/确定性规则系统,故障措施推荐类,action_code,,M1_编号直答,CSV直答,简单,FMEA编号“LFP007”这条的建议措施是什么？,更换绝缘注塑件,更换绝缘注塑件,正确,1.0,277.99,纯LLM直答,1.0,1.0,0,,1,,,,,,更换绝缘注塑件,,RecommendedAction,6,
137,137,PureLLM表格上下文回答(qwen2.5:7b),无KG/RAG/数据库/确定性规则系统,故障原因诊断类,cause_mode,,M3_查询理解与语义检索增强,口语化/模糊检索,简单,失效模式“注塑件起火”对应的潜在失效原因/机理是什么？,绝缘注塑件不阻燃,"失效模式“注塑件起火”对应的潜在失效原因是：
绝缘注塑件不阻燃。",正确,1.0,420.36,纯LLM直答,1.0,1.0,0,,1,,,,,,绝缘注塑件不阻燃,,,6,
138,138,PureLLM表格上下文回答(qwen2.5:7b),无KG/RAG/数据库/确定性规则系统,风险影响评估类,effect_mode,,M3_查询理解与语义检索增强,口语化/模糊检索,简单,失效模式“注塑件起火”对应的潜在失效后果是什么？,安全事故,失效模式“注塑件起火”的潜在失效后果是安全事故。,正确,1.0,336.96,纯LLM直答,1.0,1.0,0,,1,,,,,,安全事故,,,6,
139,139,PureLLM表格上下文回答(qwen2.5:7b),无KG/RAG/数据库/确定性规则系统,风险影响评估类,rpn_mode,,M3_查询理解与语义检索增强,口语化/模糊检索,简单,失效模式“注塑件起火”的RPN是多少？,RPN=20.0,失效模式“注塑件起火”的RPN是20。,正确,1.0,356.57,纯LLM直答,1.0,1.0,0,,1,,,20.0,,,,20.0,RPN,6,
140,140,PureLLM表格上下文回答(qwen2.5:7b),无KG/RAG/数据库/确定性规则系统,故障措施推荐类,action_mode,,M3_查询理解与语义检索增强,口语化/模糊检索,简单,失效模式“注塑件起火”对应的建议措施是什么？,更换绝缘注塑件,更换绝缘注塑件,正确,1.0,283.17,纯LLM直答,1.0,1.0,0,,1,,,,,,更换绝缘注塑件,,RecommendedAction,6,
141,141,PureLLM表格上下文回答(qwen2.5:7b),无KG/RAG/数据库/确定性规则系统,故障原因诊断类,cause_colloquial,,M3_查询理解与语义检索增强,口语化/模糊检索,中等,在项目/功能“绝缘注塑件”里，失效模式“注塑件起火”这个问题，原因讲白一点是什么？,绝缘注塑件不阻燃,失效原因: 绝缘注塑件不阻燃。,正确,1.0,361.6,纯LLM直答,1.0,1.0,0,,1,,,,,,绝缘注塑件不阻燃,,,6,
142,142,PureLLM表格上下文回答(qwen2.5:7b),无KG/RAG/数据库/确定性规则系统,风险影响评估类,effect_colloquial,,M3_查询理解与语义检索增强,口语化/模糊检索,中等,在项目/功能“绝缘注塑件”里，失效模式“注塑件起火”最后会带来什么后果？,安全事故,安全事故,正确,1.0,228.15,纯LLM直答,1.0,1.0,0,,1,,,,,,安全事故,,,6,
143,143,PureLLM表格上下文回答(qwen2.5:7b),无KG/RAG/数据库/确定性规则系统,故障措施推荐类,action_colloquial,,M3_查询理解与语义检索增强,口语化/模糊检索,中等,在项目/功能“绝缘注塑件”里，失效模式“注塑件起火”一般怎么处理？,更换绝缘注塑件,"在项目/功能“绝缘注塑件”里，失效模式“注塑件起火”的处理方式为：

更换绝缘注塑件。",正确,1.0,486.7,纯LLM直答,1.0,1.0,0,,1,,,,,,更换绝缘注塑件,,,6,
144,144,PureLLM表格上下文回答(qwen2.5:7b),无KG/RAG/数据库/确定性规则系统,风险影响评估类,risk_colloquial,,M3_查询理解与语义检索增强,口语化/模糊检索,中等,在项目/功能“绝缘注塑件”里，失效模式“注塑件起火”的风险最后会体现成什么？,安全事故,"RPN: 10,1,6,20",错误,0.0,315.23,纯LLM直答,1.0,1.0,0,,1,安全事故,,,,,安全事故,,,6,
145,145,PureLLM表格上下文回答(qwen2.5:7b),无KG/RAG/数据库/确定性规则系统,故障原因诊断类,cause_bool,,M4_证据裁决,证据裁决,简单,FMEA编号“LFP007”对应的原因是否就是“绝缘注塑件不阻燃”？,是,是的，FMEA编号“LFP007”对应的原因就是“绝缘注塑件不阻燃”。,正确,1.0,446.42,纯LLM直答,1.0,1.0,0,,1,,,,,,,,是/否判断,6,
146,146,PureLLM表格上下文回答(qwen2.5:7b),无KG/RAG/数据库/确定性规则系统,风险影响评估类,risk_bool,,M4_证据裁决,证据裁决,简单,FMEA编号“LFP007”对应的后果是否就是“安全事故”？,是,是的，FMEA编号“LFP007”对应的后果是“安全事故”。,正确,1.0,388.22,纯LLM直答,1.0,1.0,0,,1,,,,,,,,是/否判断,6,
147,147,PureLLM表格上下文回答(qwen2.5:7b),无KG/RAG/数据库/确定性规则系统,风险影响评估类,mode_project_bool,,M4_证据裁决,证据裁决,简单,失效模式“注塑件起火”是不是出现在项目/功能“绝缘注塑件”里？,是,是的，失效模式“注塑件起火”出现在项目/功能“绝缘注塑件”里。相关行的FMEA编号为LFP007。,正确,1.0,534.64,纯LLM直答,1.0,1.0,0,,1,,,,,,,,是/否判断,6,
148,148,PureLLM表格上下文回答(qwen2.5:7b),无KG/RAG/数据库/确定性规则系统,风险影响评估类,risk_mode_code,,M3_查询理解与语义检索增强,口语化/模糊检索,简单,失效模式“注塑件起火”对应的FMEA编号是什么？,LFP007,LFP007,正确,1.0,275.86,纯LLM直答,1.0,1.0,0,,1,,,7.0,,,LFP007,,FmeaID,6,
149,149,PureLLM表格上下文回答(qwen2.5:7b),无KG/RAG/数据库/确定性规则系统,风险影响评估类,risk_mode_project,,M3_查询理解与语义检索增强,口语化/模糊检索,简单,在项目/功能“绝缘注塑件”里，失效模式“注塑件起火”的后果是什么？,安全事故,安全事故,正确,1.0,240.35,纯LLM直答,1.0,1.0,0,,1,,,,,,安全事故,,,6,
150,150,PureLLM表格上下文回答(qwen2.5:7b),无KG/RAG/数据库/确定性规则系统,风险影响评估类,project_avg_rpn,,M2_规则推理,规则推理,中等,项目/功能“电池壳体”的平均RPN是多少？,平均RPN=96.00,"首先，我们需要找出所有与“电池壳体”相关的行，并计算它们的RPN值。

相关行有：
- LFP008: RPN = 84
- LFP009: RPN = 108

平均RPN = (84 + 108) / 2 = 96

答案：项目/功能“电池壳体”的平均RPN是96。",正确,1.0,991.08,纯LLM直答,1.0,0.0,0,,1,,,96.0；96.0,,,,96.0,RPN,8,
151,151,PureLLM表格上下文回答(qwen2.5:7b),无KG/RAG/数据库/确定性规则系统,风险影响评估类,project_top_mode,,M2_规则推理,规则推理,中等,项目/功能“电池壳体”里RPN最高的失效模式是什么？,电池漏液；RPN=108.0,"LFP009,磷酸铁锂电池,DFMEA,电池壳体,电池漏液,安全事故,外力损伤；碰撞、安装不规范造成密封结构破坏；制造原因：焊接缺陷、封合胶量不足造成密封性能不好。,9,2,6,108,,,单体震动挤压试验,更换电池,,,,磷酸铁锂电池DFMEA,lfp_battery_dfmea,lfp_battery_dfmea_case,fmea_core_v1,Dfmea案例.xls,14,lfp_dfmea_20250416105822,更换电池",正确,1.0,1298.96,纯LLM直答,1.0,1.0,0,,1,,,108.0,,,电池漏液,108.0,FailureMode；RPN,8,
152,152,PureLLM表格上下文回答(qwen2.5:7b),无KG/RAG/数据库/确定性规则系统,风险影响评估类,project_top_effect,,M2_规则推理,规则推理,中等,项目/功能“电池壳体”里RPN最高的那条，它的后果是什么？,安全事故,"项目/功能“电池壳体”里RPN最高的那条是LFP009，其RPN为108。它的后果是：

外力损伤；碰撞、安装不规范造成密封结构破坏；制造原因：焊接缺陷、封合胶量不足造成密封性能不好。",错误,0.0,745.47,纯LLM直答,1.0,1.0,0,1.0,1,安全事故,,,,,安全事故,,FailureEffect,8,
153,153,PureLLM表格上下文回答(qwen2.5:7b),无KG/RAG/数据库/确定性规则系统,故障原因诊断类,cause_code,,M1_编号直答,CSV直答,简单,FMEA编号“LFP008”这条的潜在失效原因/机理是什么？,电池壳体密封不严,电池壳体密封不严。,正确,1.0,301.98,纯LLM直答,1.0,1.0,0,,1,,,,,,电池壳体密封不严,,,7,
154,154,PureLLM表格上下文回答(qwen2.5:7b),无KG/RAG/数据库/确定性规则系统,风险影响评估类,effect_code,,M1_编号直答,CSV直答,简单,FMEA编号“LFP008”这条的潜在失效后果是什么？,电池容量降低,电池容量降低,正确,1.0,263.83,纯LLM直答,1.0,1.0,0,,1,,,,,,电池容量降低,,,7,
155,155,PureLLM表格上下文回答(qwen2.5:7b),无KG/RAG/数据库/确定性规则系统,风险影响评估类,rpn_code,,M1_编号直答,CSV直答,简单,FMEA编号“LFP008”这条的RPN是多少？,RPN=84.0,"LFP008,磷酸铁锂电池,DFMEA,电池壳体,电解液挥发,电池容量降低,电池壳体密封不严,7,2,6,84,,,",正确,1.0,580.51,纯LLM直答,1.0,1.0,0,,1,,,84.0,,,,84.0,RPN,7,
156,156,PureLLM表格上下文回答(qwen2.5:7b),无KG/RAG/数据库/确定性规则系统,风险影响评估类,s_code,,M1_编号直答,CSV直答,简单,FMEA编号“LFP008”这条的S是多少？,S=7.0,7,正确,1.0,234.15,纯LLM直答,1.0,1.0,0,,1,,,7.0,,,,7.0,S,7,
157,157,PureLLM表格上下文回答(qwen2.5:7b),无KG/RAG/数据库/确定性规则系统,风险影响评估类,o_code,,M1_编号直答,CSV直答,简单,FMEA编号“LFP008”这条的O是多少？,O=2.0,2,正确,1.0,245.01,纯LLM直答,1.0,1.0,0,,1,,,2.0,,,,2.0,O,7,
158,158,PureLLM表格上下文回答(qwen2.5:7b),无KG/RAG/数据库/确定性规则系统,风险影响评估类,d_code,,M1_编号直答,CSV直答,简单,FMEA编号“LFP008”这条的D是多少？,D=6.0,6,正确,1.0,241.22,纯LLM直答,1.0,1.0,0,,1,,,6.0,,,,6.0,D,7,
159,159,PureLLM表格上下文回答(qwen2.5:7b),无KG/RAG/数据库/确定性规则系统,故障措施推荐类,action_code,,M1_编号直答,CSV直答,简单,FMEA编号“LFP008”这条的建议措施是什么？,更换电池,更换电池,正确,1.0,216.12,纯LLM直答,1.0,1.0,0,,1,,,,,,更换电池,,RecommendedAction,7,
160,160,PureLLM表格上下文回答(qwen2.5:7b),无KG/RAG/数据库/确定性规则系统,故障原因诊断类,cause_mode,,M3_查询理解与语义检索增强,口语化/模糊检索,简单,失效模式“电解液挥发”对应的潜在失效原因/机理是什么？,电池壳体密封不严,"失效模式“电解液挥发”对应的潜在失效原因/机理是：
电池壳体密封不严。",正确,1.0,421.26,纯LLM直答,1.0,1.0,0,,1,,,,,,电池壳体密封不严,,,7,
161,161,PureLLM表格上下文回答(qwen2.5:7b),无KG/RAG/数据库/确定性规则系统,风险影响评估类,effect_mode,,M3_查询理解与语义检索增强,口语化/模糊检索,简单,失效模式“电解液挥发”对应的潜在失效后果是什么？,电池容量降低,失效模式“电解液挥发”对应的潜在失效后果是电池容量降低。,正确,1.0,353.65,纯LLM直答,1.0,1.0,0,,1,,,,,,电池容量降低,,,7,
162,162,PureLLM表格上下文回答(qwen2.5:7b),无KG/RAG/数据库/确定性规则系统,风险影响评估类,rpn_mode,,M3_查询理解与语义检索增强,口语化/模糊检索,简单,失效模式“电解液挥发”的RPN是多少？,RPN=84.0,84,正确,1.0,247.91,纯LLM直答,1.0,1.0,0,,1,,,84.0,,,,84.0,RPN,7,
163,163,PureLLM表格上下文回答(qwen2.5:7b),无KG/RAG/数据库/确定性规则系统,故障措施推荐类,action_mode,,M3_查询理解与语义检索增强,口语化/模糊检索,简单,失效模式“电解液挥发”对应的建议措施是什么？,更换电池,更换电池,正确,1.0,248.43,纯LLM直答,1.0,1.0,0,,1,,,,,,更换电池,,RecommendedAction,7,
164,164,PureLLM表格上下文回答(qwen2.5:7b),无KG/RAG/数据库/确定性规则系统,故障原因诊断类,cause_colloquial,,M3_查询理解与语义检索增强,口语化/模糊检索,中等,在项目/功能“电池壳体”里，失效模式“电解液挥发”这个问题，原因讲白一点是什么？,电池壳体密封不严,电池壳体密封不严。,正确,1.0,303.71,纯LLM直答,1.0,1.0,0,,1,,,,,,电池壳体密封不严,,,7,
165,165,PureLLM表格上下文回答(qwen2.5:7b),无KG/RAG/数据库/确定性规则系统,风险影响评估类,effect_colloquial,,M3_查询理解与语义检索增强,口语化/模糊检索,中等,在项目/功能“电池壳体”里，失效模式“电解液挥发”最后会带来什么后果？,电池容量降低,电池容量降低,正确,1.0,260.14,纯LLM直答,1.0,1.0,0,,1,,,,,,电池容量降低,,,7,
166,166,PureLLM表格上下文回答(qwen2.5:7b),无KG/RAG/数据库/确定性规则系统,故障措施推荐类,action_colloquial,,M3_查询理解与语义检索增强,口语化/模糊检索,中等,在项目/功能“电池壳体”里，失效模式“电解液挥发”一般怎么处理？,更换电池,"LFP008,磷酸铁锂电池,DFMEA,电池壳体,电解液挥发,电池容量降低,电池壳体密封不严,7,2,6,84,,,,更换电池,,,,磷酸铁锂电池DFMEA,lfp_battery_dfmea,lfp_battery_dfmea_case,fmea_core_v1,Dfmea案例.xls,13,lfp_dfmea_20250416105822,更换电池",正确,1.0,1057.33,纯LLM直答,1.0,1.0,0,,1,,,,,,更换电池,,,7,
167,167,PureLLM表格上下文回答(qwen2.5:7b),无KG/RAG/数据库/确定性规则系统,风险影响评估类,risk_colloquial,,M3_查询理解与语义检索增强,口语化/模糊检索,中等,在项目/功能“电池壳体”里，失效模式“电解液挥发”的风险最后会体现成什么？,电池容量降低,RPN: 84,错误,0.0,253.24,纯LLM直答,1.0,1.0,0,,1,电池容量降低,,,,,电池容量降低,,,7,
168,168,PureLLM表格上下文回答(qwen2.5:7b),无KG/RAG/数据库/确定性规则系统,故障原因诊断类,cause_bool,,M4_证据裁决,证据裁决,简单,FMEA编号“LFP008”对应的原因是否就是“电池壳体密封不严”？,是,是的，FMEA编号“LFP008”对应的原因就是“电池壳体密封不严”。,正确,1.0,418.15,纯LLM直答,1.0,1.0,0,,1,,,,,,,,是/否判断,7,
169,169,PureLLM表格上下文回答(qwen2.5:7b),无KG/RAG/数据库/确定性规则系统,风险影响评估类,risk_bool,,M4_证据裁决,证据裁决,简单,FMEA编号“LFP008”对应的后果是否就是“电池容量降低”？,是,是的，FMEA编号“LFP008”对应的后果就是“电池容量降低”。,正确,1.0,352.32,纯LLM直答,1.0,1.0,0,,1,,,,,,,,是/否判断,7,
170,170,PureLLM表格上下文回答(qwen2.5:7b),无KG/RAG/数据库/确定性规则系统,风险影响评估类,mode_project_bool,,M4_证据裁决,证据裁决,简单,失效模式“电解液挥发”是不是出现在项目/功能“电池壳体”里？,是,是的，失效模式“电解液挥发”出现在项目/功能“电池壳体”里。相关行的FMEA编号为LFP008。,正确,1.0,512.17,纯LLM直答,1.0,1.0,0,,1,,,,,,,,是/否判断,7,
171,171,PureLLM表格上下文回答(qwen2.5:7b),无KG/RAG/数据库/确定性规则系统,风险影响评估类,risk_mode_code,,M3_查询理解与语义检索增强,口语化/模糊检索,简单,失效模式“电解液挥发”对应的FMEA编号是什么？,LFP008,LFP008,正确,1.0,262.53,纯LLM直答,1.0,1.0,0,,1,,,8.0,,,LFP008,,FmeaID,7,
172,172,PureLLM表格上下文回答(qwen2.5:7b),无KG/RAG/数据库/确定性规则系统,风险影响评估类,risk_mode_project,,M3_查询理解与语义检索增强,口语化/模糊检索,简单,在项目/功能“电池壳体”里，失效模式“电解液挥发”的后果是什么？,电池容量降低,失效模式“电解液挥发”的后果是“电池容量降低”。,正确,1.0,340.28,纯LLM直答,1.0,1.0,0,,1,,,,,,电池容量降低,,,7,
173,173,PureLLM表格上下文回答(qwen2.5:7b),无KG/RAG/数据库/确定性规则系统,故障原因诊断类,cause_code,,M1_编号直答,CSV直答,简单,FMEA编号“LFP009”这条的潜在失效原因/机理是什么？,外力损伤；碰撞、安装不规范造成密封结构破坏；制造原因：焊接缺陷、封合胶量不足造成密封性能不好。,外力损伤；碰撞、安装不规范造成密封结构破坏；制造原因：焊接缺陷、封合胶量不足造成密封性能不好。,正确,1.0,478.73,纯LLM直答,1.0,1.0,0,,1,,,,,,外力损伤；碰撞、安装不规范造成密封结构破坏；制造原因：焊接缺陷、封合胶量不足造成密封性能不好。,,,8,
174,174,PureLLM表格上下文回答(qwen2.5:7b),无KG/RAG/数据库/确定性规则系统,风险影响评估类,effect_code,,M1_编号直答,CSV直答,简单,FMEA编号“LFP009”这条的潜在失效后果是什么？,安全事故,FMEA编号“LFP009”的潜在失效后果是：外力损伤；碰撞、安装不规范造成密封结构破坏；制造原因：焊接缺陷、封合胶量不足造成密封性能不好。,错误,0.0,589.05,纯LLM直答,1.0,1.0,0,,1,安全事故,,,,,安全事故,,,8,
175,175,PureLLM表格上下文回答(qwen2.5:7b),无KG/RAG/数据库/确定性规则系统,风险影响评估类,rpn_code,,M1_编号直答,CSV直答,简单,FMEA编号“LFP009”这条的RPN是多少？,RPN=108.0,"LFP009,磷酸铁锂电池,DFMEA,电池壳体,电池漏液,安全事故,外力损伤；碰撞、安装不规范造成密封结构破坏；制造原因：焊接缺陷、封合胶量不足造成密封性能不好。,9,2,6,108,,,单体震动挤压试验,更换电池,,,,磷酸铁锂电池DFMEA,lfp_battery_dfmea,lfp_battery_dfmea_case,fmea_core_v1,Dfmea案例.xls,14,lfp_dfmea_20250416105822,更换电池

RPN是：108",正确,1.0,1384.89,纯LLM直答,1.0,1.0,0,,1,,,108.0；108.0,,,,108.0,RPN,8,
176,176,PureLLM表格上下文回答(qwen2.5:7b),无KG/RAG/数据库/确定性规则系统,风险影响评估类,s_code,,M1_编号直答,CSV直答,简单,FMEA编号“LFP009”这条的S是多少？,S=9.0,9,正确,1.0,237.88,纯LLM直答,1.0,1.0,0,,1,,,9.0,,,,9.0,S,8,
177,177,PureLLM表格上下文回答(qwen2.5:7b),无KG/RAG/数据库/确定性规则系统,风险影响评估类,o_code,,M1_编号直答,CSV直答,简单,FMEA编号“LFP009”这条的O是多少？,O=2.0,2,正确,1.0,234.9,纯LLM直答,1.0,1.0,0,,1,,,2.0,,,,2.0,O,8,
178,178,PureLLM表格上下文回答(qwen2.5:7b),无KG/RAG/数据库/确定性规则系统,风险影响评估类,d_code,,M1_编号直答,CSV直答,简单,FMEA编号“LFP009”这条的D是多少？,D=6.0,6,正确,1.0,247.53,纯LLM直答,1.0,1.0,0,,1,,,6.0,,,,6.0,D,8,
179,179,PureLLM表格上下文回答(qwen2.5:7b),无KG/RAG/数据库/确定性规则系统,故障措施推荐类,action_code,,M1_编号直答,CSV直答,简单,FMEA编号“LFP009”这条的建议措施是什么？,更换电池,更换电池,正确,1.0,250.97,纯LLM直答,1.0,1.0,0,,1,,,,,,更换电池,,RecommendedAction,8,
180,180,PureLLM表格上下文回答(qwen2.5:7b),无KG/RAG/数据库/确定性规则系统,故障原因诊断类,cause_mode,,M3_查询理解与语义检索增强,口语化/模糊检索,简单,失效模式“电池漏液”对应的潜在失效原因/机理是什么？,外力损伤；碰撞、安装不规范造成密封结构破坏；制造原因：焊接缺陷、封合胶量不足造成密封性能不好。,外力损伤；碰撞、安装不规范造成密封结构破坏；制造原因：焊接缺陷、封合胶量不足造成密封性能不好。,正确,1.0,494.21,纯LLM直答,1.0,1.0,0,,1,,,,,,外力损伤；碰撞、安装不规范造成密封结构破坏；制造原因：焊接缺陷、封合胶量不足造成密封性能不好。,,,8,
181,181,PureLLM表格上下文回答(qwen2.5:7b),无KG/RAG/数据库/确定性规则系统,风险影响评估类,effect_mode,,M3_查询理解与语义检索增强,口语化/模糊检索,简单,失效模式“电池漏液”对应的潜在失效后果是什么？,安全事故,安全事故,正确,1.0,216.37,纯LLM直答,1.0,1.0,0,,1,,,,,,安全事故,,,8,
182,182,PureLLM表格上下文回答(qwen2.5:7b),无KG/RAG/数据库/确定性规则系统,风险影响评估类,rpn_mode,,M3_查询理解与语义检索增强,口语化/模糊检索,简单,失效模式“电池漏液”的RPN是多少？,RPN=108.0,108,正确,1.0,255.8,纯LLM直答,1.0,1.0,0,,1,,,108.0,,,,108.0,RPN,8,
183,183,PureLLM表格上下文回答(qwen2.5:7b),无KG/RAG/数据库/确定性规则系统,故障措施推荐类,action_mode,,M3_查询理解与语义检索增强,口语化/模糊检索,简单,失效模式“电池漏液”对应的建议措施是什么？,更换电池,更换电池,正确,1.0,241.3,纯LLM直答,1.0,1.0,0,,1,,,,,,更换电池,,RecommendedAction,8,
184,184,PureLLM表格上下文回答(qwen2.5:7b),无KG/RAG/数据库/确定性规则系统,故障原因诊断类,cause_colloquial,,M3_查询理解与语义检索增强,口语化/模糊检索,中等,在项目/功能“电池壳体”里，失效模式“电池漏液”这个问题，原因讲白一点是什么？,外力损伤；碰撞、安装不规范造成密封结构破坏；制造原因：焊接缺陷、封合胶量不足造成密封性能不好。,外力损伤；碰撞、安装不规范造成密封结构破坏；制造原因：焊接缺陷、封合胶量不足造成密封性能不好。,正确,1.0,487.07,纯LLM直答,1.0,1.0,0,,1,,,,,,外力损伤；碰撞、安装不规范造成密封结构破坏；制造原因：焊接缺陷、封合胶量不足造成密封性能不好。,,,8,
185,185,PureLLM表格上下文回答(qwen2.5:7b),无KG/RAG/数据库/确定性规则系统,风险影响评估类,effect_colloquial,,M3_查询理解与语义检索增强,口语化/模糊检索,中等,在项目/功能“电池壳体”里，失效模式“电池漏液”最后会带来什么后果？,安全事故,安全事故,正确,1.0,202.88,纯LLM直答,1.0,1.0,0,,1,,,,,,安全事故,,,8,
186,186,PureLLM表格上下文回答(qwen2.5:7b),无KG/RAG/数据库/确定性规则系统,故障措施推荐类,action_colloquial,,M3_查询理解与语义检索增强,口语化/模糊检索,中等,在项目/功能“电池壳体”里，失效模式“电池漏液”一般怎么处理？,更换电池,"LFP009,磷酸铁锂电池,DFMEA,电池壳体,电池漏液,安全事故,外力损伤；碰撞、安装不规范造成密封结构破坏；制造原因：焊接缺陷、封合胶量不足造成密封性能不好。,9,2,6,108,,,单体震动挤压试验,更换电池,,,,",正确,1.0,856.77,纯LLM直答,1.0,1.0,0,,1,,,,,,更换电池,,,8,
187,187,PureLLM表格上下文回答(qwen2.5:7b),无KG/RAG/数据库/确定性规则系统,风险影响评估类,risk_colloquial,,M3_查询理解与语义检索增强,口语化/模糊检索,中等,在项目/功能“电池壳体”里，失效模式“电池漏液”的风险最后会体现成什么？,安全事故,"RPN: 108
ActionPriority: 
PreventControl: 
DetectionMeasure: 单体震动挤压试验
RecommendedAction: 更换电池
ActionStatus: 
ActionResult: 
Remark: 
Domain: 磷酸铁锂电池DFMEA
DatasetID: lfp_battery_dfmea
ProjectID: lfp_battery_dfmea_case
SchemaVersion: fmea_core_v1
SourceFile: Dfmea案例.xls
SourceRowNo: 14
ImportBatchID: lfp_dfmea_20250416105822",错误,0.0,1303.8,纯LLM直答,1.0,1.0,0,,1,安全事故,,,,,安全事故,,,8,
188,188,PureLLM表格上下文回答(qwen2.5:7b),无KG/RAG/数据库/确定性规则系统,故障原因诊断类,cause_bool,,M4_证据裁决,证据裁决,简单,FMEA编号“LFP009”对应的原因是否就是“外力损伤；碰撞、安装不规范造成密封结构破坏；制造原因：焊接缺陷、封合胶量不足造成密封性能不好。”？,是,是的，FMEA编号“LFP009”对应的原因就是“外力损伤；碰撞、安装不规范造成密封结构破坏；制造原因：焊接缺陷、封合胶量不足造成密封性能不好。”,正确,1.0,591.92,纯LLM直答,1.0,1.0,0,,1,,,,,,,,是/否判断,8,
189,189,PureLLM表格上下文回答(qwen2.5:7b),无KG/RAG/数据库/确定性规则系统,风险影响评估类,risk_bool,,M4_证据裁决,证据裁决,简单,FMEA编号“LFP009”对应的后果是否就是“安全事故”？,是,是的，FMEA编号“LFP009”对应的后果是“安全事故”。,正确,1.0,352.27,纯LLM直答,1.0,1.0,0,,1,,,,,,,,是/否判断,8,
190,190,PureLLM表格上下文回答(qwen2.5:7b),无KG/RAG/数据库/确定性规则系统,风险影响评估类,mode_project_bool,,M4_证据裁决,证据裁决,简单,失效模式“电池漏液”是不是出现在项目/功能“电池壳体”里？,是,是的，失效模式“电池漏液”出现在项目/功能“电池壳体”里。相关行的 FMEA 编号为 LFP009。,正确,1.0,522.97,纯LLM直答,1.0,1.0,0,,1,,,,,,,,是/否判断,8,
191,191,PureLLM表格上下文回答(qwen2.5:7b),无KG/RAG/数据库/确定性规则系统,风险影响评估类,risk_mode_code,,M3_查询理解与语义检索增强,口语化/模糊检索,简单,失效模式“电池漏液”对应的FMEA编号是什么？,LFP009,LFP009,正确,1.0,260.65,纯LLM直答,1.0,1.0,0,,1,,,9.0,,,LFP009,,FmeaID,8,
192,192,PureLLM表格上下文回答(qwen2.5:7b),无KG/RAG/数据库/确定性规则系统,风险影响评估类,risk_mode_project,,M3_查询理解与语义检索增强,口语化/模糊检索,简单,在项目/功能“电池壳体”里，失效模式“电池漏液”的后果是什么？,安全事故,安全事故,正确,1.0,236.65,纯LLM直答,1.0,1.0,0,,1,,,,,,安全事故,,,8,
193,193,PureLLM表格上下文回答(qwen2.5:7b),无KG/RAG/数据库/确定性规则系统,风险影响评估类,project_avg_rpn,,M2_规则推理,规则推理,中等,项目/功能“高压箱”的平均RPN是多少？,平均RPN=103.00,"首先，我们需要找出所有与“高压箱”相关的FMEA记录，并计算它们的RPN值。

相关记录如下：
- LFP010: RPN = 120
- LFP011: RPN = 18
- LFP012: RPN = 180
- LFP013: RPN = 120
- LFP014: RPN = 90
- LFP015: RPN = 90

计算平均RPN：
\[ \text{平均RPN} = \frac{120 + 18 + 180 + 120 + 90 + 90}{6} = \frac{528}{6} = 88 \]

答案：项目/功能“高压箱”的平均RPN是88。",错误,0.0,1801.06,纯LLM直答,1.0,0.0,1,,1,,103.0,,,528.0；88.0；88.0,,103.0,RPN,11,
194,194,PureLLM表格上下文回答(qwen2.5:7b),无KG/RAG/数据库/确定性规则系统,风险影响评估类,project_top_mode,,M2_规则推理,规则推理,中等,项目/功能“高压箱”里RPN最高的失效模式是什么？,输出不受控制；RPN=180.0,"LFP010,磷酸铁锂电池,DFMEA,高压箱,漏电,安全事故,无有效保护措施,10,2,6,120,,提高防护等级,漏电检测,现场做防护处理,,,,磷酸铁锂电池DFMEA,lfp_battery_dfmea,lfp_battery_dfmea_case,fmea_core_v1,Dfmea案例.xls,15,lfp_dfmea_20250416105822,现场做防护处理",错误,0.0,1118.3,纯LLM直答,1.0,1.0,0,,1,输出不受控制,180.0,,,,输出不受控制,180.0,FailureMode；RPN,11,
195,195,PureLLM表格上下文回答(qwen2.5:7b),无KG/RAG/数据库/确定性规则系统,风险影响评估类,project_top_effect,,M2_规则推理,规则推理,中等,项目/功能“高压箱”里RPN最高的那条，它的后果是什么？,安全事故,项目/功能“高压箱”里RPN最高的那条是LFP010，它的后果是提高防护等级。,错误,0.0,461.97,纯LLM直答,1.0,1.0,0,1.0,1,安全事故,,,,,安全事故,,FailureEffect,11,
196,196,PureLLM表格上下文回答(qwen2.5:7b),无KG/RAG/数据库/确定性规则系统,故障原因诊断类,cause_code,,M1_编号直答,CSV直答,简单,FMEA编号“LFP010”这条的潜在失效原因/机理是什么？,无有效保护措施,无有效保护措施,正确,1.0,263.35,纯LLM直答,1.0,1.0,0,,1,,,,,,无有效保护措施,,,9,
197,197,PureLLM表格上下文回答(qwen2.5:7b),无KG/RAG/数据库/确定性规则系统,风险影响评估类,effect_code,,M1_编号直答,CSV直答,简单,FMEA编号“LFP010”这条的潜在失效后果是什么？,安全事故,安全事故,正确,1.0,251.64,纯LLM直答,1.0,1.0,0,,1,,,,,,安全事故,,,9,
198,198,PureLLM表格上下文回答(qwen2.5:7b),无KG/RAG/数据库/确定性规则系统,风险影响评估类,rpn_code,,M1_编号直答,CSV直答,简单,FMEA编号“LFP010”这条的RPN是多少？,RPN=120.0,"LFP010,磷酸铁锂电池,DFMEA,高压箱,漏电,安全事故,无有效保护措施,10,2,6,120,,提高防护等级,漏电检测,现场做防护处理,,,,磷酸铁锂电池DFMEA,lfp_battery_dfmea,lfp_battery_dfmea_case,fmea_core_v1,Dfmea案例.xls,15,lfp_dfmea_20250416105822,现场做防护处理

RPN是：120",正确,1.0,1194.28,纯LLM直答,1.0,1.0,0,,1,,,120.0；120.0,,,,120.0,RPN,9,
199,199,PureLLM表格上下文回答(qwen2.5:7b),无KG/RAG/数据库/确定性规则系统,风险影响评估类,s_code,,M1_编号直答,CSV直答,简单,FMEA编号“LFP010”这条的S是多少？,S=10.0,10,正确,1.0,256.22,纯LLM直答,1.0,1.0,0,,1,,,10.0,,,,10.0,S,9,
200,200,PureLLM表格上下文回答(qwen2.5:7b),无KG/RAG/数据库/确定性规则系统,风险影响评估类,o_code,,M1_编号直答,CSV直答,简单,FMEA编号“LFP010”这条的O是多少？,O=2.0,2,正确,1.0,256.53,纯LLM直答,1.0,1.0,0,,1,,,2.0,,,,2.0,O,9,
201,201,PureLLM表格上下文回答(qwen2.5:7b),无KG/RAG/数据库/确定性规则系统,风险影响评估类,d_code,,M1_编号直答,CSV直答,简单,FMEA编号“LFP010”这条的D是多少？,D=6.0,6,正确,1.0,243.93,纯LLM直答,1.0,1.0,0,,1,,,6.0,,,,6.0,D,9,
202,202,PureLLM表格上下文回答(qwen2.5:7b),无KG/RAG/数据库/确定性规则系统,故障措施推荐类,action_code,,M1_编号直答,CSV直答,简单,FMEA编号“LFP010”这条的建议措施是什么？,现场做防护处理,"提高防护等级,漏电检测,现场做防护处理",正确,1.0,330.69,纯LLM直答,1.0,1.0,0,,1,,,,,,现场做防护处理,,RecommendedAction,9,
203,203,PureLLM表格上下文回答(qwen2.5:7b),无KG/RAG/数据库/确定性规则系统,故障原因诊断类,cause_mode,,M3_查询理解与语义检索增强,口语化/模糊检索,简单,失效模式“漏电”对应的潜在失效原因/机理是什么？,无有效保护措施,无有效保护措施,正确,1.0,258.66,纯LLM直答,1.0,1.0,0,,1,,,,,,无有效保护措施,,,9,
204,204,PureLLM表格上下文回答(qwen2.5:7b),无KG/RAG/数据库/确定性规则系统,风险影响评估类,effect_mode,,M3_查询理解与语义检索增强,口语化/模糊检索,简单,失效模式“漏电”对应的潜在失效后果是什么？,安全事故,安全事故,正确,1.0,233.09,纯LLM直答,1.0,1.0,0,,1,,,,,,安全事故,,,9,
205,205,PureLLM表格上下文回答(qwen2.5:7b),无KG/RAG/数据库/确定性规则系统,风险影响评估类,rpn_mode,,M3_查询理解与语义检索增强,口语化/模糊检索,简单,失效模式“漏电”的RPN是多少？,RPN=120.0,120,正确,1.0,263.11,纯LLM直答,1.0,1.0,0,,1,,,120.0,,,,120.0,RPN,9,
206,206,PureLLM表格上下文回答(qwen2.5:7b),无KG/RAG/数据库/确定性规则系统,故障措施推荐类,action_mode,,M3_查询理解与语义检索增强,口语化/模糊检索,简单,失效模式“漏电”对应的建议措施是什么？,现场做防护处理,"提高防护等级,现场做防护处理",正确,1.0,309.9,纯LLM直答,1.0,1.0,0,,1,,,,,,现场做防护处理,,RecommendedAction,9,
207,207,PureLLM表格上下文回答(qwen2.5:7b),无KG/RAG/数据库/确定性规则系统,故障原因诊断类,cause_colloquial,,M3_查询理解与语义检索增强,口语化/模糊检索,中等,在项目/功能“高压箱”里，失效模式“漏电”这个问题，原因讲白一点是什么？,无有效保护措施,无有效保护措施。,正确,1.0,284.78,纯LLM直答,1.0,1.0,0,,1,,,,,,无有效保护措施,,,9,
208,208,PureLLM表格上下文回答(qwen2.5:7b),无KG/RAG/数据库/确定性规则系统,风险影响评估类,effect_colloquial,,M3_查询理解与语义检索增强,口语化/模糊检索,中等,在项目/功能“高压箱”里，失效模式“漏电”最后会带来什么后果？,安全事故,安全事故,正确,1.0,230.29,纯LLM直答,1.0,1.0,0,,1,,,,,,安全事故,,,9,
209,209,PureLLM表格上下文回答(qwen2.5:7b),无KG/RAG/数据库/确定性规则系统,故障措施推荐类,action_colloquial,,M3_查询理解与语义检索增强,口语化/模糊检索,中等,在项目/功能“高压箱”里，失效模式“漏电”一般怎么处理？,现场做防护处理,"LFP010,磷酸铁锂电池,DFMEA,高压箱,漏电,安全事故,无有效保护措施,10,2,6,120,,提高防护等级,漏电检测,现场做防护处理,,,,磷酸铁锂电池DFMEA,lfp_battery_dfmea,lfp_battery_dfmea_case,fmea_core_v1,Dfmea案例.xls,15,lfp_dfmea_20250416105822,现场做防护处理",正确,1.0,1123.64,纯LLM直答,1.0,1.0,0,,1,,,,,,现场做防护处理,,,9,
210,210,PureLLM表格上下文回答(qwen2.5:7b),无KG/RAG/数据库/确定性规则系统,风险影响评估类,risk_colloquial,,M3_查询理解与语义检索增强,口语化/模糊检索,中等,在项目/功能“高压箱”里，失效模式“漏电”的风险最后会体现成什么？,安全事故,"RPN: 120
ActionPriority: 
PreventControl: 提高防护等级
DetectionMeasure: 漏电检测
RecommendedAction: 现场做防护处理
ActionStatus: 
ActionResult: 
Remark: 
Domain: 
DatasetID: lfp_battery_dfmea
ProjectID: lfp_battery_dfmea_case
SchemaVersion: fmea_core_v1
SourceFile: Dfmea案例.xls
SourceRowNo: 15
ImportBatchID: lfp_dfmea_20250416105822",错误,0.0,1301.62,纯LLM直答,1.0,1.0,0,,1,安全事故,,,,,安全事故,,,9,
211,211,PureLLM表格上下文回答(qwen2.5:7b),无KG/RAG/数据库/确定性规则系统,故障原因诊断类,cause_bool,,M4_证据裁决,证据裁决,简单,FMEA编号“LFP010”对应的原因是否就是“无有效保护措施”？,是,是的，FMEA编号“LFP010”对应的原因就是“无有效保护措施”。,正确,1.0,422.99,纯LLM直答,1.0,1.0,0,,1,,,,,,,,是/否判断,9,
212,212,PureLLM表格上下文回答(qwen2.5:7b),无KG/RAG/数据库/确定性规则系统,风险影响评估类,risk_bool,,M4_证据裁决,证据裁决,简单,FMEA编号“LFP010”对应的后果是否就是“安全事故”？,是,是的，FMEA编号“LFP010”对应的后果是“安全事故”。,正确,1.0,363.81,纯LLM直答,1.0,1.0,0,,1,,,,,,,,是/否判断,9,
213,213,PureLLM表格上下文回答(qwen2.5:7b),无KG/RAG/数据库/确定性规则系统,风险影响评估类,mode_project_bool,,M4_证据裁决,证据裁决,简单,失效模式“漏电”是不是出现在项目/功能“高压箱”里？,是,是的，失效模式“漏电”出现在项目/功能“高压箱”里。相关行的 FMEA 编号为 LFP010。,正确,1.0,507.23,纯LLM直答,1.0,1.0,0,,1,,,,,,,,是/否判断,9,
214,214,PureLLM表格上下文回答(qwen2.5:7b),无KG/RAG/数据库/确定性规则系统,风险影响评估类,risk_mode_code,,M3_查询理解与语义检索增强,口语化/模糊检索,简单,失效模式“漏电”对应的FMEA编号是什么？,LFP010,LFP010,正确,1.0,282.48,纯LLM直答,1.0,1.0,0,,1,,,10.0,,,LFP010,,FmeaID,9,
215,215,PureLLM表格上下文回答(qwen2.5:7b),无KG/RAG/数据库/确定性规则系统,风险影响评估类,risk_mode_project,,M3_查询理解与语义检索增强,口语化/模糊检索,简单,在项目/功能“高压箱”里，失效模式“漏电”的后果是什么？,安全事故,安全事故,正确,1.0,245.28,纯LLM直答,1.0,1.0,0,,1,,,,,,安全事故,,,9,
216,216,PureLLM表格上下文回答(qwen2.5:7b),无KG/RAG/数据库/确定性规则系统,故障原因诊断类,cause_code,,M1_编号直答,CSV直答,简单,FMEA编号“LFP011”这条的潜在失效原因/机理是什么？,使用电流高于额定电流不保护,无有效保护措施,错误,0.0,271.62,纯LLM直答,1.0,1.0,0,,1,使用电流高于额定电流不保护,,,,,使用电流高于额定电流不保护,,,10,
217,217,PureLLM表格上下文回答(qwen2.5:7b),无KG/RAG/数据库/确定性规则系统,风险影响评估类,effect_code,,M1_编号直答,CSV直答,简单,FMEA编号“LFP011”这条的潜在失效后果是什么？,安全事故,"FMEA编号“LFP011”的潜在失效后果是：过电流, 使用电流高于额定电流不保护。",错误,0.0,451.64,纯LLM直答,1.0,1.0,0,,1,安全事故,,,,,安全事故,,,10,
218,218,PureLLM表格上下文回答(qwen2.5:7b),无KG/RAG/数据库/确定性规则系统,风险影响评估类,rpn_code,,M1_编号直答,CSV直答,简单,FMEA编号“LFP011”这条的RPN是多少？,RPN=18.0,"LFP011,磷酸铁锂电池,DFMEA,高压箱,过电流,安全事故,使用电流高于额定电流不保护,9,2,5,18,,,过流保护,,,,,磷酸铁锂电池DFMEA,lfp_battery_dfmea,lfp_battery_dfmea_case,fmea_core_v1,Dfmea案例.xls,16,lfp_dfmea_20250416105822,

RPN是：18",正确,1.0,1104.26,纯LLM直答,1.0,1.0,0,,1,,,18.0；18.0,,,,18.0,RPN,10,
219,219,PureLLM表格上下文回答(qwen2.5:7b),无KG/RAG/数据库/确定性规则系统,风险影响评估类,s_code,,M1_编号直答,CSV直答,简单,FMEA编号“LFP011”这条的S是多少？,S=9.0,9,正确,1.0,232.37,纯LLM直答,1.0,1.0,0,,1,,,9.0,,,,9.0,S,10,
220,220,PureLLM表格上下文回答(qwen2.5:7b),无KG/RAG/数据库/确定性规则系统,风险影响评估类,o_code,,M1_编号直答,CSV直答,简单,FMEA编号“LFP011”这条的O是多少？,O=2.0,2,正确,1.0,221.72,纯LLM直答,1.0,1.0,0,,1,,,2.0,,,,2.0,O,10,
221,221,PureLLM表格上下文回答(qwen2.5:7b),无KG/RAG/数据库/确定性规则系统,风险影响评估类,d_code,,M1_编号直答,CSV直答,简单,FMEA编号“LFP011”这条的D是多少？,D=5.0,9,错误,0.0,254.4,纯LLM直答,1.0,1.0,0,,1,,5.0,,,,,5.0,D,10,
222,222,PureLLM表格上下文回答(qwen2.5:7b),无KG/RAG/数据库/确定性规则系统,故障原因诊断类,cause_mode,,M3_查询理解与语义检索增强,口语化/模糊检索,简单,失效模式“过电流”对应的潜在失效原因/机理是什么？,使用电流高于额定电流不保护,使用电流高于额定电流不保护。,正确,1.0,336.33,纯LLM直答,1.0,1.0,0,,1,,,,,,使用电流高于额定电流不保护,,,10,
223,223,PureLLM表格上下文回答(qwen2.5:7b),无KG/RAG/数据库/确定性规则系统,风险影响评估类,effect_mode,,M3_查询理解与语义检索增强,口语化/模糊检索,简单,失效模式“过电流”对应的潜在失效后果是什么？,安全事故,失效模式“过电流”对应的潜在失效后果是：使用电流高于额定电流不保护。,错误,0.0,409.73,纯LLM直答,1.0,1.0,0,,1,安全事故,,,,,安全事故,,,10,
224,224,PureLLM表格上下文回答(qwen2.5:7b),无KG/RAG/数据库/确定性规则系统,风险影响评估类,rpn_mode,,M3_查询理解与语义检索增强,口语化/模糊检索,简单,失效模式“过电流”的RPN是多少？,RPN=18.0,180,错误,0.0,270.21,纯LLM直答,1.0,1.0,0,,1,,18.0,,,,,18.0,RPN,10,
225,225,PureLLM表格上下文回答(qwen2.5:7b),无KG/RAG/数据库/确定性规则系统,故障原因诊断类,cause_colloquial,,M3_查询理解与语义检索增强,口语化/模糊检索,中等,在项目/功能“高压箱”里，失效模式“过电流”这个问题，原因讲白一点是什么？,使用电流高于额定电流不保护,使用电流高于额定电流不保护。,正确,1.0,324.65,纯LLM直答,1.0,1.0,0,,1,,,,,,使用电流高于额定电流不保护,,,10,
226,226,PureLLM表格上下文回答(qwen2.5:7b),无KG/RAG/数据库/确定性规则系统,风险影响评估类,effect_colloquial,,M3_查询理解与语义检索增强,口语化/模糊检索,中等,在项目/功能“高压箱”里，失效模式“过电流”最后会带来什么后果？,安全事故,在项目/功能“高压箱”里，失效模式“过电流”带来的后果是：安全事故。,正确,1.0,406.91,纯LLM直答,1.0,1.0,0,,1,,,,,,安全事故,,,10,
227,227,PureLLM表格上下文回答(qwen2.5:7b),无KG/RAG/数据库/确定性规则系统,风险影响评估类,risk_colloquial,,M3_查询理解与语义检索增强,口语化/模糊检索,中等,在项目/功能“高压箱”里，失效模式“过电流”的风险最后会体现成什么？,安全事故,RPN: 18,错误,0.0,286.05,纯LLM直答,1.0,1.0,0,,1,安全事故,,,,,安全事故,,,10,
228,228,PureLLM表格上下文回答(qwen2.5:7b),无KG/RAG/数据库/确定性规则系统,故障原因诊断类,cause_bool,,M4_证据裁决,证据裁决,简单,FMEA编号“LFP011”对应的原因是否就是“使用电流高于额定电流不保护”？,是,是的，FMEA编号“LFP011”对应的原因就是“使用电流高于额定电流不保护”。,正确,1.0,465.17,纯LLM直答,1.0,1.0,0,,1,,,,,,,,是/否判断,10,
229,229,PureLLM表格上下文回答(qwen2.5:7b),无KG/RAG/数据库/确定性规则系统,风险影响评估类,risk_bool,,M4_证据裁决,证据裁决,简单,FMEA编号“LFP011”对应的后果是否就是“安全事故”？,是,是的，FMEA编号“LFP011”对应的后果是“安全事故”。,正确,1.0,380.29,纯LLM直答,1.0,1.0,0,,1,,,,,,,,是/否判断,10,
230,230,PureLLM表格上下文回答(qwen2.5:7b),无KG/RAG/数据库/确定性规则系统,风险影响评估类,mode_project_bool,,M4_证据裁决,证据裁决,简单,失效模式“过电流”是不是出现在项目/功能“高压箱”里？,是,是的，失效模式“过电流”出现在项目/功能“高压箱”里。相关行的 FMEA 编号为 LFP011。,正确,1.0,495.84,纯LLM直答,1.0,1.0,0,,1,,,,,,,,是/否判断,10,
231,231,PureLLM表格上下文回答(qwen2.5:7b),无KG/RAG/数据库/确定性规则系统,风险影响评估类,risk_mode_code,,M3_查询理解与语义检索增强,口语化/模糊检索,简单,失效模式“过电流”对应的FMEA编号是什么？,LFP011,LFP011,正确,1.0,256.75,纯LLM直答,1.0,1.0,0,,1,,,11.0,,,LFP011,,FmeaID,10,
232,232,PureLLM表格上下文回答(qwen2.5:7b),无KG/RAG/数据库/确定性规则系统,风险影响评估类,risk_mode_project,,M3_查询理解与语义检索增强,口语化/模糊检索,简单,在项目/功能“高压箱”里，失效模式“过电流”的后果是什么？,安全事故,失效模式“过电流”的后果是：使用电流高于额定电流不保护。对应的FMEA编号为LFP011。,错误,0.0,480.07,纯LLM直答,1.0,1.0,0,,1,安全事故,,,,,安全事故,,,10,
233,233,PureLLM表格上下文回答(qwen2.5:7b),无KG/RAG/数据库/确定性规则系统,故障原因诊断类,cause_code,,M1_编号直答,CSV直答,简单,FMEA编号“LFP012”这条的潜在失效原因/机理是什么？,元器件损坏,元器件损坏,正确,1.0,255.51,纯LLM直答,1.0,1.0,0,,1,,,,,,元器件损坏,,,11,
234,234,PureLLM表格上下文回答(qwen2.5:7b),无KG/RAG/数据库/确定性规则系统,风险影响评估类,effect_code,,M1_编号直答,CSV直答,简单,FMEA编号“LFP012”这条的潜在失效后果是什么？,安全事故,安全事故,正确,1.0,242.55,纯LLM直答,1.0,1.0,0,,1,,,,,,安全事故,,,11,
235,235,PureLLM表格上下文回答(qwen2.5:7b),无KG/RAG/数据库/确定性规则系统,风险影响评估类,rpn_code,,M1_编号直答,CSV直答,简单,FMEA编号“LFP012”这条的RPN是多少？,RPN=180.0,RPN是180。,正确,1.0,264.58,纯LLM直答,1.0,1.0,0,,1,,,180.0,,,,180.0,RPN,11,
236,236,PureLLM表格上下文回答(qwen2.5:7b),无KG/RAG/数据库/确定性规则系统,风险影响评估类,s_code,,M1_编号直答,CSV直答,简单,FMEA编号“LFP012”这条的S是多少？,S=9.0,9,正确,1.0,224.19,纯LLM直答,1.0,1.0,0,,1,,,9.0,,,,9.0,S,11,
237,237,PureLLM表格上下文回答(qwen2.5:7b),无KG/RAG/数据库/确定性规则系统,风险影响评估类,o_code,,M1_编号直答,CSV直答,简单,FMEA编号“LFP012”这条的O是多少？,O=4.0,9,错误,0.0,223.38,纯LLM直答,1.0,1.0,0,,1,,4.0,,,,,4.0,O,11,
238,238,PureLLM表格上下文回答(qwen2.5:7b),无KG/RAG/数据库/确定性规则系统,风险影响评估类,d_code,,M1_编号直答,CSV直答,简单,FMEA编号“LFP012”这条的D是多少？,D=5.0,5,正确,1.0,252.68,纯LLM直答,1.0,1.0,0,,1,,,5.0,,,,5.0,D,11,
239,239,PureLLM表格上下文回答(qwen2.5:7b),无KG/RAG/数据库/确定性规则系统,故障措施推荐类,action_code,,M1_编号直答,CSV直答,简单,FMEA编号“LFP012”这条的建议措施是什么？,更换损坏器件,更换损坏器件,正确,1.0,272.29,纯LLM直答,1.0,1.0,0,,1,,,,,,更换损坏器件,,RecommendedAction,11,
240,240,PureLLM表格上下文回答(qwen2.5:7b),无KG/RAG/数据库/确定性规则系统,故障原因诊断类,cause_mode,,M3_查询理解与语义检索增强,口语化/模糊检索,简单,失效模式“输出不受控制”对应的潜在失效原因/机理是什么？,元器件损坏,元器件损坏,正确,1.0,267.53,纯LLM直答,1.0,1.0,0,,1,,,,,,元器件损坏,,,11,
241,241,PureLLM表格上下文回答(qwen2.5:7b),无KG/RAG/数据库/确定性规则系统,风险影响评估类,effect_mode,,M3_查询理解与语义检索增强,口语化/模糊检索,简单,失效模式“输出不受控制”对应的潜在失效后果是什么？,安全事故,失效模式“输出不受控制”对应的潜在失效后果是安全事故。,正确,1.0,350.66,纯LLM直答,1.0,1.0,0,,1,,,,,,安全事故,,,11,
242,242,PureLLM表格上下文回答(qwen2.5:7b),无KG/RAG/数据库/确定性规则系统,风险影响评估类,rpn_mode,,M3_查询理解与语义检索增强,口语化/模糊检索,简单,失效模式“输出不受控制”的RPN是多少？,RPN=180.0,180,正确,1.0,262.5,纯LLM直答,1.0,1.0,0,,1,,,180.0,,,,180.0,RPN,11,
243,243,PureLLM表格上下文回答(qwen2.5:7b),无KG/RAG/数据库/确定性规则系统,故障措施推荐类,action_mode,,M3_查询理解与语义检索增强,口语化/模糊检索,简单,失效模式“输出不受控制”对应的建议措施是什么？,更换损坏器件,更换损坏器件,正确,1.0,269.76,纯LLM直答,1.0,1.0,0,,1,,,,,,更换损坏器件,,RecommendedAction,11,
244,244,PureLLM表格上下文回答(qwen2.5:7b),无KG/RAG/数据库/确定性规则系统,故障原因诊断类,cause_colloquial,,M3_查询理解与语义检索增强,口语化/模糊检索,中等,在项目/功能“高压箱”里，失效模式“输出不受控制”这个问题，原因讲白一点是什么？,元器件损坏,元器件损坏。,正确,1.0,281.35,纯LLM直答,1.0,1.0,0,,1,,,,,,元器件损坏,,,11,
245,245,PureLLM表格上下文回答(qwen2.5:7b),无KG/RAG/数据库/确定性规则系统,风险影响评估类,effect_colloquial,,M3_查询理解与语义检索增强,口语化/模糊检索,中等,在项目/功能“高压箱”里，失效模式“输出不受控制”最后会带来什么后果？,安全事故,安全事故,正确,1.0,221.99,纯LLM直答,1.0,1.0,0,,1,,,,,,安全事故,,,11,
246,246,PureLLM表格上下文回答(qwen2.5:7b),无KG/RAG/数据库/确定性规则系统,故障措施推荐类,action_colloquial,,M3_查询理解与语义检索增强,口语化/模糊检索,中等,在项目/功能“高压箱”里，失效模式“输出不受控制”一般怎么处理？,更换损坏器件,"LFP012,磷酸铁锂电池,DFMEA,高压箱,输出不受控制,安全事故,元器件损坏,9,4,5,180,,,,更换损坏器件,,,,磷酸铁锂电池DFMEA,lfp_battery_dfmea,lfp_battery_dfmea_case,fmea_core_v1,Dfmea案例.xls,17,lfp_dfmea_20250416105822,更换损坏器件",正确,1.0,1034.38,纯LLM直答,1.0,1.0,0,,1,,,,,,更换损坏器件,,,11,
247,247,PureLLM表格上下文回答(qwen2.5:7b),无KG/RAG/数据库/确定性规则系统,风险影响评估类,risk_colloquial,,M3_查询理解与语义检索增强,口语化/模糊检索,中等,在项目/功能“高压箱”里，失效模式“输出不受控制”的风险最后会体现成什么？,安全事故,"RPN: 180
ActionPriority: 
PreventControl: 
DetectionMeasure: 
RecommendedAction: 更换损坏器件
ActionStatus: 
ActionResult: 
Remark: 
Domain: 
DatasetID: lfp_battery_dfmea
ProjectID: lfp_battery_dfmea_case
SchemaVersion: fmea_core_v1
SourceFile: Dfmea案例.xls
SourceRowNo: 17
ImportBatchID: lfp_dfmea_20250416105822",错误,0.0,1181.44,纯LLM直答,1.0,1.0,0,,1,安全事故,,,,,安全事故,,,11,
248,248,PureLLM表格上下文回答(qwen2.5:7b),无KG/RAG/数据库/确定性规则系统,故障原因诊断类,cause_bool,,M4_证据裁决,证据裁决,简单,FMEA编号“LFP012”对应的原因是否就是“元器件损坏”？,是,是的，FMEA编号“LFP012”对应的原因就是“元器件损坏”。,正确,1.0,361.59,纯LLM直答,1.0,1.0,0,,1,,,,,,,,是/否判断,11,
249,249,PureLLM表格上下文回答(qwen2.5:7b),无KG/RAG/数据库/确定性规则系统,风险影响评估类,risk_bool,,M4_证据裁决,证据裁决,简单,FMEA编号“LFP012”对应的后果是否就是“安全事故”？,是,否，FMEA编号“LFP012”对应的后果是“输出不受控制”。,错误,0.0,382.3,纯LLM直答,1.0,1.0,0,,1,是/否判断,,,,,,,是/否判断,11,
250,250,PureLLM表格上下文回答(qwen2.5:7b),无KG/RAG/数据库/确定性规则系统,风险影响评估类,mode_project_bool,,M4_证据裁决,证据裁决,简单,失效模式“输出不受控制”是不是出现在项目/功能“高压箱”里？,是,是的，失效模式“输出不受控制”出现在项目/功能“高压箱”里。相关行的 FMEA 编号为 LFP012。,正确,1.0,529.78,纯LLM直答,1.0,1.0,0,,1,,,,,,,,是/否判断,11,
251,251,PureLLM表格上下文回答(qwen2.5:7b),无KG/RAG/数据库/确定性规则系统,风险影响评估类,risk_mode_code,,M3_查询理解与语义检索增强,口语化/模糊检索,简单,失效模式“输出不受控制”对应的FMEA编号是什么？,LFP012,LFP012,正确,1.0,244.97,纯LLM直答,1.0,1.0,0,,1,,,12.0,,,LFP012,,FmeaID,11,
252,252,PureLLM表格上下文回答(qwen2.5:7b),无KG/RAG/数据库/确定性规则系统,风险影响评估类,risk_mode_project,,M3_查询理解与语义检索增强,口语化/模糊检索,简单,在项目/功能“高压箱”里，失效模式“输出不受控制”的后果是什么？,安全事故,安全事故,正确,1.0,259.88,纯LLM直答,1.0,1.0,0,,1,,,,,,安全事故,,,11,
253,253,PureLLM表格上下文回答(qwen2.5:7b),无KG/RAG/数据库/确定性规则系统,故障原因诊断类,cause_code,,M1_编号直答,CSV直答,简单,FMEA编号“LFP013”这条的潜在失效原因/机理是什么？,无有效保护措施,无有效保护措施,正确,1.0,277.09,纯LLM直答,1.0,1.0,0,,1,,,,,,无有效保护措施,,,12,
254,254,PureLLM表格上下文回答(qwen2.5:7b),无KG/RAG/数据库/确定性规则系统,风险影响评估类,effect_code,,M1_编号直答,CSV直答,简单,FMEA编号“LFP013”这条的潜在失效后果是什么？,安全事故,安全事故,正确,1.0,246.74,纯LLM直答,1.0,1.0,0,,1,,,,,,安全事故,,,12,
255,255,PureLLM表格上下文回答(qwen2.5:7b),无KG/RAG/数据库/确定性规则系统,风险影响评估类,rpn_code,,M1_编号直答,CSV直答,简单,FMEA编号“LFP013”这条的RPN是多少？,RPN=120.0,"LFP013,磷酸铁锂电池,DFMEA,高压箱,高压带电,安全事故,无有效保护措施,10,2,6,120,,提高防护等级,,,,,,磷酸铁锂电池DFMEA,lfp_battery_dfmea,lfp_battery_dfmea_case,fmea_core_v1,Dfmea案例.xls,18,lfp_dfmea_20250416105822,

RPN是：120",正确,1.0,1090.42,纯LLM直答,1.0,1.0,0,,1,,,120.0；120.0,,,,120.0,RPN,12,
256,256,PureLLM表格上下文回答(qwen2.5:7b),无KG/RAG/数据库/确定性规则系统,风险影响评估类,s_code,,M1_编号直答,CSV直答,简单,FMEA编号“LFP013”这条的S是多少？,S=10.0,9,错误,0.0,238.11,纯LLM直答,1.0,1.0,0,,1,,10.0,,,,,10.0,S,12,
257,257,PureLLM表格上下文回答(qwen2.5:7b),无KG/RAG/数据库/确定性规则系统,风险影响评估类,o_code,,M1_编号直答,CSV直答,简单,FMEA编号“LFP013”这条的O是多少？,O=2.0,FMEA编号“LFP013”的O是2。,正确,1.0,344.05,纯LLM直答,1.0,1.0,0,,1,,,2.0,,,,2.0,O,12,
258,258,PureLLM表格上下文回答(qwen2.5:7b),无KG/RAG/数据库/确定性规则系统,风险影响评估类,d_code,,M1_编号直答,CSV直答,简单,FMEA编号“LFP013”这条的D是多少？,D=6.0,6,正确,1.0,216.3,纯LLM直答,1.0,1.0,0,,1,,,6.0,,,,6.0,D,12,
259,259,PureLLM表格上下文回答(qwen2.5:7b),无KG/RAG/数据库/确定性规则系统,故障原因诊断类,cause_mode,,M3_查询理解与语义检索增强,口语化/模糊检索,简单,失效模式“高压带电”对应的潜在失效原因/机理是什么？,无有效保护措施,无有效保护措施,正确,1.0,267.6,纯LLM直答,1.0,1.0,0,,1,,,,,,无有效保护措施,,,12,
260,260,PureLLM表格上下文回答(qwen2.5:7b),无KG/RAG/数据库/确定性规则系统,风险影响评估类,effect_mode,,M3_查询理解与语义检索增强,口语化/模糊检索,简单,失效模式“高压带电”对应的潜在失效后果是什么？,安全事故,失效模式“高压带电”对应的潜在失效后果是“安全事故”。,正确,1.0,358.9,纯LLM直答,1.0,1.0,0,,1,,,,,,安全事故,,,12,
261,261,PureLLM表格上下文回答(qwen2.5:7b),无KG/RAG/数据库/确定性规则系统,风险影响评估类,rpn_mode,,M3_查询理解与语义检索增强,口语化/模糊检索,简单,失效模式“高压带电”的RPN是多少？,RPN=120.0,失效模式“高压带电”的RPN是120。,正确,1.0,331.93,纯LLM直答,1.0,1.0,0,,1,,,120.0,,,,120.0,RPN,12,
262,262,PureLLM表格上下文回答(qwen2.5:7b),无KG/RAG/数据库/确定性规则系统,故障原因诊断类,cause_colloquial,,M3_查询理解与语义检索增强,口语化/模糊检索,中等,在项目/功能“高压箱”里，失效模式“高压带电”这个问题，原因讲白一点是什么？,无有效保护措施,无有效保护措施。,正确,1.0,250.99,纯LLM直答,1.0,1.0,0,,1,,,,,,无有效保护措施,,,12,
263,263,PureLLM表格上下文回答(qwen2.5:7b),无KG/RAG/数据库/确定性规则系统,风险影响评估类,effect_colloquial,,M3_查询理解与语义检索增强,口语化/模糊检索,中等,在项目/功能“高压箱”里，失效模式“高压带电”最后会带来什么后果？,安全事故,在项目/功能“高压箱”里，失效模式“高压带电”最后带来的后果是：充电时继电器未断开。,错误,0.0,492.46,纯LLM直答,1.0,1.0,0,,1,安全事故,,,,,安全事故,,,12,
264,264,PureLLM表格上下文回答(qwen2.5:7b),无KG/RAG/数据库/确定性规则系统,风险影响评估类,risk_colloquial,,M3_查询理解与语义检索增强,口语化/模糊检索,中等,在项目/功能“高压箱”里，失效模式“高压带电”的风险最后会体现成什么？,安全事故,RPN: 10240,错误,0.0,304.51,纯LLM直答,1.0,1.0,1,,1,安全事故,,,,10240.0,安全事故,,,12,
265,265,PureLLM表格上下文回答(qwen2.5:7b),无KG/RAG/数据库/确定性规则系统,故障原因诊断类,cause_bool,,M4_证据裁决,证据裁决,简单,FMEA编号“LFP013”对应的原因是否就是“无有效保护措施”？,是,是的，FMEA编号“LFP013”对应的原因就是“无有效保护措施”。,正确,1.0,401.4,纯LLM直答,1.0,1.0,0,,1,,,,,,,,是/否判断,12,
266,266,PureLLM表格上下文回答(qwen2.5:7b),无KG/RAG/数据库/确定性规则系统,风险影响评估类,risk_bool,,M4_证据裁决,证据裁决,简单,FMEA编号“LFP013”对应的后果是否就是“安全事故”？,是,是的，FMEA编号“LFP013”对应的后果是“安全事故”。,正确,1.0,384.05,纯LLM直答,1.0,1.0,0,,1,,,,,,,,是/否判断,12,
267,267,PureLLM表格上下文回答(qwen2.5:7b),无KG/RAG/数据库/确定性规则系统,风险影响评估类,mode_project_bool,,M4_证据裁决,证据裁决,简单,失效模式“高压带电”是不是出现在项目/功能“高压箱”里？,是,是的，失效模式“高压带电”出现在项目/功能“高压箱”里。相关行的 FMEA 编号为 LFP013。,正确,1.0,528.16,纯LLM直答,1.0,1.0,0,,1,,,,,,,,是/否判断,12,
268,268,PureLLM表格上下文回答(qwen2.5:7b),无KG/RAG/数据库/确定性规则系统,风险影响评估类,risk_mode_code,,M3_查询理解与语义检索增强,口语化/模糊检索,简单,失效模式“高压带电”对应的FMEA编号是什么？,LFP013,LFP013,正确,1.0,257.64,纯LLM直答,1.0,1.0,0,,1,,,13.0,,,LFP013,,FmeaID,12,
269,269,PureLLM表格上下文回答(qwen2.5:7b),无KG/RAG/数据库/确定性规则系统,风险影响评估类,risk_mode_project,,M3_查询理解与语义检索增强,口语化/模糊检索,简单,在项目/功能“高压箱”里，失效模式“高压带电”的后果是什么？,安全事故,在项目/功能“高压箱”里，失效模式“高压带电”的后果是“安全事故”。,正确,1.0,423.54,纯LLM直答,1.0,1.0,0,,1,,,,,,安全事故,,,12,
270,270,PureLLM表格上下文回答(qwen2.5:7b),无KG/RAG/数据库/确定性规则系统,故障原因诊断类,cause_code,,M1_编号直答,CSV直答,简单,FMEA编号“LFP014”这条的潜在失效原因/机理是什么？,负载未断开、违规操作,无有效保护措施,错误,0.0,240.76,纯LLM直答,1.0,1.0,0,,1,负载未断开、违规操作,,,,,负载未断开、违规操作,,,13,
271,271,PureLLM表格上下文回答(qwen2.5:7b),无KG/RAG/数据库/确定性规则系统,风险影响评估类,effect_code,,M1_编号直答,CSV直答,简单,FMEA编号“LFP014”这条的潜在失效后果是什么？,安全事故,安全事故,正确,1.0,231.91,纯LLM直答,1.0,1.0,0,,1,,,,,,安全事故,,,13,
272,272,PureLLM表格上下文回答(qwen2.5:7b),无KG/RAG/数据库/确定性规则系统,风险影响评估类,rpn_code,,M1_编号直答,CSV直答,简单,FMEA编号“LFP014”这条的RPN是多少？,RPN=90.0,180,错误,0.0,258.13,纯LLM直答,1.0,1.0,0,,1,,90.0,,,,,90.0,RPN,13,
273,273,PureLLM表格上下文回答(qwen2.5:7b),无KG/RAG/数据库/确定性规则系统,风险影响评估类,s_code,,M1_编号直答,CSV直答,简单,FMEA编号“LFP014”这条的S是多少？,S=9.0,9,正确,1.0,232.76,纯LLM直答,1.0,1.0,0,,1,,,9.0,,,,9.0,S,13,
274,274,PureLLM表格上下文回答(qwen2.5:7b),无KG/RAG/数据库/确定性规则系统,风险影响评估类,o_code,,M1_编号直答,CSV直答,简单,FMEA编号“LFP014”这条的O是多少？,O=2.0,9,错误,0.0,230.71,纯LLM直答,1.0,1.0,0,,1,,2.0,,,,,2.0,O,13,
275,275,PureLLM表格上下文回答(qwen2.5:7b),无KG/RAG/数据库/确定性规则系统,风险影响评估类,d_code,,M1_编号直答,CSV直答,简单,FMEA编号“LFP014”这条的D是多少？,D=5.0,5,正确,1.0,237.18,纯LLM直答,1.0,1.0,0,,1,,,5.0,,,,5.0,D,13,
276,276,PureLLM表格上下文回答(qwen2.5:7b),无KG/RAG/数据库/确定性规则系统,故障原因诊断类,cause_mode,,M3_查询理解与语义检索增强,口语化/模糊检索,简单,失效模式“在负载连接的情况下意外开盖”对应的潜在失效原因/机理是什么？,负载未断开、违规操作,无有效保护措施,错误,0.0,278.64,纯LLM直答,1.0,1.0,0,,1,负载未断开、违规操作,,,,,负载未断开、违规操作,,,13,
277,277,PureLLM表格上下文回答(qwen2.5:7b),无KG/RAG/数据库/确定性规则系统,风险影响评估类,effect_mode,,M3_查询理解与语义检索增强,口语化/模糊检索,简单,失效模式“在负载连接的情况下意外开盖”对应的潜在失效后果是什么？,安全事故,失效模式“在负载连接的情况下意外开盖”对应的潜在失效后果是：负载未断开、违规操作。,错误,0.0,452.03,纯LLM直答,1.0,1.0,0,,1,安全事故,,,,,安全事故,,,13,
278,278,PureLLM表格上下文回答(qwen2.5:7b),无KG/RAG/数据库/确定性规则系统,风险影响评估类,rpn_mode,,M3_查询理解与语义检索增强,口语化/模糊检索,简单,失效模式“在负载连接的情况下意外开盖”的RPN是多少？,RPN=90.0,90,正确,1.0,249.78,纯LLM直答,1.0,1.0,0,,1,,,90.0,,,,90.0,RPN,13,
279,279,PureLLM表格上下文回答(qwen2.5:7b),无KG/RAG/数据库/确定性规则系统,故障原因诊断类,cause_colloquial,,M3_查询理解与语义检索增强,口语化/模糊检索,中等,在项目/功能“高压箱”里，失效模式“在负载连接的情况下意外开盖”这个问题，原因讲白一点是什么？,负载未断开、违规操作,无有效保护措施。,错误,0.0,295.72,纯LLM直答,1.0,1.0,0,,1,负载未断开、违规操作,,,,,负载未断开、违规操作,,,13,
280,280,PureLLM表格上下文回答(qwen2.5:7b),无KG/RAG/数据库/确定性规则系统,风险影响评估类,effect_colloquial,,M3_查询理解与语义检索增强,口语化/模糊检索,中等,在项目/功能“高压箱”里，失效模式“在负载连接的情况下意外开盖”最后会带来什么后果？,安全事故,在项目/功能“高压箱”里，失效模式“在负载连接的情况下意外开盖”带来的后果是：负载未断开、违规操作。,错误,0.0,519.71,纯LLM直答,1.0,1.0,0,,1,安全事故,,,,,安全事故,,,13,
281,281,PureLLM表格上下文回答(qwen2.5:7b),无KG/RAG/数据库/确定性规则系统,风险影响评估类,risk_colloquial,,M3_查询理解与语义检索增强,口语化/模糊检索,中等,在项目/功能“高压箱”里，失效模式“在负载连接的情况下意外开盖”的风险最后会体现成什么？,安全事故,RPN: 90,错误,0.0,264.25,纯LLM直答,1.0,1.0,0,,1,安全事故,,,,,安全事故,,,13,
282,282,PureLLM表格上下文回答(qwen2.5:7b),无KG/RAG/数据库/确定性规则系统,故障原因诊断类,cause_bool,,M4_证据裁决,证据裁决,简单,FMEA编号“LFP014”对应的原因是否就是“负载未断开、违规操作”？,是,是的，FMEA编号“LFP014”对应的原因就是“负载未断开、违规操作”。,正确,1.0,462.2,纯LLM直答,1.0,1.0,0,,1,,,,,,,,是/否判断,13,
283,283,PureLLM表格上下文回答(qwen2.5:7b),无KG/RAG/数据库/确定性规则系统,风险影响评估类,risk_bool,,M4_证据裁决,证据裁决,简单,FMEA编号“LFP014”对应的后果是否就是“安全事故”？,是,是的，FMEA编号“LFP014”对应的后果是“安全事故”。,正确,1.0,382.17,纯LLM直答,1.0,1.0,0,,1,,,,,,,,是/否判断,13,
284,284,PureLLM表格上下文回答(qwen2.5:7b),无KG/RAG/数据库/确定性规则系统,风险影响评估类,mode_project_bool,,M4_证据裁决,证据裁决,简单,失效模式“在负载连接的情况下意外开盖”是不是出现在项目/功能“高压箱”里？,是,是的，失效模式“在负载连接的情况下意外开盖”出现在项目/功能“高压箱”里。相关行的 FMEA 编号为 LFP014。,正确,1.0,545.55,纯LLM直答,1.0,1.0,0,,1,,,,,,,,是/否判断,13,
285,285,PureLLM表格上下文回答(qwen2.5:7b),无KG/RAG/数据库/确定性规则系统,风险影响评估类,risk_mode_code,,M3_查询理解与语义检索增强,口语化/模糊检索,简单,失效模式“在负载连接的情况下意外开盖”对应的FMEA编号是什么？,LFP014,LFP014,正确,1.0,271.7,纯LLM直答,1.0,1.0,0,,1,,,14.0,,,LFP014,,FmeaID,13,
286,286,PureLLM表格上下文回答(qwen2.5:7b),无KG/RAG/数据库/确定性规则系统,风险影响评估类,risk_mode_project,,M3_查询理解与语义检索增强,口语化/模糊检索,简单,在项目/功能“高压箱”里，失效模式“在负载连接的情况下意外开盖”的后果是什么？,安全事故,失效模式“在负载连接的情况下意外开盖”的后果是：负载未断开、违规操作。,错误,0.0,399.43,纯LLM直答,1.0,1.0,0,,1,安全事故,,,,,安全事故,,,13,
287,287,PureLLM表格上下文回答(qwen2.5:7b),无KG/RAG/数据库/确定性规则系统,故障原因诊断类,cause_code,,M1_编号直答,CSV直答,简单,FMEA编号“LFP015”这条的潜在失效原因/机理是什么？,充电时继电器未断开,无有效保护措施,错误,0.0,267.65,纯LLM直答,1.0,1.0,0,,1,充电时继电器未断开,,,,,充电时继电器未断开,,,14,
288,288,PureLLM表格上下文回答(qwen2.5:7b),无KG/RAG/数据库/确定性规则系统,风险影响评估类,effect_code,,M1_编号直答,CSV直答,简单,FMEA编号“LFP015”这条的潜在失效后果是什么？,安全事故,安全事故,正确,1.0,253.51,纯LLM直答,1.0,1.0,0,,1,,,,,,安全事故,,,14,
289,289,PureLLM表格上下文回答(qwen2.5:7b),无KG/RAG/数据库/确定性规则系统,风险影响评估类,rpn_code,,M1_编号直答,CSV直答,简单,FMEA编号“LFP015”这条的RPN是多少？,RPN=90.0,"LFP015,磷酸铁锂电池,DFMEA,高压箱,充电时触电,安全事故,充电时继电器未断开,9,2,5,90,,,提高防护等级,,,,,,磷酸铁锂电池DFMEA,lfp_battery_dfmea,lfp_battery_dfmea_case,fmea_core_v1,Dfmea案例.xls,20,lfp_dfmea_20250416105822,

RPN是：90",正确,1.0,1120.02,纯LLM直答,1.0,1.0,0,,1,,,90.0；90.0,,,,90.0,RPN,14,
290,290,PureLLM表格上下文回答(qwen2.5:7b),无KG/RAG/数据库/确定性规则系统,风险影响评估类,s_code,,M1_编号直答,CSV直答,简单,FMEA编号“LFP015”这条的S是多少？,S=9.0,9,正确,1.0,220.45,纯LLM直答,1.0,1.0,0,,1,,,9.0,,,,9.0,S,14,
291,291,PureLLM表格上下文回答(qwen2.5:7b),无KG/RAG/数据库/确定性规则系统,风险影响评估类,o_code,,M1_编号直答,CSV直答,简单,FMEA编号“LFP015”这条的O是多少？,O=2.0,2,正确,1.0,249.58,纯LLM直答,1.0,1.0,0,,1,,,2.0,,,,2.0,O,14,
292,292,PureLLM表格上下文回答(qwen2.5:7b),无KG/RAG/数据库/确定性规则系统,风险影响评估类,d_code,,M1_编号直答,CSV直答,简单,FMEA编号“LFP015”这条的D是多少？,D=5.0,"LFP015,磷酸铁锂电池,DFMEA,高压箱,充电时触电,安全事故,充电时继电器未断开,9,2,5,90,,提高防护等级,,,,,,磷酸铁锂电池DFMEA,lfp_battery_dfmea,lfp_battery_dfmea_case,fmea_core_v1,Dfmea案例.xls,20,lfp_dfmea_20250416105822,

D是5。",正确,1.0,1090.2,纯LLM直答,1.0,1.0,0,,1,,,5.0；5.0,,,,5.0,D,14,
293,293,PureLLM表格上下文回答(qwen2.5:7b),无KG/RAG/数据库/确定性规则系统,故障原因诊断类,cause_mode,,M3_查询理解与语义检索增强,口语化/模糊检索,简单,失效模式“充电时触电”对应的潜在失效原因/机理是什么？,充电时继电器未断开,充电时触电 的潜在失效原因是 充继电器未断开。,错误,0.0,338.0,纯LLM直答,1.0,1.0,0,,1,充电时继电器未断开,,,,,充电时继电器未断开,,,14,
294,294,PureLLM表格上下文回答(qwen2.5:7b),无KG/RAG/数据库/确定性规则系统,风险影响评估类,effect_mode,,M3_查询理解与语义检索增强,口语化/模糊检索,简单,失效模式“充电时触电”对应的潜在失效后果是什么？,安全事故,失效模式“充电时触电”对应的潜在失效后果是“充电时继电器未断开”。,错误,0.0,418.71,纯LLM直答,1.0,1.0,0,,1,安全事故,,,,,安全事故,,,14,
295,295,PureLLM表格上下文回答(qwen2.5:7b),无KG/RAG/数据库/确定性规则系统,风险影响评估类,rpn_mode,,M3_查询理解与语义检索增强,口语化/模糊检索,简单,失效模式“充电时触电”的RPN是多少？,RPN=90.0,90,正确,1.0,256.46,纯LLM直答,1.0,1.0,0,,1,,,90.0,,,,90.0,RPN,14,
296,296,PureLLM表格上下文回答(qwen2.5:7b),无KG/RAG/数据库/确定性规则系统,故障原因诊断类,cause_colloquial,,M3_查询理解与语义检索增强,口语化/模糊检索,中等,在项目/功能“高压箱”里，失效模式“充电时触电”这个问题，原因讲白一点是什么？,充电时继电器未断开,充电时继电器未断开。,正确,1.0,286.46,纯LLM直答,1.0,1.0,0,,1,,,,,,充电时继电器未断开,,,14,
297,297,PureLLM表格上下文回答(qwen2.5:7b),无KG/RAG/数据库/确定性规则系统,风险影响评估类,effect_colloquial,,M3_查询理解与语义检索增强,口语化/模糊检索,中等,在项目/功能“高压箱”里，失效模式“充电时触电”最后会带来什么后果？,安全事故,在项目/功能“高压箱”里，失效模式“充电时触电”带来的后果是：充电时继电器未断开。,错误,0.0,477.91,纯LLM直答,1.0,1.0,0,,1,安全事故,,,,,安全事故,,,14,
298,298,PureLLM表格上下文回答(qwen2.5:7b),无KG/RAG/数据库/确定性规则系统,风险影响评估类,risk_colloquial,,M3_查询理解与语义检索增强,口语化/模糊检索,中等,在项目/功能“高压箱”里，失效模式“充电时触电”的风险最后会体现成什么？,安全事故,RPN: 90,错误,0.0,291.28,纯LLM直答,1.0,1.0,0,,1,安全事故,,,,,安全事故,,,14,
299,299,PureLLM表格上下文回答(qwen2.5:7b),无KG/RAG/数据库/确定性规则系统,故障原因诊断类,cause_bool,,M4_证据裁决,证据裁决,简单,FMEA编号“LFP015”对应的原因是否就是“充电时继电器未断开”？,是,是的，FMEA编号“LFP015”对应的原因就是“充电时继电器未断开”。,正确,1.0,449.54,纯LLM直答,1.0,1.0,0,,1,,,,,,,,是/否判断,14,
300,300,PureLLM表格上下文回答(qwen2.5:7b),无KG/RAG/数据库/确定性规则系统,风险影响评估类,risk_bool,,M4_证据裁决,证据裁决,简单,FMEA编号“LFP015”对应的后果是否就是“安全事故”？,是,是的，FMEA编号“LFP015”对应的后果是“安全事故”。,正确,1.0,377.1,纯LLM直答,1.0,1.0,0,,1,,,,,,,,是/否判断,14,
301,301,PureLLM表格上下文回答(qwen2.5:7b),无KG/RAG/数据库/确定性规则系统,风险影响评估类,mode_project_bool,,M4_证据裁决,证据裁决,简单,失效模式“充电时触电”是不是出现在项目/功能“高压箱”里？,是,是的，失效模式“充电时触电”出现在项目/功能“高压箱”里。相关行的 FMEA 编号为 LFP015。,正确,1.0,544.87,纯LLM直答,1.0,1.0,0,,1,,,,,,,,是/否判断,14,
302,302,PureLLM表格上下文回答(qwen2.5:7b),无KG/RAG/数据库/确定性规则系统,风险影响评估类,risk_mode_code,,M3_查询理解与语义检索增强,口语化/模糊检索,简单,失效模式“充电时触电”对应的FMEA编号是什么？,LFP015,LFP015,正确,1.0,263.21,纯LLM直答,1.0,1.0,0,,1,,,15.0,,,LFP015,,FmeaID,14,
303,303,PureLLM表格上下文回答(qwen2.5:7b),无KG/RAG/数据库/确定性规则系统,风险影响评估类,risk_mode_project,,M3_查询理解与语义检索增强,口语化/模糊检索,简单,在项目/功能“高压箱”里，失效模式“充电时触电”的后果是什么？,安全事故,在项目/功能“高压箱”里，失效模式“充电时触电”的后果是：充电时继电器未断开。,错误,0.0,480.99,纯LLM直答,1.0,1.0,0,,1,安全事故,,,,,安全事故,,,14,
304,304,PureLLM表格上下文回答(qwen2.5:7b),无KG/RAG/数据库/确定性规则系统,风险影响评估类,project_avg_rpn,,M2_规则推理,规则推理,中等,项目/功能“热管理系统”的平均RPN是多少？,平均RPN=128.33,"首先，我们需要找出所有与“热管理系统”相关的行，并计算它们的RPN值的平均数。

相关行及对应的RPN值如下：
- LFP016: 168
- LFP017: 168
- LFP018: 120
- LFP019: 140
- LFP020: 84
- LFP021: 90

计算平均值：
\[ \text{平均RPN} = \frac{168 + 168 + 120 + 140 + 84 + 90}{6} = \frac{760}{6} = 126.67 \]

答案：项目/功能“热管理系统”的平均RPN是126.67。",错误,0.0,1781.14,纯LLM直答,1.0,0.0,1,,1,,128.33333333333334,,,760.0；126.67；126.67,,128.33333333333334,RPN,15,
305,305,PureLLM表格上下文回答(qwen2.5:7b),无KG/RAG/数据库/确定性规则系统,风险影响评估类,project_top_mode,,M2_规则推理,规则推理,中等,项目/功能“热管理系统”里RPN最高的失效模式是什么？,电池组整体温度过高；RPN=168.0,"LFP021,磷酸铁锂电池,DFMEA,热管理系统,连接片过热,安全事故,连接片氧化、未压紧防松螺母连接电阻增加、截面积小或材质不纯,10,3,3,90,,,充放电性能测试,更换连接片或压紧防松螺母",错误,0.0,849.1,纯LLM直答,1.0,1.0,0,,1,电池组整体温度过高,168.0,,,,电池组整体温度过高,168.0,FailureMode；RPN,15,
306,306,PureLLM表格上下文回答(qwen2.5:7b),无KG/RAG/数据库/确定性规则系统,风险影响评估类,project_top_effect,,M2_规则推理,规则推理,中等,项目/功能“热管理系统”里RPN最高的那条，它的后果是什么？,影响电池工作,项目/功能“热管理系统”里RPN最高的那条是LFP015，它的后果是充电时继电未断开。,错误,0.0,479.73,纯LLM直答,1.0,1.0,0,1.0,1,影响电池工作,,,,,影响电池工作,,FailureEffect,15,
307,307,PureLLM表格上下文回答(qwen2.5:7b),无KG/RAG/数据库/确定性规则系统,故障原因诊断类,cause_code,,M1_编号直答,CSV直答,简单,FMEA编号“LFP016”这条的潜在失效原因/机理是什么？,风道设计不合理,风道设计不合理,正确,1.0,277.96,纯LLM直答,1.0,1.0,0,,1,,,,,,风道设计不合理,,,15,
308,308,PureLLM表格上下文回答(qwen2.5:7b),无KG/RAG/数据库/确定性规则系统,风险影响评估类,effect_code,,M1_编号直答,CSV直答,简单,FMEA编号“LFP016”这条的潜在失效后果是什么？,影响电池工作,影响电池工作,正确,1.0,258.37,纯LLM直答,1.0,1.0,0,,1,,,,,,影响电池工作,,,15,
309,309,PureLLM表格上下文回答(qwen2.5:7b),无KG/RAG/数据库/确定性规则系统,风险影响评估类,rpn_code,,M1_编号直答,CSV直答,简单,FMEA编号“LFP016”这条的RPN是多少？,RPN=168.0,"LFP016,磷酸铁锂电池,DFMEA,热管理系统,电池组整体温度过高,影响电池工作,风道设计不合理,6,4,7,168,,,,增加散热,,,,磷酸铁锂电池DFMEA,lfp_battery_dfmea,lfp_battery_dfmea_case,fmea_core_v1,Dfmea案例.xls,21,lfp_dfmea_20250416105822,增加散热

RPN: 168",正确,1.0,1149.26,纯LLM直答,1.0,1.0,0,,1,,,168.0；168.0,,,,168.0,RPN,15,
310,310,PureLLM表格上下文回答(qwen2.5:7b),无KG/RAG/数据库/确定性规则系统,风险影响评估类,s_code,,M1_编号直答,CSV直答,简单,FMEA编号“LFP016”这条的S是多少？,S=6.0,6,正确,1.0,248.95,纯LLM直答,1.0,1.0,0,,1,,,6.0,,,,6.0,S,15,
311,311,PureLLM表格上下文回答(qwen2.5:7b),无KG/RAG/数据库/确定性规则系统,风险影响评估类,o_code,,M1_编号直答,CSV直答,简单,FMEA编号“LFP016”这条的O是多少？,O=4.0,O是4。,正确,1.0,271.71,纯LLM直答,1.0,1.0,0,,1,,,4.0,,,,4.0,O,15,
312,312,PureLLM表格上下文回答(qwen2.5:7b),无KG/RAG/数据库/确定性规则系统,风险影响评估类,d_code,,M1_编号直答,CSV直答,简单,FMEA编号“LFP016”这条的D是多少？,D=7.0,7,正确,1.0,241.01,纯LLM直答,1.0,1.0,0,,1,,,7.0,,,,7.0,D,15,
313,313,PureLLM表格上下文回答(qwen2.5:7b),无KG/RAG/数据库/确定性规则系统,故障措施推荐类,action_code,,M1_编号直答,CSV直答,简单,FMEA编号“LFP016”这条的建议措施是什么？,增加散热,增加散热,正确,1.0,246.98,纯LLM直答,1.0,1.0,0,,1,,,,,,增加散热,,RecommendedAction,15,
314,314,PureLLM表格上下文回答(qwen2.5:7b),无KG/RAG/数据库/确定性规则系统,故障原因诊断类,cause_mode,,M3_查询理解与语义检索增强,口语化/模糊检索,简单,失效模式“电池组整体温度过高”对应的潜在失效原因/机理是什么？,风道设计不合理,风道设计不合理,正确,1.0,282.64,纯LLM直答,1.0,1.0,0,,1,,,,,,风道设计不合理,,,15,
315,315,PureLLM表格上下文回答(qwen2.5:7b),无KG/RAG/数据库/确定性规则系统,风险影响评估类,effect_mode,,M3_查询理解与语义检索增强,口语化/模糊检索,简单,失效模式“电池组整体温度过高”对应的潜在失效后果是什么？,影响电池工作,影响电池工作,正确,1.0,281.13,纯LLM直答,1.0,1.0,0,,1,,,,,,影响电池工作,,,15,
316,316,PureLLM表格上下文回答(qwen2.5:7b),无KG/RAG/数据库/确定性规则系统,风险影响评估类,rpn_mode,,M3_查询理解与语义检索增强,口语化/模糊检索,简单,失效模式“电池组整体温度过高”的RPN是多少？,RPN=168.0,168,正确,1.0,243.4,纯LLM直答,1.0,1.0,0,,1,,,168.0,,,,168.0,RPN,15,
317,317,PureLLM表格上下文回答(qwen2.5:7b),无KG/RAG/数据库/确定性规则系统,故障措施推荐类,action_mode,,M3_查询理解与语义检索增强,口语化/模糊检索,简单,失效模式“电池组整体温度过高”对应的建议措施是什么？,增加散热,增加散热,正确,1.0,262.14,纯LLM直答,1.0,1.0,0,,1,,,,,,增加散热,,RecommendedAction,15,
318,318,PureLLM表格上下文回答(qwen2.5:7b),无KG/RAG/数据库/确定性规则系统,故障原因诊断类,cause_colloquial,,M3_查询理解与语义检索增强,口语化/模糊检索,中等,在项目/功能“热管理系统”里，失效模式“电池组整体温度过高”这个问题，原因讲白一点是什么？,风道设计不合理,风道设计不合理。,正确,1.0,283.2,纯LLM直答,1.0,1.0,0,,1,,,,,,风道设计不合理,,,15,
319,319,PureLLM表格上下文回答(qwen2.5:7b),无KG/RAG/数据库/确定性规则系统,风险影响评估类,effect_colloquial,,M3_查询理解与语义检索增强,口语化/模糊检索,中等,在项目/功能“热管理系统”里，失效模式“电池组整体温度过高”最后会带来什么后果？,影响电池工作,影响电池工作,正确,1.0,243.95,纯LLM直答,1.0,1.0,0,,1,,,,,,影响电池工作,,,15,
320,320,PureLLM表格上下文回答(qwen2.5:7b),无KG/RAG/数据库/确定性规则系统,故障措施推荐类,action_colloquial,,M3_查询理解与语义检索增强,口语化/模糊检索,中等,在项目/功能“热管理系统”里，失效模式“电池组整体温度过高”一般怎么处理？,增加散热,增加散热,正确,1.0,249.93,纯LLM直答,1.0,1.0,0,,1,,,,,,增加散热,,,15,
321,321,PureLLM表格上下文回答(qwen2.5:7b),无KG/RAG/数据库/确定性规则系统,风险影响评估类,risk_colloquial,,M3_查询理解与语义检索增强,口语化/模糊检索,中等,在项目/功能“热管理系统”里，失效模式“电池组整体温度过高”的风险最后会体现成什么？,影响电池工作,"RPN: 168
ActionPriority: 
PreventControl: 
DetectionMeasure: 增加散热
RecommendedAction: 
ActionStatus: 
ActionResult: 
Remark: 
Domain: 热管理系统
DatasetID: lfp_battery_dfmea
ProjectID: lfp_battery_dfmea_case
SchemaVersion: fmea_core_v1
SourceFile: Dfmea案例.xls
SourceRowNo: 21
ImportBatchID: lfp_dfmea_20250416105822
TempMeasure: 增加散热",错误,0.0,1298.09,纯LLM直答,1.0,1.0,0,,1,影响电池工作,,,,,影响电池工作,,,15,
322,322,PureLLM表格上下文回答(qwen2.5:7b),无KG/RAG/数据库/确定性规则系统,故障原因诊断类,cause_bool,,M4_证据裁决,证据裁决,简单,FMEA编号“LFP016”对应的原因是否就是“风道设计不合理”？,是,是的，FMEA编号“LFP016”对应的原因就是“风道设计不合理”。,正确,1.0,424.56,纯LLM直答,1.0,1.0,0,,1,,,,,,,,是/否判断,15,
323,323,PureLLM表格上下文回答(qwen2.5:7b),无KG/RAG/数据库/确定性规则系统,风险影响评估类,risk_bool,,M4_证据裁决,证据裁决,简单,FMEA编号“LFP016”对应的后果是否就是“影响电池工作”？,是,是的，FMEA编号“LFP016”对应的后果就是“影响电池工作”。,正确,1.0,406.98,纯LLM直答,1.0,1.0,0,,1,,,,,,,,是/否判断,15,
324,324,PureLLM表格上下文回答(qwen2.5:7b),无KG/RAG/数据库/确定性规则系统,风险影响评估类,mode_project_bool,,M4_证据裁决,证据裁决,简单,失效模式“电池组整体温度过高”是不是出现在项目/功能“热管理系统”里？,是,是的，失效模式“电池组整体温度过高”出现在项目/功能“热管理系统”里。,正确,1.0,396.85,纯LLM直答,1.0,1.0,0,,1,,,,,,,,是/否判断,15,
325,325,PureLLM表格上下文回答(qwen2.5:7b),无KG/RAG/数据库/确定性规则系统,风险影响评估类,risk_mode_code,,M3_查询理解与语义检索增强,口语化/模糊检索,简单,失效模式“电池组整体温度过高”对应的FMEA编号是什么？,LFP016,LFP016,正确,1.0,265.33,纯LLM直答,1.0,1.0,0,,1,,,16.0,,,LFP016,,FmeaID,15,
326,326,PureLLM表格上下文回答(qwen2.5:7b),无KG/RAG/数据库/确定性规则系统,风险影响评估类,risk_mode_project,,M3_查询理解与语义检索增强,口语化/模糊检索,简单,在项目/功能“热管理系统”里，失效模式“电池组整体温度过高”的后果是什么？,影响电池工作,影响电池工作,正确,1.0,232.43,纯LLM直答,1.0,1.0,0,,1,,,,,,影响电池工作,,,15,
327,327,PureLLM表格上下文回答(qwen2.5:7b),无KG/RAG/数据库/确定性规则系统,故障原因诊断类,cause_code,,M1_编号直答,CSV直答,简单,FMEA编号“LFP017”这条的潜在失效原因/机理是什么？,加热系统未工作或设计达不到要求,FMEA编号“LFP017”的潜在失效原因是：“加热系统未工作或设计达不到要求”。,正确,1.0,413.91,纯LLM直答,1.0,1.0,0,,1,,,,,,加热系统未工作或设计达不到要求,,,16,
328,328,PureLLM表格上下文回答(qwen2.5:7b),无KG/RAG/数据库/确定性规则系统,风险影响评估类,effect_code,,M1_编号直答,CSV直答,简单,FMEA编号“LFP017”这条的潜在失效后果是什么？,影响电池工作,影响电池工作,正确,1.0,253.34,纯LLM直答,1.0,1.0,0,,1,,,,,,影响电池工作,,,16,
329,329,PureLLM表格上下文回答(qwen2.5:7b),无KG/RAG/数据库/确定性规则系统,风险影响评估类,rpn_code,,M1_编号直答,CSV直答,简单,FMEA编号“LFP017”这条的RPN是多少？,RPN=168.0,"LFP017,磷酸铁锂电池,DFMEA,热管理系统,电池组整体温度过低,影响电池工作,加热系统未工作或设计达不到要求,6,4,7,168,,,,更换加热系统,,,,磷酸铁锂电池DFMEA,lfp_battery_dfmea,lfp_battery_dfmea_case,fmea_core_v1,Dfmea案例.xls,22,lfp_dfmea_20250416105822,更换加热系统

RPN: 168",正确,1.0,1178.6,纯LLM直答,1.0,1.0,0,,1,,,168.0；168.0,,,,168.0,RPN,16,
330,330,PureLLM表格上下文回答(qwen2.5:7b),无KG/RAG/数据库/确定性规则系统,风险影响评估类,s_code,,M1_编号直答,CSV直答,简单,FMEA编号“LFP017”这条的S是多少？,S=6.0,6,正确,1.0,248.12,纯LLM直答,1.0,1.0,0,,1,,,6.0,,,,6.0,S,16,
331,331,PureLLM表格上下文回答(qwen2.5:7b),无KG/RAG/数据库/确定性规则系统,风险影响评估类,o_code,,M1_编号直答,CSV直答,简单,FMEA编号“LFP017”这条的O是多少？,O=4.0,4,正确,1.0,221.25,纯LLM直答,1.0,1.0,0,,1,,,4.0,,,,4.0,O,16,
332,332,PureLLM表格上下文回答(qwen2.5:7b),无KG/RAG/数据库/确定性规则系统,风险影响评估类,d_code,,M1_编号直答,CSV直答,简单,FMEA编号“LFP017”这条的D是多少？,D=7.0,7,正确,1.0,242.95,纯LLM直答,1.0,1.0,0,,1,,,7.0,,,,7.0,D,16,
333,333,PureLLM表格上下文回答(qwen2.5:7b),无KG/RAG/数据库/确定性规则系统,故障措施推荐类,action_code,,M1_编号直答,CSV直答,简单,FMEA编号“LFP017”这条的建议措施是什么？,更换加热系统,"LFP017,磷酸铁锂电池,DFMEA,热管理系统,电池组整体温度过低,影响电池工作,加热系统未工作或设计达不到要求,6,4,7,168,,,,更换加热系统,,,,磷酸铁锂电池DFMEA,lfp_battery_dfmea,lfp_battery_dfmea_case,fmea_core_v1,Dfmea案例.xls,22,lfp_dfmea_20250416105822,更换加热系统",正确,1.0,1122.95,纯LLM直答,1.0,1.0,0,,1,,,,,,更换加热系统,,RecommendedAction,16,
334,334,PureLLM表格上下文回答(qwen2.5:7b),无KG/RAG/数据库/确定性规则系统,故障原因诊断类,cause_mode,,M3_查询理解与语义检索增强,口语化/模糊检索,简单,失效模式“电池组整体温度过低”对应的潜在失效原因/机理是什么？,加热系统未工作或设计达不到要求,失效模式“电池组整体温度过低”对应的潜在失效原因/机理是加热系统未工作或设计达不到要求。,正确,1.0,461.87,纯LLM直答,1.0,1.0,0,,1,,,,,,加热系统未工作或设计达不到要求,,,16,
335,335,PureLLM表格上下文回答(qwen2.5:7b),无KG/RAG/数据库/确定性规则系统,风险影响评估类,effect_mode,,M3_查询理解与语义检索增强,口语化/模糊检索,简单,失效模式“电池组整体温度过低”对应的潜在失效后果是什么？,影响电池工作,影响电池工作,正确,1.0,269.32,纯LLM直答,1.0,1.0,0,,1,,,,,,影响电池工作,,,16,
336,336,PureLLM表格上下文回答(qwen2.5:7b),无KG/RAG/数据库/确定性规则系统,风险影响评估类,rpn_mode,,M3_查询理解与语义检索增强,口语化/模糊检索,简单,失效模式“电池组整体温度过低”的RPN是多少？,RPN=168.0,168,正确,1.0,242.9,纯LLM直答,1.0,1.0,0,,1,,,168.0,,,,168.0,RPN,16,
337,337,PureLLM表格上下文回答(qwen2.5:7b),无KG/RAG/数据库/确定性规则系统,故障措施推荐类,action_mode,,M3_查询理解与语义检索增强,口语化/模糊检索,简单,失效模式“电池组整体温度过低”对应的建议措施是什么？,更换加热系统,失效模式“电池组整体温度过低”对应的建议措施是：更换加热系统。,正确,1.0,380.94,纯LLM直答,1.0,1.0,0,,1,,,,,,更换加热系统,,RecommendedAction,16,
338,338,PureLLM表格上下文回答(qwen2.5:7b),无KG/RAG/数据库/确定性规则系统,故障原因诊断类,cause_colloquial,,M3_查询理解与语义检索增强,口语化/模糊检索,中等,在项目/功能“热管理系统”里，失效模式“电池组整体温度过低”这个问题，原因讲白一点是什么？,加热系统未工作或设计达不到要求,失效模式“电池组整体温度过低”的原因是“加热系统未工作或设计达不到要求”。,正确,1.0,410.8,纯LLM直答,1.0,1.0,0,,1,,,,,,加热系统未工作或设计达不到要求,,,16,
339,339,PureLLM表格上下文回答(qwen2.5:7b),无KG/RAG/数据库/确定性规则系统,风险影响评估类,effect_colloquial,,M3_查询理解与语义检索增强,口语化/模糊检索,中等,在项目/功能“热管理系统”里，失效模式“电池组整体温度过低”最后会带来什么后果？,影响电池工作,影响电池工作,正确,1.0,246.08,纯LLM直答,1.0,1.0,0,,1,,,,,,影响电池工作,,,16,
340,340,PureLLM表格上下文回答(qwen2.5:7b),无KG/RAG/数据库/确定性规则系统,故障措施推荐类,action_colloquial,,M3_查询理解与语义检索增强,口语化/模糊检索,中等,在项目/功能“热管理系统”里，失效模式“电池组整体温度过低”一般怎么处理？,更换加热系统,"LFP016,磷酸铁锂电池,DFMEA,热管理系统,电池组整体温度过低,影响电池工作,加热系统未工作或设计达不到要求,6,4,7,168,,,,更换加热系统,,,,磷酸铁锂电池DFMEA,lfp_battery_dfmea,lfp_battery_dfmea_case,fmea_core_v1,Dfmea案例.xls,21,lfp_dfmea_20250416105822,更换加热系统",正确,1.0,1099.67,纯LLM直答,1.0,1.0,0,,1,,,,,,更换加热系统,,,16,
341,341,PureLLM表格上下文回答(qwen2.5:7b),无KG/RAG/数据库/确定性规则系统,风险影响评估类,risk_colloquial,,M3_查询理解与语义检索增强,口语化/模糊检索,中等,在项目/功能“热管理系统”里，失效模式“电池组整体温度过低”的风险最后会体现成什么？,影响电池工作,RPN: 168,错误,0.0,296.01,纯LLM直答,1.0,1.0,0,,1,影响电池工作,,,,,影响电池工作,,,16,
342,342,PureLLM表格上下文回答(qwen2.5:7b),无KG/RAG/数据库/确定性规则系统,故障原因诊断类,cause_bool,,M4_证据裁决,证据裁决,简单,FMEA编号“LFP017”对应的原因是否就是“加热系统未工作或设计达不到要求”？,是,是的，FMEA编号“LFP017”对应的原因就是“加热系统未工作或设计达不到要求”。,正确,1.0,455.21,纯LLM直答,1.0,1.0,0,,1,,,,,,,,是/否判断,16,
343,343,PureLLM表格上下文回答(qwen2.5:7b),无KG/RAG/数据库/确定性规则系统,风险影响评估类,risk_bool,,M4_证据裁决,证据裁决,简单,FMEA编号“LFP017”对应的后果是否就是“影响电池工作”？,是,是的，FMEA编号“LFP017”对应的后果就是“影响电池工作”。,正确,1.0,391.66,纯LLM直答,1.0,1.0,0,,1,,,,,,,,是/否判断,16,
344,344,PureLLM表格上下文回答(qwen2.5:7b),无KG/RAG/数据库/确定性规则系统,风险影响评估类,mode_project_bool,,M4_证据裁决,证据裁决,简单,失效模式“电池组整体温度过低”是不是出现在项目/功能“热管理系统”里？,是,是的，失效模式“电池组整体温度过低”出现在项目/功能“热管理系统”里。,正确,1.0,407.94,纯LLM直答,1.0,1.0,0,,1,,,,,,,,是/否判断,16,
345,345,PureLLM表格上下文回答(qwen2.5:7b),无KG/RAG/数据库/确定性规则系统,风险影响评估类,risk_mode_code,,M3_查询理解与语义检索增强,口语化/模糊检索,简单,失效模式“电池组整体温度过低”对应的FMEA编号是什么？,LFP017,LFP016,错误,0.0,267.96,纯LLM直答,1.0,1.0,0,,1,LFP017,,,,,LFP017,,FmeaID,16,
346,346,PureLLM表格上下文回答(qwen2.5:7b),无KG/RAG/数据库/确定性规则系统,风险影响评估类,risk_mode_project,,M3_查询理解与语义检索增强,口语化/模糊检索,简单,在项目/功能“热管理系统”里，失效模式“电池组整体温度过低”的后果是什么？,影响电池工作,影响电池工作,正确,1.0,271.81,纯LLM直答,1.0,1.0,0,,1,,,,,,影响电池工作,,,16,
347,347,PureLLM表格上下文回答(qwen2.5:7b),无KG/RAG/数据库/确定性规则系统,故障原因诊断类,cause_code,,M1_编号直答,CSV直答,简单,FMEA编号“LFP018”这条的潜在失效原因/机理是什么？,风扇固定不牢靠或功率过高,风扇固定不牢靠或功率过高。,正确,1.0,299.85,纯LLM直答,1.0,1.0,0,,1,,,,,,风扇固定不牢靠或功率过高,,,17,
348,348,PureLLM表格上下文回答(qwen2.5:7b),无KG/RAG/数据库/确定性规则系统,风险影响评估类,effect_code,,M1_编号直答,CSV直答,简单,FMEA编号“LFP018”这条的潜在失效后果是什么？,影响乘车环境,影响乘车环境,正确,1.0,264.42,纯LLM直答,1.0,1.0,0,,1,,,,,,影响乘车环境,,,17,
349,349,PureLLM表格上下文回答(qwen2.5:7b),无KG/RAG/数据库/确定性规则系统,风险影响评估类,rpn_code,,M1_编号直答,CSV直答,简单,FMEA编号“LFP018”这条的RPN是多少？,RPN=120.0,120,正确,1.0,264.73,纯LLM直答,1.0,1.0,0,,1,,,120.0,,,,120.0,RPN,17,
350,350,PureLLM表格上下文回答(qwen2.5:7b),无KG/RAG/数据库/确定性规则系统,风险影响评估类,s_code,,M1_编号直答,CSV直答,简单,FMEA编号“LFP018”这条的S是多少？,S=3.0,3,正确,1.0,235.45,纯LLM直答,1.0,1.0,0,,1,,,3.0,,,,3.0,S,17,
351,351,PureLLM表格上下文回答(qwen2.5:7b),无KG/RAG/数据库/确定性规则系统,风险影响评估类,o_code,,M1_编号直答,CSV直答,简单,FMEA编号“LFP018”这条的O是多少？,O=5.0,3,错误,0.0,206.32,纯LLM直答,1.0,1.0,0,,1,,5.0,,,,,5.0,O,17,
352,352,PureLLM表格上下文回答(qwen2.5:7b),无KG/RAG/数据库/确定性规则系统,风险影响评估类,d_code,,M1_编号直答,CSV直答,简单,FMEA编号“LFP018”这条的D是多少？,D=8.0,7,错误,0.0,200.18,纯LLM直答,1.0,1.0,0,,1,,8.0,,,,,8.0,D,17,
353,353,PureLLM表格上下文回答(qwen2.5:7b),无KG/RAG/数据库/确定性规则系统,故障措施推荐类,action_code,,M1_编号直答,CSV直答,简单,FMEA编号“LFP018”这条的建议措施是什么？,更换风扇,更换风扇,正确,1.0,233.65,纯LLM直答,1.0,1.0,0,,1,,,,,,更换风扇,,RecommendedAction,17,
354,354,PureLLM表格上下文回答(qwen2.5:7b),无KG/RAG/数据库/确定性规则系统,故障原因诊断类,cause_mode,,M3_查询理解与语义检索增强,口语化/模糊检索,简单,失效模式“噪音过大”对应的潜在失效原因/机理是什么？,风扇固定不牢靠或功率过高,失效模式“噪音过大”的潜在失效原因是：风扇固定不牢靠或功率过高。,正确,1.0,392.47,纯LLM直答,1.0,1.0,0,,1,,,,,,风扇固定不牢靠或功率过高,,,17,
355,355,PureLLM表格上下文回答(qwen2.5:7b),无KG/RAG/数据库/确定性规则系统,风险影响评估类,effect_mode,,M3_查询理解与语义检索增强,口语化/模糊检索,简单,失效模式“噪音过大”对应的潜在失效后果是什么？,影响乘车环境,影响乘车环境,正确,1.0,258.94,纯LLM直答,1.0,1.0,0,,1,,,,,,影响乘车环境,,,17,
356,356,PureLLM表格上下文回答(qwen2.5:7b),无KG/RAG/数据库/确定性规则系统,风险影响评估类,rpn_mode,,M3_查询理解与语义检索增强,口语化/模糊检索,简单,失效模式“噪音过大”的RPN是多少？,RPN=120.0,120,正确,1.0,263.64,纯LLM直答,1.0,1.0,0,,1,,,120.0,,,,120.0,RPN,17,
357,357,PureLLM表格上下文回答(qwen2.5:7b),无KG/RAG/数据库/确定性规则系统,故障措施推荐类,action_mode,,M3_查询理解与语义检索增强,口语化/模糊检索,简单,失效模式“噪音过大”对应的建议措施是什么？,更换风扇,更换风扇,正确,1.0,253.26,纯LLM直答,1.0,1.0,0,,1,,,,,,更换风扇,,RecommendedAction,17,
358,358,PureLLM表格上下文回答(qwen2.5:7b),无KG/RAG/数据库/确定性规则系统,故障原因诊断类,cause_colloquial,,M3_查询理解与语义检索增强,口语化/模糊检索,中等,在项目/功能“热管理系统”里，失效模式“噪音过大”这个问题，原因讲白一点是什么？,风扇固定不牢靠或功率过高,风扇固定不牢靠或功率过高。,正确,1.0,313.63,纯LLM直答,1.0,1.0,0,,1,,,,,,风扇固定不牢靠或功率过高,,,17,
359,359,PureLLM表格上下文回答(qwen2.5:7b),无KG/RAG/数据库/确定性规则系统,风险影响评估类,effect_colloquial,,M3_查询理解与语义检索增强,口语化/模糊检索,中等,在项目/功能“热管理系统”里，失效模式“噪音过大”最后会带来什么后果？,影响乘车环境,影响乘车环境,正确,1.0,262.8,纯LLM直答,1.0,1.0,0,,1,,,,,,影响乘车环境,,,17,
360,360,PureLLM表格上下文回答(qwen2.5:7b),无KG/RAG/数据库/确定性规则系统,故障措施推荐类,action_colloquial,,M3_查询理解与语义检索增强,口语化/模糊检索,中等,在项目/功能“热管理系统”里，失效模式“噪音过大”一般怎么处理？,更换风扇,"LFP018,磷酸铁锂电池,DFMEA,热管理系统,噪音过大,影响乘车环境,风扇固定不牢靠或功率过高,3,5,8,120,,,,更换风扇,,,,磷酸铁锂电池DFMEA,lfp_battery_dfmea,lfp_battery_dfmea_case,fmea_core_v1,Dfmea案例.xls,23,lfp_dfmea_20250416105822,更换风扇",正确,1.0,1072.72,纯LLM直答,1.0,1.0,0,,1,,,,,,更换风扇,,,17,
361,361,PureLLM表格上下文回答(qwen2.5:7b),无KG/RAG/数据库/确定性规则系统,风险影响评估类,risk_colloquial,,M3_查询理解与语义检索增强,口语化/模糊检索,中等,在项目/功能“热管理系统”里，失效模式“噪音过大”的风险最后会体现成什么？,影响乘车环境,失效模式“噪音过大”的RPN值为120，体现在风扇固定不牢靠或功率过高。,错误,0.0,434.47,纯LLM直答,1.0,1.0,0,,1,影响乘车环境,,,,,影响乘车环境,,,17,
362,362,PureLLM表格上下文回答(qwen2.5:7b),无KG/RAG/数据库/确定性规则系统,故障原因诊断类,cause_bool,,M4_证据裁决,证据裁决,简单,FMEA编号“LFP018”对应的原因是否就是“风扇固定不牢靠或功率过高”？,是,是的，FMEA编号“LFP018”对应的原因就是“风扇固定不牢靠或功率过高”。,正确,1.0,440.25,纯LLM直答,1.0,1.0,0,,1,,,,,,,,是/否判断,17,
363,363,PureLLM表格上下文回答(qwen2.5:7b),无KG/RAG/数据库/确定性规则系统,风险影响评估类,risk_bool,,M4_证据裁决,证据裁决,简单,FMEA编号“LFP018”对应的后果是否就是“影响乘车环境”？,是,是的，FMEA编号“LFP018”对应的后果就是“影响乘车环境”。,正确,1.0,408.14,纯LLM直答,1.0,1.0,0,,1,,,,,,,,是/否判断,17,
364,364,PureLLM表格上下文回答(qwen2.5:7b),无KG/RAG/数据库/确定性规则系统,风险影响评估类,mode_project_bool,,M4_证据裁决,证据裁决,简单,失效模式“噪音过大”是不是出现在项目/功能“热管理系统”里？,是,是的，失效模式“噪音过大”出现在项目/功能“热管理系统”里。相关行的FMEA编号为LFP018。,正确,1.0,491.21,纯LLM直答,1.0,1.0,0,,1,,,,,,,,是/否判断,17,
365,365,PureLLM表格上下文回答(qwen2.5:7b),无KG/RAG/数据库/确定性规则系统,风险影响评估类,risk_mode_code,,M3_查询理解与语义检索增强,口语化/模糊检索,简单,失效模式“噪音过大”对应的FMEA编号是什么？,LFP018,LFP018,正确,1.0,274.94,纯LLM直答,1.0,1.0,0,,1,,,18.0,,,LFP018,,FmeaID,17,
366,366,PureLLM表格上下文回答(qwen2.5:7b),无KG/RAG/数据库/确定性规则系统,风险影响评估类,risk_mode_project,,M3_查询理解与语义检索增强,口语化/模糊检索,简单,在项目/功能“热管理系统”里，失效模式“噪音过大”的后果是什么？,影响乘车环境,影响乘车环境,正确,1.0,264.12,纯LLM直答,1.0,1.0,0,,1,,,,,,影响乘车环境,,,17,
367,367,PureLLM表格上下文回答(qwen2.5:7b),无KG/RAG/数据库/确定性规则系统,故障原因诊断类,cause_code,,M1_编号直答,CSV直答,简单,FMEA编号“LFP019”这条的潜在失效原因/机理是什么？,通风方式不合理,通风方式不合理,正确,1.0,242.44,纯LLM直答,1.0,1.0,0,,1,,,,,,通风方式不合理,,,18,
368,368,PureLLM表格上下文回答(qwen2.5:7b),无KG/RAG/数据库/确定性规则系统,风险影响评估类,effect_code,,M1_编号直答,CSV直答,简单,FMEA编号“LFP019”这条的潜在失效后果是什么？,影响电池工作,影响电池工作,正确,1.0,244.82,纯LLM直答,1.0,1.0,0,,1,,,,,,影响电池工作,,,18,
369,369,PureLLM表格上下文回答(qwen2.5:7b),无KG/RAG/数据库/确定性规则系统,风险影响评估类,rpn_code,,M1_编号直答,CSV直答,简单,FMEA编号“LFP019”这条的RPN是多少？,RPN=140.0,LFP019的RPN是140。,正确,1.0,343.17,纯LLM直答,1.0,1.0,0,,1,,,140.0,,,,140.0,RPN,18,
370,370,PureLLM表格上下文回答(qwen2.5:7b),无KG/RAG/数据库/确定性规则系统,风险影响评估类,s_code,,M1_编号直答,CSV直答,简单,FMEA编号“LFP019”这条的S是多少？,S=4.0,4,正确,1.0,241.62,纯LLM直答,1.0,1.0,0,,1,,,4.0,,,,4.0,S,18,
371,371,PureLLM表格上下文回答(qwen2.5:7b),无KG/RAG/数据库/确定性规则系统,风险影响评估类,o_code,,M1_编号直答,CSV直答,简单,FMEA编号“LFP019”这条的O是多少？,O=5.0,4,错误,0.0,232.35,纯LLM直答,1.0,1.0,0,,1,,5.0,,,,,5.0,O,18,
372,372,PureLLM表格上下文回答(qwen2.5:7b),无KG/RAG/数据库/确定性规则系统,风险影响评估类,d_code,,M1_编号直答,CSV直答,简单,FMEA编号“LFP019”这条的D是多少？,D=7.0,7,正确,1.0,238.07,纯LLM直答,1.0,1.0,0,,1,,,7.0,,,,7.0,D,18,
373,373,PureLLM表格上下文回答(qwen2.5:7b),无KG/RAG/数据库/确定性规则系统,故障措施推荐类,action_code,,M1_编号直答,CSV直答,简单,FMEA编号“LFP019”这条的建议措施是什么？,增加散热,增加散热,正确,1.0,249.53,纯LLM直答,1.0,1.0,0,,1,,,,,,增加散热,,RecommendedAction,18,
374,374,PureLLM表格上下文回答(qwen2.5:7b),无KG/RAG/数据库/确定性规则系统,故障原因诊断类,cause_mode,,M3_查询理解与语义检索增强,口语化/模糊检索,简单,失效模式“电池间温度一致性差”对应的潜在失效原因/机理是什么？,通风方式不合理,失效模式“电池间温度一致性差”的潜在失效原因是“通风方式不合理”。,正确,1.0,392.98,纯LLM直答,1.0,1.0,0,,1,,,,,,通风方式不合理,,,18,
375,375,PureLLM表格上下文回答(qwen2.5:7b),无KG/RAG/数据库/确定性规则系统,风险影响评估类,effect_mode,,M3_查询理解与语义检索增强,口语化/模糊检索,简单,失效模式“电池间温度一致性差”对应的潜在失效后果是什么？,影响电池工作,影响电池工作,正确,1.0,256.21,纯LLM直答,1.0,1.0,0,,1,,,,,,影响电池工作,,,18,
376,376,PureLLM表格上下文回答(qwen2.5:7b),无KG/RAG/数据库/确定性规则系统,风险影响评估类,rpn_mode,,M3_查询理解与语义检索增强,口语化/模糊检索,简单,失效模式“电池间温度一致性差”的RPN是多少？,RPN=140.0,140,正确,1.0,262.09,纯LLM直答,1.0,1.0,0,,1,,,140.0,,,,140.0,RPN,18,
377,377,PureLLM表格上下文回答(qwen2.5:7b),无KG/RAG/数据库/确定性规则系统,故障措施推荐类,action_mode,,M3_查询理解与语义检索增强,口语化/模糊检索,简单,失效模式“电池间温度一致性差”对应的建议措施是什么？,增加散热,增加散热,正确,1.0,252.79,纯LLM直答,1.0,1.0,0,,1,,,,,,增加散热,,RecommendedAction,18,
378,378,PureLLM表格上下文回答(qwen2.5:7b),无KG/RAG/数据库/确定性规则系统,故障原因诊断类,cause_colloquial,,M3_查询理解与语义检索增强,口语化/模糊检索,中等,在项目/功能“热管理系统”里，失效模式“电池间温度一致性差”这个问题，原因讲白一点是什么？,通风方式不合理,通风方式不合理。,正确,1.0,277.1,纯LLM直答,1.0,1.0,0,,1,,,,,,通风方式不合理,,,18,
379,379,PureLLM表格上下文回答(qwen2.5:7b),无KG/RAG/数据库/确定性规则系统,风险影响评估类,effect_colloquial,,M3_查询理解与语义检索增强,口语化/模糊检索,中等,在项目/功能“热管理系统”里，失效模式“电池间温度一致性差”最后会带来什么后果？,影响电池工作,影响电池工作,正确,1.0,261.46,纯LLM直答,1.0,1.0,0,,1,,,,,,影响电池工作,,,18,
380,380,PureLLM表格上下文回答(qwen2.5:7b),无KG/RAG/数据库/确定性规则系统,故障措施推荐类,action_colloquial,,M3_查询理解与语义检索增强,口语化/模糊检索,中等,在项目/功能“热管理系统”里，失效模式“电池间温度一致性差”一般怎么处理？,增加散热,增加散热,正确,1.0,247.29,纯LLM直答,1.0,1.0,0,,1,,,,,,增加散热,,,18,
381,381,PureLLM表格上下文回答(qwen2.5:7b),无KG/RAG/数据库/确定性规则系统,风险影响评估类,risk_colloquial,,M3_查询理解与语义检索增强,口语化/模糊检索,中等,在项目/功能“热管理系统”里，失效模式“电池间温度一致性差”的风险最后会体现成什么？,影响电池工作,失效模式“电池间温度一致性差”的风险最后会体现为影响电池工作。对应的 FMEA 编号是 LFP019。,正确,1.0,490.17,纯LLM直答,1.0,1.0,0,,1,,,,,,影响电池工作,,,18,
382,382,PureLLM表格上下文回答(qwen2.5:7b),无KG/RAG/数据库/确定性规则系统,故障原因诊断类,cause_bool,,M4_证据裁决,证据裁决,简单,FMEA编号“LFP019”对应的原因是否就是“通风方式不合理”？,是,是的，FMEA编号“LFP019”的失效原因是“通风方式不合理”。,正确,1.0,388.79,纯LLM直答,1.0,1.0,0,,1,,,,,,,,是/否判断,18,
383,383,PureLLM表格上下文回答(qwen2.5:7b),无KG/RAG/数据库/确定性规则系统,风险影响评估类,risk_bool,,M4_证据裁决,证据裁决,简单,FMEA编号“LFP019”对应的后果是否就是“影响电池工作”？,是,是的，FMEA编号“LFP019”对应的后果就是“影响电池工作”。,正确,1.0,408.33,纯LLM直答,1.0,1.0,0,,1,,,,,,,,是/否判断,18,
384,384,PureLLM表格上下文回答(qwen2.5:7b),无KG/RAG/数据库/确定性规则系统,风险影响评估类,mode_project_bool,,M4_证据裁决,证据裁决,简单,失效模式“电池间温度一致性差”是不是出现在项目/功能“热管理系统”里？,是,是的，失效模式“电池间温度一致性差”出现在项目/功能“热管理系统”里。,正确,1.0,403.06,纯LLM直答,1.0,1.0,0,,1,,,,,,,,是/否判断,18,
385,385,PureLLM表格上下文回答(qwen2.5:7b),无KG/RAG/数据库/确定性规则系统,风险影响评估类,risk_mode_code,,M3_查询理解与语义检索增强,口语化/模糊检索,简单,失效模式“电池间温度一致性差”对应的FMEA编号是什么？,LFP019,LFP019,正确,1.0,263.54,纯LLM直答,1.0,1.0,0,,1,,,19.0,,,LFP019,,FmeaID,18,
386,386,PureLLM表格上下文回答(qwen2.5:7b),无KG/RAG/数据库/确定性规则系统,风险影响评估类,risk_mode_project,,M3_查询理解与语义检索增强,口语化/模糊检索,简单,在项目/功能“热管理系统”里，失效模式“电池间温度一致性差”的后果是什么？,影响电池工作,影响电池工作,正确,1.0,250.67,纯LLM直答,1.0,1.0,0,,1,,,,,,影响电池工作,,,18,
387,387,PureLLM表格上下文回答(qwen2.5:7b),无KG/RAG/数据库/确定性规则系统,故障原因诊断类,cause_code,,M1_编号直答,CSV直答,简单,FMEA编号“LFP020”这条的潜在失效原因/机理是什么？,环境温度过高,环境温度过高,正确,1.0,268.22,纯LLM直答,1.0,1.0,0,,1,,,,,,环境温度过高,,,19,
388,388,PureLLM表格上下文回答(qwen2.5:7b),无KG/RAG/数据库/确定性规则系统,风险影响评估类,effect_code,,M1_编号直答,CSV直答,简单,FMEA编号“LFP020”这条的潜在失效后果是什么？,影响电池工作,影响电池工作,正确,1.0,263.61,纯LLM直答,1.0,1.0,0,,1,,,,,,影响电池工作,,,19,
389,389,PureLLM表格上下文回答(qwen2.5:7b),无KG/RAG/数据库/确定性规则系统,风险影响评估类,rpn_code,,M1_编号直答,CSV直答,简单,FMEA编号“LFP020”这条的RPN是多少？,RPN=84.0,"LFP020,磷酸铁锂电池,DFMEA,热管理系统,整体温度高，管理目标无法实现,影响电池工作,环境温度过高,4,3,7,84,,,,外部环境降温,,,,磷酸铁锂电池DFMEA,lfp_battery_dfmea,lfp_battery_dfmea_case,fmea_core_v1,Dfmea案例.xls,25,lfp_dfmea_20250416105822,外部环境降温

RPN: 84",正确,1.0,1150.81,纯LLM直答,1.0,1.0,0,,1,,,84.0；84.0,,,,84.0,RPN,19,
390,390,PureLLM表格上下文回答(qwen2.5:7b),无KG/RAG/数据库/确定性规则系统,风险影响评估类,s_code,,M1_编号直答,CSV直答,简单,FMEA编号“LFP020”这条的S是多少？,S=4.0,4,正确,1.0,234.62,纯LLM直答,1.0,1.0,0,,1,,,4.0,,,,4.0,S,19,
391,391,PureLLM表格上下文回答(qwen2.5:7b),无KG/RAG/数据库/确定性规则系统,风险影响评估类,o_code,,M1_编号直答,CSV直答,简单,FMEA编号“LFP020”这条的O是多少？,O=3.0,4,错误,0.0,251.44,纯LLM直答,1.0,1.0,0,,1,,3.0,,,,,3.0,O,19,
392,392,PureLLM表格上下文回答(qwen2.5:7b),无KG/RAG/数据库/确定性规则系统,风险影响评估类,d_code,,M1_编号直答,CSV直答,简单,FMEA编号“LFP020”这条的D是多少？,D=7.0,LFP020的D值是7。,正确,1.0,344.59,纯LLM直答,1.0,1.0,0,,1,,,7.0,,,,7.0,D,19,
393,393,PureLLM表格上下文回答(qwen2.5:7b),无KG/RAG/数据库/确定性规则系统,故障措施推荐类,action_code,,M1_编号直答,CSV直答,简单,FMEA编号“LFP020”这条的建议措施是什么？,外部环境降温,外部环境降温,正确,1.0,259.35,纯LLM直答,1.0,1.0,0,,1,,,,,,外部环境降温,,RecommendedAction,19,
394,394,PureLLM表格上下文回答(qwen2.5:7b),无KG/RAG/数据库/确定性规则系统,故障原因诊断类,cause_mode,,M3_查询理解与语义检索增强,口语化/模糊检索,简单,失效模式“整体温度高，管理目标无法实现”对应的潜在失效原因/机理是什么？,环境温度过高,环境温度过高,正确,1.0,266.09,纯LLM直答,1.0,1.0,0,,1,,,,,,环境温度过高,,,19,
395,395,PureLLM表格上下文回答(qwen2.5:7b),无KG/RAG/数据库/确定性规则系统,风险影响评估类,effect_mode,,M3_查询理解与语义检索增强,口语化/模糊检索,简单,失效模式“整体温度高，管理目标无法实现”对应的潜在失效后果是什么？,影响电池工作,影响电池工作,正确,1.0,261.08,纯LLM直答,1.0,1.0,0,,1,,,,,,影响电池工作,,,19,
396,396,PureLLM表格上下文回答(qwen2.5:7b),无KG/RAG/数据库/确定性规则系统,风险影响评估类,rpn_mode,,M3_查询理解与语义检索增强,口语化/模糊检索,简单,失效模式“整体温度高，管理目标无法实现”的RPN是多少？,RPN=84.0,失效模式“整体温度高，管理目标无法实现”的RPN是84。,正确,1.0,392.13,纯LLM直答,1.0,1.0,0,,1,,,84.0,,,,84.0,RPN,19,
397,397,PureLLM表格上下文回答(qwen2.5:7b),无KG/RAG/数据库/确定性规则系统,故障措施推荐类,action_mode,,M3_查询理解与语义检索增强,口语化/模糊检索,简单,失效模式“整体温度高，管理目标无法实现”对应的建议措施是什么？,外部环境降温,"外部环境降温,,,,",正确,1.0,262.28,纯LLM直答,1.0,1.0,0,,1,,,,,,外部环境降温,,RecommendedAction,19,
398,398,PureLLM表格上下文回答(qwen2.5:7b),无KG/RAG/数据库/确定性规则系统,故障原因诊断类,cause_colloquial,,M3_查询理解与语义检索增强,口语化/模糊检索,中等,在项目/功能“热管理系统”里，失效模式“整体温度高，管理目标无法实现”这个问题，原因讲白一点是什么？,环境温度过高,环境温度过高。,正确,1.0,251.84,纯LLM直答,1.0,1.0,0,,1,,,,,,环境温度过高,,,19,
399,399,PureLLM表格上下文回答(qwen2.5:7b),无KG/RAG/数据库/确定性规则系统,风险影响评估类,effect_colloquial,,M3_查询理解与语义检索增强,口语化/模糊检索,中等,在项目/功能“热管理系统”里，失效模式“整体温度高，管理目标无法实现”最后会带来什么后果？,影响电池工作,影响电池工作,正确,1.0,238.51,纯LLM直答,1.0,1.0,0,,1,,,,,,影响电池工作,,,19,
400,400,PureLLM表格上下文回答(qwen2.5:7b),无KG/RAG/数据库/确定性规则系统,故障措施推荐类,action_colloquial,,M3_查询理解与语义检索增强,口语化/模糊检索,中等,在项目/功能“热管理系统”里，失效模式“整体温度高，管理目标无法实现”一般怎么处理？,外部环境降温,"LFP020,磷酸铁锂电池,DFMEA,热管理系统,整体温度高，管理目标无法实现,影响电池工作,环境温度过高,4,3,7,84,,,,外部环境降温,,,,磷酸铁锂电池DFMEA,lfp_battery_dfmea,lfp_battery_dfmea_case,fmea_core_v1,Dfmea案例.xls,25,lfp_dfmea_20250416105822,外部环境降温",正确,1.0,1091.46,纯LLM直答,1.0,1.0,0,,1,,,,,,外部环境降温,,,19,
401,401,PureLLM表格上下文回答(qwen2.5:7b),无KG/RAG/数据库/确定性规则系统,风险影响评估类,risk_colloquial,,M3_查询理解与语义检索增强,口语化/模糊检索,中等,在项目/功能“热管理系统”里，失效模式“整体温度高，管理目标无法实现”的风险最后会体现成什么？,影响电池工作,RPN: 84,错误,0.0,284.78,纯LLM直答,1.0,1.0,0,,1,影响电池工作,,,,,影响电池工作,,,19,
402,402,PureLLM表格上下文回答(qwen2.5:7b),无KG/RAG/数据库/确定性规则系统,故障原因诊断类,cause_bool,,M4_证据裁决,证据裁决,简单,FMEA编号“LFP020”对应的原因是否就是“环境温度过高”？,是,是的，FMEA编号“LFP020”对应的原因就是“环境温度过高”。,正确,1.0,398.01,纯LLM直答,1.0,1.0,0,,1,,,,,,,,是/否判断,19,
403,403,PureLLM表格上下文回答(qwen2.5:7b),无KG/RAG/数据库/确定性规则系统,风险影响评估类,risk_bool,,M4_证据裁决,证据裁决,简单,FMEA编号“LFP020”对应的后果是否就是“影响电池工作”？,是,是的，FMEA编号“LFP020”对应的后果就是“影响电池工作”。,正确,1.0,414.73,纯LLM直答,1.0,1.0,0,,1,,,,,,,,是/否判断,19,
404,404,PureLLM表格上下文回答(qwen2.5:7b),无KG/RAG/数据库/确定性规则系统,风险影响评估类,mode_project_bool,,M4_证据裁决,证据裁决,简单,失效模式“整体温度高，管理目标无法实现”是不是出现在项目/功能“热管理系统”里？,是,是的，失效模式“整体温度高，管理目标无法实现”出现在项目/功能“热管理系统”里。,正确,1.0,434.96,纯LLM直答,1.0,1.0,0,,1,,,,,,,,是/否判断,19,
405,405,PureLLM表格上下文回答(qwen2.5:7b),无KG/RAG/数据库/确定性规则系统,风险影响评估类,risk_mode_code,,M3_查询理解与语义检索增强,口语化/模糊检索,简单,失效模式“整体温度高，管理目标无法实现”对应的FMEA编号是什么？,LFP020,LFP020,正确,1.0,283.61,纯LLM直答,1.0,1.0,0,,1,,,20.0,,,LFP020,,FmeaID,19,
406,406,PureLLM表格上下文回答(qwen2.5:7b),无KG/RAG/数据库/确定性规则系统,风险影响评估类,risk_mode_project,,M3_查询理解与语义检索增强,口语化/模糊检索,简单,在项目/功能“热管理系统”里，失效模式“整体温度高，管理目标无法实现”的后果是什么？,影响电池工作,影响电池工作,正确,1.0,266.82,纯LLM直答,1.0,1.0,0,,1,,,,,,影响电池工作,,,19,
407,407,PureLLM表格上下文回答(qwen2.5:7b),无KG/RAG/数据库/确定性规则系统,故障原因诊断类,cause_code,,M1_编号直答,CSV直答,简单,FMEA编号“LFP021”这条的潜在失效原因/机理是什么？,连接片氧化、未压紧防松螺母连接电阻增加、截面积小或材质不纯,连接片过热的原因是：连接片氧化、未压紧防松螺母连接电阻增加、截面积小或材质不纯。,正确,1.0,477.78,纯LLM直答,1.0,1.0,0,,1,,,,,,连接片氧化、未压紧防松螺母连接电阻增加、截面积小或材质不纯,,,20,
408,408,PureLLM表格上下文回答(qwen2.5:7b),无KG/RAG/数据库/确定性规则系统,风险影响评估类,effect_code,,M1_编号直答,CSV直答,简单,FMEA编号“LFP021”这条的潜在失效后果是什么？,安全事故,潜在失效后果是连接片过热。,错误,0.0,275.46,纯LLM直答,1.0,1.0,0,,1,安全事故,,,,,安全事故,,,20,
409,409,PureLLM表格上下文回答(qwen2.5:7b),无KG/RAG/数据库/确定性规则系统,风险影响评估类,rpn_code,,M1_编号直答,CSV直答,简单,FMEA编号“LFP021”这条的RPN是多少？,RPN=90.0,90,正确,1.0,248.91,纯LLM直答,1.0,1.0,0,,1,,,90.0,,,,90.0,RPN,20,
410,410,PureLLM表格上下文回答(qwen2.5:7b),无KG/RAG/数据库/确定性规则系统,风险影响评估类,s_code,,M1_编号直答,CSV直答,简单,FMEA编号“LFP021”这条的S是多少？,S=10.0,S是3。,错误,0.0,272.95,纯LLM直答,1.0,1.0,0,,1,,10.0,,,,,10.0,S,20,
411,411,PureLLM表格上下文回答(qwen2.5:7b),无KG/RAG/数据库/确定性规则系统,风险影响评估类,o_code,,M1_编号直答,CSV直答,简单,FMEA编号“LFP021”这条的O是多少？,O=3.0,3,正确,1.0,226.89,纯LLM直答,1.0,1.0,0,,1,,,3.0,,,,3.0,O,20,
412,412,PureLLM表格上下文回答(qwen2.5:7b),无KG/RAG/数据库/确定性规则系统,风险影响评估类,d_code,,M1_编号直答,CSV直答,简单,FMEA编号“LFP021”这条的D是多少？,D=3.0,3,正确,1.0,234.38,纯LLM直答,1.0,1.0,0,,1,,,3.0,,,,3.0,D,20,
413,413,PureLLM表格上下文回答(qwen2.5:7b),无KG/RAG/数据库/确定性规则系统,故障措施推荐类,action_code,,M1_编号直答,CSV直答,简单,FMEA编号“LFP021”这条的建议措施是什么？,更换连接片或压紧防松螺母,更换连接片或压紧防松螺母,正确,1.0,314.66,纯LLM直答,1.0,1.0,0,,1,,,,,,更换连接片或压紧防松螺母,,RecommendedAction,20,
414,414,PureLLM表格上下文回答(qwen2.5:7b),无KG/RAG/数据库/确定性规则系统,故障原因诊断类,cause_mode,,M3_查询理解与语义检索增强,口语化/模糊检索,简单,失效模式“连接片过热”对应的潜在失效原因/机理是什么？,连接片氧化、未压紧防松螺母连接电阻增加、截面积小或材质不纯,连接片氧化、未压紧防松螺母连接电阻增加、截面积小或材质不纯。,正确,1.0,408.84,纯LLM直答,1.0,1.0,0,,1,,,,,,连接片氧化、未压紧防松螺母连接电阻增加、截面积小或材质不纯,,,20,
415,415,PureLLM表格上下文回答(qwen2.5:7b),无KG/RAG/数据库/确定性规则系统,风险影响评估类,effect_mode,,M3_查询理解与语义检索增强,口语化/模糊检索,简单,失效模式“连接片过热”对应的潜在失效后果是什么？,安全事故,失效模式“连接片过热”对应的潜在失效后果是安全事故。,正确,1.0,363.32,纯LLM直答,1.0,1.0,0,,1,,,,,,安全事故,,,20,
416,416,PureLLM表格上下文回答(qwen2.5:7b),无KG/RAG/数据库/确定性规则系统,风险影响评估类,rpn_mode,,M3_查询理解与语义检索增强,口语化/模糊检索,简单,失效模式“连接片过热”的RPN是多少？,RPN=90.0,90,正确,1.0,246.26,纯LLM直答,1.0,1.0,0,,1,,,90.0,,,,90.0,RPN,20,
417,417,PureLLM表格上下文回答(qwen2.5:7b),无KG/RAG/数据库/确定性规则系统,故障措施推荐类,action_mode,,M3_查询理解与语义检索增强,口语化/模糊检索,简单,失效模式“连接片过热”对应的建议措施是什么？,更换连接片或压紧防松螺母,更换连接片或压紧防松螺母,正确,1.0,333.3,纯LLM直答,1.0,1.0,0,,1,,,,,,更换连接片或压紧防松螺母,,RecommendedAction,20,
418,418,PureLLM表格上下文回答(qwen2.5:7b),无KG/RAG/数据库/确定性规则系统,故障原因诊断类,cause_colloquial,,M3_查询理解与语义检索增强,口语化/模糊检索,中等,在项目/功能“热管理系统”里，失效模式“连接片过热”这个问题，原因讲白一点是什么？,连接片氧化、未压紧防松螺母连接电阻增加、截面积小或材质不纯,连接片氧化、未压紧防松螺母连接电阻增加、截面积小或材质不纯。,正确,1.0,430.01,纯LLM直答,1.0,1.0,0,,1,,,,,,连接片氧化、未压紧防松螺母连接电阻增加、截面积小或材质不纯,,,20,
419,419,PureLLM表格上下文回答(qwen2.5:7b),无KG/RAG/数据库/确定性规则系统,风险影响评估类,effect_colloquial,,M3_查询理解与语义检索增强,口语化/模糊检索,中等,在项目/功能“热管理系统”里，失效模式“连接片过热”最后会带来什么后果？,安全事故,连接片过热的失效后果是：安全事故。具体信息可以在 CSV 中 FMEA 编号为 LFP021 的行找到。,正确,1.0,498.84,纯LLM直答,1.0,1.0,0,,1,,,,,,安全事故,,,20,
420,420,PureLLM表格上下文回答(qwen2.5:7b),无KG/RAG/数据库/确定性规则系统,故障措施推荐类,action_colloquial,,M3_查询理解与语义检索增强,口语化/模糊检索,中等,在项目/功能“热管理系统”里，失效模式“连接片过热”一般怎么处理？,更换连接片或压紧防松螺母,"FMEA编号：LFP021  
失效模式：连接片过热  
处理措施：更换连接片或压紧防松螺母",正确,1.0,485.92,纯LLM直答,1.0,1.0,0,,1,,,,,,更换连接片或压紧防松螺母,,,20,
421,421,PureLLM表格上下文回答(qwen2.5:7b),无KG/RAG/数据库/确定性规则系统,风险影响评估类,risk_colloquial,,M3_查询理解与语义检索增强,口语化/模糊检索,中等,在项目/功能“热管理系统”里，失效模式“连接片过热”的风险最后会体现成什么？,安全事故,RPN: 90,错误,0.0,292.6,纯LLM直答,1.0,1.0,0,,1,安全事故,,,,,安全事故,,,20,
422,422,PureLLM表格上下文回答(qwen2.5:7b),无KG/RAG/数据库/确定性规则系统,故障原因诊断类,cause_bool,,M4_证据裁决,证据裁决,简单,FMEA编号“LFP021”对应的原因是否就是“连接片氧化、未压紧防松螺母连接电阻增加、截面积小或材质不纯”？,是,是的，FMEA编号“LFP021”对应的原因就是“连接片氧化、未压紧防松螺母连接电阻增加、截面积小或材质不纯”。,正确,1.0,584.6,纯LLM直答,1.0,1.0,0,,1,,,,,,,,是/否判断,20,
423,423,PureLLM表格上下文回答(qwen2.5:7b),无KG/RAG/数据库/确定性规则系统,风险影响评估类,risk_bool,,M4_证据裁决,证据裁决,简单,FMEA编号“LFP021”对应的后果是否就是“安全事故”？,是,是的，FMEA编号“LFP021”对应的后果是“安全事故”。,正确,1.0,384.46,纯LLM直答,1.0,1.0,0,,1,,,,,,,,是/否判断,20,
424,424,PureLLM表格上下文回答(qwen2.5:7b),无KG/RAG/数据库/确定性规则系统,风险影响评估类,mode_project_bool,,M4_证据裁决,证据裁决,简单,失效模式“连接片过热”是不是出现在项目/功能“热管理系统”里？,是,是的，失效模式“连接片过热”出现在项目/功能“热管理系统”里。,正确,1.0,415.83,纯LLM直答,1.0,1.0,0,,1,,,,,,,,是/否判断,20,
425,425,PureLLM表格上下文回答(qwen2.5:7b),无KG/RAG/数据库/确定性规则系统,风险影响评估类,risk_mode_code,,M3_查询理解与语义检索增强,口语化/模糊检索,简单,失效模式“连接片过热”对应的FMEA编号是什么？,LFP021,LFP021,正确,1.0,283.75,纯LLM直答,1.0,1.0,0,,1,,,21.0,,,LFP021,,FmeaID,20,
426,426,PureLLM表格上下文回答(qwen2.5:7b),无KG/RAG/数据库/确定性规则系统,风险影响评估类,risk_mode_project,,M3_查询理解与语义检索增强,口语化/模糊检索,简单,在项目/功能“热管理系统”里，失效模式“连接片过热”的后果是什么？,安全事故,失效模式“连接片过热”的后果是：安全事故。,正确,1.0,340.87,纯LLM直答,1.0,1.0,0,,1,,,,,,安全事故,,,20,
427,427,PureLLM表格上下文回答(qwen2.5:7b),无KG/RAG/数据库/确定性规则系统,风险影响评估类,project_avg_rpn,,M2_规则推理,规则推理,中等,项目/功能“电池管理系”的平均RPN是多少？,平均RPN=136.80,"首先，我们需要找出所有属于“电池管理系”的行，并计算它们的RPN值。

相关行如下：
LFP022,磷酸铁锂电池,DFMEA,电池管理系,数据采样干扰性大和采样不准确,影响用户使用,电磁干扰，电路板虚焊或保护电阻损坏,4,6,5,120,,BMS 控制系统升级,老化试验,定期检查和更新BMS系统,,,,磷酸铁锂电池DFMEA,lfp_battery_dfmea,lfp_battery_dfmea_case,fmea_core_v1,Dfmea案例.xls,27,lfp_dfmea_20250416105822,定期检查和更新BMS系统
LFP023,磷酸铁锂电池,DFMEA,电池管理系,SOC异常,影响用户使用,BMS SOC算法不合理,4,6,6,144,,更换SOC算法,充放电性能测试,定期检查和更新BMS系统,,,,磷酸铁锂电池DFMEA,lfp_battery_dfmea,lfp_battery_dfmea_case,fmea_core_v1,Dfmea案例.xls,28,lfp_dfmea_20250416105822,定期检查和更新BMS系统
LFP024,磷酸铁锂电池,DFMEA,电池管理系,电池组过充未报警和未保护,安全事故,BMS 控制系统损坏,10,1,6,60,,BMS 控制系统升级,充放电性能测试,定期检查和更新BMS系统,,,,磷酸铁锂电池DFMEA,lfp_battery_dfmea,lfp_battery_dfmea_case,fmea_core_v1,Dfmea案例.xls,29,lfp_dfmea_20250416105822,定期检查和更新BMS系统
LFP025,磷酸铁锂电池,DFMEA,电池管理系,电池组过放未报警和未保护,影响电池寿命或永久性损坏,BMS 控制系统损坏,8,5,6,240,,BMS 控制系统升级,充放电性能测试,定期检查和更新BMS系统,,,,磷酸铁锂电池DFMEA,lfp_battery_dfmea,lfp_battery_dfmea_case,fmea_core_v1,Dfmea案例.xls,30,l",错误,0.0,4499.11,纯LLM直答,1.0,0.0,0,,1,,136.8,,,,,136.8,RPN,24,
428,428,PureLLM表格上下文回答(qwen2.5:7b),无KG/RAG/数据库/确定性规则系统,风险影响评估类,project_top_mode,,M2_规则推理,规则推理,中等,项目/功能“电池管理系”里RPN最高的失效模式是什么？,电池组过放未报警和未保护；RPN=240.0,"LFP025,磷酸铁锂电池,DFMEA,电池管理系,电池组过放未报警和未保护,影响电池寿命或永久性损坏,BMS 控制系统损坏,8,5,6,240,,BMS 控制系统升级,充放电性能测试,定期检查和更新BMS系统,,,,",正确,1.0,808.44,纯LLM直答,1.0,1.0,0,,1,,,240.0,,,电池组过放未报警和未保护,240.0,FailureMode；RPN,24,
429,429,PureLLM表格上下文回答(qwen2.5:7b),无KG/RAG/数据库/确定性规则系统,风险影响评估类,project_top_effect,,M2_规则推理,规则推理,中等,项目/功能“电池管理系”里RPN最高的那条，它的后果是什么？,影响电池寿命或永久性损坏,"项目/功能“电池管理系”里RPN最高的那条是LFP025，它的后果是：

BMS 控制系统损坏",错误,0.0,511.56,纯LLM直答,1.0,1.0,0,1.0,1,影响电池寿命或永久性损坏,,,,,影响电池寿命或永久性损坏,,FailureEffect,24,
430,430,PureLLM表格上下文回答(qwen2.5:7b),无KG/RAG/数据库/确定性规则系统,故障原因诊断类,cause_code,,M1_编号直答,CSV直答,简单,FMEA编号“LFP022”这条的潜在失效原因/机理是什么？,电磁干扰，电路板虚焊或保护电阻损坏,电磁干扰，电路板虚焊或保护电阻损坏,正确,1.0,326.37,纯LLM直答,1.0,1.0,0,,1,,,,,,电磁干扰，电路板虚焊或保护电阻损坏,,,21,
431,431,PureLLM表格上下文回答(qwen2.5:7b),无KG/RAG/数据库/确定性规则系统,风险影响评估类,effect_code,,M1_编号直答,CSV直答,简单,FMEA编号“LFP022”这条的潜在失效后果是什么？,影响用户使用,影响用户使用,正确,1.0,264.61,纯LLM直答,1.0,1.0,0,,1,,,,,,影响用户使用,,,21,
432,432,PureLLM表格上下文回答(qwen2.5:7b),无KG/RAG/数据库/确定性规则系统,风险影响评估类,rpn_code,,M1_编号直答,CSV直答,简单,FMEA编号“LFP022”这条的RPN是多少？,RPN=120.0,RPN是120。,正确,1.0,292.99,纯LLM直答,1.0,1.0,0,,1,,,120.0,,,,120.0,RPN,21,
433,433,PureLLM表格上下文回答(qwen2.5:7b),无KG/RAG/数据库/确定性规则系统,风险影响评估类,s_code,,M1_编号直答,CSV直答,简单,FMEA编号“LFP022”这条的S是多少？,S=4.0,4,正确,1.0,242.91,纯LLM直答,1.0,1.0,0,,1,,,4.0,,,,4.0,S,21,
434,434,PureLLM表格上下文回答(qwen2.5:7b),无KG/RAG/数据库/确定性规则系统,风险影响评估类,o_code,,M1_编号直答,CSV直答,简单,FMEA编号“LFP022”这条的O是多少？,O=6.0,4,错误,0.0,252.07,纯LLM直答,1.0,1.0,0,,1,,6.0,,,,,6.0,O,21,
435,435,PureLLM表格上下文回答(qwen2.5:7b),无KG/RAG/数据库/确定性规则系统,风险影响评估类,d_code,,M1_编号直答,CSV直答,简单,FMEA编号“LFP022”这条的D是多少？,D=5.0,4,错误,0.0,246.03,纯LLM直答,1.0,1.0,0,,1,,5.0,,,,,5.0,D,21,
436,436,PureLLM表格上下文回答(qwen2.5:7b),无KG/RAG/数据库/确定性规则系统,故障措施推荐类,action_code,,M1_编号直答,CSV直答,简单,FMEA编号“LFP022”这条的建议措施是什么？,定期检查和更新BMS系统,定期检查和更新BMS系统,正确,1.0,309.16,纯LLM直答,1.0,1.0,0,,1,,,,,,定期检查和更新BMS系统,,RecommendedAction,21,
437,437,PureLLM表格上下文回答(qwen2.5:7b),无KG/RAG/数据库/确定性规则系统,故障原因诊断类,cause_mode,,M3_查询理解与语义检索增强,口语化/模糊检索,简单,失效模式“数据采样干扰性大和采样不准确”对应的潜在失效原因/机理是什么？,电磁干扰，电路板虚焊或保护电阻损坏,"失效模式“数据采样干扰性大和采样不准确”的潜在失效原因是：
电磁干扰，电路板虚焊或保护电阻损坏。",正确,1.0,509.63,纯LLM直答,1.0,1.0,0,,1,,,,,,电磁干扰，电路板虚焊或保护电阻损坏,,,21,
438,438,PureLLM表格上下文回答(qwen2.5:7b),无KG/RAG/数据库/确定性规则系统,风险影响评估类,effect_mode,,M3_查询理解与语义检索增强,口语化/模糊检索,简单,失效模式“数据采样干扰性大和采样不准确”对应的潜在失效后果是什么？,影响用户使用,影响用户使用,正确,1.0,241.08,纯LLM直答,1.0,1.0,0,,1,,,,,,影响用户使用,,,21,
439,439,PureLLM表格上下文回答(qwen2.5:7b),无KG/RAG/数据库/确定性规则系统,风险影响评估类,rpn_mode,,M3_查询理解与语义检索增强,口语化/模糊检索,简单,失效模式“数据采样干扰性大和采样不准确”的RPN是多少？,RPN=120.0,120,正确,1.0,248.75,纯LLM直答,1.0,1.0,0,,1,,,120.0,,,,120.0,RPN,21,
440,440,PureLLM表格上下文回答(qwen2.5:7b),无KG/RAG/数据库/确定性规则系统,故障措施推荐类,action_mode,,M3_查询理解与语义检索增强,口语化/模糊检索,简单,失效模式“数据采样干扰性大和采样不准确”对应的建议措施是什么？,定期检查和更新BMS系统,定期检查和更新BMS系统,正确,1.0,286.35,纯LLM直答,1.0,1.0,0,,1,,,,,,定期检查和更新BMS系统,,RecommendedAction,21,
441,441,PureLLM表格上下文回答(qwen2.5:7b),无KG/RAG/数据库/确定性规则系统,故障原因诊断类,cause_colloquial,,M3_查询理解与语义检索增强,口语化/模糊检索,中等,在项目/功能“电池管理系”里，失效模式“数据采样干扰性大和采样不准确”这个问题，原因讲白一点是什么？,电磁干扰，电路板虚焊或保护电阻损坏,电磁干扰，电路板虚焊或保护电阻损坏。,正确,1.0,333.63,纯LLM直答,1.0,1.0,0,,1,,,,,,电磁干扰，电路板虚焊或保护电阻损坏,,,21,
442,442,PureLLM表格上下文回答(qwen2.5:7b),无KG/RAG/数据库/确定性规则系统,风险影响评估类,effect_colloquial,,M3_查询理解与语义检索增强,口语化/模糊检索,中等,在项目/功能“电池管理系”里，失效模式“数据采样干扰性大和采样不准确”最后会带来什么后果？,影响用户使用,影响用户使用,正确,1.0,227.94,纯LLM直答,1.0,1.0,0,,1,,,,,,影响用户使用,,,21,
443,443,PureLLM表格上下文回答(qwen2.5:7b),无KG/RAG/数据库/确定性规则系统,故障措施推荐类,action_colloquial,,M3_查询理解与语义检索增强,口语化/模糊检索,中等,在项目/功能“电池管理系”里，失效模式“数据采样干扰性大和采样不准确”一般怎么处理？,定期检查和更新BMS系统,"LFP022,磷酸铁锂电池,DFMEA,电池管理系,数据采样干扰性大和采样不准确,影响用户使用,电磁干扰，电路板虚焊或保护电阻损坏,4,6,5,120,,BMS 控制系统升级,老化试验,定期检查和更新BMS系统,,,,磷酸铁锂电池DFMEA,lfp_battery_dfmea,lfp_battery_dfmea_case,fmea_core_v1,Dfmea案例.xls,27,lfp_dfmea_20250416105822,定期检查和更新BMS系统",正确,1.0,1327.84,纯LLM直答,1.0,1.0,0,,1,,,,,,定期检查和更新BMS系统,,,21,
444,444,PureLLM表格上下文回答(qwen2.5:7b),无KG/RAG/数据库/确定性规则系统,风险影响评估类,risk_colloquial,,M3_查询理解与语义检索增强,口语化/模糊检索,中等,在项目/功能“电池管理系”里，失效模式“数据采样干扰性大和采样不准确”的风险最后会体现成什么？,影响用户使用,"RPN: 120  
ActionPriority: 定期检查和更新BMS系统  
RecommendedAction: 定期检查和更新BMS系统  
TempMeasure: 定期检查和更新BMS系统  

FmeaID: LFP022  
失效模式: 数据采样干扰性大和采样不准确  
分析级别: DFMEA  
过程步骤: 电池管理系  
失效原因: 电磁干扰，电路板虚焊或保护电阻损坏  
严重度(S): 4  
发生频度(O): 6  
检测难易度(D): 5",错误,0.0,1258.48,纯LLM直答,1.0,1.0,0,,1,影响用户使用,,,,,影响用户使用,,,21,
445,445,PureLLM表格上下文回答(qwen2.5:7b),无KG/RAG/数据库/确定性规则系统,故障原因诊断类,cause_bool,,M4_证据裁决,证据裁决,简单,FMEA编号“LFP022”对应的原因是否就是“电磁干扰，电路板虚焊或保护电阻损坏”？,是,是的，FMEA编号“LFP022”对应的原因就是“电磁干扰，电路板虚焊或保护电阻损坏”。,正确,1.0,487.4,纯LLM直答,1.0,1.0,0,,1,,,,,,,,是/否判断,21,
446,446,PureLLM表格上下文回答(qwen2.5:7b),无KG/RAG/数据库/确定性规则系统,风险影响评估类,risk_bool,,M4_证据裁决,证据裁决,简单,FMEA编号“LFP022”对应的后果是否就是“影响用户使用”？,是,是的，FMEA编号“LFP022”对应的后果就是“影响用户使用”。,正确,1.0,402.19,纯LLM直答,1.0,1.0,0,,1,,,,,,,,是/否判断,21,
447,447,PureLLM表格上下文回答(qwen2.5:7b),无KG/RAG/数据库/确定性规则系统,风险影响评估类,mode_project_bool,,M4_证据裁决,证据裁决,简单,失效模式“数据采样干扰性大和采样不准确”是不是出现在项目/功能“电池管理系”里？,是,是的，失效模式“数据采样干扰性大和采样不准确”出现在项目/功能“电池管理系”。对应条目为 LFP022。,正确,1.0,540.04,纯LLM直答,1.0,1.0,0,,1,,,,,,,,是/否判断,21,
448,448,PureLLM表格上下文回答(qwen2.5:7b),无KG/RAG/数据库/确定性规则系统,风险影响评估类,risk_mode_code,,M3_查询理解与语义检索增强,口语化/模糊检索,简单,失效模式“数据采样干扰性大和采样不准确”对应的FMEA编号是什么？,LFP022,LFP022,正确,1.0,268.72,纯LLM直答,1.0,1.0,0,,1,,,22.0,,,LFP022,,FmeaID,21,
449,449,PureLLM表格上下文回答(qwen2.5:7b),无KG/RAG/数据库/确定性规则系统,风险影响评估类,risk_mode_project,,M3_查询理解与语义检索增强,口语化/模糊检索,简单,在项目/功能“电池管理系”里，失效模式“数据采样干扰性大和采样不准确”的后果是什么？,影响用户使用,影响用户使用,正确,1.0,258.4,纯LLM直答,1.0,1.0,0,,1,,,,,,影响用户使用,,,21,
450,450,PureLLM表格上下文回答(qwen2.5:7b),无KG/RAG/数据库/确定性规则系统,故障原因诊断类,cause_code,,M1_编号直答,CSV直答,简单,FMEA编号“LFP023”这条的潜在失效原因/机理是什么？,BMS SOC算法不合理,失效原因: BMS SOC算法不合理,正确,1.0,310.72,纯LLM直答,1.0,1.0,0,,1,,,,,,BMS SOC算法不合理,,,22,
451,451,PureLLM表格上下文回答(qwen2.5:7b),无KG/RAG/数据库/确定性规则系统,风险影响评估类,effect_code,,M1_编号直答,CSV直答,简单,FMEA编号“LFP023”这条的潜在失效后果是什么？,影响用户使用,影响用户使用,正确,1.0,266.49,纯LLM直答,1.0,1.0,0,,1,,,,,,影响用户使用,,,22,
452,452,PureLLM表格上下文回答(qwen2.5:7b),无KG/RAG/数据库/确定性规则系统,风险影响评估类,rpn_code,,M1_编号直答,CSV直答,简单,FMEA编号“LFP023”这条的RPN是多少？,RPN=144.0,144,正确,1.0,220.26,纯LLM直答,1.0,1.0,0,,1,,,144.0,,,,144.0,RPN,22,
453,453,PureLLM表格上下文回答(qwen2.5:7b),无KG/RAG/数据库/确定性规则系统,风险影响评估类,s_code,,M1_编号直答,CSV直答,简单,FMEA编号“LFP023”这条的S是多少？,S=4.0,4,正确,1.0,219.12,纯LLM直答,1.0,1.0,0,,1,,,4.0,,,,4.0,S,22,
454,454,PureLLM表格上下文回答(qwen2.5:7b),无KG/RAG/数据库/确定性规则系统,风险影响评估类,o_code,,M1_编号直答,CSV直答,简单,FMEA编号“LFP023”这条的O是多少？,O=6.0,4,错误,0.0,219.84,纯LLM直答,1.0,1.0,0,,1,,6.0,,,,,6.0,O,22,
455,455,PureLLM表格上下文回答(qwen2.5:7b),无KG/RAG/数据库/确定性规则系统,风险影响评估类,d_code,,M1_编号直答,CSV直答,简单,FMEA编号“LFP023”这条的D是多少？,D=6.0,"LFP023,磷酸铁锂电池,DFMEA,电池管理系,SOC异常,影响用户使用,BMS SOC算法不合理,4,6,6,144,,更换SOC算法,充放电性能测试,定期检查和更新BMS系统,,,,磷酸铁锂电池DFMEA,lfp_battery_dfmea,lfp_battery_dfmea_case,fmea_core_v1,Dfmea案例.xls,28,lfp_dfmea_20250416105822,定期检查和更新BMS系统

答案：6",正确,1.0,1238.68,纯LLM直答,1.0,1.0,0,,1,,,6.0；6.0；6.0,,,,6.0,D,22,
456,456,PureLLM表格上下文回答(qwen2.5:7b),无KG/RAG/数据库/确定性规则系统,故障措施推荐类,action_code,,M1_编号直答,CSV直答,简单,FMEA编号“LFP023”这条的建议措施是什么？,定期检查和更新BMS系统,定期检查和更新BMS系统,正确,1.0,280.44,纯LLM直答,1.0,1.0,0,,1,,,,,,定期检查和更新BMS系统,,RecommendedAction,22,
457,457,PureLLM表格上下文回答(qwen2.5:7b),无KG/RAG/数据库/确定性规则系统,故障原因诊断类,cause_mode,,M3_查询理解与语义检索增强,口语化/模糊检索,简单,失效模式“SOC异常”对应的潜在失效原因/机理是什么？,BMS SOC算法不合理,失效模式“SOC异常”的潜在失效原因/机理是：BMS SOC算法不合理。,正确,1.0,391.22,纯LLM直答,1.0,1.0,0,,1,,,,,,BMS SOC算法不合理,,,22,
458,458,PureLLM表格上下文回答(qwen2.5:7b),无KG/RAG/数据库/确定性规则系统,风险影响评估类,effect_mode,,M3_查询理解与语义检索增强,口语化/模糊检索,简单,失效模式“SOC异常”对应的潜在失效后果是什么？,影响用户使用,影响用户使用,正确,1.0,260.93,纯LLM直答,1.0,1.0,0,,1,,,,,,影响用户使用,,,22,
459,459,PureLLM表格上下文回答(qwen2.5:7b),无KG/RAG/数据库/确定性规则系统,风险影响评估类,rpn_mode,,M3_查询理解与语义检索增强,口语化/模糊检索,简单,失效模式“SOC异常”的RPN是多少？,RPN=144.0,144,正确,1.0,265.55,纯LLM直答,1.0,1.0,0,,1,,,144.0,,,,144.0,RPN,22,
460,460,PureLLM表格上下文回答(qwen2.5:7b),无KG/RAG/数据库/确定性规则系统,故障措施推荐类,action_mode,,M3_查询理解与语义检索增强,口语化/模糊检索,简单,失效模式“SOC异常”对应的建议措施是什么？,定期检查和更新BMS系统,定期检查和更新BMS系统,正确,1.0,289.16,纯LLM直答,1.0,1.0,0,,1,,,,,,定期检查和更新BMS系统,,RecommendedAction,22,
461,461,PureLLM表格上下文回答(qwen2.5:7b),无KG/RAG/数据库/确定性规则系统,故障原因诊断类,cause_colloquial,,M3_查询理解与语义检索增强,口语化/模糊检索,中等,在项目/功能“电池管理系”里，失效模式“SOC异常”这个问题，原因讲白一点是什么？,BMS SOC算法不合理,失效模式“SOC异常”的原因是：BMS SOC算法不合理。,正确,1.0,350.81,纯LLM直答,1.0,1.0,0,,1,,,,,,BMS SOC算法不合理,,,22,
462,462,PureLLM表格上下文回答(qwen2.5:7b),无KG/RAG/数据库/确定性规则系统,风险影响评估类,effect_colloquial,,M3_查询理解与语义检索增强,口语化/模糊检索,中等,在项目/功能“电池管理系”里，失效模式“SOC异常”最后会带来什么后果？,影响用户使用,影响用户使用,正确,1.0,266.82,纯LLM直答,1.0,1.0,0,,1,,,,,,影响用户使用,,,22,
463,463,PureLLM表格上下文回答(qwen2.5:7b),无KG/RAG/数据库/确定性规则系统,故障措施推荐类,action_colloquial,,M3_查询理解与语义检索增强,口语化/模糊检索,中等,在项目/功能“电池管理系”里，失效模式“SOC异常”一般怎么处理？,定期检查和更新BMS系统,"LFP023,磷酸铁锂电池,DFMEA,电池管理系,SOC异常,影响用户使用,BMS SOC算法不合理,4,6,6,144,,更换SOC算法,充放电性能测试,定期检查和更新BMS系统,,,,磷酸铁锂电池DFMEA,lfp_battery_dfmea,lfp_battery_dfmea_case,fmea_core_v1,Dfmea案例.xls,28,lfp_dfmea_20250416105822,定期检查和更新BMS系统",正确,1.0,1212.94,纯LLM直答,1.0,1.0,0,,1,,,,,,定期检查和更新BMS系统,,,22,
464,464,PureLLM表格上下文回答(qwen2.5:7b),无KG/RAG/数据库/确定性规则系统,风险影响评估类,risk_colloquial,,M3_查询理解与语义检索增强,口语化/模糊检索,中等,在项目/功能“电池管理系”里，失效模式“SOC异常”的风险最后会体现成什么？,影响用户使用,"RPN: 144
ActionPriority: 
PreventControl: 
DetectionMeasure: 充放电性能测试
RecommendedAction: 定期检查和更新BMS系统
ActionStatus: 
ActionResult: 
Remark: 
Domain: 
DatasetID: lfp_battery_dfmea_case
ProjectID: lfp_battery_dfmea
SchemaVersion: fmea_core_v1
SourceFile: Dfmea案例.xls
SourceRowNo: 28
ImportBatchID: lfp_dfmea_20250416105822",错误,0.0,1288.26,纯LLM直答,1.0,1.0,0,,1,影响用户使用,,,,,影响用户使用,,,22,
465,465,PureLLM表格上下文回答(qwen2.5:7b),无KG/RAG/数据库/确定性规则系统,故障原因诊断类,cause_bool,,M4_证据裁决,证据裁决,简单,FMEA编号“LFP023”对应的原因是否就是“BMS SOC算法不合理”？,是,是的，FMEA编号“LFP023”对应的原因就是“BMS SOC算法不合理”。,正确,1.0,419.52,纯LLM直答,1.0,1.0,0,,1,,,,,,,,是/否判断,22,
466,466,PureLLM表格上下文回答(qwen2.5:7b),无KG/RAG/数据库/确定性规则系统,风险影响评估类,risk_bool,,M4_证据裁决,证据裁决,简单,FMEA编号“LFP023”对应的后果是否就是“影响用户使用”？,是,是的，FMEA编号“LFP023”对应的后果就是“影响用户使用”。,正确,1.0,371.45,纯LLM直答,1.0,1.0,0,,1,,,,,,,,是/否判断,22,
467,467,PureLLM表格上下文回答(qwen2.5:7b),无KG/RAG/数据库/确定性规则系统,风险影响评估类,mode_project_bool,,M4_证据裁决,证据裁决,简单,失效模式“SOC异常”是不是出现在项目/功能“电池管理系”里？,是,是的，失效模式“SOC异常”出现在项目/功能“电池管理系”里。相关行的FMEA编号为LFP023。,正确,1.0,498.88,纯LLM直答,1.0,1.0,0,,1,,,,,,,,是/否判断,22,
468,468,PureLLM表格上下文回答(qwen2.5:7b),无KG/RAG/数据库/确定性规则系统,风险影响评估类,risk_mode_code,,M3_查询理解与语义检索增强,口语化/模糊检索,简单,失效模式“SOC异常”对应的FMEA编号是什么？,LFP023,LFP023,正确,1.0,273.32,纯LLM直答,1.0,1.0,0,,1,,,23.0,,,LFP023,,FmeaID,22,
469,469,PureLLM表格上下文回答(qwen2.5:7b),无KG/RAG/数据库/确定性规则系统,风险影响评估类,risk_mode_project,,M3_查询理解与语义检索增强,口语化/模糊检索,简单,在项目/功能“电池管理系”里，失效模式“SOC异常”的后果是什么？,影响用户使用,影响用户使用,正确,1.0,260.42,纯LLM直答,1.0,1.0,0,,1,,,,,,影响用户使用,,,22,
470,470,PureLLM表格上下文回答(qwen2.5:7b),无KG/RAG/数据库/确定性规则系统,故障原因诊断类,cause_code,,M1_编号直答,CSV直答,简单,FMEA编号“LFP024”这条的潜在失效原因/机理是什么？,BMS 控制系统损坏,BMS 控制系统损坏,正确,1.0,293.75,纯LLM直答,1.0,1.0,0,,1,,,,,,BMS 控制系统损坏,,,23,
471,471,PureLLM表格上下文回答(qwen2.5:7b),无KG/RAG/数据库/确定性规则系统,风险影响评估类,effect_code,,M1_编号直答,CSV直答,简单,FMEA编号“LFP024”这条的潜在失效后果是什么？,安全事故,安全事故,正确,1.0,211.73,纯LLM直答,1.0,1.0,0,,1,,,,,,安全事故,,,23,
472,472,PureLLM表格上下文回答(qwen2.5:7b),无KG/RAG/数据库/确定性规则系统,风险影响评估类,rpn_code,,M1_编号直答,CSV直答,简单,FMEA编号“LFP024”这条的RPN是多少？,RPN=60.0,"LFP024,磷酸铁锂电池,DFMEA,电池管理系,电池组过充未报警和未保护,安全事故,BMS 控制系统损坏,10,1,6,60,,BMS 控制系统升级,充放电性能测试,定期检查和更新BMS系统,,,,磷酸铁锂电池DFMEA,lfp_battery_dfmea,lfp_battery_dfmea_case,fmea_core_v1,Dfmea案例.xls,29,lfp_dfmea_20250416105822,定期检查和更新BMS系统

RPN是：60",正确,1.0,1339.09,纯LLM直答,1.0,1.0,0,,1,,,60.0；60.0,,,,60.0,RPN,23,
473,473,PureLLM表格上下文回答(qwen2.5:7b),无KG/RAG/数据库/确定性规则系统,风险影响评估类,s_code,,M1_编号直答,CSV直答,简单,FMEA编号“LFP024”这条的S是多少？,S=10.0,"S,4",错误,0.0,273.53,纯LLM直答,1.0,1.0,0,,1,,10.0,,,,,10.0,S,23,
474,474,PureLLM表格上下文回答(qwen2.5:7b),无KG/RAG/数据库/确定性规则系统,风险影响评估类,o_code,,M1_编号直答,CSV直答,简单,FMEA编号“LFP024”这条的O是多少？,O=1.0,"LFP024,磷酸铁锂电池,DFMEA,电池管理系,电池组过充未报警和未保护,安全事故,BMS 控制系统损坏,10,1,6,60,,BMS 控制系统升级,充放电性能测试,定期检查和更新BMS系统,,,,磷酸铁锂电池DFMEA,lfp_battery_dfmea,lfp_battery_dfmea_case,fmea_core_v1,Dfmea案例.xls,29,lfp_dfmea_20250416105822,定期检查和更新BMS系统

O的值是1。",正确,1.0,1351.02,纯LLM直答,1.0,1.0,0,,1,,,1.0；1.0；1.0,,,,1.0,O,23,
475,475,PureLLM表格上下文回答(qwen2.5:7b),无KG/RAG/数据库/确定性规则系统,风险影响评估类,d_code,,M1_编号直答,CSV直答,简单,FMEA编号“LFP024”这条的D是多少？,D=6.0,"LFP024,磷酸铁锂电池,DFMEA,电池管理系,电池组过充未报警和未保护,安全事故,BMS 控制系统损坏,10,1,6,60,,BMS 控制系统升级,充放电性能测试,定期检查和更新BMS系统,,,,磷酸铁锂电池DFMEA,lfp_battery_dfmea,lfp_battery_dfmea_case,fmea_core_v1,Dfmea案例.xls,29,lfp_dfmea_20250416105822,定期检查和更新BMS系统

答案：6",正确,1.0,1312.16,纯LLM直答,1.0,1.0,0,,1,,,6.0；6.0,,,,6.0,D,23,
476,476,PureLLM表格上下文回答(qwen2.5:7b),无KG/RAG/数据库/确定性规则系统,故障措施推荐类,action_code,,M1_编号直答,CSV直答,简单,FMEA编号“LFP024”这条的建议措施是什么？,定期检查和更新BMS系统,定期检查和更新BMS系统,正确,1.0,298.93,纯LLM直答,1.0,1.0,0,,1,,,,,,定期检查和更新BMS系统,,RecommendedAction,23,
477,477,PureLLM表格上下文回答(qwen2.5:7b),无KG/RAG/数据库/确定性规则系统,故障原因诊断类,cause_mode,,M3_查询理解与语义检索增强,口语化/模糊检索,简单,失效模式“电池组过充未报警和未保护”对应的潜在失效原因/机理是什么？,BMS 控制系统损坏,失效模式“电池组过充未报警和未保护”对应的潜在失效原因是：BMS 控制系统损坏。,正确,1.0,449.1,纯LLM直答,1.0,1.0,0,,1,,,,,,BMS 控制系统损坏,,,23,
478,478,PureLLM表格上下文回答(qwen2.5:7b),无KG/RAG/数据库/确定性规则系统,风险影响评估类,effect_mode,,M3_查询理解与语义检索增强,口语化/模糊检索,简单,失效模式“电池组过充未报警和未保护”对应的潜在失效后果是什么？,安全事故,影响电池寿命或永久性损坏,错误,0.0,284.24,纯LLM直答,1.0,1.0,0,,1,安全事故,,,,,安全事故,,,23,
479,479,PureLLM表格上下文回答(qwen2.5:7b),无KG/RAG/数据库/确定性规则系统,风险影响评估类,rpn_mode,,M3_查询理解与语义检索增强,口语化/模糊检索,简单,失效模式“电池组过充未报警和未保护”的RPN是多少？,RPN=60.0,RPN: 60,正确,1.0,263.24,纯LLM直答,1.0,1.0,0,,1,,,60.0,,,,60.0,RPN,23,
480,480,PureLLM表格上下文回答(qwen2.5:7b),无KG/RAG/数据库/确定性规则系统,故障措施推荐类,action_mode,,M3_查询理解与语义检索增强,口语化/模糊检索,简单,失效模式“电池组过充未报警和未保护”对应的建议措施是什么？,定期检查和更新BMS系统,定期检查和更新BMS系统,正确,1.0,291.14,纯LLM直答,1.0,1.0,0,,1,,,,,,定期检查和更新BMS系统,,RecommendedAction,23,
481,481,PureLLM表格上下文回答(qwen2.5:7b),无KG/RAG/数据库/确定性规则系统,故障原因诊断类,cause_colloquial,,M3_查询理解与语义检索增强,口语化/模糊检索,中等,在项目/功能“电池管理系”里，失效模式“电池组过充未报警和未保护”这个问题，原因讲白一点是什么？,BMS 控制系统损坏,失效模式“电池组过充未报警和未保护”的原因是：BMS 控制系统损坏。,正确,1.0,420.18,纯LLM直答,1.0,1.0,0,,1,,,,,,BMS 控制系统损坏,,,23,
482,482,PureLLM表格上下文回答(qwen2.5:7b),无KG/RAG/数据库/确定性规则系统,风险影响评估类,effect_colloquial,,M3_查询理解与语义检索增强,口语化/模糊检索,中等,在项目/功能“电池管理系”里，失效模式“电池组过充未报警和未保护”最后会带来什么后果？,安全事故,"影响电池寿命或永久性损坏,BMS 控制系统损坏,10,1,6,60,,BMS 控制系统升级,充放电性能测试,定期检查和更新BMS系统,,,,磷酸铁锂电池DFMEA,LFP024",错误,0.0,689.93,纯LLM直答,1.0,1.0,0,,1,安全事故,,,,,安全事故,,,23,
483,483,PureLLM表格上下文回答(qwen2.5:7b),无KG/RAG/数据库/确定性规则系统,故障措施推荐类,action_colloquial,,M3_查询理解与语义检索增强,口语化/模糊检索,中等,在项目/功能“电池管理系”里，失效模式“电池组过充未报警和未保护”一般怎么处理？,定期检查和更新BMS系统,"LFP024,磷酸铁锂电池,DFMEA,电池管理系,电池组过充未报警和未保护,安全事故,BMS 控制系统损坏,10,1,6,60,,BMS 控制系统升级,充放电性能测试,定期检查和更新BMS系统,,,,磷酸铁锂电池DFMEA,lfp_battery_dfmea,lfp_battery_dfmea_case,fmea_core_v1,Dfmea案例.xls,29,lfp_dfmea_20250416105822,定期检查和更新BMS系统",正确,1.0,1286.44,纯LLM直答,1.0,1.0,0,,1,,,,,,定期检查和更新BMS系统,,,23,
484,484,PureLLM表格上下文回答(qwen2.5:7b),无KG/RAG/数据库/确定性规则系统,风险影响评估类,risk_colloquial,,M3_查询理解与语义检索增强,口语化/模糊检索,中等,在项目/功能“电池管理系”里，失效模式“电池组过充未报警和未保护”的风险最后会体现成什么？,安全事故,RPN: 60,错误,0.0,266.22,纯LLM直答,1.0,1.0,0,,1,安全事故,,,,,安全事故,,,23,
485,485,PureLLM表格上下文回答(qwen2.5:7b),无KG/RAG/数据库/确定性规则系统,故障原因诊断类,cause_bool,,M4_证据裁决,证据裁决,简单,FMEA编号“LFP024”对应的原因是否就是“BMS 控制系统损坏”？,是,是的，FMEA编号“LFP024”对应的原因就是“BMS 控制系统损坏”。,正确,1.0,456.0,纯LLM直答,1.0,1.0,0,,1,,,,,,,,是/否判断,23,
486,486,PureLLM表格上下文回答(qwen2.5:7b),无KG/RAG/数据库/确定性规则系统,风险影响评估类,risk_bool,,M4_证据裁决,证据裁决,简单,FMEA编号“LFP024”对应的后果是否就是“安全事故”？,是,是的，FMEA编号“LFP024”对应的后果是“安全事故”。,正确,1.0,385.57,纯LLM直答,1.0,1.0,0,,1,,,,,,,,是/否判断,23,
487,487,PureLLM表格上下文回答(qwen2.5:7b),无KG/RAG/数据库/确定性规则系统,风险影响评估类,mode_project_bool,,M4_证据裁决,证据裁决,简单,失效模式“电池组过充未报警和未保护”是不是出现在项目/功能“电池管理系”里？,是,是的，失效模式“电池组过充未报警和未保护”出现在项目/功能“电池管理系”里。相关行的FMEA编号为LFP024。,正确,1.0,572.38,纯LLM直答,1.0,1.0,0,,1,,,,,,,,是/否判断,23,
488,488,PureLLM表格上下文回答(qwen2.5:7b),无KG/RAG/数据库/确定性规则系统,风险影响评估类,risk_mode_code,,M3_查询理解与语义检索增强,口语化/模糊检索,简单,失效模式“电池组过充未报警和未保护”对应的FMEA编号是什么？,LFP024,LFP024,正确,1.0,283.01,纯LLM直答,1.0,1.0,0,,1,,,24.0,,,LFP024,,FmeaID,23,
489,489,PureLLM表格上下文回答(qwen2.5:7b),无KG/RAG/数据库/确定性规则系统,风险影响评估类,risk_mode_project,,M3_查询理解与语义检索增强,口语化/模糊检索,简单,在项目/功能“电池管理系”里，失效模式“电池组过充未报警和未保护”的后果是什么？,安全事故,"影响电池寿命或永久性损坏,BMS 控制系统损坏,10,1,6,60,,BMS 控制系统升级,充放电性能测试,定期检查和更新BMS系统,,,,磷酸铁锂电池DFMEA,LFP024",错误,0.0,686.17,纯LLM直答,1.0,1.0,0,,1,安全事故,,,,,安全事故,,,23,
490,490,PureLLM表格上下文回答(qwen2.5:7b),无KG/RAG/数据库/确定性规则系统,故障原因诊断类,cause_code,,M1_编号直答,CSV直答,简单,FMEA编号“LFP025”这条的潜在失效原因/机理是什么？,BMS 控制系统损坏,BMS 控制系统损坏,正确,1.0,261.33,纯LLM直答,1.0,1.0,0,,1,,,,,,BMS 控制系统损坏,,,24,
491,491,PureLLM表格上下文回答(qwen2.5:7b),无KG/RAG/数据库/确定性规则系统,风险影响评估类,effect_code,,M1_编号直答,CSV直答,简单,FMEA编号“LFP025”这条的潜在失效后果是什么？,影响电池寿命或永久性损坏,影响电池寿命或永久性损坏,正确,1.0,269.88,纯LLM直答,1.0,1.0,0,,1,,,,,,影响电池寿命或永久性损坏,,,24,
492,492,PureLLM表格上下文回答(qwen2.5:7b),无KG/RAG/数据库/确定性规则系统,风险影响评估类,rpn_code,,M1_编号直答,CSV直答,简单,FMEA编号“LFP025”这条的RPN是多少？,RPN=240.0,240,正确,1.0,245.43,纯LLM直答,1.0,1.0,0,,1,,,240.0,,,,240.0,RPN,24,
493,493,PureLLM表格上下文回答(qwen2.5:7b),无KG/RAG/数据库/确定性规则系统,风险影响评估类,s_code,,M1_编号直答,CSV直答,简单,FMEA编号“LFP025”这条的S是多少？,S=8.0,8,正确,1.0,247.4,纯LLM直答,1.0,1.0,0,,1,,,8.0,,,,8.0,S,24,
494,494,PureLLM表格上下文回答(qwen2.5:7b),无KG/RAG/数据库/确定性规则系统,风险影响评估类,o_code,,M1_编号直答,CSV直答,简单,FMEA编号“LFP025”这条的O是多少？,O=5.0,"LFP025,磷酸铁锂电池,DFMEA,电池管理系,电池组过放未报警和影响电池寿命或永久性损坏,BMS 控制系统损坏,8,5,6,240,,BMS 控制系统升级,充放电性能测试,定期检查和更新BMS系统,,,,磷酸铁锂电池DFMEA,lfp_battery_dfmea,lfp_battery_dfmea_case,fmea_core_v1,Dfmea案例.xls,30,lfp_dfmea_20250416105822,定期检查和更新BMS系统

O的值是5。",正确,1.0,1366.78,纯LLM直答,1.0,1.0,0,,1,,,5.0；5.0,,,,5.0,O,24,
495,495,PureLLM表格上下文回答(qwen2.5:7b),无KG/RAG/数据库/确定性规则系统,风险影响评估类,d_code,,M1_编号直答,CSV直答,简单,FMEA编号“LFP025”这条的D是多少？,D=6.0,6,正确,1.0,228.66,纯LLM直答,1.0,1.0,0,,1,,,6.0,,,,6.0,D,24,
496,496,PureLLM表格上下文回答(qwen2.5:7b),无KG/RAG/数据库/确定性规则系统,故障措施推荐类,action_code,,M1_编号直答,CSV直答,简单,FMEA编号“LFP025”这条的建议措施是什么？,定期检查和更新BMS系统,定期检查和更新BMS系统,正确,1.0,303.09,纯LLM直答,1.0,1.0,0,,1,,,,,,定期检查和更新BMS系统,,RecommendedAction,24,
497,497,PureLLM表格上下文回答(qwen2.5:7b),无KG/RAG/数据库/确定性规则系统,故障原因诊断类,cause_mode,,M3_查询理解与语义检索增强,口语化/模糊检索,简单,失效模式“电池组过放未报警和未保护”对应的潜在失效原因/机理是什么？,BMS 控制系统损坏,失效模式“电池组过放未报警和未保护”对应的潜在失效原因是：BMS 控制系统损坏。,正确,1.0,456.44,纯LLM直答,1.0,1.0,0,,1,,,,,,BMS 控制系统损坏,,,24,
498,498,PureLLM表格上下文回答(qwen2.5:7b),无KG/RAG/数据库/确定性规则系统,风险影响评估类,effect_mode,,M3_查询理解与语义检索增强,口语化/模糊检索,简单,失效模式“电池组过放未报警和未保护”对应的潜在失效后果是什么？,影响电池寿命或永久性损坏,影响电池寿命或永久性损坏,正确,1.0,274.14,纯LLM直答,1.0,1.0,0,,1,,,,,,影响电池寿命或永久性损坏,,,24,
499,499,PureLLM表格上下文回答(qwen2.5:7b),无KG/RAG/数据库/确定性规则系统,风险影响评估类,rpn_mode,,M3_查询理解与语义检索增强,口语化/模糊检索,简单,失效模式“电池组过放未报警和未保护”的RPN是多少？,RPN=240.0,240,正确,1.0,259.91,纯LLM直答,1.0,1.0,0,,1,,,240.0,,,,240.0,RPN,24,
500,500,PureLLM表格上下文回答(qwen2.5:7b),无KG/RAG/数据库/确定性规则系统,故障措施推荐类,action_mode,,M3_查询理解与语义检索增强,口语化/模糊检索,简单,失效模式“电池组过放未报警和未保护”对应的建议措施是什么？,定期检查和更新BMS系统,定期检查和更新BMS系统,正确,1.0,289.05,纯LLM直答,1.0,1.0,0,,1,,,,,,定期检查和更新BMS系统,,RecommendedAction,24,
