序号,全局序号,消融模型,去除模块,情景类别,题型,来源标签,模块标签,模块标签说明,难度,问题,参考答案,模型回答,是否正确,部分准确率,耗时毫秒,回答路径,上下文精确率,证据召回率,幻觉标记,多跳路径覆盖率,上下文条数,缺失文本项,缺失数值项,命中数值,无证据编号,无证据数值,标准文本项,标准数值项,预期字段,原始行号,错误信息
1,1,PureLLM直接回答(qwen2.5:7b),无KG/RAG/CSV/规则系统,风险影响评估类,project_avg_rpn,,M2_规则推理,规则推理,中等,项目/功能“动力电池”的平均RPN是多少？,平均RPN=133.00,题目中未提供动力电池的具体FMEA表数据，因此无法计算其平均RPN值。请提供具体的失效模式、严重度（S）、发生频率（O）和探测度（D）数值以进行计算。,错误,0.0,602.25,纯LLM直答,,0.0,0,,0,,133.0,,,,,133.0,RPN,1,
2,2,PureLLM直接回答(qwen2.5:7b),无KG/RAG/CSV/规则系统,风险影响评估类,project_top_mode,,M2_规则推理,规则推理,中等,项目/功能“动力电池”里RPN最高的失效模式是什么？,单体电压过低；RPN=168.0,"由于题面没有提供具体的数据或信息，我将基于一般性的理解和假设给出一个可能的答案。在动力电池的失效模式中，RPN（风险优先数）通常会考虑严重度（S）、发生频率（O）和检测难度（D）。假设最严重的失效模式是电池短路。

答案：项目/功能“动力电池”里RPN最高的失效模式可能是电池短路。",错误,0.0,875.06,纯LLM直答,,0.0,0,,0,单体电压过低,168.0,,,,单体电压过低,168.0,FailureMode；RPN,1,
3,3,PureLLM直接回答(qwen2.5:7b),无KG/RAG/CSV/规则系统,风险影响评估类,project_top_effect,,M2_规则推理,规则推理,中等,项目/功能“动力电池”里RPN最高的那条，它的后果是什么？,影响用户使用,"由于题面没有提供具体的数据或信息，我将基于一般情况给出一个假设的答案。在FMEA分析中，RPN（风险优先级数）是失效模式、严重度(S)、发生频率(O)和检测概率(D)的乘积。通常情况下，RPN最高的那条记录会对应着严重的后果。

答案：项目/功能“动力电池”里RPN最高的那条，它的后果可能是电池短路导致火灾或爆炸（这只是假设的一个例子）。",错误,0.0,999.23,纯LLM直答,,0.0,0,0.0,0,影响用户使用,,,,,影响用户使用,,FailureEffect,1,
4,4,PureLLM直接回答(qwen2.5:7b),无KG/RAG/CSV/规则系统,故障原因诊断类,cause_code,,M1_编号直答,CSV直答,简单,FMEA编号“LFP001”这条的潜在失效原因/机理是什么？,1、电池组开路 2、未明确区分正负极 3、主电缆未连接、连接错误或器件损坏,根据题面提供的信息，“LFP001”这条记录的潜在失效原因是由于电气连接不良。,错误,0.0,385.25,纯LLM直答,,0.0,0,,0,1、电池组开路 2、未明确区分正负极 3、主电缆未连接、连接错误或器件损坏,,1.0,,,1、电池组开路 2、未明确区分正负极 3、主电缆未连接、连接错误或器件损坏,,,0,
5,5,PureLLM直接回答(qwen2.5:7b),无KG/RAG/CSV/规则系统,风险影响评估类,effect_code,,M1_编号直答,CSV直答,简单,FMEA编号“LFP001”这条的潜在失效后果是什么？,电池组无法工作,根据题面信息，“LFP001”这条的潜在失效后果是未提供的。请提供更多的详细信息以便给出准确的答案。,错误,0.0,443.62,纯LLM直答,,0.0,0,,0,电池组无法工作,,,,,电池组无法工作,,,0,
6,6,PureLLM直接回答(qwen2.5:7b),无KG/RAG/CSV/规则系统,风险影响评估类,rpn_code,,M1_编号直答,CSV直答,简单,FMEA编号“LFP001”这条的RPN是多少？,RPN=63.0,根据题面信息，无法确定FMEA编号“LFP001”的RPN值。请提供更多的详细信息以获得准确的答案。,错误,0.0,461.86,纯LLM直答,,0.0,0,,0,,63.0,,,,,63.0,RPN,0,
7,7,PureLLM直接回答(qwen2.5:7b),无KG/RAG/CSV/规则系统,风险影响评估类,s_code,,M1_编号直答,CSV直答,简单,FMEA编号“LFP001”这条的S是多少？,S=7.0,题目中没有提供足够的信息来确定FMEA编号“LFP001”的S值。请提供更多相关数据或上下文。,错误,0.0,489.5,纯LLM直答,,0.0,0,,0,,7.0,,,,,7.0,S,0,
8,8,PureLLM直接回答(qwen2.5:7b),无KG/RAG/CSV/规则系统,风险影响评估类,o_code,,M1_编号直答,CSV直答,简单,FMEA编号“LFP001”这条的O是多少？,O=3.0,题目中没有提供足够的信息来确定FMEA编号“LFP001”的O值（严重度）。请提供更多相关数据。,错误,0.0,454.64,纯LLM直答,,0.0,0,,0,,3.0,,,,,3.0,O,0,
9,9,PureLLM直接回答(qwen2.5:7b),无KG/RAG/CSV/规则系统,风险影响评估类,d_code,,M1_编号直答,CSV直答,简单,FMEA编号“LFP001”这条的D是多少？,D=3.0,根据题面提供的信息，“LFP001”这条的D值为9。,错误,0.0,368.71,纯LLM直答,,0.0,1,,0,,3.0,,,9.0,,3.0,D,0,
10,10,PureLLM直接回答(qwen2.5:7b),无KG/RAG/CSV/规则系统,故障措施推荐类,action_code,,M1_编号直答,CSV直答,简单,FMEA编号“LFP001”这条的建议措施是什么？,现场更换损坏器件和改正错误,"根据题面提供的信息，“LFP001”这条记录的建议措施是未给出具体细节。在实际的FMEA分析中，建议措施通常会详细描述为解决失效模式所采取的具体步骤或改进方案。但由于题面没有提供具体的建议措施内容，因此无法给出确切答案。

建议措施可能包括但不限于：设计更改、过程调整、增加检测手段等。",错误,0.0,854.79,纯LLM直答,,0.0,0,,0,现场更换损坏器件和改正错误,,,,,现场更换损坏器件和改正错误,,RecommendedAction,0,
11,11,PureLLM直接回答(qwen2.5:7b),无KG/RAG/CSV/规则系统,故障原因诊断类,cause_mode,,M3_查询理解与语义检索增强,口语化/模糊检索,简单,失效模式“现场电池组无输出电压”对应的潜在失效原因/机理是什么？,1、电池组开路 2、未明确区分正负极 3、主电缆未连接、连接错误或器件损坏,"潜在失效原因/机理包括但不限于：
1. 电池组内部故障（如电池损坏或老化）。
2. 电池连接不良或断开。
3. 电源管理模块故障。
4. 传感器或检测电路故障，导致无法正确检测到电压。",错误,0.0,649.45,纯LLM直答,,0.0,1,,0,1、电池组开路 2、未明确区分正负极 3、主电缆未连接、连接错误或器件损坏,,1.0；2.0；3.0,,4.0,1、电池组开路 2、未明确区分正负极 3、主电缆未连接、连接错误或器件损坏,,,0,
12,12,PureLLM直接回答(qwen2.5:7b),无KG/RAG/CSV/规则系统,风险影响评估类,effect_mode,,M3_查询理解与语义检索增强,口语化/模糊检索,简单,失效模式“现场电池组无输出电压”对应的潜在失效后果是什么？,电池组无法工作,答案：设备停机或功能丧失（S）严重影响生产效率（O），导致经济损失（D）。,错误,0.0,389.46,纯LLM直答,,0.0,0,,0,电池组无法工作,,,,,电池组无法工作,,,0,
13,13,PureLLM直接回答(qwen2.5:7b),无KG/RAG/CSV/规则系统,风险影响评估类,rpn_mode,,M3_查询理解与语义检索增强,口语化/模糊检索,简单,失效模式“现场电池组无输出电压”的RPN是多少？,RPN=63.0,"由于题面没有提供足够的信息来计算具体的RPN（风险优先级数），包括严重度（S）、发生频率（O）和检测难度（D）的具体数值，因此无法直接给出一个确切的RPN值。如果假设每个因素都处于中等水平，即S=6、O=6、D=6，则RPN的计算结果为：

\[ RPN = S \times O \times D = 6 \times 6 \times 6 = 216 \]

但请注意，这只是一个基于假设的示例值。实际的RPN需要根据具体的风险评估数据来确定。",错误,0.0,1222.75,纯LLM直答,,0.0,1,,0,,63.0,,,6.0；6.0；6.0；6.0；6.0；6.0；216.0,,63.0,RPN,0,
14,14,PureLLM直接回答(qwen2.5:7b),无KG/RAG/CSV/规则系统,故障措施推荐类,action_mode,,M3_查询理解与语义检索增强,口语化/模糊检索,简单,失效模式“现场电池组无输出电压”对应的建议措施是什么？,现场更换损坏器件和改正错误,"对于失效模式“现场电池组无输出电压”，可能的建议措施包括：

1. 检查电池连接是否正确且牢固。
2. 测试电池组内部电池的状态，必要时更换损坏或性能下降的电池。
3. 检查电源管理电路是否有故障，并进行维修或更换。
4. 确认外部供电源是否正常工作并提供足够的电力给电池组。

这些措施旨在诊断和解决导致无输出电压的原因。",错误,0.0,965.31,纯LLM直答,,0.0,1,,0,现场更换损坏器件和改正错误,,,,1.0；2.0；3.0；4.0,现场更换损坏器件和改正错误,,RecommendedAction,0,
15,15,PureLLM直接回答(qwen2.5:7b),无KG/RAG/CSV/规则系统,故障原因诊断类,cause_colloquial,,M3_查询理解与语义检索增强,口语化/模糊检索,中等,在项目/功能“动力电池”里，失效模式“现场电池组无输出电压”这个问题，原因讲白一点是什么？,1、电池组开路 2、未明确区分正负极 3、主电缆未连接、连接错误或器件损坏,失效模式“现场电池组无输出电压”的最可能原因是电池组内部故障或外部连接问题导致无法正常工作。,错误,0.0,417.49,纯LLM直答,,0.0,0,,0,1、电池组开路 2、未明确区分正负极 3、主电缆未连接、连接错误或器件损坏,,,,,1、电池组开路 2、未明确区分正负极 3、主电缆未连接、连接错误或器件损坏,,,0,
16,16,PureLLM直接回答(qwen2.5:7b),无KG/RAG/CSV/规则系统,风险影响评估类,effect_colloquial,,M3_查询理解与语义检索增强,口语化/模糊检索,中等,在项目/功能“动力电池”里，失效模式“现场电池组无输出电压”最后会带来什么后果？,电池组无法工作,"在现场电池组无输出电压的情况下，可能会导致车辆无法启动或运行，进而影响用户的正常使用。因此，最终的后果可能是：

- 安全风险增加（如紧急情况下的动力缺失）
- 用户体验下降
- 经济损失（维修费用、用户投诉等）

具体后果可能还包括对环境的影响以及法律法规的合规性问题。",错误,0.0,775.64,纯LLM直答,,0.0,0,,0,电池组无法工作,,,,,电池组无法工作,,,0,
17,17,PureLLM直接回答(qwen2.5:7b),无KG/RAG/CSV/规则系统,故障措施推荐类,action_colloquial,,M3_查询理解与语义检索增强,口语化/模糊检索,中等,在项目/功能“动力电池”里，失效模式“现场电池组无输出电压”一般怎么处理？,现场更换损坏器件和改正错误,"针对项目/功能“动力电池”中失效模式“现场电池组无输出电压”的处理方法通常包括以下几个步骤：

1. **检查电源连接**：确认电池组与外部负载或充电设备之间的连接是否正确且牢固。
2. **检测电池状态**：使用专用仪器检测电池组的电压、电流和内阻，判断是否存在电池损坏或老化问题。
3. **检查控制电路**：排查电池管理系统（BMS）或其他相关控制电路是否有故障。
4. **环境因素检查**：确认工作环境温度是否在正常范围内，过高的温度可能会影响电池性能。
5. **更换部件或电池组**：如果上述检查发现具体故障点，如单个电池损坏，则需进行相应部件的更换。

以上步骤是常见的处理方法，具体情况还需结合实际设备和系统特点进行调整。",错误,0.0,1540.51,纯LLM直答,,0.0,1,,0,现场更换损坏器件和改正错误,,,,1.0；2.0；3.0；4.0；5.0,现场更换损坏器件和改正错误,,,0,
18,18,PureLLM直接回答(qwen2.5:7b),无KG/RAG/CSV/规则系统,风险影响评估类,risk_colloquial,,M3_查询理解与语义检索增强,口语化/模糊检索,中等,在项目/功能“动力电池”里，失效模式“现场电池组无输出电压”的风险最后会体现成什么？,电池组无法工作,"在现场电池组无输出电压这一失效模式下，其风险最终可能会体现在以下几个方面：

1. **安全性**（Safety）：可能导致车辆无法正常运行，存在安全隐患。
2. **可用性**（Availability）：直接影响车辆的正常使用，导致停运或无法使用。
3. **可维护性**（Maintainability）：需要进行故障排查和维修，增加维护成本和时间。

这些风险可能通过RPN（严重度、频度、检测度评分的乘积）来量化其风险水平。",错误,0.0,1066.38,纯LLM直答,,0.0,1,,0,电池组无法工作,,,,1.0；2.0；3.0,电池组无法工作,,,0,
19,19,PureLLM直接回答(qwen2.5:7b),无KG/RAG/CSV/规则系统,故障原因诊断类,cause_bool,,M4_证据裁决,证据裁决,简单,FMEA编号“LFP001”对应的原因是否就是“1、电池组开路 2、未明确区分正负极 3、主电缆未连接、连接错误或器件损坏”？,是,"根据题面提供的信息，FMEA编号“LFP001”对应的原因是“1、电池组开路 2、未明确区分正负极 3、主电缆未连接、连接错误或器件损坏”。因此可以直接回答：

是的。",正确,1.0,612.76,纯LLM直答,,,0,,0,,,,,,,,是/否判断,0,
20,20,PureLLM直接回答(qwen2.5:7b),无KG/RAG/CSV/规则系统,风险影响评估类,risk_bool,,M4_证据裁决,证据裁决,简单,FMEA编号“LFP001”对应的后果是否就是“电池组无法工作”？,是,"根据题面提供的信息，“FMEA编号‘LFP001’对应的后果是否就是‘电池组无法工作’”这一问题，没有直接给出足够的背景信息来确定这个结论。因此，基于现有信息，我不能确认该后果的具体内容。

如果“电池组无法工作”是可能的失效后果之一，则需要更多的上下文信息才能做出判断。请提供更多信息以便进一步分析。",错误,0.0,885.31,纯LLM直答,,,0,,0,是/否判断,,,,,,,是/否判断,0,
21,21,PureLLM直接回答(qwen2.5:7b),无KG/RAG/CSV/规则系统,风险影响评估类,mode_project_bool,,M4_证据裁决,证据裁决,简单,失效模式“现场电池组无输出电压”是不是出现在项目/功能“动力电池”里？,是,"根据题面信息，“失效模式‘现场电池组无输出电压’”是否出现在项目/功能“动力电池”里，需要具体分析。通常情况下，如果“现场电池组无输出电压”是与动力电池相关的性能或状态问题，则该失效模式应归属于“动力电池”这一项目/功能。

因此，最可能的答案是：是，“现场电池组无输出电压”出现在项目/功能“动力电池”里。",错误,0.0,877.01,纯LLM直答,,,0,,0,是/否判断,,,,,,,是/否判断,0,
22,22,PureLLM直接回答(qwen2.5:7b),无KG/RAG/CSV/规则系统,风险影响评估类,risk_mode_code,,M3_查询理解与语义检索增强,口语化/模糊检索,简单,失效模式“现场电池组无输出电压”对应的FMEA编号是什么？,LFP001,根据题面提供的信息，失效模式“现场电池组无输出电压”的FMEA编号未给出。请提供更多的FMEA表格内容以获取准确的FMEA编号。,错误,0.0,504.2,纯LLM直答,,0.0,0,,0,LFP001,,,,,LFP001,,FmeaID,0,
23,23,PureLLM直接回答(qwen2.5:7b),无KG/RAG/CSV/规则系统,风险影响评估类,risk_mode_project,,M3_查询理解与语义检索增强,口语化/模糊检索,简单,在项目/功能“动力电池”里，失效模式“现场电池组无输出电压”的后果是什么？,电池组无法工作,"在现场电池组无输出电压的情况下，可能的失效后果包括：

- 1. 安全风险增加（S）
    - 动力电池是电动汽车的重要组成部分，如果出现无输出电压的情况，可能会导致车辆无法正常行驶，从而增加安全事故的风险。

- 2. 设备损坏（O）
    - 如果电池组无输出电压且未及时发现和处理，可能导致其他系统或设备因缺乏电力而受损。

- 3. 经济损失（D）
    - 动力电池故障导致的车辆无法使用会直接造成经济损失。此外，维修成本也会增加。

综合以上分析，“现场电池组无输出电压”的失效后果S=6, O=5, D=7。",错误,0.0,1348.64,纯LLM直答,,0.0,1,,0,电池组无法工作,,,,1.0；2.0；3.0；6.0；5.0；7.0,电池组无法工作,,,0,
24,24,PureLLM直接回答(qwen2.5:7b),无KG/RAG/CSV/规则系统,故障原因诊断类,cause_code,,M1_编号直答,CSV直答,简单,FMEA编号“LFP002”这条的潜在失效原因/机理是什么？,单节电池容量降低或损坏,根据题面提供的信息，“LFP002”这条记录的潜在失效原因是由于电气连接不良。,错误,0.0,382.75,纯LLM直答,,0.0,0,,0,单节电池容量降低或损坏,,,,,单节电池容量降低或损坏,,,1,
25,25,PureLLM直接回答(qwen2.5:7b),无KG/RAG/CSV/规则系统,风险影响评估类,effect_code,,M1_编号直答,CSV直答,简单,FMEA编号“LFP002”这条的潜在失效后果是什么？,影响用户使用,根据题面提供的信息，“LFP002”这条的潜在失效后果没有给出具体描述。因此，基于现有信息，无法直接回答该问题。如果需要了解具体的失效后果，建议参考相关的设计文档或FMEA表格中的详细内容。,错误,0.0,636.81,纯LLM直答,,0.0,0,,0,影响用户使用,,,,,影响用户使用,,,1,
26,26,PureLLM直接回答(qwen2.5:7b),无KG/RAG/CSV/规则系统,风险影响评估类,rpn_code,,M1_编号直答,CSV直答,简单,FMEA编号“LFP002”这条的RPN是多少？,RPN=168.0,根据题面提供的信息，“LFP002”这条的RPN是16。,错误,0.0,376.32,纯LLM直答,,0.0,1,,0,,168.0,,,16.0,,168.0,RPN,1,
27,27,PureLLM直接回答(qwen2.5:7b),无KG/RAG/CSV/规则系统,风险影响评估类,s_code,,M1_编号直答,CSV直答,简单,FMEA编号“LFP002”这条的S是多少？,S=7.0,根据题面提供的信息，“LFP002”这条的S值没有给出具体数值。因此无法直接回答。如果需要这个具体的S值，可能需要参考相关的FMEA文档或者进一步的信息。,错误,0.0,512.97,纯LLM直答,,0.0,0,,0,,7.0,,,,,7.0,S,1,
28,28,PureLLM直接回答(qwen2.5:7b),无KG/RAG/CSV/规则系统,风险影响评估类,o_code,,M1_编号直答,CSV直答,简单,FMEA编号“LFP002”这条的O是多少？,O=4.0,题目中没有提供足够的信息来确定FMEA编号“LFP002”的O（严重度）值。请提供更多相关数据以获得准确答案。,错误,0.0,456.53,纯LLM直答,,0.0,0,,0,,4.0,,,,,4.0,O,1,
29,29,PureLLM直接回答(qwen2.5:7b),无KG/RAG/CSV/规则系统,风险影响评估类,d_code,,M1_编号直答,CSV直答,简单,FMEA编号“LFP002”这条的D是多少？,D=6.0,根据题面提供的信息，无法确定FMEA编号“LFP002”的D值。请提供更多的细节或上下文。,错误,0.0,448.03,纯LLM直答,,0.0,0,,0,,6.0,,,,,6.0,D,1,
30,30,PureLLM直接回答(qwen2.5:7b),无KG/RAG/CSV/规则系统,故障措施推荐类,action_code,,M1_编号直答,CSV直答,简单,FMEA编号“LFP002”这条的建议措施是什么？,更换电压过低电池,"根据题面提供的信息，“LFP002”这条的建议措施是未给出具体细节。在实际的FMEA分析中，建议措施（Recommended Actions）通常会详细说明为降低风险而计划采取的具体步骤或改进措施。但由于题面没有提供这些具体的建议措施内容，因此无法给出确切的答案。

建议措施可能包括但不限于：
- 进行设计更改
- 加强培训
- 增加检查频率
- 使用更可靠的材料

请根据实际情况补充具体信息。",错误,0.0,1070.97,纯LLM直答,,0.0,0,,0,更换电压过低电池,,,,,更换电压过低电池,,RecommendedAction,1,
31,31,PureLLM直接回答(qwen2.5:7b),无KG/RAG/CSV/规则系统,故障原因诊断类,cause_mode,,M3_查询理解与语义检索增强,口语化/模糊检索,简单,失效模式“单体电压过低”对应的潜在失效原因/机理是什么？,单节电池容量降低或损坏,失效模式“单体电压过低”的潜在失效原因是电池内部化学反应不完全或电极材料性能下降。,错误,0.0,414.96,纯LLM直答,,0.0,0,,0,单节电池容量降低或损坏,,,,,单节电池容量降低或损坏,,,1,
32,32,PureLLM直接回答(qwen2.5:7b),无KG/RAG/CSV/规则系统,风险影响评估类,effect_mode,,M3_查询理解与语义检索增强,口语化/模糊检索,简单,失效模式“单体电压过低”对应的潜在失效后果是什么？,影响用户使用,答案：电池性能下降，续航能力减弱。,错误,0.0,278.45,纯LLM直答,,0.0,0,,0,影响用户使用,,,,,影响用户使用,,,1,
33,33,PureLLM直接回答(qwen2.5:7b),无KG/RAG/CSV/规则系统,风险影响评估类,rpn_mode,,M3_查询理解与语义检索增强,口语化/模糊检索,简单,失效模式“单体电压过低”的RPN是多少？,RPN=168.0,"题目中没有提供足够的信息来计算具体的RPN值（严重度S、发生频度O、检测度D的乘积）。因此，基于现有信息，无法给出具体数值。如果这是一个假设场景或示例问题，请参考一般情况下的评分标准进行估算。

通常情况下：
- 严重度S：5
- 发生频度O：4
- 检测度D：3

则RPN = S × O × D = 5 × 4 × 3 = 60

但请注意，这只是一个示例值。实际的RPN需要根据具体情况进行评估。",错误,0.0,1200.15,纯LLM直答,,0.0,1,,0,,168.0,,,5.0；4.0；3.0；5.0；4.0；3.0；60.0,,168.0,RPN,1,
34,34,PureLLM直接回答(qwen2.5:7b),无KG/RAG/CSV/规则系统,故障措施推荐类,action_mode,,M3_查询理解与语义检索增强,口语化/模糊检索,简单,失效模式“单体电压过低”对应的建议措施是什么？,更换电压过低电池,"对于失效模式“单体电压过低”的建议措施可以包括：

1. **定期检查与维护** - 定期对电池组进行检查，确保每个单体电池的健康状态。
2. **均衡充电策略** - 采用智能均衡充电技术，防止某些单体电池过度放电。
3. **温度控制** - 确保电池工作在适宜的环境温度下，避免过热或过冷对电池性能的影响。
4. **更换故障电池** - 及时发现并替换已经损坏或性能下降的单体电池。

这些措施有助于预防和减少“单体电压过低”失效模式的发生。",错误,0.0,1293.83,纯LLM直答,,0.0,1,,0,更换电压过低电池,,,,1.0；2.0；3.0；4.0,更换电压过低电池,,RecommendedAction,1,
35,35,PureLLM直接回答(qwen2.5:7b),无KG/RAG/CSV/规则系统,故障原因诊断类,cause_colloquial,,M3_查询理解与语义检索增强,口语化/模糊检索,中等,在项目/功能“动力电池”里，失效模式“单体电压过低”这个问题，原因讲白一点是什么？,单节电池容量降低或损坏,失效模式“单体电压过低”的原因是电池内部化学反应不完全或电极材料性能下降导致的电压降低。,错误,0.0,432.55,纯LLM直答,,0.0,0,,0,单节电池容量降低或损坏,,,,,单节电池容量降低或损坏,,,1,
36,36,PureLLM直接回答(qwen2.5:7b),无KG/RAG/CSV/规则系统,风险影响评估类,effect_colloquial,,M3_查询理解与语义检索增强,口语化/模糊检索,中等,在项目/功能“动力电池”里，失效模式“单体电压过低”最后会带来什么后果？,影响用户使用,在项目/功能“动力电池”里，失效模式“单体电压过低”最后可能会导致电池性能下降。,错误,0.0,385.71,纯LLM直答,,0.0,0,,0,影响用户使用,,,,,影响用户使用,,,1,
37,37,PureLLM直接回答(qwen2.5:7b),无KG/RAG/CSV/规则系统,故障措施推荐类,action_colloquial,,M3_查询理解与语义检索增强,口语化/模糊检索,中等,在项目/功能“动力电池”里，失效模式“单体电压过低”一般怎么处理？,更换电压过低电池,"对于项目/功能“动力电池”中失效模式“单体电压过低”的处理方法通常包括以下几个步骤：

1. **检测与诊断**：
   - 使用电池管理系统（BMS）监测每个单体的电压。
   - 识别电压低于正常范围的单体。

2. **隔离故障单体**：
   - 将故障单体从电池组中物理或逻辑上隔离，以防止对其他单体的影响。

3. **评估与分析**：
   - 分析单体电压过低的原因，可能包括老化、内部短路等。
   - 根据分析结果制定进一步的处理措施。

4. **维修或更换**：
   - 对于可修复的问题（如轻微老化），进行维护和调整。
   - 对于无法修复的问题，则需要更换故障单体。

5. **预防措施**：
   - 定期检查电池组，确保所有单体处于良好状态。
   - 优化充电策略，避免过度放电导致的电压下降。

6. **记录与报告**：
   - 记录故障情况及处理过程，便于后续分析和改进。
   - 向相关人员或部门汇报处理结果。",错误,0.0,2162.78,纯LLM直答,,0.0,1,,0,更换电压过低电池,,,,1.0；2.0；3.0；4.0；5.0；6.0,更换电压过低电池,,,1,
38,38,PureLLM直接回答(qwen2.5:7b),无KG/RAG/CSV/规则系统,风险影响评估类,risk_colloquial,,M3_查询理解与语义检索增强,口语化/模糊检索,中等,在项目/功能“动力电池”里，失效模式“单体电压过低”的风险最后会体现成什么？,影响用户使用,在项目/功能“动力电池”里，失效模式“单体电压过低”的风险最后会体现在电池性能下降和安全风险增加上。,错误,0.0,444.15,纯LLM直答,,0.0,0,,0,影响用户使用,,,,,影响用户使用,,,1,
39,39,PureLLM直接回答(qwen2.5:7b),无KG/RAG/CSV/规则系统,故障原因诊断类,cause_bool,,M4_证据裁决,证据裁决,简单,FMEA编号“LFP002”对应的原因是否就是“单节电池容量降低或损坏”？,是,"根据题面提供的信息，“FMEA编号‘LFP002’对应的原因是否就是‘单节电池容量降低或损坏’？”这一问题无法直接作答，因为题面没有提供足够的背景信息来确认这一点。通常情况下，FMEA（失效模式与效应分析）中的每个条目都会详细描述具体的失效模式、原因和后果等信息。

如果假设“LFP002”确实对应的是“单节电池容量降低或损坏”，那么可以给出这个假设性的答案：

是的，“LFP002”的对应原因是“单节电池容量降低或损坏”。

但请注意，这仅基于假设，并非题面提供的直接信息。",错误,0.0,1278.22,纯LLM直答,,,0,,0,是/否判断,,,,,,,是/否判断,1,
40,40,PureLLM直接回答(qwen2.5:7b),无KG/RAG/CSV/规则系统,风险影响评估类,risk_bool,,M4_证据裁决,证据裁决,简单,FMEA编号“LFP002”对应的后果是否就是“影响用户使用”？,是,根据题面提供的信息，“FMEA编号‘LFP002’对应的后果是否就是‘影响用户使用’？”这一问题无法直接得出结论，因为题面没有提供关于“LFP002”具体失效模式及其后果的详细信息。因此，基于现有信息，不能确定该编号对应的后果是否为“影响用户使用”。,错误,0.0,802.24,纯LLM直答,,,0,,0,是/否判断,,,,,,,是/否判断,1,
41,41,PureLLM直接回答(qwen2.5:7b),无KG/RAG/CSV/规则系统,风险影响评估类,mode_project_bool,,M4_证据裁决,证据裁决,简单,失效模式“单体电压过低”是不是出现在项目/功能“动力电池”里？,是,题目中没有提供足够的信息来确定“单体电压过低”是否出现在项目/功能“动力电池”里。根据常见的失效模式分类，“单体电压过低”通常与电池系统相关，因此很可能出现在“动力电池”这个项目或功能里。但为了给出确切答案，需要更多具体背景信息。,错误,0.0,726.65,纯LLM直答,,,0,,0,是/否判断,,,,,,,是/否判断,1,
42,42,PureLLM直接回答(qwen2.5:7b),无KG/RAG/CSV/规则系统,风险影响评估类,risk_mode_code,,M3_查询理解与语义检索增强,口语化/模糊检索,简单,失效模式“单体电压过低”对应的FMEA编号是什么？,LFP002,题目中没有提供足够的信息来确定具体的FMEA编号。请参考相关FMEA文档以获取准确的FMEA编号。,错误,0.0,431.73,纯LLM直答,,0.0,0,,0,LFP002,,,,,LFP002,,FmeaID,1,
43,43,PureLLM直接回答(qwen2.5:7b),无KG/RAG/CSV/规则系统,风险影响评估类,risk_mode_project,,M3_查询理解与语义检索增强,口语化/模糊检索,简单,在项目/功能“动力电池”里，失效模式“单体电压过低”的后果是什么？,影响用户使用,"失效模式“单体电压过低”的后果可能包括：

- 安全风险增加（如热失控）
- 动力性能下降
- 使用寿命缩短

具体后果可能因电池管理系统的设计和应用场景而异。",错误,0.0,574.0,纯LLM直答,,0.0,0,,0,影响用户使用,,,,,影响用户使用,,,1,
44,44,PureLLM直接回答(qwen2.5:7b),无KG/RAG/CSV/规则系统,故障原因诊断类,cause_code,,M1_编号直答,CSV直答,简单,FMEA编号“LFP003”这条的潜在失效原因/机理是什么？,电池组单节容量降低或整体过低,根据题面提供的信息，“LFP003”这条记录的潜在失效原因是由于连接器接触不良。,错误,0.0,398.42,纯LLM直答,,0.0,0,,0,电池组单节容量降低或整体过低,,,,,电池组单节容量降低或整体过低,,,2,
45,45,PureLLM直接回答(qwen2.5:7b),无KG/RAG/CSV/规则系统,风险影响评估类,effect_code,,M1_编号直答,CSV直答,简单,FMEA编号“LFP003”这条的潜在失效后果是什么？,影响用户使用,根据题面信息，“LFP003”这条的潜在失效后果是未提供的。请提供更多的详细信息以便给出准确的答案。,错误,0.0,408.84,纯LLM直答,,0.0,0,,0,影响用户使用,,,,,影响用户使用,,,2,
46,46,PureLLM直接回答(qwen2.5:7b),无KG/RAG/CSV/规则系统,风险影响评估类,rpn_code,,M1_编号直答,CSV直答,简单,FMEA编号“LFP003”这条的RPN是多少？,RPN=168.0,根据题面信息，无法直接得知FMEA编号“LFP003”的RPN值。请提供更多的相关信息或数据以得出准确的答案。,错误,0.0,470.61,纯LLM直答,,0.0,0,,0,,168.0,,,,,168.0,RPN,2,
47,47,PureLLM直接回答(qwen2.5:7b),无KG/RAG/CSV/规则系统,风险影响评估类,s_code,,M1_编号直答,CSV直答,简单,FMEA编号“LFP003”这条的S是多少？,S=7.0,题目中没有提供足够的信息来确定FMEA编号“LFP003”的S值。请提供更多相关数据或上下文。,错误,0.0,452.6,纯LLM直答,,0.0,0,,0,,7.0,,,,,7.0,S,2,
48,48,PureLLM直接回答(qwen2.5:7b),无KG/RAG/CSV/规则系统,风险影响评估类,o_code,,M1_编号直答,CSV直答,简单,FMEA编号“LFP003”这条的O是多少？,O=4.0,题目中没有提供足够的信息来确定FMEA编号“LFP003”的O（严重度）值。请提供更多相关数据以获得准确答案。,错误,0.0,491.53,纯LLM直答,,0.0,0,,0,,4.0,,,,,4.0,O,2,
49,49,PureLLM直接回答(qwen2.5:7b),无KG/RAG/CSV/规则系统,风险影响评估类,d_code,,M1_编号直答,CSV直答,简单,FMEA编号“LFP003”这条的D是多少？,D=6.0,根据题面提供的信息，无法确定FMEA编号“LFP003”对应的D值。请提供更多的详细信息以获得准确的答案。,错误,0.0,454.84,纯LLM直答,,0.0,0,,0,,6.0,,,,,6.0,D,2,
50,50,PureLLM直接回答(qwen2.5:7b),无KG/RAG/CSV/规则系统,故障措施推荐类,action_code,,M1_编号直答,CSV直答,简单,FMEA编号“LFP003”这条的建议措施是什么？,更换电压过低电池,"根据题面提供的信息，“LFP003”这条记录的建议措施是未给出具体细节。通常在FMEA中，建议措施（Recommended Actions）会详细说明为降低风险而计划采取的具体步骤或改进措施。但由于题面没有提供具体的建议措施内容，因此无法给出确切答案。

建议措施可能包括但不限于：
- 进行设计更改
- 加强培训
- 增加检查频率
- 使用更可靠的材料

请参考实际的FMEA文档以获取准确信息。",错误,0.0,1073.56,纯LLM直答,,0.0,0,,0,更换电压过低电池,,,,,更换电压过低电池,,RecommendedAction,2,
51,51,PureLLM直接回答(qwen2.5:7b),无KG/RAG/CSV/规则系统,故障原因诊断类,cause_mode,,M3_查询理解与语义检索增强,口语化/模糊检索,简单,失效模式“巡航里程低于额定值”对应的潜在失效原因/机理是什么？,电池组单节容量降低或整体过低,潜在失效原因/机理可能是电池性能下降或充电不足。,错误,0.0,295.7,纯LLM直答,,0.0,0,,0,电池组单节容量降低或整体过低,,,,,电池组单节容量降低或整体过低,,,2,
52,52,PureLLM直接回答(qwen2.5:7b),无KG/RAG/CSV/规则系统,风险影响评估类,effect_mode,,M3_查询理解与语义检索增强,口语化/模糊检索,简单,失效模式“巡航里程低于额定值”对应的潜在失效后果是什么？,影响用户使用,答案：车辆无法达到预期的行驶距离。,错误,0.0,277.47,纯LLM直答,,0.0,0,,0,影响用户使用,,,,,影响用户使用,,,2,
53,53,PureLLM直接回答(qwen2.5:7b),无KG/RAG/CSV/规则系统,风险影响评估类,rpn_mode,,M3_查询理解与语义检索增强,口语化/模糊检索,简单,失效模式“巡航里程低于额定值”的RPN是多少？,RPN=168.0,"题目中没有提供足够的信息来计算具体的RPN（风险优先级数）值。RPN是通过严重度（S）、发生频率（O）和检测率（D）三个因素的乘积得出的，而这些数值在题面中并未给出。

如果假设一个可能的情况：
- 严重度（S）：6（巡航里程低于额定值可能会导致航班延误）
- 发生频率（O）：4（偶尔发生）
- 检测率（D）：3（可以定期检测）

那么RPN = S × O × D = 6 × 4 × 3 = 72

但请注意，这只是一个假设的例子。实际的RPN需要根据具体情况进行评估。",错误,0.0,1399.34,纯LLM直答,,0.0,1,,0,,168.0,,,6.0；4.0；3.0；6.0；4.0；3.0；72.0,,168.0,RPN,2,
54,54,PureLLM直接回答(qwen2.5:7b),无KG/RAG/CSV/规则系统,故障措施推荐类,action_mode,,M3_查询理解与语义检索增强,口语化/模糊检索,简单,失效模式“巡航里程低于额定值”对应的建议措施是什么？,更换电压过低电池,"对于失效模式“巡航里程低于额定值”，可能的建议措施包括：

1. 检查电池健康状况；
2. 校准里程表或传感器；
3. 优化车辆能量管理系统设置；
4. 清洁或更换空气滤清器；
5. 检查轮胎气压和磨损情况。

这些措施旨在识别并解决导致巡航里程低于额定值的根本原因。",错误,0.0,880.76,纯LLM直答,,0.0,1,,0,更换电压过低电池,,,,1.0；2.0；3.0；4.0；5.0,更换电压过低电池,,RecommendedAction,2,
55,55,PureLLM直接回答(qwen2.5:7b),无KG/RAG/CSV/规则系统,故障原因诊断类,cause_colloquial,,M3_查询理解与语义检索增强,口语化/模糊检索,中等,在项目/功能“动力电池”里，失效模式“巡航里程低于额定值”这个问题，原因讲白一点是什么？,电池组单节容量降低或整体过低,失效模式“巡航里程低于额定值”的主要原因可能是电池容量不足或电池效率降低。,错误,0.0,359.13,纯LLM直答,,0.0,0,,0,电池组单节容量降低或整体过低,,,,,电池组单节容量降低或整体过低,,,2,
56,56,PureLLM直接回答(qwen2.5:7b),无KG/RAG/CSV/规则系统,风险影响评估类,effect_colloquial,,M3_查询理解与语义检索增强,口语化/模糊检索,中等,在项目/功能“动力电池”里，失效模式“巡航里程低于额定值”最后会带来什么后果？,影响用户使用,答案：可能会导致车辆无法满足用户的预期行驶距离需求，影响用户体验和满意度。,错误,0.0,336.7,纯LLM直答,,0.0,0,,0,影响用户使用,,,,,影响用户使用,,,2,
57,57,PureLLM直接回答(qwen2.5:7b),无KG/RAG/CSV/规则系统,故障措施推荐类,action_colloquial,,M3_查询理解与语义检索增强,口语化/模糊检索,中等,在项目/功能“动力电池”里，失效模式“巡航里程低于额定值”一般怎么处理？,更换电压过低电池,"对于项目/功能“动力电池”中失效模式“巡航里程低于额定值”的处理，通常可以采取以下措施：

1. **诊断与检测**：
   - 使用电池管理系统（BMS）进行详细检查。
   - 检测电池的电压、电流和温度等参数。

2. **维护与保养**：
   - 定期对电池进行均衡充电。
   - 清洁电池接触点，确保良好的电气连接。

3. **软件优化**：
   - 更新电池管理系统软件，优化能量管理策略。
   - 调整车辆的能耗模型，提高能源利用效率。

4. **硬件检查与更换**：
   - 检查并替换损坏或性能下降的电池模块。
   - 确保所有相关电气部件正常工作。

5. **用户教育与培训**：
   - 向用户提供正确的使用和维护指南。
   - 培训维修人员，确保他们掌握最新的诊断和修复技术。

通过上述措施，可以有效提升动力电池的性能，减少巡航里程低于额定值的情况。",错误,0.0,1964.2,纯LLM直答,,0.0,1,,0,更换电压过低电池,,,,1.0；2.0；3.0；4.0；5.0,更换电压过低电池,,,2,
58,58,PureLLM直接回答(qwen2.5:7b),无KG/RAG/CSV/规则系统,风险影响评估类,risk_colloquial,,M3_查询理解与语义检索增强,口语化/模糊检索,中等,在项目/功能“动力电池”里，失效模式“巡航里程低于额定值”的风险最后会体现成什么？,影响用户使用,答案：该失效模式“巡航里程低于额定值”的风险最终会体现在安全性和可靠性指标上。具体来说，可能会导致车辆的续航能力下降，影响用户的正常使用体验和产品的市场竞争力。,错误,0.0,522.35,纯LLM直答,,0.0,0,,0,影响用户使用,,,,,影响用户使用,,,2,
59,59,PureLLM直接回答(qwen2.5:7b),无KG/RAG/CSV/规则系统,故障原因诊断类,cause_bool,,M4_证据裁决,证据裁决,简单,FMEA编号“LFP003”对应的原因是否就是“电池组单节容量降低或整体过低”？,是,"根据题面提供的信息，“FMEA编号‘LFP003’对应的原因是否就是‘电池组单节容量降低或整体过低’？”这一问题无法直接作答，因为题面没有提供足够的背景信息来确认这一点。通常情况下，FMEA（失效模式与效应分析）中的具体原因需要结合具体的系统、产品或过程来确定。

如果假设“LFP003”确实对应于电池组相关的问题，并且根据一般经验或行业知识，“电池组单节容量降低或整体过低”是一个合理的失效模式，则可以推测该编号可能与此失效模式有关。但这是基于假设和一般情况的推断，具体答案需要更多背景信息来确认。

因此，最直接的答案是：题面提供的信息不足以确定“LFP003”的具体原因是否就是“电池组单节容量降低或整体过低”。",错误,0.0,1625.81,纯LLM直答,,,0,,0,是/否判断,,,,,,,是/否判断,2,
60,60,PureLLM直接回答(qwen2.5:7b),无KG/RAG/CSV/规则系统,风险影响评估类,risk_bool,,M4_证据裁决,证据裁决,简单,FMEA编号“LFP003”对应的后果是否就是“影响用户使用”？,是,根据题面提供的信息，“FMEA编号‘LFP003’对应的后果是否就是‘影响用户使用’？”这一问题无法直接得出结论，因为题面没有提供关于“LFP003”具体失效模式及其后果的详细信息。因此，基于现有信息，不能确定该FMEA编号对应的后果是否为“影响用户使用”。,错误,0.0,821.54,纯LLM直答,,,0,,0,是/否判断,,,,,,,是/否判断,2,
61,61,PureLLM直接回答(qwen2.5:7b),无KG/RAG/CSV/规则系统,风险影响评估类,mode_project_bool,,M4_证据裁决,证据裁决,简单,失效模式“巡航里程低于额定值”是不是出现在项目/功能“动力电池”里？,是,题目中没有提供足够的信息来确定“巡航里程低于额定值”的失效模式是否出现在项目/功能“动力电池”里。通常，这种失效模式可能与电池性能或管理系统有关，但具体需要根据项目的详细设计和定义来判断。,错误,0.0,648.48,纯LLM直答,,,0,,0,是/否判断,,,,,,,是/否判断,2,
62,62,PureLLM直接回答(qwen2.5:7b),无KG/RAG/CSV/规则系统,风险影响评估类,risk_mode_code,,M3_查询理解与语义检索增强,口语化/模糊检索,简单,失效模式“巡航里程低于额定值”对应的FMEA编号是什么？,LFP003,题目中没有提供足够的信息来确定具体的FMEA编号。请参考相关FMEA文档以获取准确的FMEA编号。,错误,0.0,422.37,纯LLM直答,,0.0,0,,0,LFP003,,,,,LFP003,,FmeaID,2,
63,63,PureLLM直接回答(qwen2.5:7b),无KG/RAG/CSV/规则系统,风险影响评估类,risk_mode_project,,M3_查询理解与语义检索增强,口语化/模糊检索,简单,在项目/功能“动力电池”里，失效模式“巡航里程低于额定值”的后果是什么？,影响用户使用,答案：巡航里程低于额定值的后果是车辆行驶距离比预期短，可能影响用户的正常使用和体验。,错误,0.0,391.7,纯LLM直答,,0.0,0,,0,影响用户使用,,,,,影响用户使用,,,2,
64,64,PureLLM直接回答(qwen2.5:7b),无KG/RAG/CSV/规则系统,风险影响评估类,project_avg_rpn,,M2_规则推理,规则推理,中等,项目/功能“电池组箱体”的平均RPN是多少？,平均RPN=106.00,"题目中没有提供具体的FMEA表格或相关数据，因此无法直接计算出“电池组箱体”项目的平均RPN值。如果假设一个合理的示例情况：

- S（严重度）= 8
- O（发生频率）= 6
- D（检测难度）= 5

则 RPN = S × O × D = 8 × 6 × 5 = 240

因此，根据这个假设，“电池组箱体”的平均RPN是240。请注意，实际的数值需要依据具体FMEA表格中的数据来确定。",错误,0.0,1199.84,纯LLM直答,,0.0,1,,0,,106.0,,,8.0；6.0；5.0；8.0；6.0；5.0；240.0；240.0,,106.0,RPN,3,
65,65,PureLLM直接回答(qwen2.5:7b),无KG/RAG/CSV/规则系统,风险影响评估类,project_top_mode,,M2_规则推理,规则推理,中等,项目/功能“电池组箱体”里RPN最高的失效模式是什么？,电池箱体进水；RPN=126.0,"由于题面没有提供具体的FMEA表格或数据，我将基于一般情况推测可能的答案。假设在“电池组箱体”的FMEA分析中，某个失效模式的RPN值最高。

例如：
- 失效模式1：密封不良导致水分进入
  - 严重度(S)：8
  - 频度(O)：6
  - 探测度(D)：2
  - RPN = S * O * D = 8 * 6 * 2 = 96

- 失效模式2：箱体材料腐蚀
  - 严重度(S)：7
  - 频度(O)：5
  - 探测度(D)：3
  - RPN = S * O * D = 7 * 5 * 3 = 105

- 失效模式3：温度过高导致电池损坏
  - 严重度(S)：9
  - 频度(O)：4
  - 探测度(D)：2
  - RPN = S * O * D = 9 * 4 * 2 = 72

根据上述计算，RPN最高的失效模式是“箱体材料腐蚀”，其RPN值为105。

因此，答案是：
项目/功能“电池组箱体”里RPN最高的失效模式是箱体材料腐蚀。",错误,0.0,2472.81,纯LLM直答,,0.0,1,,0,电池箱体进水,126.0,,,1.0；8.0；6.0；2.0；8.0；6.0；2.0；96.0；2.0；7.0；5.0；3.0；7.0；5.0；3.0；105.0；3.0；9.0；4.0；2.0；9.0；4.0；2.0；72.0；105.0,电池箱体进水,126.0,FailureMode；RPN,3,
66,66,PureLLM直接回答(qwen2.5:7b),无KG/RAG/CSV/规则系统,风险影响评估类,project_top_effect,,M2_规则推理,规则推理,中等,项目/功能“电池组箱体”里RPN最高的那条，它的后果是什么？,电池短路、电子器件失效或损坏、箱体生锈,根据题面信息，没有提供具体的失效模式及其对应的RPN值。因此，无法直接给出RPN最高的那条记录的后果。如果假设一个可能的情况，例如某个失效模式导致电池组箱体严重损坏，进而引发火灾，这种情况下可能导致人员伤亡和财产损失。但请注意，这仅是基于假设的一个示例，并非题面提供的具体信息。,错误,0.0,800.45,纯LLM直答,,0.0,0,0.0,0,电池短路、电子器件失效或损坏、箱体生锈,,,,,电池短路、电子器件失效或损坏、箱体生锈,,FailureEffect,3,
67,67,PureLLM直接回答(qwen2.5:7b),无KG/RAG/CSV/规则系统,故障原因诊断类,cause_code,,M1_编号直答,CSV直答,简单,FMEA编号“LFP004”这条的潜在失效原因/机理是什么？,电池箱体密封不严,根据题面提供的信息，“LFP004”这条记录的潜在失效原因是由于连接器接触不良。,错误,0.0,420.0,纯LLM直答,,0.0,0,,0,电池箱体密封不严,,,,,电池箱体密封不严,,,3,
68,68,PureLLM直接回答(qwen2.5:7b),无KG/RAG/CSV/规则系统,风险影响评估类,effect_code,,M1_编号直答,CSV直答,简单,FMEA编号“LFP004”这条的潜在失效后果是什么？,电池短路、电子器件失效或损坏、箱体生锈,根据题面提供的信息，“LFP004”这条的潜在失效后果是未给出具体细节。在实际的FMEA分析中，潜在失效后果需要详细描述具体的不良影响或结果。由于缺乏具体信息，无法提供确切的答案。,错误,0.0,620.9,纯LLM直答,,0.0,0,,0,电池短路、电子器件失效或损坏、箱体生锈,,,,,电池短路、电子器件失效或损坏、箱体生锈,,,3,
69,69,PureLLM直接回答(qwen2.5:7b),无KG/RAG/CSV/规则系统,风险影响评估类,rpn_code,,M1_编号直答,CSV直答,简单,FMEA编号“LFP004”这条的RPN是多少？,RPN=126.0,根据题面提供的信息，“LFP004”这条的RPN是12。,错误,0.0,377.91,纯LLM直答,,0.0,1,,0,,126.0,,,12.0,,126.0,RPN,3,
70,70,PureLLM直接回答(qwen2.5:7b),无KG/RAG/CSV/规则系统,风险影响评估类,s_code,,M1_编号直答,CSV直答,简单,FMEA编号“LFP004”这条的S是多少？,S=7.0,根据题面提供的信息，无法确定FMEA编号“LFP004”这条的S值。请提供更多的详细信息。,错误,0.0,439.47,纯LLM直答,,0.0,0,,0,,7.0,,,,,7.0,S,3,
71,71,PureLLM直接回答(qwen2.5:7b),无KG/RAG/CSV/规则系统,风险影响评估类,o_code,,M1_编号直答,CSV直答,简单,FMEA编号“LFP004”这条的O是多少？,O=3.0,题目中没有提供足够的信息来确定FMEA编号“LFP004”的O（严重度）值。请提供更多相关数据以获得准确答案。,错误,0.0,477.52,纯LLM直答,,0.0,0,,0,,3.0,,,,,3.0,O,3,
72,72,PureLLM直接回答(qwen2.5:7b),无KG/RAG/CSV/规则系统,风险影响评估类,d_code,,M1_编号直答,CSV直答,简单,FMEA编号“LFP004”这条的D是多少？,D=6.0,根据题面提供的信息，无法确定FMEA编号“LFP004”这条的D值。请提供更多的详细信息以获得准确的答案。,错误,0.0,434.93,纯LLM直答,,0.0,0,,0,,6.0,,,,,6.0,D,3,
73,73,PureLLM直接回答(qwen2.5:7b),无KG/RAG/CSV/规则系统,故障措施推荐类,action_code,,M1_编号直答,CSV直答,简单,FMEA编号“LFP004”这条的建议措施是什么？,现场做防水处理,"根据题面提供的信息，“LFP004”这条记录的建议措施是未给出具体细节。在实际的FMEA分析中，建议措施通常会详细说明如何预防或减轻失效模式的影响。但由于题面没有提供具体的建议措施内容，因此无法给出确切的答案。

建议措施可能包括但不限于：改进设计、增加检测步骤、使用更可靠的材料等。",错误,0.0,859.83,纯LLM直答,,0.0,0,,0,现场做防水处理,,,,,现场做防水处理,,RecommendedAction,3,
74,74,PureLLM直接回答(qwen2.5:7b),无KG/RAG/CSV/规则系统,故障原因诊断类,cause_mode,,M3_查询理解与语义检索增强,口语化/模糊检索,简单,失效模式“电池箱体进水”对应的潜在失效原因/机理是什么？,电池箱体密封不严,答案：电池箱体密封不良。,错误,0.0,284.4,纯LLM直答,,0.0,0,,0,电池箱体密封不严,,,,,电池箱体密封不严,,,3,
75,75,PureLLM直接回答(qwen2.5:7b),无KG/RAG/CSV/规则系统,风险影响评估类,effect_mode,,M3_查询理解与语义检索增强,口语化/模糊检索,简单,失效模式“电池箱体进水”对应的潜在失效后果是什么？,电池短路、电子器件失效或损坏、箱体生锈,答案：电气短路或火灾。,错误,0.0,271.98,纯LLM直答,,0.0,0,,0,电池短路、电子器件失效或损坏、箱体生锈,,,,,电池短路、电子器件失效或损坏、箱体生锈,,,3,
76,76,PureLLM直接回答(qwen2.5:7b),无KG/RAG/CSV/规则系统,风险影响评估类,rpn_mode,,M3_查询理解与语义检索增强,口语化/模糊检索,简单,失效模式“电池箱体进水”的RPN是多少？,RPN=126.0,"由于题面没有提供足够的信息来计算具体的RPN（风险优先级数），包括严重度（S）、发生频率（O）和检测难度（D）的具体数值，因此无法直接给出一个确切的RPN值。如果假设每个因素都处于中等水平，即S=6、O=4、D=5，则RPN的计算结果为：

\[ RPN = S \times O \times D = 6 \times 4 \times 5 = 120 \]

但请注意，这只是一个基于假设的示例值。实际的RPN需要根据具体的严重度评分、发生频率评分和检测难度评分来确定。",错误,0.0,1321.44,纯LLM直答,,0.0,1,,0,,126.0,,,6.0；4.0；5.0；6.0；4.0；5.0；120.0,,126.0,RPN,3,
77,77,PureLLM直接回答(qwen2.5:7b),无KG/RAG/CSV/规则系统,故障措施推荐类,action_mode,,M3_查询理解与语义检索增强,口语化/模糊检索,简单,失效模式“电池箱体进水”对应的建议措施是什么？,现场做防水处理,"对于失效模式“电池箱体进水”，建议措施可以包括：

1. 在设计阶段增加防水密封措施。
2. 采用更高防护等级的材料或结构。
3. 增加箱体内部干燥装置，如吸湿剂。
4. 定期检查并维护箱体密封性。
5. 提高环境监控系统，及时发现异常情况。

以上建议措施旨在减少电池箱体进水的可能性及其带来的影响。",错误,0.0,953.53,纯LLM直答,,0.0,1,,0,现场做防水处理,,,,1.0；2.0；3.0；4.0；5.0,现场做防水处理,,RecommendedAction,3,
78,78,PureLLM直接回答(qwen2.5:7b),无KG/RAG/CSV/规则系统,故障原因诊断类,cause_colloquial,,M3_查询理解与语义检索增强,口语化/模糊检索,中等,在项目/功能“电池组箱体”里，失效模式“电池箱体进水”这个问题，原因讲白一点是什么？,电池箱体密封不严,失效模式“电池箱体进水”的原因是由于防水密封不良或防护措施不到位导致水分进入电池箱体。,错误,0.0,421.37,纯LLM直答,,0.0,0,,0,电池箱体密封不严,,,,,电池箱体密封不严,,,3,
79,79,PureLLM直接回答(qwen2.5:7b),无KG/RAG/CSV/规则系统,风险影响评估类,effect_colloquial,,M3_查询理解与语义检索增强,口语化/模糊检索,中等,在项目/功能“电池组箱体”里，失效模式“电池箱体进水”最后会带来什么后果？,电池短路、电子器件失效或损坏、箱体生锈,答案：可能会导致电池短路、性能下降或损坏。,错误,0.0,298.77,纯LLM直答,,0.0,0,,0,电池短路、电子器件失效或损坏、箱体生锈,,,,,电池短路、电子器件失效或损坏、箱体生锈,,,3,
80,80,PureLLM直接回答(qwen2.5:7b),无KG/RAG/CSV/规则系统,故障措施推荐类,action_colloquial,,M3_查询理解与语义检索增强,口语化/模糊检索,中等,在项目/功能“电池组箱体”里，失效模式“电池箱体进水”一般怎么处理？,现场做防水处理,"针对项目/功能“电池组箱体”里的失效模式“电池箱体进水”，一般可以采取以下措施进行处理：

1. **防水设计优化**：
   - 在设计阶段增加防水密封材料，确保箱体的各个接口和缝隙处能够有效防止水分侵入。

2. **排水系统设置**：
   - 设计并安装有效的排水通道或装置，以便在箱体内进水时能及时排出，减少积水对电池的影响。

3. **环境监控与报警机制**：
   - 安装湿度传感器等监测设备，实时检测箱体内部的湿度情况，并在达到预设阈值时触发警报系统，提醒相关人员采取措施。

4. **定期维护检查**：
   - 制定定期检查计划，对电池组箱体进行外观和密封性的检查，及时发现并修复可能存在的渗漏点。

5. **应急处理方案**：
   - 准备相应的应急处理预案，在发生进水情况时能够迅速响应，减少损失。例如使用干燥设备快速降低内部湿度等。

通过上述措施可以有效预防或减轻“电池箱体进水”带来的潜在风险和后果。",错误,0.0,2173.86,纯LLM直答,,0.0,1,,0,现场做防水处理,,,,1.0；2.0；3.0；4.0；5.0,现场做防水处理,,,3,
81,81,PureLLM直接回答(qwen2.5:7b),无KG/RAG/CSV/规则系统,风险影响评估类,risk_colloquial,,M3_查询理解与语义检索增强,口语化/模糊检索,中等,在项目/功能“电池组箱体”里，失效模式“电池箱体进水”的风险最后会体现成什么？,电池短路、电子器件失效或损坏、箱体生锈,在项目/功能“电池组箱体”里，失效模式“电池箱体进水”的风险最后会体现在安全性能下降和可能的短路或火灾等严重后果上。,错误,0.0,535.1,纯LLM直答,,0.0,0,,0,电池短路、电子器件失效或损坏、箱体生锈,,,,,电池短路、电子器件失效或损坏、箱体生锈,,,3,
82,82,PureLLM直接回答(qwen2.5:7b),无KG/RAG/CSV/规则系统,故障原因诊断类,cause_bool,,M4_证据裁决,证据裁决,简单,FMEA编号“LFP004”对应的原因是否就是“电池箱体密封不严”？,是,"根据题面提供的信息，“FMEA编号‘LFP004’对应的原因是否就是‘电池箱体密封不严’？”这一问题无法直接作答，因为题面没有提供足够的背景信息或直接关联。如果要给出一个可能的答案，可以假设“电池箱体密封不严”是可能导致该编号失效模式的一个原因。

因此，回答可能是肯定的，但前提是需要更多的上下文来确认这一点。如果没有更多具体信息，则不能确定这是唯一的原因或者唯一的对应关系。",错误,0.0,1059.03,纯LLM直答,,,0,,0,是/否判断,,,,,,,是/否判断,3,
83,83,PureLLM直接回答(qwen2.5:7b),无KG/RAG/CSV/规则系统,风险影响评估类,risk_bool,,M4_证据裁决,证据裁决,简单,FMEA编号“LFP004”对应的后果是否就是“电池短路、电子器件失效或损坏、箱体生锈”？,是,"根据题面提供的信息，“FMEA编号‘LFP004’对应的后果是否就是‘电池短路、电子器件失效或损坏、箱体生锈’？”这一问题没有直接给出足够的背景信息来确定这些具体后果是否完全准确。因此，基于现有信息，无法给出肯定或否定的答案。

如果需要确认这些具体的后果，可能需要参考更详细的FMEA文档或其他相关资料以获取准确的信息。",错误,0.0,942.24,纯LLM直答,,,0,,0,是/否判断,,,,,,,是/否判断,3,
84,84,PureLLM直接回答(qwen2.5:7b),无KG/RAG/CSV/规则系统,风险影响评估类,mode_project_bool,,M4_证据裁决,证据裁决,简单,失效模式“电池箱体进水”是不是出现在项目/功能“电池组箱体”里？,是,是。失效模式“电池箱体进水”出现在项目/功能“电池组箱体”里。,正确,1.0,372.36,纯LLM直答,,,0,,0,,,,,,,,是/否判断,3,
85,85,PureLLM直接回答(qwen2.5:7b),无KG/RAG/CSV/规则系统,风险影响评估类,risk_mode_code,,M3_查询理解与语义检索增强,口语化/模糊检索,简单,失效模式“电池箱体进水”对应的FMEA编号是什么？,LFP004,题目中没有提供足够的信息来确定具体的FMEA编号。请参考相关文档或数据以获取准确的FMEA编号。,错误,0.0,422.6,纯LLM直答,,0.0,0,,0,LFP004,,,,,LFP004,,FmeaID,3,
86,86,PureLLM直接回答(qwen2.5:7b),无KG/RAG/CSV/规则系统,风险影响评估类,risk_mode_project,,M3_查询理解与语义检索增强,口语化/模糊检索,简单,在项目/功能“电池组箱体”里，失效模式“电池箱体进水”的后果是什么？,电池短路、电子器件失效或损坏、箱体生锈,答案：电池箱体进水可能导致电池短路、腐蚀加速以及影响电池性能和安全。具体后果可能包括电气故障、设备损坏、甚至引发火灾或爆炸。,错误,0.0,510.47,纯LLM直答,,0.0,0,,0,电池短路、电子器件失效或损坏、箱体生锈,,,,,电池短路、电子器件失效或损坏、箱体生锈,,,3,
87,87,PureLLM直接回答(qwen2.5:7b),无KG/RAG/CSV/规则系统,故障原因诊断类,cause_code,,M1_编号直答,CSV直答,简单,FMEA编号“LFP005”这条的潜在失效原因/机理是什么？,电池箱体密封不严,根据题面提供的信息，“LFP005”这条记录的潜在失效原因是由于连接器接触不良。,错误,0.0,404.29,纯LLM直答,,0.0,0,,0,电池箱体密封不严,,,,,电池箱体密封不严,,,4,
88,88,PureLLM直接回答(qwen2.5:7b),无KG/RAG/CSV/规则系统,风险影响评估类,effect_code,,M1_编号直答,CSV直答,简单,FMEA编号“LFP005”这条的潜在失效后果是什么？,电子器件失效或损坏、影响电池组散热,根据题面信息，“LFP005”这条的潜在失效后果是未提供的。请提供更多的详细信息以便给出准确的答案。,错误,0.0,431.17,纯LLM直答,,0.0,0,,0,电子器件失效或损坏、影响电池组散热,,,,,电子器件失效或损坏、影响电池组散热,,,4,
89,89,PureLLM直接回答(qwen2.5:7b),无KG/RAG/CSV/规则系统,风险影响评估类,rpn_code,,M1_编号直答,CSV直答,简单,FMEA编号“LFP005”这条的RPN是多少？,RPN=84.0,根据题面提供的信息，“LFP005”这条的RPN是12。,错误,0.0,373.12,纯LLM直答,,0.0,1,,0,,84.0,,,12.0,,84.0,RPN,4,
90,90,PureLLM直接回答(qwen2.5:7b),无KG/RAG/CSV/规则系统,风险影响评估类,s_code,,M1_编号直答,CSV直答,简单,FMEA编号“LFP005”这条的S是多少？,S=7.0,题目中没有提供足够的信息来确定FMEA编号“LFP005”的S值。请提供更多相关数据或上下文。,错误,0.0,439.81,纯LLM直答,,0.0,0,,0,,7.0,,,,,7.0,S,4,
91,91,PureLLM直接回答(qwen2.5:7b),无KG/RAG/CSV/规则系统,风险影响评估类,o_code,,M1_编号直答,CSV直答,简单,FMEA编号“LFP005”这条的O是多少？,O=2.0,题目中没有提供足够的信息来确定FMEA编号“LFP005”的O（严重度）值。请提供更多相关数据以获得准确答案。,错误,0.0,478.27,纯LLM直答,,0.0,0,,0,,2.0,,,,,2.0,O,4,
92,92,PureLLM直接回答(qwen2.5:7b),无KG/RAG/CSV/规则系统,风险影响评估类,d_code,,M1_编号直答,CSV直答,简单,FMEA编号“LFP005”这条的D是多少？,D=6.0,根据题面提供的信息，无法确定FMEA编号“LFP005”对应的D值。请提供更多的细节或上下文以便给出准确的答案。,错误,0.0,480.4,纯LLM直答,,0.0,0,,0,,6.0,,,,,6.0,D,4,
93,93,PureLLM直接回答(qwen2.5:7b),无KG/RAG/CSV/规则系统,故障措施推荐类,action_code,,M1_编号直答,CSV直答,简单,FMEA编号“LFP005”这条的建议措施是什么？,现场做防尘处理,"根据题面提供的信息，“LFP005”这条记录的建议措施是未给出具体细节。在实际的FMEA分析中，建议措施通常会详细描述为解决失效模式所采取的具体步骤或改进方案。但由于题面没有提供具体的建议措施内容，因此无法给出确切的答案。

建议措施可能包括但不限于：设计更改、过程调整、增加检测手段等。",错误,0.0,886.93,纯LLM直答,,0.0,0,,0,现场做防尘处理,,,,,现场做防尘处理,,RecommendedAction,4,
94,94,PureLLM直接回答(qwen2.5:7b),无KG/RAG/CSV/规则系统,故障原因诊断类,cause_mode,,M3_查询理解与语义检索增强,口语化/模糊检索,简单,失效模式“电池箱体进灰尘”对应的潜在失效原因/机理是什么？,电池箱体密封不严,"失效模式“电池箱体进灰尘”的潜在失效原因是：

1. 箱体密封性不足；
2. 外部环境灰尘进入。",错误,0.0,444.12,纯LLM直答,,0.0,1,,0,电池箱体密封不严,,,,1.0；2.0,电池箱体密封不严,,,4,
95,95,PureLLM直接回答(qwen2.5:7b),无KG/RAG/CSV/规则系统,风险影响评估类,effect_mode,,M3_查询理解与语义检索增强,口语化/模糊检索,简单,失效模式“电池箱体进灰尘”对应的潜在失效后果是什么？,电子器件失效或损坏、影响电池组散热,答案：腐蚀、短路、性能下降,错误,0.0,280.45,纯LLM直答,,0.0,0,,0,电子器件失效或损坏、影响电池组散热,,,,,电子器件失效或损坏、影响电池组散热,,,4,
96,96,PureLLM直接回答(qwen2.5:7b),无KG/RAG/CSV/规则系统,风险影响评估类,rpn_mode,,M3_查询理解与语义检索增强,口语化/模糊检索,简单,失效模式“电池箱体进灰尘”的RPN是多少？,RPN=84.0,"由于题面没有提供足够的信息来计算具体的RPN（风险优先级数），包括严重度(S)、发生频率(O)和检测难度(D)的具体数值，因此无法直接给出一个确切的RPN值。如果假设每个因素都处于中等水平，即S=6, O=6, D=6，则RPN = 6 * 6 * 6 = 216。但请注意，实际的RPN需要根据具体情况进行评估。",错误,0.0,997.24,纯LLM直答,,0.0,1,,0,,84.0,,,6.0；6.0；6.0；6.0；6.0；6.0；216.0,,84.0,RPN,4,
97,97,PureLLM直接回答(qwen2.5:7b),无KG/RAG/CSV/规则系统,故障措施推荐类,action_mode,,M3_查询理解与语义检索增强,口语化/模糊检索,简单,失效模式“电池箱体进灰尘”对应的建议措施是什么？,现场做防尘处理,"对于失效模式“电池箱体进灰尘”的建议措施是：

1. 定期清洁电池箱体，防止灰尘积累。
2. 在电池箱体的开口处加装防尘网或密封件，减少灰尘进入。",错误,0.0,608.15,纯LLM直答,,0.0,1,,0,现场做防尘处理,,,,1.0；2.0,现场做防尘处理,,RecommendedAction,4,
98,98,PureLLM直接回答(qwen2.5:7b),无KG/RAG/CSV/规则系统,故障原因诊断类,cause_colloquial,,M3_查询理解与语义检索增强,口语化/模糊检索,中等,在项目/功能“电池组箱体”里，失效模式“电池箱体进灰尘”这个问题，原因讲白一点是什么？,电池箱体密封不严,失效模式“电池箱体进灰尘”的原因是由于密封不严或防护措施不足导致灰尘进入电池箱体内部。,错误,0.0,412.7,纯LLM直答,,0.0,0,,0,电池箱体密封不严,,,,,电池箱体密封不严,,,4,
99,99,PureLLM直接回答(qwen2.5:7b),无KG/RAG/CSV/规则系统,风险影响评估类,effect_colloquial,,M3_查询理解与语义检索增强,口语化/模糊检索,中等,在项目/功能“电池组箱体”里，失效模式“电池箱体进灰尘”最后会带来什么后果？,电子器件失效或损坏、影响电池组散热,答案：可能会导致电池散热不良，影响电池性能，甚至引发安全问题。,错误,0.0,340.26,纯LLM直答,,0.0,0,,0,电子器件失效或损坏、影响电池组散热,,,,,电子器件失效或损坏、影响电池组散热,,,4,
100,100,PureLLM直接回答(qwen2.5:7b),无KG/RAG/CSV/规则系统,故障措施推荐类,action_colloquial,,M3_查询理解与语义检索增强,口语化/模糊检索,中等,在项目/功能“电池组箱体”里，失效模式“电池箱体进灰尘”一般怎么处理？,现场做防尘处理,"针对项目/功能“电池组箱体”里的失效模式“电池箱体进灰尘”，一般可以采取以下措施进行处理：

1. **清洁**：定期对电池箱体内部和外部进行清洁，去除积聚的灰尘。
2. **密封检查与修复**：检查箱体的密封部位是否完好，如有损坏应及时修复或更换密封件。
3. **防尘设计优化**：在设计阶段考虑增加防尘网或其他防尘措施，减少灰尘进入的可能性。

这些措施有助于降低电池箱体内进灰尘的风险，从而保护电池组的安全和性能。",错误,0.0,1198.2,纯LLM直答,,0.0,1,,0,现场做防尘处理,,,,1.0；2.0；3.0,现场做防尘处理,,,4,
101,101,PureLLM直接回答(qwen2.5:7b),无KG/RAG/CSV/规则系统,风险影响评估类,risk_colloquial,,M3_查询理解与语义检索增强,口语化/模糊检索,中等,在项目/功能“电池组箱体”里，失效模式“电池箱体进灰尘”的风险最后会体现成什么？,电子器件失效或损坏、影响电池组散热,"在项目/功能“电池组箱体”里，失效模式“电池箱体进灰尘”的风险最后可能会体现在性能下降、维护成本增加以及安全风险上。具体来说：

1. **S（严重度）**：可能导致电池散热不良，影响电池寿命和性能。
2. **O（发生频度）**：取决于环境条件和维护频率，可能较低但不为零。
3. **D（检测难易度）**：较难检测，因为灰尘积累是一个渐进过程。

综合以上因素，该失效模式的风险评价值（RPN = S × O × D）可能会相对较高。",错误,0.0,1278.14,纯LLM直答,,0.0,1,,0,电子器件失效或损坏、影响电池组散热,,,,1.0；2.0；3.0,电子器件失效或损坏、影响电池组散热,,,4,
102,102,PureLLM直接回答(qwen2.5:7b),无KG/RAG/CSV/规则系统,故障原因诊断类,cause_bool,,M4_证据裁决,证据裁决,简单,FMEA编号“LFP005”对应的原因是否就是“电池箱体密封不严”？,是,根据题面提供的信息，“FMEA编号‘LFP005’对应的原因是否就是‘电池箱体密封不严’？”这一问题无法直接作答，因为题面没有提供足够的背景信息来确认这一点。请提供更多相关细节以便准确回答该问题。,错误,0.0,692.35,纯LLM直答,,,0,,0,是/否判断,,,,,,,是/否判断,4,
103,103,PureLLM直接回答(qwen2.5:7b),无KG/RAG/CSV/规则系统,风险影响评估类,risk_bool,,M4_证据裁决,证据裁决,简单,FMEA编号“LFP005”对应的后果是否就是“电子器件失效或损坏、影响电池组散热”？,是,"根据题面提供的信息，“FMEA编号‘LFP005’对应的后果是否就是‘电子器件失效或损坏、影响电池组散热’？”这一问题没有直接给出足够的背景信息来确定具体后果。因此，基于现有信息，无法给出肯定或否定的答案。

如果假设“电子器件失效或损坏、影响电池组散热”是可能的后果之一，则可以认为该描述可能是LFP005编号下的一个潜在后果。但为了准确回答此问题，需要更多关于FMEA编号LFP005的具体信息。",错误,0.0,1130.49,纯LLM直答,,,0,,0,是/否判断,,,,,,,是/否判断,4,
104,104,PureLLM直接回答(qwen2.5:7b),无KG/RAG/CSV/规则系统,风险影响评估类,mode_project_bool,,M4_证据裁决,证据裁决,简单,失效模式“电池箱体进灰尘”是不是出现在项目/功能“电池组箱体”里？,是,是。失效模式“电池箱体进灰尘”出现在项目/功能“电池组箱体”里。,正确,1.0,389.14,纯LLM直答,,,0,,0,,,,,,,,是/否判断,4,
105,105,PureLLM直接回答(qwen2.5:7b),无KG/RAG/CSV/规则系统,风险影响评估类,risk_mode_code,,M3_查询理解与语义检索增强,口语化/模糊检索,简单,失效模式“电池箱体进灰尘”对应的FMEA编号是什么？,LFP005,题目中未提供足够的信息来确定具体的FMEA编号。请参考实际的FMEA文档以获取准确的编号。,错误,0.0,434.0,纯LLM直答,,0.0,0,,0,LFP005,,,,,LFP005,,FmeaID,4,
106,106,PureLLM直接回答(qwen2.5:7b),无KG/RAG/CSV/规则系统,风险影响评估类,risk_mode_project,,M3_查询理解与语义检索增强,口语化/模糊检索,简单,在项目/功能“电池组箱体”里，失效模式“电池箱体进灰尘”的后果是什么？,电子器件失效或损坏、影响电池组散热,答案：电池箱体进灰尘可能导致内部电路短路或腐蚀，进而影响电池性能和安全。具体后果可能包括电池容量下降、发热增加、甚至引发火灾等。,错误,0.0,516.74,纯LLM直答,,0.0,0,,0,电子器件失效或损坏、影响电池组散热,,,,,电子器件失效或损坏、影响电池组散热,,,4,
107,107,PureLLM直接回答(qwen2.5:7b),无KG/RAG/CSV/规则系统,故障原因诊断类,cause_code,,M1_编号直答,CSV直答,简单,FMEA编号“LFP006”这条的潜在失效原因/机理是什么？,电池组间隙大电池受到挤压碰撞震动,根据题面提供的信息，“LFP006”这条记录的潜在失效原因是由于连接器接触不良。,错误,0.0,414.24,纯LLM直答,,0.0,0,,0,电池组间隙大电池受到挤压碰撞震动,,,,,电池组间隙大电池受到挤压碰撞震动,,,5,
108,108,PureLLM直接回答(qwen2.5:7b),无KG/RAG/CSV/规则系统,风险影响评估类,effect_code,,M1_编号直答,CSV直答,简单,FMEA编号“LFP006”这条的潜在失效后果是什么？,安全事故,根据题面提供的信息，“LFP006”这条的潜在失效后果是未给出具体细节。在实际的FMEA分析中，潜在失效后果需要详细描述具体的不良影响或结果。由于缺乏具体信息，无法提供准确的答案。,错误,0.0,631.57,纯LLM直答,,0.0,0,,0,安全事故,,,,,安全事故,,,5,
109,109,PureLLM直接回答(qwen2.5:7b),无KG/RAG/CSV/规则系统,风险影响评估类,rpn_code,,M1_编号直答,CSV直答,简单,FMEA编号“LFP006”这条的RPN是多少？,RPN=108.0,根据题面提供的信息，无法确定FMEA编号“LFP006”的RPN值。请提供失效模式、严重度（S）、发生频率（O）和探测度（D）的具体数值以计算RPN。,错误,0.0,618.27,纯LLM直答,,0.0,0,,0,,108.0,,,,,108.0,RPN,5,
110,110,PureLLM直接回答(qwen2.5:7b),无KG/RAG/CSV/规则系统,风险影响评估类,s_code,,M1_编号直答,CSV直答,简单,FMEA编号“LFP006”这条的S是多少？,S=9.0,根据题面提供的信息，无法确定FMEA编号“LFP006”这条的S值。请提供更多的详细信息。,错误,0.0,438.96,纯LLM直答,,0.0,0,,0,,9.0,,,,,9.0,S,5,
111,111,PureLLM直接回答(qwen2.5:7b),无KG/RAG/CSV/规则系统,风险影响评估类,o_code,,M1_编号直答,CSV直答,简单,FMEA编号“LFP006”这条的O是多少？,O=2.0,题目中没有提供足够的信息来确定FMEA编号“LFP006”的O（严重度）值。请提供更多相关数据以获得准确答案。,错误,0.0,483.5,纯LLM直答,,0.0,0,,0,,2.0,,,,,2.0,O,5,
112,112,PureLLM直接回答(qwen2.5:7b),无KG/RAG/CSV/规则系统,风险影响评估类,d_code,,M1_编号直答,CSV直答,简单,FMEA编号“LFP006”这条的D是多少？,D=6.0,根据题面提供的信息，无法确定FMEA编号“LFP006”对应的D值。请提供更多的细节或上下文以便给出准确的答案。,正确,1.0,479.73,纯LLM直答,,0.0,0,,0,,,6.0,,,,6.0,D,5,
113,113,PureLLM直接回答(qwen2.5:7b),无KG/RAG/CSV/规则系统,故障措施推荐类,action_code,,M1_编号直答,CSV直答,简单,FMEA编号“LFP006”这条的建议措施是什么？,现场做防震处理,"根据题面提供的信息，“LFP006”这条记录的建议措施是未给出具体细节。在实际的FMEA分析中，建议措施通常会详细说明如何预防或减轻失效模式的影响。但由于没有具体的数值和内容可供参考，我无法提供更详细的答案。

建议措施可能包括但不限于：
- 设计更改
- 过程控制改进
- 增加检测频率
- 提供培训

请根据实际情况补充具体信息。",错误,0.0,990.01,纯LLM直答,,0.0,0,,0,现场做防震处理,,,,,现场做防震处理,,RecommendedAction,5,
114,114,PureLLM直接回答(qwen2.5:7b),无KG/RAG/CSV/规则系统,故障原因诊断类,cause_mode,,M3_查询理解与语义检索增强,口语化/模糊检索,简单,失效模式“电池组漏液”对应的潜在失效原因/机理是什么？,电池组间隙大电池受到挤压碰撞震动,"失效模式“电池组漏液”的潜在失效原因/机理可能包括：

1. 电池密封不良；
2. 材料老化导致的物理损坏；
3. 过热引起的膨胀或收缩；
4. 制造缺陷或工艺不当。",错误,0.0,606.07,纯LLM直答,,0.0,1,,0,电池组间隙大电池受到挤压碰撞震动,,,,1.0；2.0；3.0；4.0,电池组间隙大电池受到挤压碰撞震动,,,5,
115,115,PureLLM直接回答(qwen2.5:7b),无KG/RAG/CSV/规则系统,风险影响评估类,effect_mode,,M3_查询理解与语义检索增强,口语化/模糊检索,简单,失效模式“电池组漏液”对应的潜在失效后果是什么？,安全事故,答案：腐蚀、火灾爆炸、环境污染。,错误,0.0,295.72,纯LLM直答,,0.0,0,,0,安全事故,,,,,安全事故,,,5,
116,116,PureLLM直接回答(qwen2.5:7b),无KG/RAG/CSV/规则系统,风险影响评估类,rpn_mode,,M3_查询理解与语义检索增强,口语化/模糊检索,简单,失效模式“电池组漏液”的RPN是多少？,RPN=108.0,"由于题面没有提供足够的信息来计算具体的RPN（风险优先级数），包括严重度（S）、发生频率（O）和检测难度（D）的具体数值，因此无法直接给出一个确切的RPN值。如果假设每个因素都处于中等水平，即S=6、O=6、D=6，则RPN的计算结果为：

\[ RPN = S \times O \times D = 6 \times 6 \times 6 = 216 \]

但请注意，这只是一个基于假设的示例值。实际的RPN需要根据具体的风险评估数据来确定。",错误,0.0,1251.51,纯LLM直答,,0.0,1,,0,,108.0,,,6.0；6.0；6.0；6.0；6.0；6.0；216.0,,108.0,RPN,5,
117,117,PureLLM直接回答(qwen2.5:7b),无KG/RAG/CSV/规则系统,故障措施推荐类,action_mode,,M3_查询理解与语义检索增强,口语化/模糊检索,简单,失效模式“电池组漏液”对应的建议措施是什么？,现场做防震处理,"对于失效模式“电池组漏液”，建议措施可以包括：

1. 立即隔离故障设备，防止液体扩散。
2. 使用吸水材料吸收泄漏的电解液。
3. 清理现场，避免滑倒等安全事故。
4. 检查并确认是否有其他部件受损。
5. 通知相关人员进行进一步检查和维修。
6. 记录事件，分析原因，预防类似情况再次发生。

以上建议措施仅供参考。",错误,0.0,991.42,纯LLM直答,,0.0,1,,0,现场做防震处理,,,,1.0；2.0；3.0；4.0；5.0；6.0,现场做防震处理,,RecommendedAction,5,
118,118,PureLLM直接回答(qwen2.5:7b),无KG/RAG/CSV/规则系统,故障原因诊断类,cause_colloquial,,M3_查询理解与语义检索增强,口语化/模糊检索,中等,在项目/功能“电池组箱体”里，失效模式“电池组漏液”这个问题，原因讲白一点是什么？,电池组间隙大电池受到挤压碰撞震动,失效模式“电池组漏液”的原因是电池内部电解液泄漏到外部环境。,错误,0.0,363.59,纯LLM直答,,0.0,0,,0,电池组间隙大电池受到挤压碰撞震动,,,,,电池组间隙大电池受到挤压碰撞震动,,,5,
119,119,PureLLM直接回答(qwen2.5:7b),无KG/RAG/CSV/规则系统,风险影响评估类,effect_colloquial,,M3_查询理解与语义检索增强,口语化/模糊检索,中等,在项目/功能“电池组箱体”里，失效模式“电池组漏液”最后会带来什么后果？,安全事故,答案：可能会导致火灾或爆炸。,错误,0.0,285.84,纯LLM直答,,0.0,0,,0,安全事故,,,,,安全事故,,,5,
120,120,PureLLM直接回答(qwen2.5:7b),无KG/RAG/CSV/规则系统,故障措施推荐类,action_colloquial,,M3_查询理解与语义检索增强,口语化/模糊检索,中等,在项目/功能“电池组箱体”里，失效模式“电池组漏液”一般怎么处理？,现场做防震处理,"对于项目/功能“电池组箱体”中失效模式“电池组漏液”的处理，通常包括以下几个步骤：

1. **立即采取行动**：一旦发现电池组有漏液现象，应立即停止相关设备的运行，并将问题报告给相关人员。

2. **隔离故障部件**：迅速将发生漏液的电池组箱体与其他正常工作的组件隔离开来，以防止事故范围扩大。

3. **清理泄漏物**：使用适当的工具和材料（如吸油纸、抹布等）清理地面或设备上的电解液残留。注意个人防护措施，避免直接接触电解液。

4. **检查并评估损害程度**：对受损区域进行详细检查，确定漏液的具体位置及影响范围，并评估是否需要更换相关部件。

5. **制定维修计划**：根据实际情况制定详细的修理方案或更换计划，确保所有必要的材料和工具都已准备就绪。

6. **记录事件详情**：将此次事故的处理过程、采取措施等详细信息记录下来，作为后续改进工作的参考依据。

7. **进行根本原因分析（FMEA）**：通过失效模式与效应分析(FMEA)来识别导致漏液的根本原因，并据此提出预防措施以避免未来再次发生类似问题。",错误,0.0,2304.88,纯LLM直答,,0.0,1,,0,现场做防震处理,,,,1.0；2.0；3.0；4.0；5.0；6.0；7.0,现场做防震处理,,,5,
121,121,PureLLM直接回答(qwen2.5:7b),无KG/RAG/CSV/规则系统,风险影响评估类,risk_colloquial,,M3_查询理解与语义检索增强,口语化/模糊检索,中等,在项目/功能“电池组箱体”里，失效模式“电池组漏液”的风险最后会体现成什么？,安全事故,在项目/功能“电池组箱体”里，失效模式“电池组漏液”的风险最后会体现在安全性能下降。,错误,0.0,412.95,纯LLM直答,,0.0,0,,0,安全事故,,,,,安全事故,,,5,
122,122,PureLLM直接回答(qwen2.5:7b),无KG/RAG/CSV/规则系统,故障原因诊断类,cause_bool,,M4_证据裁决,证据裁决,简单,FMEA编号“LFP006”对应的原因是否就是“电池组间隙大电池受到挤压碰撞震动”？,是,"根据题面提供的信息，“FMEA编号‘LFP006’对应的原因是否就是‘电池组间隙大电池受到挤压碰撞震动’？”这一问题无法直接得出结论，因为题面没有提供足够的信息来确认这一点。通常情况下，FMEA（失效模式与效应分析）中的原因需要通过详细的分析和数据支持来确定。

如果要给出一个可能的答案，可以假设“LFP006”对应的原因是“电池组间隙大导致电池受到挤压、碰撞或震动”，但这仅是一种推测，并非基于题面信息的直接答案。",错误,0.0,1167.82,纯LLM直答,,,0,,0,是/否判断,,,,,,,是/否判断,5,
123,123,PureLLM直接回答(qwen2.5:7b),无KG/RAG/CSV/规则系统,风险影响评估类,risk_bool,,M4_证据裁决,证据裁决,简单,FMEA编号“LFP006”对应的后果是否就是“安全事故”？,是,"根据题面提供的信息，“FMEA编号‘LFP006’对应的后果是否就是‘安全事故’”这一问题，没有给出足够的背景信息或直接说明。因此，基于现有信息，无法确定“LFP006”的具体后果是什么。

如果需要判断其是否为“安全事故”，通常需要查阅具体的FMEA文档或者进一步的信息来确认。在没有更多信息的情况下，不能直接得出结论说“LFP006”对应的后果就是“安全事故”。",错误,0.0,985.06,纯LLM直答,,,0,,0,是/否判断,,,,,,,是/否判断,5,
124,124,PureLLM直接回答(qwen2.5:7b),无KG/RAG/CSV/规则系统,风险影响评估类,mode_project_bool,,M4_证据裁决,证据裁决,简单,失效模式“电池组漏液”是不是出现在项目/功能“电池组箱体”里？,是,是。失效模式“电池组漏液”通常与项目/功能“电池组箱体”相关，因为漏液问题可能源于箱体的密封或其他设计缺陷。,正确,1.0,518.48,纯LLM直答,,,0,,0,,,,,,,,是/否判断,5,
125,125,PureLLM直接回答(qwen2.5:7b),无KG/RAG/CSV/规则系统,风险影响评估类,risk_mode_code,,M3_查询理解与语义检索增强,口语化/模糊检索,简单,失效模式“电池组漏液”对应的FMEA编号是什么？,LFP006,题目中没有提供足够的信息来确定具体的FMEA编号。请参考相关文档或数据以获取准确的FMEA编号。,错误,0.0,405.79,纯LLM直答,,0.0,0,,0,LFP006,,,,,LFP006,,FmeaID,5,
126,126,PureLLM直接回答(qwen2.5:7b),无KG/RAG/CSV/规则系统,风险影响评估类,risk_mode_project,,M3_查询理解与语义检索增强,口语化/模糊检索,简单,在项目/功能“电池组箱体”里，失效模式“电池组漏液”的后果是什么？,安全事故,答案：电池组箱体内的电子元件可能因腐蚀而损坏，导致整个电池组性能下降或失效。此外，漏液可能会引发火灾或爆炸等安全事故。,正确,1.0,505.84,纯LLM直答,,0.0,0,,0,,,,,,安全事故,,,5,
127,127,PureLLM直接回答(qwen2.5:7b),无KG/RAG/CSV/规则系统,风险影响评估类,project_avg_rpn,,M2_规则推理,规则推理,中等,项目/功能“绝缘注塑件”的平均RPN是多少？,平均RPN=20.00,"题目中没有提供具体的FMEA表格或相关数据，因此无法直接计算出“绝缘注塑件”项目的平均RPN值。如果需要进行计算，通常需要失效模式、严重度（S）、发生频率（O）和检测难度（D）的具体数值。

假设我们有以下简化数据作为示例：
- 失效模式1：严重度S=9
- 失效模式2：严重度S=7
- 失效模式3：严重度S=5

同样地，假设发生频率O和检测难度D分别为：
- O=6, D=4
- O=8, D=3
- O=4, D=RPN=24

那么RPN值计算如下：
1. RPN1 = S * O * D = 9 * 6 * 4 = 216
2. RPN2 = S * O * D = 7 * 8 * 3 = 168
3. RPN3 = S * O * D = 5 * 4 * 1 = 20

平均RPN值为：(216 + 168 + 20) / 3 ≈ 132

请注意，以上数据仅为示例，并非实际项目数据。",正确,1.0,2366.91,纯LLM直答,,0.0,1,,0,,,20.0；20.0,RPN1；RPN2；RPN3,1.0；9.0；2.0；7.0；3.0；5.0；6.0；4.0；8.0；3.0；4.0；24.0；1.0；1.0；9.0；6.0；4.0；216.0；2.0；2.0；7.0；8.0；3.0；168.0；3.0；3.0；5.0；4.0；1.0；216.0；168.0；3.0；132.0,,20.0,RPN,6,
128,128,PureLLM直接回答(qwen2.5:7b),无KG/RAG/CSV/规则系统,风险影响评估类,project_top_mode,,M2_规则推理,规则推理,中等,项目/功能“绝缘注塑件”里RPN最高的失效模式是什么？,注塑件起火；RPN=20.0,"由于题面没有提供具体的FMEA表格或数据，我将基于一般情况给出一个假设的答案。在实际的FMEA分析中，RPN（风险优先级数）是通过严重度(S)、发生频率(O)和检测难度(D)三个因素乘积得出的。

假设“绝缘注塑件”的失效模式及其S、O、D评分如下：

1. 失效模式A：严重度8，发生频率6，检测难度5
2. 失效模式B：严重度9，发生频率4，检测难度7

计算RPN：
- 失效模式A的RPN = 8 * 6 * 5 = 240
- 失效模式B的RPN = 9 * 4 * 7 = 252

根据上述假设数据，RPN最高的失效模式是失效模式B。

答案：项目/功能“绝缘注塑件”里RPN最高的失效模式是失效模式B。",错误,0.0,1817.56,纯LLM直答,,0.0,1,,0,注塑件起火,20.0,,,1.0；8.0；6.0；5.0；2.0；9.0；4.0；7.0；8.0；6.0；5.0；240.0；9.0；4.0；7.0；252.0,注塑件起火,20.0,FailureMode；RPN,6,
129,129,PureLLM直接回答(qwen2.5:7b),无KG/RAG/CSV/规则系统,风险影响评估类,project_top_effect,,M2_规则推理,规则推理,中等,项目/功能“绝缘注塑件”里RPN最高的那条，它的后果是什么？,安全事故,"由于题面没有提供具体的失效模式及其后果数据，我将基于一般情况给出一个假设的答案。在实际应用中，RPN（风险优先级数）是通过严重度(S)、发生频率(O)和检测难度(D)三个因素的乘积来计算的。

假设“绝缘注塑件”项目中有一条失效模式具有最高的RPN值，那么它的后果可能是：

4. 产品在使用过程中可能会导致短路，造成设备损坏或安全隐患。",错误,0.0,1002.07,纯LLM直答,,0.0,1,0.0,0,安全事故,,,,4.0,安全事故,,FailureEffect,6,
130,130,PureLLM直接回答(qwen2.5:7b),无KG/RAG/CSV/规则系统,故障原因诊断类,cause_code,,M1_编号直答,CSV直答,简单,FMEA编号“LFP007”这条的潜在失效原因/机理是什么？,绝缘注塑件不阻燃,根据题面提供的信息，“LFP007”这条记录的潜在失效原因是由于连接器接触不良。,错误,0.0,410.18,纯LLM直答,,0.0,0,,0,绝缘注塑件不阻燃,,,,,绝缘注塑件不阻燃,,,6,
131,131,PureLLM直接回答(qwen2.5:7b),无KG/RAG/CSV/规则系统,风险影响评估类,effect_code,,M1_编号直答,CSV直答,简单,FMEA编号“LFP007”这条的潜在失效后果是什么？,安全事故,根据题面信息，“LFP007”这条的潜在失效后果是未提供的。请提供更多的详细信息以便给出准确的答案。,错误,0.0,481.22,纯LLM直答,,0.0,0,,0,安全事故,,,,,安全事故,,,6,
132,132,PureLLM直接回答(qwen2.5:7b),无KG/RAG/CSV/规则系统,风险影响评估类,rpn_code,,M1_编号直答,CSV直答,简单,FMEA编号“LFP007”这条的RPN是多少？,RPN=20.0,根据题面提供的信息，“LFP007”的RPN是12。,错误,0.0,357.47,纯LLM直答,,0.0,1,,0,,20.0,,,12.0,,20.0,RPN,6,
133,133,PureLLM直接回答(qwen2.5:7b),无KG/RAG/CSV/规则系统,风险影响评估类,s_code,,M1_编号直答,CSV直答,简单,FMEA编号“LFP007”这条的S是多少？,S=10.0,根据题面提供的信息，无法确定FMEA编号“LFP007”这条的S值。请提供更多的详细信息。,错误,0.0,435.49,纯LLM直答,,0.0,0,,0,,10.0,,,,,10.0,S,6,
134,134,PureLLM直接回答(qwen2.5:7b),无KG/RAG/CSV/规则系统,风险影响评估类,o_code,,M1_编号直答,CSV直答,简单,FMEA编号“LFP007”这条的O是多少？,O=1.0,题目中没有提供足够的信息来确定FMEA编号“LFP007”的O（严重度）值。请提供更多相关数据以获得准确答案。,错误,0.0,482.22,纯LLM直答,,0.0,0,,0,,1.0,,,,,1.0,O,6,
135,135,PureLLM直接回答(qwen2.5:7b),无KG/RAG/CSV/规则系统,风险影响评估类,d_code,,M1_编号直答,CSV直答,简单,FMEA编号“LFP007”这条的D是多少？,D=6.0,根据题面提供的信息，无法确定FMEA编号“LFP007”对应的D值。请提供更多的细节或上下文以便给出准确的答案。,错误,0.0,465.85,纯LLM直答,,0.0,0,,0,,6.0,,,,,6.0,D,6,
136,136,PureLLM直接回答(qwen2.5:7b),无KG/RAG/CSV/规则系统,故障措施推荐类,action_code,,M1_编号直答,CSV直答,简单,FMEA编号“LFP007”这条的建议措施是什么？,更换绝缘注塑件,"根据题面提供的信息，“LFP007”这条记录的建议措施是未给出具体细节。在实际的FMEA分析中，建议措施通常会详细描述为解决失效模式所采取的具体步骤或改进方案。但由于题面没有提供具体的建议措施内容，因此无法给出确切答案。

建议措施可能包括但不限于：设计更改、过程调整、增加检测手段等。",错误,0.0,868.68,纯LLM直答,,0.0,0,,0,更换绝缘注塑件,,,,,更换绝缘注塑件,,RecommendedAction,6,
137,137,PureLLM直接回答(qwen2.5:7b),无KG/RAG/CSV/规则系统,故障原因诊断类,cause_mode,,M3_查询理解与语义检索增强,口语化/模糊检索,简单,失效模式“注塑件起火”对应的潜在失效原因/机理是什么？,绝缘注塑件不阻燃,"失效模式“注塑件起火”的潜在失效原因/机理可能包括：

1. 材料选择不当，使用了易燃材料。
2. 制造过程中混入了可燃物质。
3. 加工温度过高导致分解产生可燃气体。
4. 电气部件故障引发火灾。
5. 残留溶剂未完全去除。
6. 表面处理不当产生静电火花。

以上是可能的原因，具体原因需要根据实际情况分析。",错误,0.0,991.95,纯LLM直答,,0.0,1,,0,绝缘注塑件不阻燃,,,,1.0；2.0；3.0；4.0；5.0；6.0,绝缘注塑件不阻燃,,,6,
138,138,PureLLM直接回答(qwen2.5:7b),无KG/RAG/CSV/规则系统,风险影响评估类,effect_mode,,M3_查询理解与语义检索增强,口语化/模糊检索,简单,失效模式“注塑件起火”对应的潜在失效后果是什么？,安全事故,答案：财产损失、人员伤害。,错误,0.0,260.92,纯LLM直答,,0.0,0,,0,安全事故,,,,,安全事故,,,6,
139,139,PureLLM直接回答(qwen2.5:7b),无KG/RAG/CSV/规则系统,风险影响评估类,rpn_mode,,M3_查询理解与语义检索增强,口语化/模糊检索,简单,失效模式“注塑件起火”的RPN是多少？,RPN=20.0,"题目中没有提供足够的信息来计算具体的RPN值（风险优先级数）。RPN是通过严重度（S）、发生频率（O）和检测率（D）三个因素的乘积得出的。每个因素通常有1到10的评分，具体数值需要根据实际情况确定。

如果假设一个可能的情况：
- 严重度（S）：9（可能导致人员伤亡）
- 发生频率（O）：7（偶尔发生）
- 检测率（D）：4（容易检测）

那么RPN = S × O × D = 9 × 7 × 4 = 252

但请注意，这只是一个假设值。实际的RPN需要根据具体情况进行评估。",错误,0.0,1406.11,纯LLM直答,,0.0,1,,0,,20.0,,,1.0；10.0；9.0；7.0；4.0；9.0；7.0；4.0；252.0,,20.0,RPN,6,
140,140,PureLLM直接回答(qwen2.5:7b),无KG/RAG/CSV/规则系统,故障措施推荐类,action_mode,,M3_查询理解与语义检索增强,口语化/模糊检索,简单,失效模式“注塑件起火”对应的建议措施是什么？,更换绝缘注塑件,"针对失效模式“注塑件起火”，建议措施可以包括：

1. **材料选择**：选用阻燃性更好的塑料材料。
2. **工艺优化**：调整注塑参数，减少熔融温度和注射速度，避免材料过热。
3. **冷却系统**：增加模具冷却系统，确保注塑过程中的热量及时散发。
4. **防火设计**：在产品结构设计中考虑防火性能，如设置散热片或通风孔。
5. **定期检查与维护**：对生产设备进行定期检查和维护，确保其正常运行。

这些措施可以有效降低注塑件起火的风险。",错误,0.0,1286.64,纯LLM直答,,0.0,1,,0,更换绝缘注塑件,,,,1.0；2.0；3.0；4.0；5.0,更换绝缘注塑件,,RecommendedAction,6,
141,141,PureLLM直接回答(qwen2.5:7b),无KG/RAG/CSV/规则系统,故障原因诊断类,cause_colloquial,,M3_查询理解与语义检索增强,口语化/模糊检索,中等,在项目/功能“绝缘注塑件”里，失效模式“注塑件起火”这个问题，原因讲白一点是什么？,绝缘注塑件不阻燃,"失效模式“注塑件起火”的主要原因可能是材料在高温下发生了不稳定的化学反应或分解。具体来说，可能的原因包括：

1. 使用了易燃的塑料材料。
2. 材料中含有可燃性添加剂。
3. 注塑工艺参数设置不当，导致局部过热。

这些因素都可能导致注塑件在特定条件下起火。",错误,0.0,828.33,纯LLM直答,,0.0,1,,0,绝缘注塑件不阻燃,,,,1.0；2.0；3.0,绝缘注塑件不阻燃,,,6,
142,142,PureLLM直接回答(qwen2.5:7b),无KG/RAG/CSV/规则系统,风险影响评估类,effect_colloquial,,M3_查询理解与语义检索增强,口语化/模糊检索,中等,在项目/功能“绝缘注塑件”里，失效模式“注塑件起火”最后会带来什么后果？,安全事故,在项目/功能“绝缘注塑件”里，失效模式“注塑件起火”最后会带来的后果是可能引发火灾事故，造成财产损失和人员伤害。,错误,0.0,517.15,纯LLM直答,,0.0,0,,0,安全事故,,,,,安全事故,,,6,
143,143,PureLLM直接回答(qwen2.5:7b),无KG/RAG/CSV/规则系统,故障措施推荐类,action_colloquial,,M3_查询理解与语义检索增强,口语化/模糊检索,中等,在项目/功能“绝缘注塑件”里，失效模式“注塑件起火”一般怎么处理？,更换绝缘注塑件,"针对项目/功能“绝缘注塑件”中失效模式“注塑件起火”的处理措施通常包括以下几个方面：

1. **风险评估**：首先进行风险评估，确定失效模式的严重性、发生频率和可检测性（S/O/D），计算RPN值。

2. **原因分析**：分析导致注塑件起火的具体原因，可能包括材料选择不当、工艺参数控制不严等。

3. **预防措施**：
   - 选用阻燃性能更好的材料。
   - 调整注塑工艺参数，确保温度和压力在安全范围内。
   - 增加注塑件的散热设计。

4. **检测与监控**：增加质量检测环节，使用在线监测设备及时发现潜在问题。

5. **应急响应计划**：制定详细的应急预案，包括火灾报警、人员疏散、灭火措施等。

6. **持续改进**：根据失效模式分析结果和实际运行情况，不断优化设计和工艺流程。

以上处理措施旨在从根本上减少注塑件起火的风险，并在发生时能够迅速有效地应对。",错误,0.0,2073.82,纯LLM直答,,0.0,1,,0,更换绝缘注塑件,,,,1.0；2.0；3.0；4.0；5.0；6.0,更换绝缘注塑件,,,6,
144,144,PureLLM直接回答(qwen2.5:7b),无KG/RAG/CSV/规则系统,风险影响评估类,risk_colloquial,,M3_查询理解与语义检索增强,口语化/模糊检索,中等,在项目/功能“绝缘注塑件”里，失效模式“注塑件起火”的风险最后会体现成什么？,安全事故,在项目/功能“绝缘注塑件”里，失效模式“注塑件起火”的风险最后会体现在安全性能上。,错误,0.0,450.83,纯LLM直答,,0.0,0,,0,安全事故,,,,,安全事故,,,6,
145,145,PureLLM直接回答(qwen2.5:7b),无KG/RAG/CSV/规则系统,故障原因诊断类,cause_bool,,M4_证据裁决,证据裁决,简单,FMEA编号“LFP007”对应的原因是否就是“绝缘注塑件不阻燃”？,是,"根据题面提供的信息，“FMEA编号‘LFP007’对应的原因是否就是‘绝缘注塑件不阻燃’？”这一问题没有给出足够的背景信息来直接确认或否定这个说法。因此，基于现有信息，无法得出结论。

如果需要判断该FMEA编号的具体失效原因，可能需要更多的上下文信息或者具体的FMEA文档内容。",错误,0.0,823.09,纯LLM直答,,,0,,0,是/否判断,,,,,,,是/否判断,6,
146,146,PureLLM直接回答(qwen2.5:7b),无KG/RAG/CSV/规则系统,风险影响评估类,risk_bool,,M4_证据裁决,证据裁决,简单,FMEA编号“LFP007”对应的后果是否就是“安全事故”？,是,"根据题面提供的信息，“FMEA编号‘LFP007’对应的后果是否就是‘安全事故’？”这一问题没有给出足够的背景信息或直接说明。因此，基于现有信息，无法确定“LFP007”的具体后果是什么。

如果需要判断该FMEA编号的后果，请参考相关文档或数据以获取准确信息。如果没有更多资料，则不能断定其后果为“安全事故”。",错误,0.0,913.52,纯LLM直答,,,0,,0,是/否判断,,,,,,,是/否判断,6,
147,147,PureLLM直接回答(qwen2.5:7b),无KG/RAG/CSV/规则系统,风险影响评估类,mode_project_bool,,M4_证据裁决,证据裁决,简单,失效模式“注塑件起火”是不是出现在项目/功能“绝缘注塑件”里？,是,"根据题面信息，“注塑件起火”是一个失效模式，而“绝缘注塑件”是一个项目或功能。没有直接说明“注塑件起火”是否出现在“绝缘注塑件”这个项目或功能中。因此，基于现有信息无法确定该失效模式的具体归属。

答案：题面信息不足以判断“注塑件起火”这一失效模式是否出现在“绝缘注塑件”这一项目/功能里。",错误,0.0,960.03,纯LLM直答,,,0,,0,是/否判断,,,,,,,是/否判断,6,
148,148,PureLLM直接回答(qwen2.5:7b),无KG/RAG/CSV/规则系统,风险影响评估类,risk_mode_code,,M3_查询理解与语义检索增强,口语化/模糊检索,简单,失效模式“注塑件起火”对应的FMEA编号是什么？,LFP007,题目中没有提供足够的信息来确定具体的FMEA编号。请参考相关文档或数据以获取准确的FMEA编号。,错误,0.0,397.11,纯LLM直答,,0.0,0,,0,LFP007,,,,,LFP007,,FmeaID,6,
149,149,PureLLM直接回答(qwen2.5:7b),无KG/RAG/CSV/规则系统,风险影响评估类,risk_mode_project,,M3_查询理解与语义检索增强,口语化/模糊检索,简单,在项目/功能“绝缘注塑件”里，失效模式“注塑件起火”的后果是什么？,安全事故,"失效模式“注塑件起火”的后果可能包括：

- 人员伤害（P）
- 设备损坏（D）
- 生产线停机（O）

具体数值需要根据实际情况评估。",错误,0.0,545.96,纯LLM直答,,0.0,0,,0,安全事故,,,,,安全事故,,,6,
150,150,PureLLM直接回答(qwen2.5:7b),无KG/RAG/CSV/规则系统,风险影响评估类,project_avg_rpn,,M2_规则推理,规则推理,中等,项目/功能“电池壳体”的平均RPN是多少？,平均RPN=96.00,"题目中没有提供具体的FMEA表格或相关数据，因此无法直接计算出“电池壳体”项目的平均RPN值。如果假设一个合理的示例情况：

- S（严重度）= 8
- O（发生频率）= 6
- D（检测难度）= 5

则 RPN = S × O × D = 8 × 6 × 5 = 240

因此，根据这个假设，“电池壳体”的平均RPN是240。请注意，实际的数值需要依据具体FMEA表格中的数据来确定。",错误,0.0,1149.72,纯LLM直答,,0.0,1,,0,,96.0,,,8.0；6.0；5.0；8.0；6.0；5.0；240.0；240.0,,96.0,RPN,8,
151,151,PureLLM直接回答(qwen2.5:7b),无KG/RAG/CSV/规则系统,风险影响评估类,project_top_mode,,M2_规则推理,规则推理,中等,项目/功能“电池壳体”里RPN最高的失效模式是什么？,电池漏液；RPN=108.0,"由于题面没有提供具体的FMEA表格或详细信息，我将基于一般情况推测可能的答案。假设在“电池壳体”的FMEA分析中，某个失效模式的RPN值最高。

答案：项目/功能“电池壳体”里RPN最高的失效模式是**壳体裂纹**（此为示例，具体应根据实际情况确定）。",错误,0.0,823.32,纯LLM直答,,0.0,0,,0,电池漏液,108.0,,,,电池漏液,108.0,FailureMode；RPN,8,
152,152,PureLLM直接回答(qwen2.5:7b),无KG/RAG/CSV/规则系统,风险影响评估类,project_top_effect,,M2_规则推理,规则推理,中等,项目/功能“电池壳体”里RPN最高的那条，它的后果是什么？,安全事故,"由于题面没有提供具体的失效模式及其对应的RPN值信息，我将基于一般情况给出一个假设的答案。在实际应用中，RPN（风险优先级数）是通过严重度(S)、发生频率(O)和检测概率(D)的乘积计算得出。

假设“电池壳体”功能中的某条失效模式具有最高的RPN值100，则其后果可能为：

4 - 人员伤害

这是基于一般情况下的假设，具体答案应根据实际提供的数据确定。",错误,0.0,1018.85,纯LLM直答,,0.0,1,0.0,0,安全事故,,,,100.0；4.0,安全事故,,FailureEffect,8,
153,153,PureLLM直接回答(qwen2.5:7b),无KG/RAG/CSV/规则系统,故障原因诊断类,cause_code,,M1_编号直答,CSV直答,简单,FMEA编号“LFP008”这条的潜在失效原因/机理是什么？,电池壳体密封不严,根据题面提供的信息，“LFP008”这条记录的潜在失效原因是由于连接器接触不良。,错误,0.0,411.67,纯LLM直答,,0.0,0,,0,电池壳体密封不严,,,,,电池壳体密封不严,,,7,
154,154,PureLLM直接回答(qwen2.5:7b),无KG/RAG/CSV/规则系统,风险影响评估类,effect_code,,M1_编号直答,CSV直答,简单,FMEA编号“LFP008”这条的潜在失效后果是什么？,电池容量降低,根据题面信息，“LFP008”这条的潜在失效后果是未提供的。请提供更多的详细信息以便给出准确的答案。,错误,0.0,459.78,纯LLM直答,,0.0,0,,0,电池容量降低,,,,,电池容量降低,,,7,
155,155,PureLLM直接回答(qwen2.5:7b),无KG/RAG/CSV/规则系统,风险影响评估类,rpn_code,,M1_编号直答,CSV直答,简单,FMEA编号“LFP008”这条的RPN是多少？,RPN=84.0,根据题面提供的信息，无法确定FMEA编号“LFP008”的RPN值。请提供失效模式、严重度（S）、发生频率（O）和探测度（D）的具体数值以计算RPN。,错误,0.0,615.27,纯LLM直答,,0.0,0,,0,,84.0,,,,,84.0,RPN,7,
156,156,PureLLM直接回答(qwen2.5:7b),无KG/RAG/CSV/规则系统,风险影响评估类,s_code,,M1_编号直答,CSV直答,简单,FMEA编号“LFP008”这条的S是多少？,S=7.0,根据题面提供的信息，无法确定FMEA编号“LFP008”这条的S值。请提供更多的详细信息。,错误,0.0,451.7,纯LLM直答,,0.0,0,,0,,7.0,,,,,7.0,S,7,
157,157,PureLLM直接回答(qwen2.5:7b),无KG/RAG/CSV/规则系统,风险影响评估类,o_code,,M1_编号直答,CSV直答,简单,FMEA编号“LFP008”这条的O是多少？,O=2.0,题目中没有提供足够的信息来确定FMEA编号“LFP008”的O（严重度）值。请提供更多相关数据以获得准确答案。,错误,0.0,477.53,纯LLM直答,,0.0,0,,0,,2.0,,,,,2.0,O,7,
158,158,PureLLM直接回答(qwen2.5:7b),无KG/RAG/CSV/规则系统,风险影响评估类,d_code,,M1_编号直答,CSV直答,简单,FMEA编号“LFP008”这条的D是多少？,D=6.0,根据题面提供的信息，无法确定FMEA编号“LFP008”这条的D值。请提供更多的相关信息或直接给出该条目的详细内容。,错误,0.0,504.82,纯LLM直答,,0.0,0,,0,,6.0,,,,,6.0,D,7,
159,159,PureLLM直接回答(qwen2.5:7b),无KG/RAG/CSV/规则系统,故障措施推荐类,action_code,,M1_编号直答,CSV直答,简单,FMEA编号“LFP008”这条的建议措施是什么？,更换电池,"根据题面提供的信息，“LFP008”这条记录的建议措施是未给出具体细节。在实际的FMEA分析中，建议措施通常会详细说明如何预防或减轻失效模式的影响。但由于题面没有提供具体的建议措施内容，因此无法给出确切的答案。

建议措施可能包括但不限于：设计更改、过程控制改进、增加检测步骤等。",错误,0.0,861.05,纯LLM直答,,0.0,0,,0,更换电池,,,,,更换电池,,RecommendedAction,7,
160,160,PureLLM直接回答(qwen2.5:7b),无KG/RAG/CSV/规则系统,故障原因诊断类,cause_mode,,M3_查询理解与语义检索增强,口语化/模糊检索,简单,失效模式“电解液挥发”对应的潜在失效原因/机理是什么？,电池壳体密封不严,失效模式“电解液挥发”的潜在失效原因是环境温度过高。,错误,0.0,324.23,纯LLM直答,,0.0,0,,0,电池壳体密封不严,,,,,电池壳体密封不严,,,7,
161,161,PureLLM直接回答(qwen2.5:7b),无KG/RAG/CSV/规则系统,风险影响评估类,effect_mode,,M3_查询理解与语义检索增强,口语化/模糊检索,简单,失效模式“电解液挥发”对应的潜在失效后果是什么？,电池容量降低,失效模式“电解液挥发”对应的潜在失效后果是电池性能下降。,错误,0.0,338.58,纯LLM直答,,0.0,0,,0,电池容量降低,,,,,电池容量降低,,,7,
162,162,PureLLM直接回答(qwen2.5:7b),无KG/RAG/CSV/规则系统,风险影响评估类,rpn_mode,,M3_查询理解与语义检索增强,口语化/模糊检索,简单,失效模式“电解液挥发”的RPN是多少？,RPN=84.0,由于题面没有提供足够的信息来计算或确定“电解液挥发”这一失效模式的具体RPN值（严重度S、发生频度O、检测难度D的乘积），我无法给出确切的答案。请根据实际的风险评估数据来确定这三个因素的具体数值并计算RPN。,错误,0.0,710.48,纯LLM直答,,0.0,0,,0,,84.0,,,,,84.0,RPN,7,
163,163,PureLLM直接回答(qwen2.5:7b),无KG/RAG/CSV/规则系统,故障措施推荐类,action_mode,,M3_查询理解与语义检索增强,口语化/模糊检索,简单,失效模式“电解液挥发”对应的建议措施是什么？,更换电池,"对于失效模式“电解液挥发”，建议措施可以包括：

1. **改进密封设计**：优化电池封装材料和结构，减少电解液的泄漏。
2. **增加湿度控制**：在电池存储和使用环境中保持适当的湿度水平，避免过于干燥导致电解液加速蒸发。
3. **采用更稳定电解液配方**：研发或选择化学性质更加稳定的电解液，以降低挥发性。
4. **加强监控与维护**：定期检查电池状态，及时补充电解液。

这些措施旨在减少电解液的挥发，从而提高电池的安全性和使用寿命。",错误,0.0,1183.42,纯LLM直答,,0.0,1,,0,更换电池,,,,1.0；2.0；3.0；4.0,更换电池,,RecommendedAction,7,
164,164,PureLLM直接回答(qwen2.5:7b),无KG/RAG/CSV/规则系统,故障原因诊断类,cause_colloquial,,M3_查询理解与语义检索增强,口语化/模糊检索,中等,在项目/功能“电池壳体”里，失效模式“电解液挥发”这个问题，原因讲白一点是什么？,电池壳体密封不严,失效模式“电解液挥发”的原因是由于电池内部的电解液通过壳体材料的微小孔隙或裂缝逐渐逸出。,错误,0.0,445.24,纯LLM直答,,0.0,0,,0,电池壳体密封不严,,,,,电池壳体密封不严,,,7,
165,165,PureLLM直接回答(qwen2.5:7b),无KG/RAG/CSV/规则系统,风险影响评估类,effect_colloquial,,M3_查询理解与语义检索增强,口语化/模糊检索,中等,在项目/功能“电池壳体”里，失效模式“电解液挥发”最后会带来什么后果？,电池容量降低,答案：电解液挥发可能导致电池内部干燥，进而影响电池的电化学性能，降低电池容量，并可能引发短路或起火等安全问题。,错误,0.0,470.14,纯LLM直答,,0.0,0,,0,电池容量降低,,,,,电池容量降低,,,7,
166,166,PureLLM直接回答(qwen2.5:7b),无KG/RAG/CSV/规则系统,故障措施推荐类,action_colloquial,,M3_查询理解与语义检索增强,口语化/模糊检索,中等,在项目/功能“电池壳体”里，失效模式“电解液挥发”一般怎么处理？,更换电池,"对于项目/功能“电池壳体”中失效模式“电解液挥发”的处理，通常可以采取以下措施：

1. **密封检查**：定期检查电池壳体的密封性，确保没有泄漏。
2. **材料改进**：使用更耐腐蚀、密封性能更好的材料制造电池壳体。
3. **环境控制**：在存储和运输过程中保持适宜的温度和湿度条件，减少电解液挥发的可能性。
4. **监测系统**：安装监控设备，实时检测电解液的量变化，及时发现并处理泄漏问题。

这些措施有助于降低失效模式“电解液挥发”的发生概率及其对电池性能的影响。",错误,0.0,1296.15,纯LLM直答,,0.0,1,,0,更换电池,,,,1.0；2.0；3.0；4.0,更换电池,,,7,
167,167,PureLLM直接回答(qwen2.5:7b),无KG/RAG/CSV/规则系统,风险影响评估类,risk_colloquial,,M3_查询理解与语义检索增强,口语化/模糊检索,中等,在项目/功能“电池壳体”里，失效模式“电解液挥发”的风险最后会体现成什么？,电池容量降低,"失效模式“电解液挥发”的风险最后可能会体现在以下几个方面：

1. **安全性**：电解液挥发可能导致电池内部压力增加，引发爆炸或火灾等安全隐患。
2. **性能**：电解液减少会影响电池的电化学反应，导致电池容量下降和性能降低。
3. **环境影响**：挥发的电解液可能对周围环境造成污染。

这些方面可能会综合体现为一个风险评价值（RPN），用于评估该失效模式的风险等级。",错误,0.0,1001.23,纯LLM直答,,0.0,1,,0,电池容量降低,,,,1.0；2.0；3.0,电池容量降低,,,7,
168,168,PureLLM直接回答(qwen2.5:7b),无KG/RAG/CSV/规则系统,故障原因诊断类,cause_bool,,M4_证据裁决,证据裁决,简单,FMEA编号“LFP008”对应的原因是否就是“电池壳体密封不严”？,是,"根据题面提供的信息，“FMEA编号‘LFP008’对应的原因是否就是‘电池壳体密封不严’？”这一问题无法直接回答，因为题面没有提供足够的信息来确认这一点。通常在FMEA中，每个失效模式都有一个对应的失效原因、失效后果和建议措施等详细描述，但这些信息在此并未给出。

如果假设“LFP008”确实对应的是“电池壳体密封不严”，那么可以认为这是可能的一种情况，但不能作为确定的答案。",错误,0.0,1107.97,纯LLM直答,,,0,,0,是/否判断,,,,,,,是/否判断,7,
169,169,PureLLM直接回答(qwen2.5:7b),无KG/RAG/CSV/规则系统,风险影响评估类,risk_bool,,M4_证据裁决,证据裁决,简单,FMEA编号“LFP008”对应的后果是否就是“电池容量降低”？,是,"根据题面提供的信息，“FMEA编号‘LFP008’对应的后果是否就是‘电池容量降低’？”这一问题没有给出足够的背景信息或直接说明。因此，基于现有信息，无法确定该FMEA编号的具体后果是什么。

如果需要判断“电池容量降低”是否为该编号的后果，通常需要参考具体的FMEA文档或进一步的信息。在当前情况下，不能直接得出结论说“LFP008”的后果就是“电池容量降低”。",错误,0.0,1024.01,纯LLM直答,,,0,,0,是/否判断,,,,,,,是/否判断,7,
170,170,PureLLM直接回答(qwen2.5:7b),无KG/RAG/CSV/规则系统,风险影响评估类,mode_project_bool,,M4_证据裁决,证据裁决,简单,失效模式“电解液挥发”是不是出现在项目/功能“电池壳体”里？,是,题目中没有提供足够的信息来确定“电解液挥发”是否出现在“电池壳体”这个项目或功能里。请提供更多相关细节以便准确判断。,错误,0.0,473.68,纯LLM直答,,,0,,0,是/否判断,,,,,,,是/否判断,7,
171,171,PureLLM直接回答(qwen2.5:7b),无KG/RAG/CSV/规则系统,风险影响评估类,risk_mode_code,,M3_查询理解与语义检索增强,口语化/模糊检索,简单,失效模式“电解液挥发”对应的FMEA编号是什么？,LFP008,题目中没有提供足够的信息来确定“电解液挥发”这一失效模式的具体FMEA编号。请参考相关文档或系统以获取准确的FMEA编号。,错误,0.0,477.61,纯LLM直答,,0.0,0,,0,LFP008,,,,,LFP008,,FmeaID,7,
172,172,PureLLM直接回答(qwen2.5:7b),无KG/RAG/CSV/规则系统,风险影响评估类,risk_mode_project,,M3_查询理解与语义检索增强,口语化/模糊检索,简单,在项目/功能“电池壳体”里，失效模式“电解液挥发”的后果是什么？,电池容量降低,"失效模式“电解液挥发”的后果可能包括：

- 电池性能下降（如容量减少）
- 安全风险增加（如内部短路概率提高）
- 维护成本上升（需要定期补充电解液）

具体后果可能因实际情况而异。",错误,0.0,649.79,纯LLM直答,,0.0,0,,0,电池容量降低,,,,,电池容量降低,,,7,
173,173,PureLLM直接回答(qwen2.5:7b),无KG/RAG/CSV/规则系统,故障原因诊断类,cause_code,,M1_编号直答,CSV直答,简单,FMEA编号“LFP009”这条的潜在失效原因/机理是什么？,外力损伤；碰撞、安装不规范造成密封结构破坏；制造原因：焊接缺陷、封合胶量不足造成密封性能不好。,根据题面提供的信息，“LFP009”这条记录的潜在失效原因是由于连接器接触不良。,错误,0.0,415.66,纯LLM直答,,0.0,0,,0,外力损伤；碰撞、安装不规范造成密封结构破坏；制造原因：焊接缺陷、封合胶量不足造成密封性能不好。,,,,,外力损伤；碰撞、安装不规范造成密封结构破坏；制造原因：焊接缺陷、封合胶量不足造成密封性能不好。,,,8,
174,174,PureLLM直接回答(qwen2.5:7b),无KG/RAG/CSV/规则系统,风险影响评估类,effect_code,,M1_编号直答,CSV直答,简单,FMEA编号“LFP009”这条的潜在失效后果是什么？,安全事故,根据题面提供的信息，“LFP009”这条的潜在失效后果是未给出具体细节。在实际的FMEA分析中，潜在失效后果需要详细描述具体的不良影响或结果。由于缺乏具体信息，无法提供准确的答案。,错误,0.0,646.32,纯LLM直答,,0.0,0,,0,安全事故,,,,,安全事故,,,8,
175,175,PureLLM直接回答(qwen2.5:7b),无KG/RAG/CSV/规则系统,风险影响评估类,rpn_code,,M1_编号直答,CSV直答,简单,FMEA编号“LFP009”这条的RPN是多少？,RPN=108.0,根据题面提供的信息，“LFP009”这条的RPN是未给出足够信息可以直接回答的具体数值。因此，无法直接提供RPN的具体数值。如果需要这个值，可能需要参考具体的FMEA文档或进一步的信息。,错误,0.0,635.81,纯LLM直答,,0.0,0,,0,,108.0,,,,,108.0,RPN,8,
176,176,PureLLM直接回答(qwen2.5:7b),无KG/RAG/CSV/规则系统,风险影响评估类,s_code,,M1_编号直答,CSV直答,简单,FMEA编号“LFP009”这条的S是多少？,S=9.0,题目中没有提供足够的信息来确定FMEA编号“LFP009”的S值。请提供更多相关数据或上下文。,正确,1.0,436.04,纯LLM直答,,0.0,0,,0,,,9.0,,,,9.0,S,8,
177,177,PureLLM直接回答(qwen2.5:7b),无KG/RAG/CSV/规则系统,风险影响评估类,o_code,,M1_编号直答,CSV直答,简单,FMEA编号“LFP009”这条的O是多少？,O=2.0,题目中没有提供足够的信息来确定FMEA编号“LFP009”的O（严重度）值。请提供更多相关数据以获得准确答案。,错误,0.0,462.52,纯LLM直答,,0.0,0,,0,,2.0,,,,,2.0,O,8,
178,178,PureLLM直接回答(qwen2.5:7b),无KG/RAG/CSV/规则系统,风险影响评估类,d_code,,M1_编号直答,CSV直答,简单,FMEA编号“LFP009”这条的D是多少？,D=6.0,根据题面提供的信息，无法确定FMEA编号“LFP009”对应的D值。请提供更多的详细信息或直接给出该条目中的D值。,错误,0.0,517.96,纯LLM直答,,0.0,0,,0,,6.0,,,,,6.0,D,8,
179,179,PureLLM直接回答(qwen2.5:7b),无KG/RAG/CSV/规则系统,故障措施推荐类,action_code,,M1_编号直答,CSV直答,简单,FMEA编号“LFP009”这条的建议措施是什么？,更换电池,"根据题面提供的信息，“LFP009”这条记录的建议措施是未给出具体细节。在实际的FMEA分析中，建议措施通常会详细描述为解决失效模式所采取的具体步骤或改进方案。但由于题面没有提供具体的建议措施内容，因此无法给出确切答案。

建议措施可能包括但不限于：设计更改、过程调整、增加检测手段等。",错误,0.0,858.77,纯LLM直答,,0.0,0,,0,更换电池,,,,,更换电池,,RecommendedAction,8,
180,180,PureLLM直接回答(qwen2.5:7b),无KG/RAG/CSV/规则系统,故障原因诊断类,cause_mode,,M3_查询理解与语义检索增强,口语化/模糊检索,简单,失效模式“电池漏液”对应的潜在失效原因/机理是什么？,外力损伤；碰撞、安装不规范造成密封结构破坏；制造原因：焊接缺陷、封合胶量不足造成密封性能不好。,"失效模式“电池漏液”的潜在失效原因/机理可能包括：

1. 电解质泄漏 - 由于密封不良或材料老化导致。
2. 内部短路 - 引起局部过热，可能导致液体渗出。
3. 外力损伤 - 如挤压、撞击等物理因素造成壳体破裂。
4. 温度过高 - 超过电池工作温度范围，引起电解液膨胀溢出。",错误,0.0,980.96,纯LLM直答,,0.0,1,,0,外力损伤；碰撞、安装不规范造成密封结构破坏；制造原因：焊接缺陷、封合胶量不足造成密封性能不好。,,,,1.0；2.0；3.0；4.0,外力损伤；碰撞、安装不规范造成密封结构破坏；制造原因：焊接缺陷、封合胶量不足造成密封性能不好。,,,8,
181,181,PureLLM直接回答(qwen2.5:7b),无KG/RAG/CSV/规则系统,风险影响评估类,effect_mode,,M3_查询理解与语义检索增强,口语化/模糊检索,简单,失效模式“电池漏液”对应的潜在失效后果是什么？,安全事故,答案：腐蚀、火灾爆炸、环境污染。,错误,0.0,274.35,纯LLM直答,,0.0,0,,0,安全事故,,,,,安全事故,,,8,
182,182,PureLLM直接回答(qwen2.5:7b),无KG/RAG/CSV/规则系统,风险影响评估类,rpn_mode,,M3_查询理解与语义检索增强,口语化/模糊检索,简单,失效模式“电池漏液”的RPN是多少？,RPN=108.0,"由于题面没有提供足够的信息来计算具体的RPN（风险优先级数），包括失效模式的严重度（S）、发生频率（O）和检测难度（D）的具体评分，因此无法直接给出一个确切的RPN数值。通常情况下，RPN是通过将这三个因素的评分相乘得到的。例如，如果严重度评分为9、发生频率评分为6、检测难度评分为4，则RPN为9×6×4=216。

若需要准确答案，请参考具体的风险评估数据或FMEA文档。",错误,0.0,1161.72,纯LLM直答,,0.0,1,,0,,108.0,,,9.0；6.0；4.0；9.0；6.0；4.0；216.0,,108.0,RPN,8,
183,183,PureLLM直接回答(qwen2.5:7b),无KG/RAG/CSV/规则系统,故障措施推荐类,action_mode,,M3_查询理解与语义检索增强,口语化/模糊检索,简单,失效模式“电池漏液”对应的建议措施是什么？,更换电池,"对于失效模式“电池漏液”，建议措施可以包括：

1. **密封检查**：定期检查电池的密封性，确保没有破损。
2. **更换电池**：一旦发现电池有漏液现象，应立即更换新的电池。
3. **清理泄漏物**：及时清理电池周围的任何泄漏物，防止腐蚀或其他损害。
4. **环境控制**：保持存放电池的环境干燥、通风良好，避免高温和潮湿。
5. **安全处置**：按照危险品处理规定妥善处置漏液电池。

这些措施可以有效减少因电池漏液带来的风险。",正确,1.0,1185.65,纯LLM直答,,0.0,1,,0,,,,,1.0；2.0；3.0；4.0；5.0,更换电池,,RecommendedAction,8,
184,184,PureLLM直接回答(qwen2.5:7b),无KG/RAG/CSV/规则系统,故障原因诊断类,cause_colloquial,,M3_查询理解与语义检索增强,口语化/模糊检索,中等,在项目/功能“电池壳体”里，失效模式“电池漏液”这个问题，原因讲白一点是什么？,外力损伤；碰撞、安装不规范造成密封结构破坏；制造原因：焊接缺陷、封合胶量不足造成密封性能不好。,失效模式“电池漏液”的原因是电池壳体密封不良或损坏导致电解液泄漏。,错误,0.0,386.31,纯LLM直答,,0.0,0,,0,外力损伤；碰撞、安装不规范造成密封结构破坏；制造原因：焊接缺陷、封合胶量不足造成密封性能不好。,,,,,外力损伤；碰撞、安装不规范造成密封结构破坏；制造原因：焊接缺陷、封合胶量不足造成密封性能不好。,,,8,
185,185,PureLLM直接回答(qwen2.5:7b),无KG/RAG/CSV/规则系统,风险影响评估类,effect_colloquial,,M3_查询理解与语义检索增强,口语化/模糊检索,中等,在项目/功能“电池壳体”里，失效模式“电池漏液”最后会带来什么后果？,安全事故,答案：可能会导致火灾或爆炸。,错误,0.0,266.96,纯LLM直答,,0.0,0,,0,安全事故,,,,,安全事故,,,8,
186,186,PureLLM直接回答(qwen2.5:7b),无KG/RAG/CSV/规则系统,故障措施推荐类,action_colloquial,,M3_查询理解与语义检索增强,口语化/模糊检索,中等,在项目/功能“电池壳体”里，失效模式“电池漏液”一般怎么处理？,更换电池,"对于项目/功能“电池壳体”里的失效模式“电池漏液”，通常的处理措施包括：

1. **立即隔离故障部件**：防止漏液扩散至其他组件。
2. **清理泄漏液体**：使用适当的吸收材料或工具收集泄漏的电解液，避免滑倒或其他安全事故。
3. **检查并更换损坏部件**：确认壳体是否有裂缝或其他损伤，并及时进行修复或更换。
4. **清洁和干燥**：对受影响区域彻底清洁并确保完全干燥，防止短路等进一步损害。
5. **记录故障信息**：详细记录漏液发生的时间、位置及原因，便于后续分析与改进。

这些措施有助于减少电池壳体失效模式带来的风险，并提高产品的可靠性和安全性。",错误,0.0,1486.3,纯LLM直答,,0.0,1,,0,更换电池,,,,1.0；2.0；3.0；4.0；5.0,更换电池,,,8,
187,187,PureLLM直接回答(qwen2.5:7b),无KG/RAG/CSV/规则系统,风险影响评估类,risk_colloquial,,M3_查询理解与语义检索增强,口语化/模糊检索,中等,在项目/功能“电池壳体”里，失效模式“电池漏液”的风险最后会体现成什么？,安全事故,在项目/功能“电池壳体”里，失效模式“电池漏液”的风险最后会体现在安全性能下降。,错误,0.0,438.0,纯LLM直答,,0.0,0,,0,安全事故,,,,,安全事故,,,8,
188,188,PureLLM直接回答(qwen2.5:7b),无KG/RAG/CSV/规则系统,故障原因诊断类,cause_bool,,M4_证据裁决,证据裁决,简单,FMEA编号“LFP009”对应的原因是否就是“外力损伤；碰撞、安装不规范造成密封结构破坏；制造原因：焊接缺陷、封合胶量不足造成密封性能不好。”？,是,"根据题面提供的信息，FMEA编号“LFP009”对应的原因是“外力损伤；碰撞、安装不规范造成密封结构破坏；制造原因：焊接缺陷、封合胶量不足造成密封性能不好。”

因此，直接回答问题：

是的。",正确,1.0,675.39,纯LLM直答,,,0,,0,,,,,,,,是/否判断,8,
189,189,PureLLM直接回答(qwen2.5:7b),无KG/RAG/CSV/规则系统,风险影响评估类,risk_bool,,M4_证据裁决,证据裁决,简单,FMEA编号“LFP009”对应的后果是否就是“安全事故”？,是,"根据题面提供的信息，“FMEA编号‘LFP009’对应的后果是否就是‘安全事故’”这一问题，没有给出足够的背景信息或直接关联来确认这个结论。因此，基于现有信息，无法确定“LFP009”的具体后果是什么。

如果需要准确答案，建议参考相关文档或系统中对该FMEA编号的具体描述。",错误,0.0,828.84,纯LLM直答,,,0,,0,是/否判断,,,,,,,是/否判断,8,
190,190,PureLLM直接回答(qwen2.5:7b),无KG/RAG/CSV/规则系统,风险影响评估类,mode_project_bool,,M4_证据裁决,证据裁决,简单,失效模式“电池漏液”是不是出现在项目/功能“电池壳体”里？,是,是。失效模式“电池漏液”通常与项目/功能“电池壳体”相关。,正确,1.0,361.9,纯LLM直答,,,0,,0,,,,,,,,是/否判断,8,
191,191,PureLLM直接回答(qwen2.5:7b),无KG/RAG/CSV/规则系统,风险影响评估类,risk_mode_code,,M3_查询理解与语义检索增强,口语化/模糊检索,简单,失效模式“电池漏液”对应的FMEA编号是什么？,LFP009,题目中没有提供足够的信息来确定“电池漏液”这一失效模式的具体FMEA编号。请提供更多相关数据以便准确回答此问题。,错误,0.0,462.82,纯LLM直答,,0.0,0,,0,LFP009,,,,,LFP009,,FmeaID,8,
192,192,PureLLM直接回答(qwen2.5:7b),无KG/RAG/CSV/规则系统,风险影响评估类,risk_mode_project,,M3_查询理解与语义检索增强,口语化/模糊检索,简单,在项目/功能“电池壳体”里，失效模式“电池漏液”的后果是什么？,安全事故,答案：电池漏液可能导致电池性能下降、火灾或爆炸等严重后果。,错误,0.0,347.82,纯LLM直答,,0.0,0,,0,安全事故,,,,,安全事故,,,8,
193,193,PureLLM直接回答(qwen2.5:7b),无KG/RAG/CSV/规则系统,风险影响评估类,project_avg_rpn,,M2_规则推理,规则推理,中等,项目/功能“高压箱”的平均RPN是多少？,平均RPN=103.00,"题目中没有提供足够的信息来计算或确定“高压箱”项目的具体平均RPN值。RPN（风险优先级数）是通过失效可能性（O）、严重度（S）和检测度（D）三个因子的乘积得出的，而这些因子的具体数值在题面中并未给出。

如果需要进行计算，通常会参考如下公式：
\[ RPN = O \times S \times D \]

由于缺少具体的O、S、D值，无法直接给出答案。如果有更多具体数据，请提供以便进一步分析。",错误,0.0,1125.54,纯LLM直答,,0.0,0,,0,,103.0,,,,,103.0,RPN,11,
194,194,PureLLM直接回答(qwen2.5:7b),无KG/RAG/CSV/规则系统,风险影响评估类,project_top_mode,,M2_规则推理,规则推理,中等,项目/功能“高压箱”里RPN最高的失效模式是什么？,输出不受控制；RPN=180.0,"由于题面没有提供具体的FMEA表格或详细信息，我将基于一般情况给出一个假设的答案。通常情况下，RPN（风险优先级数）是失效模式、严重度(S)、发生频率(O)和检测难易程度(D)的乘积。假设“高压箱”的某个失效模式具有最高的RPN值，那么这个失效模式可能是：

1. 失效模式：绝缘材料老化
2. 严重度(S)：9（最高级别）
3. 发生频率(O)：6
4. 检测难易程度(D)：5

因此，RPN = S × O × D = 9 × 6 × 5 = 270。

所以，项目/功能“高压箱”里RPN最高的失效模式可能是绝缘材料老化。请注意，这只是一个假设的例子，并非基于具体数据得出的结论。",错误,0.0,1650.6,纯LLM直答,,0.0,1,,0,输出不受控制,180.0,,,1.0；2.0；9.0；3.0；6.0；4.0；5.0；9.0；6.0；5.0；270.0,输出不受控制,180.0,FailureMode；RPN,11,
195,195,PureLLM直接回答(qwen2.5:7b),无KG/RAG/CSV/规则系统,风险影响评估类,project_top_effect,,M2_规则推理,规则推理,中等,项目/功能“高压箱”里RPN最高的那条，它的后果是什么？,安全事故,"由于题面没有提供具体的FMEA表格或详细信息，我将基于一般情况给出一个假设的答案。通常情况下，RPN（风险优先级数）是失效模式、严重度(S)、发生频率(O)和检测难易程度(D)的乘积。RPN最高的那条记录意味着其后果最为严重。

假设高压箱中有一项失效模式导致的RPN值最高，那么它的后果可能是：

**答案：致命（或严重影响系统功能）**

这只是一个基于一般情况的假设回答，具体后果需要根据实际FMEA表格中的信息来确定。",错误,0.0,1132.37,纯LLM直答,,0.0,0,0.0,0,安全事故,,,,,安全事故,,FailureEffect,11,
196,196,PureLLM直接回答(qwen2.5:7b),无KG/RAG/CSV/规则系统,故障原因诊断类,cause_code,,M1_编号直答,CSV直答,简单,FMEA编号“LFP010”这条的潜在失效原因/机理是什么？,无有效保护措施,根据题面提供的信息，“LFP010”这条记录的潜在失效原因是由于连接器接触不良。,错误,0.0,381.04,纯LLM直答,,0.0,0,,0,无有效保护措施,,,,,无有效保护措施,,,9,
197,197,PureLLM直接回答(qwen2.5:7b),无KG/RAG/CSV/规则系统,风险影响评估类,effect_code,,M1_编号直答,CSV直答,简单,FMEA编号“LFP010”这条的潜在失效后果是什么？,安全事故,根据题面提供的信息，“LFP010”这条的潜在失效后果是未给出具体细节。在实际的FMEA分析中，潜在失效后果需要通过详细的分析来确定，例如设备停机、生产损失、安全风险等。但由于题面没有提供具体信息，因此无法给出确切的答案。,错误,0.0,751.78,纯LLM直答,,0.0,0,,0,安全事故,,,,,安全事故,,,9,
198,198,PureLLM直接回答(qwen2.5:7b),无KG/RAG/CSV/规则系统,风险影响评估类,rpn_code,,M1_编号直答,CSV直答,简单,FMEA编号“LFP010”这条的RPN是多少？,RPN=120.0,根据题面提供的信息，“LFP010”这条的RPN是未给出足够信息可以直接确定的具体数值。因此，无法直接回答该RPN的具体数值。如果需要这个值，可能需要参考具体的FMEA文档或进一步的信息。,错误,0.0,630.98,纯LLM直答,,0.0,0,,0,,120.0,,,,,120.0,RPN,9,
199,199,PureLLM直接回答(qwen2.5:7b),无KG/RAG/CSV/规则系统,风险影响评估类,s_code,,M1_编号直答,CSV直答,简单,FMEA编号“LFP010”这条的S是多少？,S=10.0,题目中没有提供足够的信息来确定FMEA编号“LFP010”的S值。请提供更多相关数据或上下文。,正确,1.0,439.54,纯LLM直答,,0.0,0,,0,,,10.0,,,,10.0,S,9,
200,200,PureLLM直接回答(qwen2.5:7b),无KG/RAG/CSV/规则系统,风险影响评估类,o_code,,M1_编号直答,CSV直答,简单,FMEA编号“LFP010”这条的O是多少？,O=2.0,题目中没有提供足够的信息来确定FMEA编号“LFP010”的O值（严重度）。请提供更多相关数据。,错误,0.0,434.18,纯LLM直答,,0.0,0,,0,,2.0,,,,,2.0,O,9,
201,201,PureLLM直接回答(qwen2.5:7b),无KG/RAG/CSV/规则系统,风险影响评估类,d_code,,M1_编号直答,CSV直答,简单,FMEA编号“LFP010”这条的D是多少？,D=6.0,根据题面提供的信息，“LFP010”这条的D值没有给出具体数值。因此无法直接回答D的具体数值。如果需要这个值，可能需要参考相关的FMEA文档或者进一步的信息。,错误,0.0,584.69,纯LLM直答,,0.0,0,,0,,6.0,,,,,6.0,D,9,
202,202,PureLLM直接回答(qwen2.5:7b),无KG/RAG/CSV/规则系统,故障措施推荐类,action_code,,M1_编号直答,CSV直答,简单,FMEA编号“LFP010”这条的建议措施是什么？,现场做防护处理,"根据题面提供的信息，“LFP010”这条记录的建议措施是未给出具体细节。在实际的FMEA分析中，建议措施通常会详细说明如何预防或减轻失效模式的影响。但由于题面没有提供具体的建议措施内容，因此无法给出确切的答案。

建议措施可能包括但不限于：设计更改、过程控制改进、增加检测步骤等。",错误,0.0,828.62,纯LLM直答,,0.0,0,,0,现场做防护处理,,,,,现场做防护处理,,RecommendedAction,9,
203,203,PureLLM直接回答(qwen2.5:7b),无KG/RAG/CSV/规则系统,故障原因诊断类,cause_mode,,M3_查询理解与语义检索增强,口语化/模糊检索,简单,失效模式“漏电”对应的潜在失效原因/机理是什么？,无有效保护措施,"失效模式“漏电”的潜在失效原因/机理可能包括：

1. 绝缘材料老化或损坏；
2. 电气连接松动或接触不良；
3. 导线破损或裸露；
4. 接地故障；
5. 潮湿环境导致绝缘性能下降。",错误,0.0,701.24,纯LLM直答,,0.0,1,,0,无有效保护措施,,,,1.0；2.0；3.0；4.0；5.0,无有效保护措施,,,9,
204,204,PureLLM直接回答(qwen2.5:7b),无KG/RAG/CSV/规则系统,风险影响评估类,effect_mode,,M3_查询理解与语义检索增强,口语化/模糊检索,简单,失效模式“漏电”对应的潜在失效后果是什么？,安全事故,答案：人员触电伤害、设备损坏。,错误,0.0,301.31,纯LLM直答,,0.0,0,,0,安全事故,,,,,安全事故,,,9,
205,205,PureLLM直接回答(qwen2.5:7b),无KG/RAG/CSV/规则系统,风险影响评估类,rpn_mode,,M3_查询理解与语义检索增强,口语化/模糊检索,简单,失效模式“漏电”的RPN是多少？,RPN=120.0,由于题面没有提供足够的信息来计算具体的RPN（风险优先级数），包括失效模式“漏电”的严重度（S）、发生频度（O）和检测难度（D）的具体数值，因此无法直接给出一个确切的RPN值。通常，RPN是通过将这三个因素的评分相乘得到的。例如，如果严重度评分为9、发生频度评分为6、检测难度评分为4，则RPN为9 * 6 * 4 = 216。请根据实际情况填写相应的数值以计算出具体的RPN值。,错误,0.0,1227.47,纯LLM直答,,0.0,1,,0,,120.0,,,9.0；6.0；4.0；9.0；6.0；4.0；216.0,,120.0,RPN,9,
206,206,PureLLM直接回答(qwen2.5:7b),无KG/RAG/CSV/规则系统,故障措施推荐类,action_mode,,M3_查询理解与语义检索增强,口语化/模糊检索,简单,失效模式“漏电”对应的建议措施是什么？,现场做防护处理,"对于失效模式“漏电”，建议措施可以包括：

1. 定期检查电气设备的绝缘性能；
2. 确保所有电气连接正确且紧固；
3. 使用漏电保护器（RCD）进行额外的安全防护；
4. 避免在潮湿环境中使用电器；
5. 培训操作人员识别和处理漏电风险。

这些措施可以有效降低漏电带来的安全隐患。",错误,0.0,939.25,纯LLM直答,,0.0,1,,0,现场做防护处理,,,,1.0；2.0；3.0；4.0；5.0,现场做防护处理,,RecommendedAction,9,
207,207,PureLLM直接回答(qwen2.5:7b),无KG/RAG/CSV/规则系统,故障原因诊断类,cause_colloquial,,M3_查询理解与语义检索增强,口语化/模糊检索,中等,在项目/功能“高压箱”里，失效模式“漏电”这个问题，原因讲白一点是什么？,无有效保护措施,失效模式“漏电”的原因是由于绝缘材料损坏或电气连接不良导致的电流异常泄漏。,错误,0.0,386.47,纯LLM直答,,0.0,0,,0,无有效保护措施,,,,,无有效保护措施,,,9,
208,208,PureLLM直接回答(qwen2.5:7b),无KG/RAG/CSV/规则系统,风险影响评估类,effect_colloquial,,M3_查询理解与语义检索增强,口语化/模糊检索,中等,在项目/功能“高压箱”里，失效模式“漏电”最后会带来什么后果？,安全事故,答案：人员触电、设备损坏、火灾风险增加。,错误,0.0,312.65,纯LLM直答,,0.0,0,,0,安全事故,,,,,安全事故,,,9,
209,209,PureLLM直接回答(qwen2.5:7b),无KG/RAG/CSV/规则系统,故障措施推荐类,action_colloquial,,M3_查询理解与语义检索增强,口语化/模糊检索,中等,在项目/功能“高压箱”里，失效模式“漏电”一般怎么处理？,现场做防护处理,"对于项目/功能“高压箱”中失效模式“漏电”的处理，通常包括以下几个步骤：

1. **立即断开电源**：确保人员安全，避免触电风险。
2. **检查和定位故障点**：使用绝缘工具检查线路，确定漏电的具体位置。
3. **修复或更换损坏部件**：根据检查结果，对受损的电线、接头或其他组件进行修复或更换。
4. **重新测试系统**：在完成维修后，进行全面的安全测试，确保没有再次出现漏电现象。

这些措施可以有效防止事故的发生，并保障系统的安全运行。",错误,0.0,1251.53,纯LLM直答,,0.0,1,,0,现场做防护处理,,,,1.0；2.0；3.0；4.0,现场做防护处理,,,9,
210,210,PureLLM直接回答(qwen2.5:7b),无KG/RAG/CSV/规则系统,风险影响评估类,risk_colloquial,,M3_查询理解与语义检索增强,口语化/模糊检索,中等,在项目/功能“高压箱”里，失效模式“漏电”的风险最后会体现成什么？,安全事故,失效模式“漏电”的风险最后会体现在安全（Safety）方面。,错误,0.0,340.6,纯LLM直答,,0.0,0,,0,安全事故,,,,,安全事故,,,9,
211,211,PureLLM直接回答(qwen2.5:7b),无KG/RAG/CSV/规则系统,故障原因诊断类,cause_bool,,M4_证据裁决,证据裁决,简单,FMEA编号“LFP010”对应的原因是否就是“无有效保护措施”？,是,题目中没有提供足够的信息来确定FMEA编号“LFP010”对应的具体原因是否为“无有效保护措施”。请提供更多相关背景或具体描述。,错误,0.0,498.04,纯LLM直答,,,0,,0,是/否判断,,,,,,,是/否判断,9,
212,212,PureLLM直接回答(qwen2.5:7b),无KG/RAG/CSV/规则系统,风险影响评估类,risk_bool,,M4_证据裁决,证据裁决,简单,FMEA编号“LFP010”对应的后果是否就是“安全事故”？,是,"根据题面提供的信息，“FMEA编号‘LFP010’对应的后果是否就是‘安全事故’”这一问题，没有给出足够的背景信息或直接关联来确认该结论。因此，无法直接回答是或否。

如果假设“LFP010”是一个特定的失效模式在FMEA分析中的编号，并且根据上下文，“安全事故”是指某种严重的后果，则需要具体分析该编号对应的失效模式的具体描述才能确定其后果是否为“安全事故”。

通常情况下，在FMEA中，后果（O）会根据严重性进行评分。如果题面没有提供足够的信息来判断LFP010的后果是“安全事故”，则不能直接得出结论。

答案：无法确认。",错误,0.0,1396.63,纯LLM直答,,,0,,0,是/否判断,,,,,,,是/否判断,9,
213,213,PureLLM直接回答(qwen2.5:7b),无KG/RAG/CSV/规则系统,风险影响评估类,mode_project_bool,,M4_证据裁决,证据裁决,简单,失效模式“漏电”是不是出现在项目/功能“高压箱”里？,是,题目中没有提供足够的信息来确定“漏电”这一失效模式是否出现在“高压箱”这个项目或功能中。请提供更多相关细节以便准确判断。,错误,0.0,470.06,纯LLM直答,,,0,,0,是/否判断,,,,,,,是/否判断,9,
214,214,PureLLM直接回答(qwen2.5:7b),无KG/RAG/CSV/规则系统,风险影响评估类,risk_mode_code,,M3_查询理解与语义检索增强,口语化/模糊检索,简单,失效模式“漏电”对应的FMEA编号是什么？,LFP010,题目中没有提供足够的信息来确定“漏电”这一失效模式的具体FMEA编号。请提供更多相关数据以便准确回答此问题。,错误,0.0,437.54,纯LLM直答,,0.0,0,,0,LFP010,,,,,LFP010,,FmeaID,9,
215,215,PureLLM直接回答(qwen2.5:7b),无KG/RAG/CSV/规则系统,风险影响评估类,risk_mode_project,,M3_查询理解与语义检索增强,口语化/模糊检索,简单,在项目/功能“高压箱”里，失效模式“漏电”的后果是什么？,安全事故,答案：可能导致人员触电伤亡、设备损坏。,错误,0.0,288.4,纯LLM直答,,0.0,0,,0,安全事故,,,,,安全事故,,,9,
216,216,PureLLM直接回答(qwen2.5:7b),无KG/RAG/CSV/规则系统,故障原因诊断类,cause_code,,M1_编号直答,CSV直答,简单,FMEA编号“LFP011”这条的潜在失效原因/机理是什么？,使用电流高于额定电流不保护,根据题面提供的信息，“LFP011”这条记录的潜在失效原因是由于连接器接触不良。,错误,0.0,413.63,纯LLM直答,,0.0,0,,0,使用电流高于额定电流不保护,,,,,使用电流高于额定电流不保护,,,10,
217,217,PureLLM直接回答(qwen2.5:7b),无KG/RAG/CSV/规则系统,风险影响评估类,effect_code,,M1_编号直答,CSV直答,简单,FMEA编号“LFP011”这条的潜在失效后果是什么？,安全事故,根据题面信息，“LFP011”这条的潜在失效后果是未提供的。请提供更多的详细信息以便给出准确的答案。,错误,0.0,456.8,纯LLM直答,,0.0,0,,0,安全事故,,,,,安全事故,,,10,
218,218,PureLLM直接回答(qwen2.5:7b),无KG/RAG/CSV/规则系统,风险影响评估类,rpn_code,,M1_编号直答,CSV直答,简单,FMEA编号“LFP011”这条的RPN是多少？,RPN=18.0,根据题面提供的信息，无法确定FMEA编号“LFP011”的RPN值。请提供更多的详细信息以获得准确的答案。,错误,0.0,465.2,纯LLM直答,,0.0,0,,0,,18.0,,,,,18.0,RPN,10,
219,219,PureLLM直接回答(qwen2.5:7b),无KG/RAG/CSV/规则系统,风险影响评估类,s_code,,M1_编号直答,CSV直答,简单,FMEA编号“LFP011”这条的S是多少？,S=9.0,题目中没有提供足够的信息来确定FMEA编号“LFP011”的S值。请提供更多相关数据或上下文。,错误,0.0,464.68,纯LLM直答,,0.0,0,,0,,9.0,,,,,9.0,S,10,
220,220,PureLLM直接回答(qwen2.5:7b),无KG/RAG/CSV/规则系统,风险影响评估类,o_code,,M1_编号直答,CSV直答,简单,FMEA编号“LFP011”这条的O是多少？,O=2.0,题目中没有提供足够的信息来确定FMEA编号“LFP011”的O（严重度）值。请提供更多相关数据以获得准确答案。,错误,0.0,498.54,纯LLM直答,,0.0,0,,0,,2.0,,,,,2.0,O,10,
221,221,PureLLM直接回答(qwen2.5:7b),无KG/RAG/CSV/规则系统,风险影响评估类,d_code,,M1_编号直答,CSV直答,简单,FMEA编号“LFP011”这条的D是多少？,D=5.0,根据题面提供的信息，无法确定FMEA编号“LFP011”对应的D值。请提供更多的上下文或相关信息以便给出准确的答案。,错误,0.0,493.84,纯LLM直答,,0.0,0,,0,,5.0,,,,,5.0,D,10,
222,222,PureLLM直接回答(qwen2.5:7b),无KG/RAG/CSV/规则系统,故障原因诊断类,cause_mode,,M3_查询理解与语义检索增强,口语化/模糊检索,简单,失效模式“过电流”对应的潜在失效原因/机理是什么？,使用电流高于额定电流不保护,"失效模式“过电流”对应的潜在失效原因/机理可能包括：

1. 电路元件损坏或老化；
2. 连接不良或接触电阻增加；
3. 设备负载超出设计范围；
4. 短路或接地故障。

这些都可能导致电流超过安全值，从而引发过电流的失效模式。",错误,0.0,779.93,纯LLM直答,,0.0,1,,0,使用电流高于额定电流不保护,,,,1.0；2.0；3.0；4.0,使用电流高于额定电流不保护,,,10,
223,223,PureLLM直接回答(qwen2.5:7b),无KG/RAG/CSV/规则系统,风险影响评估类,effect_mode,,M3_查询理解与语义检索增强,口语化/模糊检索,简单,失效模式“过电流”对应的潜在失效后果是什么？,安全事故,答案：烧毁电路组件（或设备）,错误,0.0,293.45,纯LLM直答,,0.0,0,,0,安全事故,,,,,安全事故,,,10,
224,224,PureLLM直接回答(qwen2.5:7b),无KG/RAG/CSV/规则系统,风险影响评估类,rpn_mode,,M3_查询理解与语义检索增强,口语化/模糊检索,简单,失效模式“过电流”的RPN是多少？,RPN=18.0,由于题面没有提供足够的信息来计算或确定“过电流”失效模式的具体RPN值（严重度S、发生频度O和检测度D的乘积），我无法给出确切的答案。请根据实际的风险评估数据来确定这些数值并计算RPN。,错误,0.0,689.25,纯LLM直答,,0.0,0,,0,,18.0,,,,,18.0,RPN,10,
225,225,PureLLM直接回答(qwen2.5:7b),无KG/RAG/CSV/规则系统,故障原因诊断类,cause_colloquial,,M3_查询理解与语义检索增强,口语化/模糊检索,中等,在项目/功能“高压箱”里，失效模式“过电流”这个问题，原因讲白一点是什么？,使用电流高于额定电流不保护,失效模式“过电流”的原因是电路中电流超过了设计的最大安全值。,错误,0.0,328.47,纯LLM直答,,0.0,0,,0,使用电流高于额定电流不保护,,,,,使用电流高于额定电流不保护,,,10,
226,226,PureLLM直接回答(qwen2.5:7b),无KG/RAG/CSV/规则系统,风险影响评估类,effect_colloquial,,M3_查询理解与语义检索增强,口语化/模糊检索,中等,在项目/功能“高压箱”里，失效模式“过电流”最后会带来什么后果？,安全事故,答案：过电流可能导致电气设备损坏、火灾等严重后果。,错误,0.0,328.57,纯LLM直答,,0.0,0,,0,安全事故,,,,,安全事故,,,10,
227,227,PureLLM直接回答(qwen2.5:7b),无KG/RAG/CSV/规则系统,风险影响评估类,risk_colloquial,,M3_查询理解与语义检索增强,口语化/模糊检索,中等,在项目/功能“高压箱”里，失效模式“过电流”的风险最后会体现成什么？,安全事故,在项目/功能“高压箱”里，失效模式“过电流”的风险最后会体现在风险优先级数（RPN）上。,错误,0.0,439.91,纯LLM直答,,0.0,0,,0,安全事故,,,,,安全事故,,,10,
228,228,PureLLM直接回答(qwen2.5:7b),无KG/RAG/CSV/规则系统,故障原因诊断类,cause_bool,,M4_证据裁决,证据裁决,简单,FMEA编号“LFP011”对应的原因是否就是“使用电流高于额定电流不保护”？,是,"根据题面提供的信息，“FMEA编号‘LFP011’对应的原因是否就是‘使用电流高于额定电流不保护’？”这一问题无法直接得出结论，因为题面没有提供足够的背景信息来确认这一点。通常情况下，FMEA（失效模式与效应分析）中的失效原因需要具体分析和定义。如果“使用电流高于额定电流不保护”是该编号对应的原因之一，则可能是正确的，但不能确定。

答案：无法确定。",错误,0.0,1027.54,纯LLM直答,,,0,,0,是/否判断,,,,,,,是/否判断,10,
229,229,PureLLM直接回答(qwen2.5:7b),无KG/RAG/CSV/规则系统,风险影响评估类,risk_bool,,M4_证据裁决,证据裁决,简单,FMEA编号“LFP011”对应的后果是否就是“安全事故”？,是,"根据题面提供的信息，“FMEA编号‘LFP011’对应的后果是否就是‘安全事故’？”这一问题没有给出足够的背景信息或直接说明。因此，基于现有信息，无法确定“LFP011”的具体后果是什么。

如果需要判断该编号的后果，请提供更多的上下文或者相关信息。",错误,0.0,773.93,纯LLM直答,,,0,,0,是/否判断,,,,,,,是/否判断,10,
230,230,PureLLM直接回答(qwen2.5:7b),无KG/RAG/CSV/规则系统,风险影响评估类,mode_project_bool,,M4_证据裁决,证据裁决,简单,失效模式“过电流”是不是出现在项目/功能“高压箱”里？,是,题目中没有提供足够的信息来确定“过电流”是否出现在“高压箱”这个项目或功能里。请提供更多相关细节以便准确回答。,错误,0.0,478.91,纯LLM直答,,,0,,0,是/否判断,,,,,,,是/否判断,10,
231,231,PureLLM直接回答(qwen2.5:7b),无KG/RAG/CSV/规则系统,风险影响评估类,risk_mode_code,,M3_查询理解与语义检索增强,口语化/模糊检索,简单,失效模式“过电流”对应的FMEA编号是什么？,LFP011,题目中没有提供足够的信息来确定“过电流”这一失效模式的具体FMEA编号。请提供更多相关数据以便准确回答此问题。,错误,0.0,448.99,纯LLM直答,,0.0,0,,0,LFP011,,,,,LFP011,,FmeaID,10,
232,232,PureLLM直接回答(qwen2.5:7b),无KG/RAG/CSV/规则系统,风险影响评估类,risk_mode_project,,M3_查询理解与语义检索增强,口语化/模糊检索,简单,在项目/功能“高压箱”里，失效模式“过电流”的后果是什么？,安全事故,答案：过电流可能导致电气设备损坏、火灾等严重后果。,错误,0.0,338.42,纯LLM直答,,0.0,0,,0,安全事故,,,,,安全事故,,,10,
233,233,PureLLM直接回答(qwen2.5:7b),无KG/RAG/CSV/规则系统,故障原因诊断类,cause_code,,M1_编号直答,CSV直答,简单,FMEA编号“LFP012”这条的潜在失效原因/机理是什么？,元器件损坏,根据题面提供的信息，“LFP012”这条记录的潜在失效原因是由于连接器接触不良。,错误,0.0,405.73,纯LLM直答,,0.0,0,,0,元器件损坏,,,,,元器件损坏,,,11,
234,234,PureLLM直接回答(qwen2.5:7b),无KG/RAG/CSV/规则系统,风险影响评估类,effect_code,,M1_编号直答,CSV直答,简单,FMEA编号“LFP012”这条的潜在失效后果是什么？,安全事故,根据题面信息，“LFP012”这条的潜在失效后果未给出具体描述。因此无法提供确切的答案。如果需要了解具体的失效后果，建议参考相关的设计文档或分析报告。,错误,0.0,560.27,纯LLM直答,,0.0,0,,0,安全事故,,,,,安全事故,,,11,
235,235,PureLLM直接回答(qwen2.5:7b),无KG/RAG/CSV/规则系统,风险影响评估类,rpn_code,,M1_编号直答,CSV直答,简单,FMEA编号“LFP012”这条的RPN是多少？,RPN=180.0,题目中没有提供足够的信息来确定FMEA编号“LFP012”的RPN值。请提供更多相关数据以获得准确的答案。,错误,0.0,475.06,纯LLM直答,,0.0,0,,0,,180.0,,,,,180.0,RPN,11,
236,236,PureLLM直接回答(qwen2.5:7b),无KG/RAG/CSV/规则系统,风险影响评估类,s_code,,M1_编号直答,CSV直答,简单,FMEA编号“LFP012”这条的S是多少？,S=9.0,题目中没有提供足够的信息来确定FMEA编号“LFP012”的S值。请提供更多相关数据或上下文。,错误,0.0,463.77,纯LLM直答,,0.0,0,,0,,9.0,,,,,9.0,S,11,
237,237,PureLLM直接回答(qwen2.5:7b),无KG/RAG/CSV/规则系统,风险影响评估类,o_code,,M1_编号直答,CSV直答,简单,FMEA编号“LFP012”这条的O是多少？,O=4.0,题目中没有提供足够的信息来确定FMEA编号“LFP012”的O值（严重度）。请提供更多相关数据。,错误,0.0,469.42,纯LLM直答,,0.0,0,,0,,4.0,,,,,4.0,O,11,
238,238,PureLLM直接回答(qwen2.5:7b),无KG/RAG/CSV/规则系统,风险影响评估类,d_code,,M1_编号直答,CSV直答,简单,FMEA编号“LFP012”这条的D是多少？,D=5.0,根据题面提供的信息，无法确定FMEA编号“LFP012”对应的D值。请提供更多的细节或上下文以便给出准确的答案。,错误,0.0,490.2,纯LLM直答,,0.0,0,,0,,5.0,,,,,5.0,D,11,
239,239,PureLLM直接回答(qwen2.5:7b),无KG/RAG/CSV/规则系统,故障措施推荐类,action_code,,M1_编号直答,CSV直答,简单,FMEA编号“LFP012”这条的建议措施是什么？,更换损坏器件,"根据题面提供的信息，“LFP012”这条记录的建议措施是未给出具体细节。在实际的FMEA分析中，建议措施通常会详细描述为解决失效模式所采取的具体步骤或改进方案。但由于题面没有提供具体的建议措施内容，因此无法给出确切答案。

建议措施可能包括但不限于：设计更改、过程调整、增加检测手段等。",错误,0.0,864.72,纯LLM直答,,0.0,0,,0,更换损坏器件,,,,,更换损坏器件,,RecommendedAction,11,
240,240,PureLLM直接回答(qwen2.5:7b),无KG/RAG/CSV/规则系统,故障原因诊断类,cause_mode,,M3_查询理解与语义检索增强,口语化/模糊检索,简单,失效模式“输出不受控制”对应的潜在失效原因/机理是什么？,元器件损坏,"失效模式“输出不受控制”的潜在失效原因是：

1. 控制回路故障
2. 传感器失灵
3. 执行器损坏或响应延迟
4. 参数设置不当
5. 环境干扰

这些因素可能导致系统的输出无法被有效控制。",错误,0.0,702.66,纯LLM直答,,0.0,1,,0,元器件损坏,,,,1.0；2.0；3.0；4.0；5.0,元器件损坏,,,11,
241,241,PureLLM直接回答(qwen2.5:7b),无KG/RAG/CSV/规则系统,风险影响评估类,effect_mode,,M3_查询理解与语义检索增强,口语化/模糊检索,简单,失效模式“输出不受控制”对应的潜在失效后果是什么？,安全事故,输出不受控制可能导致生产出不合格产品。,错误,0.0,293.45,纯LLM直答,,0.0,0,,0,安全事故,,,,,安全事故,,,11,
242,242,PureLLM直接回答(qwen2.5:7b),无KG/RAG/CSV/规则系统,风险影响评估类,rpn_mode,,M3_查询理解与语义检索增强,口语化/模糊检索,简单,失效模式“输出不受控制”的RPN是多少？,RPN=180.0,由于题面没有提供足够的信息来计算具体的RPN（风险优先级数），包括失效模式“输出不受控制”的严重度(S)、发生频度(O)和检测难度(D)的具体数值，因此无法直接给出一个确切的RPN值。通常，RPN是通过将S、O和D的评分相乘得到的。如果需要计算具体的RPN，请提供这三个因子的具体评分。,错误,0.0,911.0,纯LLM直答,,0.0,0,,0,,180.0,,,,,180.0,RPN,11,
243,243,PureLLM直接回答(qwen2.5:7b),无KG/RAG/CSV/规则系统,故障措施推荐类,action_mode,,M3_查询理解与语义检索增强,口语化/模糊检索,简单,失效模式“输出不受控制”对应的建议措施是什么？,更换损坏器件,"对于失效模式“输出不受控制”，建议措施可以包括：

1. 定期检查和调整控制系统参数；
2. 增强监控系统，实时检测异常输出；
3. 提高操作人员的培训水平，确保能够及时响应异常情况；
4. 实施更严格的维护计划，确保设备处于良好状态。

这些措施旨在减少或消除输出不受控制的风险。",错误,0.0,846.7,纯LLM直答,,0.0,1,,0,更换损坏器件,,,,1.0；2.0；3.0；4.0,更换损坏器件,,RecommendedAction,11,
244,244,PureLLM直接回答(qwen2.5:7b),无KG/RAG/CSV/规则系统,故障原因诊断类,cause_colloquial,,M3_查询理解与语义检索增强,口语化/模糊检索,中等,在项目/功能“高压箱”里，失效模式“输出不受控制”这个问题，原因讲白一点是什么？,元器件损坏,失效模式“输出不受控制”的主要原因可能是控制电路或器件故障，导致输出无法按照预期进行正确调节或切断。,错误,0.0,434.29,纯LLM直答,,0.0,0,,0,元器件损坏,,,,,元器件损坏,,,11,
245,245,PureLLM直接回答(qwen2.5:7b),无KG/RAG/CSV/规则系统,风险影响评估类,effect_colloquial,,M3_查询理解与语义检索增强,口语化/模糊检索,中等,在项目/功能“高压箱”里，失效模式“输出不受控制”最后会带来什么后果？,安全事故,在项目/功能“高压箱”里，失效模式“输出不受控制”最后可能会导致系统安全风险增加，设备损坏，甚至引发安全事故。,正确,1.0,441.56,纯LLM直答,,0.0,0,,0,,,,,,安全事故,,,11,
246,246,PureLLM直接回答(qwen2.5:7b),无KG/RAG/CSV/规则系统,故障措施推荐类,action_colloquial,,M3_查询理解与语义检索增强,口语化/模糊检索,中等,在项目/功能“高压箱”里，失效模式“输出不受控制”一般怎么处理？,更换损坏器件,"对于项目/功能“高压箱”中失效模式“输出不受控制”的处理，通常可以采取以下措施：

1. **立即停止相关操作**：确保安全，避免进一步的危险。
2. **检查控制系统**：确认控制回路是否正常工作，包括传感器、执行器和控制器。
3. **诊断故障原因**：通过监控数据和日志分析找出具体失效原因。
4. **隔离受影响部分**：防止故障扩散到其他系统或组件。
5. **恢复输出控制**：修复或更换损坏的部件，并重新校准控制系统。
6. **记录并报告**：详细记录事件经过，包括时间、操作人员、处理过程等信息，并向上级汇报。

这些措施旨在快速响应和解决失效问题，保障系统的稳定运行。",错误,0.0,1534.59,纯LLM直答,,0.0,1,,0,更换损坏器件,,,,1.0；2.0；3.0；4.0；5.0；6.0,更换损坏器件,,,11,
247,247,PureLLM直接回答(qwen2.5:7b),无KG/RAG/CSV/规则系统,风险影响评估类,risk_colloquial,,M3_查询理解与语义检索增强,口语化/模糊检索,中等,在项目/功能“高压箱”里，失效模式“输出不受控制”的风险最后会体现成什么？,安全事故,"在项目/功能“高压箱”里，失效模式“输出不受控制”的风险最后可能会体现在以下几个方面：

1. 安全性（Safety）：可能导致设备或系统损坏，甚至危及人员安全。
2. 可靠性（Reliability）：影响系统的正常运行，导致频繁的故障和停机时间。
3. 经济性（Economic）：增加维修成本和可能的赔偿费用。

综合以上三个方面，失效模式“输出不受控制”的风险可能会体现为一个较高的RPN值。",错误,0.0,1104.63,纯LLM直答,,0.0,1,,0,安全事故,,,,1.0；2.0；3.0,安全事故,,,11,
248,248,PureLLM直接回答(qwen2.5:7b),无KG/RAG/CSV/规则系统,故障原因诊断类,cause_bool,,M4_证据裁决,证据裁决,简单,FMEA编号“LFP012”对应的原因是否就是“元器件损坏”？,是,题目中没有提供足够的信息来确定FMEA编号“LFP012”对应的具体原因是否为“元器件损坏”。因此，基于现有信息，无法给出肯定或否定的答案。,错误,0.0,529.21,纯LLM直答,,,0,,0,是/否判断,,,,,,,是/否判断,11,
249,249,PureLLM直接回答(qwen2.5:7b),无KG/RAG/CSV/规则系统,风险影响评估类,risk_bool,,M4_证据裁决,证据裁决,简单,FMEA编号“LFP012”对应的后果是否就是“安全事故”？,是,"根据题面提供的信息，“FMEA编号‘LFP012’对应的后果是否就是‘安全事故’”这一问题，没有给出足够的背景信息或直接证据来确认这个结论。因此，基于现有信息，无法确定“LFP012”的具体后果是什么。

如果需要准确答案，建议参考相关文档或数据源以获取确切的信息。",错误,0.0,820.1,纯LLM直答,,,0,,0,是/否判断,,,,,,,是/否判断,11,
250,250,PureLLM直接回答(qwen2.5:7b),无KG/RAG/CSV/规则系统,风险影响评估类,mode_project_bool,,M4_证据裁决,证据裁决,简单,失效模式“输出不受控制”是不是出现在项目/功能“高压箱”里？,是,题目中没有提供足够的信息来确定“失效模式‘输出不受控制’”是否出现在项目/功能“高压箱”里。请提供更多相关细节以便准确判断。,错误,0.0,480.53,纯LLM直答,,,0,,0,是/否判断,,,,,,,是/否判断,11,
251,251,PureLLM直接回答(qwen2.5:7b),无KG/RAG/CSV/规则系统,风险影响评估类,risk_mode_code,,M3_查询理解与语义检索增强,口语化/模糊检索,简单,失效模式“输出不受控制”对应的FMEA编号是什么？,LFP012,题目中没有提供足够的信息来确定具体哪个FMEA编号对应“输出不受控制”这一失效模式。请提供更多相关数据以便准确回答。,错误,0.0,470.0,纯LLM直答,,0.0,0,,0,LFP012,,,,,LFP012,,FmeaID,11,
252,252,PureLLM直接回答(qwen2.5:7b),无KG/RAG/CSV/规则系统,风险影响评估类,risk_mode_project,,M3_查询理解与语义检索增强,口语化/模糊检索,简单,在项目/功能“高压箱”里，失效模式“输出不受控制”的后果是什么？,安全事故,"根据常见的FMEA分析，失效模式“输出不受控制”的可能后果包括：

- 安全风险增加（如可能导致设备损坏或人员受伤）
- 功能失效（设备无法正常工作）
- 性能下降

具体后果可能因高压箱的具体应用场景和设计而有所不同。在没有更多详细信息的情况下，上述后果是比较常见的答案。",错误,0.0,801.69,纯LLM直答,,0.0,0,,0,安全事故,,,,,安全事故,,,11,
253,253,PureLLM直接回答(qwen2.5:7b),无KG/RAG/CSV/规则系统,故障原因诊断类,cause_code,,M1_编号直答,CSV直答,简单,FMEA编号“LFP013”这条的潜在失效原因/机理是什么？,无有效保护措施,根据题面提供的信息，“LFP013”这条记录的潜在失效原因是由于连接器松动。,错误,0.0,403.78,纯LLM直答,,0.0,0,,0,无有效保护措施,,,,,无有效保护措施,,,12,
254,254,PureLLM直接回答(qwen2.5:7b),无KG/RAG/CSV/规则系统,风险影响评估类,effect_code,,M1_编号直答,CSV直答,简单,FMEA编号“LFP013”这条的潜在失效后果是什么？,安全事故,根据题面信息，“LFP013”这条的潜在失效后果是未提供的。请提供更多的详细信息以便给出准确的答案。,错误,0.0,448.9,纯LLM直答,,0.0,0,,0,安全事故,,,,,安全事故,,,12,
255,255,PureLLM直接回答(qwen2.5:7b),无KG/RAG/CSV/规则系统,风险影响评估类,rpn_code,,M1_编号直答,CSV直答,简单,FMEA编号“LFP013”这条的RPN是多少？,RPN=120.0,根据题面提供的信息，“LFP013”这条的RPN是24。,错误,0.0,370.45,纯LLM直答,,0.0,1,,0,,120.0,,,24.0,,120.0,RPN,12,
256,256,PureLLM直接回答(qwen2.5:7b),无KG/RAG/CSV/规则系统,风险影响评估类,s_code,,M1_编号直答,CSV直答,简单,FMEA编号“LFP013”这条的S是多少？,S=10.0,根据题面提供的信息，无法确定FMEA编号“LFP013”这条的S值。请提供更多的详细信息。,错误,0.0,424.3,纯LLM直答,,0.0,0,,0,,10.0,,,,,10.0,S,12,
257,257,PureLLM直接回答(qwen2.5:7b),无KG/RAG/CSV/规则系统,风险影响评估类,o_code,,M1_编号直答,CSV直答,简单,FMEA编号“LFP013”这条的O是多少？,O=2.0,题目中没有提供足够的信息来确定FMEA编号“LFP013”的O（严重度）值。请提供更多相关数据以获得准确答案。,错误,0.0,482.24,纯LLM直答,,0.0,0,,0,,2.0,,,,,2.0,O,12,
258,258,PureLLM直接回答(qwen2.5:7b),无KG/RAG/CSV/规则系统,风险影响评估类,d_code,,M1_编号直答,CSV直答,简单,FMEA编号“LFP013”这条的D是多少？,D=6.0,根据题面提供的信息，无法确定FMEA编号“LFP013”这条的D值。请提供更多的详细信息以获得准确的答案。,错误,0.0,474.34,纯LLM直答,,0.0,0,,0,,6.0,,,,,6.0,D,12,
259,259,PureLLM直接回答(qwen2.5:7b),无KG/RAG/CSV/规则系统,故障原因诊断类,cause_mode,,M3_查询理解与语义检索增强,口语化/模糊检索,简单,失效模式“高压带电”对应的潜在失效原因/机理是什么？,无有效保护措施,"失效模式“高压带电”对应的潜在失效原因/机理可能包括：

1. 绝缘材料老化或损坏；
2. 接地不良或缺失；
3. 电气连接松动或断裂；
4. 高压部件制造缺陷；
5. 操作失误或维护不当。",错误,0.0,717.89,纯LLM直答,,0.0,1,,0,无有效保护措施,,,,1.0；2.0；3.0；4.0；5.0,无有效保护措施,,,12,
260,260,PureLLM直接回答(qwen2.5:7b),无KG/RAG/CSV/规则系统,风险影响评估类,effect_mode,,M3_查询理解与语义检索增强,口语化/模糊检索,简单,失效模式“高压带电”对应的潜在失效后果是什么？,安全事故,失效模式“高压带电”对应的潜在失效后果是人员触电。,错误,0.0,347.66,纯LLM直答,,0.0,0,,0,安全事故,,,,,安全事故,,,12,
261,261,PureLLM直接回答(qwen2.5:7b),无KG/RAG/CSV/规则系统,风险影响评估类,rpn_mode,,M3_查询理解与语义检索增强,口语化/模糊检索,简单,失效模式“高压带电”的RPN是多少？,RPN=120.0,"由于题面没有提供足够的信息来计算或确定具体的RPN值（风险优先级数），我将根据常见的FMEA分析中RPN的组成要素进行推测。RPN通常由严重度(S)、发生频率(O)和检测率(D)三个因素乘积得出。

如果假设“高压带电”这一失效模式在某个系统中的严重度为9（最高级别，可能导致人员伤亡），发生频率为4（偶尔发生），检测率为6（难以被及时发现），那么RPN可以计算如下：

\[ RPN = S \times O \times D = 9 \times 4 \times 6 = 216 \]

因此，“高压带电”的RPN可能是216。请注意，这只是一个基于假设的示例值，在实际分析中需要根据具体情况进行评估。",错误,0.0,1590.79,纯LLM直答,,0.0,1,,0,,120.0,,,9.0；4.0；6.0；9.0；4.0；6.0；216.0；216.0,,120.0,RPN,12,
262,262,PureLLM直接回答(qwen2.5:7b),无KG/RAG/CSV/规则系统,故障原因诊断类,cause_colloquial,,M3_查询理解与语义检索增强,口语化/模糊检索,中等,在项目/功能“高压箱”里，失效模式“高压带电”这个问题，原因讲白一点是什么？,无有效保护措施,失效模式“高压带电”的原因是由于电气连接或绝缘材料损坏导致的高压电泄漏。,错误,0.0,377.0,纯LLM直答,,0.0,0,,0,无有效保护措施,,,,,无有效保护措施,,,12,
263,263,PureLLM直接回答(qwen2.5:7b),无KG/RAG/CSV/规则系统,风险影响评估类,effect_colloquial,,M3_查询理解与语义检索增强,口语化/模糊检索,中等,在项目/功能“高压箱”里，失效模式“高压带电”最后会带来什么后果？,安全事故,答案：人员触电伤亡、设备损坏。,错误,0.0,284.03,纯LLM直答,,0.0,0,,0,安全事故,,,,,安全事故,,,12,
264,264,PureLLM直接回答(qwen2.5:7b),无KG/RAG/CSV/规则系统,风险影响评估类,risk_colloquial,,M3_查询理解与语义检索增强,口语化/模糊检索,中等,在项目/功能“高压箱”里，失效模式“高压带电”的风险最后会体现成什么？,安全事故,在项目/功能“高压箱”里，失效模式“高压带电”的风险最后会体现在安全风险上。,错误,0.0,397.53,纯LLM直答,,0.0,0,,0,安全事故,,,,,安全事故,,,12,
265,265,PureLLM直接回答(qwen2.5:7b),无KG/RAG/CSV/规则系统,故障原因诊断类,cause_bool,,M4_证据裁决,证据裁决,简单,FMEA编号“LFP013”对应的原因是否就是“无有效保护措施”？,是,题目中没有提供足够的信息来确定FMEA编号“LFP013”对应的具体原因是否为“无有效保护措施”。请提供更多相关背景或具体描述。,错误,0.0,495.05,纯LLM直答,,,0,,0,是/否判断,,,,,,,是/否判断,12,
266,266,PureLLM直接回答(qwen2.5:7b),无KG/RAG/CSV/规则系统,风险影响评估类,risk_bool,,M4_证据裁决,证据裁决,简单,FMEA编号“LFP013”对应的后果是否就是“安全事故”？,是,"根据题面提供的信息，“FMEA编号‘LFP013’对应的后果是否就是‘安全事故’”这一问题，没有给出足够的背景信息或直接关联来确认该结论。因此，基于现有信息，无法确定“LFP013”的具体后果是什么。

如果需要准确答案，建议参考相关文档或系统中对该FMEA编号的具体描述。",错误,0.0,826.91,纯LLM直答,,,0,,0,是/否判断,,,,,,,是/否判断,12,
267,267,PureLLM直接回答(qwen2.5:7b),无KG/RAG/CSV/规则系统,风险影响评估类,mode_project_bool,,M4_证据裁决,证据裁决,简单,失效模式“高压带电”是不是出现在项目/功能“高压箱”里？,是,题目中没有提供足够的信息来确定“高压带电”这一失效模式是否出现在“高压箱”这个项目或功能中。请提供更多相关细节以便准确判断。,错误,0.0,501.74,纯LLM直答,,,0,,0,是/否判断,,,,,,,是/否判断,12,
268,268,PureLLM直接回答(qwen2.5:7b),无KG/RAG/CSV/规则系统,风险影响评估类,risk_mode_code,,M3_查询理解与语义检索增强,口语化/模糊检索,简单,失效模式“高压带电”对应的FMEA编号是什么？,LFP013,题目中没有提供足够的信息来确定具体哪个FMEA编号对应“高压带电”这一失效模式。请提供更多相关数据以便准确回答。,错误,0.0,458.56,纯LLM直答,,0.0,0,,0,LFP013,,,,,LFP013,,FmeaID,12,
269,269,PureLLM直接回答(qwen2.5:7b),无KG/RAG/CSV/规则系统,风险影响评估类,risk_mode_project,,M3_查询理解与语义检索增强,口语化/模糊检索,简单,在项目/功能“高压箱”里，失效模式“高压带电”的后果是什么？,安全事故,答案：高压带电的失效后果可能是人员触电伤亡或设备损坏。,错误,0.0,326.19,纯LLM直答,,0.0,0,,0,安全事故,,,,,安全事故,,,12,
270,270,PureLLM直接回答(qwen2.5:7b),无KG/RAG/CSV/规则系统,故障原因诊断类,cause_code,,M1_编号直答,CSV直答,简单,FMEA编号“LFP014”这条的潜在失效原因/机理是什么？,负载未断开、违规操作,根据题面提供的信息，“LFP014”这条记录的潜在失效原因是由于连接器松动。,错误,0.0,395.74,纯LLM直答,,0.0,0,,0,负载未断开、违规操作,,,,,负载未断开、违规操作,,,13,
271,271,PureLLM直接回答(qwen2.5:7b),无KG/RAG/CSV/规则系统,风险影响评估类,effect_code,,M1_编号直答,CSV直答,简单,FMEA编号“LFP014”这条的潜在失效后果是什么？,安全事故,根据题面提供的信息，“LFP014”这条的潜在失效后果是未给出具体细节。在实际的FMEA分析中，潜在失效后果需要详细描述具体的不良影响或结果。由于缺乏具体信息，无法提供准确的答案。,错误,0.0,646.15,纯LLM直答,,0.0,0,,0,安全事故,,,,,安全事故,,,13,
272,272,PureLLM直接回答(qwen2.5:7b),无KG/RAG/CSV/规则系统,风险影响评估类,rpn_code,,M1_编号直答,CSV直答,简单,FMEA编号“LFP014”这条的RPN是多少？,RPN=90.0,根据题面提供的信息，无法确定FMEA编号“LFP014”的RPN值。请提供更多的详细信息以获得准确的答案。,错误,0.0,482.01,纯LLM直答,,0.0,0,,0,,90.0,,,,,90.0,RPN,13,
273,273,PureLLM直接回答(qwen2.5:7b),无KG/RAG/CSV/规则系统,风险影响评估类,s_code,,M1_编号直答,CSV直答,简单,FMEA编号“LFP014”这条的S是多少？,S=9.0,题目中没有提供足够的信息来确定FMEA编号“LFP014”的S值。请提供更多相关数据或上下文。,错误,0.0,440.5,纯LLM直答,,0.0,0,,0,,9.0,,,,,9.0,S,13,
274,274,PureLLM直接回答(qwen2.5:7b),无KG/RAG/CSV/规则系统,风险影响评估类,o_code,,M1_编号直答,CSV直答,简单,FMEA编号“LFP014”这条的O是多少？,O=2.0,题目中没有提供足够的信息来确定FMEA编号“LFP014”的O（严重度）值。请提供更多相关数据以获得准确答案。,错误,0.0,495.76,纯LLM直答,,0.0,0,,0,,2.0,,,,,2.0,O,13,
275,275,PureLLM直接回答(qwen2.5:7b),无KG/RAG/CSV/规则系统,风险影响评估类,d_code,,M1_编号直答,CSV直答,简单,FMEA编号“LFP014”这条的D是多少？,D=5.0,根据题面提供的信息，无法确定FMEA编号“LFP014”对应的D值。请提供更多的上下文或相关信息以便给出准确的答案。,错误,0.0,494.68,纯LLM直答,,0.0,0,,0,,5.0,,,,,5.0,D,13,
276,276,PureLLM直接回答(qwen2.5:7b),无KG/RAG/CSV/规则系统,故障原因诊断类,cause_mode,,M3_查询理解与语义检索增强,口语化/模糊检索,简单,失效模式“在负载连接的情况下意外开盖”对应的潜在失效原因/机理是什么？,负载未断开、违规操作,潜在失效原因/机理可能是密封件损坏或失效，在负载连接的情况下操作设备可能导致压力增加，从而使得盖子无法保持关闭状态。,错误,0.0,456.02,纯LLM直答,,0.0,0,,0,负载未断开、违规操作,,,,,负载未断开、违规操作,,,13,
277,277,PureLLM直接回答(qwen2.5:7b),无KG/RAG/CSV/规则系统,风险影响评估类,effect_mode,,M3_查询理解与语义检索增强,口语化/模糊检索,简单,失效模式“在负载连接的情况下意外开盖”对应的潜在失效后果是什么？,安全事故,答案：人员伤害。,错误,0.0,265.51,纯LLM直答,,0.0,0,,0,安全事故,,,,,安全事故,,,13,
278,278,PureLLM直接回答(qwen2.5:7b),无KG/RAG/CSV/规则系统,风险影响评估类,rpn_mode,,M3_查询理解与语义检索增强,口语化/模糊检索,简单,失效模式“在负载连接的情况下意外开盖”的RPN是多少？,RPN=90.0,"由于题面没有提供足够的信息来计算具体的RPN（风险优先级数），包括严重度(S)、发生频率(O)和检测难度(D)的具体数值，我无法直接给出一个确切的RPN值。但是，根据失效模式“在负载连接的情况下意外开盖”的描述，可以推测：

- 严重度(S)可能较高，因为这可能导致设备损坏或危险。
- 发生频率(O)可能中等，取决于产品的设计和使用环境。
- 检测难度(D)可能较低，因为这是一个直观的物理操作。

假设一个较为保守的估计：
- S = 9
- O = 6
- D = 4

则RPN = S × O × D = 9 × 6 × 4 = 216

因此，最可能的答案是：该失效模式“在负载连接的情况下意外开盖”的RPN值为216。请注意，这只是一个基于假设的估计值。",错误,0.0,1785.79,纯LLM直答,,0.0,1,,0,,90.0,,,9.0；6.0；4.0；9.0；6.0；4.0；216.0；216.0,,90.0,RPN,13,
279,279,PureLLM直接回答(qwen2.5:7b),无KG/RAG/CSV/规则系统,故障原因诊断类,cause_colloquial,,M3_查询理解与语义检索增强,口语化/模糊检索,中等,在项目/功能“高压箱”里，失效模式“在负载连接的情况下意外开盖”这个问题，原因讲白一点是什么？,负载未断开、违规操作,失效模式“在负载连接的情况下意外开盖”的原因是由于盖子未被正确锁定或安全机制失效。,错误,0.0,383.72,纯LLM直答,,0.0,0,,0,负载未断开、违规操作,,,,,负载未断开、违规操作,,,13,
280,280,PureLLM直接回答(qwen2.5:7b),无KG/RAG/CSV/规则系统,风险影响评估类,effect_colloquial,,M3_查询理解与语义检索增强,口语化/模糊检索,中等,在项目/功能“高压箱”里，失效模式“在负载连接的情况下意外开盖”最后会带来什么后果？,安全事故,"在项目/功能“高压箱”里，失效模式“在负载连接的情况下意外开盖”可能会导致以下后果：

- 电击风险增加
- 设备损坏
- 火灾或爆炸

这些后果可能对人员安全和设备造成严重影响。",错误,0.0,638.8,纯LLM直答,,0.0,0,,0,安全事故,,,,,安全事故,,,13,
281,281,PureLLM直接回答(qwen2.5:7b),无KG/RAG/CSV/规则系统,风险影响评估类,risk_colloquial,,M3_查询理解与语义检索增强,口语化/模糊检索,中等,在项目/功能“高压箱”里，失效模式“在负载连接的情况下意外开盖”的风险最后会体现成什么？,安全事故,在项目/功能“高压箱”里，失效模式“在负载连接的情况下意外开盖”的风险最后会体现在安全后果上。具体来说，可能会导致电击、火灾等严重事故。,错误,0.0,513.28,纯LLM直答,,0.0,0,,0,安全事故,,,,,安全事故,,,13,
282,282,PureLLM直接回答(qwen2.5:7b),无KG/RAG/CSV/规则系统,故障原因诊断类,cause_bool,,M4_证据裁决,证据裁决,简单,FMEA编号“LFP014”对应的原因是否就是“负载未断开、违规操作”？,是,"根据题面提供的信息，“FMEA编号‘LFP014’对应的原因是否就是‘负载未断开、违规操作’？”这一问题没有提供足够的背景信息来直接确认或否定这个说法。因此，基于现有信息，无法给出确切的答案。

如果“负载未断开、违规操作”是该编号对应的失效原因之一，则可能是正确的；但如果还有其他可能的失效原因，则不能确定这就是唯一的原因。",错误,0.0,935.49,纯LLM直答,,,0,,0,是/否判断,,,,,,,是/否判断,13,
283,283,PureLLM直接回答(qwen2.5:7b),无KG/RAG/CSV/规则系统,风险影响评估类,risk_bool,,M4_证据裁决,证据裁决,简单,FMEA编号“LFP014”对应的后果是否就是“安全事故”？,是,"根据题面提供的信息，“FMEA编号‘LFP014’对应的后果是否就是‘安全事故’？”这一问题没有给出足够的背景信息或直接说明。因此，基于现有信息，无法确定“LFP014”的具体后果是什么。

如果需要判断该编号的后果，请提供更多的上下文或者相关信息。",错误,0.0,774.79,纯LLM直答,,,0,,0,是/否判断,,,,,,,是/否判断,13,
284,284,PureLLM直接回答(qwen2.5:7b),无KG/RAG/CSV/规则系统,风险影响评估类,mode_project_bool,,M4_证据裁决,证据裁决,简单,失效模式“在负载连接的情况下意外开盖”是不是出现在项目/功能“高压箱”里？,是,题目中没有提供足够的信息来确定“在负载连接的情况下意外开盖”这一失效模式是否出现在项目/功能“高压箱”里。请提供更多相关背景或具体信息以便进一步分析。,错误,0.0,534.51,纯LLM直答,,,0,,0,是/否判断,,,,,,,是/否判断,13,
285,285,PureLLM直接回答(qwen2.5:7b),无KG/RAG/CSV/规则系统,风险影响评估类,risk_mode_code,,M3_查询理解与语义检索增强,口语化/模糊检索,简单,失效模式“在负载连接的情况下意外开盖”对应的FMEA编号是什么？,LFP014,根据题面提供的信息，失效模式“在负载连接的情况下意外开盖”的FMEA编号未给出。因此无法提供具体的FMEA编号。,错误,0.0,468.51,纯LLM直答,,0.0,0,,0,LFP014,,,,,LFP014,,FmeaID,13,
286,286,PureLLM直接回答(qwen2.5:7b),无KG/RAG/CSV/规则系统,风险影响评估类,risk_mode_project,,M3_查询理解与语义检索增强,口语化/模糊检索,简单,在项目/功能“高压箱”里，失效模式“在负载连接的情况下意外开盖”的后果是什么？,安全事故,"根据常见的失效模式分析，对于“高压箱”中的“在负载连接的情况下意外开盖”，其可能的后果包括：

- 人员触电风险增加
- 设备损坏或性能下降
- 火灾隐患

综合考虑，最直接且严重的后果是：**人员触电风险增加**。",错误,0.0,734.58,纯LLM直答,,0.0,0,,0,安全事故,,,,,安全事故,,,13,
287,287,PureLLM直接回答(qwen2.5:7b),无KG/RAG/CSV/规则系统,故障原因诊断类,cause_code,,M1_编号直答,CSV直答,简单,FMEA编号“LFP015”这条的潜在失效原因/机理是什么？,充电时继电器未断开,根据题面提供的信息，“LFP015”这条记录的潜在失效原因是由于连接器接触不良。,错误,0.0,392.96,纯LLM直答,,0.0,0,,0,充电时继电器未断开,,,,,充电时继电器未断开,,,14,
288,288,PureLLM直接回答(qwen2.5:7b),无KG/RAG/CSV/规则系统,风险影响评估类,effect_code,,M1_编号直答,CSV直答,简单,FMEA编号“LFP015”这条的潜在失效后果是什么？,安全事故,根据题面提供的信息，“LFP015”这条的潜在失效后果是未给出具体细节。在实际的FMEA分析中，潜在失效后果需要详细描述具体的不良影响或结果。由于缺乏具体信息，无法提供准确的答案。,错误,0.0,646.37,纯LLM直答,,0.0,0,,0,安全事故,,,,,安全事故,,,14,
289,289,PureLLM直接回答(qwen2.5:7b),无KG/RAG/CSV/规则系统,风险影响评估类,rpn_code,,M1_编号直答,CSV直答,简单,FMEA编号“LFP015”这条的RPN是多少？,RPN=90.0,根据题面提供的信息，无法确定FMEA编号“LFP015”的RPN值。请提供更多的详细信息以获得准确的答案。,错误,0.0,456.3,纯LLM直答,,0.0,0,,0,,90.0,,,,,90.0,RPN,14,
290,290,PureLLM直接回答(qwen2.5:7b),无KG/RAG/CSV/规则系统,风险影响评估类,s_code,,M1_编号直答,CSV直答,简单,FMEA编号“LFP015”这条的S是多少？,S=9.0,题目中没有提供足够的信息来确定FMEA编号“LFP015”的S值。请提供更多相关数据或上下文。,错误,0.0,449.5,纯LLM直答,,0.0,0,,0,,9.0,,,,,9.0,S,14,
291,291,PureLLM直接回答(qwen2.5:7b),无KG/RAG/CSV/规则系统,风险影响评估类,o_code,,M1_编号直答,CSV直答,简单,FMEA编号“LFP015”这条的O是多少？,O=2.0,题目中没有提供足够的信息来确定FMEA编号“LFP015”的O值。请提供更多相关数据或上下文。,错误,0.0,449.23,纯LLM直答,,0.0,0,,0,,2.0,,,,,2.0,O,14,
292,292,PureLLM直接回答(qwen2.5:7b),无KG/RAG/CSV/规则系统,风险影响评估类,d_code,,M1_编号直答,CSV直答,简单,FMEA编号“LFP015”这条的D是多少？,D=5.0,根据题面提供的信息，无法确定FMEA编号“LFP015”对应的D值。请提供更多的上下文或相关信息以便给出准确的答案。,错误,0.0,464.37,纯LLM直答,,0.0,0,,0,,5.0,,,,,5.0,D,14,
293,293,PureLLM直接回答(qwen2.5:7b),无KG/RAG/CSV/规则系统,故障原因诊断类,cause_mode,,M3_查询理解与语义检索增强,口语化/模糊检索,简单,失效模式“充电时触电”对应的潜在失效原因/机理是什么？,充电时继电器未断开,"失效模式“充电时触电”的潜在失效原因/机理可能是：

1. 电气绝缘材料损坏或老化；
2. 插座或充电接口设计不当，导致裸露的导线；
3. 充电器内部短路；
4. 电源线破损或接头松动。",错误,0.0,722.44,纯LLM直答,,0.0,1,,0,充电时继电器未断开,,,,1.0；2.0；3.0；4.0,充电时继电器未断开,,,14,
294,294,PureLLM直接回答(qwen2.5:7b),无KG/RAG/CSV/规则系统,风险影响评估类,effect_mode,,M3_查询理解与语义检索增强,口语化/模糊检索,简单,失效模式“充电时触电”对应的潜在失效后果是什么？,安全事故,失效模式“充电时触电”的潜在失效后果是人员受伤或死亡。,错误,0.0,367.5,纯LLM直答,,0.0,0,,0,安全事故,,,,,安全事故,,,14,
295,295,PureLLM直接回答(qwen2.5:7b),无KG/RAG/CSV/规则系统,风险影响评估类,rpn_mode,,M3_查询理解与语义检索增强,口语化/模糊检索,简单,失效模式“充电时触电”的RPN是多少？,RPN=90.0,"由于题面没有提供失效模式“充电时触电”的严重度（S）、发生频度（O）和检测难易程度（D）的具体数值，无法直接计算出其RPN值。RPN是这三个因素的乘积。

如果假设一个可能的情况：
- 严重度（S）：9（可能导致人员伤亡）
- 发生频度（O）：4（偶尔发生）
- 检测难易程度（D）：3（较容易检测）

则 RPN = S × O × D = 9 × 4 × 3 = 108

因此，根据这个假设，“充电时触电”的RPN可能是108。但请注意，实际的RPN值需要依据具体的风险评估数据来确定。",错误,0.0,1540.51,纯LLM直答,,0.0,1,,0,,90.0,,,9.0；4.0；3.0；9.0；4.0；3.0；108.0；108.0,,90.0,RPN,14,
296,296,PureLLM直接回答(qwen2.5:7b),无KG/RAG/CSV/规则系统,故障原因诊断类,cause_colloquial,,M3_查询理解与语义检索增强,口语化/模糊检索,中等,在项目/功能“高压箱”里，失效模式“充电时触电”这个问题，原因讲白一点是什么？,充电时继电器未断开,失效模式“充电时触电”的直接原因是电气部件或线路在充电过程中未正确接地或者绝缘损坏，导致人体在接触充电接口时发生触电。,错误,0.0,490.53,纯LLM直答,,0.0,0,,0,充电时继电器未断开,,,,,充电时继电器未断开,,,14,
297,297,PureLLM直接回答(qwen2.5:7b),无KG/RAG/CSV/规则系统,风险影响评估类,effect_colloquial,,M3_查询理解与语义检索增强,口语化/模糊检索,中等,在项目/功能“高压箱”里，失效模式“充电时触电”最后会带来什么后果？,安全事故,答案：人员伤亡或生命危险。,错误,0.0,283.81,纯LLM直答,,0.0,0,,0,安全事故,,,,,安全事故,,,14,
298,298,PureLLM直接回答(qwen2.5:7b),无KG/RAG/CSV/规则系统,风险影响评估类,risk_colloquial,,M3_查询理解与语义检索增强,口语化/模糊检索,中等,在项目/功能“高压箱”里，失效模式“充电时触电”的风险最后会体现成什么？,安全事故,答案：失效模式“充电时触电”的风险最后会体现在安全（Safety）方面。,错误,0.0,363.82,纯LLM直答,,0.0,0,,0,安全事故,,,,,安全事故,,,14,
299,299,PureLLM直接回答(qwen2.5:7b),无KG/RAG/CSV/规则系统,故障原因诊断类,cause_bool,,M4_证据裁决,证据裁决,简单,FMEA编号“LFP015”对应的原因是否就是“充电时继电器未断开”？,是,"根据题面提供的信息，“FMEA编号‘LFP015’对应的原因是否就是‘充电时继电器未断开’？”这一问题没有给出足够的背景信息来直接确认或否定该假设。因此，基于现有信息，无法得出结论。

如果“充电时继电器未断开”确实是导致“LFP015”编号失效模式的一个原因，则可以认为该陈述是正确的；反之则不正确。但需要更多具体的信息才能做出判断。",错误,0.0,997.47,纯LLM直答,,,0,,0,是/否判断,,,,,,,是/否判断,14,
300,300,PureLLM直接回答(qwen2.5:7b),无KG/RAG/CSV/规则系统,风险影响评估类,risk_bool,,M4_证据裁决,证据裁决,简单,FMEA编号“LFP015”对应的后果是否就是“安全事故”？,是,题目中没有提供足够的信息来确定FMEA编号“LFP015”对应的后果是否为“安全事故”。请提供更多相关数据以便准确回答。,错误,0.0,486.19,纯LLM直答,,,0,,0,是/否判断,,,,,,,是/否判断,14,
301,301,PureLLM直接回答(qwen2.5:7b),无KG/RAG/CSV/规则系统,风险影响评估类,mode_project_bool,,M4_证据裁决,证据裁决,简单,失效模式“充电时触电”是不是出现在项目/功能“高压箱”里？,是,题目中没有提供足够的信息来确定“充电时触电”这一失效模式是否出现在“高压箱”这个项目或功能里。请提供更多相关细节以便准确判断。,错误,0.0,482.39,纯LLM直答,,,0,,0,是/否判断,,,,,,,是/否判断,14,
302,302,PureLLM直接回答(qwen2.5:7b),无KG/RAG/CSV/规则系统,风险影响评估类,risk_mode_code,,M3_查询理解与语义检索增强,口语化/模糊检索,简单,失效模式“充电时触电”对应的FMEA编号是什么？,LFP015,题目中没有提供足够的信息来确定具体的FMEA编号。请参考相关文档或记录以获取准确的FMEA编号。,错误,0.0,429.24,纯LLM直答,,0.0,0,,0,LFP015,,,,,LFP015,,FmeaID,14,
303,303,PureLLM直接回答(qwen2.5:7b),无KG/RAG/CSV/规则系统,风险影响评估类,risk_mode_project,,M3_查询理解与语义检索增强,口语化/模糊检索,简单,在项目/功能“高压箱”里，失效模式“充电时触电”的后果是什么？,安全事故,失效模式“充电时触电”的后果是人身伤害。,错误,0.0,267.02,纯LLM直答,,0.0,0,,0,安全事故,,,,,安全事故,,,14,
304,304,PureLLM直接回答(qwen2.5:7b),无KG/RAG/CSV/规则系统,风险影响评估类,project_avg_rpn,,M2_规则推理,规则推理,中等,项目/功能“热管理系统”的平均RPN是多少？,平均RPN=128.33,"题目中没有提供足够的信息来计算或确定“热管理系统”项目的具体平均RPN值。RPN（风险优先级数）是通过失效后果严重性（S）、发生频率（O）和检测难度（D）三个因素的评分乘积得出的，而这些具体的数值在题面中并未给出。

如果需要进行计算，通常会参考以下步骤：
1. 确定每个因素的评分。
2. 计算RPN = S × O × D。
3. 对多个失效模式分别计算并求平均值得到整体项目的平均RPN。

由于缺乏具体数据，无法给出确切答案。",错误,0.0,1257.97,纯LLM直答,,0.0,1,,0,,128.33333333333334,,,1.0；2.0；3.0,,128.33333333333334,RPN,15,
305,305,PureLLM直接回答(qwen2.5:7b),无KG/RAG/CSV/规则系统,风险影响评估类,project_top_mode,,M2_规则推理,规则推理,中等,项目/功能“热管理系统”里RPN最高的失效模式是什么？,电池组整体温度过高；RPN=168.0,"由于题面没有提供具体的FMEA表格或详细信息，我将基于一般性的理解来推测可能的答案。假设在“热管理系统”的FMEA分析中，某个失效模式的RPN（严重度(S)、发生频度(O)和检测难易程度(D)的乘积）最高。

通常情况下，RPN高的失效模式意味着该失效模式对系统的影响较大且难以检测或预防。因此，假设最可能的答案是：

1. 故障模式：散热片断裂
   - 严重度(S): 9（可能导致整个热管理系统失效）
   - 发生频度(O): 6（在某些极端条件下可能发生）
   - 检测难易程度(D): 4（需要定期检查，但检测设备较为复杂）

因此，RPN = S × O × D = 9 × 6 × 4 = 216

这只是一个推测性的答案。实际的FMEA分析结果可能会有所不同。",错误,0.0,1814.99,纯LLM直答,,0.0,1,,0,电池组整体温度过高,168.0,,,1.0；9.0；6.0；4.0；9.0；6.0；4.0；216.0,电池组整体温度过高,168.0,FailureMode；RPN,15,
306,306,PureLLM直接回答(qwen2.5:7b),无KG/RAG/CSV/规则系统,风险影响评估类,project_top_effect,,M2_规则推理,规则推理,中等,项目/功能“热管理系统”里RPN最高的那条，它的后果是什么？,影响电池工作,"由于题面没有提供具体的FMEA表格或详细信息，我将基于一般情况给出一个假设的答案。在热管理系统的FMEA中，假设最可能的最高RPN值对应的是散热不良导致系统过热的情况。

答案：其后果是系统性能下降甚至失效。",错误,0.0,676.3,纯LLM直答,,0.0,0,0.0,0,影响电池工作,,,,,影响电池工作,,FailureEffect,15,
307,307,PureLLM直接回答(qwen2.5:7b),无KG/RAG/CSV/规则系统,故障原因诊断类,cause_code,,M1_编号直答,CSV直答,简单,FMEA编号“LFP016”这条的潜在失效原因/机理是什么？,风道设计不合理,根据题面提供的信息，“LFP016”这条记录的潜在失效原因是由于连接器松动。,错误,0.0,400.6,纯LLM直答,,0.0,0,,0,风道设计不合理,,,,,风道设计不合理,,,15,
308,308,PureLLM直接回答(qwen2.5:7b),无KG/RAG/CSV/规则系统,风险影响评估类,effect_code,,M1_编号直答,CSV直答,简单,FMEA编号“LFP016”这条的潜在失效后果是什么？,影响电池工作,根据题面提供的信息，“LFP016”这条的潜在失效后果是未给出具体细节。在实际的FMEA分析中，潜在失效后果需要详细描述具体的不良影响或结果。由于缺乏具体信息，无法提供准确的答案。,错误,0.0,649.73,纯LLM直答,,0.0,0,,0,影响电池工作,,,,,影响电池工作,,,15,
309,309,PureLLM直接回答(qwen2.5:7b),无KG/RAG/CSV/规则系统,风险影响评估类,rpn_code,,M1_编号直答,CSV直答,简单,FMEA编号“LFP016”这条的RPN是多少？,RPN=168.0,根据题面提供的信息，无法确定FMEA编号“LFP016”的RPN值。请提供更多的详细信息以获得准确的答案。,错误,0.0,474.8,纯LLM直答,,0.0,0,,0,,168.0,,,,,168.0,RPN,15,
310,310,PureLLM直接回答(qwen2.5:7b),无KG/RAG/CSV/规则系统,风险影响评估类,s_code,,M1_编号直答,CSV直答,简单,FMEA编号“LFP016”这条的S是多少？,S=6.0,题目中没有提供足够的信息来确定FMEA编号“LFP016”的S值。请提供更多相关数据或上下文。,错误,0.0,433.31,纯LLM直答,,0.0,0,,0,,6.0,,,,,6.0,S,15,
311,311,PureLLM直接回答(qwen2.5:7b),无KG/RAG/CSV/规则系统,风险影响评估类,o_code,,M1_编号直答,CSV直答,简单,FMEA编号“LFP016”这条的O是多少？,O=4.0,题目中没有提供足够的信息来确定FMEA编号“LFP016”的O（严重度）值。请提供更多相关数据以获得准确答案。,错误,0.0,503.05,纯LLM直答,,0.0,0,,0,,4.0,,,,,4.0,O,15,
312,312,PureLLM直接回答(qwen2.5:7b),无KG/RAG/CSV/规则系统,风险影响评估类,d_code,,M1_编号直答,CSV直答,简单,FMEA编号“LFP016”这条的D是多少？,D=7.0,根据题面提供的信息，无法确定FMEA编号“LFP016”对应的D值。请提供更多的上下文或相关信息以便给出准确的答案。,错误,0.0,483.71,纯LLM直答,,0.0,0,,0,,7.0,,,,,7.0,D,15,
313,313,PureLLM直接回答(qwen2.5:7b),无KG/RAG/CSV/规则系统,故障措施推荐类,action_code,,M1_编号直答,CSV直答,简单,FMEA编号“LFP016”这条的建议措施是什么？,增加散热,"根据题面提供的信息，“LFP016”这条FMEA记录的建议措施是未给出具体细节。在实际的FMEA分析中，建议措施通常会详细描述为解决失效模式所采取的具体步骤或改进方案。但由于题面没有提供具体的建议措施内容，因此无法给出确切答案。

建议措施可能包括但不限于以下几种形式：
- 修改设计
- 加强培训
- 增加检查频率
- 使用更可靠的材料

请根据实际情况补充具体信息。",错误,0.0,1070.3,纯LLM直答,,0.0,0,,0,增加散热,,,,,增加散热,,RecommendedAction,15,
314,314,PureLLM直接回答(qwen2.5:7b),无KG/RAG/CSV/规则系统,故障原因诊断类,cause_mode,,M3_查询理解与语义检索增强,口语化/模糊检索,简单,失效模式“电池组整体温度过高”对应的潜在失效原因/机理是什么？,风道设计不合理,"失效模式“电池组整体温度过高”的潜在失效原因是：

1. 电池内部化学反应产热过多；
2. 冷却系统故障或设计不合理；
3. 环境温度过高；
4. 电池充放电管理不当。",错误,0.0,631.9,纯LLM直答,,0.0,1,,0,风道设计不合理,,,,1.0；2.0；3.0；4.0,风道设计不合理,,,15,
315,315,PureLLM直接回答(qwen2.5:7b),无KG/RAG/CSV/规则系统,风险影响评估类,effect_mode,,M3_查询理解与语义检索增强,口语化/模糊检索,简单,失效模式“电池组整体温度过高”对应的潜在失效后果是什么？,影响电池工作,答案：电池组过热可能导致性能下降、寿命缩短甚至引发火灾或爆炸。,错误,0.0,365.95,纯LLM直答,,0.0,0,,0,影响电池工作,,,,,影响电池工作,,,15,
316,316,PureLLM直接回答(qwen2.5:7b),无KG/RAG/CSV/规则系统,风险影响评估类,rpn_mode,,M3_查询理解与语义检索增强,口语化/模糊检索,简单,失效模式“电池组整体温度过高”的RPN是多少？,RPN=168.0,"题目中没有提供足够的信息来计算具体的RPN值（严重度S、发生频度O、检测度D的乘积）。因此，基于现有信息，无法给出确切的RPN数值。如果需要计算RPN，请参考以下示例：

假设：
- 严重度S = 9
- 发生频度O = 7
- 检测度D = 5

则 RPN = S × O × D = 9 × 7 × 5 = 315

请根据实际情况调整S、O、D的值。",错误,0.0,1163.15,纯LLM直答,,0.0,1,,0,,168.0,,,9.0；7.0；5.0；9.0；7.0；5.0；315.0,,168.0,RPN,15,
317,317,PureLLM直接回答(qwen2.5:7b),无KG/RAG/CSV/规则系统,故障措施推荐类,action_mode,,M3_查询理解与语义检索增强,口语化/模糊检索,简单,失效模式“电池组整体温度过高”对应的建议措施是什么？,增加散热,"对于失效模式“电池组整体温度过高”，建议措施可以包括：

1. **增加散热装置**：如安装风扇或液冷系统，以提高热交换效率。
2. **优化电池布局**：合理布置电池单元，确保热量能够有效散发。
3. **改进通风设计**：改善电池组的空气流通路径，减少局部过热现象。
4. **温度监控与预警机制**：设置温度传感器和报警系统，及时发现并处理异常高温情况。
5. **降低充电速率或停止充电**：当检测到电池组温度过高时，自动减小充电电流或者完全停止充电过程。

这些措施有助于控制电池组的整体温度，防止因过热导致的安全隐患。",正确,1.0,1434.92,纯LLM直答,,0.0,1,,0,,,,,1.0；2.0；3.0；4.0；5.0,增加散热,,RecommendedAction,15,
318,318,PureLLM直接回答(qwen2.5:7b),无KG/RAG/CSV/规则系统,故障原因诊断类,cause_colloquial,,M3_查询理解与语义检索增强,口语化/模糊检索,中等,在项目/功能“热管理系统”里，失效模式“电池组整体温度过高”这个问题，原因讲白一点是什么？,风道设计不合理,失效模式“电池组整体温度过高”的原因是由于电池组内部或外部热量无法有效散发，导致温度上升至危险水平。,错误,0.0,436.55,纯LLM直答,,0.0,0,,0,风道设计不合理,,,,,风道设计不合理,,,15,
319,319,PureLLM直接回答(qwen2.5:7b),无KG/RAG/CSV/规则系统,风险影响评估类,effect_colloquial,,M3_查询理解与语义检索增强,口语化/模糊检索,中等,在项目/功能“热管理系统”里，失效模式“电池组整体温度过高”最后会带来什么后果？,影响电池工作,答案：可能会导致电池组损坏、性能下降或引发火灾。,错误,0.0,324.01,纯LLM直答,,0.0,0,,0,影响电池工作,,,,,影响电池工作,,,15,
320,320,PureLLM直接回答(qwen2.5:7b),无KG/RAG/CSV/规则系统,故障措施推荐类,action_colloquial,,M3_查询理解与语义检索增强,口语化/模糊检索,中等,在项目/功能“热管理系统”里，失效模式“电池组整体温度过高”一般怎么处理？,增加散热,"对于项目/功能“热管理系统”中失效模式“电池组整体温度过高”的处理，通常可以采取以下措施：

1. **增加散热**：通过改进冷却系统设计，如增加风扇数量、优化散热片布局等。
2. **降低负载**：减少电池组的工作负荷或限制充电电流。
3. **外部降温**：使用外部冷却装置，如液冷系统。
4. **监控与预警**：加强温度监测，设置温度上限报警机制，及时采取措施。

这些措施可以有效防止电池组整体温度过高带来的潜在风险。",正确,1.0,1154.83,纯LLM直答,,0.0,1,,0,,,,,1.0；2.0；3.0；4.0,增加散热,,,15,
321,321,PureLLM直接回答(qwen2.5:7b),无KG/RAG/CSV/规则系统,风险影响评估类,risk_colloquial,,M3_查询理解与语义检索增强,口语化/模糊检索,中等,在项目/功能“热管理系统”里，失效模式“电池组整体温度过高”的风险最后会体现成什么？,影响电池工作,答案：在项目/功能“热管理系统”里，失效模式“电池组整体温度过高”的风险最后会体现在系统性能下降和安全风险增加上。,错误,0.0,476.59,纯LLM直答,,0.0,0,,0,影响电池工作,,,,,影响电池工作,,,15,
322,322,PureLLM直接回答(qwen2.5:7b),无KG/RAG/CSV/规则系统,故障原因诊断类,cause_bool,,M4_证据裁决,证据裁决,简单,FMEA编号“LFP016”对应的原因是否就是“风道设计不合理”？,是,题目中没有提供足够的信息来确定FMEA编号“LFP016”对应的具体原因是否为“风道设计不合理”。因此，基于现有信息，无法给出肯定或否定的答案。,错误,0.0,563.6,纯LLM直答,,,0,,0,是/否判断,,,,,,,是/否判断,15,
323,323,PureLLM直接回答(qwen2.5:7b),无KG/RAG/CSV/规则系统,风险影响评估类,risk_bool,,M4_证据裁决,证据裁决,简单,FMEA编号“LFP016”对应的后果是否就是“影响电池工作”？,是,根据题面提供的信息，“FMEA编号‘LFP016’对应的后果是否就是‘影响电池工作’？”这一问题无法直接得出结论，因为题面没有提供关于“LFP016”具体失效后果的信息。因此，基于现有信息，不能确认该后果是否为“影响电池工作”。,错误,0.0,763.91,纯LLM直答,,,0,,0,是/否判断,,,,,,,是/否判断,15,
324,324,PureLLM直接回答(qwen2.5:7b),无KG/RAG/CSV/规则系统,风险影响评估类,mode_project_bool,,M4_证据裁决,证据裁决,简单,失效模式“电池组整体温度过高”是不是出现在项目/功能“热管理系统”里？,是,是。失效模式“电池组整体温度过高”通常与项目/功能“热管理系统”相关，因为该系统负责管理电池组的温度，防止其过热。,正确,1.0,537.34,纯LLM直答,,,0,,0,,,,,,,,是/否判断,15,
325,325,PureLLM直接回答(qwen2.5:7b),无KG/RAG/CSV/规则系统,风险影响评估类,risk_mode_code,,M3_查询理解与语义检索增强,口语化/模糊检索,简单,失效模式“电池组整体温度过高”对应的FMEA编号是什么？,LFP016,题目中没有提供足够的信息来确定具体的FMEA编号。请参考相关文档或数据以获取准确的FMEA编号。,错误,0.0,442.58,纯LLM直答,,0.0,0,,0,LFP016,,,,,LFP016,,FmeaID,15,
326,326,PureLLM直接回答(qwen2.5:7b),无KG/RAG/CSV/规则系统,风险影响评估类,risk_mode_project,,M3_查询理解与语义检索增强,口语化/模糊检索,简单,在项目/功能“热管理系统”里，失效模式“电池组整体温度过高”的后果是什么？,影响电池工作,答案：电池组整体温度过高可能导致电池性能下降、寿命缩短、甚至引发火灾或爆炸。,错误,0.0,365.35,纯LLM直答,,0.0,0,,0,影响电池工作,,,,,影响电池工作,,,15,
327,327,PureLLM直接回答(qwen2.5:7b),无KG/RAG/CSV/规则系统,故障原因诊断类,cause_code,,M1_编号直答,CSV直答,简单,FMEA编号“LFP017”这条的潜在失效原因/机理是什么？,加热系统未工作或设计达不到要求,根据题面提供的信息，“LFP017”这条记录的潜在失效原因是由于连接器松动。,错误,0.0,389.74,纯LLM直答,,0.0,0,,0,加热系统未工作或设计达不到要求,,,,,加热系统未工作或设计达不到要求,,,16,
328,328,PureLLM直接回答(qwen2.5:7b),无KG/RAG/CSV/规则系统,风险影响评估类,effect_code,,M1_编号直答,CSV直答,简单,FMEA编号“LFP017”这条的潜在失效后果是什么？,影响电池工作,根据题面提供的信息，“LFP017”这条的潜在失效后果是未给出具体细节。在实际的FMEA分析中，潜在失效后果需要详细描述具体的不良影响或结果。由于缺乏具体信息，无法提供准确的答案。,错误,0.0,648.9,纯LLM直答,,0.0,0,,0,影响电池工作,,,,,影响电池工作,,,16,
329,329,PureLLM直接回答(qwen2.5:7b),无KG/RAG/CSV/规则系统,风险影响评估类,rpn_code,,M1_编号直答,CSV直答,简单,FMEA编号“LFP017”这条的RPN是多少？,RPN=168.0,根据题面提供的信息，无法确定FMEA编号“LFP017”的RPN值。请提供更多的详细信息以获得准确的答案。,错误,0.0,483.9,纯LLM直答,,0.0,0,,0,,168.0,,,,,168.0,RPN,16,
330,330,PureLLM直接回答(qwen2.5:7b),无KG/RAG/CSV/规则系统,风险影响评估类,s_code,,M1_编号直答,CSV直答,简单,FMEA编号“LFP017”这条的S是多少？,S=6.0,题目中没有提供足够的信息来确定FMEA编号“LFP017”的S值。请提供更多相关数据或上下文。,错误,0.0,414.45,纯LLM直答,,0.0,0,,0,,6.0,,,,,6.0,S,16,
331,331,PureLLM直接回答(qwen2.5:7b),无KG/RAG/CSV/规则系统,风险影响评估类,o_code,,M1_编号直答,CSV直答,简单,FMEA编号“LFP017”这条的O是多少？,O=4.0,题目中没有提供足够的信息来确定FMEA编号“LFP017”的O（严重度）值。请提供更多相关数据以获得准确答案。,错误,0.0,498.03,纯LLM直答,,0.0,0,,0,,4.0,,,,,4.0,O,16,
332,332,PureLLM直接回答(qwen2.5:7b),无KG/RAG/CSV/规则系统,风险影响评估类,d_code,,M1_编号直答,CSV直答,简单,FMEA编号“LFP017”这条的D是多少？,D=7.0,根据题面提供的信息，无法确定FMEA编号“LFP017”对应的D值。请提供更多的上下文或相关信息以便给出准确的答案。,错误,0.0,468.33,纯LLM直答,,0.0,0,,0,,7.0,,,,,7.0,D,16,
333,333,PureLLM直接回答(qwen2.5:7b),无KG/RAG/CSV/规则系统,故障措施推荐类,action_code,,M1_编号直答,CSV直答,简单,FMEA编号“LFP017”这条的建议措施是什么？,更换加热系统,"根据题面提供的信息，“LFP017”这条记录的建议措施是未给出具体细节。在实际的FMEA分析中，建议措施通常会详细说明如何预防或减轻失效模式的影响。但由于题面没有提供具体的建议措施内容，因此无法给出确切的答案。

建议措施可能包括但不限于：改进设计、增加检测步骤、使用更可靠的材料等。",错误,0.0,859.41,纯LLM直答,,0.0,0,,0,更换加热系统,,,,,更换加热系统,,RecommendedAction,16,
334,334,PureLLM直接回答(qwen2.5:7b),无KG/RAG/CSV/规则系统,故障原因诊断类,cause_mode,,M3_查询理解与语义检索增强,口语化/模糊检索,简单,失效模式“电池组整体温度过低”对应的潜在失效原因/机理是什么？,加热系统未工作或设计达不到要求,"失效模式“电池组整体温度过低”的潜在失效原因/机理可能包括：

1. 环境温度低于设计要求。
2. 保温材料性能下降或损坏。
3. 冷却系统故障，未能正常工作。
4. 电池组内部热交换不足。

这些因素可能导致电池组整体温度过低。",错误,0.0,766.15,纯LLM直答,,0.0,1,,0,加热系统未工作或设计达不到要求,,,,1.0；2.0；3.0；4.0,加热系统未工作或设计达不到要求,,,16,
335,335,PureLLM直接回答(qwen2.5:7b),无KG/RAG/CSV/规则系统,风险影响评估类,effect_mode,,M3_查询理解与语义检索增强,口语化/模糊检索,简单,失效模式“电池组整体温度过低”对应的潜在失效后果是什么？,影响电池工作,答案：设备性能下降或无法正常工作。,错误,0.0,276.2,纯LLM直答,,0.0,0,,0,影响电池工作,,,,,影响电池工作,,,16,
336,336,PureLLM直接回答(qwen2.5:7b),无KG/RAG/CSV/规则系统,风险影响评估类,rpn_mode,,M3_查询理解与语义检索增强,口语化/模糊检索,简单,失效模式“电池组整体温度过低”的RPN是多少？,RPN=168.0,题目中没有提供足够的信息来计算具体的RPN值（严重度、频度和检测难度的乘积）。因此，基于现有信息，无法给出确切的RPN数值。如果这是一个假设场景或示例问题，请提供相关的严重度、频度和检测难度的具体评分以进行计算。,错误,0.0,718.71,纯LLM直答,,0.0,0,,0,,168.0,,,,,168.0,RPN,16,
337,337,PureLLM直接回答(qwen2.5:7b),无KG/RAG/CSV/规则系统,故障措施推荐类,action_mode,,M3_查询理解与语义检索增强,口语化/模糊检索,简单,失效模式“电池组整体温度过低”对应的建议措施是什么？,更换加热系统,"对于失效模式“电池组整体温度过低”，建议措施可以包括：

1. **增加加热装置**：在电池组内部或外部安装适当的加热元件，确保电池组能够维持在一个适宜的工作温度范围内。

2. **优化热管理系统**：改进电池组的冷却系统设计，使其能够在低温环境下更有效地工作。这可能涉及使用不同的材料、结构或者散热技术。

3. **环境预热措施**：在寒冷环境中操作前，对整个电池组进行预热处理，以减少启动时的温度过低问题。

4. **调整充放电策略**：根据实际运行条件调整充电和放电过程中的参数设置，避免在低温下进行剧烈的操作。

5. **监控与预警系统**：建立完善的温度监测体系，并设置合理的报警阈值，在电池组温度低于安全范围时及时发出警告信号。",错误,0.0,1616.54,纯LLM直答,,0.0,1,,0,更换加热系统,,,,1.0；2.0；3.0；4.0；5.0,更换加热系统,,RecommendedAction,16,
338,338,PureLLM直接回答(qwen2.5:7b),无KG/RAG/CSV/规则系统,故障原因诊断类,cause_colloquial,,M3_查询理解与语义检索增强,口语化/模糊检索,中等,在项目/功能“热管理系统”里，失效模式“电池组整体温度过低”这个问题，原因讲白一点是什么？,加热系统未工作或设计达不到要求,失效模式“电池组整体温度过低”的原因是电池组内部或外部的冷却不足，导致电池组未能达到正常工作所需的温度范围。,错误,0.0,444.07,纯LLM直答,,0.0,0,,0,加热系统未工作或设计达不到要求,,,,,加热系统未工作或设计达不到要求,,,16,
339,339,PureLLM直接回答(qwen2.5:7b),无KG/RAG/CSV/规则系统,风险影响评估类,effect_colloquial,,M3_查询理解与语义检索增强,口语化/模糊检索,中等,在项目/功能“热管理系统”里，失效模式“电池组整体温度过低”最后会带来什么后果？,影响电池工作,答案：可能会导致电池性能下降，充电效率降低，甚至可能影响电池的使用寿命。,错误,0.0,352.91,纯LLM直答,,0.0,0,,0,影响电池工作,,,,,影响电池工作,,,16,
340,340,PureLLM直接回答(qwen2.5:7b),无KG/RAG/CSV/规则系统,故障措施推荐类,action_colloquial,,M3_查询理解与语义检索增强,口语化/模糊检索,中等,在项目/功能“热管理系统”里，失效模式“电池组整体温度过低”一般怎么处理？,更换加热系统,"对于项目/功能“热管理系统”中失效模式“电池组整体温度过低”的处理方法通常包括以下几个步骤：

1. **检测与报警**：首先通过传感器检测电池组的温度，并在温度低于预设阈值时触发报警，提醒相关人员采取措施。

2. **加热机制启动**：一旦温度过低被确认，热管理系统应自动启动加热机制，如电加热器等，以提高电池组的整体温度。

3. **监控与调整**：持续监测电池组的温度变化，并根据实际情况调整加热功率，确保温度恢复到安全范围内且不过高。

4. **记录与分析**：记录此次事件的相关数据（如时间、温度变化情况等），并进行事后分析，以优化热管理策略和预防未来类似问题的发生。",错误,0.0,1497.09,纯LLM直答,,0.0,1,,0,更换加热系统,,,,1.0；2.0；3.0；4.0,更换加热系统,,,16,
341,341,PureLLM直接回答(qwen2.5:7b),无KG/RAG/CSV/规则系统,风险影响评估类,risk_colloquial,,M3_查询理解与语义检索增强,口语化/模糊检索,中等,在项目/功能“热管理系统”里，失效模式“电池组整体温度过低”的风险最后会体现成什么？,影响电池工作,答案：该失效模式“电池组整体温度过低”可能导致电池性能下降，充电效率降低，长期可能影响电池寿命。因此，在项目/功能“热管理系统”中，这种失效模式的风险最终可能会体现在系统无法有效保障电池组的正常工作温度范围内，进而影响车辆的整体性能和安全性上。,错误,0.0,717.0,纯LLM直答,,0.0,0,,0,影响电池工作,,,,,影响电池工作,,,16,
342,342,PureLLM直接回答(qwen2.5:7b),无KG/RAG/CSV/规则系统,故障原因诊断类,cause_bool,,M4_证据裁决,证据裁决,简单,FMEA编号“LFP017”对应的原因是否就是“加热系统未工作或设计达不到要求”？,是,根据题面提供的信息，“FMEA编号‘LFP017’对应的原因是否就是‘加热系统未工作或设计达不到要求’？”这一问题无法直接作答，因为题面没有提供足够的背景信息来确认这一点。如果假设“加热系统未工作或设计达不到要求”是可能的失效原因之一，则可能是该FMEA编号下的一个失效模式。但具体是否为该编号对应的原因，需要更多上下文信息才能确定。,错误,0.0,959.63,纯LLM直答,,,0,,0,是/否判断,,,,,,,是/否判断,16,
343,343,PureLLM直接回答(qwen2.5:7b),无KG/RAG/CSV/规则系统,风险影响评估类,risk_bool,,M4_证据裁决,证据裁决,简单,FMEA编号“LFP017”对应的后果是否就是“影响电池工作”？,是,根据题面提供的信息，“FMEA编号‘LFP017’对应的后果是否就是‘影响电池工作’？”这一问题无法直接得出结论，因为题面没有提供关于该FMEA编号的具体失效后果描述。因此，基于现有信息，不能确认其后果是否为“影响电池工作”。,错误,0.0,712.08,纯LLM直答,,,0,,0,是/否判断,,,,,,,是/否判断,16,
344,344,PureLLM直接回答(qwen2.5:7b),无KG/RAG/CSV/规则系统,风险影响评估类,mode_project_bool,,M4_证据裁决,证据裁决,简单,失效模式“电池组整体温度过低”是不是出现在项目/功能“热管理系统”里？,是,是。失效模式“电池组整体温度过低”通常与项目/功能“热管理系统”相关，因为该系统负责管理电池组的温度以确保其正常运行和安全。,正确,1.0,508.33,纯LLM直答,,,0,,0,,,,,,,,是/否判断,16,
345,345,PureLLM直接回答(qwen2.5:7b),无KG/RAG/CSV/规则系统,风险影响评估类,risk_mode_code,,M3_查询理解与语义检索增强,口语化/模糊检索,简单,失效模式“电池组整体温度过低”对应的FMEA编号是什么？,LFP017,题目中没有提供足够的信息来确定具体的FMEA编号。请参考相关的FMEA文档以获取准确的FMEA编号。,错误,0.0,379.29,纯LLM直答,,0.0,0,,0,LFP017,,,,,LFP017,,FmeaID,16,
346,346,PureLLM直接回答(qwen2.5:7b),无KG/RAG/CSV/规则系统,风险影响评估类,risk_mode_project,,M3_查询理解与语义检索增强,口语化/模糊检索,简单,在项目/功能“热管理系统”里，失效模式“电池组整体温度过低”的后果是什么？,影响电池工作,答案：电池组整体温度过低可能导致电池性能下降，充电效率降低，以及可能影响电池的使用寿命。,错误,0.0,411.1,纯LLM直答,,0.0,0,,0,影响电池工作,,,,,影响电池工作,,,16,
347,347,PureLLM直接回答(qwen2.5:7b),无KG/RAG/CSV/规则系统,故障原因诊断类,cause_code,,M1_编号直答,CSV直答,简单,FMEA编号“LFP018”这条的潜在失效原因/机理是什么？,风扇固定不牢靠或功率过高,根据题面提供的信息，“LFP018”这条记录的潜在失效原因是由于连接器松动。,错误,0.0,424.33,纯LLM直答,,0.0,0,,0,风扇固定不牢靠或功率过高,,,,,风扇固定不牢靠或功率过高,,,17,
348,348,PureLLM直接回答(qwen2.5:7b),无KG/RAG/CSV/规则系统,风险影响评估类,effect_code,,M1_编号直答,CSV直答,简单,FMEA编号“LFP018”这条的潜在失效后果是什么？,影响乘车环境,根据题面信息，“LFP018”这条的潜在失效后果是未提供的。请提供更多的详细信息以便给出准确的答案。,错误,0.0,453.71,纯LLM直答,,0.0,0,,0,影响乘车环境,,,,,影响乘车环境,,,17,
349,349,PureLLM直接回答(qwen2.5:7b),无KG/RAG/CSV/规则系统,风险影响评估类,rpn_code,,M1_编号直答,CSV直答,简单,FMEA编号“LFP018”这条的RPN是多少？,RPN=120.0,根据题面提供的信息，无法确定FMEA编号“LFP018”的RPN值。请提供更多的详细信息以获得准确的答案。,错误,0.0,487.67,纯LLM直答,,0.0,0,,0,,120.0,,,,,120.0,RPN,17,
350,350,PureLLM直接回答(qwen2.5:7b),无KG/RAG/CSV/规则系统,风险影响评估类,s_code,,M1_编号直答,CSV直答,简单,FMEA编号“LFP018”这条的S是多少？,S=3.0,题目中没有提供足够的信息来确定FMEA编号“LFP018”的S值。请提供更多相关数据或上下文。,错误,0.0,438.66,纯LLM直答,,0.0,0,,0,,3.0,,,,,3.0,S,17,
351,351,PureLLM直接回答(qwen2.5:7b),无KG/RAG/CSV/规则系统,风险影响评估类,o_code,,M1_编号直答,CSV直答,简单,FMEA编号“LFP018”这条的O是多少？,O=5.0,题目中没有提供足够的信息来确定FMEA编号“LFP018”的O值。请提供更多相关数据或上下文。,错误,0.0,434.51,纯LLM直答,,0.0,0,,0,,5.0,,,,,5.0,O,17,
352,352,PureLLM直接回答(qwen2.5:7b),无KG/RAG/CSV/规则系统,风险影响评估类,d_code,,M1_编号直答,CSV直答,简单,FMEA编号“LFP018”这条的D是多少？,D=8.0,根据题面提供的信息，无法确定FMEA编号“LFP018”对应的D值。请提供更多的上下文或相关信息以便给出准确的答案。,错误,0.0,495.72,纯LLM直答,,0.0,0,,0,,8.0,,,,,8.0,D,17,
353,353,PureLLM直接回答(qwen2.5:7b),无KG/RAG/CSV/规则系统,故障措施推荐类,action_code,,M1_编号直答,CSV直答,简单,FMEA编号“LFP018”这条的建议措施是什么？,更换风扇,"根据题面提供的信息，“LFP018”这条记录的建议措施是未给出具体细节。在实际的FMEA分析中，建议措施通常会详细说明如何预防或减轻失效模式的影响。但由于题面没有提供具体的建议措施内容，因此无法给出确切的答案。

建议措施可能包括但不限于：改进设计、增加检测步骤、使用更可靠的材料等。",错误,0.0,840.92,纯LLM直答,,0.0,0,,0,更换风扇,,,,,更换风扇,,RecommendedAction,17,
354,354,PureLLM直接回答(qwen2.5:7b),无KG/RAG/CSV/规则系统,故障原因诊断类,cause_mode,,M3_查询理解与语义检索增强,口语化/模糊检索,简单,失效模式“噪音过大”对应的潜在失效原因/机理是什么？,风扇固定不牢靠或功率过高,"失效模式“噪音过大”的潜在失效原因/机理可能包括：

1. 机械部件磨损或损坏；
2. 轴承故障；
3. 零件松动或固定不良；
4. 润滑不足；
5. 传动系统不平衡。

这些都可能导致设备运行时产生异常噪音。",错误,0.0,767.17,纯LLM直答,,0.0,1,,0,风扇固定不牢靠或功率过高,,,,1.0；2.0；3.0；4.0；5.0,风扇固定不牢靠或功率过高,,,17,
355,355,PureLLM直接回答(qwen2.5:7b),无KG/RAG/CSV/规则系统,风险影响评估类,effect_mode,,M3_查询理解与语义检索增强,口语化/模糊检索,简单,失效模式“噪音过大”对应的潜在失效后果是什么？,影响乘车环境,答案：听力损伤,错误,0.0,237.73,纯LLM直答,,0.0,0,,0,影响乘车环境,,,,,影响乘车环境,,,17,
356,356,PureLLM直接回答(qwen2.5:7b),无KG/RAG/CSV/规则系统,风险影响评估类,rpn_mode,,M3_查询理解与语义检索增强,口语化/模糊检索,简单,失效模式“噪音过大”的RPN是多少？,RPN=120.0,"题目中未提供足够的信息来计算具体的RPN值。RPN（风险优先级数）是通过严重度（S）、发生频率（O）和检测难度（D）三个因素的乘积得出的，每个因素通常取1到10之间的整数值。

如果假设“噪音过大”是一个中等程度的失效模式，并且我们没有其他具体信息的话：

- 严重度（S）：6
- 发生频率（O）：4
- 检测难度（D）：5

则RPN = S × O × D = 6 × 4 × 5 = 120。

但请注意，这只是一个假设值。实际的RPN需要根据具体情况进行评估。",正确,1.0,1413.01,纯LLM直答,,0.0,1,,0,,,120.0,,1.0；10.0；6.0；4.0；5.0；6.0；4.0；5.0,,120.0,RPN,17,
357,357,PureLLM直接回答(qwen2.5:7b),无KG/RAG/CSV/规则系统,故障措施推荐类,action_mode,,M3_查询理解与语义检索增强,口语化/模糊检索,简单,失效模式“噪音过大”对应的建议措施是什么？,更换风扇,"针对失效模式“噪音过大”，建议采取以下措施：

1. 检查并调整设备的机械部件，确保其正常运行。
2. 优化传动系统，减少不必要的振动。
3. 更换或修复磨损严重的零部件。
4. 定期进行维护和保养，及时发现潜在问题。
5. 对噪音源进行隔离或采取隔音措施。

以上建议措施旨在从根本上解决噪音过大的问题。",错误,0.0,940.94,纯LLM直答,,0.0,1,,0,更换风扇,,,,1.0；2.0；3.0；4.0；5.0,更换风扇,,RecommendedAction,17,
358,358,PureLLM直接回答(qwen2.5:7b),无KG/RAG/CSV/规则系统,故障原因诊断类,cause_colloquial,,M3_查询理解与语义检索增强,口语化/模糊检索,中等,在项目/功能“热管理系统”里，失效模式“噪音过大”这个问题，原因讲白一点是什么？,风扇固定不牢靠或功率过高,"失效模式“噪音过大”的主要原因可能是热管理系统的风扇或泵等部件运行异常。具体来说，可能是由于以下原因之一：

1. 风扇叶片损坏或不平衡。
2. 冷却液中有空气或其他杂质，导致泵工作不顺畅。
3. 电气连接不良或驱动电路故障，影响了设备的正常运转。

这些因素都可能导致热管理系统在运行过程中产生异常噪音。",错误,0.0,924.2,纯LLM直答,,0.0,1,,0,风扇固定不牢靠或功率过高,,,,1.0；2.0；3.0,风扇固定不牢靠或功率过高,,,17,
359,359,PureLLM直接回答(qwen2.5:7b),无KG/RAG/CSV/规则系统,风险影响评估类,effect_colloquial,,M3_查询理解与语义检索增强,口语化/模糊检索,中等,在项目/功能“热管理系统”里，失效模式“噪音过大”最后会带来什么后果？,影响乘车环境,答案：可能会导致用户舒适度降低，影响设备正常使用。,错误,0.0,324.69,纯LLM直答,,0.0,0,,0,影响乘车环境,,,,,影响乘车环境,,,17,
360,360,PureLLM直接回答(qwen2.5:7b),无KG/RAG/CSV/规则系统,故障措施推荐类,action_colloquial,,M3_查询理解与语义检索增强,口语化/模糊检索,中等,在项目/功能“热管理系统”里，失效模式“噪音过大”一般怎么处理？,更换风扇,"针对项目/功能“热管理系统”中失效模式“噪音过大”的处理方法通常包括以下几个步骤：

1. **识别原因**：首先需要确定噪音过大的具体原因。可能的原因包括风扇故障、散热片堵塞、系统设计不合理等。

2. **评估影响**：分析噪音对系统性能和用户体验的影响程度，以及是否会对设备的正常运行造成干扰。

3. **制定措施**：
   - 更换或维修损坏的部件（如风扇）。
   - 清理散热片上的灰尘或其他堵塞物。
   - 优化热管理系统的设计，确保其在各种工作条件下都能保持良好的性能和较低的噪音水平。

4. **验证效果**：实施上述措施后，需要重新测试系统以确认噪音问题是否得到有效解决，并检查是否有新的潜在问题出现。

5. **记录与反馈**：将处理过程及结果详细记录下来，并向相关人员或团队提供反馈，以便未来参考改进。",错误,0.0,1832.01,纯LLM直答,,0.0,1,,0,更换风扇,,,,1.0；2.0；3.0；4.0；5.0,更换风扇,,,17,
361,361,PureLLM直接回答(qwen2.5:7b),无KG/RAG/CSV/规则系统,风险影响评估类,risk_colloquial,,M3_查询理解与语义检索增强,口语化/模糊检索,中等,在项目/功能“热管理系统”里，失效模式“噪音过大”的风险最后会体现成什么？,影响乘车环境,答案：在项目/功能“热管理系统”里，失效模式“噪音过大”的风险最后会体现在系统的性能下降和用户体验降低上。,错误,0.0,439.39,纯LLM直答,,0.0,0,,0,影响乘车环境,,,,,影响乘车环境,,,17,
362,362,PureLLM直接回答(qwen2.5:7b),无KG/RAG/CSV/规则系统,故障原因诊断类,cause_bool,,M4_证据裁决,证据裁决,简单,FMEA编号“LFP018”对应的原因是否就是“风扇固定不牢靠或功率过高”？,是,"根据题面提供的信息，“FMEA编号‘LFP018’对应的原因是否就是‘风扇固定不牢靠或功率过高’？”这一问题无法直接得出结论，因为题面没有提供足够的背景信息来确认这一点。通常情况下，FMEA（失效模式与效应分析）中的具体原因需要通过详细的分析和数据支持来确定。

如果要给出一个假设性的答案，可以认为“风扇固定不牢靠或功率过高”可能是导致某个问题的原因之一，但具体情况还需要进一步的分析和验证。",错误,0.0,1062.92,纯LLM直答,,,0,,0,是/否判断,,,,,,,是/否判断,17,
363,363,PureLLM直接回答(qwen2.5:7b),无KG/RAG/CSV/规则系统,风险影响评估类,risk_bool,,M4_证据裁决,证据裁决,简单,FMEA编号“LFP018”对应的后果是否就是“影响乘车环境”？,是,根据题面提供的信息，“FMEA编号‘LFP018’对应的后果是否就是‘影响乘车环境’？”这一问题无法直接作答，因为题面没有提供关于FMEA编号“LFP018”的具体失效后果信息。请提供更多相关细节以便准确回答。,错误,0.0,655.34,纯LLM直答,,,0,,0,是/否判断,,,,,,,是/否判断,17,
364,364,PureLLM直接回答(qwen2.5:7b),无KG/RAG/CSV/规则系统,风险影响评估类,mode_project_bool,,M4_证据裁决,证据裁决,简单,失效模式“噪音过大”是不是出现在项目/功能“热管理系统”里？,是,题目中没有提供足够的信息来确定“噪音过大”这一失效模式是否出现在“热管理系统”这个项目或功能里。请提供更多相关细节以便准确判断。,错误,0.0,474.46,纯LLM直答,,,0,,0,是/否判断,,,,,,,是/否判断,17,
365,365,PureLLM直接回答(qwen2.5:7b),无KG/RAG/CSV/规则系统,风险影响评估类,risk_mode_code,,M3_查询理解与语义检索增强,口语化/模糊检索,简单,失效模式“噪音过大”对应的FMEA编号是什么？,LFP018,题目中没有提供足够的信息来确定“噪音过大”这一失效模式的具体FMEA编号。请提供更多相关数据以便准确回答此问题。,错误,0.0,448.08,纯LLM直答,,0.0,0,,0,LFP018,,,,,LFP018,,FmeaID,17,
366,366,PureLLM直接回答(qwen2.5:7b),无KG/RAG/CSV/规则系统,风险影响评估类,risk_mode_project,,M3_查询理解与语义检索增强,口语化/模糊检索,简单,在项目/功能“热管理系统”里，失效模式“噪音过大”的后果是什么？,影响乘车环境,答案：噪音过大可能导致乘客或工作人员的舒适度降低。,错误,0.0,314.82,纯LLM直答,,0.0,0,,0,影响乘车环境,,,,,影响乘车环境,,,17,
367,367,PureLLM直接回答(qwen2.5:7b),无KG/RAG/CSV/规则系统,故障原因诊断类,cause_code,,M1_编号直答,CSV直答,简单,FMEA编号“LFP019”这条的潜在失效原因/机理是什么？,通风方式不合理,根据题面提供的信息，“LFP019”这条记录的潜在失效原因是由于连接器松动。,错误,0.0,371.34,纯LLM直答,,0.0,0,,0,通风方式不合理,,,,,通风方式不合理,,,18,
368,368,PureLLM直接回答(qwen2.5:7b),无KG/RAG/CSV/规则系统,风险影响评估类,effect_code,,M1_编号直答,CSV直答,简单,FMEA编号“LFP019”这条的潜在失效后果是什么？,影响电池工作,根据题面提供的信息，“LFP019”这条的潜在失效后果没有给出具体描述。因此无法直接回答。如果需要进一步的信息来确定具体的失效后果，建议参考相关的设计文档或FMEA表格中的详细内容。,错误,0.0,603.77,纯LLM直答,,0.0,0,,0,影响电池工作,,,,,影响电池工作,,,18,
369,369,PureLLM直接回答(qwen2.5:7b),无KG/RAG/CSV/规则系统,风险影响评估类,rpn_code,,M1_编号直答,CSV直答,简单,FMEA编号“LFP019”这条的RPN是多少？,RPN=140.0,根据题面提供的信息，无法确定FMEA编号“LFP019”的RPN值。请提供更多的详细信息以获得准确的答案。,错误,0.0,456.69,纯LLM直答,,0.0,0,,0,,140.0,,,,,140.0,RPN,18,
370,370,PureLLM直接回答(qwen2.5:7b),无KG/RAG/CSV/规则系统,风险影响评估类,s_code,,M1_编号直答,CSV直答,简单,FMEA编号“LFP019”这条的S是多少？,S=4.0,根据题面提供的信息，无法确定FMEA编号“LFP019”这条的S值。请提供更多的详细信息。,错误,0.0,451.57,纯LLM直答,,0.0,0,,0,,4.0,,,,,4.0,S,18,
371,371,PureLLM直接回答(qwen2.5:7b),无KG/RAG/CSV/规则系统,风险影响评估类,o_code,,M1_编号直答,CSV直答,简单,FMEA编号“LFP019”这条的O是多少？,O=5.0,题目中没有提供足够的信息来确定FMEA编号“LFP019”的O（严重度）值。请提供更多相关数据以获得准确答案。,错误,0.0,478.58,纯LLM直答,,0.0,0,,0,,5.0,,,,,5.0,O,18,
372,372,PureLLM直接回答(qwen2.5:7b),无KG/RAG/CSV/规则系统,风险影响评估类,d_code,,M1_编号直答,CSV直答,简单,FMEA编号“LFP019”这条的D是多少？,D=7.0,根据题面提供的信息，无法确定FMEA编号“LFP019”这条的D值。请提供更多的详细信息以获得准确的答案。,错误,0.0,485.14,纯LLM直答,,0.0,0,,0,,7.0,,,,,7.0,D,18,
373,373,PureLLM直接回答(qwen2.5:7b),无KG/RAG/CSV/规则系统,故障措施推荐类,action_code,,M1_编号直答,CSV直答,简单,FMEA编号“LFP019”这条的建议措施是什么？,增加散热,"根据题面提供的信息，“LFP019”这条记录的建议措施是未给出具体细节。在实际的FMEA分析中，建议措施通常会详细描述为解决失效模式所采取的具体步骤或改进方案。但由于题面没有提供具体的建议措施内容，因此无法给出确切答案。

建议措施可能包括但不限于：设计更改、过程调整、增加检测手段等。",错误,0.0,853.77,纯LLM直答,,0.0,0,,0,增加散热,,,,,增加散热,,RecommendedAction,18,
374,374,PureLLM直接回答(qwen2.5:7b),无KG/RAG/CSV/规则系统,故障原因诊断类,cause_mode,,M3_查询理解与语义检索增强,口语化/模糊检索,简单,失效模式“电池间温度一致性差”对应的潜在失效原因/机理是什么？,通风方式不合理,"失效模式“电池间温度一致性差”的潜在失效原因是：

1. 电池制造过程中的差异导致初始温度特性不一致。
2. 散热系统设计不合理，导致局部过热或冷却不足。
3. 热管理材料性能不佳，影响传热效率。
4. 温度传感器精度不够，无法准确反映实际温度分布。",错误,0.0,794.41,纯LLM直答,,0.0,1,,0,通风方式不合理,,,,1.0；2.0；3.0；4.0,通风方式不合理,,,18,
375,375,PureLLM直接回答(qwen2.5:7b),无KG/RAG/CSV/规则系统,风险影响评估类,effect_mode,,M3_查询理解与语义检索增强,口语化/模糊检索,简单,失效模式“电池间温度一致性差”对应的潜在失效后果是什么？,影响电池工作,答案：可能会导致电池性能不一致，进而影响整个系统的稳定性和可靠性。,错误,0.0,351.97,纯LLM直答,,0.0,0,,0,影响电池工作,,,,,影响电池工作,,,18,
376,376,PureLLM直接回答(qwen2.5:7b),无KG/RAG/CSV/规则系统,风险影响评估类,rpn_mode,,M3_查询理解与语义检索增强,口语化/模糊检索,简单,失效模式“电池间温度一致性差”的RPN是多少？,RPN=140.0,题目中没有提供足够的信息来计算具体的RPN值（严重度S、发生频度O、检测度D的乘积）。因此，基于现有信息，无法给出确切的RPN数值。如果需要计算RPN，请参考相关评估标准并为每个因素赋值。,错误,0.0,673.33,纯LLM直答,,0.0,0,,0,,140.0,,,,,140.0,RPN,18,
377,377,PureLLM直接回答(qwen2.5:7b),无KG/RAG/CSV/规则系统,故障措施推荐类,action_mode,,M3_查询理解与语义检索增强,口语化/模糊检索,简单,失效模式“电池间温度一致性差”对应的建议措施是什么？,增加散热,"对于失效模式“电池间温度一致性差”，建议措施可以包括：

1. 优化电池组的散热设计，确保每个电池单元都能均匀散热。
2. 定期检查和维护冷却系统，保证其正常运行。
3. 实施温度监控系统，实时监测各电池单元的温度，并在温差超出预设范围时发出警报。
4. 调整充电策略，避免过充或欠充导致的温度不一致。
5. 在电池组设计阶段考虑使用热管理材料或结构。

这些措施有助于提高电池间温度的一致性，从而提升系统的可靠性和安全性。",错误,0.0,1269.83,纯LLM直答,,0.0,1,,0,增加散热,,,,1.0；2.0；3.0；4.0；5.0,增加散热,,RecommendedAction,18,
378,378,PureLLM直接回答(qwen2.5:7b),无KG/RAG/CSV/规则系统,故障原因诊断类,cause_colloquial,,M3_查询理解与语义检索增强,口语化/模糊检索,中等,在项目/功能“热管理系统”里，失效模式“电池间温度一致性差”这个问题，原因讲白一点是什么？,通风方式不合理,失效模式“电池间温度一致性差”的原因是由于各电池单元之间的散热性能不均匀导致的。,错误,0.0,370.7,纯LLM直答,,0.0,0,,0,通风方式不合理,,,,,通风方式不合理,,,18,
379,379,PureLLM直接回答(qwen2.5:7b),无KG/RAG/CSV/规则系统,风险影响评估类,effect_colloquial,,M3_查询理解与语义检索增强,口语化/模糊检索,中等,在项目/功能“热管理系统”里，失效模式“电池间温度一致性差”最后会带来什么后果？,影响电池工作,答案：可能会导致电池性能下降、充电效率降低以及安全风险增加。,错误,0.0,337.09,纯LLM直答,,0.0,0,,0,影响电池工作,,,,,影响电池工作,,,18,
380,380,PureLLM直接回答(qwen2.5:7b),无KG/RAG/CSV/规则系统,故障措施推荐类,action_colloquial,,M3_查询理解与语义检索增强,口语化/模糊检索,中等,在项目/功能“热管理系统”里，失效模式“电池间温度一致性差”一般怎么处理？,增加散热,"针对项目/功能“热管理系统”中失效模式“电池间温度一致性差”的处理方法通常包括以下几个步骤：

1. **诊断分析**：
   - 识别导致温度不一致的具体原因。
   - 测量和记录各电池单元的温度，以确定差异程度。

2. **设计改进措施**：
   - 调整热管理系统的设计，确保均匀散热。
   - 检查并优化冷却液流动路径或风道布局。

3. **实施与验证**：
   - 根据设计方案进行修改和安装。
   - 重新测试电池组的温度一致性，并记录结果。

4. **监控与维护**：
   - 定期检查热管理系统的工作状态，确保其长期有效运行。
   - 对发现的问题及时采取纠正措施。

通过上述步骤可以有效地改善电池间温度的一致性问题。",错误,0.0,1626.77,纯LLM直答,,0.0,1,,0,增加散热,,,,1.0；2.0；3.0；4.0,增加散热,,,18,
381,381,PureLLM直接回答(qwen2.5:7b),无KG/RAG/CSV/规则系统,风险影响评估类,risk_colloquial,,M3_查询理解与语义检索增强,口语化/模糊检索,中等,在项目/功能“热管理系统”里，失效模式“电池间温度一致性差”的风险最后会体现成什么？,影响电池工作,答案：该失效模式“电池间温度一致性差”最终可能表现为热管理系统性能下降。,错误,0.0,362.43,纯LLM直答,,0.0,0,,0,影响电池工作,,,,,影响电池工作,,,18,
382,382,PureLLM直接回答(qwen2.5:7b),无KG/RAG/CSV/规则系统,故障原因诊断类,cause_bool,,M4_证据裁决,证据裁决,简单,FMEA编号“LFP019”对应的原因是否就是“通风方式不合理”？,是,题目中没有提供足够的信息来确定FMEA编号“LFP019”对应的具体原因是否为“通风方式不合理”。请提供更多相关背景或具体描述。,错误,0.0,509.26,纯LLM直答,,,0,,0,是/否判断,,,,,,,是/否判断,18,
383,383,PureLLM直接回答(qwen2.5:7b),无KG/RAG/CSV/规则系统,风险影响评估类,risk_bool,,M4_证据裁决,证据裁决,简单,FMEA编号“LFP019”对应的后果是否就是“影响电池工作”？,是,根据题面提供的信息，“FMEA编号‘LFP019’对应的后果是否就是‘影响电池工作’？”这一问题无法直接得出结论，因为题面没有提供关于“LFP019”具体后果的详细信息。因此，基于现有信息，不能确认该后果是否为“影响电池工作”。,错误,0.0,770.9,纯LLM直答,,,0,,0,是/否判断,,,,,,,是/否判断,18,
384,384,PureLLM直接回答(qwen2.5:7b),无KG/RAG/CSV/规则系统,风险影响评估类,mode_project_bool,,M4_证据裁决,证据裁决,简单,失效模式“电池间温度一致性差”是不是出现在项目/功能“热管理系统”里？,是,"根据题面信息，“失效模式‘电池间温度一致性差’”是否出现在“项目/功能‘热管理系统’”中，需要具体分析。通常情况下，电池间温度一致性差与热管理直接相关，因此可以认为该失效模式出现在热管理系统中。

答案：是。",错误,0.0,673.09,纯LLM直答,,,0,,0,是/否判断,,,,,,,是/否判断,18,
385,385,PureLLM直接回答(qwen2.5:7b),无KG/RAG/CSV/规则系统,风险影响评估类,risk_mode_code,,M3_查询理解与语义检索增强,口语化/模糊检索,简单,失效模式“电池间温度一致性差”对应的FMEA编号是什么？,LFP019,题目中没有提供足够的信息来确定具体的FMEA编号。请参考相关文档或数据以获取准确的FMEA编号。,错误,0.0,448.08,纯LLM直答,,0.0,0,,0,LFP019,,,,,LFP019,,FmeaID,18,
386,386,PureLLM直接回答(qwen2.5:7b),无KG/RAG/CSV/规则系统,风险影响评估类,risk_mode_project,,M3_查询理解与语义检索增强,口语化/模糊检索,简单,在项目/功能“热管理系统”里，失效模式“电池间温度一致性差”的后果是什么？,影响电池工作,答案：电池间温度一致性差可能导致电池性能差异，进而影响整车的续航里程和安全性能。,错误,0.0,388.26,纯LLM直答,,0.0,0,,0,影响电池工作,,,,,影响电池工作,,,18,
387,387,PureLLM直接回答(qwen2.5:7b),无KG/RAG/CSV/规则系统,故障原因诊断类,cause_code,,M1_编号直答,CSV直答,简单,FMEA编号“LFP020”这条的潜在失效原因/机理是什么？,环境温度过高,根据题面提供的信息，“LFP020”这条记录的潜在失效原因是由于连接器接触不良。,错误,0.0,424.62,纯LLM直答,,0.0,0,,0,环境温度过高,,,,,环境温度过高,,,19,
388,388,PureLLM直接回答(qwen2.5:7b),无KG/RAG/CSV/规则系统,风险影响评估类,effect_code,,M1_编号直答,CSV直答,简单,FMEA编号“LFP020”这条的潜在失效后果是什么？,影响电池工作,根据题面提供的信息，“LFP020”这条的潜在失效后果是未给出具体细节。在实际的FMEA分析中，潜在失效后果需要通过详细的分析来确定，例如设备损坏、生产停机、安全风险等。但由于题面没有提供具体信息，因此无法给出确切的答案。,错误,0.0,718.7,纯LLM直答,,0.0,0,,0,影响电池工作,,,,,影响电池工作,,,19,
389,389,PureLLM直接回答(qwen2.5:7b),无KG/RAG/CSV/规则系统,风险影响评估类,rpn_code,,M1_编号直答,CSV直答,简单,FMEA编号“LFP020”这条的RPN是多少？,RPN=84.0,根据题面提供的信息，“LFP020”这条的RPN是未给出足够信息可以直接确定的具体数值。因此，无法直接回答该RPN的具体数值。如果需要这个值，可能需要参考具体的FMEA文档或进一步的信息。,错误,0.0,633.42,纯LLM直答,,0.0,0,,0,,84.0,,,,,84.0,RPN,19,
390,390,PureLLM直接回答(qwen2.5:7b),无KG/RAG/CSV/规则系统,风险影响评估类,s_code,,M1_编号直答,CSV直答,简单,FMEA编号“LFP020”这条的S是多少？,S=4.0,题目中没有提供足够的信息来确定FMEA编号“LFP020”的S值。请提供更多相关数据或上下文。,错误,0.0,451.48,纯LLM直答,,0.0,0,,0,,4.0,,,,,4.0,S,19,
391,391,PureLLM直接回答(qwen2.5:7b),无KG/RAG/CSV/规则系统,风险影响评估类,o_code,,M1_编号直答,CSV直答,简单,FMEA编号“LFP020”这条的O是多少？,O=3.0,题目中没有提供足够的信息来确定FMEA编号“LFP020”的O值（严重度）。请提供更多相关数据。,错误,0.0,449.52,纯LLM直答,,0.0,0,,0,,3.0,,,,,3.0,O,19,
392,392,PureLLM直接回答(qwen2.5:7b),无KG/RAG/CSV/规则系统,风险影响评估类,d_code,,M1_编号直答,CSV直答,简单,FMEA编号“LFP020”这条的D是多少？,D=7.0,根据题面提供的信息，无法确定FMEA编号“LFP020”对应的D值。请提供更多的上下文或相关信息以便给出准确的答案。,错误,0.0,464.5,纯LLM直答,,0.0,0,,0,,7.0,,,,,7.0,D,19,
393,393,PureLLM直接回答(qwen2.5:7b),无KG/RAG/CSV/规则系统,故障措施推荐类,action_code,,M1_编号直答,CSV直答,简单,FMEA编号“LFP020”这条的建议措施是什么？,外部环境降温,"根据题面提供的信息，“LFP020”这条记录的建议措施是未给出具体细节。在实际的FMEA分析中，建议措施通常会详细说明如何预防或减轻失效模式的影响。但由于题面没有提供具体的建议措施内容，因此无法给出确切的答案。

建议措施可能包括但不限于：改进设计、增加检测步骤、使用更可靠的材料等。",错误,0.0,853.89,纯LLM直答,,0.0,0,,0,外部环境降温,,,,,外部环境降温,,RecommendedAction,19,
394,394,PureLLM直接回答(qwen2.5:7b),无KG/RAG/CSV/规则系统,故障原因诊断类,cause_mode,,M3_查询理解与语义检索增强,口语化/模糊检索,简单,失效模式“整体温度高，管理目标无法实现”对应的潜在失效原因/机理是什么？,环境温度过高,潜在失效原因/机理可能是散热不良导致设备过热。,错误,0.0,331.1,纯LLM直答,,0.0,0,,0,环境温度过高,,,,,环境温度过高,,,19,
395,395,PureLLM直接回答(qwen2.5:7b),无KG/RAG/CSV/规则系统,风险影响评估类,effect_mode,,M3_查询理解与语义检索增强,口语化/模糊检索,简单,失效模式“整体温度高，管理目标无法实现”对应的潜在失效后果是什么？,影响电池工作,答案：整体温度过高可能导致设备损坏或性能下降。,错误,0.0,305.74,纯LLM直答,,0.0,0,,0,影响电池工作,,,,,影响电池工作,,,19,
396,396,PureLLM直接回答(qwen2.5:7b),无KG/RAG/CSV/规则系统,风险影响评估类,rpn_mode,,M3_查询理解与语义检索增强,口语化/模糊检索,简单,失效模式“整体温度高，管理目标无法实现”的RPN是多少？,RPN=84.0,"根据提供的信息，无法直接计算出具体的RPN值。RPN（风险优先级数）是通过严重度（S）、发生频度（O）和检测度（D）三个因素的乘积得出的。题面中只提供了失效模式“整体温度高，管理目标无法实现”，但没有给出这三个因子的具体数值。

如果假设一个可能的情况：
- 严重度（S）：8
- 发生频度（O）：6
- 检测度（D）：4

那么RPN = S × O × D = 8 × 6 × 4 = 192

但请注意，这只是一个假设值。实际的RPN需要根据具体的风险评估数据来确定。",错误,0.0,1424.04,纯LLM直答,,0.0,1,,0,,84.0,,,8.0；6.0；4.0；8.0；6.0；4.0；192.0,,84.0,RPN,19,
397,397,PureLLM直接回答(qwen2.5:7b),无KG/RAG/CSV/规则系统,故障措施推荐类,action_mode,,M3_查询理解与语义检索增强,口语化/模糊检索,简单,失效模式“整体温度高，管理目标无法实现”对应的建议措施是什么？,外部环境降温,"针对失效模式“整体温度高，管理目标无法实现”的建议措施可以是：

1. 优化冷却系统设计；
2. 增加散热部件或改进散热材料；
3. 调整工作环境以降低外部热源影响；
4. 定期维护和检查设备的散热性能；
5. 实施温度监控并设置警报阈值。",错误,0.0,829.86,纯LLM直答,,0.0,1,,0,外部环境降温,,,,1.0；2.0；3.0；4.0；5.0,外部环境降温,,RecommendedAction,19,
398,398,PureLLM直接回答(qwen2.5:7b),无KG/RAG/CSV/规则系统,故障原因诊断类,cause_colloquial,,M3_查询理解与语义检索增强,口语化/模糊检索,中等,在项目/功能“热管理系统”里，失效模式“整体温度高，管理目标无法实现”这个问题，原因讲白一点是什么？,环境温度过高,失效模式“整体温度高，管理目标无法实现”的原因是系统未能有效控制热管理系统内的温度，导致温度超过设定的目标范围。,错误,0.0,441.79,纯LLM直答,,0.0,0,,0,环境温度过高,,,,,环境温度过高,,,19,
399,399,PureLLM直接回答(qwen2.5:7b),无KG/RAG/CSV/规则系统,风险影响评估类,effect_colloquial,,M3_查询理解与语义检索增强,口语化/模糊检索,中等,在项目/功能“热管理系统”里，失效模式“整体温度高，管理目标无法实现”最后会带来什么后果？,影响电池工作,"在项目/功能“热管理系统”里，失效模式“整体温度高，管理目标无法实现”最后可能会导致系统性能下降或设备损坏。具体后果可能包括：

- 电子元件过热损坏；
- 系统稳定性降低；
- 设备寿命缩短。

这些后果将直接影响到系统的正常运行和使用寿命。",错误,0.0,748.04,纯LLM直答,,0.0,0,,0,影响电池工作,,,,,影响电池工作,,,19,
400,400,PureLLM直接回答(qwen2.5:7b),无KG/RAG/CSV/规则系统,故障措施推荐类,action_colloquial,,M3_查询理解与语义检索增强,口语化/模糊检索,中等,在项目/功能“热管理系统”里，失效模式“整体温度高，管理目标无法实现”一般怎么处理？,外部环境降温,"针对项目/功能“热管理系统”中失效模式“整体温度高，管理目标无法实现”的处理方法通常包括以下几个步骤：

1. **识别根本原因**：首先需要确定导致整体温度高的具体原因。可能的原因包括散热不良、冷却系统故障、负载过大等。

2. **制定纠正措施**：
   - 如果是由于散热不良或冷却系统故障引起的，可以考虑改进散热设计，更换或维修冷却设备。
   - 如果是负载过大的问题，则需要重新评估系统的负载需求，并优化热管理策略以适应实际负载情况。

3. **实施预防措施**：为了防止未来再次发生同样的失效模式，可以在设计阶段加入冗余的冷却系统或者温度监控机制。同时，定期维护和检查热管理系统也是必要的。

4. **验证效果**：在采取了纠正和预防措施之后，需要通过测试来验证这些措施的有效性，并确保整体温度能够得到有效控制。

5. **文档记录**：将整个处理过程详细记录下来，包括失效原因、采取的措施及其有效性评估等信息。这有助于未来类似问题的快速解决与改进。

以上步骤仅供参考，具体实施时还需根据实际情况调整。",错误,0.0,2121.09,纯LLM直答,,0.0,1,,0,外部环境降温,,,,1.0；2.0；3.0；4.0；5.0,外部环境降温,,,19,
401,401,PureLLM直接回答(qwen2.5:7b),无KG/RAG/CSV/规则系统,风险影响评估类,risk_colloquial,,M3_查询理解与语义检索增强,口语化/模糊检索,中等,在项目/功能“热管理系统”里，失效模式“整体温度高，管理目标无法实现”的风险最后会体现成什么？,影响电池工作,答案：该失效模式会导致系统的性能下降，具体表现为温度控制能力减弱，可能引发设备过热甚至损坏，从而影响整个系统的稳定运行和使用寿命。在FMEA中，这通常会被记录为一个高风险等级的失效模式。,错误,0.0,621.62,纯LLM直答,,0.0,0,,0,影响电池工作,,,,,影响电池工作,,,19,
402,402,PureLLM直接回答(qwen2.5:7b),无KG/RAG/CSV/规则系统,故障原因诊断类,cause_bool,,M4_证据裁决,证据裁决,简单,FMEA编号“LFP020”对应的原因是否就是“环境温度过高”？,是,题目中没有提供足够的信息来确定FMEA编号“LFP020”对应的具体原因是否为“环境温度过高”。请提供更多相关背景或具体细节。,错误,0.0,499.75,纯LLM直答,,,0,,0,是/否判断,,,,,,,是/否判断,19,
403,403,PureLLM直接回答(qwen2.5:7b),无KG/RAG/CSV/规则系统,风险影响评估类,risk_bool,,M4_证据裁决,证据裁决,简单,FMEA编号“LFP020”对应的后果是否就是“影响电池工作”？,是,根据题面提供的信息，“FMEA编号‘LFP020’对应的后果是否就是‘影响电池工作’？”这一问题无法直接得出结论，因为题面没有提供关于该编号的具体失效后果描述。因此，基于现有信息，不能确认其后果是否为“影响电池工作”。,错误,0.0,725.63,纯LLM直答,,,0,,0,是/否判断,,,,,,,是/否判断,19,
404,404,PureLLM直接回答(qwen2.5:7b),无KG/RAG/CSV/规则系统,风险影响评估类,mode_project_bool,,M4_证据裁决,证据裁决,简单,失效模式“整体温度高，管理目标无法实现”是不是出现在项目/功能“热管理系统”里？,是,是。失效模式“整体温度高，管理目标无法实现”出现在项目/功能“热管理系统”里。,正确,1.0,395.24,纯LLM直答,,,0,,0,,,,,,,,是/否判断,19,
405,405,PureLLM直接回答(qwen2.5:7b),无KG/RAG/CSV/规则系统,风险影响评估类,risk_mode_code,,M3_查询理解与语义检索增强,口语化/模糊检索,简单,失效模式“整体温度高，管理目标无法实现”对应的FMEA编号是什么？,LFP020,根据题面提供的信息，失效模式“整体温度高，管理目标无法实现”的对应FMEA编号未给出。请提供更多的FMEA表格内容以便准确回答此问题。,错误,0.0,512.12,纯LLM直答,,0.0,0,,0,LFP020,,,,,LFP020,,FmeaID,19,
406,406,PureLLM直接回答(qwen2.5:7b),无KG/RAG/CSV/规则系统,风险影响评估类,risk_mode_project,,M3_查询理解与语义检索增强,口语化/模糊检索,简单,在项目/功能“热管理系统”里，失效模式“整体温度高，管理目标无法实现”的后果是什么？,影响电池工作,答案：整体温度过高可能导致设备性能下降、寿命缩短甚至损坏，从而影响系统的正常运行。,错误,0.0,363.41,纯LLM直答,,0.0,0,,0,影响电池工作,,,,,影响电池工作,,,19,
407,407,PureLLM直接回答(qwen2.5:7b),无KG/RAG/CSV/规则系统,故障原因诊断类,cause_code,,M1_编号直答,CSV直答,简单,FMEA编号“LFP021”这条的潜在失效原因/机理是什么？,连接片氧化、未压紧防松螺母连接电阻增加、截面积小或材质不纯,根据题面提供的信息，“LFP021”这条记录的潜在失效原因是由于连接器接触不良。,错误,0.0,402.52,纯LLM直答,,0.0,0,,0,连接片氧化、未压紧防松螺母连接电阻增加、截面积小或材质不纯,,,,,连接片氧化、未压紧防松螺母连接电阻增加、截面积小或材质不纯,,,20,
408,408,PureLLM直接回答(qwen2.5:7b),无KG/RAG/CSV/规则系统,风险影响评估类,effect_code,,M1_编号直答,CSV直答,简单,FMEA编号“LFP021”这条的潜在失效后果是什么？,安全事故,根据题面提供的信息，“LFP021”这条的潜在失效后果是未给出具体细节。在实际的FMEA分析中，潜在失效后果需要通过详细的分析来确定，例如设备停机、生产损失、安全风险等。但由于题面没有提供具体信息，因此无法给出确切的答案。,错误,0.0,719.98,纯LLM直答,,0.0,0,,0,安全事故,,,,,安全事故,,,20,
409,409,PureLLM直接回答(qwen2.5:7b),无KG/RAG/CSV/规则系统,风险影响评估类,rpn_code,,M1_编号直答,CSV直答,简单,FMEA编号“LFP021”这条的RPN是多少？,RPN=90.0,根据题面信息，无法确定FMEA编号“LFP021”的RPN值。请提供更多的详细信息以获得准确的答案。,错误,0.0,450.41,纯LLM直答,,0.0,0,,0,,90.0,,,,,90.0,RPN,20,
410,410,PureLLM直接回答(qwen2.5:7b),无KG/RAG/CSV/规则系统,风险影响评估类,s_code,,M1_编号直答,CSV直答,简单,FMEA编号“LFP021”这条的S是多少？,S=10.0,题目中没有提供足够的信息来确定FMEA编号“LFP021”的S值。请提供更多相关数据或上下文。,错误,0.0,454.41,纯LLM直答,,0.0,0,,0,,10.0,,,,,10.0,S,20,
411,411,PureLLM直接回答(qwen2.5:7b),无KG/RAG/CSV/规则系统,风险影响评估类,o_code,,M1_编号直答,CSV直答,简单,FMEA编号“LFP021”这条的O是多少？,O=3.0,题目中没有提供足够的信息来确定FMEA编号“LFP021”的O值（严重度）。请提供更多相关数据。,错误,0.0,445.97,纯LLM直答,,0.0,0,,0,,3.0,,,,,3.0,O,20,
412,412,PureLLM直接回答(qwen2.5:7b),无KG/RAG/CSV/规则系统,风险影响评估类,d_code,,M1_编号直答,CSV直答,简单,FMEA编号“LFP021”这条的D是多少？,D=3.0,根据题面提供的信息，无法确定FMEA编号“LFP021”对应的D值。请提供更多的上下文或相关信息以便给出准确的答案。,错误,0.0,514.4,纯LLM直答,,0.0,0,,0,,3.0,,,,,3.0,D,20,
413,413,PureLLM直接回答(qwen2.5:7b),无KG/RAG/CSV/规则系统,故障措施推荐类,action_code,,M1_编号直答,CSV直答,简单,FMEA编号“LFP021”这条的建议措施是什么？,更换连接片或压紧防松螺母,根据题面提供的信息，“LFP021”这条记录的建议措施是未给出具体细节。通常情况下，建议措施会包括改进设计、增加检查点或培训员工等内容，但没有具体的描述，无法提供更详细的答案。,错误,0.0,641.81,纯LLM直答,,0.0,0,,0,更换连接片或压紧防松螺母,,,,,更换连接片或压紧防松螺母,,RecommendedAction,20,
414,414,PureLLM直接回答(qwen2.5:7b),无KG/RAG/CSV/规则系统,故障原因诊断类,cause_mode,,M3_查询理解与语义检索增强,口语化/模糊检索,简单,失效模式“连接片过热”对应的潜在失效原因/机理是什么？,连接片氧化、未压紧防松螺母连接电阻增加、截面积小或材质不纯,连接片过热的潜在失效原因/机理可能是由于连接片接触不良导致电阻增加，从而引起发热。,错误,0.0,411.45,纯LLM直答,,0.0,0,,0,连接片氧化、未压紧防松螺母连接电阻增加、截面积小或材质不纯,,,,,连接片氧化、未压紧防松螺母连接电阻增加、截面积小或材质不纯,,,20,
415,415,PureLLM直接回答(qwen2.5:7b),无KG/RAG/CSV/规则系统,风险影响评估类,effect_mode,,M3_查询理解与语义检索增强,口语化/模糊检索,简单,失效模式“连接片过热”对应的潜在失效后果是什么？,安全事故,答案：设备性能下降或损坏（具体表述可能会根据上下文有所不同）,错误,0.0,341.99,纯LLM直答,,0.0,0,,0,安全事故,,,,,安全事故,,,20,
416,416,PureLLM直接回答(qwen2.5:7b),无KG/RAG/CSV/规则系统,风险影响评估类,rpn_mode,,M3_查询理解与语义检索增强,口语化/模糊检索,简单,失效模式“连接片过热”的RPN是多少？,RPN=90.0,"题目中没有提供足够的信息来确定“连接片过热”这一失效模式的具体RPN值。RPN是风险优先级数（Risk Priority Number），它是通过严重度（S）、发生频度（O）和检测难度（D）三个因子的乘积计算得出的。

如果需要计算具体的RPN值，通常需要以下信息：
- 严重度（S）：失效后果对系统的影响程度。
- 发生频度（O）：失效发生的频率。
- 检测难度（D）：检测该失效模式的难易程度。

请提供这些因子的具体数值以计算RPN。",错误,0.0,1255.75,纯LLM直答,,0.0,0,,0,,90.0,,,,,90.0,RPN,20,
417,417,PureLLM直接回答(qwen2.5:7b),无KG/RAG/CSV/规则系统,故障措施推荐类,action_mode,,M3_查询理解与语义检索增强,口语化/模糊检索,简单,失效模式“连接片过热”对应的建议措施是什么？,更换连接片或压紧防松螺母,"对于失效模式“连接片过热”，建议措施可以包括：

1. **改进设计**：优化连接片的材料选择或结构设计，以提高其散热性能。
2. **增加冷却装置**：在设备中加入风扇或其他形式的冷却系统，帮助降低连接片温度。
3. **调整操作条件**：减少负载电流或频率，避免长时间高负荷运行。
4. **加强监控与维护**：定期检查连接片状态，并及时更换损坏部件。

这些措施旨在从根本上解决过热问题，提高设备的安全性和可靠性。",错误,0.0,1144.26,纯LLM直答,,0.0,1,,0,更换连接片或压紧防松螺母,,,,1.0；2.0；3.0；4.0,更换连接片或压紧防松螺母,,RecommendedAction,20,
418,418,PureLLM直接回答(qwen2.5:7b),无KG/RAG/CSV/规则系统,故障原因诊断类,cause_colloquial,,M3_查询理解与语义检索增强,口语化/模糊检索,中等,在项目/功能“热管理系统”里，失效模式“连接片过热”这个问题，原因讲白一点是什么？,连接片氧化、未压紧防松螺母连接电阻增加、截面积小或材质不纯,失效模式“连接片过热”的原因是由于连接片的散热不良或电流通过时产生的热量无法有效散发导致温度升高。,错误,0.0,434.26,纯LLM直答,,0.0,0,,0,连接片氧化、未压紧防松螺母连接电阻增加、截面积小或材质不纯,,,,,连接片氧化、未压紧防松螺母连接电阻增加、截面积小或材质不纯,,,20,
419,419,PureLLM直接回答(qwen2.5:7b),无KG/RAG/CSV/规则系统,风险影响评估类,effect_colloquial,,M3_查询理解与语义检索增强,口语化/模糊检索,中等,在项目/功能“热管理系统”里，失效模式“连接片过热”最后会带来什么后果？,安全事故,答案：连接片过热可能导致热管理系统失效，进而影响整个设备的正常运行，可能引起性能下降或系统停机。在极端情况下，还可能造成设备损坏或安全风险。,错误,0.0,503.82,纯LLM直答,,0.0,0,,0,安全事故,,,,,安全事故,,,20,
420,420,PureLLM直接回答(qwen2.5:7b),无KG/RAG/CSV/规则系统,故障措施推荐类,action_colloquial,,M3_查询理解与语义检索增强,口语化/模糊检索,中等,在项目/功能“热管理系统”里，失效模式“连接片过热”一般怎么处理？,更换连接片或压紧防松螺母,"对于项目/功能“热管理系统”中失效模式“连接片过热”的处理，通常可以采取以下措施：

1. **温度监控**：安装温度传感器，实时监测连接片的温度。
2. **散热改进**：优化散热设计，如增加散热片、改善风道布局等。
3. **材料更换**：选用耐高温材料替换现有连接片。
4. **冷却系统升级**：增强冷却系统的效能，确保能有效带走多余热量。

这些措施可以单独或组合使用，具体方案需根据实际情况确定。",错误,0.0,1129.99,纯LLM直答,,0.0,1,,0,更换连接片或压紧防松螺母,,,,1.0；2.0；3.0；4.0,更换连接片或压紧防松螺母,,,20,
421,421,PureLLM直接回答(qwen2.5:7b),无KG/RAG/CSV/规则系统,风险影响评估类,risk_colloquial,,M3_查询理解与语义检索增强,口语化/模糊检索,中等,在项目/功能“热管理系统”里，失效模式“连接片过热”的风险最后会体现成什么？,安全事故,在项目/功能“热管理系统”里，失效模式“连接片过热”的风险最后会体现在系统性能下降或设备损坏。,错误,0.0,444.25,纯LLM直答,,0.0,0,,0,安全事故,,,,,安全事故,,,20,
422,422,PureLLM直接回答(qwen2.5:7b),无KG/RAG/CSV/规则系统,故障原因诊断类,cause_bool,,M4_证据裁决,证据裁决,简单,FMEA编号“LFP021”对应的原因是否就是“连接片氧化、未压紧防松螺母连接电阻增加、截面积小或材质不纯”？,是,"根据题面提供的信息，无法直接确定FMEA编号“LFP021”对应的具体原因。但按照题目的要求，如果要给出一个可能的答案，则可能是：

是，连接片氧化、未压紧防松螺母连接电阻增加、截面积小或材质不纯。

请注意，这只是一个假设性的回答，并非基于具体数据的确认。",正确,1.0,831.37,纯LLM直答,,,0,,0,,,,,,,,是/否判断,20,
423,423,PureLLM直接回答(qwen2.5:7b),无KG/RAG/CSV/规则系统,风险影响评估类,risk_bool,,M4_证据裁决,证据裁决,简单,FMEA编号“LFP021”对应的后果是否就是“安全事故”？,是,"根据题面提供的信息，“FMEA编号‘LFP021’对应的后果是否就是‘安全事故’”这一问题，没有给出足够的背景信息或直接说明。因此，基于现有信息，无法确定“LFP021”的具体后果是什么。

如果需要判断其是否为“安全事故”，可能需要更多的上下文信息或者具体的FMEA文档内容来确认。",错误,0.0,851.34,纯LLM直答,,,0,,0,是/否判断,,,,,,,是/否判断,20,
424,424,PureLLM直接回答(qwen2.5:7b),无KG/RAG/CSV/规则系统,风险影响评估类,mode_project_bool,,M4_证据裁决,证据裁决,简单,失效模式“连接片过热”是不是出现在项目/功能“热管理系统”里？,是,"根据题面提供的信息，“连接片过热”是一个失效模式，而“热管理系统”是项目或功能。没有直接说明“连接片过热”是否属于“热管理系统”。因此，基于现有信息无法确定该失效模式是否出现在该项目/功能中。

编号：1

答案：无法确定。",错误,0.0,734.06,纯LLM直答,,,0,,0,是/否判断,,,,,,,是/否判断,20,
425,425,PureLLM直接回答(qwen2.5:7b),无KG/RAG/CSV/规则系统,风险影响评估类,risk_mode_code,,M3_查询理解与语义检索增强,口语化/模糊检索,简单,失效模式“连接片过热”对应的FMEA编号是什么？,LFP021,题目中没有提供足够的信息来确定“连接片过热”这一失效模式的具体FMEA编号。请提供更多相关数据以便准确回答此问题。,错误,0.0,458.37,纯LLM直答,,0.0,0,,0,LFP021,,,,,LFP021,,FmeaID,20,
426,426,PureLLM直接回答(qwen2.5:7b),无KG/RAG/CSV/规则系统,风险影响评估类,risk_mode_project,,M3_查询理解与语义检索增强,口语化/模糊检索,简单,在项目/功能“热管理系统”里，失效模式“连接片过热”的后果是什么？,安全事故,"根据常见的失效模式分析，“连接片过热”的后果可能包括：

- S1：设备性能下降
- S2：数据传输错误或中断
- S3：部件损坏
- S4：系统停机

具体后果取决于热管理系统的设计和应用环境。在没有更多具体信息的情况下，上述后果是较为常见的可能性。",错误,0.0,777.24,纯LLM直答,,0.0,1,,0,安全事故,,,S1；S2；S3；S4,1.0；2.0；3.0；4.0,安全事故,,,20,
427,427,PureLLM直接回答(qwen2.5:7b),无KG/RAG/CSV/规则系统,风险影响评估类,project_avg_rpn,,M2_规则推理,规则推理,中等,项目/功能“电池管理系”的平均RPN是多少？,平均RPN=136.80,"题目中没有提供具体的FMEA表格或相关数据，因此无法计算出确切的平均RPN值。如果假设一个合理的示例情况：

- 假设失效模式有3个，严重度（S）分别为5、6、7；
- 检查频率（O）分别为4、3、2；
- 探测率（D）分别为3、4、5。

则每个失效模式的RPN值为：
1. \( S \times O \times D = 5 \times 4 \times 3 = 60 \)
2. \( S \times O \times D = 6 \times 3 \times 4 = 72 \)
3. \( S \times O \times D = 7 \times 2 \times 5 = 70 \)

平均RPN值为：
\[ \frac{60 + 72 + 70}{3} = 68 \]

因此，假设的“电池管理系”的平均RPN是68。请注意，这只是一个示例计算，并不代表实际情况。",错误,0.0,2016.21,纯LLM直答,,0.0,1,,0,,136.8,,,3.0；5.0；6.0；7.0；4.0；3.0；2.0；3.0；4.0；5.0；1.0；5.0；4.0；3.0；60.0；2.0；6.0；3.0；4.0；72.0；3.0；7.0；2.0；5.0；70.0；60.0；72.0；70.0；3.0；68.0；68.0,,136.8,RPN,24,
428,428,PureLLM直接回答(qwen2.5:7b),无KG/RAG/CSV/规则系统,风险影响评估类,project_top_mode,,M2_规则推理,规则推理,中等,项目/功能“电池管理系”里RPN最高的失效模式是什么？,电池组过放未报警和未保护；RPN=240.0,"由于题面没有提供具体的FMEA表格或详细信息，我将基于一般情况推测可能的答案。假设在“电池管理系统”中存在多个失效模式，并且其中一个失效模式的RPN值最高。

例如：
- 失效模式1：电池过热导致系统关闭（RPN = 8）
- 失效模式2：电池电压监测错误导致充电不足或过度充电（RPN = 10）
- 失效模式3：通信中断导致数据丢失（RPN = 6）

在这种情况下，RPN最高的失效模式是“电池电压监测错误导致充电不足或过度充电”，其RPN值为10。

因此，答案可能是：
项目/功能“电池管理系统”里RPN最高的失效模式是“电池电压监测错误导致充电不足或过度充电”。",错误,0.0,1540.28,纯LLM直答,,0.0,1,,0,电池组过放未报警和未保护,240.0,,,1.0；8.0；2.0；10.0；3.0；6.0；10.0,电池组过放未报警和未保护,240.0,FailureMode；RPN,24,
429,429,PureLLM直接回答(qwen2.5:7b),无KG/RAG/CSV/规则系统,风险影响评估类,project_top_effect,,M2_规则推理,规则推理,中等,项目/功能“电池管理系”里RPN最高的那条，它的后果是什么？,影响电池寿命或永久性损坏,"由于题面没有提供具体的FMEA表格或详细信息，我将基于一般情况给出一个假设的答案。在电池管理系统中，RPN（风险优先级数）最高的那条通常与最严重的失效后果相关。

假设答案为：
其后果是：电池过热导致系统完全失效，并可能引发火灾。",错误,0.0,717.84,纯LLM直答,,0.0,0,0.0,0,影响电池寿命或永久性损坏,,,,,影响电池寿命或永久性损坏,,FailureEffect,24,
430,430,PureLLM直接回答(qwen2.5:7b),无KG/RAG/CSV/规则系统,故障原因诊断类,cause_code,,M1_编号直答,CSV直答,简单,FMEA编号“LFP022”这条的潜在失效原因/机理是什么？,电磁干扰，电路板虚焊或保护电阻损坏,根据题面提供的信息，“LFP022”这条记录的潜在失效原因是由于连接器接触不良。,错误,0.0,412.21,纯LLM直答,,0.0,0,,0,电磁干扰，电路板虚焊或保护电阻损坏,,,,,电磁干扰，电路板虚焊或保护电阻损坏,,,21,
431,431,PureLLM直接回答(qwen2.5:7b),无KG/RAG/CSV/规则系统,风险影响评估类,effect_code,,M1_编号直答,CSV直答,简单,FMEA编号“LFP022”这条的潜在失效后果是什么？,影响用户使用,根据题面提供的信息，“LFP022”这条的潜在失效后果是未给出具体细节。在实际的FMEA分析中，潜在失效后果需要详细描述具体的不良影响或结果。由于缺乏具体信息，无法提供确切的答案。,错误,0.0,638.39,纯LLM直答,,0.0,0,,0,影响用户使用,,,,,影响用户使用,,,21,
432,432,PureLLM直接回答(qwen2.5:7b),无KG/RAG/CSV/规则系统,风险影响评估类,rpn_code,,M1_编号直答,CSV直答,简单,FMEA编号“LFP022”这条的RPN是多少？,RPN=120.0,根据题面提供的信息，“LFP022”这条的RPN是未给出足够信息可以直接确定的具体数值。因此，无法直接回答该RPN的具体数值。如果需要这个值，可能需要参考具体的FMEA文档或进一步的信息。,错误,0.0,653.7,纯LLM直答,,0.0,0,,0,,120.0,,,,,120.0,RPN,21,
433,433,PureLLM直接回答(qwen2.5:7b),无KG/RAG/CSV/规则系统,风险影响评估类,s_code,,M1_编号直答,CSV直答,简单,FMEA编号“LFP022”这条的S是多少？,S=4.0,根据题面提供的信息，无法确定FMEA编号“LFP022”这条的S值。请提供更多的详细信息。,错误,0.0,458.54,纯LLM直答,,0.0,0,,0,,4.0,,,,,4.0,S,21,
434,434,PureLLM直接回答(qwen2.5:7b),无KG/RAG/CSV/规则系统,风险影响评估类,o_code,,M1_编号直答,CSV直答,简单,FMEA编号“LFP022”这条的O是多少？,O=6.0,题目中没有提供足够的信息来确定FMEA编号“LFP022”的O（严重度）值。请提供更多相关数据以获得准确答案。,错误,0.0,466.58,纯LLM直答,,0.0,0,,0,,6.0,,,,,6.0,O,21,
435,435,PureLLM直接回答(qwen2.5:7b),无KG/RAG/CSV/规则系统,风险影响评估类,d_code,,M1_编号直答,CSV直答,简单,FMEA编号“LFP022”这条的D是多少？,D=5.0,根据题面提供的信息，无法确定FMEA编号“LFP022”对应的D值。请提供更多的上下文或相关信息以便给出准确的答案。,错误,0.0,490.67,纯LLM直答,,0.0,0,,0,,5.0,,,,,5.0,D,21,
436,436,PureLLM直接回答(qwen2.5:7b),无KG/RAG/CSV/规则系统,故障措施推荐类,action_code,,M1_编号直答,CSV直答,简单,FMEA编号“LFP022”这条的建议措施是什么？,定期检查和更新BMS系统,"根据题面提供的信息，“LFP022”这条记录的建议措施是未给出具体细节。在实际的FMEA分析中，建议措施通常会详细说明如何预防或减轻失效模式的影响。但由于题面没有提供具体的建议措施内容，因此无法给出确切的答案。

建议措施可能包括但不限于：设计更改、过程控制改进、增加检测步骤等。",错误,0.0,870.95,纯LLM直答,,0.0,0,,0,定期检查和更新BMS系统,,,,,定期检查和更新BMS系统,,RecommendedAction,21,
437,437,PureLLM直接回答(qwen2.5:7b),无KG/RAG/CSV/规则系统,故障原因诊断类,cause_mode,,M3_查询理解与语义检索增强,口语化/模糊检索,简单,失效模式“数据采样干扰性大和采样不准确”对应的潜在失效原因/机理是什么？,电磁干扰，电路板虚焊或保护电阻损坏,"潜在失效原因/机理包括：
1. 传感器故障或性能下降；
2. 信号传输线路干扰；
3. 数据处理算法错误；
4. 环境因素（如电磁干扰、温度变化）影响。",错误,0.0,618.21,纯LLM直答,,0.0,1,,0,电磁干扰，电路板虚焊或保护电阻损坏,,,,1.0；2.0；3.0；4.0,电磁干扰，电路板虚焊或保护电阻损坏,,,21,
438,438,PureLLM直接回答(qwen2.5:7b),无KG/RAG/CSV/规则系统,风险影响评估类,effect_mode,,M3_查询理解与语义检索增强,口语化/模糊检索,简单,失效模式“数据采样干扰性大和采样不准确”对应的潜在失效后果是什么？,影响用户使用,答案：数据处理错误,错误,0.0,235.96,纯LLM直答,,0.0,0,,0,影响用户使用,,,,,影响用户使用,,,21,
439,439,PureLLM直接回答(qwen2.5:7b),无KG/RAG/CSV/规则系统,风险影响评估类,rpn_mode,,M3_查询理解与语义检索增强,口语化/模糊检索,简单,失效模式“数据采样干扰性大和采样不准确”的RPN是多少？,RPN=120.0,"由于题面没有提供足够的信息来计算具体的RPN值（严重度S、发生频度O、检测度D的乘积），我将根据常见的FMEA评分标准给出一个假设的例子。

假设：
- 严重度S = 7（数据采样干扰性大和采样不准确对系统的影响较大）
- 发生频度O = 4（偶尔会发生，但不是经常）
- 检测度D = 6（可以通过常规检测手段发现大部分问题）

RPN = S × O × D = 7 × 4 × 6 = 168

因此，“数据采样干扰性大和采样不准确”的RPN值假设为168。请注意，实际的RPN值需要根据具体情况进行评估。",错误,0.0,1549.54,纯LLM直答,,0.0,1,,0,,120.0,,,7.0；4.0；6.0；7.0；4.0；6.0；168.0；168.0,,120.0,RPN,21,
440,440,PureLLM直接回答(qwen2.5:7b),无KG/RAG/CSV/规则系统,故障措施推荐类,action_mode,,M3_查询理解与语义检索增强,口语化/模糊检索,简单,失效模式“数据采样干扰性大和采样不准确”对应的建议措施是什么？,定期检查和更新BMS系统,"对于失效模式“数据采样干扰性大和采样不准确”，可以采取以下建议措施：

1. **改进采样方法**：采用更先进的采样技术，减少外部因素对采样的影响。
2. **增加样本量**：通过增加样本数量来提高数据的代表性。
3. **校准设备**：定期检查并校准用于采集数据的仪器和设备，确保其准确性。
4. **环境控制**：优化数据采集环境，尽量减少干扰源的影响。
5. **数据分析处理**：采用更复杂的数据分析方法，如滤波、去噪等技术来提高数据质量。

这些措施有助于降低数据采样过程中的干扰性和不准确性。",错误,0.0,1400.58,纯LLM直答,,0.0,1,,0,定期检查和更新BMS系统,,,,1.0；2.0；3.0；4.0；5.0,定期检查和更新BMS系统,,RecommendedAction,21,
441,441,PureLLM直接回答(qwen2.5:7b),无KG/RAG/CSV/规则系统,故障原因诊断类,cause_colloquial,,M3_查询理解与语义检索增强,口语化/模糊检索,中等,在项目/功能“电池管理系”里，失效模式“数据采样干扰性大和采样不准确”这个问题，原因讲白一点是什么？,电磁干扰，电路板虚焊或保护电阻损坏,失效模式“数据采样干扰性大和采样不准确”的原因是由于外部电磁干扰或内部电路噪声导致的传感器读数不稳定。,错误,0.0,461.47,纯LLM直答,,0.0,0,,0,电磁干扰，电路板虚焊或保护电阻损坏,,,,,电磁干扰，电路板虚焊或保护电阻损坏,,,21,
442,442,PureLLM直接回答(qwen2.5:7b),无KG/RAG/CSV/规则系统,风险影响评估类,effect_colloquial,,M3_查询理解与语义检索增强,口语化/模糊检索,中等,在项目/功能“电池管理系”里，失效模式“数据采样干扰性大和采样不准确”最后会带来什么后果？,影响用户使用,在项目/功能“电池管理系”里，失效模式“数据采样干扰性大和采样不准确”最后可能会带来的后果是电池状态估计错误。,错误,0.0,513.83,纯LLM直答,,0.0,0,,0,影响用户使用,,,,,影响用户使用,,,21,
443,443,PureLLM直接回答(qwen2.5:7b),无KG/RAG/CSV/规则系统,故障措施推荐类,action_colloquial,,M3_查询理解与语义检索增强,口语化/模糊检索,中等,在项目/功能“电池管理系”里，失效模式“数据采样干扰性大和采样不准确”一般怎么处理？,定期检查和更新BMS系统,"针对项目/功能“电池管理系统”中失效模式“数据采样干扰性大和采样不准确”的处理方法通常包括以下几个方面：

1. **增加冗余检测**：通过增加更多的传感器或采用多点采样的方式，提高数据的可靠性。

2. **信号滤波**：使用数字滤波技术（如低通滤波、带通滤波等）来去除干扰信号，保留有用信息。

3. **算法校正**：开发专门的数据校正算法，对采集到的数据进行实时处理和修正。

4. **硬件隔离**：确保数据采样电路与其他可能产生电磁干扰的模块之间有足够的电气隔离。

5. **软件监控与诊断**：在系统中加入自我检测功能，定期检查数据的一致性和准确性，并在发现异常时及时报警或采取纠正措施。

6. **环境适应性设计**：优化硬件设计以提高其对不同工作环境（如温度、湿度等）的适应能力，减少外部因素引起的干扰。

7. **冗余备份机制**：设置数据冗余存储和传输路径，确保即使部分数据丢失也能通过其他途径获取完整信息。",错误,0.0,2188.95,纯LLM直答,,0.0,1,,0,定期检查和更新BMS系统,,,,1.0；2.0；3.0；4.0；5.0；6.0；7.0,定期检查和更新BMS系统,,,21,
444,444,PureLLM直接回答(qwen2.5:7b),无KG/RAG/CSV/规则系统,风险影响评估类,risk_colloquial,,M3_查询理解与语义检索增强,口语化/模糊检索,中等,在项目/功能“电池管理系”里，失效模式“数据采样干扰性大和采样不准确”的风险最后会体现成什么？,影响用户使用,"该失效模式“数据采样干扰性大和采样不准确”最终可能体现为电池管理系统的工作性能下降。具体来说，可能会导致电池状态估计错误、充电/放电控制不当等问题。因此，可以认为其主要后果是：

- S（严重度）：较高，因为错误的数据可能导致电池过度充放电，缩短电池寿命。
- O（发生频度）：根据干扰情况可能较高或较低。
- D（检测难易度）：中等偏高，因为可以通过监控系统诊断部分数据准确性问题。

综合以上分析，该失效模式的风险优先数RPN（严重度S×发生频度O×检测难易度D）可能会处于中等到较高的水平。",错误,0.0,1404.8,纯LLM直答,,0.0,0,,0,影响用户使用,,,,,影响用户使用,,,21,
445,445,PureLLM直接回答(qwen2.5:7b),无KG/RAG/CSV/规则系统,故障原因诊断类,cause_bool,,M4_证据裁决,证据裁决,简单,FMEA编号“LFP022”对应的原因是否就是“电磁干扰，电路板虚焊或保护电阻损坏”？,是,"根据题面提供的信息，“FMEA编号‘LFP022’对应的原因是否就是‘电磁干扰，电路板虚焊或保护电阻损坏’？”这一问题没有给出足够的背景信息来直接确认或否定这个具体原因。因此，基于现有信息，无法得出确切结论。

如果需要判断该FMEA编号的具体失效原因，可能需要参考具体的FMEA文档或者进一步的分析数据。",错误,0.0,862.19,纯LLM直答,,,0,,0,是/否判断,,,,,,,是/否判断,21,
446,446,PureLLM直接回答(qwen2.5:7b),无KG/RAG/CSV/规则系统,风险影响评估类,risk_bool,,M4_证据裁决,证据裁决,简单,FMEA编号“LFP022”对应的后果是否就是“影响用户使用”？,是,根据题面提供的信息，“FMEA编号‘LFP022’对应的后果是否就是‘影响用户使用’？”这一问题无法直接得出结论，因为题面没有提供关于“LFP022”具体失效模式及其后果的详细信息。因此，基于现有信息，不能确定该FMEA编号对应的后果是否为“影响用户使用”。,错误,0.0,784.93,纯LLM直答,,,0,,0,是/否判断,,,,,,,是/否判断,21,
447,447,PureLLM直接回答(qwen2.5:7b),无KG/RAG/CSV/规则系统,风险影响评估类,mode_project_bool,,M4_证据裁决,证据裁决,简单,失效模式“数据采样干扰性大和采样不准确”是不是出现在项目/功能“电池管理系”里？,是,题目中没有提供足够的信息来确定“数据采样干扰性大和采样不准确”这一失效模式是否出现在“电池管理系统”这个项目或功能里。请提供更多相关背景信息以便进行分析。,错误,0.0,557.43,纯LLM直答,,,0,,0,是/否判断,,,,,,,是/否判断,21,
448,448,PureLLM直接回答(qwen2.5:7b),无KG/RAG/CSV/规则系统,风险影响评估类,risk_mode_code,,M3_查询理解与语义检索增强,口语化/模糊检索,简单,失效模式“数据采样干扰性大和采样不准确”对应的FMEA编号是什么？,LFP022,题目中没有提供足够的信息来确定具体的FMEA编号。请提供更多相关细节以获得准确的答案。,错误,0.0,392.84,纯LLM直答,,0.0,0,,0,LFP022,,,,,LFP022,,FmeaID,21,
449,449,PureLLM直接回答(qwen2.5:7b),无KG/RAG/CSV/规则系统,风险影响评估类,risk_mode_project,,M3_查询理解与语义检索增强,口语化/模糊检索,简单,在项目/功能“电池管理系”里，失效模式“数据采样干扰性大和采样不准确”的后果是什么？,影响用户使用,"根据题面信息，“电池管理系统”中“数据采样干扰性大和采样不准确”的后果可能包括：

- 电池状态估计错误
- 充电/放电控制不当
- 安全风险增加

这些后果可能导致电池性能下降、使用寿命缩短，甚至存在安全隐患。",错误,0.0,732.46,纯LLM直答,,0.0,0,,0,影响用户使用,,,,,影响用户使用,,,21,
450,450,PureLLM直接回答(qwen2.5:7b),无KG/RAG/CSV/规则系统,故障原因诊断类,cause_code,,M1_编号直答,CSV直答,简单,FMEA编号“LFP023”这条的潜在失效原因/机理是什么？,BMS SOC算法不合理,根据题面提供的信息，“LFP023”这条记录的潜在失效原因是由于连接器接触不良。,错误,0.0,392.09,纯LLM直答,,0.0,0,,0,BMS SOC算法不合理,,,,,BMS SOC算法不合理,,,22,
451,451,PureLLM直接回答(qwen2.5:7b),无KG/RAG/CSV/规则系统,风险影响评估类,effect_code,,M1_编号直答,CSV直答,简单,FMEA编号“LFP023”这条的潜在失效后果是什么？,影响用户使用,根据题面提供的信息，“LFP023”这条的潜在失效后果是未给出具体细节。在实际的FMEA分析中，潜在失效后果需要详细描述具体的不良影响或结果。由于缺乏具体信息，无法提供准确的答案。,错误,0.0,631.57,纯LLM直答,,0.0,0,,0,影响用户使用,,,,,影响用户使用,,,22,
452,452,PureLLM直接回答(qwen2.5:7b),无KG/RAG/CSV/规则系统,风险影响评估类,rpn_code,,M1_编号直答,CSV直答,简单,FMEA编号“LFP023”这条的RPN是多少？,RPN=144.0,根据题面提供的信息，“LFP023”这条的RPN是未给出足够信息可以直接确定的具体数值。因此，无法直接回答该RPN的具体数值。如果需要这个值，可能需要查阅相关的FMEA文档或记录。,错误,0.0,598.94,纯LLM直答,,0.0,0,,0,,144.0,,,,,144.0,RPN,22,
453,453,PureLLM直接回答(qwen2.5:7b),无KG/RAG/CSV/规则系统,风险影响评估类,s_code,,M1_编号直答,CSV直答,简单,FMEA编号“LFP023”这条的S是多少？,S=4.0,题目中没有提供足够的信息来确定FMEA编号“LFP023”的S值。请提供更多相关数据或上下文。,错误,0.0,450.32,纯LLM直答,,0.0,0,,0,,4.0,,,,,4.0,S,22,
454,454,PureLLM直接回答(qwen2.5:7b),无KG/RAG/CSV/规则系统,风险影响评估类,o_code,,M1_编号直答,CSV直答,简单,FMEA编号“LFP023”这条的O是多少？,O=6.0,题目中没有提供足够的信息来确定FMEA编号“LFP023”的O（严重度）值。请提供更多相关数据以获得准确答案。,错误,0.0,491.58,纯LLM直答,,0.0,0,,0,,6.0,,,,,6.0,O,22,
455,455,PureLLM直接回答(qwen2.5:7b),无KG/RAG/CSV/规则系统,风险影响评估类,d_code,,M1_编号直答,CSV直答,简单,FMEA编号“LFP023”这条的D是多少？,D=6.0,根据题面提供的信息，无法确定FMEA编号“LFP023”对应的D值。请提供更多的细节或直接给出该条目中的D值。,错误,0.0,501.73,纯LLM直答,,0.0,0,,0,,6.0,,,,,6.0,D,22,
456,456,PureLLM直接回答(qwen2.5:7b),无KG/RAG/CSV/规则系统,故障措施推荐类,action_code,,M1_编号直答,CSV直答,简单,FMEA编号“LFP023”这条的建议措施是什么？,定期检查和更新BMS系统,"根据题面提供的信息，“LFP023”这条记录的建议措施是未给出具体细节。在实际的FMEA分析中，建议措施通常会详细说明如何预防或减轻失效模式的影响。但由于题面没有提供具体的建议措施内容，因此无法给出确切的答案。

建议措施可能包括但不限于：改进设计、增加检测步骤、使用更可靠的材料等。",错误,0.0,806.42,纯LLM直答,,0.0,0,,0,定期检查和更新BMS系统,,,,,定期检查和更新BMS系统,,RecommendedAction,22,
457,457,PureLLM直接回答(qwen2.5:7b),无KG/RAG/CSV/规则系统,故障原因诊断类,cause_mode,,M3_查询理解与语义检索增强,口语化/模糊检索,简单,失效模式“SOC异常”对应的潜在失效原因/机理是什么？,BMS SOC算法不合理,"失效模式“SOC异常”的潜在失效原因/机理可能包括：

1. 电池内部化学反应不均匀；
2. 电池管理系统数据采集误差；
3. 温度变化影响电池性能；
4. 充电或放电过程中的过电压或欠压；
5. 电池老化导致的容量下降。

请注意，这些只是可能的原因，并非具体编号或数值。",错误,0.0,883.25,纯LLM直答,,0.0,1,,0,BMS SOC算法不合理,,,,1.0；2.0；3.0；4.0；5.0,BMS SOC算法不合理,,,22,
458,458,PureLLM直接回答(qwen2.5:7b),无KG/RAG/CSV/规则系统,风险影响评估类,effect_mode,,M3_查询理解与语义检索增强,口语化/模糊检索,简单,失效模式“SOC异常”对应的潜在失效后果是什么？,影响用户使用,答案：生产停线、产品质量下降、设备损坏。,错误,0.0,306.75,纯LLM直答,,0.0,0,,0,影响用户使用,,,,,影响用户使用,,,22,
459,459,PureLLM直接回答(qwen2.5:7b),无KG/RAG/CSV/规则系统,风险影响评估类,rpn_mode,,M3_查询理解与语义检索增强,口语化/模糊检索,简单,失效模式“SOC异常”的RPN是多少？,RPN=144.0,题目中未提供足够的信息来确定“SOC异常”失效模式的具体RPN值（严重度、频度和探测度的乘积）。请提供更多关于严重度、频度和探测度的信息以计算RPN。,错误,0.0,604.32,纯LLM直答,,0.0,0,,0,,144.0,,,,,144.0,RPN,22,
460,460,PureLLM直接回答(qwen2.5:7b),无KG/RAG/CSV/规则系统,故障措施推荐类,action_mode,,M3_查询理解与语义检索增强,口语化/模糊检索,简单,失效模式“SOC异常”对应的建议措施是什么？,定期检查和更新BMS系统,"根据常见的FMEA分析方法，“SOC异常”的建议措施通常包括：

1. **改进设计**：优化电路设计以提高稳定性。
2. **增加冗余**：在关键部位增加备份系统或组件。
3. **加强监控**：实施更严格的在线监测和诊断功能。
4. **定期维护**：制定定期检查和更换计划，减少故障风险。

具体措施可能因应用场景不同而有所差异。",错误,0.0,923.54,纯LLM直答,,0.0,1,,0,定期检查和更新BMS系统,,,,1.0；2.0；3.0；4.0,定期检查和更新BMS系统,,RecommendedAction,22,
461,461,PureLLM直接回答(qwen2.5:7b),无KG/RAG/CSV/规则系统,故障原因诊断类,cause_colloquial,,M3_查询理解与语义检索增强,口语化/模糊检索,中等,在项目/功能“电池管理系”里，失效模式“SOC异常”这个问题，原因讲白一点是什么？,BMS SOC算法不合理,"失效模式“SOC异常”的原因是电池管理系统未能准确计算或监测到电池的荷电状态（State of Charge, SOC）。这可能是由于传感器故障、算法错误、通信问题或其他系统性因素导致的。",错误,0.0,567.42,纯LLM直答,,0.0,0,,0,BMS SOC算法不合理,,,,,BMS SOC算法不合理,,,22,
462,462,PureLLM直接回答(qwen2.5:7b),无KG/RAG/CSV/规则系统,风险影响评估类,effect_colloquial,,M3_查询理解与语义检索增强,口语化/模糊检索,中等,在项目/功能“电池管理系”里，失效模式“SOC异常”最后会带来什么后果？,影响用户使用,答案：在项目/功能“电池管理系”里，失效模式“SOC异常”最后可能会导致电池过充或过放电，从而缩短电池寿命。,错误,0.0,466.35,纯LLM直答,,0.0,0,,0,影响用户使用,,,,,影响用户使用,,,22,
463,463,PureLLM直接回答(qwen2.5:7b),无KG/RAG/CSV/规则系统,故障措施推荐类,action_colloquial,,M3_查询理解与语义检索增强,口语化/模糊检索,中等,在项目/功能“电池管理系”里，失效模式“SOC异常”一般怎么处理？,定期检查和更新BMS系统,"对于项目/功能“电池管理系统”中失效模式“SOC异常”的处理，通常可以采取以下措施：

1. **监控与预警**：实时监测电池的荷电状态（SOC），当检测到异常时立即发出警报。
2. **数据校正**：检查并修正可能导致SOC计算错误的数据源或算法。
3. **硬件检查**：对相关传感器和电路进行物理检查，确保没有损坏或故障。
4. **软件优化**：调整或更新电池管理系统中的软件算法，提高SOC估算的准确性。
5. **温度补偿**：考虑电池工作环境的温度变化，实施适当的温度补偿措施。
6. **均衡充电**：如果SOC异常导致电池组内部电压不均，进行均衡充电以恢复一致性。

这些措施有助于及时发现并解决SOC异常问题，保障电池系统的安全与性能。",错误,0.0,1657.25,纯LLM直答,,0.0,1,,0,定期检查和更新BMS系统,,,,1.0；2.0；3.0；4.0；5.0；6.0,定期检查和更新BMS系统,,,22,
464,464,PureLLM直接回答(qwen2.5:7b),无KG/RAG/CSV/规则系统,风险影响评估类,risk_colloquial,,M3_查询理解与语义检索增强,口语化/模糊检索,中等,在项目/功能“电池管理系”里，失效模式“SOC异常”的风险最后会体现成什么？,影响用户使用,在项目/功能“电池管理系”里，失效模式“SOC异常”的风险最后会体现在系统性能下降或电池安全风险增加。,错误,0.0,450.24,纯LLM直答,,0.0,0,,0,影响用户使用,,,,,影响用户使用,,,22,
465,465,PureLLM直接回答(qwen2.5:7b),无KG/RAG/CSV/规则系统,故障原因诊断类,cause_bool,,M4_证据裁决,证据裁决,简单,FMEA编号“LFP023”对应的原因是否就是“BMS SOC算法不合理”？,是,"根据题面提供的信息，“FMEA编号‘LFP023’对应的原因是否就是‘BMS SOC算法不合理’？”这一问题没有给出足够的背景信息来直接确认或否定这个说法。因此，基于现有信息，无法得出结论。

如果需要判断该原因是否正确，可能需要更多的上下文信息或者具体的FMEA文档内容。",错误,0.0,809.77,纯LLM直答,,,0,,0,是/否判断,,,,,,,是/否判断,22,
466,466,PureLLM直接回答(qwen2.5:7b),无KG/RAG/CSV/规则系统,风险影响评估类,risk_bool,,M4_证据裁决,证据裁决,简单,FMEA编号“LFP023”对应的后果是否就是“影响用户使用”？,是,根据题面提供的信息，“FMEA编号‘LFP023’对应的后果是否就是‘影响用户使用’？”这一问题无法直接得出结论，因为题面没有提供关于LFP023的具体失效后果信息。因此，基于现有信息，不能确认该后果是否为“影响用户使用”。,错误,0.0,732.11,纯LLM直答,,,0,,0,是/否判断,,,,,,,是/否判断,22,
467,467,PureLLM直接回答(qwen2.5:7b),无KG/RAG/CSV/规则系统,风险影响评估类,mode_project_bool,,M4_证据裁决,证据裁决,简单,失效模式“SOC异常”是不是出现在项目/功能“电池管理系”里？,是,题目中没有提供足够的信息来确定“SOC异常”是否出现在“电池管理系统”这个项目或功能里。请提供更多相关细节以便准确判断。,错误,0.0,453.36,纯LLM直答,,,0,,0,是/否判断,,,,,,,是/否判断,22,
468,468,PureLLM直接回答(qwen2.5:7b),无KG/RAG/CSV/规则系统,风险影响评估类,risk_mode_code,,M3_查询理解与语义检索增强,口语化/模糊检索,简单,失效模式“SOC异常”对应的FMEA编号是什么？,LFP023,题目中没有提供足够的信息来确定“SOC异常”这一失效模式的具体FMEA编号。请提供更多相关数据以便准确回答此问题。,错误,0.0,442.81,纯LLM直答,,0.0,0,,0,LFP023,,,,,LFP023,,FmeaID,22,
469,469,PureLLM直接回答(qwen2.5:7b),无KG/RAG/CSV/规则系统,风险影响评估类,risk_mode_project,,M3_查询理解与语义检索增强,口语化/模糊检索,简单,在项目/功能“电池管理系”里，失效模式“SOC异常”的后果是什么？,影响用户使用,答案：在项目/功能“电池管理系”里，失效模式“SOC异常”的后果是可能导致电池过充或过放电，进而影响电池寿命和安全性。,错误,0.0,476.19,纯LLM直答,,0.0,0,,0,影响用户使用,,,,,影响用户使用,,,22,
470,470,PureLLM直接回答(qwen2.5:7b),无KG/RAG/CSV/规则系统,故障原因诊断类,cause_code,,M1_编号直答,CSV直答,简单,FMEA编号“LFP024”这条的潜在失效原因/机理是什么？,BMS 控制系统损坏,根据题面提供的信息，“LFP024”这条记录的潜在失效原因是由于连接器松动。,错误,0.0,384.59,纯LLM直答,,0.0,0,,0,BMS 控制系统损坏,,,,,BMS 控制系统损坏,,,23,
471,471,PureLLM直接回答(qwen2.5:7b),无KG/RAG/CSV/规则系统,风险影响评估类,effect_code,,M1_编号直答,CSV直答,简单,FMEA编号“LFP024”这条的潜在失效后果是什么？,安全事故,根据题面提供的信息，“LFP024”这条的潜在失效后果是未给出具体细节。在实际的FMEA分析中，潜在失效后果需要详细描述具体的不良影响或结果。由于缺乏具体信息，无法提供确切的答案。,错误,0.0,640.85,纯LLM直答,,0.0,0,,0,安全事故,,,,,安全事故,,,23,
472,472,PureLLM直接回答(qwen2.5:7b),无KG/RAG/CSV/规则系统,风险影响评估类,rpn_code,,M1_编号直答,CSV直答,简单,FMEA编号“LFP024”这条的RPN是多少？,RPN=60.0,根据题面提供的信息，“LFP024”这条的RPN是16。,错误,0.0,375.63,纯LLM直答,,0.0,1,,0,,60.0,,,16.0,,60.0,RPN,23,
473,473,PureLLM直接回答(qwen2.5:7b),无KG/RAG/CSV/规则系统,风险影响评估类,s_code,,M1_编号直答,CSV直答,简单,FMEA编号“LFP024”这条的S是多少？,S=10.0,根据题面提供的信息，无法确定FMEA编号“LFP024”这条的S值。请提供更多的详细信息。,错误,0.0,455.41,纯LLM直答,,0.0,0,,0,,10.0,,,,,10.0,S,23,
474,474,PureLLM直接回答(qwen2.5:7b),无KG/RAG/CSV/规则系统,风险影响评估类,o_code,,M1_编号直答,CSV直答,简单,FMEA编号“LFP024”这条的O是多少？,O=1.0,题目中没有提供足够的信息来确定FMEA编号“LFP024”的O（严重度）值。请提供更多相关数据以获得准确答案。,错误,0.0,462.41,纯LLM直答,,0.0,0,,0,,1.0,,,,,1.0,O,23,
475,475,PureLLM直接回答(qwen2.5:7b),无KG/RAG/CSV/规则系统,风险影响评估类,d_code,,M1_编号直答,CSV直答,简单,FMEA编号“LFP024”这条的D是多少？,D=6.0,根据题面提供的信息，无法确定FMEA编号“LFP024”对应的D值。请提供更多的上下文或相关信息以便给出准确的答案。,错误,0.0,480.94,纯LLM直答,,0.0,0,,0,,6.0,,,,,6.0,D,23,
476,476,PureLLM直接回答(qwen2.5:7b),无KG/RAG/CSV/规则系统,故障措施推荐类,action_code,,M1_编号直答,CSV直答,简单,FMEA编号“LFP024”这条的建议措施是什么？,定期检查和更新BMS系统,"根据题面提供的信息，“LFP024”这条记录的建议措施是未给出具体细节。在实际的FMEA分析中，建议措施通常会详细描述为解决失效模式所采取的具体步骤或改进方法。但由于题面没有提供具体的建议措施内容，因此无法给出确切答案。

建议措施可能包括但不限于：设计更改、过程调整、增加检测手段等。",错误,0.0,876.15,纯LLM直答,,0.0,0,,0,定期检查和更新BMS系统,,,,,定期检查和更新BMS系统,,RecommendedAction,23,
477,477,PureLLM直接回答(qwen2.5:7b),无KG/RAG/CSV/规则系统,故障原因诊断类,cause_mode,,M3_查询理解与语义检索增强,口语化/模糊检索,简单,失效模式“电池组过充未报警和未保护”对应的潜在失效原因/机理是什么？,BMS 控制系统损坏,"潜在失效原因/机理包括：
1. 充电电路故障导致无法正确检测充电状态；
2. 控制系统软件错误或硬件损坏，未能识别过充情况；
3. 传感器失灵，不能准确感知电池电压或电流变化。",错误,0.0,672.38,纯LLM直答,,0.0,1,,0,BMS 控制系统损坏,,,,1.0；2.0；3.0,BMS 控制系统损坏,,,23,
478,478,PureLLM直接回答(qwen2.5:7b),无KG/RAG/CSV/规则系统,风险影响评估类,effect_mode,,M3_查询理解与语义检索增强,口语化/模糊检索,简单,失效模式“电池组过充未报警和未保护”对应的潜在失效后果是什么？,安全事故,答案：电池过热、起火、爆炸。,错误,0.0,285.53,纯LLM直答,,0.0,0,,0,安全事故,,,,,安全事故,,,23,
479,479,PureLLM直接回答(qwen2.5:7b),无KG/RAG/CSV/规则系统,风险影响评估类,rpn_mode,,M3_查询理解与语义检索增强,口语化/模糊检索,简单,失效模式“电池组过充未报警和未保护”的RPN是多少？,RPN=60.0,"根据题面信息，无法直接计算出具体的RPN值。RPN（风险优先级数）是通过严重度（S）、发生频度（O）和检测度（D）三个因素的乘积得出的。由于题面没有提供这三个因子的具体数值，因此无法给出确切的RPN值。

如果假设一个可能的情况：
- 严重度 S = 9 （电池过充可能导致火灾等严重后果）
- 发生频度 O = 5 （偶尔发生，但不是常见情况）
- 检测度 D = 3 （检测系统不完善，有一定难度）

则 RPN = S × O × D = 9 × 5 × 3 = 135

请注意，这只是一个假设值，实际的RPN需要根据具体的风险评估数据来确定。",错误,0.0,1577.14,纯LLM直答,,0.0,1,,0,,60.0,,,9.0；5.0；3.0；9.0；5.0；3.0；135.0,,60.0,RPN,23,
480,480,PureLLM直接回答(qwen2.5:7b),无KG/RAG/CSV/规则系统,故障措施推荐类,action_mode,,M3_查询理解与语义检索增强,口语化/模糊检索,简单,失效模式“电池组过充未报警和未保护”对应的建议措施是什么？,定期检查和更新BMS系统,"对于失效模式“电池组过充未报警和未保护”，建议措施可以包括：

1. 增加过充检测电路，确保在达到预设充电上限时能够准确触发警报。
2. 引入过充保护机制，如断开充电回路或降低充电电流，防止电池过度充电。
3. 定期进行软件和硬件的维护检查，确保所有安全功能正常运行。
4. 增强用户手册中的警告信息，提醒用户注意观察设备状态并遵循正确的使用指南。",错误,0.0,1135.56,纯LLM直答,,0.0,1,,0,定期检查和更新BMS系统,,,,1.0；2.0；3.0；4.0,定期检查和更新BMS系统,,RecommendedAction,23,
481,481,PureLLM直接回答(qwen2.5:7b),无KG/RAG/CSV/规则系统,故障原因诊断类,cause_colloquial,,M3_查询理解与语义检索增强,口语化/模糊检索,中等,在项目/功能“电池管理系”里，失效模式“电池组过充未报警和未保护”这个问题，原因讲白一点是什么？,BMS 控制系统损坏,失效模式“电池组过充未报警和未保护”的原因是电池管理系统未能检测到电池组过充状态并发出警报或采取保护措施。,错误,0.0,472.75,纯LLM直答,,0.0,0,,0,BMS 控制系统损坏,,,,,BMS 控制系统损坏,,,23,
482,482,PureLLM直接回答(qwen2.5:7b),无KG/RAG/CSV/规则系统,风险影响评估类,effect_colloquial,,M3_查询理解与语义检索增强,口语化/模糊检索,中等,在项目/功能“电池管理系”里，失效模式“电池组过充未报警和未保护”最后会带来什么后果？,安全事故,答案：可能会导致电池过热、鼓包甚至爆炸，引发火灾或安全事故。,正确,1.0,354.61,纯LLM直答,,0.0,0,,0,,,,,,安全事故,,,23,
483,483,PureLLM直接回答(qwen2.5:7b),无KG/RAG/CSV/规则系统,故障措施推荐类,action_colloquial,,M3_查询理解与语义检索增强,口语化/模糊检索,中等,在项目/功能“电池管理系”里，失效模式“电池组过充未报警和未保护”一般怎么处理？,定期检查和更新BMS系统,"针对项目/功能“电池管理系”里的失效模式“电池组过充未报警和未保护”，通常的处理措施包括：

1. **增加监控与检测机制**：在系统中加入更高级别的电压监测模块，确保能够准确识别并响应过充状态。

2. **优化算法逻辑**：改进电池管理系统中的控制算法，使其能够在电池过充时迅速做出反应，并触发报警和保护机制。

3. **硬件升级**：考虑使用具有更高安全标准的电池管理芯片或传感器，以提高系统的整体可靠性。

4. **增加冗余设计**：通过引入多重检测路径或备份系统来增强安全性，确保即使单一组件失效也能有效防止过充情况的发生。

5. **用户界面改进**：优化人机交互界面，使报警信息更加直观易懂，并提供详细的故障指示和处理建议给操作人员。

6. **定期维护与校准**：制定严格的设备检查计划，定期对电池管理系统进行维护和参数校准，确保其长期稳定运行。

7. **培训与文档更新**：加强对相关人员的培训力度，提高他们对于潜在风险的认识；同时及时更新相关技术文档和技术规范。",错误,0.0,2184.8,纯LLM直答,,0.0,1,,0,定期检查和更新BMS系统,,,,1.0；2.0；3.0；4.0；5.0；6.0；7.0,定期检查和更新BMS系统,,,23,
484,484,PureLLM直接回答(qwen2.5:7b),无KG/RAG/CSV/规则系统,风险影响评估类,risk_colloquial,,M3_查询理解与语义检索增强,口语化/模糊检索,中等,在项目/功能“电池管理系”里，失效模式“电池组过充未报警和未保护”的风险最后会体现成什么？,安全事故,在项目/功能“电池管理系”里，失效模式“电池组过充未报警和未保护”的风险最后会体现在系统安全性能下降。,错误,0.0,473.4,纯LLM直答,,0.0,0,,0,安全事故,,,,,安全事故,,,23,
485,485,PureLLM直接回答(qwen2.5:7b),无KG/RAG/CSV/规则系统,故障原因诊断类,cause_bool,,M4_证据裁决,证据裁决,简单,FMEA编号“LFP024”对应的原因是否就是“BMS 控制系统损坏”？,是,"根据题面提供的信息，“FMEA编号‘LFP024’对应的原因是否就是‘BMS控制系统损坏’？”这一问题无法直接作答，因为题面没有提供足够的信息来确认或否定这一点。通常在FMEA中，每个失效模式都有一个对应的失效原因，但具体是哪个原因需要根据具体的分析内容确定。

如果“LFP024”对应的是“BMS控制系统损坏”，那么可以假设这是经过详细分析后得出的结论；反之，则不是。没有更多背景信息，无法给出确切答案。",错误,0.0,1139.36,纯LLM直答,,,0,,0,是/否判断,,,,,,,是/否判断,23,
486,486,PureLLM直接回答(qwen2.5:7b),无KG/RAG/CSV/规则系统,风险影响评估类,risk_bool,,M4_证据裁决,证据裁决,简单,FMEA编号“LFP024”对应的后果是否就是“安全事故”？,是,"根据题面提供的信息，“FMEA编号‘LFP024’对应的后果是否就是‘安全事故’？”这一问题没有给出足够的背景信息或直接说明。因此，基于现有信息，无法确定“LFP024”的具体后果是什么。

如果需要判断该编号的后果是否为“安全事故”，通常需要查阅具体的FMEA文档或者有相关领域的专业知识来确认。在当前情况下，不能得出肯定或否定的答案。",错误,0.0,955.1,纯LLM直答,,,0,,0,是/否判断,,,,,,,是/否判断,23,
487,487,PureLLM直接回答(qwen2.5:7b),无KG/RAG/CSV/规则系统,风险影响评估类,mode_project_bool,,M4_证据裁决,证据裁决,简单,失效模式“电池组过充未报警和未保护”是不是出现在项目/功能“电池管理系”里？,是,是。失效模式“电池组过充未报警和未保护”出现在项目/功能“电池管理系统”里。,正确,1.0,430.2,纯LLM直答,,,0,,0,,,,,,,,是/否判断,23,
488,488,PureLLM直接回答(qwen2.5:7b),无KG/RAG/CSV/规则系统,风险影响评估类,risk_mode_code,,M3_查询理解与语义检索增强,口语化/模糊检索,简单,失效模式“电池组过充未报警和未保护”对应的FMEA编号是什么？,LFP024,根据题面信息，失效模式“电池组过充未报警和未保护”对应的FMEA编号为：12345。请注意，此编号是假设的示例值，并非真实数据。实际应用中应以具体产品或系统的FMEA文档为准。,错误,0.0,647.44,纯LLM直答,,0.0,1,,0,LFP024,,,,12345.0,LFP024,,FmeaID,23,
489,489,PureLLM直接回答(qwen2.5:7b),无KG/RAG/CSV/规则系统,风险影响评估类,risk_mode_project,,M3_查询理解与语义检索增强,口语化/模糊检索,简单,在项目/功能“电池管理系”里，失效模式“电池组过充未报警和未保护”的后果是什么？,安全事故,答案：电池组过充未报警和未保护可能导致电池损坏、发热引发火灾或爆炸等严重安全问题。,错误,0.0,414.39,纯LLM直答,,0.0,0,,0,安全事故,,,,,安全事故,,,23,
490,490,PureLLM直接回答(qwen2.5:7b),无KG/RAG/CSV/规则系统,故障原因诊断类,cause_code,,M1_编号直答,CSV直答,简单,FMEA编号“LFP025”这条的潜在失效原因/机理是什么？,BMS 控制系统损坏,根据题面提供的信息，“LFP025”这条记录的潜在失效原因是由于连接器接触不良。,错误,0.0,394.7,纯LLM直答,,0.0,0,,0,BMS 控制系统损坏,,,,,BMS 控制系统损坏,,,24,
491,491,PureLLM直接回答(qwen2.5:7b),无KG/RAG/CSV/规则系统,风险影响评估类,effect_code,,M1_编号直答,CSV直答,简单,FMEA编号“LFP025”这条的潜在失效后果是什么？,影响电池寿命或永久性损坏,根据题面提供的信息，“LFP025”这条的潜在失效后果是未给出具体细节。在实际的FMEA分析中，潜在失效后果需要详细描述具体的不良影响或结果。由于缺乏具体信息，无法提供确切的答案。,错误,0.0,630.32,纯LLM直答,,0.0,0,,0,影响电池寿命或永久性损坏,,,,,影响电池寿命或永久性损坏,,,24,
492,492,PureLLM直接回答(qwen2.5:7b),无KG/RAG/CSV/规则系统,风险影响评估类,rpn_code,,M1_编号直答,CSV直答,简单,FMEA编号“LFP025”这条的RPN是多少？,RPN=240.0,根据题面提供的信息，无法确定FMEA编号“LFP025”的RPN值。请提供更多的详细信息以获得准确的答案。,错误,0.0,452.67,纯LLM直答,,0.0,0,,0,,240.0,,,,,240.0,RPN,24,
493,493,PureLLM直接回答(qwen2.5:7b),无KG/RAG/CSV/规则系统,风险影响评估类,s_code,,M1_编号直答,CSV直答,简单,FMEA编号“LFP025”这条的S是多少？,S=8.0,题目中没有提供足够的信息来确定FMEA编号“LFP025”的S值。请提供更多相关数据或上下文。,错误,0.0,445.43,纯LLM直答,,0.0,0,,0,,8.0,,,,,8.0,S,24,
494,494,PureLLM直接回答(qwen2.5:7b),无KG/RAG/CSV/规则系统,风险影响评估类,o_code,,M1_编号直答,CSV直答,简单,FMEA编号“LFP025”这条的O是多少？,O=5.0,题目中没有提供足够的信息来确定FMEA编号“LFP025”的O（严重度）值。请提供更多相关数据以获得准确答案。,错误,0.0,491.52,纯LLM直答,,0.0,0,,0,,5.0,,,,,5.0,O,24,
495,495,PureLLM直接回答(qwen2.5:7b),无KG/RAG/CSV/规则系统,风险影响评估类,d_code,,M1_编号直答,CSV直答,简单,FMEA编号“LFP025”这条的D是多少？,D=6.0,题目中没有提供足够的信息来确定FMEA编号“LFP025”的D值。请提供更多相关数据或上下文。,错误,0.0,452.38,纯LLM直答,,0.0,0,,0,,6.0,,,,,6.0,D,24,
496,496,PureLLM直接回答(qwen2.5:7b),无KG/RAG/CSV/规则系统,故障措施推荐类,action_code,,M1_编号直答,CSV直答,简单,FMEA编号“LFP025”这条的建议措施是什么？,定期检查和更新BMS系统,"根据题面提供的信息，“LFP025”这条记录的建议措施是未给出具体细节。在实际的FMEA分析中，建议措施通常会详细说明如何预防或减轻失效模式的影响。但由于题面没有提供具体的建议措施内容，因此无法给出确切的答案。

建议措施可能包括但不限于：改进设计、增加检测步骤、使用更可靠的材料等。",错误,0.0,859.55,纯LLM直答,,0.0,0,,0,定期检查和更新BMS系统,,,,,定期检查和更新BMS系统,,RecommendedAction,24,
497,497,PureLLM直接回答(qwen2.5:7b),无KG/RAG/CSV/规则系统,故障原因诊断类,cause_mode,,M3_查询理解与语义检索增强,口语化/模糊检索,简单,失效模式“电池组过放未报警和未保护”对应的潜在失效原因/机理是什么？,BMS 控制系统损坏,"潜在失效原因/机理包括：
1. 传感器故障或损坏，无法检测到电池组的电压下降。
2. 控制系统软件错误，未能正确识别并响应低电压状态。
3. 电路设计缺陷，缺乏有效的过放电保护机制。",错误,0.0,655.27,纯LLM直答,,0.0,1,,0,BMS 控制系统损坏,,,,1.0；2.0；3.0,BMS 控制系统损坏,,,24,
498,498,PureLLM直接回答(qwen2.5:7b),无KG/RAG/CSV/规则系统,风险影响评估类,effect_mode,,M3_查询理解与语义检索增强,口语化/模糊检索,简单,失效模式“电池组过放未报警和未保护”对应的潜在失效后果是什么？,影响电池寿命或永久性损坏,答案：可能导致电池过度放电，引起电池性能下降甚至损坏。,错误,0.0,300.3,纯LLM直答,,0.0,0,,0,影响电池寿命或永久性损坏,,,,,影响电池寿命或永久性损坏,,,24,
499,499,PureLLM直接回答(qwen2.5:7b),无KG/RAG/CSV/规则系统,风险影响评估类,rpn_mode,,M3_查询理解与语义检索增强,口语化/模糊检索,简单,失效模式“电池组过放未报警和未保护”的RPN是多少？,RPN=240.0,"根据题面信息，无法直接计算出具体的RPN值。RPN（风险优先级数）是通过严重度（S）、发生频度（O）和检测度（D）三个因素的乘积得出的。由于题面没有提供这三个因子的具体数值，因此无法给出确切的RPN值。

如果假设一个可能的情况：
- 严重度（S）：5（电池组过放可能导致数据丢失或设备损坏）
- 发生频度（O）：7（在某些使用场景下可能发生）
- 检测度（D）：3（有一定的检测手段，但不够完善）

则RPN = S × O × D = 5 × 7 × 3 = 105

请注意，这只是一个假设值，实际的RPN需要根据具体情况进行评估。",错误,0.0,1602.85,纯LLM直答,,0.0,1,,0,,240.0,,,5.0；7.0；3.0；5.0；7.0；3.0；105.0,,240.0,RPN,24,
500,500,PureLLM直接回答(qwen2.5:7b),无KG/RAG/CSV/规则系统,故障措施推荐类,action_mode,,M3_查询理解与语义检索增强,口语化/模糊检索,简单,失效模式“电池组过放未报警和未保护”对应的建议措施是什么？,定期检查和更新BMS系统,"对于失效模式“电池组过放未报警和未保护”，建议措施可以包括：

1. **增加监控系统**：安装更先进的监控设备，确保能够实时监测电池组的电压状态。
2. **优化软件算法**：改进电池管理系统中的软件算法，使其能够在电池组达到危险电压时及时发出警报并采取保护措施。
3. **设置安全阈值**：明确设定电池组的安全工作范围，并在超出该范围时自动切断电源或启动其他保护机制。
4. **定期维护检查**：制定定期的维护计划，确保监控系统和保护装置处于良好状态。

这些措施有助于提高系统的可靠性和安全性。",错误,0.0,1340.91,纯LLM直答,,0.0,1,,0,定期检查和更新BMS系统,,,,1.0；2.0；3.0；4.0,定期检查和更新BMS系统,,RecommendedAction,24,
