序号,全局序号,消融模型,去除模块,情景类别,题型,来源标签,模块标签,模块标签说明,难度,问题,参考答案,模型回答,是否正确,部分准确率,耗时毫秒,回答路径,上下文精确率,证据召回率,幻觉标记,多跳路径覆盖率,上下文条数,缺失文本项,缺失数值项,命中数值,无证据编号,无证据数值,标准文本项,标准数值项,预期字段,原始行号,错误信息
1,1,Full-ΣMi残差模型,M1+M2+M3+M4,故障原因诊断类,项目失效现象后果查原因,故障原因查询,,,简单,在项目/功能“Tower / Tower / Primary steelwork”中，故障现象“Abnormal vibration”会造成“Excessive Fatigue Life Consumption”，它的潜在原因/机理是什么？,Design phase; Resonance occurs when the natural frequency of the tower or other components of the wind turbine matches the frequency of the wind or other external forces.,失效原因 / FailureCause / cause / reason / 为什么 / 为啥 / 咋来的: Environmental condition; Resonance occurs when the natural frequency of the tower or other components of the wind turbine matches the frequency of the wind or other external forces.,错误,0.0,945.77,语义RAG,0.6667,0.0,0,,3,Design phase; Resonance occurs when the natural frequency of the tower or other components of the wind turbine matches the frequency of the wind or other external forces.,,,,,Design phase; Resonance occurs when the natural frequency of the tower or other components of the wind turbine matches the frequency of the wind or other external forces.,,项目/功能；潜在失效模式；潜在失效后果；潜在失效原因/机理,0,
2,2,Full-ΣMi残差模型,M1+M2+M3+M4,故障原因诊断类,项目失效现象后果查原因,故障原因查询,,,简单,在项目/功能“Tower / Tower / Primary steelwork”中，故障现象“Abnormal vibration”会造成“Potential collapse”，它的潜在原因/机理是什么？,"Installation phase; Faulty welding of Tower [10,15]","安装阶段；焊缝缺陷 [10,15]",错误,0.0,556.0,语义RAG,0.6667,1.0,0,,3,"Installation phase; Faulty welding of Tower [10,15]",,10.0；15.0,,,"Installation phase; Faulty welding of Tower [10,15]",,项目/功能；潜在失效模式；潜在失效后果；潜在失效原因/机理,2,
3,3,Full-ΣMi残差模型,M1+M2+M3+M4,故障原因诊断类,项目失效现象后果查原因,故障原因查询,,,简单,在项目/功能“Tower / Tower / Primary steelwork”中，故障现象“Cracks”会造成“Failure of whole facility and vast economic loses”，它的潜在原因/机理是什么？,"Environmental loads; The interaction between the blades and the tower can cause pressure fluctuations, leading to cyclic fatigue [14]",失效原因 / FailureCause / cause / reason / 为什么 / 为啥 / 咋来的: - due to Operation; Hit by blades due to human error or operational failure [15] - Design phase; Braking system failure due to wrong estimation of operating conditions [15] - Maintenance; Hit by blades due to poor maintenance and inspection leading to undetected wear and damage [15],错误,0.0,1125.71,语义RAG,1.0,0.0,0,,3,"Environmental loads; The interaction between the blades and the tower can cause pressure fluctuations, leading to cyclic fatigue [14]",,,,,"Environmental loads; The interaction between the blades and the tower can cause pressure fluctuations, leading to cyclic fatigue [14]",,项目/功能；潜在失效模式；潜在失效后果；潜在失效原因/机理,4,
4,4,Full-ΣMi残差模型,M1+M2+M3+M4,故障原因诊断类,项目失效现象后果查原因,故障原因查询,,,简单,在项目/功能“Tower / Tower / Primary steelwork”中，故障现象“Cracks”会造成“Potential collapse”，它的潜在原因/机理是什么？,Environmental condition; Cyclic wind/wave loading (above design assumption)creates stress concentrations and fatigue. [11],安装阶段；安装阶段应力/疲劳由于波浪、风和工艺过程。错误的安装/错误可以导致应力集中和疲劳。,错误,0.0,697.71,语义RAG,0.6667,0.0,0,,3,Environmental condition; Cyclic wind/wave loading (above design assumption)creates stress concentrations and fatigue. [11],,,,,Environmental condition; Cyclic wind/wave loading (above design assumption)creates stress concentrations and fatigue. [11],,项目/功能；潜在失效模式；潜在失效后果；潜在失效原因/机理,6,
5,5,Full-ΣMi残差模型,M1+M2+M3+M4,故障原因诊断类,项目失效现象后果查原因,故障原因查询,,,简单,在项目/功能“Tower / Tower / Primary structure & welding”中，故障现象“Cracks”会造成“Potential collapse”，它的潜在原因/机理是什么？,"Design phase; Welding failure due to Poor design or inadequate specification of welding procedures considering harsh environmental condition [1,15]","失效原因是：Welding failure due to Poor design or inadequate specification of welding procedures considering harsh environmental condition [1,15]。",错误,0.0,695.14,语义RAG,1.0,1.0,0,,3,"Design phase; Welding failure due to Poor design or inadequate specification of welding procedures considering harsh environmental condition [1,15]",,1.0；15.0,,,"Design phase; Welding failure due to Poor design or inadequate specification of welding procedures considering harsh environmental condition [1,15]",,项目/功能；潜在失效模式；潜在失效后果；潜在失效原因/机理,7,
6,6,Full-ΣMi残差模型,M1+M2+M3+M4,故障原因诊断类,项目失效现象后果查原因,故障原因查询,,,简单,在项目/功能“Tower / Tower / Welding”中，故障现象“Cracks”会造成“Potential collapse”，它的潜在原因/机理是什么？,"Fabrication; Welding failure due to Poor quality control during the welding process [1,10]",安装阶段；安装阶段应力/疲劳由于波浪、风和工艺。错误的安装/操作可以导致应力集中和疲劳。,错误,0.0,683.19,语义RAG,0.3333,0.0,0,,3,"Fabrication; Welding failure due to Poor quality control during the welding process [1,10]",,,,,"Fabrication; Welding failure due to Poor quality control during the welding process [1,10]",,项目/功能；潜在失效模式；潜在失效后果；潜在失效原因/机理,10,
7,7,Full-ΣMi残差模型,M1+M2+M3+M4,故障原因诊断类,项目失效现象后果查原因,故障原因查询,,,简单,在项目/功能“Tower / Tower / Primary steelwork”中，故障现象“Cracks”会造成“Failure of the WTG/Major repair campaign/Structure reassessment”，它的潜在原因/机理是什么？,Environmental condition; Lightning strikes[9],失效原因 / FailureCause / cause / reason / 为什么 / 为啥 / 咋来的: Environmental condition; Lightning strikes[9],正确,1.0,676.92,语义RAG,0.6667,1.0,0,,3,,,9.0,,,Environmental condition; Lightning strikes[9],,项目/功能；潜在失效模式；潜在失效后果；潜在失效原因/机理,16,
8,8,Full-ΣMi残差模型,M1+M2+M3+M4,故障原因诊断类,项目失效现象后果查原因,故障原因查询,,,简单,在项目/功能“Tower / Tower / Primary steelwork”中，故障现象“Plastic deformation”会造成“Potential collapse”，它的潜在原因/机理是什么？,"Manufacturing; Inadequate quality control during the manufacturing process may create structural weaknesses or defects in the tower, causing plastic deformation over time. [11]","失效原因 / FailureCause / cause / reason / 为什么 / 为啥 / 咋来的: Manufacturing; Inadequate quality control during the manufacturing process may create structural weaknesses or defects in the tower, causing plastic deformation over time. [11] 失效原因 / FailureCause / cause / reason / 为什么 / 为啥 / 咋来的: Design phase; Plastic deformation due to insufficient yield strength and lack of detailed stress analysis and simulations [13]",正确,1.0,1218.48,语义RAG,1.0,1.0,0,,3,,,11.0,,,"Manufacturing; Inadequate quality control during the manufacturing process may create structural weaknesses or defects in the tower, causing plastic deformation over time. [11]",,项目/功能；潜在失效模式；潜在失效后果；潜在失效原因/机理,21,
9,9,Full-ΣMi残差模型,M1+M2+M3+M4,故障原因诊断类,项目失效现象后果查原因,故障原因查询,,,简单,在项目/功能“Tower / Tower / Primary steelwork”中，故障现象“Tower collapse”会造成“Failure of whole facility and vast economic loses”，它的潜在原因/机理是什么？,Operation phase; Mooring system failure can lead to direct tower collapse [1],Operation phase; Mooring system failure can lead to direct tower collapse [1],正确,1.0,562.39,语义RAG,0.6667,1.0,0,,3,,,1.0,,,Operation phase; Mooring system failure can lead to direct tower collapse [1],,项目/功能；潜在失效模式；潜在失效后果；潜在失效原因/机理,23,
10,10,Full-ΣMi残差模型,M1+M2+M3+M4,故障原因诊断类,项目失效现象后果查原因,故障原因查询,,,简单,"在项目/功能“Transition piece / Transition Piece / Primary structure & welding”中，故障现象“Transition piece break”会造成“Tower Unit collapse, Floater Unit damage”，它的潜在原因/机理是什么？",Design; Analysis and calculation fault due to human error [11],失效原因 / FailureCause / cause / reason / 为什么 / 为啥 / 咋来的: Operation and Maintenance; Undetected defects and poor quality control [11],错误,0.0,755.6,语义RAG,0.6667,1.0,0,,3,Design; Analysis and calculation fault due to human error [11],,11.0,,,Design; Analysis and calculation fault due to human error [11],,项目/功能；潜在失效模式；潜在失效后果；潜在失效原因/机理,24,
11,11,Full-ΣMi残差模型,M1+M2+M3+M4,故障原因诊断类,项目失效现象后果查原因,故障原因查询,,,简单,"在项目/功能“Transition piece / Transition Piece / Primary structure”中，故障现象“Transition piece break”会造成“tension failure (rupture), buckling of the transition piece/ Tower unit damage”，它的潜在原因/机理是什么？","Operation and Maintenance; Brittle fracture due to extreme environmental temperature, leading to a shift in the ductile-to-brittle transition temperature [16]","潜在原因/机理: Operation and Maintenance; Brittle fracture due to extreme environmental temperature, leading to a shift in the ductile-to-brittle transition temperature [16]",正确,1.0,778.79,语义RAG,0.6667,1.0,0,,3,,,16.0,,,"Operation and Maintenance; Brittle fracture due to extreme environmental temperature, leading to a shift in the ductile-to-brittle transition temperature [16]",,项目/功能；潜在失效模式；潜在失效后果；潜在失效原因/机理,25,
12,12,Full-ΣMi残差模型,M1+M2+M3+M4,故障原因诊断类,项目失效现象后果查原因,故障原因查询,,,简单,在项目/功能“Transition piece / Transition Piece / Primary stucture”中，故障现象“Structural plastic deformation”会造成“Local stress accumulation”，它的潜在原因/机理是什么？,"Operation; Changes in wave spectra can cause increased loads, resonance, and stress concentrations, leading to plastic deformation in offshore wind turbines. [11]",失效原因 / FailureCause: Maintenance; Installation,错误,0.0,534.15,语义RAG,1.0,0.0,0,,3,"Operation; Changes in wave spectra can cause increased loads, resonance, and stress concentrations, leading to plastic deformation in offshore wind turbines. [11]",,,,,"Operation; Changes in wave spectra can cause increased loads, resonance, and stress concentrations, leading to plastic deformation in offshore wind turbines. [11]",,项目/功能；潜在失效模式；潜在失效后果；潜在失效原因/机理,26,
13,13,Full-ΣMi残差模型,M1+M2+M3+M4,故障原因诊断类,项目失效现象后果查原因,故障原因查询,,,简单,在项目/功能“Transition piece / Transition Piece / Primary structure & welding”中，故障现象“Cracks”会造成“Tower transition piece connections failure / resonance”，它的潜在原因/机理是什么？,"Operation; Cycling loading could cause microstructural changes in the material and eventually lead to fatigue crack initiation [1,15]","Operation; Cycling loading could cause microstructural changes in the material and eventually lead to fatigue crack initiation [1,15] Fabrication; Welding and heat treatment could induce fatigue cracks in fabrication process. [1] Maintenance; The transition piece may be subjected to large forces from lifting and handling equipment during maintenance, which are not considered in design assumptions [11]",正确,1.0,1054.1,语义RAG,1.0,1.0,0,,3,,,1.0；15.0；1.0,,,"Operation; Cycling loading could cause microstructural changes in the material and eventually lead to fatigue crack initiation [1,15]",,项目/功能；潜在失效模式；潜在失效后果；潜在失效原因/机理,27,
14,14,Full-ΣMi残差模型,M1+M2+M3+M4,故障原因诊断类,项目失效现象后果查原因,故障原因查询,,,简单,在项目/功能“Transition piece / Transition Piece / Primary structure & welding”中，故障现象“Abnormal vibration”会造成“potential tower connections failure”，它的潜在原因/机理是什么？,Operation; due to unbalanced loads or wind-induced vibrations. [11],失效原因 / FailureCause / cause / reason / 为什么 / 为啥 / 咋来的: Maintenance; Misalignments or looseness in the connections between the tower and the foundation or inadequate bracing can cause abnormal vibration in the transition piece [12],错误,0.0,895.16,语义RAG,0.6667,1.0,0,,3,Operation; due to unbalanced loads or wind-induced vibrations. [11],,,,,Operation; due to unbalanced loads or wind-induced vibrations. [11],,项目/功能；潜在失效模式；潜在失效后果；潜在失效原因/机理,29,
15,15,Full-ΣMi残差模型,M1+M2+M3+M4,故障原因诊断类,项目失效现象后果查原因,故障原因查询,,,简单,在项目/功能“Transition piece / Transition Piece / Primary structure”中，故障现象“Cracks”会造成“Tower transition piece connections failure”，它的潜在原因/机理是什么？,Installation; During Transportation and installation transition piece may be subjected to bending and twisting loads which could lead to fatigue cracks,安装；在运输和安装过程中，过渡件可能承受弯曲和扭转载荷，这可能导致疲劳裂纹。 维护；过渡件在维护过程中可能会受到起吊和处理设备施加的大型力量，而这些力量未被设计假设考虑。 焊接和热处理；焊接和热处理过程中的工艺可能会诱导疲劳裂纹。,错误,0.0,1030.87,语义RAG,1.0,1.0,0,,3,Installation; During Transportation and installation transition piece may be subjected to bending and twisting loads which could lead to fatigue cracks,,,,,Installation; During Transportation and installation transition piece may be subjected to bending and twisting loads which could lead to fatigue cracks,,项目/功能；潜在失效模式；潜在失效后果；潜在失效原因/机理,31,
16,16,Full-ΣMi残差模型,M1+M2+M3+M4,故障原因诊断类,项目失效现象后果查原因,故障原因查询,,,简单,在项目/功能“Transition piece / Transition Piece / Primary structure & welding”中，故障现象“Cracks”会造成“Tower transition piece connections failure/ displacement variations between tower end”，它的潜在原因/机理是什么？,"Environmental Loads; Extreme environmental conditions like hurricanes or storm surges can subject the transition piece to large forces that exceed their design limits [10,11,15]",安装过程中，过渡件可能承受来自波浪、风和船舶运动的大型力。,错误,0.0,710.05,语义RAG,0.6667,1.0,0,,3,"Environmental Loads; Extreme environmental conditions like hurricanes or storm surges can subject the transition piece to large forces that exceed their design limits [10,11,15]",,,,,"Environmental Loads; Extreme environmental conditions like hurricanes or storm surges can subject the transition piece to large forces that exceed their design limits [10,11,15]",,项目/功能；潜在失效模式；潜在失效后果；潜在失效原因/机理,32,
17,17,Full-ΣMi残差模型,M1+M2+M3+M4,故障原因诊断类,项目失效现象后果查原因,故障原因查询,,,简单,在项目/功能“Transition piece / Transition Piece / Welding”中，故障现象“Cracks”会造成“potential tower connections failure”，它的潜在原因/机理是什么？,Fabrication; Improper surface preparation before applying a protective coating or performing welding repairs like cleaning the surface with solvent and treating the surface with a rust inhibitor or primer for improving the adhesion can cause corrosion and crack propagation. [15],失效原因 / FailureCause / cause / reason / 为什么 / 为啥 / 咋来的: Fabrication; Improper surface preparation before applying a protective coating or performing welding repairs like cleaning the surface with solvent and treating the surface with a rust inhibitor or primer for improving the adhesion can cause corrosion and crack propagation.,错误,0.0,954.98,语义RAG,1.0,1.0,0,,3,Fabrication; Improper surface preparation before applying a protective coating or performing welding repairs like cleaning the surface with solvent and treating the surface with a rust inhibitor or primer for improving the adhesion can cause corrosion and crack propagation. [15],,,,,Fabrication; Improper surface preparation before applying a protective coating or performing welding repairs like cleaning the surface with solvent and treating the surface with a rust inhibitor or primer for improving the adhesion can cause corrosion and crack propagation. [15],,项目/功能；潜在失效模式；潜在失效后果；潜在失效原因/机理,33,
18,18,Full-ΣMi残差模型,M1+M2+M3+M4,故障原因诊断类,项目失效现象后果查原因,故障原因查询,,,简单,在项目/功能“Transition piece / Transition Piece / Welding”中，故障现象“Cracks”会造成“Tower transition piece connections failure”，它的潜在原因/机理是什么？,"Maintenance; Repairing welding during maintenance can introduce residual stresses, leading to crack initiation [11]",安装；焊接过程中因性能不佳（例如过热、焊缝不足）导致的缺陷，在运输和安装过渡件时可能承受弯曲和扭转载荷从而引发疲劳裂纹。,错误,0.0,775.02,语义RAG,1.0,0.0,0,,3,"Maintenance; Repairing welding during maintenance can introduce residual stresses, leading to crack initiation [11]",,,,,"Maintenance; Repairing welding during maintenance can introduce residual stresses, leading to crack initiation [11]",,项目/功能；潜在失效模式；潜在失效后果；潜在失效原因/机理,36,
19,19,Full-ΣMi残差模型,M1+M2+M3+M4,故障原因诊断类,项目失效现象后果查原因,故障原因查询,,,简单,在项目/功能“Transition piece / Transition Piece / Primary structure & welding”中，故障现象“Cracks”会造成“Tower transition piece connections failure”，它的潜在原因/机理是什么？,"Maintenance; The transition piece may be subjected to large forces from lifting and handling equipment during maintenance, which are not considered in design assumptions [11]","Fabrication; Welding and heat treatment could induce fatigue cracks in fabrication process. Maintenance; The transition piece may be subjected to large forces from lifting and handling equipment during maintenance, which are not considered in design assumptions. Operation; Cycling loading could cause microstructural changes in the material and eventually lead to fatigue crack initiation.",错误,0.0,970.74,语义RAG,1.0,1.0,0,,3,"Maintenance; The transition piece may be subjected to large forces from lifting and handling equipment during maintenance, which are not considered in design assumptions [11]",,,,,"Maintenance; The transition piece may be subjected to large forces from lifting and handling equipment during maintenance, which are not considered in design assumptions [11]",,项目/功能；潜在失效模式；潜在失效后果；潜在失效原因/机理,37,
20,20,Full-ΣMi残差模型,M1+M2+M3+M4,故障原因诊断类,项目失效现象后果查原因,故障原因查询,,,简单,"在项目/功能“Floating support structure / Floating Support structure / All structures”中，故障现象“Capsize”会造成“Watertight fault, Potential Floater Unit sinkage”，它的潜在原因/机理是什么？",Design; Analysis and Calculation fault due to human error,失效原因 / FailureCause: Design; Analysis and Calculation fault due to human error,正确,1.0,613.87,语义RAG,0.6667,1.0,0,,3,,,,,,Design; Analysis and Calculation fault due to human error,,项目/功能；潜在失效模式；潜在失效后果；潜在失效原因/机理,45,
21,21,Full-ΣMi残差模型,M1+M2+M3+M4,故障原因诊断类,项目失效现象后果查原因,故障原因查询,,,简单,在项目/功能“Floating support structure / Floating Support structure / Primary structure”中，故障现象“Capsize”会造成“Project cancellation”，它的潜在原因/机理是什么？,Design; Analysis and Calculation fault due to human error [11],Design; Analysis and Calculation fault due to human error [11],正确,1.0,572.39,语义RAG,1.0,1.0,0,,3,,,11.0,,,Design; Analysis and Calculation fault due to human error [11],,项目/功能；潜在失效模式；潜在失效后果；潜在失效原因/机理,46,
22,22,Full-ΣMi残差模型,M1+M2+M3+M4,故障原因诊断类,项目失效现象后果查原因,故障原因查询,,,简单,在项目/功能“Floating support structure / Floating Support structure / Secondary structure”中，故障现象“Additional Structures Failures”会造成“Potential failure”，它的潜在原因/机理是什么？,"Operation; Bilge piping/pumps fail [1,12]","失效原因 / FailureCause / cause / reason / 为什么 / 为啥 / 咋来的: Operation; Helicopter assistance equipment fail [1,12]",错误,0.0,692.75,语义RAG,0.3333,0.0,0,,3,"Operation; Bilge piping/pumps fail [1,12]",,1.0；12.0,,,"Operation; Bilge piping/pumps fail [1,12]",,项目/功能；潜在失效模式；潜在失效后果；潜在失效原因/机理,47,
23,23,Full-ΣMi残差模型,M1+M2+M3+M4,故障原因诊断类,项目失效现象后果查原因,故障原因查询,,,简单,"在项目/功能“Floating support structure / Floating Support structure / All structures”中，故障现象“Hit by dropped objects”会造成“Damage to the facility, vast economic loses”，它的潜在原因/机理是什么？",Operation; Biological collision,失效原因 / FailureCause: Environmental condition; Typhoon can cause failure of the floating unit if it gets hit by dropping objects. (eg. damaged blade)(strong wind/wave) 失效原因 / FailureCause: Operation; Plane crush 失效原因 / FailureCause: Operation; Biological collision,正确,1.0,975.68,语义RAG,1.0,1.0,0,,3,,,,,,Operation; Biological collision,,项目/功能；潜在失效模式；潜在失效后果；潜在失效原因/机理,48,
24,24,Full-ΣMi残差模型,M1+M2+M3+M4,故障原因诊断类,项目失效现象后果查原因,故障原因查询,,,简单,在项目/功能“Floating support structure / Floating Support structure / All structures”中，故障现象“Structural break”会造成“Structural reassessment”，它的潜在原因/机理是什么？,Environmental condition; Design parameter superseded due to climate change [11],根据上下文，提供的信息中并没有直接提到“Structural break”这一失效模式及其对应的潜在原因或机理。因此，基于给定的上下文内容，我无法回答这个问题。 但是，从已有的信息来看，“Floating support structure / Floating Support structure / All structures”这个项目/功能块中确实存在一个与结构相关的故障模式——“Structural plastic deformation [11]”，其潜在原因是： 失效原因 / FailureCause / cause / reason / 为什么 / 为啥 / 咋来的: Operation and Maintenance; Insufficient structural strength due to ship collision 这可能更接近于你所询问的内容。不过，如果需要关于“Structural break”的具体信息，请提供相应的上下文或数据。,错误,0.0,1706.3,语义RAG,0.3333,0.0,0,,3,Environmental condition; Design parameter superseded due to climate change [11],,11.0,,,Environmental condition; Design parameter superseded due to climate change [11],,项目/功能；潜在失效模式；潜在失效后果；潜在失效原因/机理,49,
25,25,Full-ΣMi残差模型,M1+M2+M3+M4,故障原因诊断类,项目失效现象后果查原因,故障原因查询,,,简单,在项目/功能“Floating support structure / Floating Support structure / Primary Structure”中，故障现象“Cracks”会造成“Structural failure”，它的潜在原因/机理是什么？,Installation; Excessive fatigue life consumption due to installation/ transportation [19],失效原因是Installation; Excessive fatigue life consumption due to installation/ transportation [19]。,正确,1.0,581.38,语义RAG,0.6667,1.0,0,,3,,,19.0,,,Installation; Excessive fatigue life consumption due to installation/ transportation [19],,项目/功能；潜在失效模式；潜在失效后果；潜在失效原因/机理,51,
26,26,Full-ΣMi残差模型,M1+M2+M3+M4,故障原因诊断类,项目失效现象后果查原因,故障原因查询,,,简单,在项目/功能“Floating support structure / Floating Support structure / Primary structure & Welding”中，故障现象“Capsize”会造成“Asset damage Energy production loss”，它的潜在原因/机理是什么？,Environmental condition; Extreme horizontal oscillatory force,根据上下文，提供的信息中并没有直接提到“Capsize”这一失效模式及其相关信息。因此，无法回答该问题。 但是，可以参考与“Floating support structure / Floating Support structure / Primary structure & Welding”相关的其他失效模式和其原因： 1. **Watertight fault**（编号 FF16）的失效原因是： - Maintenance - Insufficient structural strength due to ship collision 2. **Floater unit sinkage**（编号 FF14）的失效原因是： - Design - Insufficient structural strength and cracks on the floater resulting in water ingress to the support structure 3. **Structural plastic deformation**（编号 FF15）的失效原因是： - Operation and Maintenance - Insufficient structural strength due to ship collision 如果需要针对“Capsize”的具体信息，请提供相应的FMEA编号或进一步的信息。,错误,0.0,1990.72,语义RAG,0.6667,0.0,0,,3,Environmental condition; Extreme horizontal oscillatory force,,,,,Environmental condition; Extreme horizontal oscillatory force,,项目/功能；潜在失效模式；潜在失效后果；潜在失效原因/机理,52,
27,27,Full-ΣMi残差模型,M1+M2+M3+M4,故障原因诊断类,项目失效现象后果查原因,故障原因查询,,,简单,在项目/功能“Floating support structure / Floating Support structure / Primary structure & Welding”中，故障现象“Cracks”会造成“Structural failure”，它的潜在原因/机理是什么？,Operation; Fatigue due to continuous vibrations/resonance [11],失效原因是Installation; Excessive fatigue life consumption due to installation/ transportation [19]。,错误,0.0,574.04,语义RAG,0.6667,0.0,0,,3,Operation; Fatigue due to continuous vibrations/resonance [11],,,,,Operation; Fatigue due to continuous vibrations/resonance [11],,项目/功能；潜在失效模式；潜在失效后果；潜在失效原因/机理,53,
28,28,Full-ΣMi残差模型,M1+M2+M3+M4,故障原因诊断类,项目失效现象后果查原因,故障原因查询,,,简单,在项目/功能“Floating support structure / Floating Support structure / All structures”中，故障现象“Cracks”会造成“Structural failure”，它的潜在原因/机理是什么？,Design; Fatigue due to underestimation of steel thickness and/or environmental loads,失效原因是Installation；具体原因为Excessive fatigue life consumption due to installation/ transportation [19]。,错误,0.0,532.97,语义RAG,0.3333,0.0,0,,3,Design; Fatigue due to underestimation of steel thickness and/or environmental loads,,,,,Design; Fatigue due to underestimation of steel thickness and/or environmental loads,,项目/功能；潜在失效模式；潜在失效后果；潜在失效原因/机理,54,
29,29,Full-ΣMi残差模型,M1+M2+M3+M4,故障原因诊断类,项目失效现象后果查原因,故障原因查询,,,简单,在项目/功能“Floating support structure / Floating Support structure / Secondary structure”中，故障现象“Additional Structures Failures”会造成“Potential failure of landing platform”，它的潜在原因/机理是什么？,"Operation; Helicopter assistance equipment fail [1,12]","操作；直升机辅助设备失效 [1,12]",错误,0.0,589.58,语义RAG,0.6667,1.0,0,,3,"Operation; Helicopter assistance equipment fail [1,12]",,1.0；12.0,,,"Operation; Helicopter assistance equipment fail [1,12]",,项目/功能；潜在失效模式；潜在失效后果；潜在失效原因/机理,56,
30,30,Full-ΣMi残差模型,M1+M2+M3+M4,故障原因诊断类,项目失效现象后果查原因,故障原因查询,,,简单,在项目/功能“Floating support structure / Floating Support structure / Secondary structure”中，故障现象“Watertight fault”会造成“Potential Failure/Asset damage Energy production loss”，它的潜在原因/机理是什么？,Maintenance; Inefficient detection [1],失效原因 / FailureCause: Maintenance; Insufficient structural strength due to ship collision,错误,0.0,577.99,语义RAG,0.6667,0.0,0,,3,Maintenance; Inefficient detection [1],,,,,Maintenance; Inefficient detection [1],,项目/功能；潜在失效模式；潜在失效后果；潜在失效原因/机理,57,
31,31,Full-ΣMi残差模型,M1+M2+M3+M4,故障原因诊断类,项目失效现象后果查原因,故障原因查询,,,简单,在项目/功能“Floating support structure / Floating Support structure / Secondary structure”中，故障现象“Floater unit sinkage”会造成“Potential Failure/Asset damage Energy production loss”，它的潜在原因/机理是什么？,Design; Insufficient structural strength and cracks on the floater resulting in water ingress to the support structure,失效原因 / FailureCause: Design; Insufficient structural strength and cracks on the floater resulting in water ingress to the support structure,正确,1.0,707.75,语义RAG,1.0,1.0,0,,3,,,,,,Design; Insufficient structural strength and cracks on the floater resulting in water ingress to the support structure,,项目/功能；潜在失效模式；潜在失效后果；潜在失效原因/机理,58,
32,32,Full-ΣMi残差模型,M1+M2+M3+M4,故障原因诊断类,项目失效现象后果查原因,故障原因查询,,,简单,在项目/功能“Floating support structure / Floating Support structure / All structures”中，故障现象“Structural plastic deformation”会造成“Local stress accumulation”，它的潜在原因/机理是什么？,Operation and Maintenance; Insufficient structural strength due to ship collision,失效原因 / FailureCause / cause / reason / 为什么 / 为啥 / 咋来的: Operation and Maintenance; Insufficient structural strength due to ship collision,正确,1.0,712.73,语义RAG,1.0,1.0,0,,3,,,,,,Operation and Maintenance; Insufficient structural strength due to ship collision,,项目/功能；潜在失效模式；潜在失效后果；潜在失效原因/机理,59,
33,33,Full-ΣMi残差模型,M1+M2+M3+M4,故障原因诊断类,项目失效现象后果查原因,故障原因查询,,,简单,在项目/功能“Floating support structure / Floating Support structure / Secondary structure”中，故障现象“Watertight fault”会造成“Asset damage Energy production loss/reduced stability”，它的潜在原因/机理是什么？,Maintenance; Insufficient structural strength due to ship collision [11],失效原因 / FailureCause / cause / reason / 为啥 / 咋来的: Maintenance; Insufficient structural strength due to ship collision [1],错误,0.0,711.36,语义RAG,1.0,1.0,0,,3,Maintenance; Insufficient structural strength due to ship collision [11],,,,,Maintenance; Insufficient structural strength due to ship collision [11],,项目/功能；潜在失效模式；潜在失效后果；潜在失效原因/机理,60,
34,34,Full-ΣMi残差模型,M1+M2+M3+M4,故障原因诊断类,项目失效现象后果查原因,故障原因查询,,,简单,"在项目/功能“Floating support structure / Floating Support structure / All structures”中，故障现象“Watertight fault”会造成“If these cracks propagate through the wall and lie under water or within the splash zone, then they constitute a risk to the watertightness.”，它的潜在原因/机理是什么？","Environmental condition; Marine growth under water can add additional weight and stress for the material, which can lead to cracks in the outer hull",环境条件；水下的生物附着会增加材料的重量和应力，从而导致外船体裂缝。,错误,0.0,741.32,语义RAG,0.6667,1.0,0,,3,"Environmental condition; Marine growth under water can add additional weight and stress for the material, which can lead to cracks in the outer hull",,,,,"Environmental condition; Marine growth under water can add additional weight and stress for the material, which can lead to cracks in the outer hull",,项目/功能；潜在失效模式；潜在失效后果；潜在失效原因/机理,62,
35,35,Full-ΣMi残差模型,M1+M2+M3+M4,故障原因诊断类,项目失效现象后果查原因,故障原因查询,,,简单,"在项目/功能“Floating support structure / Floating Support structure / Secondary structure”中，故障现象“Additional Structures Failures”会造成“Increased risk of collision, potential damage to the floater”，它的潜在原因/机理是什么？","Operation; Navigation and work lights fail [1,12]","根据上下文，提供的信息中并没有直接提到“Floating support structure / Floating Support structure / Secondary structure”这块地方的故障现象是“Additional Structures Failures”，并且其潜在原因是“Increased risk of collision, potential damage to the floater”。实际上，给出的信息中没有关于“Additional Structures Failures”的记录。 因此，按照提供的信息，我无法回答这个问题。",错误,0.0,1114.51,语义RAG,0.3333,0.0,0,,3,"Operation; Navigation and work lights fail [1,12]",,,,,"Operation; Navigation and work lights fail [1,12]",,项目/功能；潜在失效模式；潜在失效后果；潜在失效原因/机理,63,
36,36,Full-ΣMi残差模型,M1+M2+M3+M4,故障原因诊断类,项目失效现象后果查原因,故障原因查询,,,简单,在项目/功能“Floating support structure / Floating Support structure / Secondary structure”中，故障现象“Structural break”会造成“Asset damage Energy production loss/reduced stability”，它的潜在原因/机理是什么？,Operation and Maintenance; Structural component degradation due to corrosion [12],根据上下文，`Structural break` 并未直接列出为 `Floating support structure / Floating Support structure / Secondary structure` 的故障现象。但是可以参考与之相关的其他故障模式来推测可能的原因。 从提供的信息来看： - 故障模式 `Watertight fault [1]` 的失效原因是 `Maintenance; Insufficient structural strength due to ship collision [11]`。 - 故障模式 `Floater unit sinkage` 的失效原因是 `Design; Insufficient structural strength and cracks on the floater resulting in water ingress to the support structure`。 综合这些信息，可以推测 `Structural break` 可能的潜在原因/机理是： - 维护不当 - 结构强度不足 - 船舶碰撞导致的结构损伤 因此，对于 `Floating support structure / Floating Support structure / Secondary structure` 中的 `Structural break` 故障现象，其潜在原因是 **维护不当、结构强度不足以及船舶碰撞导致的结构损伤**。,错误,0.0,2183.86,语义RAG,0.6667,0.0,0,,3,Operation and Maintenance; Structural component degradation due to corrosion [12],,,,,Operation and Maintenance; Structural component degradation due to corrosion [12],,项目/功能；潜在失效模式；潜在失效后果；潜在失效原因/机理,66,
37,37,Full-ΣMi残差模型,M1+M2+M3+M4,故障原因诊断类,项目失效现象后果查原因,故障原因查询,,,简单,"在项目/功能“Floating support structure / Floating Support structure / All structures”中，故障现象“Structural break”会造成“Watertight fault, Potential Floater Unit sinkage”，它的潜在原因/机理是什么？",Operation and Maintenance; Structural degradation due to corrosion [11],失效原因 / FailureCause: Design; Underdesigned structure/Component due to insufficient environmental data,错误,0.0,623.49,语义RAG,0.6667,0.0,0,,3,Operation and Maintenance; Structural degradation due to corrosion [11],,,,,Operation and Maintenance; Structural degradation due to corrosion [11],,项目/功能；潜在失效模式；潜在失效后果；潜在失效原因/机理,67,
38,38,Full-ΣMi残差模型,M1+M2+M3+M4,故障原因诊断类,项目失效现象后果查原因,故障原因查询,,,简单,在项目/功能“Floating support structure / Floating Support structure / Primary structure & Welding”中，故障现象“Structural break”会造成“Tower collapse”，它的潜在原因/机理是什么？,Operation; Structure brittle fracture due to extreme environmental temperature,失效原因 / FailureCause / cause / reason / 为什么 / 为啥 / 咋来的: Operation and Maintenance; Insufficient structural strength due to ship collision,错误,0.0,758.83,语义RAG,0.3333,0.0,0,,3,Operation; Structure brittle fracture due to extreme environmental temperature,,,,,Operation; Structure brittle fracture due to extreme environmental temperature,,项目/功能；潜在失效模式；潜在失效后果；潜在失效原因/机理,68,
39,39,Full-ΣMi残差模型,M1+M2+M3+M4,故障原因诊断类,项目失效现象后果查原因,故障原因查询,,,简单,在项目/功能“Floating support structure / Floating Support structure / All structures”中，故障现象“Floater unit sinkage”会造成“Potential Failure/Asset damage Energy production loss”，它的潜在原因/机理是什么？,Operation; Structures break/collapse due to collision with other FWT,"失效原因 / FailureCause: Design; Insufficient structural strength and cracks on the floater resulting in water ingress to the support structure, Operation; Structures break/collapse due to collision with other FWT, Environmental condition; Typhoon can cause failure of the floating unit if it gets hit by dropping objects. (eg. damaged blade)(strong wind/wave)",正确,1.0,1080.54,语义RAG,1.0,1.0,0,,3,,,,,,Operation; Structures break/collapse due to collision with other FWT,,项目/功能；潜在失效模式；潜在失效后果；潜在失效原因/机理,69,
40,40,Full-ΣMi残差模型,M1+M2+M3+M4,故障原因诊断类,项目失效现象后果查原因,故障原因查询,,,简单,"在项目/功能“Floating support structure / Floating Support structure / All structures & Welding”中，故障现象“Structural break”会造成“Watertight fault, Potential Floater Unit sinkage”，它的潜在原因/机理是什么？",Maintenance; Undetected defects due to poor quality control,失效原因 / FailureCause: Design; Underdesigned structure/Component due to insufficient environmental data,错误,0.0,541.91,语义RAG,0.3333,0.0,0,,3,Maintenance; Undetected defects due to poor quality control,,,,,Maintenance; Undetected defects due to poor quality control,,项目/功能；潜在失效模式；潜在失效后果；潜在失效原因/机理,72,
41,41,Full-ΣMi残差模型,M1+M2+M3+M4,故障原因诊断类,项目失效现象后果查原因,故障原因查询,,,简单,在项目/功能“Floating support structure / Floating Support structure / Secondary structure & Welding”中，故障现象“Watertight fault”会造成“Reduced stability”，它的潜在原因/机理是什么？,Manufacturing and Installation; Ventilation heads/Manholes failure due to Manufacturing defect/Welding defect,失效原因是：Manufacturing and Installation; Ventilation heads/Manholes failure due to Manufacturing defect/Welding defect。,正确,1.0,658.86,语义RAG,0.6667,1.0,0,,3,,,,,,Manufacturing and Installation; Ventilation heads/Manholes failure due to Manufacturing defect/Welding defect,,项目/功能；潜在失效模式；潜在失效后果；潜在失效原因/机理,73,
42,42,Full-ΣMi残差模型,M1+M2+M3+M4,故障原因诊断类,项目失效现象后果查原因,故障原因查询,,,简单,在项目/功能“Floating support structure / Floating Support structure / Welding”中，故障现象“Cracks”会造成“Watertight fault”，它的潜在原因/机理是什么？,Manufacturing; Welding failure,根据上下文，没有找到与“Cracks”和“Watertight fault”直接相关的信息。提供的失效模式是“Watertight fault [1]”，其潜在原因是“Manufacturing and Installation; Ventilation heads/Manholes failure due to Manufacturing defect/Welding defect”。因此，无法直接回答“Cracks”造成“Watertight fault”的潜在原因/机理是什么。 答案：不知道。,错误,0.0,1004.43,语义RAG,0.6667,0.0,0,,3,Manufacturing; Welding failure,,,,,Manufacturing; Welding failure,,项目/功能；潜在失效模式；潜在失效后果；潜在失效原因/机理,74,
43,43,Full-ΣMi残差模型,M1+M2+M3+M4,故障原因诊断类,项目失效现象后果查原因,故障原因查询,,,简单,在项目/功能“Station keeping / Anchor”中，故障现象“Anchor failure”会造成“Anchor failure”，它的潜在原因/机理是什么？,Operation; Abnormal working conditions,"失效原因 / FailureCause / cause / reason / 为什么 / 为啥 / 咋来的: Operation; Cyclic degradation, Operation; Abnormal working conditions",正确,1.0,740.07,语义RAG,1.0,1.0,0,,3,,,,,,Operation; Abnormal working conditions,,项目/功能；潜在失效模式；潜在失效后果；潜在失效原因/机理,75,
44,44,Full-ΣMi残差模型,M1+M2+M3+M4,故障原因诊断类,项目失效现象后果查原因,故障原因查询,,,简单,在项目/功能“Station keeping / Mooring Lines / Buoyancy element”中，故障现象“Failure in buoyancy element”会造成“未说明”，它的潜在原因/机理是什么？,Operation,失效原因是Operation。,正确,1.0,454.03,语义RAG,0.6667,1.0,0,,3,,,,,,Operation,,项目/功能；潜在失效模式；潜在失效后果；潜在失效原因/机理,77,
45,45,Full-ΣMi残差模型,M1+M2+M3+M4,故障原因诊断类,项目失效现象后果查原因,故障原因查询,,,简单,在项目/功能“Station keeping / Mooring Lines / Clump weight”中，故障现象“Failure in clump weight”会造成“未说明”，它的潜在原因/机理是什么？,Operation,失效原因是Operation。,正确,1.0,444.62,语义RAG,0.6667,1.0,0,,3,,,,,,Operation,,项目/功能；潜在失效模式；潜在失效后果；潜在失效原因/机理,78,
46,46,Full-ΣMi残差模型,M1+M2+M3+M4,故障原因诊断类,项目失效现象后果查原因,故障原因查询,,,简单,在项目/功能“Station keeping / Fairlead”中，故障现象“Fairlead failure”会造成“The anchor cannot be dropped and lift”，它的潜在原因/机理是什么？,Operation; Fairlead fatigue,失效原因 / FailureCause / cause / reason / 为什么 / 为啥 / 咋来的: Operation; Fairlead fatigue,正确,1.0,710.12,语义RAG,0.6667,1.0,0,,3,,,,,,Operation; Fairlead fatigue,,项目/功能；潜在失效模式；潜在失效后果；潜在失效原因/机理,79,
47,47,Full-ΣMi残差模型,M1+M2+M3+M4,故障原因诊断类,项目失效现象后果查原因,故障原因查询,,,简单,在项目/功能“Station keeping / Monitoring System”中，故障现象“Monitoring system fails”会造成“Unable to monitor tension in the mooring lines”，它的潜在原因/机理是什么？,Operation,潜在原因/机理：Operation。,正确,1.0,545.79,语义RAG,0.3333,1.0,0,,3,,,,,,Operation,,项目/功能；潜在失效模式；潜在失效后果；潜在失效原因/机理,81,
48,48,Full-ΣMi残差模型,M1+M2+M3+M4,故障原因诊断类,项目失效现象后果查原因,故障原因查询,,,简单,在项目/功能“Station keeping / Mooring Lines / Mooring lines”中，故障现象“Mooring line breakage”会造成“Mooring line strength decrease or broken”，它的潜在原因/机理是什么？,Manufacturing; Poor splice quality/ workmanship/qualification,环境条件; 绳索磨损导致的意外外部损害（例如：过度拖网）、颗粒物侵入/紫外线照射; 环境条件; 异常应力由于绳索磨损导致的意外地震载荷/张力超过极限值可导致系泊绳瞬时断裂。,错误,0.0,922.93,语义RAG,1.0,0.0,0,,3,Manufacturing; Poor splice quality/ workmanship/qualification,,,,,Manufacturing; Poor splice quality/ workmanship/qualification,,项目/功能；潜在失效模式；潜在失效后果；潜在失效原因/机理,82,
49,49,Full-ΣMi残差模型,M1+M2+M3+M4,故障原因诊断类,项目失效现象后果查原因,故障原因查询,,,简单,在项目/功能“Station keeping / Mooring Lines / Mooring lines”中，故障现象“Mooring Line Corrosion”会造成“Mooring line strength decrease or broken”，它的潜在原因/机理是什么？,Maintenance; Mooring lines corrosion due to improper maintenance of the corroded components,根据上下文，提供的故障模式是“Mooring line breakage[8]”或“Mooring Line Fatigue [1]”，并没有直接提到“Mooring Line Corrosion”。因此，无法回答该问题。,错误,0.0,688.1,语义RAG,1.0,0.0,0,,3,Maintenance; Mooring lines corrosion due to improper maintenance of the corroded components,,,,,Maintenance; Mooring lines corrosion due to improper maintenance of the corroded components,,项目/功能；潜在失效模式；潜在失效后果；潜在失效原因/机理,85,
50,50,Full-ΣMi残差模型,M1+M2+M3+M4,故障原因诊断类,项目失效现象后果查原因,故障原因查询,,,简单,在项目/功能“Station keeping / Mooring Lines / Mooring lines”中，故障现象“Mooring Line Fatigue”会造成“Mooring line strength decrease or broken”，它的潜在原因/机理是什么？,"Maintenance; Mooring line fatigue due to Lack of proper maintenance, including inspection, monitoring, and replacement of the mooring lines.","失效原因是：Maintenance; Mooring line fatigue due to Lack of proper maintenance, including inspection, monitoring, and replacement of the mooring lines.",正确,1.0,514.5,语义RAG,1.0,1.0,0,,3,,,,,,"Maintenance; Mooring line fatigue due to Lack of proper maintenance, including inspection, monitoring, and replacement of the mooring lines.",,项目/功能；潜在失效模式；潜在失效后果；潜在失效原因/机理,86,
51,51,Full-ΣMi残差模型,M1+M2+M3+M4,故障原因诊断类,项目失效现象后果查原因,故障原因查询,,,简单,在项目/功能“Station keeping / Mooring Lines / Mooring lines”中，故障现象“Mooring line wear”会造成“Mooring line strength decrease or broken”，它的潜在原因/机理是什么？,Manufacturing; Mooring lines wear due to poor quality during fabrication,"失效原因 / FailureCause / cause / reason / 为什么 / 为啥 / 咋来的: Operation; Mooring lines wear due to Improper handling, such as excessive tension, bending, or twisting of the mooring lines. / Manufacturing; Mooring lines wear due to poor quality during fabrication.",正确,1.0,875.45,语义RAG,1.0,1.0,0,,3,,,,,,Manufacturing; Mooring lines wear due to poor quality during fabrication,,项目/功能；潜在失效模式；潜在失效后果；潜在失效原因/机理,88,
52,52,Full-ΣMi残差模型,M1+M2+M3+M4,故障原因诊断类,项目失效现象后果查原因,故障原因查询,,,简单,在项目/功能“Station keeping / Mooring lines / Mooring lines”中，故障现象“Mooring lines broken”会造成“Asset not in correct location or position”，它的潜在原因/机理是什么？,Operation; Transitional chain wear due to repeated loading and unloading cycles over time,"故障现象“Mooring lines broken”造成“Asset not in correct location or position”的潜在原因是： - 操作；系泊线因滞弹性加热或干湿循环而磨损 [1,9] - 环境条件；系泊线因意外外部损坏（例如过度拖网/颗粒侵入/紫外线照射）而磨损 - 维护；过渡链因不当检查和维护而磨损 [3]",错误,0.0,1200.1,语义RAG,0.6667,0.0,1,,3,Operation; Transitional chain wear due to repeated loading and unloading cycles over time,,,,9.0,Operation; Transitional chain wear due to repeated loading and unloading cycles over time,,项目/功能；潜在失效模式；潜在失效后果；潜在失效原因/机理,91,
53,53,Full-ΣMi残差模型,M1+M2+M3+M4,故障原因诊断类,项目失效现象后果查原因,故障原因查询,,,简单,在项目/功能“Station keeping / Mooring lines / Mooring winch”中，故障现象“Mooring winch failure”会造成“Asset not in correct location or position”，它的潜在原因/机理是什么？,Design; Mooring winch failure due to understimation of loads during design phase,潜在原因是： - Maintenance; Mooring winch failure due to undetected hazard during operation - Design; Mooring winch failure due to understimation of loads during design phase,正确,1.0,762.47,语义RAG,1.0,1.0,0,,3,,,,,,Design; Mooring winch failure due to understimation of loads during design phase,,项目/功能；潜在失效模式；潜在失效后果；潜在失效原因/机理,95,
54,54,Full-ΣMi残差模型,M1+M2+M3+M4,故障原因诊断类,项目失效现象后果查原因,故障原因查询,,,简单,在项目/功能“Dynamic cable / Dynamic Cable / Dynamic Cable”中，故障现象“accelerated mechanical fatigue”会造成“Structural damage - cable composition weakening”，它的潜在原因/机理是什么？,Design Phase; Underestimation of dynamic conditions - Unexpected contingency scenario ( loss of mooring line ) - unexpected dynamic loads,失效原因 / FailureCause: Design Phase; Underestimation of dynamic conditions - Unexpected contingency scenario ( loss of mooring line ) - unexpected dynamic loads,正确,1.0,692.07,语义RAG,1.0,1.0,0,,3,,,,,,Design Phase; Underestimation of dynamic conditions - Unexpected contingency scenario ( loss of mooring line ) - unexpected dynamic loads,,项目/功能；潜在失效模式；潜在失效后果；潜在失效原因/机理,97,
55,55,Full-ΣMi残差模型,M1+M2+M3+M4,故障原因诊断类,项目失效现象后果查原因,故障原因查询,,,简单,在项目/功能“Dynamic cable / Dynamic Cable / Dynamic Cable”中，故障现象“anchoring damages”会造成“Structural integrity damage - extra stress on cables”，它的潜在原因/机理是什么？,Environmental conditions; Anchor impacts - seabed movement,失效原因 / FailureCause / cause / reason / 为什么 / 为啥 / 咋来的: Environmental conditions; Anchor impacts - seabed movement,正确,1.0,684.96,语义RAG,1.0,1.0,0,,3,,,,,,Environmental conditions; Anchor impacts - seabed movement,,项目/功能；潜在失效模式；潜在失效后果；潜在失效原因/机理,98,
56,56,Full-ΣMi残差模型,M1+M2+M3+M4,故障原因诊断类,项目失效现象后果查原因,故障原因查询,,,简单,在项目/功能“Dynamic cable / Dynamic Cable / Dynamic Cable”中，故障现象“Cable Damage”会造成“Operational disruption”，它的潜在原因/机理是什么？,"Operation; Mechanical stress - cable motion,Bending and motion","失效原因 / FailureCause / cause / reason / 为什么 / 为啥 / 咋来的: Operation; Mechanical stress - cable motion,Bending and motion",正确,1.0,708.59,语义RAG,0.6667,1.0,0,,3,,,,,,"Operation; Mechanical stress - cable motion,Bending and motion",,项目/功能；潜在失效模式；潜在失效后果；潜在失效原因/机理,99,
57,57,Full-ΣMi残差模型,M1+M2+M3+M4,故障原因诊断类,项目失效现象后果查原因,故障原因查询,,,简单,在项目/功能“Dynamic cable / Dynamic Cable / J-tube”中，故障现象“Corrosion of J-tube”会造成“J-tube degradation affecting cable integrity”，它的潜在原因/机理是什么？,"Installation phase; Seawater exposure, environmental conditions due to failure of corrosion protection anodes",安装阶段；海水暴露，由于防腐阳极失效的环境条件。,错误,0.0,586.38,语义RAG,1.0,1.0,0,,3,"Installation phase; Seawater exposure, environmental conditions due to failure of corrosion protection anodes",,,,,"Installation phase; Seawater exposure, environmental conditions due to failure of corrosion protection anodes",,项目/功能；潜在失效模式；潜在失效后果；潜在失效原因/机理,100,
58,58,Full-ΣMi残差模型,M1+M2+M3+M4,故障原因诊断类,项目失效现象后果查原因,故障原因查询,,,简单,在项目/功能“Dynamic cable / Dynamic Cable / Dynamic Cable”中，故障现象“Crushing or deformation”会造成“Structural damage - cable weakening”，它的潜在原因/机理是什么？,Design Phase; Excessive mechanical load - equipment interraction,失效原因 / FailureCause: Design Phase; Excessive mechanical load - equipment interraction,正确,1.0,575.42,语义RAG,1.0,1.0,0,,3,,,,,,Design Phase; Excessive mechanical load - equipment interraction,,项目/功能；潜在失效模式；潜在失效后果；潜在失效原因/机理,102,
59,59,Full-ΣMi残差模型,M1+M2+M3+M4,故障原因诊断类,项目失效现象后果查原因,故障原因查询,,,简单,在项目/功能“Dynamic cable / Dynamic Cable / Hang-off”中，故障现象“damage and corrosion of mechanical parts”会造成“High risk of fault on the cable - total loss of the line Prodution loss on the string”，它的潜在原因/机理是什么？,Design Phase; Wrong design/execution of the isolation material,失效原因是Design Phase; Wrong design/execution of the isolation material。,正确,1.0,572.97,语义RAG,0.6667,1.0,0,,3,,,,,,Design Phase; Wrong design/execution of the isolation material,,项目/功能；潜在失效模式；潜在失效后果；潜在失效原因/机理,103,
60,60,Full-ΣMi残差模型,M1+M2+M3+M4,故障原因诊断类,项目失效现象后果查原因,故障原因查询,,,简单,在项目/功能“Dynamic cable / Dynamic Cable / Dynamic Cable”中，故障现象“Debris disturbance”会造成“Cable damage - operational disruption”，它的潜在原因/机理是什么？,Environmental conditions; Floating debris - marine activities,根据上下文，提供的故障模式和失效后果均不包含“Debris disturbance”以及“Cable damage - operational disruption”的信息。因此，无法从给定的上下文中找到对应的信息。 答案：不知道。,错误,0.0,834.63,语义RAG,1.0,0.0,0,,3,Environmental conditions; Floating debris - marine activities,,,,,Environmental conditions; Floating debris - marine activities,,项目/功能；潜在失效模式；潜在失效后果；潜在失效原因/机理,104,
61,61,Full-ΣMi残差模型,M1+M2+M3+M4,故障原因诊断类,项目失效现象后果查原因,故障原因查询,,,简单,在项目/功能“Dynamic cable / Dynamic Cable / Dynamic Cable”中，故障现象“Detachment”会造成“cable disconnection - water penetration - Power loss”，它的潜在原因/机理是什么？,Operation; Connector failure - Mechanical stress,失效原因 / FailureCause: Operation; Connector failure - Mechanical stress,正确,1.0,569.26,语义RAG,1.0,1.0,0,,3,,,,,,Operation; Connector failure - Mechanical stress,,项目/功能；潜在失效模式；潜在失效后果；潜在失效原因/机理,105,
62,62,Full-ΣMi残差模型,M1+M2+M3+M4,故障原因诊断类,项目失效现象后果查原因,故障原因查询,,,简单,在项目/功能“Dynamic cable / Dynamic Cable / Joints and terminations”中，故障现象“Failure of end termination”会造成“breakdown of insulation”，它的潜在原因/机理是什么？,Manufacturing; Poor quality components [6],制造；绝缘油质量差 [6],错误,0.0,540.46,语义RAG,0.6667,1.0,0,,3,Manufacturing; Poor quality components [6],,6.0,,,Manufacturing; Poor quality components [6],,项目/功能；潜在失效模式；潜在失效后果；潜在失效原因/机理,106,
63,63,Full-ΣMi残差模型,M1+M2+M3+M4,故障原因诊断类,项目失效现象后果查原因,故障原因查询,,,简单,在项目/功能“Dynamic cable / Dynamic Cable / Dynamic Cable”中，故障现象“Failure of fixing clamps”会造成“Cable damage - exposure to elements”，它的潜在原因/机理是什么？,Operation; Mechanical stress,失效原因 / FailureCause: Operation; Mechanical stress,正确,1.0,521.98,语义RAG,0.6667,1.0,0,,3,,,,,,Operation; Mechanical stress,,项目/功能；潜在失效模式；潜在失效后果；潜在失效原因/机理,109,
64,64,Full-ΣMi残差模型,M1+M2+M3+M4,故障原因诊断类,项目失效现象后果查原因,故障原因查询,,,简单,在项目/功能“Dynamic cable / Dynamic Cable / Insulation”中，故障现象“Failure of insulations”会造成“Fault in the cable - power disruption”，它的潜在原因/机理是什么？,Design Phase; Inproper design : need quality insulation materials and protection,失效原因是设计阶段的问题；不当的设计：需要高质量的绝缘材料和保护。,错误,0.0,575.75,语义RAG,0.6667,1.0,0,,3,Design Phase; Inproper design : need quality insulation materials and protection,,,,,Design Phase; Inproper design : need quality insulation materials and protection,,项目/功能；潜在失效模式；潜在失效后果；潜在失效原因/机理,110,
65,65,Full-ΣMi残差模型,M1+M2+M3+M4,故障原因诊断类,项目失效现象后果查原因,故障原因查询,,,简单,在项目/功能“Dynamic cable / Dynamic Cable / Sheath”中，故障现象“Failure of sheath”会造成“Fault in the cable - exposure to elements”，它的潜在原因/机理是什么？,Operation; Mechanical and thermal stress,失效原因是Operation; Mechanical and thermal stress。,正确,1.0,558.97,语义RAG,0.6667,1.0,0,,3,,,,,,Operation; Mechanical and thermal stress,,项目/功能；潜在失效模式；潜在失效后果；潜在失效原因/机理,111,
66,66,Full-ΣMi残差模型,M1+M2+M3+M4,故障原因诊断类,项目失效现象后果查原因,故障原因查询,,,简单,在项目/功能“Dynamic cable / Dynamic Cable / Dynamic Cable”中，故障现象“Failure of watertightness”会造成“Reduced or interupted electricity flow”，它的潜在原因/机理是什么？,Manufacturing; Errors or defects during manufacturing,"失效原因 / FailureCause / cause / reason / 为什么 / 为啥 / 咋来的: Operation; Damage on the cable due to extreme environmental events, Manufacturing; Errors or defects during manufacturing",正确,1.0,767.1,语义RAG,1.0,1.0,0,,3,,,,,,Manufacturing; Errors or defects during manufacturing,,项目/功能；潜在失效模式；潜在失效后果；潜在失效原因/机理,112,
67,67,Full-ΣMi残差模型,M1+M2+M3+M4,故障原因诊断类,项目失效现象后果查原因,故障原因查询,,,简单,在项目/功能“Dynamic cable / Dynamic Cable / Conductor”中，故障现象“failures of conductors”会造成“Electrical faults - loss of production”，它的潜在原因/机理是什么？,Operation; Internal damage: Problem in insulation material - Electrical overload,潜在原因/机理: Operation; Internal damage: Problem in insulation material - Electrical overload,正确,1.0,572.4,语义RAG,0.6667,1.0,0,,3,,,,,,Operation; Internal damage: Problem in insulation material - Electrical overload,,项目/功能；潜在失效模式；潜在失效后果；潜在失效原因/机理,114,
68,68,Full-ΣMi残差模型,M1+M2+M3+M4,故障原因诊断类,项目失效现象后果查原因,故障原因查询,,,简单,在项目/功能“Dynamic cable / Dynamic Cable / Dynamic Cable”中，故障现象“Fatigue Cracks”会造成“Crack may evolve in a fault of the cable - Cable weakening”，它的潜在原因/机理是什么？,Operation; Repeated stress cycles - bending motions,失效原因 / FailureCause: Operation; Repeated stress cycles - bending motions,正确,1.0,583.1,语义RAG,1.0,1.0,0,,3,,,,,,Operation; Repeated stress cycles - bending motions,,项目/功能；潜在失效模式；潜在失效后果；潜在失效原因/机理,115,
69,69,Full-ΣMi残差模型,M1+M2+M3+M4,故障原因诊断类,项目失效现象后果查原因,故障原因查询,,,简单,"在项目/功能“Dynamic cable / Dynamic Cable / Dynamic Cable”中，故障现象“Geo-Hazards”会造成“Cable damage, production disruption”，它的潜在原因/机理是什么？","Design Phase; Unexpected contingency ( earthquake, seabed movement)","根据上下文，提供的故障模式和失效后果中并没有直接提到“Geo-Hazards”这一故障现象及其对应的失效后果为“Cable damage, production disruption”。因此，无法从给定的信息中得出该问题的答案。",错误,0.0,825.99,语义RAG,1.0,0.0,0,,3,"Design Phase; Unexpected contingency ( earthquake, seabed movement)",,,,,"Design Phase; Unexpected contingency ( earthquake, seabed movement)",,项目/功能；潜在失效模式；潜在失效后果；潜在失效原因/机理,116,
70,70,Full-ΣMi残差模型,M1+M2+M3+M4,故障原因诊断类,项目失效现象后果查原因,故障原因查询,,,简单,在项目/功能“Dynamic cable / Dynamic Cable / Dynamic Cable”中，故障现象“Loss of dynamic positioning”会造成“Cables stress”，它的潜在原因/机理是什么？,Environmental conditions; Dynamic positioning system failure due to excessive environmental conditions,失效原因 / FailureCause: Environmental conditions; Dynamic positioning system failure due to excessive environmental conditions,正确,1.0,601.32,语义RAG,1.0,1.0,0,,3,,,,,,Environmental conditions; Dynamic positioning system failure due to excessive environmental conditions,,项目/功能；潜在失效模式；潜在失效后果；潜在失效原因/机理,117,
71,71,Full-ΣMi残差模型,M1+M2+M3+M4,故障原因诊断类,项目失效现象后果查原因,故障原因查询,,,简单,在项目/功能“Dynamic cable / Dynamic Cable / Buoyancy modules”中，故障现象“Loss of float bility (water adsorption)”会造成“未说明”，它的潜在原因/机理是什么？,Operation,失效原因 / FailureCause / cause / reason / 为什么 / 为啥 / 咋来的: Operation,正确,1.0,645.37,语义RAG,0.6667,1.0,0,,3,,,,,,Operation,,项目/功能；潜在失效模式；潜在失效后果；潜在失效原因/机理,118,
72,72,Full-ΣMi残差模型,M1+M2+M3+M4,故障原因诊断类,项目失效现象后果查原因,故障原因查询,,,简单,在项目/功能“Dynamic cable / Dynamic Cable / Dynamic Cable”中，故障现象“material degradation”会造成“Weakening of cable materials - loss of production”，它的潜在原因/机理是什么？,Design Phase; Underestimation of dynamic conditions - Unexpected contingency scenario ( loss of mooring line ),失效原因 / FailureCause / cause / reason / 为什么 / 为啥 / 咋来的: Design Phase; Underestimation of dynamic conditions - Unexpected contingency scenario ( loss of mooring line ),正确,1.0,793.42,语义RAG,0.3333,1.0,0,,3,,,,,,Design Phase; Underestimation of dynamic conditions - Unexpected contingency scenario ( loss of mooring line ),,项目/功能；潜在失效模式；潜在失效后果；潜在失效原因/机理,119,
73,73,Full-ΣMi残差模型,M1+M2+M3+M4,故障原因诊断类,项目失效现象后果查原因,故障原因查询,,,简单,在项目/功能“Dynamic cable / Dynamic Cable / Fiber optic”中，故障现象“Mechanical degradation”会造成“未说明”，它的潜在原因/机理是什么？,Operation,失效原因 / FailureCause / cause / reason / 为什么 / 为啥 / 咋来的: Operation,正确,1.0,633.42,语义RAG,0.3333,1.0,0,,3,,,,,,Operation,,项目/功能；潜在失效模式；潜在失效后果；潜在失效原因/机理,120,
74,74,Full-ΣMi残差模型,M1+M2+M3+M4,故障原因诊断类,项目失效现象后果查原因,故障原因查询,,,简单,在项目/功能“Dynamic cable / Dynamic Cable / Cable Protection System”中，故障现象“Movement of CPS due to scour/seabed mobility”会造成“Cable being vulnerable to scour and need for repair or replacement”，它的潜在原因/机理是什么？,Design Phase; Design inefficiency [6],"失效原因 / FailureCause / cause / reason / 为啥 / 咋来的: Design Phase; lack of data of the deployment location [4,6]，Installation phase; incorrect installation [6]，Design Phase; Design inefficiency [6]",正确,1.0,913.13,语义RAG,1.0,1.0,0,,3,,,6.0；6.0；6.0,,,Design Phase; Design inefficiency [6],,项目/功能；潜在失效模式；潜在失效后果；潜在失效原因/机理,121,
75,75,Full-ΣMi残差模型,M1+M2+M3+M4,故障原因诊断类,项目失效现象后果查原因,故障原因查询,,,简单,"在项目/功能“Dynamic cable / Dynamic Cable / Dynamic Cable”中，故障现象“Premature damage of outer protection layer”会造成“Structural damage - cable weakening, exposure to elements”，它的潜在原因/机理是什么？",Environmental conditions; Environmental exposure - wear,环境条件；环境暴露 - 磨损,错误,0.0,536.38,语义RAG,0.3333,1.0,0,,3,Environmental conditions; Environmental exposure - wear,,,,,Environmental conditions; Environmental exposure - wear,,项目/功能；潜在失效模式；潜在失效后果；潜在失效原因/机理,124,
76,76,Full-ΣMi残差模型,M1+M2+M3+M4,故障原因诊断类,项目失效现象后果查原因,故障原因查询,,,简单,"在项目/功能“Dynamic cable / Dynamic Cable / Static cable/Export Cable”中，故障现象“Reduced sediment cover lower than designed value for protection”会造成“need for re-burial, change of cable protection requirement or even replacement of cable”，它的潜在原因/机理是什么？",Design Phase; Insufficient information for the deployment location [6],失效原因是Environmental conditions; exposure of seabed cover to extreme environmental phenomena。,错误,0.0,600.32,语义RAG,1.0,1.0,0,,3,Design Phase; Insufficient information for the deployment location [6],,,,,Design Phase; Insufficient information for the deployment location [6],,项目/功能；潜在失效模式；潜在失效后果；潜在失效原因/机理,125,
77,77,Full-ΣMi残差模型,M1+M2+M3+M4,故障原因诊断类,项目失效现象后果查原因,故障原因查询,,,简单,"在项目/功能“Dynamic cable / Dynamic Cable / Dynamic Cable (Touchdown point)”中，故障现象“Reduced sediment cover lower than designed value for protection”会造成“need for re-burial, change of cable protection requirement or even replacement of cable”，它的潜在原因/机理是什么？",Design Phase; Insufficient information for the deployment location [6],失效原因是：Design Phase; Insufficient information for the deployment location [6]。,正确,1.0,379.84,语义RAG,1.0,1.0,0,,3,,,6.0,,,Design Phase; Insufficient information for the deployment location [6],,项目/功能；潜在失效模式；潜在失效后果；潜在失效原因/机理,126,
78,78,Full-ΣMi残差模型,M1+M2+M3+M4,故障原因诊断类,项目失效现象后果查原因,故障原因查询,,,简单,在项目/功能“Dynamic cable / Dynamic Cable / Dynamic Cable”中，故障现象“Small bending radius”会造成“Cable damage - insulation degradation”，它的潜在原因/机理是什么？,Operation; Mechanical stress - excessive bending,失效原因 / FailureCause: Operation; Mechanical stress - excessive bending,正确,1.0,549.68,语义RAG,1.0,1.0,0,,3,,,,,,Operation; Mechanical stress - excessive bending,,项目/功能；潜在失效模式；潜在失效后果；潜在失效原因/机理,128,
79,79,Full-ΣMi残差模型,M1+M2+M3+M4,故障原因诊断类,fmea_id_to_cause,故障原因查询,,,中等,FMEA编号TO1的潜在失效原因/机理是什么？,Design phase; Resonance occurs when the natural frequency of the tower or other components of the wind turbine matches the frequency of the wind or other external forces.,根据上下文，没有找到FMEA编号为TO1的相关信息。因此，我无法回答这个问题。,错误,0.0,598.96,语义RAG,0.0,0.0,0,,3,Design phase; Resonance occurs when the natural frequency of the tower or other components of the wind turbine matches the frequency of the wind or other external forces.,,,,,Design phase; Resonance occurs when the natural frequency of the tower or other components of the wind turbine matches the frequency of the wind or other external forces.,,FMEA编号；潜在失效原因/机理,0,
80,80,Full-ΣMi残差模型,M1+M2+M3+M4,故障原因诊断类,fmea_id_to_cause,故障原因查询,,,简单,FMEA编号TO2这条记录，原因是什么？,Environmental condition; Resonance occurs when the natural frequency of the tower or other components of the wind turbine matches the frequency of the wind or other external forces.,"FMEA编号TO2这条记录的原因是：Design Phase; lack of data of the deployment location [4,6]。",错误,0.0,1054.04,语义RAG,0.0,0.0,0,,3,Environmental condition; Resonance occurs when the natural frequency of the tower or other components of the wind turbine matches the frequency of the wind or other external forces.,,,,,Environmental condition; Resonance occurs when the natural frequency of the tower or other components of the wind turbine matches the frequency of the wind or other external forces.,,FMEA编号；潜在失效原因/机理,1,
81,81,Full-ΣMi残差模型,M1+M2+M3+M4,故障原因诊断类,fmea_id_to_cause,故障原因查询,,,简单,查一下FMEA编号TO3对应的原因/机理。,"Installation phase; Faulty welding of Tower [10,15]",不知道。上下文中的FMEA编号为FF2、FF8和DC21，没有找到编号为TO3的相关信息。,错误,0.0,661.68,语义RAG,0.0,0.0,0,,3,"Installation phase; Faulty welding of Tower [10,15]",,,,,"Installation phase; Faulty welding of Tower [10,15]",,FMEA编号；潜在失效原因/机理,2,
82,82,Full-ΣMi残差模型,M1+M2+M3+M4,故障原因诊断类,fmea_id_to_cause,故障原因查询,,,中等,FMEA编号TO4这条FMEA里，为什么会发生这个失效？请给出原因。,"Maintenance phase; Due to poor inspection Faulty welding of Tower couldn't be detected before getting severe [10,15]",根据上下文，TO4这条FMEA对应的失效模式和失效原因是： 失效模式 / FailureMode: Capsize [11] 失效原因 / FailureCause: Environmental condition; Extreme horizontal oscillatory force 所以，会发生失效的原因是环境条件下的极端水平振荡力。,错误,0.0,923.47,语义RAG,0.0,0.0,0,,3,"Maintenance phase; Due to poor inspection Faulty welding of Tower couldn't be detected before getting severe [10,15]",,,,,"Maintenance phase; Due to poor inspection Faulty welding of Tower couldn't be detected before getting severe [10,15]",,FMEA编号；潜在失效原因/机理,3,
83,83,Full-ΣMi残差模型,M1+M2+M3+M4,故障原因诊断类,fmea_id_to_cause,故障原因查询,,,简单,FMEA编号TO5的失效原因写的什么？,"Environmental loads; The interaction between the blades and the tower can cause pressure fluctuations, leading to cyclic fatigue [14]",不知道。上下文中的FMEA编号为FF8和FF2，没有找到编号为TO5的相关信息。,错误,0.0,607.88,语义RAG,0.0,0.0,0,,3,"Environmental loads; The interaction between the blades and the tower can cause pressure fluctuations, leading to cyclic fatigue [14]",,,,,"Environmental loads; The interaction between the blades and the tower can cause pressure fluctuations, leading to cyclic fatigue [14]",,FMEA编号；潜在失效原因/机理,4,
84,84,Full-ΣMi残差模型,M1+M2+M3+M4,故障原因诊断类,fmea_id_to_cause,故障原因查询,,,简单,FMEA编号TO6的潜在失效原因/机理是什么？,Environmental loads; Material fatigue due to high waves and high frequency of loads [1],不知道。上下文中的FMEA编号为FF8和SKS3，没有提到TO6的相关信息。,错误,0.0,557.78,语义RAG,0.0,0.0,0,,3,Environmental loads; Material fatigue due to high waves and high frequency of loads [1],,,,,Environmental loads; Material fatigue due to high waves and high frequency of loads [1],,FMEA编号；潜在失效原因/机理,5,
85,85,Full-ΣMi残差模型,M1+M2+M3+M4,故障原因诊断类,fmea_id_to_cause,故障原因查询,,,中等,FMEA编号TO7这条记录，原因是什么？,Environmental condition; Cyclic wind/wave loading (above design assumption)creates stress concentrations and fatigue. [11],"FMEA编号TO7这条记录的原因是：Design Phase; lack of data of the deployment location [4,6]。",错误,0.0,1043.59,语义RAG,0.0,0.0,0,,3,Environmental condition; Cyclic wind/wave loading (above design assumption)creates stress concentrations and fatigue. [11],,,,,Environmental condition; Cyclic wind/wave loading (above design assumption)creates stress concentrations and fatigue. [11],,FMEA编号；潜在失效原因/机理,6,
86,86,Full-ΣMi残差模型,M1+M2+M3+M4,故障原因诊断类,fmea_id_to_cause,故障原因查询,,,简单,查一下FMEA编号TO8对应的原因/机理。,"Design phase; Welding failure due to Poor design or inadequate specification of welding procedures considering harsh environmental condition [1,15]",根据上下文，没有找到FMEA编号TO8的相关信息。因此无法提供其原因/机理。,错误,0.0,611.91,语义RAG,0.0,0.0,0,,3,"Design phase; Welding failure due to Poor design or inadequate specification of welding procedures considering harsh environmental condition [1,15]",,,,,"Design phase; Welding failure due to Poor design or inadequate specification of welding procedures considering harsh environmental condition [1,15]",,FMEA编号；潜在失效原因/机理,7,
87,87,Full-ΣMi残差模型,M1+M2+M3+M4,故障原因诊断类,fmea_id_to_cause,故障原因查询,,,简单,FMEA编号TO9这条FMEA里，为什么会发生这个失效？请给出原因。,"Manufacturing; Welding failure due to Poor design or inadequate specification of welding procedures considering harsh environmental condition [1,15]","根据上下文，TO9这条FMEA并不存在，因此无法提供失效原因。其他条目中提到的失效原因如下： - FF18: Environmental condition; Marine growth under water can add additional weight and stress for the material, which can lead to cracks in the outer hull. - TP8: Installation; During Transportation and installation transition piece may be subjected to bending and twisting loads which could lead to fatigue cracks. - FF8: Environmental condition; Extreme horizontal oscillatory force.",错误,0.0,1289.81,语义RAG,0.0,0.0,0,,3,"Manufacturing; Welding failure due to Poor design or inadequate specification of welding procedures considering harsh environmental condition [1,15]",,,,,"Manufacturing; Welding failure due to Poor design or inadequate specification of welding procedures considering harsh environmental condition [1,15]",,FMEA编号；潜在失效原因/机理,8,
88,88,Full-ΣMi残差模型,M1+M2+M3+M4,故障原因诊断类,fmea_id_to_cause,故障原因查询,,,中等,FMEA编号TO10的失效原因写的什么？,Fabrication; Material fatigue due to insufficient manufacturing quality [15],不知道。上下文中的FMEA编号为FF8和FF2，没有找到编号为TO10的相关信息。,错误,0.0,626.34,语义RAG,0.0,0.0,0,,3,Fabrication; Material fatigue due to insufficient manufacturing quality [15],,,,,Fabrication; Material fatigue due to insufficient manufacturing quality [15],,FMEA编号；潜在失效原因/机理,9,
89,89,Full-ΣMi残差模型,M1+M2+M3+M4,故障原因诊断类,fmea_id_to_cause,故障原因查询,,,简单,FMEA编号TO11的潜在失效原因/机理是什么？,"Fabrication; Welding failure due to Poor quality control during the welding process [1,10]",根据上下文，没有找到FMEA编号为TO11的相关信息。因此，我无法回答这个问题。,错误,0.0,609.58,语义RAG,0.0,0.0,0,,3,"Fabrication; Welding failure due to Poor quality control during the welding process [1,10]",,,,,"Fabrication; Welding failure due to Poor quality control during the welding process [1,10]",,FMEA编号；潜在失效原因/机理,10,
90,90,Full-ΣMi残差模型,M1+M2+M3+M4,故障原因诊断类,fmea_id_to_cause,故障原因查询,,,简单,FMEA编号TO12这条记录，原因是什么？,"Installation phase; Installation phase stress/fatigue due to waves, wind, and process. Incorrect installation/error can cause stress concentration and fatigue. [11]",Design,错误,0.0,865.96,语义RAG,0.0,0.0,0,,3,"Installation phase; Installation phase stress/fatigue due to waves, wind, and process. Incorrect installation/error can cause stress concentration and fatigue. [11]",,,,,"Installation phase; Installation phase stress/fatigue due to waves, wind, and process. Incorrect installation/error can cause stress concentration and fatigue. [11]",,FMEA编号；潜在失效原因/机理,11,
91,91,Full-ΣMi残差模型,M1+M2+M3+M4,故障原因诊断类,fmea_id_to_cause,故障原因查询,,,中等,查一下FMEA编号TO13对应的原因/机理。,Maintenance phase; Corrosion due to lack of regular inspection and maintenance to prevent critical steps and failure [11],不知道。上下文中的FMEA编号为FF2、FF8和DC21，没有找到TO13的相关信息。,错误,0.0,683.66,语义RAG,0.0,0.0,0,,3,Maintenance phase; Corrosion due to lack of regular inspection and maintenance to prevent critical steps and failure [11],,,,,Maintenance phase; Corrosion due to lack of regular inspection and maintenance to prevent critical steps and failure [11],,FMEA编号；潜在失效原因/机理,12,
92,92,Full-ΣMi残差模型,M1+M2+M3+M4,故障原因诊断类,fmea_id_to_cause,故障原因查询,,,简单,FMEA编号TO14这条FMEA里，为什么会发生这个失效？请给出原因。,Operation phase; Repeated or cyclic loading and unloading of the tower over a long period of time can cause cracks caused by plastic deformation [11],"根据上下文，TO14这条FMEA并不存在，因此无法提供失效原因。其他条目中提到的失效原因如下： - FF18：Environmental condition; Marine growth under water can add additional weight and stress for the material, which can lead to cracks in the outer hull. - TP8：Installation; During Transportation and installation transition piece may be subjected to bending and twisting loads which could lead to fatigue cracks. - FF8：Environmental condition; Extreme horizontal oscillatory force. 请确认FMEA编号是否正确。",错误,0.0,1369.67,语义RAG,0.0,0.0,0,,3,Operation phase; Repeated or cyclic loading and unloading of the tower over a long period of time can cause cracks caused by plastic deformation [11],,,,,Operation phase; Repeated or cyclic loading and unloading of the tower over a long period of time can cause cracks caused by plastic deformation [11],,FMEA编号；潜在失效原因/机理,13,
93,93,Full-ΣMi残差模型,M1+M2+M3+M4,故障原因诊断类,fmea_id_to_cause,故障原因查询,,,简单,FMEA编号TO15的失效原因写的什么？,"Maintenance phase; Blade replacements, repairs, and corrosion mitigation can add stress. Improper execution can lead to damage and fatigue. [11]",不知道。上下文中的FMEA编号为FF8和FF2，没有找到编号为TO15的相关信息。,错误,0.0,602.59,语义RAG,0.0,0.0,0,,3,"Maintenance phase; Blade replacements, repairs, and corrosion mitigation can add stress. Improper execution can lead to damage and fatigue. [11]",,,,,"Maintenance phase; Blade replacements, repairs, and corrosion mitigation can add stress. Improper execution can lead to damage and fatigue. [11]",,FMEA编号；潜在失效原因/机理,14,
94,94,Full-ΣMi残差模型,M1+M2+M3+M4,故障原因诊断类,fmea_id_to_cause,故障原因查询,,,中等,FMEA编号TO16的潜在失效原因/机理是什么？,Design phase; Braking system failure due to wrong estimation of operating conditions [15],不知道。上下文中的FMEA编号为FF2和FF8，没有找到编号为TO16的相关信息。,错误,0.0,610.81,语义RAG,0.0,0.0,0,,3,Design phase; Braking system failure due to wrong estimation of operating conditions [15],,,,,Design phase; Braking system failure due to wrong estimation of operating conditions [15],,FMEA编号；潜在失效原因/机理,15,
95,95,Full-ΣMi残差模型,M1+M2+M3+M4,故障原因诊断类,fmea_id_to_cause,故障原因查询,,,简单,FMEA编号TO17这条记录，原因是什么？,Environmental condition; Lightning strikes[9],原因=Operation and Maintenance; Undetected defects and poor quality control [11],错误,0.0,977.68,语义RAG,0.0,0.0,0,,3,Environmental condition; Lightning strikes[9],,,,,Environmental condition; Lightning strikes[9],,FMEA编号；潜在失效原因/机理,16,
96,96,Full-ΣMi残差模型,M1+M2+M3+M4,故障原因诊断类,fmea_id_to_cause,故障原因查询,,,简单,查一下FMEA编号TO18对应的原因/机理。,Design phase; Lightning strikes damages due to inefficient lightning prevention system [9],根据上下文，没有找到FMEA编号TO18的相关信息。,错误,0.0,577.01,语义RAG,0.0,0.0,0,,3,Design phase; Lightning strikes damages due to inefficient lightning prevention system [9],,,,,Design phase; Lightning strikes damages due to inefficient lightning prevention system [9],,FMEA编号；潜在失效原因/机理,17,
97,97,Full-ΣMi残差模型,M1+M2+M3+M4,故障原因诊断类,fmea_id_to_cause,故障原因查询,,,中等,FMEA编号TO19这条FMEA里，为什么会发生这个失效？请给出原因。,Manufacturing; Hit by blades due to poor manufacturing quality control [9],"根据上下文，TO19这条FMEA里的失效原因（FailureCause）是： Environmental condition; Marine growth under water can add additional weight and stress for the material, which can lead to cracks in the outer hull.",错误,0.0,833.74,语义RAG,0.0,0.0,0,,3,Manufacturing; Hit by blades due to poor manufacturing quality control [9],,,,,Manufacturing; Hit by blades due to poor manufacturing quality control [9],,FMEA编号；潜在失效原因/机理,18,
98,98,Full-ΣMi残差模型,M1+M2+M3+M4,故障原因诊断类,fmea_id_to_cause,故障原因查询,,,简单,FMEA编号TO20的失效原因写的什么？,Maintenance; Hit by blades due to poor maintenance and inspection leading to undetected wear and damage [15],不知道。上下文中的FMEA编号为FF8和FF2，没有找到编号为TO20的相关信息。,错误,0.0,620.77,语义RAG,0.0,0.0,0,,3,Maintenance; Hit by blades due to poor maintenance and inspection leading to undetected wear and damage [15],,,,,Maintenance; Hit by blades due to poor maintenance and inspection leading to undetected wear and damage [15],,FMEA编号；潜在失效原因/机理,19,
99,99,Full-ΣMi残差模型,M1+M2+M3+M4,故障原因诊断类,fmea_id_to_cause,故障原因查询,,,简单,FMEA编号TO21的潜在失效原因/机理是什么？,due to Operation; Hit by blades due to human error or operational failure [15],根据上下文，没有找到FMEA编号为TO21的相关信息。因此，我无法回答这个问题。,错误,0.0,594.21,语义RAG,0.0,0.0,0,,3,due to Operation; Hit by blades due to human error or operational failure [15],,,,,due to Operation; Hit by blades due to human error or operational failure [15],,FMEA编号；潜在失效原因/机理,20,
100,100,Full-ΣMi残差模型,M1+M2+M3+M4,故障原因诊断类,fmea_id_to_cause,故障原因查询,,,中等,FMEA编号TO22这条记录，原因是什么？,"Manufacturing; Inadequate quality control during the manufacturing process may create structural weaknesses or defects in the tower, causing plastic deformation over time. [11]","根据上下文，FMEA编号TO22这条记录并不存在，因此无法提供其原因。根据提供的信息，最接近的记录是FMEA编号TO9。 FMEA编号TO9的原因是：Manufacturing; Welding failure due to Poor design or inadequate specification of welding procedures considering harsh environmental condition [1,15]。",错误,0.0,1430.96,语义RAG,0.0,0.0,0,,3,"Manufacturing; Inadequate quality control during the manufacturing process may create structural weaknesses or defects in the tower, causing plastic deformation over time. [11]",,,,,"Manufacturing; Inadequate quality control during the manufacturing process may create structural weaknesses or defects in the tower, causing plastic deformation over time. [11]",,FMEA编号；潜在失效原因/机理,21,
101,101,Full-ΣMi残差模型,M1+M2+M3+M4,故障原因诊断类,fmea_id_to_cause,故障原因查询,,,简单,查一下FMEA编号TO23对应的原因/机理。,Design phase; Plastic deformation due to insufficient yield strength and lack of detailed stress analysis and simulations [13],根据上下文，没有找到FMEA编号TO23的相关信息。因此无法提供其原因/机理。,错误,0.0,631.81,语义RAG,0.0,0.0,0,,3,Design phase; Plastic deformation due to insufficient yield strength and lack of detailed stress analysis and simulations [13],,,,,Design phase; Plastic deformation due to insufficient yield strength and lack of detailed stress analysis and simulations [13],,FMEA编号；潜在失效原因/机理,22,
102,102,Full-ΣMi残差模型,M1+M2+M3+M4,故障原因诊断类,fmea_id_to_cause,故障原因查询,,,简单,FMEA编号TO24这条FMEA里，为什么会发生这个失效？请给出原因。,Operation phase; Mooring system failure can lead to direct tower collapse [1],"根据上下文，TO24这条FMEA里的失效原因（FailureCause）为： Environmental condition; Marine growth under water can add additional weight and stress for the material, which can lead to cracks in the outer hull.",错误,0.0,856.08,语义RAG,0.0,0.0,0,,3,Operation phase; Mooring system failure can lead to direct tower collapse [1],,,,,Operation phase; Mooring system failure can lead to direct tower collapse [1],,FMEA编号；潜在失效原因/机理,23,
103,103,Full-ΣMi残差模型,M1+M2+M3+M4,故障原因诊断类,fmea_id_to_cause,故障原因查询,,,中等,FMEA编号TP1的失效原因写的什么？,Design; Analysis and calculation fault due to human error [11],不知道。上下文中的FMEA编号为FF8和FF2，没有找到编号为TP1的相关信息。,错误,0.0,639.2,语义RAG,0.6667,1.0,0,,3,Design; Analysis and calculation fault due to human error [11],,,,,Design; Analysis and calculation fault due to human error [11],,FMEA编号；潜在失效原因/机理,24,
104,104,Full-ΣMi残差模型,M1+M2+M3+M4,故障原因诊断类,fmea_id_to_cause,故障原因查询,,,简单,FMEA编号TP2的潜在失效原因/机理是什么？,"Operation and Maintenance; Brittle fracture due to extreme environmental temperature, leading to a shift in the ductile-to-brittle transition temperature [16]",根据上下文，没有找到FMEA编号为TP2的相关信息。因此，我无法回答该问题。,错误,0.0,627.49,语义RAG,0.0,0.0,0,,3,"Operation and Maintenance; Brittle fracture due to extreme environmental temperature, leading to a shift in the ductile-to-brittle transition temperature [16]",,,,,"Operation and Maintenance; Brittle fracture due to extreme environmental temperature, leading to a shift in the ductile-to-brittle transition temperature [16]",,FMEA编号；潜在失效原因/机理,25,
105,105,Full-ΣMi残差模型,M1+M2+M3+M4,故障原因诊断类,fmea_id_to_cause,故障原因查询,,,简单,FMEA编号TP3这条记录，原因是什么？,"Operation; Changes in wave spectra can cause increased loads, resonance, and stress concentrations, leading to plastic deformation in offshore wind turbines. [11]",根据上下文，FMEA编号TP3这条记录的信息并未直接给出，但可以参考相似的记录来推测。最接近的是FMEA编号FF2的记录，其失效模式为Capsize [11]，原因如下： 失效原因 / FailureCause / cause / reason / 为什么 / 为啥 / 咋来的: Design; Analysis and Calculation fault due to human error [11] 因此，如果要推测FMEA编号TP3的原因，可以参考上述信息。但根据提供的具体上下文内容，明确的记录是不存在的。 若必须基于给定的信息回答，则答案为：未找到编号TP3的具体记录。,错误,0.0,1966.86,语义RAG,0.0,0.0,0,,3,"Operation; Changes in wave spectra can cause increased loads, resonance, and stress concentrations, leading to plastic deformation in offshore wind turbines. [11]",,11.0；11.0,,,"Operation; Changes in wave spectra can cause increased loads, resonance, and stress concentrations, leading to plastic deformation in offshore wind turbines. [11]",,FMEA编号；潜在失效原因/机理,26,
106,106,Full-ΣMi残差模型,M1+M2+M3+M4,故障原因诊断类,fmea_id_to_cause,故障原因查询,,,中等,查一下FMEA编号TP4对应的原因/机理。,"Operation; Cycling loading could cause microstructural changes in the material and eventually lead to fatigue crack initiation [1,15]",不知道。上下文中的FMEA编号为FF2、FF8和DC21，但未包含FMEA编号TP4的相关信息。,错误,0.0,695.26,语义RAG,0.0,0.0,0,,3,"Operation; Cycling loading could cause microstructural changes in the material and eventually lead to fatigue crack initiation [1,15]",,,,,"Operation; Cycling loading could cause microstructural changes in the material and eventually lead to fatigue crack initiation [1,15]",,FMEA编号；潜在失效原因/机理,27,
107,107,Full-ΣMi残差模型,M1+M2+M3+M4,故障原因诊断类,fmea_id_to_cause,故障原因查询,,,简单,FMEA编号TP5这条FMEA里，为什么会发生这个失效？请给出原因。,Environmental condition; Design parameters superseded due to climate change [11],失效原因 / FailureCause / cause / reason / 为什么 / 为啥 / 咋来的: Installation; During Transportation and installation transition piece may be subjected to bending and twisting loads which could lead to fatigue cracks,错误,0.0,768.46,语义RAG,0.0,0.0,0,,3,Environmental condition; Design parameters superseded due to climate change [11],,,,,Environmental condition; Design parameters superseded due to climate change [11],,FMEA编号；潜在失效原因/机理,28,
108,108,Full-ΣMi残差模型,M1+M2+M3+M4,故障原因诊断类,fmea_id_to_cause,故障原因查询,,,简单,FMEA编号TP6的失效原因写的什么？,Operation; due to unbalanced loads or wind-induced vibrations. [11],不知道。上下文中的FMEA编号为FF8和FF2，没有找到编号为TP6的相关信息。,错误,0.0,610.81,语义RAG,0.0,0.0,0,,3,Operation; due to unbalanced loads or wind-induced vibrations. [11],,,,,Operation; due to unbalanced loads or wind-induced vibrations. [11],,FMEA编号；潜在失效原因/机理,29,
109,109,Full-ΣMi残差模型,M1+M2+M3+M4,故障原因诊断类,fmea_id_to_cause,故障原因查询,,,中等,FMEA编号TP7的潜在失效原因/机理是什么？,"Installation; During installation, plastic deformation can occur due to processes like welding and bending [1]",根据上下文，没有找到FMEA编号为TP7的相关信息。因此，我无法回答这个问题。,错误,0.0,591.4,语义RAG,0.0,0.0,0,,3,"Installation; During installation, plastic deformation can occur due to processes like welding and bending [1]",,,,,"Installation; During installation, plastic deformation can occur due to processes like welding and bending [1]",,FMEA编号；潜在失效原因/机理,30,
110,110,Full-ΣMi残差模型,M1+M2+M3+M4,故障原因诊断类,fmea_id_to_cause,故障原因查询,,,简单,FMEA编号TP8这条记录，原因是什么？,Installation; During Transportation and installation transition piece may be subjected to bending and twisting loads which could lead to fatigue cracks,根据上下文，FMEA编号TP8这条记录的信息并未直接给出，但可以参考相似的记录来推测。最接近的是FMEA编号FF2的记录，其失效模式为Capsize [11]，原因如下： 失效原因 / FailureCause / cause / reason / 为什么 / 为啥 / 咋来的: Design; Analysis and Calculation fault due to human error [11] 因此，如果要推测FMEA编号TP8的原因可能是： 设计错误；由于人为错误的分析和计算故障 [11],错误,0.0,1812.4,语义RAG,0.0,0.0,0,,3,Installation; During Transportation and installation transition piece may be subjected to bending and twisting loads which could lead to fatigue cracks,,,,,Installation; During Transportation and installation transition piece may be subjected to bending and twisting loads which could lead to fatigue cracks,,FMEA编号；潜在失效原因/机理,31,
111,111,Full-ΣMi残差模型,M1+M2+M3+M4,故障原因诊断类,fmea_id_to_cause,故障原因查询,,,简单,查一下FMEA编号TP9对应的原因/机理。,"Environmental Loads; Extreme environmental conditions like hurricanes or storm surges can subject the transition piece to large forces that exceed their design limits [10,11,15]",不知道。上下文中的FMEA编号为FF2、FF8和DC21，但未包含FMEA编号TP9的相关信息。,错误,0.0,669.79,语义RAG,0.0,0.0,0,,3,"Environmental Loads; Extreme environmental conditions like hurricanes or storm surges can subject the transition piece to large forces that exceed their design limits [10,11,15]",,,,,"Environmental Loads; Extreme environmental conditions like hurricanes or storm surges can subject the transition piece to large forces that exceed their design limits [10,11,15]",,FMEA编号；潜在失效原因/机理,32,
112,112,Full-ΣMi残差模型,M1+M2+M3+M4,故障原因诊断类,fmea_id_to_cause,故障原因查询,,,中等,FMEA编号TP10这条FMEA里，为什么会发生这个失效？请给出原因。,Fabrication; Improper surface preparation before applying a protective coating or performing welding repairs like cleaning the surface with solvent and treating the surface with a rust inhibitor or primer for improving the adhesion can cause corrosion and crack propagation. [15],根据上下文，FMEA编号为TP8的条目中描述了Transition piece（过渡件）的失效模式，但并未提到TP10。因此，对于FMEA编号TP10的问题，我没有找到相关信息。 根据提供的信息，与TP8相关的失效原因如下： 失效原因 / FailureCause / cause / reason / 为什么 / 为啥 / 咋来的: Installation; During Transportation and installation transition piece may be subjected to bending and twisting loads which could lead to fatigue cracks 若需要关于TP10的具体失效原因，请提供相关FMEA编号的信息。,错误,0.0,1416.17,语义RAG,0.0,0.0,0,,3,Fabrication; Improper surface preparation before applying a protective coating or performing welding repairs like cleaning the surface with solvent and treating the surface with a rust inhibitor or primer for improving the adhesion can cause corrosion and crack propagation. [15],,,,,Fabrication; Improper surface preparation before applying a protective coating or performing welding repairs like cleaning the surface with solvent and treating the surface with a rust inhibitor or primer for improving the adhesion can cause corrosion and crack propagation. [15],,FMEA编号；潜在失效原因/机理,33,
113,113,Full-ΣMi残差模型,M1+M2+M3+M4,故障原因诊断类,fmea_id_to_cause,故障原因查询,,,简单,FMEA编号TP11的失效原因写的什么？,Maintenance; Misalignments or looseness in the connections between the tower and the foundation or inadequate bracing can cause abnormal vibration in the transition piece [12],不知道。上下文中没有找到FMEA编号TP11的相关信息。,错误,0.0,545.32,语义RAG,0.0,0.0,0,,3,Maintenance; Misalignments or looseness in the connections between the tower and the foundation or inadequate bracing can cause abnormal vibration in the transition piece [12],,,,,Maintenance; Misalignments or looseness in the connections between the tower and the foundation or inadequate bracing can cause abnormal vibration in the transition piece [12],,FMEA编号；潜在失效原因/机理,34,
114,114,Full-ΣMi残差模型,M1+M2+M3+M4,故障原因诊断类,fmea_id_to_cause,故障原因查询,,,简单,FMEA编号TP12的潜在失效原因/机理是什么？,Maintenance; Plastic deformation can occur due to the application of excessive force or improper handling of the structure. [1],不知道。上下文中的FMEA编号为FF2和FF8，没有提到FMEA编号TP12的相关信息。,错误,0.0,600.59,语义RAG,0.0,0.0,0,,3,Maintenance; Plastic deformation can occur due to the application of excessive force or improper handling of the structure. [1],,,,,Maintenance; Plastic deformation can occur due to the application of excessive force or improper handling of the structure. [1],,FMEA编号；潜在失效原因/机理,35,
115,115,Full-ΣMi残差模型,M1+M2+M3+M4,故障原因诊断类,fmea_id_to_cause,故障原因查询,,,中等,FMEA编号TP13这条记录，原因是什么？,"Maintenance; Repairing welding during maintenance can introduce residual stresses, leading to crack initiation [11]","Design Phase; lack of data of the deployment location [4,6]",错误,0.0,921.57,语义RAG,0.0,0.0,0,,3,"Maintenance; Repairing welding during maintenance can introduce residual stresses, leading to crack initiation [11]",,,,,"Maintenance; Repairing welding during maintenance can introduce residual stresses, leading to crack initiation [11]",,FMEA编号；潜在失效原因/机理,36,
116,116,Full-ΣMi残差模型,M1+M2+M3+M4,故障原因诊断类,fmea_id_to_cause,故障原因查询,,,简单,查一下FMEA编号TP14对应的原因/机理。,"Maintenance; The transition piece may be subjected to large forces from lifting and handling equipment during maintenance, which are not considered in design assumptions [11]",不知道。上下文中的FMEA编号为FF2、FF8和DC21，但未找到编号为TP14的相关信息。,错误,0.0,637.78,语义RAG,0.0,0.0,0,,3,"Maintenance; The transition piece may be subjected to large forces from lifting and handling equipment during maintenance, which are not considered in design assumptions [11]",,,,,"Maintenance; The transition piece may be subjected to large forces from lifting and handling equipment during maintenance, which are not considered in design assumptions [11]",,FMEA编号；潜在失效原因/机理,37,
117,117,Full-ΣMi残差模型,M1+M2+M3+M4,故障原因诊断类,fmea_id_to_cause,故障原因查询,,,简单,FMEA编号TP15这条FMEA里，为什么会发生这个失效？请给出原因。,"Installation; Transition piece may be subjected to large forces from wave, wind, and vessel motion during installation. [10]",这个问题与提供的上下文不符，因为上下文中没有关于FMEA编号TP15的信息。根据提供的信息，相关的失效模式及其原因是： - 编号: TP8 - 失效原因 / FailureCause / cause / reason / 为什么 / 为啥 / 咋来的: Installation; During Transportation and installation transition piece may be subjected to bending and twisting loads which could lead to fatigue cracks,错误,0.0,1116.79,语义RAG,0.0,0.0,0,,3,"Installation; Transition piece may be subjected to large forces from wave, wind, and vessel motion during installation. [10]",,,,,"Installation; Transition piece may be subjected to large forces from wave, wind, and vessel motion during installation. [10]",,FMEA编号；潜在失效原因/机理,38,
118,118,Full-ΣMi残差模型,M1+M2+M3+M4,故障原因诊断类,fmea_id_to_cause,故障原因查询,,,中等,FMEA编号TP16的失效原因写的什么？,Design; Under-designed structure/ Component due to human error/Insufficient environmental data,不知道。上下文中的FMEA编号为FF8和FF2，没有找到编号为TP16的相关信息。,错误,0.0,601.84,语义RAG,0.0,0.0,0,,3,Design; Under-designed structure/ Component due to human error/Insufficient environmental data,,,,,Design; Under-designed structure/ Component due to human error/Insufficient environmental data,,FMEA编号；潜在失效原因/机理,39,
119,119,Full-ΣMi残差模型,M1+M2+M3+M4,故障原因诊断类,fmea_id_to_cause,故障原因查询,,,简单,FMEA编号TP17的潜在失效原因/机理是什么？,Operation and Maintenance; Undetected defects and poor quality control [11],不知道。上下文中的FMEA编号为FF2和FF8，没有提到FMEA编号TP17的相关信息。,错误,0.0,637.82,语义RAG,0.0,0.0,0,,3,Operation and Maintenance; Undetected defects and poor quality control [11],,,,,Operation and Maintenance; Undetected defects and poor quality control [11],,FMEA编号；潜在失效原因/机理,40,
120,120,Full-ΣMi残差模型,M1+M2+M3+M4,故障原因诊断类,fmea_id_to_cause,故障原因查询,,,简单,FMEA编号TP18这条记录，原因是什么？,Fabrication; Welding and heat treatment could induce fatigue cracks in fabrication process. [1],根据上下文，FMEA编号TP18这条记录并不存在，因此无法提供其原因。根据提供的信息，最接近的记录是FMEA编号FF29，但该记录的原因是“Manufacturing and Installation; Ventilation heads/Manholes failure due to Manufacturing defect/Welding defect”。,错误,0.0,1372.99,语义RAG,0.0,0.0,0,,3,Fabrication; Welding and heat treatment could induce fatigue cracks in fabrication process. [1],,,,,Fabrication; Welding and heat treatment could induce fatigue cracks in fabrication process. [1],,FMEA编号；潜在失效原因/机理,41,
121,121,Full-ΣMi残差模型,M1+M2+M3+M4,故障原因诊断类,fmea_id_to_cause,故障原因查询,,,中等,查一下FMEA编号TP19对应的原因/机理。,Maintenance; Welding and heat treatment during maintenance can add more residual stresses and increase the likelihood of fatigue crack in the welds and heat-affected areas. [11],不知道。上下文中的FMEA编号为FF2、FF8和DC21，但未找到编号为TP19的相关信息。,错误,0.0,666.31,语义RAG,0.0,0.0,0,,3,Maintenance; Welding and heat treatment during maintenance can add more residual stresses and increase the likelihood of fatigue crack in the welds and heat-affected areas. [11],,,,,Maintenance; Welding and heat treatment during maintenance can add more residual stresses and increase the likelihood of fatigue crack in the welds and heat-affected areas. [11],,FMEA编号；潜在失效原因/机理,42,
122,122,Full-ΣMi残差模型,M1+M2+M3+M4,故障原因诊断类,fmea_id_to_cause,故障原因查询,,,简单,FMEA编号TP20这条FMEA里，为什么会发生这个失效？请给出原因。,Maintenance; Welding failure due to corrosion without proper maintenance [11],为啥会发生这个失效 / 什么来的: During Transportation and installation transition piece may be subjected to bending and twisting loads which could lead to fatigue cracks.,错误,0.0,692.93,语义RAG,0.0,0.0,0,,3,Maintenance; Welding failure due to corrosion without proper maintenance [11],,,,,Maintenance; Welding failure due to corrosion without proper maintenance [11],,FMEA编号；潜在失效原因/机理,43,
123,123,Full-ΣMi残差模型,M1+M2+M3+M4,故障原因诊断类,fmea_id_to_cause,故障原因查询,,,简单,FMEA编号TP21的失效原因写的什么？,"Installation; Welding failure due to poor performance (e.g. overheating, lack of fusion) during installation [1,10,15]",不知道。上下文中的FMEA编号为FF8和FF2，没有找到编号为TP21的相关信息。,错误,0.0,608.48,语义RAG,0.0,0.0,0,,3,"Installation; Welding failure due to poor performance (e.g. overheating, lack of fusion) during installation [1,10,15]",,,,,"Installation; Welding failure due to poor performance (e.g. overheating, lack of fusion) during installation [1,10,15]",,FMEA编号；潜在失效原因/机理,44,
124,124,Full-ΣMi残差模型,M1+M2+M3+M4,故障原因诊断类,fmea_id_to_cause,故障原因查询,,,中等,FMEA编号FF1的潜在失效原因/机理是什么？,Design; Analysis and Calculation fault due to human error,根据上下文，没有找到FMEA编号FF1的相关信息。因此，我无法回答FMEA编号FF1的潜在失效原因/机理是什么。,错误,0.0,706.02,语义RAG,0.3333,1.0,0,,3,Design; Analysis and Calculation fault due to human error,,,,,Design; Analysis and Calculation fault due to human error,,FMEA编号；潜在失效原因/机理,45,
125,125,Full-ΣMi残差模型,M1+M2+M3+M4,故障原因诊断类,fmea_id_to_cause,故障原因查询,,,简单,FMEA编号FF2这条记录，原因是什么？,Design; Analysis and Calculation fault due to human error [11],Design; Analysis and Calculation fault due to human error [11],正确,1.0,959.46,语义RAG,0.6667,1.0,0,,3,,,11.0,,,Design; Analysis and Calculation fault due to human error [11],,FMEA编号；潜在失效原因/机理,46,
126,126,Full-ΣMi残差模型,M1+M2+M3+M4,故障原因诊断类,fmea_id_to_cause,故障原因查询,,,简单,查一下FMEA编号FF3对应的原因/机理。,"Operation; Bilge piping/pumps fail [1,12]",不知道。上下文中的FMEA编号为FF2和FF8，没有找到FF3的相关信息。,错误,0.0,580.29,语义RAG,0.0,0.0,0,,3,"Operation; Bilge piping/pumps fail [1,12]",,,,,"Operation; Bilge piping/pumps fail [1,12]",,FMEA编号；潜在失效原因/机理,47,
127,127,Full-ΣMi残差模型,M1+M2+M3+M4,故障原因诊断类,fmea_id_to_cause,故障原因查询,,,中等,FMEA编号FF4这条FMEA里，为什么会发生这个失效？请给出原因。,Operation; Biological collision,"根据上下文，FMEA编号FF4并未出现在提供的JSON数据结构中，因此无法找到对应的失效原因。根据规则3，我将明确回答不知道。 实际上，提供的三个FMEA案例中没有编号为FF4的记录。以下是与问题最接近的失效原因： Environmental condition; Marine growth under water can add additional weight and stress for the material, which can lead to cracks in the outer hull.",错误,0.0,1137.31,语义RAG,0.0,0.0,1,,3,Operation; Biological collision,,,,3.0,Operation; Biological collision,,FMEA编号；潜在失效原因/机理,48,
128,128,Full-ΣMi残差模型,M1+M2+M3+M4,故障原因诊断类,fmea_id_to_cause,故障原因查询,,,简单,FMEA编号FF5的失效原因写的什么？,Environmental condition; Design parameter superseded due to climate change [11],不知道。,错误,0.0,432.8,语义RAG,0.0,0.0,0,,3,Environmental condition; Design parameter superseded due to climate change [11],,,,,Environmental condition; Design parameter superseded due to climate change [11],,FMEA编号；潜在失效原因/机理,49,
129,129,Full-ΣMi残差模型,M1+M2+M3+M4,故障原因诊断类,fmea_id_to_cause,故障原因查询,,,简单,FMEA编号FF6的潜在失效原因/机理是什么？,"Operation; Dynamic umbilical connection/cable fail [1,12]",根据上下文，没有找到FMEA编号FF6的相关信息。因此，我无法回答这个问题。,错误,0.0,597.73,语义RAG,0.0,0.0,0,,3,"Operation; Dynamic umbilical connection/cable fail [1,12]",,,,,"Operation; Dynamic umbilical connection/cable fail [1,12]",,FMEA编号；潜在失效原因/机理,50,
130,130,Full-ΣMi残差模型,M1+M2+M3+M4,故障原因诊断类,fmea_id_to_cause,故障原因查询,,,中等,FMEA编号FF7这条记录，原因是什么？,Installation; Excessive fatigue life consumption due to installation/ transportation [19],根据上下文，FMEA编号FF7这条记录并不存在，因此无法提供其原因。,错误,0.0,1007.21,语义RAG,0.0,0.0,0,,3,Installation; Excessive fatigue life consumption due to installation/ transportation [19],,,,,Installation; Excessive fatigue life consumption due to installation/ transportation [19],,FMEA编号；潜在失效原因/机理,51,
131,131,Full-ΣMi残差模型,M1+M2+M3+M4,故障原因诊断类,fmea_id_to_cause,故障原因查询,,,简单,查一下FMEA编号FF8对应的原因/机理。,Environmental condition; Extreme horizontal oscillatory force,失效原因 / FailureCause / cause / reason / 为什么 / 为啥 / 咋来的: Environmental condition; Extreme horizontal oscillatory force,正确,1.0,649.29,语义RAG,0.3333,1.0,0,,3,,,,,,Environmental condition; Extreme horizontal oscillatory force,,FMEA编号；潜在失效原因/机理,52,
132,132,Full-ΣMi残差模型,M1+M2+M3+M4,故障原因诊断类,fmea_id_to_cause,故障原因查询,,,简单,FMEA编号FF9这条FMEA里，为什么会发生这个失效？请给出原因。,Operation; Fatigue due to continuous vibrations/resonance [11],根据上下文，FMEA编号FF9并未出现，因此无法提供具体的失效原因。根据提供的其他条目信息： FMEA编号 FF8 的失效原因是：Environmental condition; Extreme horizontal oscillatory force。 如果需要 FF9 条目的失效原因，请提供相关信息。,错误,0.0,897.46,语义RAG,0.0,0.0,0,,3,Operation; Fatigue due to continuous vibrations/resonance [11],,,,,Operation; Fatigue due to continuous vibrations/resonance [11],,FMEA编号；潜在失效原因/机理,53,
133,133,Full-ΣMi残差模型,M1+M2+M3+M4,故障原因诊断类,fmea_id_to_cause,故障原因查询,,,中等,FMEA编号FF10的失效原因写的什么？,Design; Fatigue due to underestimation of steel thickness and/or environmental loads,不知道。,错误,0.0,449.67,语义RAG,0.0,0.0,0,,3,Design; Fatigue due to underestimation of steel thickness and/or environmental loads,,,,,Design; Fatigue due to underestimation of steel thickness and/or environmental loads,,FMEA编号；潜在失效原因/机理,54,
134,134,Full-ΣMi残差模型,M1+M2+M3+M4,故障原因诊断类,fmea_id_to_cause,故障原因查询,,,简单,FMEA编号FF11的潜在失效原因/机理是什么？,"Operation; Handrails Corrosion [1,12]",根据上下文，没有找到FMEA编号FF11的相关信息。因此，我无法回答这个问题。,错误,0.0,588.56,语义RAG,0.0,0.0,0,,3,"Operation; Handrails Corrosion [1,12]",,,,,"Operation; Handrails Corrosion [1,12]",,FMEA编号；潜在失效原因/机理,55,
135,135,Full-ΣMi残差模型,M1+M2+M3+M4,故障原因诊断类,fmea_id_to_cause,故障原因查询,,,简单,FMEA编号FF12这条记录，原因是什么？,"Operation; Helicopter assistance equipment fail [1,12]",根据上下文，FMEA编号FF12这条记录不存在，因此无法提供其原因。,错误,0.0,1012.0,语义RAG,0.0,0.0,0,,3,"Operation; Helicopter assistance equipment fail [1,12]",,12.0,,,"Operation; Helicopter assistance equipment fail [1,12]",,FMEA编号；潜在失效原因/机理,56,
136,136,Full-ΣMi残差模型,M1+M2+M3+M4,故障原因诊断类,fmea_id_to_cause,故障原因查询,,,中等,查一下FMEA编号FF13对应的原因/机理。,Maintenance; Inefficient detection [1],根据上下文，没有找到FMEA编号FF13的相关信息。,错误,0.0,528.99,语义RAG,0.0,0.0,0,,3,Maintenance; Inefficient detection [1],,,,,Maintenance; Inefficient detection [1],,FMEA编号；潜在失效原因/机理,57,
137,137,Full-ΣMi残差模型,M1+M2+M3+M4,故障原因诊断类,fmea_id_to_cause,故障原因查询,,,简单,FMEA编号FF14这条FMEA里，为什么会发生这个失效？请给出原因。,Design; Insufficient structural strength and cracks on the floater resulting in water ingress to the support structure,这个问题与提供的上下文不符，上下文中没有关于FMEA编号FF14的记录。根据提供的信息，最接近的是FMEA编号FF18，其失效原因是： 环境条件；水下海洋生物附着会增加材料的重量和应力，可能导致外船体开裂。,错误,0.0,919.16,语义RAG,0.0,0.0,0,,3,Design; Insufficient structural strength and cracks on the floater resulting in water ingress to the support structure,,,,,Design; Insufficient structural strength and cracks on the floater resulting in water ingress to the support structure,,FMEA编号；潜在失效原因/机理,58,
138,138,Full-ΣMi残差模型,M1+M2+M3+M4,故障原因诊断类,fmea_id_to_cause,故障原因查询,,,简单,FMEA编号FF15的失效原因写的什么？,Operation and Maintenance; Insufficient structural strength due to ship collision,不知道。,错误,0.0,433.21,语义RAG,0.0,0.0,0,,3,Operation and Maintenance; Insufficient structural strength due to ship collision,,,,,Operation and Maintenance; Insufficient structural strength due to ship collision,,FMEA编号；潜在失效原因/机理,59,
139,139,Full-ΣMi残差模型,M1+M2+M3+M4,故障原因诊断类,fmea_id_to_cause,故障原因查询,,,中等,FMEA编号FF16的潜在失效原因/机理是什么？,Maintenance; Insufficient structural strength due to ship collision [11],根据上下文，没有找到FMEA编号FF16的相关信息。因此，我无法回答这个问题。,错误,0.0,610.36,语义RAG,0.0,0.0,0,,3,Maintenance; Insufficient structural strength due to ship collision [11],,,,,Maintenance; Insufficient structural strength due to ship collision [11],,FMEA编号；潜在失效原因/机理,60,
140,140,Full-ΣMi残差模型,M1+M2+M3+M4,故障原因诊断类,fmea_id_to_cause,故障原因查询,,,简单,FMEA编号FF17这条记录，原因是什么？,"Operation; Ladders Corrosion [1,12]",FMEA编号FF17这条记录的原因是：Analysis and Calculation fault due to human error [11]。,错误,0.0,1020.53,语义RAG,0.0,0.0,0,,3,"Operation; Ladders Corrosion [1,12]",,,,,"Operation; Ladders Corrosion [1,12]",,FMEA编号；潜在失效原因/机理,61,
141,141,Full-ΣMi残差模型,M1+M2+M3+M4,故障原因诊断类,fmea_id_to_cause,故障原因查询,,,简单,查一下FMEA编号FF18对应的原因/机理。,"Environmental condition; Marine growth under water can add additional weight and stress for the material, which can lead to cracks in the outer hull",根据上下文，没有找到FMEA编号FF18的相关信息。,错误,0.0,533.4,语义RAG,0.0,0.0,0,,3,"Environmental condition; Marine growth under water can add additional weight and stress for the material, which can lead to cracks in the outer hull",,,,,"Environmental condition; Marine growth under water can add additional weight and stress for the material, which can lead to cracks in the outer hull",,FMEA编号；潜在失效原因/机理,62,
142,142,Full-ΣMi残差模型,M1+M2+M3+M4,故障原因诊断类,fmea_id_to_cause,故障原因查询,,,中等,FMEA编号FF19这条FMEA里，为什么会发生这个失效？请给出原因。,"Operation; Navigation and work lights fail [1,12]","为啥会发生这个失效模式？根据上下文，失效原因是： 失效原因 / FailureCause / cause / reason / 为什么 / 为啥 / 咋来的: Environmental condition; Marine growth under water can add additional weight and stress for the material, which can lead to cracks in the outer hull.",错误,0.0,940.87,语义RAG,0.0,0.0,0,,3,"Operation; Navigation and work lights fail [1,12]",,,,,"Operation; Navigation and work lights fail [1,12]",,FMEA编号；潜在失效原因/机理,63,
143,143,Full-ΣMi残差模型,M1+M2+M3+M4,故障原因诊断类,fmea_id_to_cause,故障原因查询,,,简单,FMEA编号FF20的失效原因写的什么？,Operation; Plane crush,Design; Analysis and Calculation fault due to human error [11],错误,0.0,531.42,语义RAG,0.0,0.0,0,,3,Operation; Plane crush,,,,,Operation; Plane crush,,FMEA编号；潜在失效原因/机理,64,
144,144,Full-ΣMi残差模型,M1+M2+M3+M4,故障原因诊断类,fmea_id_to_cause,故障原因查询,,,简单,FMEA编号FF21的潜在失效原因/机理是什么？,"Operation; Sensors for platform monitoring fail [1,12]",失效原因 / FailureCause / cause / reason: Analysis and Calculation fault due to human error [11],错误,0.0,589.01,语义RAG,0.0,0.0,0,,3,"Operation; Sensors for platform monitoring fail [1,12]",,,,,"Operation; Sensors for platform monitoring fail [1,12]",,FMEA编号；潜在失效原因/机理,65,
145,145,Full-ΣMi残差模型,M1+M2+M3+M4,故障原因诊断类,fmea_id_to_cause,故障原因查询,,,中等,FMEA编号FF22这条记录，原因是什么？,Operation and Maintenance; Structural component degradation due to corrosion [12],根据上下文，FMEA编号FF22这条记录并不存在，因此无法提供其原因。根据提供的信息，最接近的记录是FMEA编号FF2，其失效模式为Capsize [11]，原因如下： 失效原因 / FailureCause / cause / reason / 为什么 / 为啥 / 咋来的: Design; Analysis and Calculation fault due to human error [11],错误,0.0,1540.29,语义RAG,0.0,0.0,0,,3,Operation and Maintenance; Structural component degradation due to corrosion [12],,,,,Operation and Maintenance; Structural component degradation due to corrosion [12],,FMEA编号；潜在失效原因/机理,66,
146,146,Full-ΣMi残差模型,M1+M2+M3+M4,故障原因诊断类,fmea_id_to_cause,故障原因查询,,,简单,查一下FMEA编号FF23对应的原因/机理。,Operation and Maintenance; Structural degradation due to corrosion [11],失效原因 / FailureCause / cause / reason / 为啥 / 咋来的: Design; Analysis and Calculation fault due to human error [11],错误,0.0,689.26,语义RAG,0.0,0.0,0,,3,Operation and Maintenance; Structural degradation due to corrosion [11],,11.0,,,Operation and Maintenance; Structural degradation due to corrosion [11],,FMEA编号；潜在失效原因/机理,67,
147,147,Full-ΣMi残差模型,M1+M2+M3+M4,故障原因诊断类,fmea_id_to_cause,故障原因查询,,,简单,FMEA编号FF24这条FMEA里，为什么会发生这个失效？请给出原因。,Operation; Structure brittle fracture due to extreme environmental temperature,不知道。上下文中的FMEA编号为FF18、TP8和FF8，没有找到编号为FF24的FMEA信息。,错误,0.0,677.22,语义RAG,0.0,0.0,0,,3,Operation; Structure brittle fracture due to extreme environmental temperature,,,,,Operation; Structure brittle fracture due to extreme environmental temperature,,FMEA编号；潜在失效原因/机理,68,
148,148,Full-ΣMi残差模型,M1+M2+M3+M4,故障原因诊断类,fmea_id_to_cause,故障原因查询,,,中等,FMEA编号FF25的失效原因写的什么？,Operation; Structures break/collapse due to collision with other FWT,Design; Analysis and Calculation fault due to human error [11],错误,0.0,552.08,语义RAG,0.0,0.0,0,,3,Operation; Structures break/collapse due to collision with other FWT,,,,,Operation; Structures break/collapse due to collision with other FWT,,FMEA编号；潜在失效原因/机理,69,
149,149,Full-ΣMi残差模型,M1+M2+M3+M4,故障原因诊断类,fmea_id_to_cause,故障原因查询,,,简单,FMEA编号FF26的潜在失效原因/机理是什么？,Environmental condition; Typhoon can cause failure of the floating unit if it gets hit by dropping objects. (eg. damaged blade)(strong wind/wave),失效原因 / FailureCause / cause / reason: Design; Analysis and Calculation fault due to human error [11],错误,0.0,606.81,语义RAG,0.0,0.0,0,,3,Environmental condition; Typhoon can cause failure of the floating unit if it gets hit by dropping objects. (eg. damaged blade)(strong wind/wave),,,,,Environmental condition; Typhoon can cause failure of the floating unit if it gets hit by dropping objects. (eg. damaged blade)(strong wind/wave),,FMEA编号；潜在失效原因/机理,70,
150,150,Full-ΣMi残差模型,M1+M2+M3+M4,故障原因诊断类,fmea_id_to_cause,故障原因查询,,,简单,FMEA编号FF27这条记录，原因是什么？,Design; Underdesigned structure/Component due to insufficient environmental data,根据上下文，FMEA编号FF27这条记录并不存在，因此无法提供其原因。根据提供的信息，最接近的记录是FMEA编号FF2，其失效模式为Capsize [11]，原因如下： 失效原因 / FailureCause / cause / reason / 为什么 / 为啥 / 咋来的: Design; Analysis and Calculation fault due to human error [11],错误,0.0,1586.15,语义RAG,0.0,0.0,0,,3,Design; Underdesigned structure/Component due to insufficient environmental data,,,,,Design; Underdesigned structure/Component due to insufficient environmental data,,FMEA编号；潜在失效原因/机理,71,
151,151,Full-ΣMi残差模型,M1+M2+M3+M4,故障原因诊断类,fmea_id_to_cause,故障原因查询,,,中等,查一下FMEA编号FF28对应的原因/机理。,Maintenance; Undetected defects due to poor quality control,根据上下文，FMEA编号FF28对应的原因/机理为：Design; Analysis and Calculation fault due to human error [11]。,错误,0.0,712.28,语义RAG,0.0,0.0,0,,3,Maintenance; Undetected defects due to poor quality control,,,,,Maintenance; Undetected defects due to poor quality control,,FMEA编号；潜在失效原因/机理,72,
152,152,Full-ΣMi残差模型,M1+M2+M3+M4,故障原因诊断类,fmea_id_to_cause,故障原因查询,,,简单,FMEA编号FF29这条FMEA里，为什么会发生这个失效？请给出原因。,Manufacturing and Installation; Ventilation heads/Manholes failure due to Manufacturing defect/Welding defect,根据上下文，FMEA编号FF29并未出现在提供的JSON数据结构中，因此我无法找到对应的失效原因。根据规则3，我会明确回答不知道。 实际上，提供的三条记录的FMEA编号分别是FF18、TP8和FF8，并没有FF29这条记录。所以无法给出FF29的失效原因。,错误,0.0,1025.7,语义RAG,0.0,0.0,1,,3,Manufacturing and Installation; Ventilation heads/Manholes failure due to Manufacturing defect/Welding defect,,,,3.0,Manufacturing and Installation; Ventilation heads/Manholes failure due to Manufacturing defect/Welding defect,,FMEA编号；潜在失效原因/机理,73,
153,153,Full-ΣMi残差模型,M1+M2+M3+M4,故障原因诊断类,fmea_id_to_cause,故障原因查询,,,简单,FMEA编号FF30的失效原因写的什么？,Manufacturing; Welding failure,不知道。,错误,0.0,435.6,语义RAG,0.0,0.0,0,,3,Manufacturing; Welding failure,,,,,Manufacturing; Welding failure,,FMEA编号；潜在失效原因/机理,74,
154,154,Full-ΣMi残差模型,M1+M2+M3+M4,故障原因诊断类,fmea_id_to_cause,故障原因查询,,,中等,FMEA编号SKS1的潜在失效原因/机理是什么？,Operation; Abnormal working conditions,不知道。上下文中的FMEA编号为FF8和SKS3，没有找到FMEA编号为SKS1的相关信息。,错误,0.0,645.68,语义RAG,0.0,0.0,0,,3,Operation; Abnormal working conditions,,,,,Operation; Abnormal working conditions,,FMEA编号；潜在失效原因/机理,75,
155,155,Full-ΣMi残差模型,M1+M2+M3+M4,故障原因诊断类,fmea_id_to_cause,故障原因查询,,,简单,FMEA编号SKS2这条记录，原因是什么？,Operation; Cyclic degradation,根据上下文，FMEA编号SKS2这条记录的信息并未直接给出，且在提供的信息中没有出现SKS2这个编号。因此，我无法回答这个问题。 根据提供的信息，最接近的记录是SKS14，其失效模式为Mooring line wear [1]，但具体的原因描述与问题询问的内容不符。 综上所述，基于给定的信息，我不能提供FMEA编号SKS2的具体原因。,错误,0.0,1646.38,语义RAG,0.0,0.0,0,,3,Operation; Cyclic degradation,,,,,Operation; Cyclic degradation,,FMEA编号；潜在失效原因/机理,76,
156,156,Full-ΣMi残差模型,M1+M2+M3+M4,故障原因诊断类,fmea_id_to_cause,故障原因查询,,,简单,查一下FMEA编号SKS3对应的原因/机理。,Operation,"不知道。上下文中的FMEA编号为FF2, FF8和DC21，但未包含FMEA编号SKS3的相关信息。",错误,0.0,698.59,语义RAG,0.3333,1.0,0,,3,Operation,,,,,Operation,,FMEA编号；潜在失效原因/机理,77,
157,157,Full-ΣMi残差模型,M1+M2+M3+M4,故障原因诊断类,fmea_id_to_cause,故障原因查询,,,中等,FMEA编号SKS4这条FMEA里，为什么会发生这个失效？请给出原因。,Operation,"根据上下文，FMEA编号为FF18的条目中描述了失效原因（FailureCause），但并未提到编号为SKS4的FMEA信息。因此，我无法根据提供的内容回答此问题。 根据上下文中的FF18条目，失效原因是： Environmental condition; Marine growth under water can add additional weight and stress for the material, which can lead to cracks in the outer hull.",错误,0.0,1212.12,语义RAG,0.3333,1.0,0,,3,Operation,,,,,Operation,,FMEA编号；潜在失效原因/机理,78,
158,158,Full-ΣMi残差模型,M1+M2+M3+M4,故障原因诊断类,fmea_id_to_cause,故障原因查询,,,简单,FMEA编号SKS5的失效原因写的什么？,Operation; Fairlead fatigue,不知道。上下文中的FMEA编号为FF8和FF2，没有找到编号为SKS5的相关信息。,错误,0.0,651.28,语义RAG,0.0,0.0,0,,3,Operation; Fairlead fatigue,,,,,Operation; Fairlead fatigue,,FMEA编号；潜在失效原因/机理,79,
159,159,Full-ΣMi残差模型,M1+M2+M3+M4,故障原因诊断类,fmea_id_to_cause,故障原因查询,,,简单,FMEA编号SKS6的潜在失效原因/机理是什么？,Operation; Fairlead corrosion,不知道。上下文中的FMEA编号为FF8和SKS3，没有提到FMEA编号为SKS6的相关信息。,错误,0.0,576.56,语义RAG,0.0,0.0,0,,3,Operation; Fairlead corrosion,,,,,Operation; Fairlead corrosion,,FMEA编号；潜在失效原因/机理,80,
160,160,Full-ΣMi残差模型,M1+M2+M3+M4,故障原因诊断类,fmea_id_to_cause,故障原因查询,,,中等,FMEA编号SKS7这条记录，原因是什么？,Operation,根据上下文，FMEA编号SKS7这条记录的信息并未直接给出，因此无法回答其具体的原因。根据提供的信息中，最接近的记录是FMEA编号SKS14，其失效模式为Mooring line wear [1]，但没有提供具体的FMEA编号SKS7的相关信息。 如果需要准确答案，请提供更多相关数据或确认FMEA编号是否正确。,错误,0.0,1549.04,语义RAG,0.6667,1.0,0,,3,Operation,,,,,Operation,,FMEA编号；潜在失效原因/机理,81,
161,161,Full-ΣMi残差模型,M1+M2+M3+M4,故障原因诊断类,fmea_id_to_cause,故障原因查询,,,简单,查一下FMEA编号SKS8对应的原因/机理。,Manufacturing; Poor splice quality/ workmanship/qualification,"不知道。上下文中的FMEA编号为FF2, FF8和DC21，但未包含FMEA编号SKS8的相关信息。",错误,0.0,729.34,语义RAG,0.0,0.0,0,,3,Manufacturing; Poor splice quality/ workmanship/qualification,,,,,Manufacturing; Poor splice quality/ workmanship/qualification,,FMEA编号；潜在失效原因/机理,82,
162,162,Full-ΣMi残差模型,M1+M2+M3+M4,故障原因诊断类,fmea_id_to_cause,故障原因查询,,,简单,FMEA编号SKS9这条FMEA里，为什么会发生这个失效？请给出原因。,Environmental condition; Abnormal stress due to mooring lines wear caused by unexpected seismic loads/ The tension overpassing the limit value can cause the mooring line to instantaneously break [18],根据上下文，FMEA编号为FF18的条目中描述了失效原因（FailureCause），但并未提到编号为SKS9的条目。因此，我将基于提供的信息回答“为啥会发生Watertight fault”这个问题。 环境条件；水下生长物可以增加材料的重量和应力，这可能导致外船体裂缝。,错误,0.0,1059.96,语义RAG,0.0,0.0,0,,3,Environmental condition; Abnormal stress due to mooring lines wear caused by unexpected seismic loads/ The tension overpassing the limit value can cause the mooring line to instantaneously break [18],,18.0,,,Environmental condition; Abnormal stress due to mooring lines wear caused by unexpected seismic loads/ The tension overpassing the limit value can cause the mooring line to instantaneously break [18],,FMEA编号；潜在失效原因/机理,83,
163,163,Full-ΣMi残差模型,M1+M2+M3+M4,故障原因诊断类,fmea_id_to_cause,故障原因查询,,,中等,FMEA编号SKS10的失效原因写的什么？,Environmental condition; Mooring lines wear caused by unexpected external damage (from e.g. overtrawling)/particulate ingress/UV light,不知道。,错误,0.0,404.93,语义RAG,0.0,0.0,0,,3,Environmental condition; Mooring lines wear caused by unexpected external damage (from e.g. overtrawling)/particulate ingress/UV light,,,,,Environmental condition; Mooring lines wear caused by unexpected external damage (from e.g. overtrawling)/particulate ingress/UV light,,FMEA编号；潜在失效原因/机理,84,
164,164,Full-ΣMi残差模型,M1+M2+M3+M4,故障原因诊断类,fmea_id_to_cause,故障原因查询,,,简单,FMEA编号SKS11的潜在失效原因/机理是什么？,Maintenance; Mooring lines corrosion due to improper maintenance of the corroded components,根据上下文，没有找到FMEA编号为SKS11的相关信息。因此，我无法回答这个问题。,错误,0.0,581.5,语义RAG,0.0,0.0,0,,3,Maintenance; Mooring lines corrosion due to improper maintenance of the corroded components,,,,,Maintenance; Mooring lines corrosion due to improper maintenance of the corroded components,,FMEA编号；潜在失效原因/机理,85,
165,165,Full-ΣMi残差模型,M1+M2+M3+M4,故障原因诊断类,fmea_id_to_cause,故障原因查询,,,简单,FMEA编号SKS12这条记录，原因是什么？,"Maintenance; Mooring line fatigue due to Lack of proper maintenance, including inspection, monitoring, and replacement of the mooring lines.",根据上下文，FMEA编号SKS12这条记录的信息并未直接给出，因此无法回答其具体的原因。根据提供的信息中最近的相似条目（SKS14），其失效模式为“Mooring line wear [1]”，原因可能是“Manufacturing; Mooring lines wear due to poor quality during fabrication;”。但请注意，这并非FMEA编号SKS12的具体信息。 若要准确回答，请提供完整的FMEA编号SKS12的记录。,错误,0.0,1705.01,语义RAG,0.0,0.0,0,,3,"Maintenance; Mooring line fatigue due to Lack of proper maintenance, including inspection, monitoring, and replacement of the mooring lines.",,,,,"Maintenance; Mooring line fatigue due to Lack of proper maintenance, including inspection, monitoring, and replacement of the mooring lines.",,FMEA编号；潜在失效原因/机理,86,
166,166,Full-ΣMi残差模型,M1+M2+M3+M4,故障原因诊断类,fmea_id_to_cause,故障原因查询,,,中等,查一下FMEA编号SKS13对应的原因/机理。,"Operation; Mooring line fatigue due to Improper operational procedures, such as excessive loading, bending or twisting.",不知道。上下文中的FMEA编号为FF2、FF8和DC21，但未包含FMEA编号SKS13的相关信息。,错误,0.0,702.49,语义RAG,0.0,0.0,0,,3,"Operation; Mooring line fatigue due to Improper operational procedures, such as excessive loading, bending or twisting.",,,,,"Operation; Mooring line fatigue due to Improper operational procedures, such as excessive loading, bending or twisting.",,FMEA编号；潜在失效原因/机理,87,
167,167,Full-ΣMi残差模型,M1+M2+M3+M4,故障原因诊断类,fmea_id_to_cause,故障原因查询,,,简单,FMEA编号SKS14这条FMEA里，为什么会发生这个失效？请给出原因。,Manufacturing; Mooring lines wear due to poor quality during fabrication,"根据上下文，FMEA编号为FF18的条目中描述了失效原因（FailureCause），但并未提到编号为SKS14的条目。因此，我无法从给定的信息中找到关于SKS14这条FMEA的具体失效原因。 [1] FMEA编号 / FmeaID / record id / 编号: FF18 失效原因 / FailureCause / cause / reason / 为什么 / 为啥 / 咋来的: Environmental condition; Marine growth under water can add additional weight and stress for the material, which can lead to cracks in the outer hull 若需要了解SKS14的具体失效原因，请提供相关FMEA信息。",错误,0.0,1662.69,语义RAG,0.0,0.0,0,,3,Manufacturing; Mooring lines wear due to poor quality during fabrication,,,,,Manufacturing; Mooring lines wear due to poor quality during fabrication,,FMEA编号；潜在失效原因/机理,88,
168,168,Full-ΣMi残差模型,M1+M2+M3+M4,故障原因诊断类,fmea_id_to_cause,故障原因查询,,,简单,FMEA编号SKS15的失效原因写的什么？,Design; Mooring lines wear due to underestimation of seisemic events during design or due to rope compression not considered,不知道。上下文中的FMEA编号为FF8和FF2，没有找到编号为SKS15的相关信息。,错误,0.0,623.95,语义RAG,0.0,0.0,0,,3,Design; Mooring lines wear due to underestimation of seisemic events during design or due to rope compression not considered,,,,,Design; Mooring lines wear due to underestimation of seisemic events during design or due to rope compression not considered,,FMEA编号；潜在失效原因/机理,89,
169,169,Full-ΣMi残差模型,M1+M2+M3+M4,故障原因诊断类,fmea_id_to_cause,故障原因查询,,,中等,FMEA编号SKS16的潜在失效原因/机理是什么？,"Operation; Mooring lines wear due to Improper handling, such as excessive tension, bending, or twisting of the mooring lines.",根据上下文，没有找到FMEA编号为SKS16的相关信息。因此，我无法回答这个问题。,错误,0.0,619.76,语义RAG,0.0,0.0,0,,3,"Operation; Mooring lines wear due to Improper handling, such as excessive tension, bending, or twisting of the mooring lines.",,,,,"Operation; Mooring lines wear due to Improper handling, such as excessive tension, bending, or twisting of the mooring lines.",,FMEA编号；潜在失效原因/机理,90,
170,170,Full-ΣMi残差模型,M1+M2+M3+M4,故障原因诊断类,fmea_id_to_cause,故障原因查询,,,简单,FMEA编号SKS17这条记录，原因是什么？,Operation; Transitional chain wear due to repeated loading and unloading cycles over time,根据上下文，FMEA编号SKS17这条记录的信息并未直接给出，因此无法回答其具体的原因。根据提供的信息中最近的相似条目（SKS14），其失效模式为“Mooring line wear [1]”，但没有具体的FMEA编号SKS17的数据。,错误,0.0,1368.04,语义RAG,0.0,0.0,0,,3,Operation; Transitional chain wear due to repeated loading and unloading cycles over time,,,,,Operation; Transitional chain wear due to repeated loading and unloading cycles over time,,FMEA编号；潜在失效原因/机理,91,
171,171,Full-ΣMi残差模型,M1+M2+M3+M4,故障原因诊断类,fmea_id_to_cause,故障原因查询,,,简单,查一下FMEA编号SKS18对应的原因/机理。,Maintenance; Transitional chain wear due to improper inspection and maintenance,不知道。上下文中的FMEA编号为FF2、FF8和DC21，没有找到编号为SKS18的相关信息。,错误,0.0,655.51,语义RAG,0.0,0.0,0,,3,Maintenance; Transitional chain wear due to improper inspection and maintenance,,,,,Maintenance; Transitional chain wear due to improper inspection and maintenance,,FMEA编号；潜在失效原因/机理,92,
172,172,Full-ΣMi残差模型,M1+M2+M3+M4,故障原因诊断类,fmea_id_to_cause,故障原因查询,,,中等,FMEA编号SKS19这条FMEA里，为什么会发生这个失效？请给出原因。,"Operation; Friction chain wear due to significant movement and tension due to the forces of wind, waves",根据上下文，FMEA编号为FF18的条目中描述了失效原因（FailureCause），但并未提到编号为SKS19的条目。因此，我将基于提供的信息回答类似问题。 环境条件；水下海洋生物附着会增加材料的重量和应力，这可能导致外船体裂缝。,错误,0.0,1042.64,语义RAG,0.0,0.0,0,,3,"Operation; Friction chain wear due to significant movement and tension due to the forces of wind, waves",,,,,"Operation; Friction chain wear due to significant movement and tension due to the forces of wind, waves",,FMEA编号；潜在失效原因/机理,93,
173,173,Full-ΣMi残差模型,M1+M2+M3+M4,故障原因诊断类,fmea_id_to_cause,故障原因查询,,,简单,FMEA编号SKS20的失效原因写的什么？,Operation; Mooring line wear due to hysteretic heating or wet-dry cycling,不知道。上下文中的FMEA编号为FF8和FF2，没有找到编号为SKS20的相关信息。,错误,0.0,651.16,语义RAG,0.0,0.0,0,,3,Operation; Mooring line wear due to hysteretic heating or wet-dry cycling,,,,,Operation; Mooring line wear due to hysteretic heating or wet-dry cycling,,FMEA编号；潜在失效原因/机理,94,
174,174,Full-ΣMi残差模型,M1+M2+M3+M4,故障原因诊断类,fmea_id_to_cause,故障原因查询,,,简单,FMEA编号SKS21的潜在失效原因/机理是什么？,Design; Mooring winch failure due to understimation of loads during design phase,根据上下文，没有找到FMEA编号为SKS21的相关信息。因此，我无法回答这个问题。,错误,0.0,596.83,语义RAG,0.0,0.0,0,,3,Design; Mooring winch failure due to understimation of loads during design phase,,,,,Design; Mooring winch failure due to understimation of loads during design phase,,FMEA编号；潜在失效原因/机理,95,
175,175,Full-ΣMi残差模型,M1+M2+M3+M4,故障原因诊断类,fmea_id_to_cause,故障原因查询,,,中等,FMEA编号SKS22这条记录，原因是什么？,Maintenance; Mooring winch failure due to undetected hazard during operation,根据上下文，FMEA编号SKS22这条记录不存在，因此无法提供其原因。,错误,0.0,1012.55,语义RAG,0.0,0.0,0,,3,Maintenance; Mooring winch failure due to undetected hazard during operation,,,,,Maintenance; Mooring winch failure due to undetected hazard during operation,,FMEA编号；潜在失效原因/机理,96,
176,176,Full-ΣMi残差模型,M1+M2+M3+M4,故障原因诊断类,fmea_id_to_cause,故障原因查询,,,简单,查一下FMEA编号DC1对应的原因/机理。,Design Phase; Underestimation of dynamic conditions - Unexpected contingency scenario ( loss of mooring line ) - unexpected dynamic loads,不知道。上下文中的FMEA编号为FF2、FF8和DC21，没有找到FMEA编号为DC1的相关信息。,错误,0.0,704.08,语义RAG,0.0,0.0,0,,3,Design Phase; Underestimation of dynamic conditions - Unexpected contingency scenario ( loss of mooring line ) - unexpected dynamic loads,,,,,Design Phase; Underestimation of dynamic conditions - Unexpected contingency scenario ( loss of mooring line ) - unexpected dynamic loads,,FMEA编号；潜在失效原因/机理,97,
177,177,Full-ΣMi残差模型,M1+M2+M3+M4,故障原因诊断类,fmea_id_to_cause,故障原因查询,,,简单,FMEA编号DC2这条FMEA里，为什么会发生这个失效？请给出原因。,Environmental conditions; Anchor impacts - seabed movement,根据上下文，FMEA编号为FF18的条目中描述了失效原因/FailureCause如下： 环境条件；水下海洋生物附着会增加材料的重量和应力，这可能导致外船体开裂。 因此，在FMEA编号FF18中，会发生失效的原因是：环境条件；水下海洋生物附着会增加材料的重量和应力，这可能导致外船体开裂。,错误,0.0,1179.65,语义RAG,0.0,0.0,0,,3,Environmental conditions; Anchor impacts - seabed movement,,,,,Environmental conditions; Anchor impacts - seabed movement,,FMEA编号；潜在失效原因/机理,98,
178,178,Full-ΣMi残差模型,M1+M2+M3+M4,故障原因诊断类,fmea_id_to_cause,故障原因查询,,,中等,FMEA编号DC3的失效原因写的什么？,"Operation; Mechanical stress - cable motion,Bending and motion",不知道。上下文中的FMEA编号为FF8和FF2，没有找到编号为DC3的相关信息。,错误,0.0,589.96,语义RAG,0.0,0.0,0,,3,"Operation; Mechanical stress - cable motion,Bending and motion",,,,,"Operation; Mechanical stress - cable motion,Bending and motion",,FMEA编号；潜在失效原因/机理,99,
179,179,Full-ΣMi残差模型,M1+M2+M3+M4,故障原因诊断类,fmea_id_to_cause,故障原因查询,,,简单,FMEA编号DC4的潜在失效原因/机理是什么？,"Installation phase; Seawater exposure, environmental conditions due to failure of corrosion protection anodes",不知道。上下文中的FMEA编号为FF2和FF8，没有找到FMEA编号为DC4的相关信息。,错误,0.0,621.85,语义RAG,0.0,0.0,0,,3,"Installation phase; Seawater exposure, environmental conditions due to failure of corrosion protection anodes",,,,,"Installation phase; Seawater exposure, environmental conditions due to failure of corrosion protection anodes",,FMEA编号；潜在失效原因/机理,100,
180,180,Full-ΣMi残差模型,M1+M2+M3+M4,故障原因诊断类,fmea_id_to_cause,故障原因查询,,,简单,FMEA编号DC5这条记录，原因是什么？,"Design Phase; Seawater exposure, environmental conditions due to insufficient coating",根据上下文，FMEA编号DC5这条记录的信息并未直接给出，因此无法回答其具体的原因。根据提供的信息中，最接近的记录是FMEA编号FF2，其失效模式为Capsize [11]，原因描述为“Design; Analysis and Calculation fault due to human error [11]”。但这是针对FMEA编号FF2的记录。 若需准确回答FMEA编号DC5的原因，请提供相关具体信息。,错误,0.0,1669.06,语义RAG,0.0,0.0,0,,3,"Design Phase; Seawater exposure, environmental conditions due to insufficient coating",,,,,"Design Phase; Seawater exposure, environmental conditions due to insufficient coating",,FMEA编号；潜在失效原因/机理,101,
181,181,Full-ΣMi残差模型,M1+M2+M3+M4,故障原因诊断类,fmea_id_to_cause,故障原因查询,,,中等,查一下FMEA编号DC6对应的原因/机理。,Design Phase; Excessive mechanical load - equipment interraction,"不知道。上下文中的FMEA编号为FF2, FF8和DC21，但未包含FMEA编号DC6的相关信息。",错误,0.0,664.25,语义RAG,0.0,0.0,0,,3,Design Phase; Excessive mechanical load - equipment interraction,,,,,Design Phase; Excessive mechanical load - equipment interraction,,FMEA编号；潜在失效原因/机理,102,
182,182,Full-ΣMi残差模型,M1+M2+M3+M4,故障原因诊断类,fmea_id_to_cause,故障原因查询,,,简单,FMEA编号DC7这条FMEA里，为什么会发生这个失效？请给出原因。,Design Phase; Wrong design/execution of the isolation material,"根据上下文，FMEA编号为FF18的条目中描述了失效原因（FailureCause），而不是DC7。其内容如下： 失效原因 / FailureCause / cause / reason / 为什么 / 为啥 / 咋来的: Environmental condition; Marine growth under water can add additional weight and stress for the material, which can lead to cracks in the outer hull 因此，对于FF18条目来说，失效发生的原因是环境条件；水下生物附着会增加额外的重量和应力，从而导致外船体裂纹。",错误,0.0,1371.35,语义RAG,0.0,0.0,0,,3,Design Phase; Wrong design/execution of the isolation material,,,,,Design Phase; Wrong design/execution of the isolation material,,FMEA编号；潜在失效原因/机理,103,
183,183,Full-ΣMi残差模型,M1+M2+M3+M4,故障原因诊断类,fmea_id_to_cause,故障原因查询,,,简单,FMEA编号DC8的失效原因写的什么？,Environmental conditions; Floating debris - marine activities,不知道。,错误,0.0,459.04,语义RAG,0.0,0.0,0,,3,Environmental conditions; Floating debris - marine activities,,,,,Environmental conditions; Floating debris - marine activities,,FMEA编号；潜在失效原因/机理,104,
184,184,Full-ΣMi残差模型,M1+M2+M3+M4,故障原因诊断类,fmea_id_to_cause,故障原因查询,,,中等,FMEA编号DC9的潜在失效原因/机理是什么？,Operation; Connector failure - Mechanical stress,不知道。上下文中的FMEA编号为FF2和FF8，没有找到编号为DC9的相关信息。,错误,0.0,607.01,语义RAG,0.0,0.0,0,,3,Operation; Connector failure - Mechanical stress,,,,,Operation; Connector failure - Mechanical stress,,FMEA编号；潜在失效原因/机理,105,
185,185,Full-ΣMi残差模型,M1+M2+M3+M4,故障原因诊断类,fmea_id_to_cause,故障原因查询,,,简单,FMEA编号DC10这条记录，原因是什么？,Manufacturing; Poor quality components [6],根据上下文，FMEA编号DC10这条记录的信息并未直接给出，但可以参考相似的记录来推测其可能的原因。从项目/功能和失效模式来看，与DC10最接近的是FMEA编号FF8的记录，其失效模式为Capsize [11]，原因描述为Environmental condition; Extreme horizontal oscillatory force。 因此，推测FMEA编号DC10这条记录的原因可能是： Environmental condition; Extreme horizontal oscillatory force。,错误,0.0,1632.58,语义RAG,0.0,0.0,0,,3,Manufacturing; Poor quality components [6],,,,,Manufacturing; Poor quality components [6],,FMEA编号；潜在失效原因/机理,106,
186,186,Full-ΣMi残差模型,M1+M2+M3+M4,故障原因诊断类,fmea_id_to_cause,故障原因查询,,,简单,查一下FMEA编号DC11对应的原因/机理。,Manufacturing; Poor quality of insulating fluids [6],根据上下文，没有找到FMEA编号为DC11的相关信息。,错误,0.0,562.45,语义RAG,0.0,0.0,0,,3,Manufacturing; Poor quality of insulating fluids [6],,,,,Manufacturing; Poor quality of insulating fluids [6],,FMEA编号；潜在失效原因/机理,107,
187,187,Full-ΣMi残差模型,M1+M2+M3+M4,故障原因诊断类,fmea_id_to_cause,故障原因查询,,,中等,FMEA编号DC12这条FMEA里，为什么会发生这个失效？请给出原因。,Manufacturing; Quality of workmanship [6],"根据上下文，FMEA编号DC12并未出现在提供的JSON数据结构中，因此无法找到对应的失效原因。我只能提供其他条目的失效原因，请问您需要了解哪一条的失效原因？或者您可以直接告诉我具体的FMEA编号以便于查询。如果没有具体编号，我将无法回答您的问题。 根据现有信息： - FF18的失效原因是：Environmental condition; Marine growth under water can add additional weight and stress for the material, which can lead to cracks in the outer hull - TP8的失效原因是：Installation; During Transportation and installation transition piece may be subjected to bending and twisting loads which could lead to fatigue cracks - FF8的失效原因是：Environmental condition; Extreme horizontal oscillatory force",错误,0.0,1688.77,语义RAG,0.0,0.0,0,,3,Manufacturing; Quality of workmanship [6],,,,,Manufacturing; Quality of workmanship [6],,FMEA编号；潜在失效原因/机理,108,
188,188,Full-ΣMi残差模型,M1+M2+M3+M4,故障原因诊断类,fmea_id_to_cause,故障原因查询,,,简单,FMEA编号DC13的失效原因写的什么？,Operation; Mechanical stress,不知道。上下文中的FMEA编号为FF8和FF2，没有找到编号为DC13的相关信息。,错误,0.0,629.36,语义RAG,0.0,0.0,0,,3,Operation; Mechanical stress,,,,,Operation; Mechanical stress,,FMEA编号；潜在失效原因/机理,109,
189,189,Full-ΣMi残差模型,M1+M2+M3+M4,故障原因诊断类,fmea_id_to_cause,故障原因查询,,,简单,FMEA编号DC14的潜在失效原因/机理是什么？,Design Phase; Inproper design : need quality insulation materials and protection,不知道。上下文中的FMEA编号为FF2和FF8，没有找到编号为DC14的相关信息。,错误,0.0,600.51,语义RAG,0.0,0.0,0,,3,Design Phase; Inproper design : need quality insulation materials and protection,,,,,Design Phase; Inproper design : need quality insulation materials and protection,,FMEA编号；潜在失效原因/机理,110,
190,190,Full-ΣMi残差模型,M1+M2+M3+M4,故障原因诊断类,fmea_id_to_cause,故障原因查询,,,中等,FMEA编号DC15这条记录，原因是什么？,Operation; Mechanical and thermal stress,根据上下文，FMEA编号DC15这条记录的信息并未直接给出，但可以参考相似的记录来推测其可能的原因。从提供的信息中，可以看到一个类似的失效模式记录： `FMEA编号=FF2; 项目/功能=Floating support structure / Floating Support structure / Primary structure; 失效模式=Capsize [11]; RPN=42.71; S=5; O=1.67; D=3; 原因=Design; Analysis and Calculation fault due to human error [11]` 因此，推测FMEA编号DC15这条记录的失效模式“Capsize [11]”的原因可能是： `原因=Design; Analysis and Calculation fault due to human error [11]` 但请注意，这仅是基于相似记录的推测，并非直接来自FMEA编号DC15的具体信息。,错误,0.0,2396.82,语义RAG,0.0,0.0,0,,3,Operation; Mechanical and thermal stress,,,,,Operation; Mechanical and thermal stress,,FMEA编号；潜在失效原因/机理,111,
191,191,Full-ΣMi残差模型,M1+M2+M3+M4,故障原因诊断类,fmea_id_to_cause,故障原因查询,,,简单,查一下FMEA编号DC16对应的原因/机理。,Manufacturing; Errors or defects during manufacturing,不知道。上下文中的FMEA编号为FF2、FF8和DC21，但未包含FMEA编号DC16的相关信息。,错误,0.0,702.59,语义RAG,0.0,0.0,0,,3,Manufacturing; Errors or defects during manufacturing,,,,,Manufacturing; Errors or defects during manufacturing,,FMEA编号；潜在失效原因/机理,112,
192,192,Full-ΣMi残差模型,M1+M2+M3+M4,故障原因诊断类,fmea_id_to_cause,故障原因查询,,,简单,FMEA编号DC17这条FMEA里，为什么会发生这个失效？请给出原因。,Operation; Damage on the cable due to extreme environmental events,"根据上下文，FMEA编号DC17并未出现在提供的JSON数据结构中，因此我不知道该编号的具体信息。 但是可以查看其他条目中的失效原因作为参考： - 编号FF18的失效原因是：Environmental condition; Marine growth under water can add additional weight and stress for the material, which can lead to cracks in the outer hull。 - 编号TP8的失效原因是：Installation; During Transportation and installation transition piece may be subjected to bending and twisting loads which could lead to fatigue cracks。 - 编号FF8的失效原因是：Environmental condition; Extreme horizontal oscillatory force。 如果需要编号DC17的具体失效原因，请提供更多信息或检查FMEA编号是否正确。",错误,0.0,1622.84,语义RAG,0.0,0.0,0,,3,Operation; Damage on the cable due to extreme environmental events,,,,,Operation; Damage on the cable due to extreme environmental events,,FMEA编号；潜在失效原因/机理,113,
193,193,Full-ΣMi残差模型,M1+M2+M3+M4,故障原因诊断类,fmea_id_to_cause,故障原因查询,,,中等,FMEA编号DC18的失效原因写的什么？,Operation; Internal damage: Problem in insulation material - Electrical overload,不知道。上下文中的FMEA编号为FF8和FF2，没有找到编号为DC18的相关信息。,错误,0.0,625.6,语义RAG,0.0,0.0,0,,3,Operation; Internal damage: Problem in insulation material - Electrical overload,,,,,Operation; Internal damage: Problem in insulation material - Electrical overload,,FMEA编号；潜在失效原因/机理,114,
194,194,Full-ΣMi残差模型,M1+M2+M3+M4,故障原因诊断类,fmea_id_to_cause,故障原因查询,,,简单,FMEA编号DC19的潜在失效原因/机理是什么？,Operation; Repeated stress cycles - bending motions,不知道。上下文中的FMEA编号为FF2和FF8，没有找到编号为DC19的相关信息。,错误,0.0,601.99,语义RAG,0.0,0.0,0,,3,Operation; Repeated stress cycles - bending motions,,,,,Operation; Repeated stress cycles - bending motions,,FMEA编号；潜在失效原因/机理,115,
195,195,Full-ΣMi残差模型,M1+M2+M3+M4,故障原因诊断类,fmea_id_to_cause,故障原因查询,,,简单,FMEA编号DC20这条记录，原因是什么？,"Design Phase; Unexpected contingency ( earthquake, seabed movement)",不知道。上下文没有提到FMEA编号为DC20的记录。,错误,0.0,952.06,语义RAG,0.0,0.0,0,,3,"Design Phase; Unexpected contingency ( earthquake, seabed movement)",,,,,"Design Phase; Unexpected contingency ( earthquake, seabed movement)",,FMEA编号；潜在失效原因/机理,116,
196,196,Full-ΣMi残差模型,M1+M2+M3+M4,故障原因诊断类,fmea_id_to_cause,故障原因查询,,,中等,查一下FMEA编号DC21对应的原因/机理。,Environmental conditions; Dynamic positioning system failure due to excessive environmental conditions,失效原因 / FailureCause / cause / reason / 为什么 / 为啥 / 咋来的: Environmental conditions; Dynamic positioning system failure due to excessive environmental conditions,正确,1.0,719.28,语义RAG,0.3333,1.0,0,,3,,,,,,Environmental conditions; Dynamic positioning system failure due to excessive environmental conditions,,FMEA编号；潜在失效原因/机理,117,
197,197,Full-ΣMi残差模型,M1+M2+M3+M4,故障原因诊断类,fmea_id_to_cause,故障原因查询,,,简单,FMEA编号DC22这条FMEA里，为什么会发生这个失效？请给出原因。,Operation,"根据上下文，FMEA编号为FF18的条目中描述了失效原因（FailureCause），而不是DC22。其内容如下： 失效原因 / FailureCause / cause / reason / 为什么 / 为啥 / 咋来的: Environmental condition; Marine growth under water can add additional weight and stress for the material, which can lead to cracks in the outer hull 因此，对于FF18条目来说，失效发生的原因是环境条件；水下的生物附着会增加材料的重量和应力，从而导致外船体裂纹。",错误,0.0,1439.7,语义RAG,0.3333,1.0,0,,3,Operation,,,,,Operation,,FMEA编号；潜在失效原因/机理,118,
198,198,Full-ΣMi残差模型,M1+M2+M3+M4,故障原因诊断类,fmea_id_to_cause,故障原因查询,,,简单,FMEA编号DC23的失效原因写的什么？,Design Phase; Underestimation of dynamic conditions - Unexpected contingency scenario ( loss of mooring line ),不知道。上下文中的FMEA编号为FF8和FF2，没有找到编号为DC23的相关信息。,错误,0.0,625.13,语义RAG,0.0,0.0,0,,3,Design Phase; Underestimation of dynamic conditions - Unexpected contingency scenario ( loss of mooring line ),,,,,Design Phase; Underestimation of dynamic conditions - Unexpected contingency scenario ( loss of mooring line ),,FMEA编号；潜在失效原因/机理,119,
199,199,Full-ΣMi残差模型,M1+M2+M3+M4,故障原因诊断类,fmea_id_to_cause,故障原因查询,,,中等,FMEA编号DC24的潜在失效原因/机理是什么？,Operation,根据上下文，没有找到FMEA编号为DC24的相关信息。因此，我无法回答这个问题。,错误,0.0,632.48,语义RAG,0.6667,1.0,0,,3,Operation,,,,,Operation,,FMEA编号；潜在失效原因/机理,120,
200,200,Full-ΣMi残差模型,M1+M2+M3+M4,故障原因诊断类,fmea_id_to_cause,故障原因查询,,,简单,FMEA编号DC25这条记录，原因是什么？,Design Phase; Design inefficiency [6],Design Phase; Design inefficiency [6],正确,1.0,923.1,语义RAG,0.3333,1.0,0,,3,,,6.0,,,Design Phase; Design inefficiency [6],,FMEA编号；潜在失效原因/机理,121,
201,201,Full-ΣMi残差模型,M1+M2+M3+M4,故障原因诊断类,fmea_id_to_cause,故障原因查询,,,简单,查一下FMEA编号DC26对应的原因/机理。,"Design Phase; lack of data of the deployment location [4,6]",不知道。上下文中的FMEA编号为DC21，没有找到编号为DC26的信息。,错误,0.0,626.69,语义RAG,0.0,0.0,0,,3,"Design Phase; lack of data of the deployment location [4,6]",,,,,"Design Phase; lack of data of the deployment location [4,6]",,FMEA编号；潜在失效原因/机理,122,
202,202,Full-ΣMi残差模型,M1+M2+M3+M4,故障原因诊断类,fmea_id_to_cause,故障原因查询,,,中等,FMEA编号DC27这条FMEA里，为什么会发生这个失效？请给出原因。,Installation phase; incorrect installation [6],不知道。上下文中的FMEA编号为FF18、TP8和FF8，但没有找到FMEA编号为DC27的相关信息。,错误,0.0,708.54,语义RAG,0.0,0.0,0,,3,Installation phase; incorrect installation [6],,,,,Installation phase; incorrect installation [6],,FMEA编号；潜在失效原因/机理,123,
203,203,Full-ΣMi残差模型,M1+M2+M3+M4,故障原因诊断类,fmea_id_to_cause,故障原因查询,,,简单,FMEA编号DC28的失效原因写的什么？,Environmental conditions; Environmental exposure - wear,不知道。,错误,0.0,448.47,语义RAG,0.0,0.0,0,,3,Environmental conditions; Environmental exposure - wear,,,,,Environmental conditions; Environmental exposure - wear,,FMEA编号；潜在失效原因/机理,124,
204,204,Full-ΣMi残差模型,M1+M2+M3+M4,故障原因诊断类,fmea_id_to_cause,故障原因查询,,,简单,FMEA编号DC29的潜在失效原因/机理是什么？,Design Phase; Insufficient information for the deployment location [6],根据上下文，没有找到FMEA编号为DC29的相关信息。因此，我无法回答这个问题。,错误,0.0,589.32,语义RAG,0.0,0.0,0,,3,Design Phase; Insufficient information for the deployment location [6],,,,,Design Phase; Insufficient information for the deployment location [6],,FMEA编号；潜在失效原因/机理,125,
205,205,Full-ΣMi残差模型,M1+M2+M3+M4,故障原因诊断类,fmea_id_to_cause,故障原因查询,,,中等,FMEA编号DC30这条记录，原因是什么？,Design Phase; Insufficient information for the deployment location [6],不知道。上下文没有提到FMEA编号DC30的记录。,错误,0.0,963.34,语义RAG,0.0,0.0,0,,3,Design Phase; Insufficient information for the deployment location [6],,,,,Design Phase; Insufficient information for the deployment location [6],,FMEA编号；潜在失效原因/机理,126,
206,206,Full-ΣMi残差模型,M1+M2+M3+M4,故障原因诊断类,fmea_id_to_cause,故障原因查询,,,简单,查一下FMEA编号DC31对应的原因/机理。,Environmental conditions; exposure of seabed cover to extreme environmental phenomena,不知道。上下文中的FMEA编号为DC21，没有找到DC31的相关信息。,错误,0.0,623.65,语义RAG,0.0,0.0,0,,3,Environmental conditions; exposure of seabed cover to extreme environmental phenomena,,,,,Environmental conditions; exposure of seabed cover to extreme environmental phenomena,,FMEA编号；潜在失效原因/机理,127,
207,207,Full-ΣMi残差模型,M1+M2+M3+M4,故障原因诊断类,fmea_id_to_cause,故障原因查询,,,简单,FMEA编号DC32这条FMEA里，为什么会发生这个失效？请给出原因。,Operation; Mechanical stress - excessive bending,"根据上下文，FMEA编号为FF18的条目中描述了失效原因（FailureCause），但并未提到FMEA编号为DC32的内容。因此，我无法找到与FMEA编号DC32相关的失效原因。 根据提供的信息，最接近的是FMEA编号FF18中的失效原因： Environmental condition; Marine growth under water can add additional weight and stress for the material, which can lead to cracks in the outer hull.",错误,0.0,1197.42,语义RAG,0.0,0.0,0,,3,Operation; Mechanical stress - excessive bending,,,,,Operation; Mechanical stress - excessive bending,,FMEA编号；潜在失效原因/机理,128,
208,208,Full-ΣMi残差模型,M1+M2+M3+M4,故障原因诊断类,fmea_id_to_cause,故障原因查询,,,中等,FMEA编号TO1的失效原因写的什么？,Design phase; Resonance occurs when the natural frequency of the tower or other components of the wind turbine matches the frequency of the wind or other external forces.,不知道。上下文中的FMEA编号为FF8和FF2，没有找到编号为TO1的相关信息。,错误,0.0,620.22,语义RAG,0.0,0.0,0,,3,Design phase; Resonance occurs when the natural frequency of the tower or other components of the wind turbine matches the frequency of the wind or other external forces.,,,,,Design phase; Resonance occurs when the natural frequency of the tower or other components of the wind turbine matches the frequency of the wind or other external forces.,,FMEA编号；潜在失效原因/机理,0,
209,209,Full-ΣMi残差模型,M1+M2+M3+M4,故障原因诊断类,fmea_id_to_cause,故障原因查询,,,简单,FMEA编号TO2的潜在失效原因/机理是什么？,Environmental condition; Resonance occurs when the natural frequency of the tower or other components of the wind turbine matches the frequency of the wind or other external forces.,根据上下文，没有找到FMEA编号为TO2的相关信息。因此，我无法回答这个问题。,错误,0.0,581.59,语义RAG,0.0,0.0,0,,3,Environmental condition; Resonance occurs when the natural frequency of the tower or other components of the wind turbine matches the frequency of the wind or other external forces.,,,,,Environmental condition; Resonance occurs when the natural frequency of the tower or other components of the wind turbine matches the frequency of the wind or other external forces.,,FMEA编号；潜在失效原因/机理,1,
210,210,Full-ΣMi残差模型,M1+M2+M3+M4,故障原因诊断类,fmea_id_to_cause,故障原因查询,,,简单,FMEA编号TO3这条记录，原因是什么？,"Installation phase; Faulty welding of Tower [10,15]","FMEA编号TO3这条记录的原因是：Design Phase; lack of data of the deployment location [4,6]。",错误,0.0,1057.08,语义RAG,0.0,0.0,0,,3,"Installation phase; Faulty welding of Tower [10,15]",,,,,"Installation phase; Faulty welding of Tower [10,15]",,FMEA编号；潜在失效原因/机理,2,
211,211,Full-ΣMi残差模型,M1+M2+M3+M4,故障原因诊断类,fmea_id_to_cause,故障原因查询,,,中等,查一下FMEA编号TO4对应的原因/机理。,"Maintenance phase; Due to poor inspection Faulty welding of Tower couldn't be detected before getting severe [10,15]",不知道。上下文中的FMEA编号为FF2、FF8和DC21，但未包含FMEA编号TO4的相关信息。,错误,0.0,623.55,语义RAG,0.0,0.0,0,,3,"Maintenance phase; Due to poor inspection Faulty welding of Tower couldn't be detected before getting severe [10,15]",,,,,"Maintenance phase; Due to poor inspection Faulty welding of Tower couldn't be detected before getting severe [10,15]",,FMEA编号；潜在失效原因/机理,3,
212,212,Full-ΣMi残差模型,M1+M2+M3+M4,故障原因诊断类,fmea_id_to_cause,故障原因查询,,,简单,FMEA编号TO5这条FMEA里，为什么会发生这个失效？请给出原因。,"Environmental loads; The interaction between the blades and the tower can cause pressure fluctuations, leading to cyclic fatigue [14]","根据上下文，TO5这条FMEA对应的编号为FF18，其失效原因是： 失效原因 / FailureCause / cause / reason / 为什么 / 为啥 / 咋来的: Environmental condition; Marine growth under water can add additional weight and stress for the material, which can lead to cracks in the outer hull",错误,0.0,1014.75,语义RAG,0.0,0.0,0,,3,"Environmental loads; The interaction between the blades and the tower can cause pressure fluctuations, leading to cyclic fatigue [14]",,,,,"Environmental loads; The interaction between the blades and the tower can cause pressure fluctuations, leading to cyclic fatigue [14]",,FMEA编号；潜在失效原因/机理,4,
213,213,Full-ΣMi残差模型,M1+M2+M3+M4,故障原因诊断类,fmea_id_to_cause,故障原因查询,,,简单,FMEA编号TO6的失效原因写的什么？,Environmental loads; Material fatigue due to high waves and high frequency of loads [1],不知道。上下文中的FMEA编号为FF8和FF2，没有找到编号为TO6的相关信息。,错误,0.0,571.51,语义RAG,0.0,0.0,0,,3,Environmental loads; Material fatigue due to high waves and high frequency of loads [1],,,,,Environmental loads; Material fatigue due to high waves and high frequency of loads [1],,FMEA编号；潜在失效原因/机理,5,
214,214,Full-ΣMi残差模型,M1+M2+M3+M4,故障原因诊断类,fmea_id_to_cause,故障原因查询,,,中等,FMEA编号TO7的潜在失效原因/机理是什么？,Environmental condition; Cyclic wind/wave loading (above design assumption)creates stress concentrations and fatigue. [11],不知道。上下文中的FMEA编号为FF8和SKS3，没有找到编号为TO7的相关信息。,错误,0.0,613.34,语义RAG,0.0,0.0,0,,3,Environmental condition; Cyclic wind/wave loading (above design assumption)creates stress concentrations and fatigue. [11],,,,,Environmental condition; Cyclic wind/wave loading (above design assumption)creates stress concentrations and fatigue. [11],,FMEA编号；潜在失效原因/机理,6,
215,215,Full-ΣMi残差模型,M1+M2+M3+M4,故障原因诊断类,fmea_id_to_cause,故障原因查询,,,简单,FMEA编号TO8这条记录，原因是什么？,"Design phase; Welding failure due to Poor design or inadequate specification of welding procedures considering harsh environmental condition [1,15]","FMEA编号TO8这条记录的原因是：Design Phase; lack of data of the deployment location [4,6]。",错误,0.0,1062.05,语义RAG,0.0,0.0,0,,3,"Design phase; Welding failure due to Poor design or inadequate specification of welding procedures considering harsh environmental condition [1,15]",,,,,"Design phase; Welding failure due to Poor design or inadequate specification of welding procedures considering harsh environmental condition [1,15]",,FMEA编号；潜在失效原因/机理,7,
216,216,Full-ΣMi残差模型,M1+M2+M3+M4,故障原因诊断类,fmea_id_to_cause,故障原因查询,,,简单,查一下FMEA编号TO9对应的原因/机理。,"Manufacturing; Welding failure due to Poor design or inadequate specification of welding procedures considering harsh environmental condition [1,15]",不知道。上下文中的FMEA编号为FF2、FF8和DC21，没有找到编号为TO9的相关信息。,错误,0.0,668.57,语义RAG,0.0,0.0,0,,3,"Manufacturing; Welding failure due to Poor design or inadequate specification of welding procedures considering harsh environmental condition [1,15]",,,,,"Manufacturing; Welding failure due to Poor design or inadequate specification of welding procedures considering harsh environmental condition [1,15]",,FMEA编号；潜在失效原因/机理,8,
217,217,Full-ΣMi残差模型,M1+M2+M3+M4,故障原因诊断类,fmea_id_to_cause,故障原因查询,,,中等,FMEA编号TO10这条FMEA里，为什么会发生这个失效？请给出原因。,Fabrication; Material fatigue due to insufficient manufacturing quality [15],"根据上下文，TO10这条FMEA中并未直接提及具体的失效模式、失效原因等信息。因此无法回答在TO10这条FMEA里为什么会发生这个失效。 但是，根据提供的其他条目信息，可以参考类似情况下的失效原因： - 编号FF18的失效原因是：Environmental condition; Marine growth under water can add additional weight and stress for the material, which can lead to cracks in the outer hull。 - 编号TP8的失效原因是：Installation; During Transportation and installation transition piece may be subjected to bending and twisting loads which could lead to fatigue cracks。 如果需要针对TO10的具体失效原因，请提供相关FMEA条目的详细信息。",错误,0.0,1641.02,语义RAG,0.0,0.0,0,,3,Fabrication; Material fatigue due to insufficient manufacturing quality [15],,,,,Fabrication; Material fatigue due to insufficient manufacturing quality [15],,FMEA编号；潜在失效原因/机理,9,
218,218,Full-ΣMi残差模型,M1+M2+M3+M4,故障原因诊断类,fmea_id_to_cause,故障原因查询,,,简单,FMEA编号TO11的失效原因写的什么？,"Fabrication; Welding failure due to Poor quality control during the welding process [1,10]",根据上下文，FMEA编号FF2的失效原因写的是：Design; Analysis and Calculation fault due to human error [11]。,错误,0.0,691.87,语义RAG,0.0,0.0,0,,3,"Fabrication; Welding failure due to Poor quality control during the welding process [1,10]",,,,,"Fabrication; Welding failure due to Poor quality control during the welding process [1,10]",,FMEA编号；潜在失效原因/机理,10,
219,219,Full-ΣMi残差模型,M1+M2+M3+M4,故障原因诊断类,fmea_id_to_cause,故障原因查询,,,简单,FMEA编号TO12的潜在失效原因/机理是什么？,"Installation phase; Installation phase stress/fatigue due to waves, wind, and process. Incorrect installation/error can cause stress concentration and fatigue. [11]",你询问的是FMEA编号TO12的潜在失效原因/机理，但根据提供的上下文信息中并没有找到FMEA编号为TO12的相关记录。因此，我无法回答这个问题。 根据现有信息，最接近的问题是关于FMEA编号FF8的潜在失效原因/机理，其内容如下： 失效原因 / FailureCause / cause / reason / 为什么 / 为啥 / 咋来的: Environmental condition; Extreme horizontal oscillatory force,错误,0.0,1225.1,语义RAG,0.0,0.0,0,,3,"Installation phase; Installation phase stress/fatigue due to waves, wind, and process. Incorrect installation/error can cause stress concentration and fatigue. [11]",,,,,"Installation phase; Installation phase stress/fatigue due to waves, wind, and process. Incorrect installation/error can cause stress concentration and fatigue. [11]",,FMEA编号；潜在失效原因/机理,11,
220,220,Full-ΣMi残差模型,M1+M2+M3+M4,故障原因诊断类,fmea_id_to_cause,故障原因查询,,,中等,FMEA编号TO13这条记录，原因是什么？,Maintenance phase; Corrosion due to lack of regular inspection and maintenance to prevent critical steps and failure [11],"Design Phase; lack of data of the deployment location [4,6]",错误,0.0,933.39,语义RAG,0.3333,1.0,0,,3,Maintenance phase; Corrosion due to lack of regular inspection and maintenance to prevent critical steps and failure [11],,,,,Maintenance phase; Corrosion due to lack of regular inspection and maintenance to prevent critical steps and failure [11],,FMEA编号；潜在失效原因/机理,12,
221,221,Full-ΣMi残差模型,M1+M2+M3+M4,故障原因诊断类,fmea_id_to_cause,故障原因查询,,,简单,查一下FMEA编号TO14对应的原因/机理。,Operation phase; Repeated or cyclic loading and unloading of the tower over a long period of time can cause cracks caused by plastic deformation [11],根据上下文，没有找到FMEA编号为TO14的相关信息。因此无法提供其原因/机理。,错误,0.0,629.51,语义RAG,0.0,0.0,0,,3,Operation phase; Repeated or cyclic loading and unloading of the tower over a long period of time can cause cracks caused by plastic deformation [11],,,,,Operation phase; Repeated or cyclic loading and unloading of the tower over a long period of time can cause cracks caused by plastic deformation [11],,FMEA编号；潜在失效原因/机理,13,
222,222,Full-ΣMi残差模型,M1+M2+M3+M4,故障原因诊断类,fmea_id_to_cause,故障原因查询,,,简单,FMEA编号TO15这条FMEA里，为什么会发生这个失效？请给出原因。,"Maintenance phase; Blade replacements, repairs, and corrosion mitigation can add stress. Improper execution can lead to damage and fatigue. [11]","根据上下文，TO15这条FMEA并没有具体描述，因此无法得知其失效原因。其他条目中提到的失效原因如下： - FF18：Environmental condition; Marine growth under water can add additional weight and stress for the material, which can lead to cracks in the outer hull. - TP8：Installation; During Transportation and installation transition piece may be subjected to bending and twisting loads which could lead to fatigue cracks. - FF8：Environmental condition; Extreme horizontal oscillatory force. 请确认FMEA编号是否正确。",错误,0.0,1358.13,语义RAG,0.0,0.0,0,,3,"Maintenance phase; Blade replacements, repairs, and corrosion mitigation can add stress. Improper execution can lead to damage and fatigue. [11]",,,,,"Maintenance phase; Blade replacements, repairs, and corrosion mitigation can add stress. Improper execution can lead to damage and fatigue. [11]",,FMEA编号；潜在失效原因/机理,14,
223,223,Full-ΣMi残差模型,M1+M2+M3+M4,故障原因诊断类,fmea_id_to_cause,故障原因查询,,,中等,FMEA编号TO16的失效原因写的什么？,Design phase; Braking system failure due to wrong estimation of operating conditions [15],不知道。上下文中的FMEA编号为FF8和FF2，没有找到编号为TO16的相关信息。,错误,0.0,631.98,语义RAG,0.0,0.0,0,,3,Design phase; Braking system failure due to wrong estimation of operating conditions [15],,,,,Design phase; Braking system failure due to wrong estimation of operating conditions [15],,FMEA编号；潜在失效原因/机理,15,
224,224,Full-ΣMi残差模型,M1+M2+M3+M4,故障原因诊断类,fmea_id_to_cause,故障原因查询,,,简单,FMEA编号TO17的潜在失效原因/机理是什么？,Environmental condition; Lightning strikes[9],根据上下文，没有找到FMEA编号为TO17的相关信息。因此，我无法回答这个问题。,错误,0.0,592.67,语义RAG,0.0,0.0,0,,3,Environmental condition; Lightning strikes[9],,,,,Environmental condition; Lightning strikes[9],,FMEA编号；潜在失效原因/机理,16,
225,225,Full-ΣMi残差模型,M1+M2+M3+M4,故障原因诊断类,fmea_id_to_cause,故障原因查询,,,简单,FMEA编号TO18这条记录，原因是什么？,Design phase; Lightning strikes damages due to inefficient lightning prevention system [9],FMEA编号TO18这条记录的原因是：Design; Analysis and Calculation fault due to human error [11]。,错误,0.0,1052.51,语义RAG,0.0,0.0,0,,3,Design phase; Lightning strikes damages due to inefficient lightning prevention system [9],,,,,Design phase; Lightning strikes damages due to inefficient lightning prevention system [9],,FMEA编号；潜在失效原因/机理,17,
226,226,Full-ΣMi残差模型,M1+M2+M3+M4,故障原因诊断类,fmea_id_to_cause,故障原因查询,,,中等,查一下FMEA编号TO19对应的原因/机理。,Manufacturing; Hit by blades due to poor manufacturing quality control [9],根据上下文，没有找到FMEA编号为TO19的相关信息。因此无法提供其原因/机理。,错误,0.0,600.67,语义RAG,0.0,0.0,0,,3,Manufacturing; Hit by blades due to poor manufacturing quality control [9],,,,,Manufacturing; Hit by blades due to poor manufacturing quality control [9],,FMEA编号；潜在失效原因/机理,18,
227,227,Full-ΣMi残差模型,M1+M2+M3+M4,故障原因诊断类,fmea_id_to_cause,故障原因查询,,,简单,FMEA编号TO20这条FMEA里，为什么会发生这个失效？请给出原因。,Maintenance; Hit by blades due to poor maintenance and inspection leading to undetected wear and damage [15],"根据上下文，TO20这条FMEA里的失效原因（FailureCause）为： Environmental condition; Marine growth under water can add additional weight and stress for the material, which can lead to cracks in the outer hull.",错误,0.0,822.45,语义RAG,0.0,0.0,0,,3,Maintenance; Hit by blades due to poor maintenance and inspection leading to undetected wear and damage [15],,,,,Maintenance; Hit by blades due to poor maintenance and inspection leading to undetected wear and damage [15],,FMEA编号；潜在失效原因/机理,19,
228,228,Full-ΣMi残差模型,M1+M2+M3+M4,故障原因诊断类,fmea_id_to_cause,故障原因查询,,,简单,FMEA编号TO21的失效原因写的什么？,due to Operation; Hit by blades due to human error or operational failure [15],不知道。上下文中的FMEA编号为FF8和FF2，没有找到编号为TO21的相关信息。,错误,0.0,634.9,语义RAG,0.0,0.0,0,,3,due to Operation; Hit by blades due to human error or operational failure [15],,,,,due to Operation; Hit by blades due to human error or operational failure [15],,FMEA编号；潜在失效原因/机理,20,
229,229,Full-ΣMi残差模型,M1+M2+M3+M4,故障原因诊断类,fmea_id_to_cause,故障原因查询,,,中等,FMEA编号TO22的潜在失效原因/机理是什么？,"Manufacturing; Inadequate quality control during the manufacturing process may create structural weaknesses or defects in the tower, causing plastic deformation over time. [11]",根据上下文，没有找到FMEA编号为TO22的相关信息。因此，我无法回答这个问题。,错误,0.0,621.19,语义RAG,0.0,0.0,0,,3,"Manufacturing; Inadequate quality control during the manufacturing process may create structural weaknesses or defects in the tower, causing plastic deformation over time. [11]",,,,,"Manufacturing; Inadequate quality control during the manufacturing process may create structural weaknesses or defects in the tower, causing plastic deformation over time. [11]",,FMEA编号；潜在失效原因/机理,21,
230,230,Full-ΣMi残差模型,M1+M2+M3+M4,故障原因诊断类,fmea_id_to_cause,故障原因查询,,,简单,FMEA编号TO23这条记录，原因是什么？,Design phase; Plastic deformation due to insufficient yield strength and lack of detailed stress analysis and simulations [13],"根据上下文，FMEA编号TO23这条记录的信息并未直接给出，但可以参考相似的失效模式和项目/功能来推测。最接近的是FMEA编号TO9的记录，其失效模式为“Cracks”，具体信息如下： - 失效模式 / FailureMode: Cracks - 原因 / FailureCause: Manufacturing; Welding failure due to Poor design or inadequate specification of welding procedures considering harsh environmental condition [1,15] 因此，FMEA编号TO23这条记录的原因可能是： - Manufacturing; Welding failure due to Poor design or inadequate specification of welding procedures considering harsh environmental condition [1,15]",错误,0.0,2001.42,语义RAG,0.0,0.0,0,,3,Design phase; Plastic deformation due to insufficient yield strength and lack of detailed stress analysis and simulations [13],,,,,Design phase; Plastic deformation due to insufficient yield strength and lack of detailed stress analysis and simulations [13],,FMEA编号；潜在失效原因/机理,22,
231,231,Full-ΣMi残差模型,M1+M2+M3+M4,故障原因诊断类,fmea_id_to_cause,故障原因查询,,,简单,查一下FMEA编号TO24对应的原因/机理。,Operation phase; Mooring system failure can lead to direct tower collapse [1],不知道。上下文中的FMEA编号为FF2、FF8和DC21，但没有找到编号为TO24的相关信息。,错误,0.0,694.89,语义RAG,0.0,0.0,0,,3,Operation phase; Mooring system failure can lead to direct tower collapse [1],,,,,Operation phase; Mooring system failure can lead to direct tower collapse [1],,FMEA编号；潜在失效原因/机理,23,
232,232,Full-ΣMi残差模型,M1+M2+M3+M4,故障原因诊断类,fmea_id_to_cause,故障原因查询,,,中等,FMEA编号TP1这条FMEA里，为什么会发生这个失效？请给出原因。,Design; Analysis and calculation fault due to human error [11],失效原因 / FailureCause / cause / reason / 为什么 / 为啥 / 咋来的: During Transportation and installation transition piece may be subjected to bending and twisting loads which could lead to fatigue cracks,错误,0.0,780.66,语义RAG,0.0,0.0,0,,3,Design; Analysis and calculation fault due to human error [11],,,,,Design; Analysis and calculation fault due to human error [11],,FMEA编号；潜在失效原因/机理,24,
233,233,Full-ΣMi残差模型,M1+M2+M3+M4,故障原因诊断类,fmea_id_to_cause,故障原因查询,,,简单,FMEA编号TP2的失效原因写的什么？,"Operation and Maintenance; Brittle fracture due to extreme environmental temperature, leading to a shift in the ductile-to-brittle transition temperature [16]",不知道。上下文中的FMEA编号为FF8和FF2，没有找到编号为TP2的相关信息。,错误,0.0,632.65,语义RAG,0.0,0.0,0,,3,"Operation and Maintenance; Brittle fracture due to extreme environmental temperature, leading to a shift in the ductile-to-brittle transition temperature [16]",,,,,"Operation and Maintenance; Brittle fracture due to extreme environmental temperature, leading to a shift in the ductile-to-brittle transition temperature [16]",,FMEA编号；潜在失效原因/机理,25,
234,234,Full-ΣMi残差模型,M1+M2+M3+M4,故障原因诊断类,fmea_id_to_cause,故障原因查询,,,简单,FMEA编号TP3的潜在失效原因/机理是什么？,"Operation; Changes in wave spectra can cause increased loads, resonance, and stress concentrations, leading to plastic deformation in offshore wind turbines. [11]",根据上下文，没有找到FMEA编号为TP3的相关信息。因此，我无法回答这个问题。,错误,0.0,604.17,语义RAG,0.0,0.0,0,,3,"Operation; Changes in wave spectra can cause increased loads, resonance, and stress concentrations, leading to plastic deformation in offshore wind turbines. [11]",,,,,"Operation; Changes in wave spectra can cause increased loads, resonance, and stress concentrations, leading to plastic deformation in offshore wind turbines. [11]",,FMEA编号；潜在失效原因/机理,26,
235,235,Full-ΣMi残差模型,M1+M2+M3+M4,故障原因诊断类,fmea_id_to_cause,故障原因查询,,,中等,FMEA编号TP4这条记录，原因是什么？,"Operation; Cycling loading could cause microstructural changes in the material and eventually lead to fatigue crack initiation [1,15]",根据上下文，FMEA编号TP4这条记录的信息并未直接给出，但根据相似的编号TP1和TP6可以推测其可能的原因。然而，按照规则8，我们只能保留原始字段值和英文原文。 因此，答案是：信息不足，具体原因未在给定上下文中提及。如果需要准确答案，请提供完整信息。,错误,0.0,1422.17,语义RAG,0.0,0.0,0,,3,"Operation; Cycling loading could cause microstructural changes in the material and eventually lead to fatigue crack initiation [1,15]",,1.0,,,"Operation; Cycling loading could cause microstructural changes in the material and eventually lead to fatigue crack initiation [1,15]",,FMEA编号；潜在失效原因/机理,27,
236,236,Full-ΣMi残差模型,M1+M2+M3+M4,故障原因诊断类,fmea_id_to_cause,故障原因查询,,,简单,查一下FMEA编号TP5对应的原因/机理。,Environmental condition; Design parameters superseded due to climate change [11],不知道。上下文中的FMEA编号为FF2、FF8和DC21，但未包含FMEA编号TP5的相关信息。,错误,0.0,687.57,语义RAG,0.0,0.0,0,,3,Environmental condition; Design parameters superseded due to climate change [11],,,,,Environmental condition; Design parameters superseded due to climate change [11],,FMEA编号；潜在失效原因/机理,28,
237,237,Full-ΣMi残差模型,M1+M2+M3+M4,故障原因诊断类,fmea_id_to_cause,故障原因查询,,,简单,FMEA编号TP6这条FMEA里，为什么会发生这个失效？请给出原因。,Operation; due to unbalanced loads or wind-induced vibrations. [11],根据上下文，FMEA编号TP8这条FMEA里，失效的原因是： 失效原因 / FailureCause / cause / reason / 为什么 / 为啥 / 咋来的: Installation; During Transportation and installation transition piece may be subjected to bending and twisting loads which could lead to fatigue cracks,错误,0.0,944.41,语义RAG,0.0,0.0,0,,3,Operation; due to unbalanced loads or wind-induced vibrations. [11],,,,,Operation; due to unbalanced loads or wind-induced vibrations. [11],,FMEA编号；潜在失效原因/机理,29,
238,238,Full-ΣMi残差模型,M1+M2+M3+M4,故障原因诊断类,fmea_id_to_cause,故障原因查询,,,中等,FMEA编号TP7的失效原因写的什么？,"Installation; During installation, plastic deformation can occur due to processes like welding and bending [1]",不知道。上下文中的FMEA编号为FF8和FF2，没有找到编号为TP7的相关信息。,错误,0.0,628.31,语义RAG,0.0,0.0,0,,3,"Installation; During installation, plastic deformation can occur due to processes like welding and bending [1]",,,,,"Installation; During installation, plastic deformation can occur due to processes like welding and bending [1]",,FMEA编号；潜在失效原因/机理,30,
239,239,Full-ΣMi残差模型,M1+M2+M3+M4,故障原因诊断类,fmea_id_to_cause,故障原因查询,,,简单,FMEA编号TP8的潜在失效原因/机理是什么？,Installation; During Transportation and installation transition piece may be subjected to bending and twisting loads which could lead to fatigue cracks,根据上下文，没有找到FMEA编号TP8的相关信息。因此，我无法回答这个问题。,错误,0.0,572.21,语义RAG,0.0,0.0,0,,3,Installation; During Transportation and installation transition piece may be subjected to bending and twisting loads which could lead to fatigue cracks,,,,,Installation; During Transportation and installation transition piece may be subjected to bending and twisting loads which could lead to fatigue cracks,,FMEA编号；潜在失效原因/机理,31,
240,240,Full-ΣMi残差模型,M1+M2+M3+M4,故障原因诊断类,fmea_id_to_cause,故障原因查询,,,简单,FMEA编号TP9这条记录，原因是什么？,"Environmental Loads; Extreme environmental conditions like hurricanes or storm surges can subject the transition piece to large forces that exceed their design limits [10,11,15]","原因=Environmental Loads; Extreme environmental conditions like hurricanes or storm surges can subject the transition piece to large forces that exceed their design limits [10,11,15]",正确,1.0,1139.47,语义RAG,0.3333,1.0,0,,3,,,10.0；11.0；15.0,,,"Environmental Loads; Extreme environmental conditions like hurricanes or storm surges can subject the transition piece to large forces that exceed their design limits [10,11,15]",,FMEA编号；潜在失效原因/机理,32,
241,241,Full-ΣMi残差模型,M1+M2+M3+M4,故障原因诊断类,fmea_id_to_cause,故障原因查询,,,中等,查一下FMEA编号TP10对应的原因/机理。,Fabrication; Improper surface preparation before applying a protective coating or performing welding repairs like cleaning the surface with solvent and treating the surface with a rust inhibitor or primer for improving the adhesion can cause corrosion and crack propagation. [15],不知道。上下文中的FMEA编号为FF2、FF8和DC21，没有找到编号为TP10的相关信息。,错误,0.0,662.95,语义RAG,0.0,0.0,0,,3,Fabrication; Improper surface preparation before applying a protective coating or performing welding repairs like cleaning the surface with solvent and treating the surface with a rust inhibitor or primer for improving the adhesion can cause corrosion and crack propagation. [15],,,,,Fabrication; Improper surface preparation before applying a protective coating or performing welding repairs like cleaning the surface with solvent and treating the surface with a rust inhibitor or primer for improving the adhesion can cause corrosion and crack propagation. [15],,FMEA编号；潜在失效原因/机理,33,
242,242,Full-ΣMi残差模型,M1+M2+M3+M4,故障原因诊断类,fmea_id_to_cause,故障原因查询,,,简单,FMEA编号TP11这条FMEA里，为什么会发生这个失效？请给出原因。,Maintenance; Misalignments or looseness in the connections between the tower and the foundation or inadequate bracing can cause abnormal vibration in the transition piece [12],根据上下文，FMEA编号TP8对应的失效模式中提到了失效原因，但TP11并未在提供的上下文中出现。因此，我将基于最接近的编号TP8来回答您的问题。 失效原因 / FailureCause / cause / reason / 为什么 / 为啥 / 咋来的: Installation; During Transportation and installation transition piece may be subjected to bending and twisting loads which could lead to fatigue cracks 所以，根据上下文，失效发生的原因是安装过程中的弯矩和扭转载荷可能导致疲劳裂纹。,错误,0.0,1374.87,语义RAG,0.0,0.0,0,,3,Maintenance; Misalignments or looseness in the connections between the tower and the foundation or inadequate bracing can cause abnormal vibration in the transition piece [12],,,,,Maintenance; Misalignments or looseness in the connections between the tower and the foundation or inadequate bracing can cause abnormal vibration in the transition piece [12],,FMEA编号；潜在失效原因/机理,34,
243,243,Full-ΣMi残差模型,M1+M2+M3+M4,故障原因诊断类,fmea_id_to_cause,故障原因查询,,,简单,FMEA编号TP12的失效原因写的什么？,Maintenance; Plastic deformation can occur due to the application of excessive force or improper handling of the structure. [1],不知道。上下文中的FMEA编号为FF8和FF2，没有找到编号为TP12的相关信息。,错误,0.0,614.01,语义RAG,0.0,0.0,0,,3,Maintenance; Plastic deformation can occur due to the application of excessive force or improper handling of the structure. [1],,,,,Maintenance; Plastic deformation can occur due to the application of excessive force or improper handling of the structure. [1],,FMEA编号；潜在失效原因/机理,35,
244,244,Full-ΣMi残差模型,M1+M2+M3+M4,故障原因诊断类,fmea_id_to_cause,故障原因查询,,,中等,FMEA编号TP13的潜在失效原因/机理是什么？,"Maintenance; Repairing welding during maintenance can introduce residual stresses, leading to crack initiation [11]",根据上下文，没有找到FMEA编号为TP13的相关信息。因此，我无法回答这个问题。,错误,0.0,620.73,语义RAG,0.0,0.0,0,,3,"Maintenance; Repairing welding during maintenance can introduce residual stresses, leading to crack initiation [11]",,,,,"Maintenance; Repairing welding during maintenance can introduce residual stresses, leading to crack initiation [11]",,FMEA编号；潜在失效原因/机理,36,
245,245,Full-ΣMi残差模型,M1+M2+M3+M4,故障原因诊断类,fmea_id_to_cause,故障原因查询,,,简单,FMEA编号TP14这条记录，原因是什么？,"Maintenance; The transition piece may be subjected to large forces from lifting and handling equipment during maintenance, which are not considered in design assumptions [11]",FMEA编号TP14这条记录的原因是：Analysis and Calculation fault due to human error [11]。,错误,0.0,1043.09,语义RAG,0.0,0.0,0,,3,"Maintenance; The transition piece may be subjected to large forces from lifting and handling equipment during maintenance, which are not considered in design assumptions [11]",,11.0,,,"Maintenance; The transition piece may be subjected to large forces from lifting and handling equipment during maintenance, which are not considered in design assumptions [11]",,FMEA编号；潜在失效原因/机理,37,
246,246,Full-ΣMi残差模型,M1+M2+M3+M4,故障原因诊断类,项目失效现象风险指标查原因,项目范围原因查询,,,困难,在“Floating support structure / Floating Support structure / All structures”下，如果失效模式是“Hit by dropped objects”，且S/O/D分别为3.57/2.17/4.14，应追溯到什么原因？,Operation; Biological collision,失效原因 / FailureCause / cause / reason / 为什么 / 为啥 / 咋来的: Operation; Biological collision,正确,1.0,670.39,语义RAG,1.0,1.0,0,1.0,3,,,,,,Operation; Biological collision,,项目/功能；潜在失效模式；严酷度(S)；发生度(O)；可探测度(D)；潜在失效原因/机理,48,
247,247,Full-ΣMi残差模型,M1+M2+M3+M4,故障原因诊断类,项目失效现象风险指标查原因,项目范围原因查询,,,困难,在“Floating support structure / Floating Support structure / All structures”下，如果失效模式是“Structural break”，且S/O/D分别为4.33/1.67/3.5，应追溯到什么原因？,Environmental condition; Design parameter superseded due to climate change [11],Operation; Structure brittle fracture due to extreme environmental temperature,错误,0.0,595.48,语义RAG,0.6667,0.0,0,0.0,3,Environmental condition; Design parameter superseded due to climate change [11],,,,,Environmental condition; Design parameter superseded due to climate change [11],,项目/功能；潜在失效模式；严酷度(S)；发生度(O)；可探测度(D)；潜在失效原因/机理,49,
248,248,Full-ΣMi残差模型,M1+M2+M3+M4,故障原因诊断类,项目失效现象风险指标查原因,项目范围原因查询,,,困难,在“Floating support structure / Floating Support structure / Secondary structure”下，如果失效模式是“Additional Structures Failures”，且S/O/D分别为3.83/2.6/4，应追溯到什么原因？,"Operation; Dynamic umbilical connection/cable fail [1,12]","根据上下文，""Floating support structure / Floating Support structure / Secondary structure & Welding"" 下没有 ""Additional Structures Failures"" 这个失效模式。因此不知道应追溯到什么原因。",错误,0.0,785.95,语义RAG,0.3333,0.0,0,0.0,3,"Operation; Dynamic umbilical connection/cable fail [1,12]",,,,,"Operation; Dynamic umbilical connection/cable fail [1,12]",,项目/功能；潜在失效模式；严酷度(S)；发生度(O)；可探测度(D)；潜在失效原因/机理,50,
249,249,Full-ΣMi残差模型,M1+M2+M3+M4,故障原因诊断类,项目失效现象风险指标查原因,项目范围原因查询,,,困难,在“Floating support structure / Floating Support structure / Primary Structure”下，如果失效模式是“Cracks”，且S/O/D分别为4.17/2.83/3.5，应追溯到什么原因？,Installation; Excessive fatigue life consumption due to installation/ transportation [19],Installation; Excessive fatigue life consumption due to installation/ transportation [19],正确,1.0,632.48,语义RAG,1.0,1.0,0,1.0,3,,,19.0,,,Installation; Excessive fatigue life consumption due to installation/ transportation [19],,项目/功能；潜在失效模式；严酷度(S)；发生度(O)；可探测度(D)；潜在失效原因/机理,51,
250,250,Full-ΣMi残差模型,M1+M2+M3+M4,故障原因诊断类,项目失效现象风险指标查原因,项目范围原因查询,,,困难,在“Floating support structure / Floating Support structure / Primary structure & Welding”下，如果失效模式是“Capsize”，且S/O/D分别为4.8/1.8/3.2，应追溯到什么原因？,Environmental condition; Extreme horizontal oscillatory force,Environmental condition; Extreme horizontal oscillatory force,正确,1.0,465.2,语义RAG,0.6667,1.0,0,1.0,3,,,,,,Environmental condition; Extreme horizontal oscillatory force,,项目/功能；潜在失效模式；严酷度(S)；发生度(O)；可探测度(D)；潜在失效原因/机理,52,
251,251,Full-ΣMi残差模型,M1+M2+M3+M4,故障原因诊断类,项目失效现象风险指标查原因,项目范围原因查询,,,困难,在“Floating support structure / Floating Support structure / Primary structure & Welding”下，如果失效模式是“Cracks”，且S/O/D分别为4.14/2.86/3.57，应追溯到什么原因？,Operation; Fatigue due to continuous vibrations/resonance [11],原因=Fatigue due to continuous vibrations/resonance [11],错误,0.0,408.5,语义RAG,0.6667,1.0,0,1.0,3,Operation; Fatigue due to continuous vibrations/resonance [11],,11.0,,,Operation; Fatigue due to continuous vibrations/resonance [11],,项目/功能；潜在失效模式；严酷度(S)；发生度(O)；可探测度(D)；潜在失效原因/机理,53,
252,252,Full-ΣMi残差模型,M1+M2+M3+M4,故障原因诊断类,项目失效现象风险指标查原因,项目范围原因查询,,,困难,在“Floating support structure / Floating Support structure / All structures”下，如果失效模式是“Cracks”，且S/O/D分别为3.83/2.5/3.5，应追溯到什么原因？,Design; Fatigue due to underestimation of steel thickness and/or environmental loads,安装/运输过程中过度的疲劳寿命消耗 [19],错误,0.0,556.52,语义RAG,0.6667,0.0,0,0.0,3,Design; Fatigue due to underestimation of steel thickness and/or environmental loads,,,,,Design; Fatigue due to underestimation of steel thickness and/or environmental loads,,项目/功能；潜在失效模式；严酷度(S)；发生度(O)；可探测度(D)；潜在失效原因/机理,54,
253,253,Full-ΣMi残差模型,M1+M2+M3+M4,故障原因诊断类,项目失效现象风险指标查原因,项目范围原因查询,,,困难,在“Floating support structure / Floating Support structure / Secondary structure”下，如果失效模式是“Additional Structures Failures”，且S/O/D分别为3.86/3/2.71，应追溯到什么原因？,"Operation; Handrails Corrosion [1,12]",根据上下文，提供的信息并不包含“Floating support structure / Floating Support structure / Secondary structure”下的内容，且失效模式为“Additional Structures Failures”的记录。因此，无法直接从给定的 JSON 数据结构中找到匹配的信息。 根据规则 3，如果上下文为空或没有相关条目，则明确回答不知道。 不知道。,错误,0.0,1040.78,语义RAG,0.0,0.0,0,0.0,3,"Operation; Handrails Corrosion [1,12]",,,,,"Operation; Handrails Corrosion [1,12]",,项目/功能；潜在失效模式；严酷度(S)；发生度(O)；可探测度(D)；潜在失效原因/机理,55,
254,254,Full-ΣMi残差模型,M1+M2+M3+M4,故障原因诊断类,项目失效现象风险指标查原因,项目范围原因查询,,,困难,在“Floating support structure / Floating Support structure / Secondary structure”下，如果失效模式是“Additional Structures Failures”，且S/O/D分别为4.17/1.83/2.83，应追溯到什么原因？,"Operation; Helicopter assistance equipment fail [1,12]",根据上下文，提供的信息并不包含“Secondary structure”相关的内容，且失效模式为“Additional Structures Failures”的记录也没有出现S/O/D分别为4.17/1.83/2.83的情况。因此，无法直接从给定的上下文中追溯到具体的原因。 根据规则 9 和 3 的要求，明确回答不知道。,错误,0.0,914.1,语义RAG,0.0,0.0,0,0.0,3,"Operation; Helicopter assistance equipment fail [1,12]",,,,,"Operation; Helicopter assistance equipment fail [1,12]",,项目/功能；潜在失效模式；严酷度(S)；发生度(O)；可探测度(D)；潜在失效原因/机理,56,
255,255,Full-ΣMi残差模型,M1+M2+M3+M4,故障原因诊断类,项目失效现象风险指标查原因,项目范围原因查询,,,困难,在“Floating support structure / Floating Support structure / Secondary structure”下，如果失效模式是“Watertight fault”，且S/O/D分别为3.83/2.83/3.33，应追溯到什么原因？,Maintenance; Inefficient detection [1],Maintenance; Insufficient structural strength due to ship collision [11],错误,0.0,552.67,语义RAG,0.6667,0.0,0,0.0,3,Maintenance; Inefficient detection [1],,,,,Maintenance; Inefficient detection [1],,项目/功能；潜在失效模式；严酷度(S)；发生度(O)；可探测度(D)；潜在失效原因/机理,57,
256,256,Full-ΣMi残差模型,M1+M2+M3+M4,故障原因诊断类,项目失效现象风险指标查原因,项目范围原因查询,,,困难,在“Floating support structure / Floating Support structure / Secondary structure”下，如果失效模式是“Floater unit sinkage”，且S/O/D分别为4.83/1.83/3.4，应追溯到什么原因？,Design; Insufficient structural strength and cracks on the floater resulting in water ingress to the support structure,Design; Insufficient structural strength and cracks on the floater resulting in water ingress to the support structure,正确,1.0,661.64,语义RAG,1.0,1.0,0,1.0,3,,,,,,Design; Insufficient structural strength and cracks on the floater resulting in water ingress to the support structure,,项目/功能；潜在失效模式；严酷度(S)；发生度(O)；可探测度(D)；潜在失效原因/机理,58,
257,257,Full-ΣMi残差模型,M1+M2+M3+M4,故障原因诊断类,项目失效现象风险指标查原因,项目范围原因查询,,,困难,在“Floating support structure / Floating Support structure / All structures”下，如果失效模式是“Structural plastic deformation”，且S/O/D分别为4.43/2/3，应追溯到什么原因？,Operation and Maintenance; Insufficient structural strength due to ship collision,Operation and Maintenance; Insufficient structural strength due to ship collision,正确,1.0,538.39,语义RAG,1.0,1.0,0,1.0,3,,,,,,Operation and Maintenance; Insufficient structural strength due to ship collision,,项目/功能；潜在失效模式；严酷度(S)；发生度(O)；可探测度(D)；潜在失效原因/机理,59,
258,258,Full-ΣMi残差模型,M1+M2+M3+M4,故障原因诊断类,项目失效现象风险指标查原因,项目范围原因查询,,,困难,在“Floating support structure / Floating Support structure / Secondary structure”下，如果失效模式是“Watertight fault”，且S/O/D分别为4.5/2.33/3，应追溯到什么原因？,Maintenance; Insufficient structural strength due to ship collision [11],Maintenance; Insufficient structural strength due to ship collision [11],正确,1.0,544.82,语义RAG,0.6667,1.0,0,1.0,3,,,11.0,,,Maintenance; Insufficient structural strength due to ship collision [11],,项目/功能；潜在失效模式；严酷度(S)；发生度(O)；可探测度(D)；潜在失效原因/机理,60,
259,259,Full-ΣMi残差模型,M1+M2+M3+M4,故障原因诊断类,项目失效现象风险指标查原因,项目范围原因查询,,,困难,在“Floating support structure / Floating Support structure / Secondary structure”下，如果失效模式是“Additional Structures Failures”，且S/O/D分别为3.86/2.71/2.57，应追溯到什么原因？,"Operation; Ladders Corrosion [1,12]",根据上下文，提供的信息并不包含“Floating support structure / Floating Support structure / Secondary structure”下的内容，且失效模式为“Additional Structures Failures”的记录。因此，无法直接找到对应的信息来回答这个问题。 根据给出的三个片段，它们都集中在“Primary structure”或“Primary structure & Welding”，并没有涉及“Secondary structure”。所以按照提供的信息，我不能追溯到具体的原因。 答案：不知道。,错误,0.0,1191.92,语义RAG,0.0,0.0,0,0.0,3,"Operation; Ladders Corrosion [1,12]",,,,,"Operation; Ladders Corrosion [1,12]",,项目/功能；潜在失效模式；严酷度(S)；发生度(O)；可探测度(D)；潜在失效原因/机理,61,
260,260,Full-ΣMi残差模型,M1+M2+M3+M4,故障原因诊断类,项目失效现象风险指标查原因,项目范围原因查询,,,困难,在“Floating support structure / Floating Support structure / All structures”下，如果失效模式是“Watertight fault”，且S/O/D分别为4/2.2/3.25，应追溯到什么原因？,"Environmental condition; Marine growth under water can add additional weight and stress for the material, which can lead to cracks in the outer hull",失效原因 / FailureCause / cause / reason / 为啥 / 咋来的: Maintenance; Insufficient structural strength due to ship collision [11],错误,0.0,741.93,语义RAG,0.6667,0.0,0,0.0,3,"Environmental condition; Marine growth under water can add additional weight and stress for the material, which can lead to cracks in the outer hull",,,,,"Environmental condition; Marine growth under water can add additional weight and stress for the material, which can lead to cracks in the outer hull",,项目/功能；潜在失效模式；严酷度(S)；发生度(O)；可探测度(D)；潜在失效原因/机理,62,
261,261,Full-ΣMi残差模型,M1+M2+M3+M4,故障原因诊断类,项目失效现象风险指标查原因,项目范围原因查询,,,困难,在“Floating support structure / Floating Support structure / Secondary structure”下，如果失效模式是“Additional Structures Failures”，且S/O/D分别为4/3/2，应追溯到什么原因？,"Operation; Navigation and work lights fail [1,12]",根据上下文，当前失效模式不是“Additional Structures Failures”，而是“Floater unit sinkage”。并且没有找到关于“Additional Structures Failures”的具体信息。因此无法直接回答该问题。 但是，如果要基于提供的信息进行推测，并且假设需要追溯到的原因与现有数据类似，则可以参考现有失效模式的失效原因： 失效原因 / FailureCause / cause / reason / 为什么 / 为啥 / 咋来的: Design; Insufficient structural strength and cracks on the floater resulting in water ingress to the support structure 因此，如果要回答“在‘Floating support structure / Floating Support structure / Secondary structure’下，如果失效模式是‘Additional Structures Failures’，且S/O/D分别为4/3/2”，应追溯到的原因可能是： Design; Insufficient structural strength and cracks on the additional structures resulting in water ingress to the support structure,错误,0.0,1970.35,语义RAG,0.3333,0.0,0,0.0,3,"Operation; Navigation and work lights fail [1,12]",,,,,"Operation; Navigation and work lights fail [1,12]",,项目/功能；潜在失效模式；严酷度(S)；发生度(O)；可探测度(D)；潜在失效原因/机理,63,
262,262,Full-ΣMi残差模型,M1+M2+M3+M4,故障原因诊断类,项目失效现象风险指标查原因,项目范围原因查询,,,困难,在“Floating support structure / Floating Support structure / All structures”下，如果失效模式是“Hit by dropped objects”，且S/O/D分别为4.83/1.17/4.67，应追溯到什么原因？,Operation; Plane crush,Operation; Plane crush,正确,1.0,513.3,语义RAG,1.0,1.0,0,1.0,3,,,,,,Operation; Plane crush,,项目/功能；潜在失效模式；严酷度(S)；发生度(O)；可探测度(D)；潜在失效原因/机理,64,
263,263,Full-ΣMi残差模型,M1+M2+M3+M4,故障原因诊断类,项目失效现象风险指标查原因,项目范围原因查询,,,困难,在“Floating support structure / Floating Support structure / Secondary structure”下，如果失效模式是“Additional Structures Failures”，且S/O/D分别为2/3/3，应追溯到什么原因？,"Operation; Sensors for platform monitoring fail [1,12]","根据上下文，""Floating support structure / Floating Support structure / Secondary structure & Welding"" 下的最高风险条目虽然失效模式为 ""Watertight fault [1]""，但并没有直接涉及 ""Additional Structures Failures"" 这种失效模式。因此，在给定的信息中无法追溯到 ""Additional Structures Failures"" 的原因。 根据提供的信息，最接近的失效模式及其相关信息如下： - FMEA编号=FF29; 失效模式=Watertight fault [1]; RPN=36; S=3.6; O=2.33; D=3.6; 原因=Manufacturing and Installation; Ventilation heads/Manholes failure due to Manufacturing defect/Welding defect; 后果=Reduced stability; 建议措施=-. 由于没有直接对应 ""Additional Structures Failures"" 的失效模式，无法给出具体的原因。",错误,0.0,1990.06,语义RAG,0.3333,0.0,0,0.0,3,"Operation; Sensors for platform monitoring fail [1,12]",,1.0；1.0,,,"Operation; Sensors for platform monitoring fail [1,12]",,项目/功能；潜在失效模式；严酷度(S)；发生度(O)；可探测度(D)；潜在失效原因/机理,65,
264,264,Full-ΣMi残差模型,M1+M2+M3+M4,故障原因诊断类,项目失效现象风险指标查原因,项目范围原因查询,,,困难,在“Floating support structure / Floating Support structure / Secondary structure”下，如果失效模式是“Structural break”，且S/O/D分别为4/2.6/3.25，应追溯到什么原因？,Operation and Maintenance; Structural component degradation due to corrosion [12],"根据上下文，""Floating support structure / Floating Support structure / Secondary structure"" 下的失效模式为 ""Structural plastic deformation [11]""，而不是 ""Structural break""。因此，无法直接从给定信息中追溯 ""Structural break"" 的原因。 但是，如果要基于类似的情况进行推测，并且考虑到 S/O/D 分数与给定的 FMEA 编号 FF14 类似（虽然编号不同），可以参考 FF14 中失效模式和失效原因的信息： 失效原因 / FailureCause / cause / reason / 为什么 / 为啥 / 咋来的: Design; Insufficient structural strength and cracks on the floater resulting in water ingress to the support structure 因此，如果要回答“应追溯到什么原因”，可以推测为： 设计缺陷；浮体单元的结构强度不足和裂缝导致水进入支撑结构。",错误,0.0,1969.03,语义RAG,0.3333,0.0,0,0.0,3,Operation and Maintenance; Structural component degradation due to corrosion [12],,,,,Operation and Maintenance; Structural component degradation due to corrosion [12],,项目/功能；潜在失效模式；严酷度(S)；发生度(O)；可探测度(D)；潜在失效原因/机理,66,
265,265,Full-ΣMi残差模型,M1+M2+M3+M4,故障原因诊断类,项目失效现象风险指标查原因,项目范围原因查询,,,困难,在“Floating support structure / Floating Support structure / All structures”下，如果失效模式是“Structural break”，且S/O/D分别为4.17/2.67/3.2，应追溯到什么原因？,Operation and Maintenance; Structural degradation due to corrosion [11],失效原因 / FailureCause / cause / reason / 为什么 / 为啥 / 咋来的: Operation; Structure brittle fracture due to extreme environmental temperature,错误,0.0,732.86,语义RAG,0.6667,0.0,0,0.0,3,Operation and Maintenance; Structural degradation due to corrosion [11],,,,,Operation and Maintenance; Structural degradation due to corrosion [11],,项目/功能；潜在失效模式；严酷度(S)；发生度(O)；可探测度(D)；潜在失效原因/机理,67,
266,266,Full-ΣMi残差模型,M1+M2+M3+M4,故障原因诊断类,项目失效现象风险指标查原因,项目范围原因查询,,,困难,在“Floating support structure / Floating Support structure / Primary structure & Welding”下，如果失效模式是“Structural break”，且S/O/D分别为4.67/1.33/3.6，应追溯到什么原因？,Operation; Structure brittle fracture due to extreme environmental temperature,Operation; Structure brittle fracture due to extreme environmental temperature,正确,1.0,413.89,语义RAG,0.3333,1.0,0,1.0,3,,,,,,Operation; Structure brittle fracture due to extreme environmental temperature,,项目/功能；潜在失效模式；严酷度(S)；发生度(O)；可探测度(D)；潜在失效原因/机理,68,
267,267,Full-ΣMi残差模型,M1+M2+M3+M4,故障原因诊断类,项目失效现象风险指标查原因,项目范围原因查询,,,困难,在“Floating support structure / Floating Support structure / All structures”下，如果失效模式是“Floater unit sinkage”，且S/O/D分别为5/1.33/2.6，应追溯到什么原因？,Operation; Structures break/collapse due to collision with other FWT,失效原因 / FailureCause: Structures break/collapse due to collision with other FWT,错误,0.0,621.18,语义RAG,1.0,1.0,0,1.0,3,Operation; Structures break/collapse due to collision with other FWT,,,,,Operation; Structures break/collapse due to collision with other FWT,,项目/功能；潜在失效模式；严酷度(S)；发生度(O)；可探测度(D)；潜在失效原因/机理,69,
268,268,Full-ΣMi残差模型,M1+M2+M3+M4,故障原因诊断类,项目失效现象风险指标查原因,项目范围原因查询,,,困难,在“Floating support structure / Floating Support structure / All structures”下，如果失效模式是“Hit by dropped objects”，且S/O/D分别为4.83/1.67/3.17，应追溯到什么原因？,Environmental condition; Typhoon can cause failure of the floating unit if it gets hit by dropping objects. (eg. damaged blade)(strong wind/wave),环境条件；台风可能会导致浮动单元被掉落物体击中而失效（例如：损坏的叶片）(强风/巨浪)。,错误,0.0,718.35,语义RAG,1.0,1.0,0,1.0,3,Environmental condition; Typhoon can cause failure of the floating unit if it gets hit by dropping objects. (eg. damaged blade)(strong wind/wave),,,,,Environmental condition; Typhoon can cause failure of the floating unit if it gets hit by dropping objects. (eg. damaged blade)(strong wind/wave),,项目/功能；潜在失效模式；严酷度(S)；发生度(O)；可探测度(D)；潜在失效原因/机理,70,
269,269,Full-ΣMi残差模型,M1+M2+M3+M4,故障原因诊断类,项目失效现象风险指标查原因,项目范围原因查询,,,困难,在“Floating support structure / Floating Support structure / All structures”下，如果失效模式是“Structural break”，且S/O/D分别为4.67/2.33/3，应追溯到什么原因？,Design; Underdesigned structure/Component due to insufficient environmental data,失效原因 / FailureCause / cause / reason / 为什么 / 为啥 / 咋来的: Operation; Structure brittle fracture due to extreme environmental temperature,错误,0.0,754.21,语义RAG,0.6667,0.0,0,0.0,3,Design; Underdesigned structure/Component due to insufficient environmental data,,,,,Design; Underdesigned structure/Component due to insufficient environmental data,,项目/功能；潜在失效模式；严酷度(S)；发生度(O)；可探测度(D)；潜在失效原因/机理,71,
270,270,Full-ΣMi残差模型,M1+M2+M3+M4,故障原因诊断类,项目失效现象风险指标查原因,项目范围原因查询,,,困难,在“Floating support structure / Floating Support structure / All structures & Welding”下，如果失效模式是“Structural break”，且S/O/D分别为4.5/2.33/3.6，应追溯到什么原因？,Maintenance; Undetected defects due to poor quality control,失效原因 / FailureCause / cause / reason / 为什么 / 为啥 / 咋来的: Operation; Structure brittle fracture due to extreme environmental temperature,错误,0.0,544.18,语义RAG,0.3333,0.0,0,0.0,3,Maintenance; Undetected defects due to poor quality control,,,,,Maintenance; Undetected defects due to poor quality control,,项目/功能；潜在失效模式；严酷度(S)；发生度(O)；可探测度(D)；潜在失效原因/机理,72,
271,271,Full-ΣMi残差模型,M1+M2+M3+M4,故障原因诊断类,项目失效现象风险指标查原因,项目范围原因查询,,,困难,在“Floating support structure / Floating Support structure / Secondary structure & Welding”下，如果失效模式是“Watertight fault”，且S/O/D分别为3.6/2.33/3.6，应追溯到什么原因？,Manufacturing and Installation; Ventilation heads/Manholes failure due to Manufacturing defect/Welding defect,Manufacturing and Installation; Ventilation heads/Manholes failure due to Manufacturing defect/Welding defect,正确,1.0,617.35,语义RAG,1.0,1.0,0,1.0,3,,,,,,Manufacturing and Installation; Ventilation heads/Manholes failure due to Manufacturing defect/Welding defect,,项目/功能；潜在失效模式；严酷度(S)；发生度(O)；可探测度(D)；潜在失效原因/机理,73,
272,272,Full-ΣMi残差模型,M1+M2+M3+M4,故障原因诊断类,项目失效现象风险指标查原因,项目范围原因查询,,,困难,在“Floating support structure / Floating Support structure / Welding”下，如果失效模式是“Cracks”，且S/O/D分别为3.6/3/3.2，应追溯到什么原因？,Manufacturing; Welding failure,Fatigue due to continuous vibrations/resonance [11],错误,0.0,545.12,语义RAG,0.3333,0.0,0,0.0,3,Manufacturing; Welding failure,,,,,Manufacturing; Welding failure,,项目/功能；潜在失效模式；严酷度(S)；发生度(O)；可探测度(D)；潜在失效原因/机理,74,
273,273,Full-ΣMi残差模型,M1+M2+M3+M4,故障原因诊断类,项目失效现象风险指标查原因,项目范围原因查询,,,困难,在“Station keeping / Anchor”下，如果失效模式是“Anchor failure”，且S/O/D分别为4.2/2.2/3.8，应追溯到什么原因？,Operation; Abnormal working conditions,Operation; Cyclic degradation Operation; Abnormal working conditions,正确,1.0,584.1,语义RAG,1.0,1.0,0,1.0,3,,,,,,Operation; Abnormal working conditions,,项目/功能；潜在失效模式；严酷度(S)；发生度(O)；可探测度(D)；潜在失效原因/机理,75,
274,274,Full-ΣMi残差模型,M1+M2+M3+M4,故障原因诊断类,项目失效现象风险指标查原因,项目范围原因查询,,,困难,在“Station keeping / Mooring Lines / Buoyancy element”下，如果失效模式是“Failure in buoyancy element”，且S/O/D分别为3/3/3.25，应追溯到什么原因？,Operation,Operation,正确,1.0,458.53,语义RAG,0.6667,1.0,0,1.0,3,,,,,,Operation,,项目/功能；潜在失效模式；严酷度(S)；发生度(O)；可探测度(D)；潜在失效原因/机理,77,
275,275,Full-ΣMi残差模型,M1+M2+M3+M4,故障原因诊断类,项目失效现象风险指标查原因,项目范围原因查询,,,困难,在“Station keeping / Mooring Lines / Clump weight”下，如果失效模式是“Failure in clump weight”，且S/O/D分别为3/2.75/3.5，应追溯到什么原因？,Operation,Operation,正确,1.0,447.32,语义RAG,0.6667,1.0,0,1.0,3,,,,,,Operation,,项目/功能；潜在失效模式；严酷度(S)；发生度(O)；可探测度(D)；潜在失效原因/机理,78,
276,276,Full-ΣMi残差模型,M1+M2+M3+M4,故障原因诊断类,项目失效现象风险指标查原因,项目范围原因查询,,,困难,在“Station keeping / Fairlead”下，如果失效模式是“Fairlead failure”，且S/O/D分别为3.8/2.8/3，应追溯到什么原因？,Operation; Fairlead fatigue,"根据上下文，提供的信息是在“Station keeping / Anchor (AC)”下的内容，并没有涉及“Station keeping / Fairlead”的相关信息。因此，无法直接回答在“Station keeping / Fairlead”下，如果失效模式是“Fairlead failure”，且S/O/D分别为3.8/2.8/3应追溯到什么原因的问题。 根据提供的上下文信息，“Anchor failure [1], [17]”的严重度(S)为4.2、发生度(O)为2.2、可探测度(D)为3.8，失效原因是“Operation; Cyclic degradation”，但这些信息并不适用于“Fairlead failure”的情况。 因此，答案是：不知道。",错误,0.0,1702.97,语义RAG,0.0,0.0,0,0.0,3,Operation; Fairlead fatigue,,,,,Operation; Fairlead fatigue,,项目/功能；潜在失效模式；严酷度(S)；发生度(O)；可探测度(D)；潜在失效原因/机理,79,
277,277,Full-ΣMi残差模型,M1+M2+M3+M4,故障原因诊断类,项目失效现象风险指标查原因,项目范围原因查询,,,困难,在“Station keeping / Monitoring System”下，如果失效模式是“Monitoring system fails”，且S/O/D分别为2.6/3.2/2，应追溯到什么原因？,Operation,Operation; Cyclic degradation,正确,1.0,456.51,语义RAG,0.3333,1.0,0,1.0,3,,,,,,Operation,,项目/功能；潜在失效模式；严酷度(S)；发生度(O)；可探测度(D)；潜在失效原因/机理,81,
278,278,Full-ΣMi残差模型,M1+M2+M3+M4,故障原因诊断类,项目失效现象风险指标查原因,项目范围原因查询,,,困难,在“Station keeping / Mooring Lines / Mooring lines”下，如果失效模式是“Mooring line breakage”，且S/O/D分别为4/2.4/3.2，应追溯到什么原因？,Manufacturing; Poor splice quality/ workmanship/qualification,环境条件;系泊线磨损导致的意外外部损害（例如：过度拖网）、颗粒物侵入/紫外线光照。,错误,0.0,713.28,语义RAG,0.6667,0.0,0,0.0,3,Manufacturing; Poor splice quality/ workmanship/qualification,,,,,Manufacturing; Poor splice quality/ workmanship/qualification,,项目/功能；潜在失效模式；严酷度(S)；发生度(O)；可探测度(D)；潜在失效原因/机理,82,
279,279,Full-ΣMi残差模型,M1+M2+M3+M4,故障原因诊断类,项目失效现象风险指标查原因,项目范围原因查询,,,困难,在“Station keeping / Mooring Lines / Mooring lines”下，如果失效模式是“Mooring line breakage”，且S/O/D分别为4/2/2.6，应追溯到什么原因？,Environmental condition; Abnormal stress due to mooring lines wear caused by unexpected seismic loads/ The tension overpassing the limit value can cause the mooring line to instantaneously break [18],环境条件；系泊线因意外地震载荷引起的磨损导致的异常应力；超过极限张力会导致系泊线瞬间断裂。,错误,0.0,706.57,语义RAG,0.6667,1.0,0,1.0,3,Environmental condition; Abnormal stress due to mooring lines wear caused by unexpected seismic loads/ The tension overpassing the limit value can cause the mooring line to instantaneously break [18],,,,,Environmental condition; Abnormal stress due to mooring lines wear caused by unexpected seismic loads/ The tension overpassing the limit value can cause the mooring line to instantaneously break [18],,项目/功能；潜在失效模式；严酷度(S)；发生度(O)；可探测度(D)；潜在失效原因/机理,83,
280,280,Full-ΣMi残差模型,M1+M2+M3+M4,故障原因诊断类,项目失效现象风险指标查原因,项目范围原因查询,,,困难,在“Station keeping / Mooring Lines / Mooring lines”下，如果失效模式是“Mooring line breakage”，且S/O/D分别为4/2/3，应追溯到什么原因？,Environmental condition; Mooring lines wear caused by unexpected external damage (from e.g. overtrawling)/particulate ingress/UV light,环境条件；系泊线磨损导致的意外外部损害（例如：过度拖网/颗粒侵入/紫外线照射）,错误,0.0,668.37,语义RAG,1.0,1.0,0,1.0,3,Environmental condition; Mooring lines wear caused by unexpected external damage (from e.g. overtrawling)/particulate ingress/UV light,,,,,Environmental condition; Mooring lines wear caused by unexpected external damage (from e.g. overtrawling)/particulate ingress/UV light,,项目/功能；潜在失效模式；严酷度(S)；发生度(O)；可探测度(D)；潜在失效原因/机理,84,
281,281,Full-ΣMi残差模型,M1+M2+M3+M4,故障原因诊断类,项目失效现象风险指标查原因,项目范围原因查询,,,困难,在“Station keeping / Mooring Lines / Mooring lines”下，如果失效模式是“Mooring Line Corrosion”，且S/O/D分别为3.6/2.8/3，应追溯到什么原因？,Maintenance; Mooring lines corrosion due to improper maintenance of the corroded components,Maintenance; Mooring lines corrosion due to improper maintenance of the corroded components,正确,1.0,711.94,语义RAG,0.3333,1.0,0,1.0,3,,,,,,Maintenance; Mooring lines corrosion due to improper maintenance of the corroded components,,项目/功能；潜在失效模式；严酷度(S)；发生度(O)；可探测度(D)；潜在失效原因/机理,85,
282,282,Full-ΣMi残差模型,M1+M2+M3+M4,故障原因诊断类,项目失效现象风险指标查原因,项目范围原因查询,,,困难,在“Station keeping / Mooring Lines / Mooring lines”下，如果失效模式是“Mooring Line Fatigue”，且S/O/D分别为3.6/2.8/3，应追溯到什么原因？,"Maintenance; Mooring line fatigue due to Lack of proper maintenance, including inspection, monitoring, and replacement of the mooring lines.","Maintenance; Mooring line fatigue due to Lack of proper maintenance, including inspection, monitoring, and replacement of the mooring lines.",正确,1.0,512.54,语义RAG,0.6667,1.0,0,1.0,3,,,,,,"Maintenance; Mooring line fatigue due to Lack of proper maintenance, including inspection, monitoring, and replacement of the mooring lines.",,项目/功能；潜在失效模式；严酷度(S)；发生度(O)；可探测度(D)；潜在失效原因/机理,86,
283,283,Full-ΣMi残差模型,M1+M2+M3+M4,故障原因诊断类,项目失效现象风险指标查原因,项目范围原因查询,,,困难,在“Station keeping / Mooring Lines / Mooring lines”下，如果失效模式是“Mooring Line Fatigue”，且S/O/D分别为3.6/3/3，应追溯到什么原因？,"Operation; Mooring line fatigue due to Improper operational procedures, such as excessive loading, bending or twisting.","Maintenance; Mooring line fatigue due to Lack of proper maintenance, including inspection, monitoring, and replacement of the mooring lines.",错误,0.0,483.46,语义RAG,0.6667,1.0,0,1.0,3,"Operation; Mooring line fatigue due to Improper operational procedures, such as excessive loading, bending or twisting.",,,,,"Operation; Mooring line fatigue due to Improper operational procedures, such as excessive loading, bending or twisting.",,项目/功能；潜在失效模式；严酷度(S)；发生度(O)；可探测度(D)；潜在失效原因/机理,87,
284,284,Full-ΣMi残差模型,M1+M2+M3+M4,故障原因诊断类,项目失效现象风险指标查原因,项目范围原因查询,,,困难,在“Station keeping / Mooring Lines / Mooring lines”下，如果失效模式是“Mooring line wear”，且S/O/D分别为3.6/2.8/3.6，应追溯到什么原因？,Manufacturing; Mooring lines wear due to poor quality during fabrication,"Operation; Mooring lines wear due to Improper handling, such as excessive tension, bending, or twisting of the mooring lines.",错误,0.0,567.93,语义RAG,1.0,1.0,0,1.0,3,Manufacturing; Mooring lines wear due to poor quality during fabrication,,,,,Manufacturing; Mooring lines wear due to poor quality during fabrication,,项目/功能；潜在失效模式；严酷度(S)；发生度(O)；可探测度(D)；潜在失效原因/机理,88,
285,285,Full-ΣMi残差模型,M1+M2+M3+M4,故障原因诊断类,项目失效现象风险指标查原因,项目范围原因查询,,,困难,在“Station keeping / Mooring Lines / Mooring lines”下，如果失效模式是“Mooring line wear”，且S/O/D分别为3.6/2/3.6，应追溯到什么原因？,Design; Mooring lines wear due to underestimation of seisemic events during design or due to rope compression not considered,"Operation; Mooring lines wear due to Improper handling, such as excessive tension, bending, or twisting of the mooring lines.",错误,0.0,474.89,语义RAG,1.0,0.0,0,0.0,3,Design; Mooring lines wear due to underestimation of seisemic events during design or due to rope compression not considered,,,,,Design; Mooring lines wear due to underestimation of seisemic events during design or due to rope compression not considered,,项目/功能；潜在失效模式；严酷度(S)；发生度(O)；可探测度(D)；潜在失效原因/机理,89,
286,286,Full-ΣMi残差模型,M1+M2+M3+M4,故障原因诊断类,项目失效现象风险指标查原因,项目范围原因查询,,,困难,在“Station keeping / Mooring Lines / Mooring lines”下，如果失效模式是“Mooring line wear”，且S/O/D分别为3.6/2.4/3.6，应追溯到什么原因？,"Operation; Mooring lines wear due to Improper handling, such as excessive tension, bending, or twisting of the mooring lines.","Operation; Mooring lines wear due to Improper handling, such as excessive tension, bending, or twisting of the mooring lines.",正确,1.0,477.25,语义RAG,1.0,1.0,0,1.0,3,,,,,,"Operation; Mooring lines wear due to Improper handling, such as excessive tension, bending, or twisting of the mooring lines.",,项目/功能；潜在失效模式；严酷度(S)；发生度(O)；可探测度(D)；潜在失效原因/机理,90,
287,287,Full-ΣMi残差模型,M1+M2+M3+M4,故障原因诊断类,项目失效现象风险指标查原因,项目范围原因查询,,,困难,在“Station keeping / Mooring lines / Mooring lines”下，如果失效模式是“Mooring lines broken”，且S/O/D分别为4/2.4/2.6，应追溯到什么原因？,Operation; Transitional chain wear due to repeated loading and unloading cycles over time,环境条件;异常应力导致系泊线磨损引起的超额张力可导致系泊线瞬间断裂 [18],错误,0.0,668.71,语义RAG,0.0,0.0,0,0.0,3,Operation; Transitional chain wear due to repeated loading and unloading cycles over time,,,,,Operation; Transitional chain wear due to repeated loading and unloading cycles over time,,项目/功能；潜在失效模式；严酷度(S)；发生度(O)；可探测度(D)；潜在失效原因/机理,91,
288,288,Full-ΣMi残差模型,M1+M2+M3+M4,故障原因诊断类,项目失效现象风险指标查原因,项目范围原因查询,,,困难,在“Station keeping / Mooring lines / Mooring lines”下，如果失效模式是“Mooring lines broken”，且S/O/D分别为4/2/2.6，应追溯到什么原因？,Maintenance; Transitional chain wear due to improper inspection and maintenance,环境条件；系泊线因意外外部损坏（例如超拖网作业）、颗粒物侵入/紫外线引起的磨损,错误,0.0,484.32,语义RAG,0.0,0.0,0,0.0,3,Maintenance; Transitional chain wear due to improper inspection and maintenance,,,,,Maintenance; Transitional chain wear due to improper inspection and maintenance,,项目/功能；潜在失效模式；严酷度(S)；发生度(O)；可探测度(D)；潜在失效原因/机理,92,
289,289,Full-ΣMi残差模型,M1+M2+M3+M4,故障原因诊断类,项目失效现象风险指标查原因,项目范围原因查询,,,困难,在“Station keeping / Mooring lines / Mooring lines”下，如果失效模式是“Mooring lines broken”，且S/O/D分别为4/2.2/2.6，应追溯到什么原因？,"Operation; Friction chain wear due to significant movement and tension due to the forces of wind, waves",环境条件;异常应力导致系泊线磨损引起的超额张力可导致系泊线瞬间断裂 [18],错误,0.0,466.68,语义RAG,0.0,0.0,0,0.0,3,"Operation; Friction chain wear due to significant movement and tension due to the forces of wind, waves",,,,,"Operation; Friction chain wear due to significant movement and tension due to the forces of wind, waves",,项目/功能；潜在失效模式；严酷度(S)；发生度(O)；可探测度(D)；潜在失效原因/机理,93,
290,290,Full-ΣMi残差模型,M1+M2+M3+M4,故障原因诊断类,项目失效现象风险指标查原因,项目范围原因查询,,,困难,在“Station keeping / Mooring lines / Mooring lines”下，如果失效模式是“Mooring lines broken”，且S/O/D分别为4/2.2/3，应追溯到什么原因？,Operation; Mooring line wear due to hysteretic heating or wet-dry cycling,失效原因 / FailureCause / cause / reason / 为什么 / 为啥 / 咋来的: Operation; Mooring line wear due to hysteretic heating or wet-dry cycling,正确,1.0,709.26,语义RAG,0.3333,1.0,0,1.0,3,,,,,,Operation; Mooring line wear due to hysteretic heating or wet-dry cycling,,项目/功能；潜在失效模式；严酷度(S)；发生度(O)；可探测度(D)；潜在失效原因/机理,94,
291,291,Full-ΣMi残差模型,M1+M2+M3+M4,故障原因诊断类,项目失效现象风险指标查原因,项目范围原因查询,,,困难,在“Station keeping / Mooring lines / Mooring winch”下，如果失效模式是“Mooring winch failure”，且S/O/D分别为4/2/2.8，应追溯到什么原因？,Design; Mooring winch failure due to understimation of loads during design phase,Design; Mooring winch failure due to understimation of loads during design phase,正确,1.0,605.98,语义RAG,1.0,1.0,0,1.0,3,,,,,,Design; Mooring winch failure due to understimation of loads during design phase,,项目/功能；潜在失效模式；严酷度(S)；发生度(O)；可探测度(D)；潜在失效原因/机理,95,
292,292,Full-ΣMi残差模型,M1+M2+M3+M4,故障原因诊断类,项目失效现象风险指标查原因,项目范围原因查询,,,困难,在“Station keeping / Mooring lines / Mooring winch”下，如果失效模式是“Mooring winch failure”，且S/O/D分别为4/2/3.2，应追溯到什么原因？,Maintenance; Mooring winch failure due to undetected hazard during operation,Maintenance; Mooring winch failure due to undetected hazard during operation,正确,1.0,392.75,语义RAG,1.0,1.0,0,1.0,3,,,,,,Maintenance; Mooring winch failure due to undetected hazard during operation,,项目/功能；潜在失效模式；严酷度(S)；发生度(O)；可探测度(D)；潜在失效原因/机理,96,
293,293,Full-ΣMi残差模型,M1+M2+M3+M4,故障原因诊断类,项目失效现象风险指标查原因,项目范围原因查询,,,困难,在“Dynamic cable / Dynamic Cable / Dynamic Cable”下，如果失效模式是“accelerated mechanical fatigue”，且S/O/D分别为4.2/2.2/3.75，应追溯到什么原因？,Design Phase; Underestimation of dynamic conditions - Unexpected contingency scenario ( loss of mooring line ) - unexpected dynamic loads,Design Phase; Underestimation of dynamic conditions - Unexpected contingency scenario ( loss of mooring line ) - unexpected dynamic loads,正确,1.0,663.06,语义RAG,1.0,1.0,0,1.0,3,,,,,,Design Phase; Underestimation of dynamic conditions - Unexpected contingency scenario ( loss of mooring line ) - unexpected dynamic loads,,项目/功能；潜在失效模式；严酷度(S)；发生度(O)；可探测度(D)；潜在失效原因/机理,97,
294,294,Full-ΣMi残差模型,M1+M2+M3+M4,故障原因诊断类,项目失效现象风险指标查原因,项目范围原因查询,,,困难,在“Dynamic cable / Dynamic Cable / Dynamic Cable”下，如果失效模式是“anchoring damages”，且S/O/D分别为4.2/1.6/2.4，应追溯到什么原因？,Environmental conditions; Anchor impacts - seabed movement,环境条件；锚的影响 - 海床运动,错误,0.0,516.27,语义RAG,1.0,1.0,0,1.0,3,Environmental conditions; Anchor impacts - seabed movement,,,,,Environmental conditions; Anchor impacts - seabed movement,,项目/功能；潜在失效模式；严酷度(S)；发生度(O)；可探测度(D)；潜在失效原因/机理,98,
295,295,Full-ΣMi残差模型,M1+M2+M3+M4,故障原因诊断类,项目失效现象风险指标查原因,项目范围原因查询,,,困难,在“Dynamic cable / Dynamic Cable / Dynamic Cable”下，如果失效模式是“Cable Damage”，且S/O/D分别为2.67/3/3，应追溯到什么原因？,"Operation; Mechanical stress - cable motion,Bending and motion","原因=Operation; Mechanical stress - cable motion,Bending and motion;",正确,1.0,611.67,语义RAG,0.6667,1.0,0,1.0,3,,,,,,"Operation; Mechanical stress - cable motion,Bending and motion",,项目/功能；潜在失效模式；严酷度(S)；发生度(O)；可探测度(D)；潜在失效原因/机理,99,
296,296,Full-ΣMi残差模型,M1+M2+M3+M4,故障原因诊断类,项目失效现象风险指标查原因,项目范围原因查询,,,困难,在“Dynamic cable / Dynamic Cable / J-tube”下，如果失效模式是“Corrosion of J-tube”，且S/O/D分别为2.8/2.8/3.2，应追溯到什么原因？,"Installation phase; Seawater exposure, environmental conditions due to failure of corrosion protection anodes",安装阶段；海水暴露，由于防腐蚀阳极失效导致的环境条件。,错误,0.0,616.57,语义RAG,1.0,1.0,0,1.0,3,"Installation phase; Seawater exposure, environmental conditions due to failure of corrosion protection anodes",,,,,"Installation phase; Seawater exposure, environmental conditions due to failure of corrosion protection anodes",,项目/功能；潜在失效模式；严酷度(S)；发生度(O)；可探测度(D)；潜在失效原因/机理,100,
297,297,Full-ΣMi残差模型,M1+M2+M3+M4,故障原因诊断类,项目失效现象风险指标查原因,项目范围原因查询,,,困难,在“Dynamic cable / Dynamic Cable / J-tube”下，如果失效模式是“Corrosion of J-tube”，且S/O/D分别为3.2/2/3.4，应追溯到什么原因？,"Design Phase; Seawater exposure, environmental conditions due to insufficient coating","Seawater exposure, environmental conditions due to insufficient coating",错误,0.0,504.29,语义RAG,1.0,1.0,0,1.0,3,"Design Phase; Seawater exposure, environmental conditions due to insufficient coating",,,,,"Design Phase; Seawater exposure, environmental conditions due to insufficient coating",,项目/功能；潜在失效模式；严酷度(S)；发生度(O)；可探测度(D)；潜在失效原因/机理,101,
298,298,Full-ΣMi残差模型,M1+M2+M3+M4,故障原因诊断类,项目失效现象风险指标查原因,项目范围原因查询,,,困难,在“Dynamic cable / Dynamic Cable / Dynamic Cable”下，如果失效模式是“Crushing or deformation”，且S/O/D分别为3.8/1.8/3.2，应追溯到什么原因？,Design Phase; Excessive mechanical load - equipment interraction,Design Phase; Excessive mechanical load - equipment interraction,正确,1.0,534.31,语义RAG,1.0,1.0,0,1.0,3,,,,,,Design Phase; Excessive mechanical load - equipment interraction,,项目/功能；潜在失效模式；严酷度(S)；发生度(O)；可探测度(D)；潜在失效原因/机理,102,
299,299,Full-ΣMi残差模型,M1+M2+M3+M4,故障原因诊断类,项目失效现象风险指标查原因,项目范围原因查询,,,困难,在“Dynamic cable / Dynamic Cable / Hang-off”下，如果失效模式是“damage and corrosion of mechanical parts”，且S/O/D分别为3.2/1.75/3.5，应追溯到什么原因？,Design Phase; Wrong design/execution of the isolation material,Design Phase; Wrong design/execution of the isolation material,正确,1.0,539.85,语义RAG,0.6667,1.0,0,1.0,3,,,,,,Design Phase; Wrong design/execution of the isolation material,,项目/功能；潜在失效模式；严酷度(S)；发生度(O)；可探测度(D)；潜在失效原因/机理,103,
300,300,Full-ΣMi残差模型,M1+M2+M3+M4,故障原因诊断类,项目失效现象风险指标查原因,项目范围原因查询,,,困难,在“Dynamic cable / Dynamic Cable / Dynamic Cable”下，如果失效模式是“Debris disturbance”，且S/O/D分别为3.2/2/3.2，应追溯到什么原因？,Environmental conditions; Floating debris - marine activities,"根据上下文，当前提供的失效模式和S/O/D与问题描述不符。提供的失效模式为“Crushing or deformation”、“Cable Damage”、“Fatigue Cracks”，而问题中提到的失效模式是“Debris disturbance”。因此，按照给定的信息，无法追溯到“Debris disturbance”的原因。 若要回答最接近的问题，即在“Dynamic cable / Dynamic Cable / Dynamic Cable”下的已知失效模式及其S/O/D值对应的原因如下： 1. 破损或变形（Crushing or deformation）：失效原因是Design Phase; Excessive mechanical load - equipment interraction。 2. 电缆损坏（Cable Damage）：失效原因是Operation; Mechanical stress - cable motion,Bending and motion。 3. 疲劳裂纹（Fatigue Cracks）：失效原因是Operation; Repeated stress cycles - bending motions。 因此，对于“Debris disturbance”这一失效模式，根据问题描述与提供的信息不符，无法直接追溯原因。",错误,0.0,2154.41,语义RAG,1.0,0.0,0,0.0,3,Environmental conditions; Floating debris - marine activities,,,,,Environmental conditions; Floating debris - marine activities,,项目/功能；潜在失效模式；严酷度(S)；发生度(O)；可探测度(D)；潜在失效原因/机理,104,
301,301,Full-ΣMi残差模型,M1+M2+M3+M4,故障原因诊断类,项目失效现象风险指标查原因,项目范围原因查询,,,困难,在“Dynamic cable / Dynamic Cable / Dynamic Cable”下，如果失效模式是“Detachment”，且S/O/D分别为4.4/2/2.4，应追溯到什么原因？,Operation; Connector failure - Mechanical stress,根据上下文，动态电缆下的失效模式为“Detachment”时，并没有直接给出S/O/D值为4.4/2/2.4的记录。因此无法追溯到具体的原因。 但是，从提供的信息中可以看到，在“Dynamic cable / Dynamic Cable / Sheath”下有相应的FMEA条目，其S/O/D分别为4.2/2.4/3，并且失效模式是“Failure of sheath”，原因（FailureCause）为“Operation; Mechanical and thermal stress”。 因此，如果要类比或推测，在“Dynamic cable / Dynamic Cable / Dynamic Cable”下，若失效模式为“Detachment”，可能的原因可能是： Operation; Mechanical and thermal stress 但请注意，这仅是基于其他相关条目的推测，并非直接从给定的“Dynamic cable / Dynamic Cable / Dynamic Cable”下的具体记录中得出的结果。,错误,0.0,1983.26,语义RAG,0.3333,0.0,0,0.0,3,Operation; Connector failure - Mechanical stress,,,,,Operation; Connector failure - Mechanical stress,,项目/功能；潜在失效模式；严酷度(S)；发生度(O)；可探测度(D)；潜在失效原因/机理,105,
302,302,Full-ΣMi残差模型,M1+M2+M3+M4,故障原因诊断类,项目失效现象风险指标查原因,项目范围原因查询,,,困难,在“Dynamic cable / Dynamic Cable / Joints and terminations”下，如果失效模式是“Failure of end termination”，且S/O/D分别为3.6/2.6/2.8，应追溯到什么原因？,Manufacturing; Poor quality components [6],Manufacturing; Poor quality of insulating fluids [6],错误,0.0,582.26,语义RAG,0.6667,1.0,0,1.0,3,Manufacturing; Poor quality components [6],,6.0,,,Manufacturing; Poor quality components [6],,项目/功能；潜在失效模式；严酷度(S)；发生度(O)；可探测度(D)；潜在失效原因/机理,106,
303,303,Full-ΣMi残差模型,M1+M2+M3+M4,故障原因诊断类,项目失效现象风险指标查原因,项目范围原因查询,,,困难,在“Dynamic cable / Dynamic Cable / Joints and terminations”下，如果失效模式是“Failure of end termination”，且S/O/D分别为3.8/2.6/3.2，应追溯到什么原因？,Manufacturing; Poor quality of insulating fluids [6],Manufacturing; Poor quality of insulating fluids [6],正确,1.0,389.02,语义RAG,0.6667,1.0,0,1.0,3,,,6.0,,,Manufacturing; Poor quality of insulating fluids [6],,项目/功能；潜在失效模式；严酷度(S)；发生度(O)；可探测度(D)；潜在失效原因/机理,107,
304,304,Full-ΣMi残差模型,M1+M2+M3+M4,故障原因诊断类,项目失效现象风险指标查原因,项目范围原因查询,,,困难,在“Dynamic cable / Dynamic Cable / Joints and terminations”下，如果失效模式是“Failure of end termination”，且S/O/D分别为3.6/2.8/2.8，应追溯到什么原因？,Manufacturing; Quality of workmanship [6],Manufacturing; Quality of workmanship [6],正确,1.0,365.3,语义RAG,0.6667,1.0,0,1.0,3,,,6.0,,,Manufacturing; Quality of workmanship [6],,项目/功能；潜在失效模式；严酷度(S)；发生度(O)；可探测度(D)；潜在失效原因/机理,108,
305,305,Full-ΣMi残差模型,M1+M2+M3+M4,故障原因诊断类,项目失效现象风险指标查原因,项目范围原因查询,,,困难,在“Dynamic cable / Dynamic Cable / Dynamic Cable”下，如果失效模式是“Failure of fixing clamps”，且S/O/D分别为3.6/2.6/3，应追溯到什么原因？,Operation; Mechanical stress,Operation; Mechanical stress,正确,1.0,470.18,语义RAG,1.0,1.0,0,1.0,3,,,,,,Operation; Mechanical stress,,项目/功能；潜在失效模式；严酷度(S)；发生度(O)；可探测度(D)；潜在失效原因/机理,109,
306,306,Full-ΣMi残差模型,M1+M2+M3+M4,故障原因诊断类,项目失效现象风险指标查原因,项目范围原因查询,,,困难,在“Dynamic cable / Dynamic Cable / Insulation”下，如果失效模式是“Failure of insulations”，且S/O/D分别为4.4/2.2/2.8，应追溯到什么原因？,Design Phase; Inproper design : need quality insulation materials and protection,Design Phase; Inproper design : need quality insulation materials and protection,正确,1.0,533.2,语义RAG,0.6667,1.0,0,1.0,3,,,,,,Design Phase; Inproper design : need quality insulation materials and protection,,项目/功能；潜在失效模式；严酷度(S)；发生度(O)；可探测度(D)；潜在失效原因/机理,110,
307,307,Full-ΣMi残差模型,M1+M2+M3+M4,故障原因诊断类,项目失效现象风险指标查原因,项目范围原因查询,,,困难,在“Dynamic cable / Dynamic Cable / Sheath”下，如果失效模式是“Failure of sheath”，且S/O/D分别为4.2/2.4/3，应追溯到什么原因？,Operation; Mechanical and thermal stress,Operation; Mechanical and thermal stress,正确,1.0,554.69,语义RAG,0.6667,1.0,0,1.0,3,,,,,,Operation; Mechanical and thermal stress,,项目/功能；潜在失效模式；严酷度(S)；发生度(O)；可探测度(D)；潜在失效原因/机理,111,
308,308,Full-ΣMi残差模型,M1+M2+M3+M4,故障原因诊断类,项目失效现象风险指标查原因,项目范围原因查询,,,困难,在“Dynamic cable / Dynamic Cable / Dynamic Cable”下，如果失效模式是“Failure of watertightness”，且S/O/D分别为4.2/2.6/3，应追溯到什么原因？,Manufacturing; Errors or defects during manufacturing,制造；制造过程中的错误或缺陷（Manufacturing; Errors or defects during manufacturing）,正确,1.0,702.53,语义RAG,1.0,1.0,0,1.0,3,,,,,,Manufacturing; Errors or defects during manufacturing,,项目/功能；潜在失效模式；严酷度(S)；发生度(O)；可探测度(D)；潜在失效原因/机理,112,
309,309,Full-ΣMi残差模型,M1+M2+M3+M4,故障原因诊断类,项目失效现象风险指标查原因,项目范围原因查询,,,困难,在“Dynamic cable / Dynamic Cable / Dynamic Cable”下，如果失效模式是“Failure of watertightness”，且S/O/D分别为4.2/2/3.6，应追溯到什么原因？,Operation; Damage on the cable due to extreme environmental events,制造；制造过程中的错误或缺陷（Manufacturing; Errors or defects during manufacturing）,错误,0.0,459.23,语义RAG,1.0,1.0,0,1.0,3,Operation; Damage on the cable due to extreme environmental events,,,,,Operation; Damage on the cable due to extreme environmental events,,项目/功能；潜在失效模式；严酷度(S)；发生度(O)；可探测度(D)；潜在失效原因/机理,113,
310,310,Full-ΣMi残差模型,M1+M2+M3+M4,故障原因诊断类,项目失效现象风险指标查原因,项目范围原因查询,,,困难,在“Dynamic cable / Dynamic Cable / Conductor”下，如果失效模式是“failures of conductors”，且S/O/D分别为4.2/2.4/2.4，应追溯到什么原因？,Operation; Internal damage: Problem in insulation material - Electrical overload,Operation; Internal damage: Problem in insulation material - Electrical overload,正确,1.0,531.32,语义RAG,0.3333,1.0,0,1.0,3,,,,,,Operation; Internal damage: Problem in insulation material - Electrical overload,,项目/功能；潜在失效模式；严酷度(S)；发生度(O)；可探测度(D)；潜在失效原因/机理,114,
311,311,Full-ΣMi残差模型,M1+M2+M3+M4,故障原因诊断类,项目失效现象风险指标查原因,项目范围原因查询,,,困难,在“Dynamic cable / Dynamic Cable / Dynamic Cable”下，如果失效模式是“Fatigue Cracks”，且S/O/D分别为4.2/2.4/3.6，应追溯到什么原因？,Operation; Repeated stress cycles - bending motions,Operation; Repeated stress cycles - bending motions,正确,1.0,523.95,语义RAG,0.3333,1.0,0,1.0,3,,,,,,Operation; Repeated stress cycles - bending motions,,项目/功能；潜在失效模式；严酷度(S)；发生度(O)；可探测度(D)；潜在失效原因/机理,115,
312,312,Full-ΣMi残差模型,M1+M2+M3+M4,故障原因诊断类,项目失效现象风险指标查原因,项目范围原因查询,,,困难,在“Dynamic cable / Dynamic Cable / Dynamic Cable”下，如果失效模式是“Geo-Hazards”，且S/O/D分别为4.6/1.4/3.5，应追溯到什么原因？,"Design Phase; Unexpected contingency ( earthquake, seabed movement)","Design Phase; Unexpected contingency ( earthquake, seabed movement)",正确,1.0,529.33,语义RAG,0.6667,1.0,0,1.0,3,,,,,,"Design Phase; Unexpected contingency ( earthquake, seabed movement)",,项目/功能；潜在失效模式；严酷度(S)；发生度(O)；可探测度(D)；潜在失效原因/机理,116,
313,313,Full-ΣMi残差模型,M1+M2+M3+M4,故障原因诊断类,项目失效现象风险指标查原因,项目范围原因查询,,,困难,在“Dynamic cable / Dynamic Cable / Dynamic Cable”下，如果失效模式是“Loss of dynamic positioning”，且S/O/D分别为3.4/2.6/3，应追溯到什么原因？,Environmental conditions; Dynamic positioning system failure due to excessive environmental conditions,环境条件；动态定位系统因超出环境条件范围而失败。,错误,0.0,562.27,语义RAG,1.0,1.0,0,1.0,3,Environmental conditions; Dynamic positioning system failure due to excessive environmental conditions,,,,,Environmental conditions; Dynamic positioning system failure due to excessive environmental conditions,,项目/功能；潜在失效模式；严酷度(S)；发生度(O)；可探测度(D)；潜在失效原因/机理,117,
314,314,Full-ΣMi残差模型,M1+M2+M3+M4,故障原因诊断类,项目失效现象风险指标查原因,项目范围原因查询,,,困难,在“Dynamic cable / Dynamic Cable / Buoyancy modules”下，如果失效模式是“Loss of float bility (water adsorption)”，且S/O/D分别为3.5/2.5/3，应追溯到什么原因？,Operation,Operation,正确,1.0,437.71,语义RAG,0.6667,1.0,0,1.0,3,,,,,,Operation,,项目/功能；潜在失效模式；严酷度(S)；发生度(O)；可探测度(D)；潜在失效原因/机理,118,
315,315,Full-ΣMi残差模型,M1+M2+M3+M4,故障原因诊断类,项目失效现象风险指标查原因,项目范围原因查询,,,困难,在“Dynamic cable / Dynamic Cable / Dynamic Cable”下，如果失效模式是“material degradation”，且S/O/D分别为4.4/1.8/3，应追溯到什么原因？,Design Phase; Underestimation of dynamic conditions - Unexpected contingency scenario ( loss of mooring line ),Design Phase; Underestimation of dynamic conditions - Unexpected contingency scenario ( loss of mooring line ),正确,1.0,645.83,语义RAG,0.3333,1.0,0,1.0,3,,,,,,Design Phase; Underestimation of dynamic conditions - Unexpected contingency scenario ( loss of mooring line ),,项目/功能；潜在失效模式；严酷度(S)；发生度(O)；可探测度(D)；潜在失效原因/机理,119,
316,316,Full-ΣMi残差模型,M1+M2+M3+M4,故障原因诊断类,项目失效现象风险指标查原因,项目范围原因查询,,,困难,在“Dynamic cable / Dynamic Cable / Fiber optic”下，如果失效模式是“Mechanical degradation”，且S/O/D分别为2.5/1.75/2.5，应追溯到什么原因？,Operation,Operation,正确,1.0,461.03,语义RAG,0.3333,1.0,0,1.0,3,,,,,,Operation,,项目/功能；潜在失效模式；严酷度(S)；发生度(O)；可探测度(D)；潜在失效原因/机理,120,
317,317,Full-ΣMi残差模型,M1+M2+M3+M4,故障原因诊断类,项目失效现象风险指标查原因,项目范围原因查询,,,困难,在“Dynamic cable / Dynamic Cable / Cable Protection System”下，如果失效模式是“Movement of CPS due to scour/seabed mobility”，且S/O/D分别为3.8/2.2/4.4，应追溯到什么原因？,Design Phase; Design inefficiency [6],设计阶段;设计 inefficiency,错误,0.0,527.27,语义RAG,1.0,1.0,0,1.0,3,Design Phase; Design inefficiency [6],,,,,Design Phase; Design inefficiency [6],,项目/功能；潜在失效模式；严酷度(S)；发生度(O)；可探测度(D)；潜在失效原因/机理,121,
318,318,Full-ΣMi残差模型,M1+M2+M3+M4,故障原因诊断类,项目失效现象风险指标查原因,项目范围原因查询,,,困难,在“Dynamic cable / Dynamic Cable / Cable Protection System”下，如果失效模式是“Movement of CPS due to scour/seabed mobility”，且S/O/D分别为3.8/2.6/4.4，应追溯到什么原因？,"Design Phase; lack of data of the deployment location [4,6]",Design Phase; lack of data of the deployment location,错误,0.0,367.56,语义RAG,1.0,1.0,0,1.0,3,"Design Phase; lack of data of the deployment location [4,6]",,,,,"Design Phase; lack of data of the deployment location [4,6]",,项目/功能；潜在失效模式；严酷度(S)；发生度(O)；可探测度(D)；潜在失效原因/机理,122,
319,319,Full-ΣMi残差模型,M1+M2+M3+M4,故障原因诊断类,项目失效现象风险指标查原因,项目范围原因查询,,,困难,在“Dynamic cable / Dynamic Cable / Cable Protection System”下，如果失效模式是“Movement of CPS due to scour/seabed mobility”，且S/O/D分别为3.8/2.8/4，应追溯到什么原因？,Installation phase; incorrect installation [6],安装阶段;错误的安装,错误,0.0,345.75,语义RAG,1.0,1.0,0,1.0,3,Installation phase; incorrect installation [6],,,,,Installation phase; incorrect installation [6],,项目/功能；潜在失效模式；严酷度(S)；发生度(O)；可探测度(D)；潜在失效原因/机理,123,
320,320,Full-ΣMi残差模型,M1+M2+M3+M4,故障原因诊断类,项目失效现象风险指标查原因,项目范围原因查询,,,困难,在“Dynamic cable / Dynamic Cable / Dynamic Cable”下，如果失效模式是“Premature damage of outer protection layer”，且S/O/D分别为3.6/2.2/3.75，应追溯到什么原因？,Environmental conditions; Environmental exposure - wear,Environmental conditions; Environmental exposure - wear,正确,1.0,512.17,语义RAG,0.3333,1.0,0,1.0,3,,,,,,Environmental conditions; Environmental exposure - wear,,项目/功能；潜在失效模式；严酷度(S)；发生度(O)；可探测度(D)；潜在失效原因/机理,124,
321,321,Full-ΣMi残差模型,M1+M2+M3+M4,故障原因诊断类,项目失效现象风险指标查原因,项目范围原因查询,,,困难,在“Dynamic cable / Dynamic Cable / Static cable/Export Cable”下，如果失效模式是“Reduced sediment cover lower than designed value for protection”，且S/O/D分别为3.6/2.4/3.8，应追溯到什么原因？,Design Phase; Insufficient information for the deployment location [6],Design Phase; Insufficient information for the deployment location [6],正确,1.0,558.95,语义RAG,1.0,1.0,0,1.0,3,,,6.0,,,Design Phase; Insufficient information for the deployment location [6],,项目/功能；潜在失效模式；严酷度(S)；发生度(O)；可探测度(D)；潜在失效原因/机理,125,
322,322,Full-ΣMi残差模型,M1+M2+M3+M4,故障原因诊断类,项目失效现象风险指标查原因,项目范围原因查询,,,困难,在“Dynamic cable / Dynamic Cable / Dynamic Cable (Touchdown point)”下，如果失效模式是“Reduced sediment cover lower than designed value for protection”，且S/O/D分别为4/2/3.5，应追溯到什么原因？,Design Phase; Insufficient information for the deployment location [6],Design Phase; Insufficient information for the deployment location [6],正确,1.0,576.89,语义RAG,1.0,1.0,0,1.0,3,,,6.0,,,Design Phase; Insufficient information for the deployment location [6],,项目/功能；潜在失效模式；严酷度(S)；发生度(O)；可探测度(D)；潜在失效原因/机理,126,
323,323,Full-ΣMi残差模型,M1+M2+M3+M4,故障原因诊断类,项目失效现象风险指标查原因,项目范围原因查询,,,困难,在“Dynamic cable / Dynamic Cable / Static cable/Export Cable”下，如果失效模式是“Reduced sediment cover lower than designed value for protection”，且S/O/D分别为3.6/2.2/4.2，应追溯到什么原因？,Environmental conditions; exposure of seabed cover to extreme environmental phenomena,环境条件；海底覆盖暴露于极端环境现象。,错误,0.0,555.58,语义RAG,1.0,1.0,0,1.0,3,Environmental conditions; exposure of seabed cover to extreme environmental phenomena,,,,,Environmental conditions; exposure of seabed cover to extreme environmental phenomena,,项目/功能；潜在失效模式；严酷度(S)；发生度(O)；可探测度(D)；潜在失效原因/机理,127,
324,324,Full-ΣMi残差模型,M1+M2+M3+M4,故障原因诊断类,项目失效现象风险指标查原因,项目范围原因查询,,,困难,在“Dynamic cable / Dynamic Cable / Dynamic Cable”下，如果失效模式是“Small bending radius”，且S/O/D分别为3.4/2.6/3.2，应追溯到什么原因？,Operation; Mechanical stress - excessive bending,Operation; Mechanical stress - excessive bending,正确,1.0,547.51,语义RAG,1.0,1.0,0,1.0,3,,,,,,Operation; Mechanical stress - excessive bending,,项目/功能；潜在失效模式；严酷度(S)；发生度(O)；可探测度(D)；潜在失效原因/机理,128,
325,325,Full-ΣMi残差模型,M1+M2+M3+M4,故障原因诊断类,后果探测度查原因,后果到原因推理,,,困难,某条FMEA记录显示：“Abnormal vibration”会导致“Excessive Fatigue Life Consumption”，现行探测难度D为2.5；请判断其潜在原因。,Design phase; Resonance occurs when the natural frequency of the tower or other components of the wind turbine matches the frequency of the wind or other external forces.,失效原因 / FailureCause / cause / reason / 为什么 / 为啥 / 咋来的: Environmental condition; Resonance occurs when the natural frequency of the tower or other components of the wind turbine matches the frequency of the wind or other external forces.,错误,0.0,878.04,语义RAG,1.0,1.0,0,1.0,3,Design phase; Resonance occurs when the natural frequency of the tower or other components of the wind turbine matches the frequency of the wind or other external forces.,,,,,Design phase; Resonance occurs when the natural frequency of the tower or other components of the wind turbine matches the frequency of the wind or other external forces.,,潜在失效模式；潜在失效后果；可探测度(D)；潜在失效原因/机理,0,
326,326,Full-ΣMi残差模型,M1+M2+M3+M4,故障原因诊断类,后果探测度查原因,后果到原因推理,,,困难,某条FMEA记录显示：“Abnormal vibration”会导致“Potential collapse”，现行探测难度D为3；请判断其潜在原因。,"Installation phase; Faulty welding of Tower [10,15]","失效原因 / FailureCause / cause / reason / 为什么 / 为啥 / 咋来的: Installation phase; Faulty welding of Tower [10,15]",正确,1.0,722.79,语义RAG,1.0,1.0,0,1.0,3,,,10.0；15.0,,,"Installation phase; Faulty welding of Tower [10,15]",,潜在失效模式；潜在失效后果；可探测度(D)；潜在失效原因/机理,2,
327,327,Full-ΣMi残差模型,M1+M2+M3+M4,故障原因诊断类,后果探测度查原因,后果到原因推理,,,困难,某条FMEA记录显示：“Cracks”会导致“Failure of whole facility and vast economic loses”，现行探测难度D为3；请判断其潜在原因。,"Environmental loads; The interaction between the blades and the tower can cause pressure fluctuations, leading to cyclic fatigue [14]",失效原因 / FailureCause / cause / reason / 为什么 / 为啥 / 咋来的: Design phase; Braking system failure due to wrong estimation of operating conditions [15],错误,0.0,764.65,语义RAG,0.6667,0.0,0,0.0,3,"Environmental loads; The interaction between the blades and the tower can cause pressure fluctuations, leading to cyclic fatigue [14]",,,,,"Environmental loads; The interaction between the blades and the tower can cause pressure fluctuations, leading to cyclic fatigue [14]",,潜在失效模式；潜在失效后果；可探测度(D)；潜在失效原因/机理,4,
328,328,Full-ΣMi残差模型,M1+M2+M3+M4,故障原因诊断类,后果探测度查原因,后果到原因推理,,,困难,某条FMEA记录显示：“Cracks”会导致“Failure of whole facility and vast economic loses”，现行探测难度D为3.2；请判断其潜在原因。,Environmental loads; Material fatigue due to high waves and high frequency of loads [1],失效原因 / FailureCause / cause / reason / 为啥 / 咋来的: Design phase; Braking system failure due to wrong estimation of operating conditions [15],错误,0.0,650.13,语义RAG,0.6667,0.0,0,0.0,3,Environmental loads; Material fatigue due to high waves and high frequency of loads [1],,,,,Environmental loads; Material fatigue due to high waves and high frequency of loads [1],,潜在失效模式；潜在失效后果；可探测度(D)；潜在失效原因/机理,5,
329,329,Full-ΣMi残差模型,M1+M2+M3+M4,故障原因诊断类,后果探测度查原因,后果到原因推理,,,困难,某条FMEA记录显示：“Cracks”会导致“Potential collapse”，现行探测难度D为3.2；请判断其潜在原因。,Environmental condition; Cyclic wind/wave loading (above design assumption)creates stress concentrations and fatigue. [11],"失效原因 / FailureCause / cause / reason / 为啥 / 咋来的: Installation phase; Installation phase stress/fatigue due to waves, wind, and process. Incorrect installation/error can cause stress concentration and fatigue. [11]",错误,0.0,848.41,语义RAG,0.6667,0.0,0,0.0,3,Environmental condition; Cyclic wind/wave loading (above design assumption)creates stress concentrations and fatigue. [11],,11.0,,,Environmental condition; Cyclic wind/wave loading (above design assumption)creates stress concentrations and fatigue. [11],,潜在失效模式；潜在失效后果；可探测度(D)；潜在失效原因/机理,6,
330,330,Full-ΣMi残差模型,M1+M2+M3+M4,故障原因诊断类,后果探测度查原因,后果到原因推理,,,困难,某条FMEA记录显示：“Cracks”会导致“Potential collapse”，现行探测难度D为3.67；请判断其潜在原因。,"Design phase; Welding failure due to Poor design or inadequate specification of welding procedures considering harsh environmental condition [1,15]","失效原因 / FailureCause / cause / reason / 为啥 / 咋来的: Installation phase; Installation phase stress/fatigue due to waves, wind, and process. Incorrect installation/error can cause stress concentration and fatigue.",错误,0.0,638.25,语义RAG,0.6667,0.0,0,0.0,3,"Design phase; Welding failure due to Poor design or inadequate specification of welding procedures considering harsh environmental condition [1,15]",,,,,"Design phase; Welding failure due to Poor design or inadequate specification of welding procedures considering harsh environmental condition [1,15]",,潜在失效模式；潜在失效后果；可探测度(D)；潜在失效原因/机理,7,
331,331,Full-ΣMi残差模型,M1+M2+M3+M4,故障原因诊断类,后果探测度查原因,后果到原因推理,,,困难,某条FMEA记录显示：“Cracks”会导致“Potential collapse”，现行探测难度D为3.75；请判断其潜在原因。,"Installation phase; Installation phase stress/fatigue due to waves, wind, and process. Incorrect installation/error can cause stress concentration and fatigue. [11]","失效原因 / FailureCause / cause / reason / 为什么 / 为啥 / 咋来的: Installation phase; Installation phase stress/fatigue due to waves, wind, and process. Incorrect installation/error can cause stress concentration and fatigue. [11]",正确,1.0,742.59,语义RAG,0.6667,1.0,0,1.0,3,,,11.0,,,"Installation phase; Installation phase stress/fatigue due to waves, wind, and process. Incorrect installation/error can cause stress concentration and fatigue. [11]",,潜在失效模式；潜在失效后果；可探测度(D)；潜在失效原因/机理,11,
332,332,Full-ΣMi残差模型,M1+M2+M3+M4,故障原因诊断类,后果探测度查原因,后果到原因推理,,,困难,某条FMEA记录显示：“Cracks”会导致“Potential collapse”，现行探测难度D为2.67；请判断其潜在原因。,Maintenance phase; Corrosion due to lack of regular inspection and maintenance to prevent critical steps and failure [11],"失效原因 / FailureCause / cause / reason / 为啥 / 咋来的: Installation phase; Installation phase stress/fatigue due to waves, wind, and process. Incorrect installation/error can cause stress concentration and fatigue.",错误,0.0,706.26,语义RAG,0.6667,0.0,0,0.0,3,Maintenance phase; Corrosion due to lack of regular inspection and maintenance to prevent critical steps and failure [11],,,,,Maintenance phase; Corrosion due to lack of regular inspection and maintenance to prevent critical steps and failure [11],,潜在失效模式；潜在失效后果；可探测度(D)；潜在失效原因/机理,12,
333,333,Full-ΣMi残差模型,M1+M2+M3+M4,故障原因诊断类,后果探测度查原因,后果到原因推理,,,困难,某条FMEA记录显示：“Cracks”会导致“Potential collapse”，现行探测难度D为3；请判断其潜在原因。,"Maintenance phase; Blade replacements, repairs, and corrosion mitigation can add stress. Improper execution can lead to damage and fatigue. [11]","失效原因 / FailureCause / cause / reason / 为什么 / 为啥 / 咋来的: Installation phase; Installation phase stress/fatigue due to waves, wind, and process. Incorrect installation/error can cause stress concentration and fatigue. [11]",错误,0.0,768.36,语义RAG,0.6667,0.0,0,0.0,3,"Maintenance phase; Blade replacements, repairs, and corrosion mitigation can add stress. Improper execution can lead to damage and fatigue. [11]",,11.0,,,"Maintenance phase; Blade replacements, repairs, and corrosion mitigation can add stress. Improper execution can lead to damage and fatigue. [11]",,潜在失效模式；潜在失效后果；可探测度(D)；潜在失效原因/机理,14,
334,334,Full-ΣMi残差模型,M1+M2+M3+M4,故障原因诊断类,后果探测度查原因,后果到原因推理,,,困难,某条FMEA记录显示：“Cracks”会导致“Failure of the WTG/Major repair campaign/Structure reassessment”，现行探测难度D为3；请判断其潜在原因。,Environmental condition; Lightning strikes[9],失效原因 / FailureCause: Environmental condition; Lightning strikes[9],正确,1.0,584.4,语义RAG,0.6667,1.0,0,1.0,3,,,9.0,,,Environmental condition; Lightning strikes[9],,潜在失效模式；潜在失效后果；可探测度(D)；潜在失效原因/机理,16,
335,335,Full-ΣMi残差模型,M1+M2+M3+M4,故障原因诊断类,后果探测度查原因,后果到原因推理,,,困难,某条FMEA记录显示：“Cracks”会导致“Failure of whole facility and vast economic loses”，现行探测难度D为3.25；请判断其潜在原因。,Design phase; Lightning strikes damages due to inefficient lightning prevention system [9],失效原因 / FailureCause / cause / reason / 为什么 / 为啥 / 咋来的: Design phase; Braking system failure due to wrong estimation of operating conditions [15],错误,0.0,787.69,语义RAG,1.0,0.0,0,0.0,3,Design phase; Lightning strikes damages due to inefficient lightning prevention system [9],,,,,Design phase; Lightning strikes damages due to inefficient lightning prevention system [9],,潜在失效模式；潜在失效后果；可探测度(D)；潜在失效原因/机理,17,
336,336,Full-ΣMi残差模型,M1+M2+M3+M4,故障原因诊断类,后果探测度查原因,后果到原因推理,,,困难,某条FMEA记录显示：“Cracks”会导致“Failure of whole facility and vast economic loses”，现行探测难度D为2.67；请判断其潜在原因。,Manufacturing; Hit by blades due to poor manufacturing quality control [9],失效原因 / FailureCause / cause / reason / 为什么 / 为啥 / 咋来的: Design phase; Braking system failure due to wrong estimation of operating conditions [15],错误,0.0,698.79,语义RAG,0.6667,0.0,0,0.0,3,Manufacturing; Hit by blades due to poor manufacturing quality control [9],,,,,Manufacturing; Hit by blades due to poor manufacturing quality control [9],,潜在失效模式；潜在失效后果；可探测度(D)；潜在失效原因/机理,18,
337,337,Full-ΣMi残差模型,M1+M2+M3+M4,故障原因诊断类,后果探测度查原因,后果到原因推理,,,困难,某条FMEA记录显示：“Cracks”会导致“Failure of whole facility and vast economic loses”，现行探测难度D为3.33；请判断其潜在原因。,due to Operation; Hit by blades due to human error or operational failure [15],失效原因 / FailureCause / cause / reason / 为什么 / 为啥 / 咋来的: Design phase; Braking system failure due to wrong estimation of operating conditions [15],错误,0.0,738.67,语义RAG,0.6667,0.0,0,0.0,3,due to Operation; Hit by blades due to human error or operational failure [15],,15.0,,,due to Operation; Hit by blades due to human error or operational failure [15],,潜在失效模式；潜在失效后果；可探测度(D)；潜在失效原因/机理,20,
338,338,Full-ΣMi残差模型,M1+M2+M3+M4,故障原因诊断类,后果探测度查原因,后果到原因推理,,,困难,某条FMEA记录显示：“Plastic deformation”会导致“Potential collapse”，现行探测难度D为3；请判断其潜在原因。,"Manufacturing; Inadequate quality control during the manufacturing process may create structural weaknesses or defects in the tower, causing plastic deformation over time. [11]","失效原因 / FailureCause / cause / reason / 为什么 / 为啥 / 咋来的: Design phase; Plastic deformation due to insufficient yield strength and lack of detailed stress analysis and simulations [13] 失效原因 / FailureCause / cause / reason / 为什么 / 为啥 / 咋来的: Manufacturing; Inadequate quality control during the manufacturing process may create structural weaknesses or defects in the tower, causing plastic deformation over time. [11]",正确,1.0,1245.62,语义RAG,1.0,1.0,0,1.0,3,,,11.0,,,"Manufacturing; Inadequate quality control during the manufacturing process may create structural weaknesses or defects in the tower, causing plastic deformation over time. [11]",,潜在失效模式；潜在失效后果；可探测度(D)；潜在失效原因/机理,21,
339,339,Full-ΣMi残差模型,M1+M2+M3+M4,故障原因诊断类,后果探测度查原因,后果到原因推理,,,困难,某条FMEA记录显示：“Plastic deformation”会导致“Potential collapse”，现行探测难度D为2.8；请判断其潜在原因。,Design phase; Plastic deformation due to insufficient yield strength and lack of detailed stress analysis and simulations [13],失效原因 / FailureCause / cause / reason / 为什么 / 为啥 / 咋来的: Design phase; Plastic deformation due to insufficient yield strength and lack of detailed stress analysis and simulations [13],正确,1.0,624.38,语义RAG,1.0,1.0,0,1.0,3,,,13.0,,,Design phase; Plastic deformation due to insufficient yield strength and lack of detailed stress analysis and simulations [13],,潜在失效模式；潜在失效后果；可探测度(D)；潜在失效原因/机理,22,
340,340,Full-ΣMi残差模型,M1+M2+M3+M4,故障原因诊断类,后果探测度查原因,后果到原因推理,,,困难,某条FMEA记录显示：“Tower collapse”会导致“Failure of whole facility and vast economic loses”，现行探测难度D为3.33；请判断其潜在原因。,Operation phase; Mooring system failure can lead to direct tower collapse [1],失效原因 / FailureCause / cause / reason / 为什么 / 为啥 / 咋来的: Operation phase; Mooring system failure can lead to direct tower collapse [1],正确,1.0,788.35,语义RAG,0.3333,1.0,0,1.0,3,,,1.0,,,Operation phase; Mooring system failure can lead to direct tower collapse [1],,潜在失效模式；潜在失效后果；可探测度(D)；潜在失效原因/机理,23,
341,341,Full-ΣMi残差模型,M1+M2+M3+M4,故障原因诊断类,后果探测度查原因,后果到原因推理,,,困难,"某条FMEA记录显示：“Transition piece break”会导致“Tower Unit collapse, Floater Unit damage”，现行探测难度D为3；请判断其潜在原因。",Design; Analysis and calculation fault due to human error [11],"失效原因 / FailureCause: Operation and Maintenance; Brittle fracture due to extreme environmental temperature, leading to a shift in the ductile-to-brittle transition temperature [16]",错误,0.0,792.36,语义RAG,1.0,1.0,0,1.0,3,Design; Analysis and calculation fault due to human error [11],,,,,Design; Analysis and calculation fault due to human error [11],,潜在失效模式；潜在失效后果；可探测度(D)；潜在失效原因/机理,24,
342,342,Full-ΣMi残差模型,M1+M2+M3+M4,故障原因诊断类,后果探测度查原因,后果到原因推理,,,困难,"某条FMEA记录显示：“Transition piece break”会导致“tension failure (rupture), buckling of the transition piece/ Tower unit damage”，现行探测难度D为3.25；请判断其潜在原因。","Operation and Maintenance; Brittle fracture due to extreme environmental temperature, leading to a shift in the ductile-to-brittle transition temperature [16]","失效原因是：Operation and Maintenance; Brittle fracture due to extreme environmental temperature, leading to a shift in the ductile-to-brittle transition temperature [16]。",正确,1.0,784.37,语义RAG,0.6667,1.0,0,1.0,3,,,16.0,,,"Operation and Maintenance; Brittle fracture due to extreme environmental temperature, leading to a shift in the ductile-to-brittle transition temperature [16]",,潜在失效模式；潜在失效后果；可探测度(D)；潜在失效原因/机理,25,
343,343,Full-ΣMi残差模型,M1+M2+M3+M4,故障原因诊断类,后果探测度查原因,后果到原因推理,,,困难,某条FMEA记录显示：“Structural plastic deformation”会导致“Local stress accumulation”，现行探测难度D为3；请判断其潜在原因。,"Operation; Changes in wave spectra can cause increased loads, resonance, and stress concentrations, leading to plastic deformation in offshore wind turbines. [11]",失效原因 / FailureCause / cause / reason / 为什么 / 为啥 / 咋来的: Maintenance; Installation,错误,0.0,682.6,语义RAG,1.0,1.0,0,1.0,3,"Operation; Changes in wave spectra can cause increased loads, resonance, and stress concentrations, leading to plastic deformation in offshore wind turbines. [11]",,,,,"Operation; Changes in wave spectra can cause increased loads, resonance, and stress concentrations, leading to plastic deformation in offshore wind turbines. [11]",,潜在失效模式；潜在失效后果；可探测度(D)；潜在失效原因/机理,26,
344,344,Full-ΣMi残差模型,M1+M2+M3+M4,故障原因诊断类,后果探测度查原因,后果到原因推理,,,困难,某条FMEA记录显示：“Cracks”会导致“Tower transition piece connections failure / resonance”，现行探测难度D为3.75；请判断其潜在原因。,"Operation; Cycling loading could cause microstructural changes in the material and eventually lead to fatigue crack initiation [1,15]","失效原因 / FailureCause / cause / reason / 为什么 / 为啥 / 咋来的: Operation; Cycling loading could cause microstructural changes in the material and eventually lead to fatigue crack initiation [1,15]",正确,1.0,841.81,语义RAG,0.6667,1.0,0,1.0,3,,,1.0；15.0,,,"Operation; Cycling loading could cause microstructural changes in the material and eventually lead to fatigue crack initiation [1,15]",,潜在失效模式；潜在失效后果；可探测度(D)；潜在失效原因/机理,27,
345,345,Full-ΣMi残差模型,M1+M2+M3+M4,故障原因诊断类,后果探测度查原因,后果到原因推理,,,困难,"某条FMEA记录显示：“Transition piece break”会导致“Tower Unit collapse, Floater Unit damage”，现行探测难度D为2.67；请判断其潜在原因。",Environmental condition; Design parameters superseded due to climate change [11],失效原因 / FailureCause: Design; Under-designed structure/ Component due to human error/Insufficient environmental data,错误,0.0,653.08,语义RAG,1.0,0.0,0,0.0,3,Environmental condition; Design parameters superseded due to climate change [11],,,,,Environmental condition; Design parameters superseded due to climate change [11],,潜在失效模式；潜在失效后果；可探测度(D)；潜在失效原因/机理,28,
346,346,Full-ΣMi残差模型,M1+M2+M3+M4,故障原因诊断类,后果探测度查原因,后果到原因推理,,,困难,某条FMEA记录显示：“Abnormal vibration”会导致“potential tower connections failure”，现行探测难度D为3；请判断其潜在原因。,Operation; due to unbalanced loads or wind-induced vibrations. [11],失效原因 / FailureCause / cause / reason / 为什么 / 为啥 / 咋来的: Maintenance; Misalignments or looseness in the connections between the tower and the foundation or inadequate bracing can cause abnormal vibration in the transition piece [12],错误,0.0,906.46,语义RAG,0.6667,1.0,0,1.0,3,Operation; due to unbalanced loads or wind-induced vibrations. [11],,,,,Operation; due to unbalanced loads or wind-induced vibrations. [11],,潜在失效模式；潜在失效后果；可探测度(D)；潜在失效原因/机理,29,
347,347,Full-ΣMi残差模型,M1+M2+M3+M4,故障原因诊断类,后果探测度查原因,后果到原因推理,,,困难,某条FMEA记录显示：“Cracks”会导致“Tower transition piece connections failure”，现行探测难度D为3.25；请判断其潜在原因。,Installation; During Transportation and installation transition piece may be subjected to bending and twisting loads which could lead to fatigue cracks,失效原因 / FailureCause: Installation; During Transportation and installation transition piece may be subjected to bending and twisting loads which could lead to fatigue cracks,正确,1.0,645.06,语义RAG,1.0,1.0,0,1.0,3,,,,,,Installation; During Transportation and installation transition piece may be subjected to bending and twisting loads which could lead to fatigue cracks,,潜在失效模式；潜在失效后果；可探测度(D)；潜在失效原因/机理,31,
348,348,Full-ΣMi残差模型,M1+M2+M3+M4,故障原因诊断类,后果探测度查原因,后果到原因推理,,,困难,某条FMEA记录显示：“Cracks”会导致“Tower transition piece connections failure/ displacement variations between tower end”，现行探测难度D为3；请判断其潜在原因。,"Environmental Loads; Extreme environmental conditions like hurricanes or storm surges can subject the transition piece to large forces that exceed their design limits [10,11,15]",失效原因 / FailureCause: Environmental Loads,错误,0.0,526.73,语义RAG,0.6667,1.0,0,1.0,3,"Environmental Loads; Extreme environmental conditions like hurricanes or storm surges can subject the transition piece to large forces that exceed their design limits [10,11,15]",,,,,"Environmental Loads; Extreme environmental conditions like hurricanes or storm surges can subject the transition piece to large forces that exceed their design limits [10,11,15]",,潜在失效模式；潜在失效后果；可探测度(D)；潜在失效原因/机理,32,
349,349,Full-ΣMi残差模型,M1+M2+M3+M4,故障原因诊断类,后果探测度查原因,后果到原因推理,,,困难,某条FMEA记录显示：“Cracks”会导致“potential tower connections failure”，现行探测难度D为2.67；请判断其潜在原因。,Fabrication; Improper surface preparation before applying a protective coating or performing welding repairs like cleaning the surface with solvent and treating the surface with a rust inhibitor or primer for improving the adhesion can cause corrosion and crack propagation. [15],根据上下文，没有找到“Cracks”这一失效模式的相关信息。因此，无法判断其潜在原因。,错误,0.0,590.84,语义RAG,0.6667,0.0,0,0.0,3,Fabrication; Improper surface preparation before applying a protective coating or performing welding repairs like cleaning the surface with solvent and treating the surface with a rust inhibitor or primer for improving the adhesion can cause corrosion and crack propagation. [15],,,,,Fabrication; Improper surface preparation before applying a protective coating or performing welding repairs like cleaning the surface with solvent and treating the surface with a rust inhibitor or primer for improving the adhesion can cause corrosion and crack propagation. [15],,潜在失效模式；潜在失效后果；可探测度(D)；潜在失效原因/机理,33,
350,350,Full-ΣMi残差模型,M1+M2+M3+M4,故障原因诊断类,后果探测度查原因,后果到原因推理,,,困难,某条FMEA记录显示：“Abnormal vibration”会导致“potential tower connections failure”，现行探测难度D为2.67；请判断其潜在原因。,Maintenance; Misalignments or looseness in the connections between the tower and the foundation or inadequate bracing can cause abnormal vibration in the transition piece [12],失效原因 / FailureCause: Maintenance; Misalignments or looseness in the connections between the tower and the foundation or inadequate bracing,错误,0.0,623.78,语义RAG,0.6667,1.0,0,1.0,3,Maintenance; Misalignments or looseness in the connections between the tower and the foundation or inadequate bracing can cause abnormal vibration in the transition piece [12],,,,,Maintenance; Misalignments or looseness in the connections between the tower and the foundation or inadequate bracing can cause abnormal vibration in the transition piece [12],,潜在失效模式；潜在失效后果；可探测度(D)；潜在失效原因/机理,34,
351,351,Full-ΣMi残差模型,M1+M2+M3+M4,故障原因诊断类,后果探测度查原因,后果到原因推理,,,困难,某条FMEA记录显示：“Cracks”会导致“Tower transition piece connections failure”，现行探测难度D为3；请判断其潜在原因。,"Maintenance; Repairing welding during maintenance can introduce residual stresses, leading to crack initiation [11]","失效原因 / FailureCause / cause / reason / 为什么 / 为啥 / 咋来的: Installation; Welding failure due to poor performance (e.g. overheating, lack of fusion) during installation [1,9,15]",错误,0.0,892.7,语义RAG,1.0,0.0,1,0.0,3,"Maintenance; Repairing welding during maintenance can introduce residual stresses, leading to crack initiation [11]",,,,9.0,"Maintenance; Repairing welding during maintenance can introduce residual stresses, leading to crack initiation [11]",,潜在失效模式；潜在失效后果；可探测度(D)；潜在失效原因/机理,36,
352,352,Full-ΣMi残差模型,M1+M2+M3+M4,故障原因诊断类,后果探测度查原因,后果到原因推理,,,困难,某条FMEA记录显示：“Cracks”会导致“Tower transition piece connections failure”，现行探测难度D为3.67；请判断其潜在原因。,"Maintenance; The transition piece may be subjected to large forces from lifting and handling equipment during maintenance, which are not considered in design assumptions [11]","失效原因 / FailureCause: Maintenance; Welding failure due to corrosion without proper maintenance [11] Installation; During Transportation and installation transition piece may be subjected to bending and twisting loads which could lead to fatigue cracks Installation; Welding failure due to poor performance (e.g. overheating, lack of fusion) during installation [1,10,15]",错误,0.0,1028.71,语义RAG,1.0,0.0,0,0.0,3,"Maintenance; The transition piece may be subjected to large forces from lifting and handling equipment during maintenance, which are not considered in design assumptions [11]",,11.0,,,"Maintenance; The transition piece may be subjected to large forces from lifting and handling equipment during maintenance, which are not considered in design assumptions [11]",,潜在失效模式；潜在失效后果；可探测度(D)；潜在失效原因/机理,37,
353,353,Full-ΣMi残差模型,M1+M2+M3+M4,故障原因诊断类,后果探测度查原因,后果到原因推理,,,困难,某条FMEA记录显示：“Cracks”会导致“Tower transition piece connections failure/ displacement variations between tower end”，现行探测难度D为3.33；请判断其潜在原因。,"Installation; Transition piece may be subjected to large forces from wave, wind, and vessel motion during installation. [10]","失效原因 / FailureCause: Installation; Transition piece may be subjected to large forces from wave, wind, and vessel motion during installation.",错误,0.0,692.55,语义RAG,0.6667,1.0,0,1.0,3,"Installation; Transition piece may be subjected to large forces from wave, wind, and vessel motion during installation. [10]",,,,,"Installation; Transition piece may be subjected to large forces from wave, wind, and vessel motion during installation. [10]",,潜在失效模式；潜在失效后果；可探测度(D)；潜在失效原因/机理,38,
354,354,Full-ΣMi残差模型,M1+M2+M3+M4,故障原因诊断类,后果探测度查原因,后果到原因推理,,,困难,"某条FMEA记录显示：“Transition piece break”会导致“Tower Unit collapse, Floater Unit damage”，现行探测难度D为3.33；请判断其潜在原因。",Operation and Maintenance; Undetected defects and poor quality control [11],失效原因 / FailureCause: Operation and Maintenance; Undetected defects and poor quality control [11],正确,1.0,668.89,语义RAG,1.0,1.0,0,1.0,3,,,11.0,,,Operation and Maintenance; Undetected defects and poor quality control [11],,潜在失效模式；潜在失效后果；可探测度(D)；潜在失效原因/机理,40,
355,355,Full-ΣMi残差模型,M1+M2+M3+M4,故障原因诊断类,后果探测度查原因,后果到原因推理,,,困难,某条FMEA记录显示：“Cracks”会导致“Tower transition piece connections failure”，现行探测难度D为3.33；请判断其潜在原因。,Fabrication; Welding and heat treatment could induce fatigue cracks in fabrication process. [1],"失效原因 / FailureCause: Maintenance; Welding failure due to corrosion without proper maintenance [11] 失效原因 / FailureCause: Installation; Welding failure due to poor performance (e.g. overheating, lack of fusion) during installation [1,10,15] 失效原因 / FailureCause: Installation; During Transportation and installation transition piece may be subjected to bending and twisting loads which could lead to fatigue cracks",错误,0.0,1157.32,语义RAG,1.0,0.0,0,0.0,3,Fabrication; Welding and heat treatment could induce fatigue cracks in fabrication process. [1],,1.0,,,Fabrication; Welding and heat treatment could induce fatigue cracks in fabrication process. [1],,潜在失效模式；潜在失效后果；可探测度(D)；潜在失效原因/机理,41,
356,356,Full-ΣMi残差模型,M1+M2+M3+M4,故障原因诊断类,后果探测度查原因,后果到原因推理,,,困难,某条FMEA记录显示：“Cracks”会导致“Tower transition piece connections failure”，现行探测难度D为4；请判断其潜在原因。,Maintenance; Welding and heat treatment during maintenance can add more residual stresses and increase the likelihood of fatigue crack in the welds and heat-affected areas. [11],"失效原因 / FailureCause: Installation; Welding failure due to poor performance (e.g. overheating, lack of fusion) during installation [1,10,15]",错误,0.0,748.22,语义RAG,1.0,0.0,0,0.0,3,Maintenance; Welding and heat treatment during maintenance can add more residual stresses and increase the likelihood of fatigue crack in the welds and heat-affected areas. [11],,,,,Maintenance; Welding and heat treatment during maintenance can add more residual stresses and increase the likelihood of fatigue crack in the welds and heat-affected areas. [11],,潜在失效模式；潜在失效后果；可探测度(D)；潜在失效原因/机理,42,
357,357,Full-ΣMi残差模型,M1+M2+M3+M4,故障原因诊断类,后果探测度查原因,后果到原因推理,,,困难,"某条FMEA记录显示：“Capsize”会导致“Watertight fault, Potential Floater Unit sinkage”，现行探测难度D为3.86；请判断其潜在原因。",Design; Analysis and Calculation fault due to human error,失效原因 / FailureCause: Design; Analysis and Calculation fault due to human error,正确,1.0,627.2,语义RAG,0.3333,1.0,0,1.0,3,,,,,,Design; Analysis and Calculation fault due to human error,,潜在失效模式；潜在失效后果；可探测度(D)；潜在失效原因/机理,45,
358,358,Full-ΣMi残差模型,M1+M2+M3+M4,故障原因诊断类,后果探测度查原因,后果到原因推理,,,困难,某条FMEA记录显示：“Capsize”会导致“Project cancellation”，现行探测难度D为3；请判断其潜在原因。,Design; Analysis and Calculation fault due to human error [11],失效原因 / FailureCause / cause / reason / 为什么 / 为啥 / 咋来的: Design; Analysis and Calculation fault due to human error [11],正确,1.0,724.54,语义RAG,0.6667,1.0,0,1.0,3,,,11.0,,,Design; Analysis and Calculation fault due to human error [11],,潜在失效模式；潜在失效后果；可探测度(D)；潜在失效原因/机理,46,
359,359,Full-ΣMi残差模型,M1+M2+M3+M4,故障原因诊断类,后果探测度查原因,后果到原因推理,,,困难,某条FMEA记录显示：“Additional Structures Failures”会导致“Potential failure”，现行探测难度D为3.17；请判断其潜在原因。,"Operation; Bilge piping/pumps fail [1,12]","失效原因 / FailureCause / cause / reason / 为什么 / 为啥 / 咋来的: Operation; Helicopter assistance equipment fail [1,12]",错误,0.0,743.32,语义RAG,0.3333,0.0,0,0.0,3,"Operation; Bilge piping/pumps fail [1,12]",,1.0；12.0,,,"Operation; Bilge piping/pumps fail [1,12]",,潜在失效模式；潜在失效后果；可探测度(D)；潜在失效原因/机理,47,
360,360,Full-ΣMi残差模型,M1+M2+M3+M4,故障原因诊断类,后果探测度查原因,后果到原因推理,,,困难,"某条FMEA记录显示：“Hit by dropped objects”会导致“Damage to the facility, vast economic loses”，现行探测难度D为4.14；请判断其潜在原因。",Operation; Biological collision,失效原因 / FailureCause / cause / reason / 为什么 / 为啥 / 咋来的: Operation; Biological collision,正确,1.0,654.41,语义RAG,1.0,1.0,0,1.0,3,,,,,,Operation; Biological collision,,潜在失效模式；潜在失效后果；可探测度(D)；潜在失效原因/机理,48,
361,361,Full-ΣMi残差模型,M1+M2+M3+M4,故障原因诊断类,后果探测度查原因,后果到原因推理,,,困难,某条FMEA记录显示：“Structural break”会导致“Structural reassessment”，现行探测难度D为3.5；请判断其潜在原因。,Environmental condition; Design parameter superseded due to climate change [11],根据上下文，没有找到与“Structural break”和“Structural reassessment”直接相关的FMEA记录。因此，无法确定具体的原因。 但是，可以参考类似的情况来推测可能的原因： - 设计缺陷或结构设计不足（Design; Under-designed structure） - 环境数据不足（Insufficient environmental data） 这些可能是导致结构断裂的潜在原因。,错误,0.0,1160.79,语义RAG,0.0,0.0,0,0.0,3,Environmental condition; Design parameter superseded due to climate change [11],,,,,Environmental condition; Design parameter superseded due to climate change [11],,潜在失效模式；潜在失效后果；可探测度(D)；潜在失效原因/机理,49,
362,362,Full-ΣMi残差模型,M1+M2+M3+M4,故障原因诊断类,后果探测度查原因,后果到原因推理,,,困难,某条FMEA记录显示：“Additional Structures Failures”会导致“Potential failure”，现行探测难度D为4；请判断其潜在原因。,"Operation; Dynamic umbilical connection/cable fail [1,12]","失效原因 / FailureCause / cause / reason / 为什么 / 为啥 / 咋来的: Operation; Helicopter assistance equipment fail [1,12]",错误,0.0,740.27,语义RAG,0.3333,0.0,0,0.0,3,"Operation; Dynamic umbilical connection/cable fail [1,12]",,1.0；12.0,,,"Operation; Dynamic umbilical connection/cable fail [1,12]",,潜在失效模式；潜在失效后果；可探测度(D)；潜在失效原因/机理,50,
363,363,Full-ΣMi残差模型,M1+M2+M3+M4,故障原因诊断类,后果探测度查原因,后果到原因推理,,,困难,某条FMEA记录显示：“Cracks”会导致“Structural failure”，现行探测难度D为3.5；请判断其潜在原因。,Installation; Excessive fatigue life consumption due to installation/ transportation [19],根据上下文，没有找到与“Cracks”和“Structural failure”相关的信息。因此，无法判断其潜在原因。,错误,0.0,607.06,语义RAG,0.0,0.0,0,0.0,3,Installation; Excessive fatigue life consumption due to installation/ transportation [19],,,,,Installation; Excessive fatigue life consumption due to installation/ transportation [19],,潜在失效模式；潜在失效后果；可探测度(D)；潜在失效原因/机理,51,
364,364,Full-ΣMi残差模型,M1+M2+M3+M4,故障原因诊断类,后果探测度查原因,后果到原因推理,,,困难,某条FMEA记录显示：“Capsize”会导致“Asset damage Energy production loss”，现行探测难度D为3.2；请判断其潜在原因。,Environmental condition; Extreme horizontal oscillatory force,失效原因 / FailureCause / cause / reason / 为什么 / 为啥 / 咋来的: Environmental condition; Extreme horizontal oscillatory force,正确,1.0,709.69,语义RAG,0.3333,1.0,0,1.0,3,,,,,,Environmental condition; Extreme horizontal oscillatory force,,潜在失效模式；潜在失效后果；可探测度(D)；潜在失效原因/机理,52,
365,365,Full-ΣMi残差模型,M1+M2+M3+M4,故障原因诊断类,后果探测度查原因,后果到原因推理,,,困难,某条FMEA记录显示：“Cracks”会导致“Structural failure”，现行探测难度D为3.57；请判断其潜在原因。,Operation; Fatigue due to continuous vibrations/resonance [11],"根据上下文，没有找到与“Cracks”和“Structural failure”相关的信息，因此无法直接从给定的FMEA记录中得出具体的原因。根据提供的信息，最接近的是`Additional Structures Failures`，但其失效原因是`Operation; Helicopter assistance equipment fail [1,12]`，这与当前问题描述不符。 由于没有找到匹配的证据，我只能回答：不知道。",错误,0.0,1196.16,语义RAG,0.0,0.0,0,0.0,3,Operation; Fatigue due to continuous vibrations/resonance [11],,,,,Operation; Fatigue due to continuous vibrations/resonance [11],,潜在失效模式；潜在失效后果；可探测度(D)；潜在失效原因/机理,53,
366,366,Full-ΣMi残差模型,M1+M2+M3+M4,故障原因诊断类,后果探测度查原因,后果到原因推理,,,困难,某条FMEA记录显示：“Additional Structures Failures”会导致“Potential failure”，现行探测难度D为2.71；请判断其潜在原因。,"Operation; Handrails Corrosion [1,12]","失效原因 / FailureCause / cause / reason / 为什么 / 为啥 / 咋来的: Operation; Helicopter assistance equipment fail [1,12]",错误,0.0,582.27,语义RAG,0.3333,0.0,0,0.0,3,"Operation; Handrails Corrosion [1,12]",,1.0；12.0,,,"Operation; Handrails Corrosion [1,12]",,潜在失效模式；潜在失效后果；可探测度(D)；潜在失效原因/机理,55,
367,367,Full-ΣMi残差模型,M1+M2+M3+M4,故障原因诊断类,后果探测度查原因,后果到原因推理,,,困难,某条FMEA记录显示：“Additional Structures Failures”会导致“Potential failure of landing platform”，现行探测难度D为2.83；请判断其潜在原因。,"Operation; Helicopter assistance equipment fail [1,12]","Operation; Helicopter assistance equipment fail [1,12]",正确,1.0,604.16,语义RAG,0.6667,1.0,0,1.0,3,,,1.0；12.0,,,"Operation; Helicopter assistance equipment fail [1,12]",,潜在失效模式；潜在失效后果；可探测度(D)；潜在失效原因/机理,56,
368,368,Full-ΣMi残差模型,M1+M2+M3+M4,故障原因诊断类,后果探测度查原因,后果到原因推理,,,困难,某条FMEA记录显示：“Watertight fault”会导致“Potential Failure/Asset damage Energy production loss”，现行探测难度D为3.33；请判断其潜在原因。,Maintenance; Inefficient detection [1],失效原因 / FailureCause / cause / reason / 为什么 / 为啥 / 咋来的: Maintenance; Inefficient detection [1],正确,1.0,666.42,语义RAG,0.3333,1.0,0,1.0,3,,,1.0,,,Maintenance; Inefficient detection [1],,潜在失效模式；潜在失效后果；可探测度(D)；潜在失效原因/机理,57,
369,369,Full-ΣMi残差模型,M1+M2+M3+M4,故障原因诊断类,后果探测度查原因,后果到原因推理,,,困难,某条FMEA记录显示：“Floater unit sinkage”会导致“Potential Failure/Asset damage Energy production loss”，现行探测难度D为3.4；请判断其潜在原因。,Design; Insufficient structural strength and cracks on the floater resulting in water ingress to the support structure,失效原因 / FailureCause: Design; Insufficient structural strength and cracks on the floater resulting in water ingress to the support structure,正确,1.0,705.33,语义RAG,1.0,1.0,0,1.0,3,,,,,,Design; Insufficient structural strength and cracks on the floater resulting in water ingress to the support structure,,潜在失效模式；潜在失效后果；可探测度(D)；潜在失效原因/机理,58,
370,370,Full-ΣMi残差模型,M1+M2+M3+M4,故障原因诊断类,后果探测度查原因,后果到原因推理,,,困难,某条FMEA记录显示：“Watertight fault”会导致“Asset damage Energy production loss/reduced stability”，现行探测难度D为3；请判断其潜在原因。,Maintenance; Insufficient structural strength due to ship collision [11],失效原因 / FailureCause / cause / reason / 为啥 / 咋来的: Maintenance; Insufficient structural strength due to ship collision [11],正确,1.0,709.63,语义RAG,0.3333,1.0,0,1.0,3,,,11.0,,,Maintenance; Insufficient structural strength due to ship collision [11],,潜在失效模式；潜在失效后果；可探测度(D)；潜在失效原因/机理,60,
371,371,Full-ΣMi残差模型,M1+M2+M3+M4,故障原因诊断类,后果探测度查原因,后果到原因推理,,,困难,某条FMEA记录显示：“Additional Structures Failures”会导致“Potential failure”，现行探测难度D为2.57；请判断其潜在原因。,"Operation; Ladders Corrosion [1,12]","失效原因 / FailureCause / cause / reason / 为什么 / 为啥 / 咋来的: Operation; Helicopter assistance equipment fail [1,12]",错误,0.0,756.21,语义RAG,0.3333,0.0,0,0.0,3,"Operation; Ladders Corrosion [1,12]",,1.0；12.0,,,"Operation; Ladders Corrosion [1,12]",,潜在失效模式；潜在失效后果；可探测度(D)；潜在失效原因/机理,61,
372,372,Full-ΣMi残差模型,M1+M2+M3+M4,故障原因诊断类,后果探测度查原因,后果到原因推理,,,困难,"某条FMEA记录显示：“Watertight fault”会导致“If these cracks propagate through the wall and lie under water or within the splash zone, then they constitute a risk to the watertightness.”，现行探测难度D为3.25；请判断其潜在原因。","Environmental condition; Marine growth under water can add additional weight and stress for the material, which can lead to cracks in the outer hull","环境条件; Marine growth under water can add additional weight and stress for the material, which can lead to cracks in the outer hull",错误,0.0,737.02,语义RAG,0.6667,1.0,0,1.0,3,"Environmental condition; Marine growth under water can add additional weight and stress for the material, which can lead to cracks in the outer hull",,,,,"Environmental condition; Marine growth under water can add additional weight and stress for the material, which can lead to cracks in the outer hull",,潜在失效模式；潜在失效后果；可探测度(D)；潜在失效原因/机理,62,
373,373,Full-ΣMi残差模型,M1+M2+M3+M4,故障原因诊断类,后果探测度查原因,后果到原因推理,,,困难,"某条FMEA记录显示：“Additional Structures Failures”会导致“Increased risk of collision, potential damage to the floater”，现行探测难度D为2；请判断其潜在原因。","Operation; Navigation and work lights fail [1,12]","失效原因 / FailureCause / cause / reason / 为什么 / 为啥 / 咋来的: Operation; Navigation and work lights fail [1,12]",正确,1.0,737.21,语义RAG,0.3333,1.0,0,1.0,3,,,1.0；12.0,,,"Operation; Navigation and work lights fail [1,12]",,潜在失效模式；潜在失效后果；可探测度(D)；潜在失效原因/机理,63,
374,374,Full-ΣMi残差模型,M1+M2+M3+M4,故障原因诊断类,后果探测度查原因,后果到原因推理,,,困难,"某条FMEA记录显示：“Hit by dropped objects”会导致“Damage to the facility, vast economic loses”，现行探测难度D为4.67；请判断其潜在原因。",Operation; Plane crush,失效原因 / FailureCause / cause / reason / 为什么 / 为啥 / 咋来的: Operation; Plane crush,正确,1.0,674.46,语义RAG,1.0,1.0,0,1.0,3,,,,,,Operation; Plane crush,,潜在失效模式；潜在失效后果；可探测度(D)；潜在失效原因/机理,64,
375,375,Full-ΣMi残差模型,M1+M2+M3+M4,故障原因诊断类,后果探测度查原因,后果到原因推理,,,困难,某条FMEA记录显示：“Additional Structures Failures”会导致“Potential failure”，现行探测难度D为3；请判断其潜在原因。,"Operation; Sensors for platform monitoring fail [1,12]","失效原因 / FailureCause / cause / reason / 为什么 / 为啥 / 咋来的: Operation; Helicopter assistance equipment fail [1,12]",错误,0.0,768.08,语义RAG,0.3333,0.0,0,0.0,3,"Operation; Sensors for platform monitoring fail [1,12]",,1.0；12.0,,,"Operation; Sensors for platform monitoring fail [1,12]",,潜在失效模式；潜在失效后果；可探测度(D)；潜在失效原因/机理,65,
376,376,Full-ΣMi残差模型,M1+M2+M3+M4,故障原因诊断类,后果探测度查原因,后果到原因推理,,,困难,某条FMEA记录显示：“Structural break”会导致“Asset damage Energy production loss/reduced stability”，现行探测难度D为3.25；请判断其潜在原因。,Operation and Maintenance; Structural component degradation due to corrosion [12],失效原因 / FailureCause / cause / reason / 为什么 / 为啥 / 咋来的: Operation and Maintenance; Structural component degradation due to corrosion [12],正确,1.0,728.46,语义RAG,0.3333,1.0,0,1.0,3,,,12.0,,,Operation and Maintenance; Structural component degradation due to corrosion [12],,潜在失效模式；潜在失效后果；可探测度(D)；潜在失效原因/机理,66,
377,377,Full-ΣMi残差模型,M1+M2+M3+M4,故障原因诊断类,后果探测度查原因,后果到原因推理,,,困难,"某条FMEA记录显示：“Structural break”会导致“Watertight fault, Potential Floater Unit sinkage”，现行探测难度D为3.2；请判断其潜在原因。",Operation and Maintenance; Structural degradation due to corrosion [11],失效原因 / FailureCause: Operation; Structures break/collapse due to collision with other FWT,错误,0.0,653.99,语义RAG,0.3333,0.0,0,0.0,3,Operation and Maintenance; Structural degradation due to corrosion [11],,,,,Operation and Maintenance; Structural degradation due to corrosion [11],,潜在失效模式；潜在失效后果；可探测度(D)；潜在失效原因/机理,67,
378,378,Full-ΣMi残差模型,M1+M2+M3+M4,故障原因诊断类,后果探测度查原因,后果到原因推理,,,困难,某条FMEA记录显示：“Structural break”会导致“Tower collapse”，现行探测难度D为3.6；请判断其潜在原因。,Operation; Structure brittle fracture due to extreme environmental temperature,失效原因 / FailureCause / cause / reason / 为什么 / 为啥 / 咋来的: Operation; Structure brittle fracture due to extreme environmental temperature,正确,1.0,717.92,语义RAG,0.6667,1.0,0,1.0,3,,,,,,Operation; Structure brittle fracture due to extreme environmental temperature,,潜在失效模式；潜在失效后果；可探测度(D)；潜在失效原因/机理,68,
379,379,Full-ΣMi残差模型,M1+M2+M3+M4,故障原因诊断类,后果探测度查原因,后果到原因推理,,,困难,某条FMEA记录显示：“Floater unit sinkage”会导致“Potential Failure/Asset damage Energy production loss”，现行探测难度D为2.6；请判断其潜在原因。,Operation; Structures break/collapse due to collision with other FWT,失效原因 / FailureCause: Operation; Structures break/collapse due to collision with other FWT,正确,1.0,639.1,语义RAG,1.0,1.0,0,1.0,3,,,,,,Operation; Structures break/collapse due to collision with other FWT,,潜在失效模式；潜在失效后果；可探测度(D)；潜在失效原因/机理,69,
380,380,Full-ΣMi残差模型,M1+M2+M3+M4,故障原因诊断类,后果探测度查原因,后果到原因推理,,,困难,"某条FMEA记录显示：“Hit by dropped objects”会导致“Damage to the facility, vast economic loses”，现行探测难度D为3.17；请判断其潜在原因。",Environmental condition; Typhoon can cause failure of the floating unit if it gets hit by dropping objects. (eg. damaged blade)(strong wind/wave),失效原因 / FailureCause / cause / reason / 为什么 / 为啥 / 咋来的: Environmental condition; Typhoon can cause failure of the floating unit if it gets hit by dropping objects. (eg. damaged blade)(strong wind/wave),正确,1.0,901.07,语义RAG,1.0,1.0,0,1.0,3,,,,,,Environmental condition; Typhoon can cause failure of the floating unit if it gets hit by dropping objects. (eg. damaged blade)(strong wind/wave),,潜在失效模式；潜在失效后果；可探测度(D)；潜在失效原因/机理,70,
381,381,Full-ΣMi残差模型,M1+M2+M3+M4,故障原因诊断类,后果探测度查原因,后果到原因推理,,,困难,"某条FMEA记录显示：“Structural break”会导致“Watertight fault, Potential Floater Unit sinkage”，现行探测难度D为3；请判断其潜在原因。",Design; Underdesigned structure/Component due to insufficient environmental data,失效原因 / FailureCause: Structures break/collapse due to collision with other FWT,错误,0.0,646.03,语义RAG,0.3333,0.0,0,0.0,3,Design; Underdesigned structure/Component due to insufficient environmental data,,,,,Design; Underdesigned structure/Component due to insufficient environmental data,,潜在失效模式；潜在失效后果；可探测度(D)；潜在失效原因/机理,71,
382,382,Full-ΣMi残差模型,M1+M2+M3+M4,故障原因诊断类,后果探测度查原因,后果到原因推理,,,困难,"某条FMEA记录显示：“Structural break”会导致“Watertight fault, Potential Floater Unit sinkage”，现行探测难度D为3.6；请判断其潜在原因。",Maintenance; Undetected defects due to poor quality control,失效原因 / FailureCause: Operation; Structures break/collapse due to collision with other FWT,错误,0.0,408.54,语义RAG,0.3333,0.0,0,0.0,3,Maintenance; Undetected defects due to poor quality control,,,,,Maintenance; Undetected defects due to poor quality control,,潜在失效模式；潜在失效后果；可探测度(D)；潜在失效原因/机理,72,
383,383,Full-ΣMi残差模型,M1+M2+M3+M4,故障原因诊断类,后果探测度查原因,后果到原因推理,,,困难,某条FMEA记录显示：“Watertight fault”会导致“Reduced stability”，现行探测难度D为3.6；请判断其潜在原因。,Manufacturing and Installation; Ventilation heads/Manholes failure due to Manufacturing defect/Welding defect,失效原因 / FailureCause / cause / reason / 为什么 / 为啥 / 咋来的: Manufacturing and Installation; Ventilation heads/Manholes failure due to Manufacturing defect/Welding defect,正确,1.0,733.84,语义RAG,0.6667,1.0,0,1.0,3,,,,,,Manufacturing and Installation; Ventilation heads/Manholes failure due to Manufacturing defect/Welding defect,,潜在失效模式；潜在失效后果；可探测度(D)；潜在失效原因/机理,73,
384,384,Full-ΣMi残差模型,M1+M2+M3+M4,故障原因诊断类,后果探测度查原因,后果到原因推理,,,困难,某条FMEA记录显示：“Cracks”会导致“Watertight fault”，现行探测难度D为3.2；请判断其潜在原因。,Manufacturing; Welding failure,根据上下文，没有找到与“Cracks”和“Watertight fault”相关的信息，且当前提供的FMEA记录中并未包含这些具体条目。因此，我无法给出准确的答案。 根据现有信息，最接近的失效模式是： - 失效模式 / FailureMode: Loss of dynamic positioning - 可探测度 / D: 3 这与问题中的“现行探测难度D为3.2”不完全匹配，且没有直接对应到“Cracks”和“Watertight fault”。 因此，我无法判断其潜在原因。,错误,0.0,1476.59,语义RAG,0.0,0.0,0,0.0,3,Manufacturing; Welding failure,,,,,Manufacturing; Welding failure,,潜在失效模式；潜在失效后果；可探测度(D)；潜在失效原因/机理,74,
385,385,Full-ΣMi残差模型,M1+M2+M3+M4,故障原因诊断类,后果探测度查原因,后果到原因推理,,,困难,某条FMEA记录显示：“Anchor failure”会导致“Anchor failure”，现行探测难度D为3.8；请判断其潜在原因。,Operation; Abnormal working conditions,"失效原因 / FailureCause / cause / reason / 为什么 / 为啥 / 咋来的: Operation; Cyclic degradation, Operation; Abnormal working conditions",正确,1.0,733.07,语义RAG,0.6667,1.0,0,1.0,3,,,,,,Operation; Abnormal working conditions,,潜在失效模式；潜在失效后果；可探测度(D)；潜在失效原因/机理,75,
386,386,Full-ΣMi残差模型,M1+M2+M3+M4,故障原因诊断类,后果探测度查原因,后果到原因推理,,,困难,某条FMEA记录显示：“Failure in buoyancy element”会导致“未说明”，现行探测难度D为3.25；请判断其潜在原因。,Operation,失效原因 / FailureCause: Operation,正确,1.0,496.31,语义RAG,0.6667,1.0,0,1.0,3,,,,,,Operation,,潜在失效模式；潜在失效后果；可探测度(D)；潜在失效原因/机理,77,
387,387,Full-ΣMi残差模型,M1+M2+M3+M4,故障原因诊断类,后果探测度查原因,后果到原因推理,,,困难,某条FMEA记录显示：“Failure in clump weight”会导致“未说明”，现行探测难度D为3.5；请判断其潜在原因。,Operation,失效原因 / FailureCause / cause / reason / 为什么 / 为啥 / 咋来的: Operation,正确,1.0,608.21,语义RAG,0.6667,1.0,0,1.0,3,,,,,,Operation,,潜在失效模式；潜在失效后果；可探测度(D)；潜在失效原因/机理,78,
388,388,Full-ΣMi残差模型,M1+M2+M3+M4,故障原因诊断类,后果探测度查原因,后果到原因推理,,,困难,某条FMEA记录显示：“Fairlead failure”会导致“The anchor cannot be dropped and lift”，现行探测难度D为3；请判断其潜在原因。,Operation; Fairlead fatigue,失效原因 / FailureCause / cause / reason / 为什么 / 为啥 / 咋来的: Operation; Fairlead corrosion,错误,0.0,676.18,语义RAG,0.3333,0.0,0,0.0,3,Operation; Fairlead fatigue,,,,,Operation; Fairlead fatigue,,潜在失效模式；潜在失效后果；可探测度(D)；潜在失效原因/机理,79,
389,389,Full-ΣMi残差模型,M1+M2+M3+M4,故障原因诊断类,后果探测度查原因,后果到原因推理,,,困难,某条FMEA记录显示：“Monitoring system fails”会导致“Unable to monitor tension in the mooring lines”，现行探测难度D为2；请判断其潜在原因。,Operation,失效原因 / FailureCause / cause / reason / 为什么 / 为啥 / 咋来的: Operation,正确,1.0,596.95,语义RAG,0.6667,1.0,0,1.0,3,,,,,,Operation,,潜在失效模式；潜在失效后果；可探测度(D)；潜在失效原因/机理,81,
390,390,Full-ΣMi残差模型,M1+M2+M3+M4,故障原因诊断类,后果探测度查原因,后果到原因推理,,,困难,某条FMEA记录显示：“Mooring line breakage”会导致“Mooring line strength decrease or broken”，现行探测难度D为3.2；请判断其潜在原因。,Manufacturing; Poor splice quality/ workmanship/qualification,环境条件;异常应力导致系泊线磨损引起的张力超过极限值可导致系泊线瞬间断裂[18],错误,0.0,658.19,语义RAG,1.0,0.0,0,0.0,3,Manufacturing; Poor splice quality/ workmanship/qualification,,,,,Manufacturing; Poor splice quality/ workmanship/qualification,,潜在失效模式；潜在失效后果；可探测度(D)；潜在失效原因/机理,82,
391,391,Full-ΣMi残差模型,M1+M2+M3+M4,故障原因诊断类,后果探测度查原因,后果到原因推理,,,困难,某条FMEA记录显示：“Mooring line breakage”会导致“Mooring line strength decrease or broken”，现行探测难度D为2.6；请判断其潜在原因。,Environmental condition; Abnormal stress due to mooring lines wear caused by unexpected seismic loads/ The tension overpassing the limit value can cause the mooring line to instantaneously break [18],环境条件;异常应力导致系泊线磨损引起的张力超过极限值可导致系泊线瞬间断裂 [18],错误,0.0,504.43,语义RAG,1.0,1.0,0,1.0,3,Environmental condition; Abnormal stress due to mooring lines wear caused by unexpected seismic loads/ The tension overpassing the limit value can cause the mooring line to instantaneously break [18],,18.0,,,Environmental condition; Abnormal stress due to mooring lines wear caused by unexpected seismic loads/ The tension overpassing the limit value can cause the mooring line to instantaneously break [18],,潜在失效模式；潜在失效后果；可探测度(D)；潜在失效原因/机理,83,
392,392,Full-ΣMi残差模型,M1+M2+M3+M4,故障原因诊断类,后果探测度查原因,后果到原因推理,,,困难,某条FMEA记录显示：“Mooring line breakage”会导致“Mooring line strength decrease or broken”，现行探测难度D为3；请判断其潜在原因。,Environmental condition; Mooring lines wear caused by unexpected external damage (from e.g. overtrawling)/particulate ingress/UV light,"失效原因 / FailureCause: Environmental condition; Abnormal stress due to mooring lines wear caused by unexpected seismic loads/ The tension overpassing the limit value can cause the mooring line to instantaneously break [18] 失效原因 / FailureCause: Environmental condition; Mooring lines wear caused by unexpected external damage (from e.g. overtrawling)/particulate ingress/UV light 失效原因 / FailureCause: Maintenance; Mooring line fatigue due to Lack of proper maintenance, including inspection, monitoring, and replacement of the mooring lines.",正确,1.0,1200.96,语义RAG,1.0,1.0,0,1.0,3,,,,,,Environmental condition; Mooring lines wear caused by unexpected external damage (from e.g. overtrawling)/particulate ingress/UV light,,潜在失效模式；潜在失效后果；可探测度(D)；潜在失效原因/机理,84,
393,393,Full-ΣMi残差模型,M1+M2+M3+M4,故障原因诊断类,后果探测度查原因,后果到原因推理,,,困难,某条FMEA记录显示：“Mooring Line Corrosion”会导致“Mooring line strength decrease or broken”，现行探测难度D为3；请判断其潜在原因。,Maintenance; Mooring lines corrosion due to improper maintenance of the corroded components,根据上下文，没有找到“Mooring Line Corrosion”这一失效模式的具体信息，因此无法直接回答其潜在原因。但根据类似的情况，可以推测其潜在原因是： 失效原因 / FailureCause / cause / reason / 为什么 / 为啥 / 咋来的: Environmental condition; Mooring lines wear caused by unexpected external damage (from e.g. overtrawling)/particulate ingress/UV light,错误,0.0,1028.18,语义RAG,1.0,0.0,0,0.0,3,Maintenance; Mooring lines corrosion due to improper maintenance of the corroded components,,,,,Maintenance; Mooring lines corrosion due to improper maintenance of the corroded components,,潜在失效模式；潜在失效后果；可探测度(D)；潜在失效原因/机理,85,
394,394,Full-ΣMi残差模型,M1+M2+M3+M4,故障原因诊断类,后果探测度查原因,后果到原因推理,,,困难,某条FMEA记录显示：“Mooring Line Fatigue”会导致“Mooring line strength decrease or broken”，现行探测难度D为3；请判断其潜在原因。,"Maintenance; Mooring line fatigue due to Lack of proper maintenance, including inspection, monitoring, and replacement of the mooring lines.","失效原因 / FailureCause: Maintenance; Mooring line fatigue due to Lack of proper maintenance, including inspection, monitoring, and replacement of the mooring lines.",正确,1.0,518.07,语义RAG,1.0,1.0,0,1.0,3,,,,,,"Maintenance; Mooring line fatigue due to Lack of proper maintenance, including inspection, monitoring, and replacement of the mooring lines.",,潜在失效模式；潜在失效后果；可探测度(D)；潜在失效原因/机理,86,
395,395,Full-ΣMi残差模型,M1+M2+M3+M4,故障原因诊断类,后果探测度查原因,后果到原因推理,,,困难,某条FMEA记录显示：“Mooring line wear”会导致“Mooring line strength decrease or broken”，现行探测难度D为3.6；请判断其潜在原因。,Manufacturing; Mooring lines wear due to poor quality during fabrication,"失效原因 / FailureCause / cause / reason / 为什么 / 为啥 / 咋来的: Operation; Mooring lines wear due to Improper handling, such as excessive tension, bending, or twisting of the mooring lines. Manufacturing; Mooring lines wear due to poor quality during fabrication",正确,1.0,910.29,语义RAG,1.0,1.0,0,1.0,3,,,,,,Manufacturing; Mooring lines wear due to poor quality during fabrication,,潜在失效模式；潜在失效后果；可探测度(D)；潜在失效原因/机理,88,
396,396,Full-ΣMi残差模型,M1+M2+M3+M4,故障原因诊断类,后果探测度查原因,后果到原因推理,,,困难,某条FMEA记录显示：“Mooring lines broken”会导致“Asset not in correct location or position”，现行探测难度D为2.6；请判断其潜在原因。,Operation; Transitional chain wear due to repeated loading and unloading cycles over time,失效原因 / FailureCause: Maintenance; Transitional chain wear due to improper inspection and maintenance,错误,0.0,600.9,语义RAG,0.6667,0.0,0,0.0,3,Operation; Transitional chain wear due to repeated loading and unloading cycles over time,,,,,Operation; Transitional chain wear due to repeated loading and unloading cycles over time,,潜在失效模式；潜在失效后果；可探测度(D)；潜在失效原因/机理,91,
397,397,Full-ΣMi残差模型,M1+M2+M3+M4,故障原因诊断类,后果探测度查原因,后果到原因推理,,,困难,某条FMEA记录显示：“Mooring lines broken”会导致“Asset not in correct location or position”，现行探测难度D为3；请判断其潜在原因。,Operation; Mooring line wear due to hysteretic heating or wet-dry cycling,失效原因 / FailureCause / cause / reason / 为什么 / 为啥 / 咋来的: Operation; Mooring line wear due to hysteretic heating or wet-dry cycling,正确,1.0,645.37,语义RAG,0.6667,1.0,0,1.0,3,,,,,,Operation; Mooring line wear due to hysteretic heating or wet-dry cycling,,潜在失效模式；潜在失效后果；可探测度(D)；潜在失效原因/机理,94,
398,398,Full-ΣMi残差模型,M1+M2+M3+M4,故障原因诊断类,后果探测度查原因,后果到原因推理,,,困难,某条FMEA记录显示：“Mooring winch failure”会导致“Asset not in correct location or position”，现行探测难度D为2.8；请判断其潜在原因。,Design; Mooring winch failure due to understimation of loads during design phase,失效原因 / FailureCause / cause / reason / 为什么 / 为啥 / 咋来的: Design; Mooring winch failure due to understimation of loads during design phase,正确,1.0,771.64,语义RAG,1.0,1.0,0,1.0,3,,,,,,Design; Mooring winch failure due to understimation of loads during design phase,,潜在失效模式；潜在失效后果；可探测度(D)；潜在失效原因/机理,95,
399,399,Full-ΣMi残差模型,M1+M2+M3+M4,故障原因诊断类,后果探测度查原因,后果到原因推理,,,困难,某条FMEA记录显示：“Mooring winch failure”会导致“Asset not in correct location or position”，现行探测难度D为3.2；请判断其潜在原因。,Maintenance; Mooring winch failure due to undetected hazard during operation,Maintenance; Mooring winch failure due to undetected hazard during operation,正确,1.0,385.61,语义RAG,1.0,1.0,0,1.0,3,,,,,,Maintenance; Mooring winch failure due to undetected hazard during operation,,潜在失效模式；潜在失效后果；可探测度(D)；潜在失效原因/机理,96,
400,400,Full-ΣMi残差模型,M1+M2+M3+M4,故障原因诊断类,后果探测度查原因,后果到原因推理,,,困难,某条FMEA记录显示：“accelerated mechanical fatigue”会导致“Structural damage - cable composition weakening”，现行探测难度D为3.75；请判断其潜在原因。,Design Phase; Underestimation of dynamic conditions - Unexpected contingency scenario ( loss of mooring line ) - unexpected dynamic loads,失效原因 / FailureCause / cause / reason / 为什么 / 为啥 / 咋来的: Design Phase; Underestimation of dynamic conditions - Unexpected contingency scenario ( loss of mooring line ) - unexpected dynamic loads,正确,1.0,851.66,语义RAG,0.3333,1.0,0,1.0,3,,,,,,Design Phase; Underestimation of dynamic conditions - Unexpected contingency scenario ( loss of mooring line ) - unexpected dynamic loads,,潜在失效模式；潜在失效后果；可探测度(D)；潜在失效原因/机理,97,
401,401,Full-ΣMi残差模型,M1+M2+M3+M4,故障原因诊断类,后果探测度查原因,后果到原因推理,,,困难,某条FMEA记录显示：“anchoring damages”会导致“Structural integrity damage - extra stress on cables”，现行探测难度D为2.4；请判断其潜在原因。,Environmental conditions; Anchor impacts - seabed movement,失效原因 / FailureCause / cause / reason / 为什么 / 为啥 / 咋来的: Environmental conditions; Anchor impacts - seabed movement,正确,1.0,693.52,语义RAG,0.3333,1.0,0,1.0,3,,,,,,Environmental conditions; Anchor impacts - seabed movement,,潜在失效模式；潜在失效后果；可探测度(D)；潜在失效原因/机理,98,
402,402,Full-ΣMi残差模型,M1+M2+M3+M4,故障原因诊断类,后果探测度查原因,后果到原因推理,,,困难,某条FMEA记录显示：“Cable Damage”会导致“Operational disruption”，现行探测难度D为3；请判断其潜在原因。,"Operation; Mechanical stress - cable motion,Bending and motion","失效原因 / FailureCause / cause / reason / 为什么 / 为啥 / 咋来的: Operation; Mechanical stress - cable motion,Bending and motion",正确,1.0,684.91,语义RAG,1.0,1.0,0,1.0,3,,,,,,"Operation; Mechanical stress - cable motion,Bending and motion",,潜在失效模式；潜在失效后果；可探测度(D)；潜在失效原因/机理,99,
403,403,Full-ΣMi残差模型,M1+M2+M3+M4,故障原因诊断类,后果探测度查原因,后果到原因推理,,,困难,某条FMEA记录显示：“Corrosion of J-tube”会导致“J-tube degradation affecting cable integrity”，现行探测难度D为3.2；请判断其潜在原因。,"Installation phase; Seawater exposure, environmental conditions due to failure of corrosion protection anodes",安装阶段; 海水暴露，由于防腐蚀阳极失效的环境条件,错误,0.0,602.27,语义RAG,1.0,1.0,0,1.0,3,"Installation phase; Seawater exposure, environmental conditions due to failure of corrosion protection anodes",,,,,"Installation phase; Seawater exposure, environmental conditions due to failure of corrosion protection anodes",,潜在失效模式；潜在失效后果；可探测度(D)；潜在失效原因/机理,100,
404,404,Full-ΣMi残差模型,M1+M2+M3+M4,故障原因诊断类,后果探测度查原因,后果到原因推理,,,困难,某条FMEA记录显示：“Corrosion of J-tube”会导致“J-tube degradation affecting cable integrity”，现行探测难度D为3.4；请判断其潜在原因。,"Design Phase; Seawater exposure, environmental conditions due to insufficient coating","失效原因 / FailureCause / cause / reason / 为什么 / 为啥 / 咋来的: Design Phase; Seawater exposure, environmental conditions due to insufficient coating",正确,1.0,541.5,语义RAG,1.0,1.0,0,1.0,3,,,,,,"Design Phase; Seawater exposure, environmental conditions due to insufficient coating",,潜在失效模式；潜在失效后果；可探测度(D)；潜在失效原因/机理,101,
405,405,Full-ΣMi残差模型,M1+M2+M3+M4,故障原因诊断类,后果探测度查原因,后果到原因推理,,,困难,某条FMEA记录显示：“Crushing or deformation”会导致“Structural damage - cable weakening”，现行探测难度D为3.2；请判断其潜在原因。,Design Phase; Excessive mechanical load - equipment interraction,失效原因 / FailureCause: Design Phase; Excessive mechanical load - equipment interraction,正确,1.0,606.57,语义RAG,0.6667,1.0,0,1.0,3,,,,,,Design Phase; Excessive mechanical load - equipment interraction,,潜在失效模式；潜在失效后果；可探测度(D)；潜在失效原因/机理,102,
406,406,Full-ΣMi残差模型,M1+M2+M3+M4,故障原因诊断类,后果探测度查原因,后果到原因推理,,,困难,某条FMEA记录显示：“damage and corrosion of mechanical parts”会导致“High risk of fault on the cable - total loss of the line Prodution loss on the string”，现行探测难度D为3.5；请判断其潜在原因。,Design Phase; Wrong design/execution of the isolation material,失效原因 / FailureCause / cause / reason / 为什么 / 为啥 / 咋来的: Design Phase; Wrong design/execution of the isolation material,正确,1.0,695.14,语义RAG,0.6667,1.0,0,1.0,3,,,,,,Design Phase; Wrong design/execution of the isolation material,,潜在失效模式；潜在失效后果；可探测度(D)；潜在失效原因/机理,103,
407,407,Full-ΣMi残差模型,M1+M2+M3+M4,故障原因诊断类,后果探测度查原因,后果到原因推理,,,困难,某条FMEA记录显示：“Debris disturbance”会导致“Cable damage - operational disruption”，现行探测难度D为3.2；请判断其潜在原因。,Environmental conditions; Floating debris - marine activities,失效原因 / FailureCause / cause / reason / 为什么 / 为啥 / 咋来的: Environmental conditions; Floating debris - marine activities,正确,1.0,691.45,语义RAG,0.3333,1.0,0,1.0,3,,,,,,Environmental conditions; Floating debris - marine activities,,潜在失效模式；潜在失效后果；可探测度(D)；潜在失效原因/机理,104,
408,408,Full-ΣMi残差模型,M1+M2+M3+M4,故障原因诊断类,后果探测度查原因,后果到原因推理,,,困难,某条FMEA记录显示：“Detachment”会导致“cable disconnection - water penetration - Power loss”，现行探测难度D为2.4；请判断其潜在原因。,Operation; Connector failure - Mechanical stress,失效原因 / FailureCause / cause / reason / 为什么 / 为啥 / 咋来的: Operation; Connector failure - Mechanical stress,正确,1.0,665.42,语义RAG,0.3333,1.0,0,1.0,3,,,,,,Operation; Connector failure - Mechanical stress,,潜在失效模式；潜在失效后果；可探测度(D)；潜在失效原因/机理,105,
409,409,Full-ΣMi残差模型,M1+M2+M3+M4,故障原因诊断类,后果探测度查原因,后果到原因推理,,,困难,某条FMEA记录显示：“Failure of end termination”会导致“breakdown of insulation”，现行探测难度D为2.8；请判断其潜在原因。,Manufacturing; Poor quality components [6],Manufacturing; Quality of workmanship [6],错误,0.0,499.07,语义RAG,1.0,1.0,0,1.0,3,Manufacturing; Poor quality components [6],,6.0,,,Manufacturing; Poor quality components [6],,潜在失效模式；潜在失效后果；可探测度(D)；潜在失效原因/机理,106,
410,410,Full-ΣMi残差模型,M1+M2+M3+M4,故障原因诊断类,后果探测度查原因,后果到原因推理,,,困难,某条FMEA记录显示：“Failure of end termination”会导致“breakdown of insulation”，现行探测难度D为3.2；请判断其潜在原因。,Manufacturing; Poor quality of insulating fluids [6],Manufacturing; Poor quality of insulating fluids [6],正确,1.0,397.97,语义RAG,1.0,1.0,0,1.0,3,,,6.0,,,Manufacturing; Poor quality of insulating fluids [6],,潜在失效模式；潜在失效后果；可探测度(D)；潜在失效原因/机理,107,
411,411,Full-ΣMi残差模型,M1+M2+M3+M4,故障原因诊断类,后果探测度查原因,后果到原因推理,,,困难,某条FMEA记录显示：“Failure of fixing clamps”会导致“Cable damage - exposure to elements”，现行探测难度D为3；请判断其潜在原因。,Operation; Mechanical stress,失效原因 / FailureCause / cause / reason / 为什么 / 为啥 / 咋来的: Operation; Mechanical stress,正确,1.0,682.16,语义RAG,0.3333,1.0,0,1.0,3,,,,,,Operation; Mechanical stress,,潜在失效模式；潜在失效后果；可探测度(D)；潜在失效原因/机理,109,
412,412,Full-ΣMi残差模型,M1+M2+M3+M4,故障原因诊断类,后果探测度查原因,后果到原因推理,,,困难,某条FMEA记录显示：“Failure of insulations”会导致“Fault in the cable - power disruption”，现行探测难度D为2.8；请判断其潜在原因。,Design Phase; Inproper design : need quality insulation materials and protection,Design Phase; Inproper design : need quality insulation materials and protection,正确,1.0,554.31,语义RAG,0.6667,1.0,0,1.0,3,,,,,,Design Phase; Inproper design : need quality insulation materials and protection,,潜在失效模式；潜在失效后果；可探测度(D)；潜在失效原因/机理,110,
413,413,Full-ΣMi残差模型,M1+M2+M3+M4,故障原因诊断类,后果探测度查原因,后果到原因推理,,,困难,某条FMEA记录显示：“Failure of sheath”会导致“Fault in the cable - exposure to elements”，现行探测难度D为3；请判断其潜在原因。,Operation; Mechanical and thermal stress,Operation; Mechanical and thermal stress,正确,1.0,484.03,语义RAG,0.6667,1.0,0,1.0,3,,,,,,Operation; Mechanical and thermal stress,,潜在失效模式；潜在失效后果；可探测度(D)；潜在失效原因/机理,111,
414,414,Full-ΣMi残差模型,M1+M2+M3+M4,故障原因诊断类,后果探测度查原因,后果到原因推理,,,困难,某条FMEA记录显示：“Failure of watertightness”会导致“Reduced or interupted electricity flow”，现行探测难度D为3；请判断其潜在原因。,Manufacturing; Errors or defects during manufacturing,失效原因 / FailureCause / cause / reason / 为什么 / 为啥 / 咋来的: Manufacturing; Errors or defects during manufacturing,正确,1.0,720.05,语义RAG,0.6667,1.0,0,1.0,3,,,,,,Manufacturing; Errors or defects during manufacturing,,潜在失效模式；潜在失效后果；可探测度(D)；潜在失效原因/机理,112,
415,415,Full-ΣMi残差模型,M1+M2+M3+M4,故障原因诊断类,后果探测度查原因,后果到原因推理,,,困难,某条FMEA记录显示：“Failure of watertightness”会导致“Reduced or interupted electricity flow”，现行探测难度D为3.6；请判断其潜在原因。,Operation; Damage on the cable due to extreme environmental events,失效原因 / FailureCause / cause / reason / 为什么 / 为啥 / 咋来的: Operation; Damage on the cable due to extreme environmental events,正确,1.0,577.22,语义RAG,0.6667,1.0,0,1.0,3,,,,,,Operation; Damage on the cable due to extreme environmental events,,潜在失效模式；潜在失效后果；可探测度(D)；潜在失效原因/机理,113,
416,416,Full-ΣMi残差模型,M1+M2+M3+M4,故障原因诊断类,后果探测度查原因,后果到原因推理,,,困难,某条FMEA记录显示：“failures of conductors”会导致“Electrical faults - loss of production”，现行探测难度D为2.4；请判断其潜在原因。,Operation; Internal damage: Problem in insulation material - Electrical overload,失效原因是：Operation; Internal damage: Problem in insulation material - Electrical overload。,正确,1.0,598.42,语义RAG,0.6667,1.0,0,1.0,3,,,,,,Operation; Internal damage: Problem in insulation material - Electrical overload,,潜在失效模式；潜在失效后果；可探测度(D)；潜在失效原因/机理,114,
417,417,Full-ΣMi残差模型,M1+M2+M3+M4,故障原因诊断类,后果探测度查原因,后果到原因推理,,,困难,某条FMEA记录显示：“Fatigue Cracks”会导致“Crack may evolve in a fault of the cable - Cable weakening”，现行探测难度D为3.6；请判断其潜在原因。,Operation; Repeated stress cycles - bending motions,失效原因 / FailureCause: Operation; Repeated stress cycles - bending motions,正确,1.0,570.86,语义RAG,0.3333,1.0,0,1.0,3,,,,,,Operation; Repeated stress cycles - bending motions,,潜在失效模式；潜在失效后果；可探测度(D)；潜在失效原因/机理,115,
418,418,Full-ΣMi残差模型,M1+M2+M3+M4,故障原因诊断类,后果探测度查原因,后果到原因推理,,,困难,"某条FMEA记录显示：“Geo-Hazards”会导致“Cable damage, production disruption”，现行探测难度D为3.5；请判断其潜在原因。","Design Phase; Unexpected contingency ( earthquake, seabed movement)","失效原因 / FailureCause / cause / reason / 为啥 / 咋来的: Design Phase; Unexpected contingency ( earthquake, seabed movement)",正确,1.0,669.67,语义RAG,0.3333,1.0,0,1.0,3,,,,,,"Design Phase; Unexpected contingency ( earthquake, seabed movement)",,潜在失效模式；潜在失效后果；可探测度(D)；潜在失效原因/机理,116,
419,419,Full-ΣMi残差模型,M1+M2+M3+M4,故障原因诊断类,后果探测度查原因,后果到原因推理,,,困难,某条FMEA记录显示：“Loss of dynamic positioning”会导致“Cables stress”，现行探测难度D为3；请判断其潜在原因。,Environmental conditions; Dynamic positioning system failure due to excessive environmental conditions,失效原因 / FailureCause / cause / reason / 为什么 / 为啥 / 咋来的: Environmental conditions; Dynamic positioning system failure due to excessive environmental conditions,正确,1.0,720.5,语义RAG,0.3333,1.0,0,1.0,3,,,,,,Environmental conditions; Dynamic positioning system failure due to excessive environmental conditions,,潜在失效模式；潜在失效后果；可探测度(D)；潜在失效原因/机理,117,
420,420,Full-ΣMi残差模型,M1+M2+M3+M4,故障原因诊断类,后果探测度查原因,后果到原因推理,,,困难,某条FMEA记录显示：“Loss of float bility (water adsorption)”会导致“未说明”，现行探测难度D为3；请判断其潜在原因。,Operation,失效原因 / FailureCause / cause / reason / 为什么 / 为啥 / 咋来的: Operation,正确,1.0,629.88,语义RAG,0.6667,1.0,0,1.0,3,,,,,,Operation,,潜在失效模式；潜在失效后果；可探测度(D)；潜在失效原因/机理,118,
421,421,Full-ΣMi残差模型,M1+M2+M3+M4,故障原因诊断类,后果探测度查原因,后果到原因推理,,,困难,某条FMEA记录显示：“material degradation”会导致“Weakening of cable materials - loss of production”，现行探测难度D为3；请判断其潜在原因。,Design Phase; Underestimation of dynamic conditions - Unexpected contingency scenario ( loss of mooring line ),失效原因 / FailureCause / cause / reason / 为什么 / 为啥 / 咋来的: Design Phase; Underestimation of dynamic conditions - Unexpected contingency scenario ( loss of mooring line ),正确,1.0,776.9,语义RAG,0.3333,1.0,0,1.0,3,,,,,,Design Phase; Underestimation of dynamic conditions - Unexpected contingency scenario ( loss of mooring line ),,潜在失效模式；潜在失效后果；可探测度(D)；潜在失效原因/机理,119,
422,422,Full-ΣMi残差模型,M1+M2+M3+M4,故障原因诊断类,后果探测度查原因,后果到原因推理,,,困难,某条FMEA记录显示：“Mechanical degradation”会导致“未说明”，现行探测难度D为2.5；请判断其潜在原因。,Operation,根据上下文，没有找到与“Mechanical degradation”相关的失效模式、失效原因和失效后果的记录。因此，无法直接从给定的信息中推断出导致“未说明”的具体原因。 但是，可以推测可能的原因包括设计缺陷、材料选择不当或操作过程中的机械应力过大等。由于缺乏具体的上下文信息，这些只是潜在的可能性。,错误,0.0,1056.95,语义RAG,0.0,1.0,0,1.0,3,Operation,,,,,Operation,,潜在失效模式；潜在失效后果；可探测度(D)；潜在失效原因/机理,120,
423,423,Full-ΣMi残差模型,M1+M2+M3+M4,故障原因诊断类,后果探测度查原因,后果到原因推理,,,困难,某条FMEA记录显示：“Movement of CPS due to scour/seabed mobility”会导致“Cable being vulnerable to scour and need for repair or replacement”，现行探测难度D为4.4；请判断其潜在原因。,Design Phase; Design inefficiency [6],失效原因 / FailureCause / cause / reason / 为啥 / 咋来的: Design Phase; lack of data of the deployment location [6],错误,0.0,716.08,语义RAG,1.0,1.0,0,1.0,3,Design Phase; Design inefficiency [6],,6.0,,,Design Phase; Design inefficiency [6],,潜在失效模式；潜在失效后果；可探测度(D)；潜在失效原因/机理,121,
424,424,Full-ΣMi残差模型,M1+M2+M3+M4,故障原因诊断类,后果探测度查原因,后果到原因推理,,,困难,某条FMEA记录显示：“Movement of CPS due to scour/seabed mobility”会导致“Cable being vulnerable to scour and need for repair or replacement”，现行探测难度D为4；请判断其潜在原因。,Installation phase; incorrect installation [6],"失效原因 / FailureCause / cause / reason / 为啥 / 咋来的: Design Phase; lack of data of the deployment location [4,6]",错误,0.0,526.23,语义RAG,1.0,1.0,0,1.0,3,Installation phase; incorrect installation [6],,6.0,,,Installation phase; incorrect installation [6],,潜在失效模式；潜在失效后果；可探测度(D)；潜在失效原因/机理,123,
425,425,Full-ΣMi残差模型,M1+M2+M3+M4,故障原因诊断类,后果探测度查原因,后果到原因推理,,,困难,"某条FMEA记录显示：“Premature damage of outer protection layer”会导致“Structural damage - cable weakening, exposure to elements”，现行探测难度D为3.75；请判断其潜在原因。",Environmental conditions; Environmental exposure - wear,环境条件; Environmental exposure - wear,错误,0.0,499.56,语义RAG,0.3333,1.0,0,1.0,3,Environmental conditions; Environmental exposure - wear,,,,,Environmental conditions; Environmental exposure - wear,,潜在失效模式；潜在失效后果；可探测度(D)；潜在失效原因/机理,124,
426,426,Full-ΣMi残差模型,M1+M2+M3+M4,故障原因诊断类,后果探测度查原因,后果到原因推理,,,困难,"某条FMEA记录显示：“Reduced sediment cover lower than designed value for protection”会导致“need for re-burial, change of cable protection requirement or even replacement of cable”，现行探测难度D为3.8；请判断其潜在原因。",Design Phase; Insufficient information for the deployment location [6],失效原因 / FailureCause / cause / reason / 为什么 / 为啥 / 咋来的: Environmental conditions; exposure of seabed cover to extreme environmental phenomena,错误,0.0,718.76,语义RAG,1.0,1.0,0,1.0,3,Design Phase; Insufficient information for the deployment location [6],,,,,Design Phase; Insufficient information for the deployment location [6],,潜在失效模式；潜在失效后果；可探测度(D)；潜在失效原因/机理,125,
427,427,Full-ΣMi残差模型,M1+M2+M3+M4,故障原因诊断类,后果探测度查原因,后果到原因推理,,,困难,"某条FMEA记录显示：“Reduced sediment cover lower than designed value for protection”会导致“need for re-burial, change of cable protection requirement or even replacement of cable”，现行探测难度D为3.5；请判断其潜在原因。",Design Phase; Insufficient information for the deployment location [6],失效原因 / FailureCause / cause / reason / 为什么 / 为啥 / 咋来的: Environmental conditions; exposure of seabed cover to extreme environmental phenomena,错误,0.0,575.65,语义RAG,1.0,1.0,0,1.0,3,Design Phase; Insufficient information for the deployment location [6],,,,,Design Phase; Insufficient information for the deployment location [6],,潜在失效模式；潜在失效后果；可探测度(D)；潜在失效原因/机理,126,
428,428,Full-ΣMi残差模型,M1+M2+M3+M4,故障原因诊断类,后果探测度查原因,后果到原因推理,,,困难,"某条FMEA记录显示：“Reduced sediment cover lower than designed value for protection”会导致“need for re-burial, change of cable protection requirement or even replacement of cable”，现行探测难度D为4.2；请判断其潜在原因。",Environmental conditions; exposure of seabed cover to extreme environmental phenomena,失效原因 / FailureCause / cause / reason / 为什么 / 为啥 / 咋来的: Environmental conditions; exposure of seabed cover to extreme environmental phenomena,正确,1.0,558.4,语义RAG,1.0,1.0,0,1.0,3,,,,,,Environmental conditions; exposure of seabed cover to extreme environmental phenomena,,潜在失效模式；潜在失效后果；可探测度(D)；潜在失效原因/机理,127,
429,429,Full-ΣMi残差模型,M1+M2+M3+M4,故障原因诊断类,后果探测度查原因,后果到原因推理,,,困难,某条FMEA记录显示：“Small bending radius”会导致“Cable damage - insulation degradation”，现行探测难度D为3.2；请判断其潜在原因。,Operation; Mechanical stress - excessive bending,失效原因 / FailureCause: Operation; Mechanical stress - excessive bending,正确,1.0,523.71,语义RAG,0.3333,1.0,0,1.0,3,,,,,,Operation; Mechanical stress - excessive bending,,潜在失效模式；潜在失效后果；可探测度(D)；潜在失效原因/机理,128,
430,430,Full-ΣMi残差模型,M1+M2+M3+M4,故障原因诊断类,项目失效现象发生度查原因,项目范围原因查询,,,中等,结合项目/功能“Tower / Tower / Primary steelwork”，当“Abnormal vibration”的发生度O为3时，故障原因/机理是哪一项？,Design phase; Resonance occurs when the natural frequency of the tower or other components of the wind turbine matches the frequency of the wind or other external forces.,"Installation phase; Faulty welding of Tower [10,15]",错误,0.0,539.87,语义RAG,0.6667,0.0,0,,3,Design phase; Resonance occurs when the natural frequency of the tower or other components of the wind turbine matches the frequency of the wind or other external forces.,,,,,Design phase; Resonance occurs when the natural frequency of the tower or other components of the wind turbine matches the frequency of the wind or other external forces.,,项目/功能；潜在失效模式；发生度(O)；潜在失效原因/机理,0,
431,431,Full-ΣMi残差模型,M1+M2+M3+M4,故障原因诊断类,项目失效现象发生度查原因,项目范围原因查询,,,中等,结合项目/功能“Tower / Tower / Primary steelwork”，当“Abnormal vibration”的发生度O为2.2时，故障原因/机理是哪一项？,"Installation phase; Faulty welding of Tower [10,15]","Installation phase; Faulty welding of Tower [10,15]",正确,1.0,578.77,语义RAG,0.6667,1.0,0,,3,,,10.0；15.0,,,"Installation phase; Faulty welding of Tower [10,15]",,项目/功能；潜在失效模式；发生度(O)；潜在失效原因/机理,2,
432,432,Full-ΣMi残差模型,M1+M2+M3+M4,故障原因诊断类,项目失效现象发生度查原因,项目范围原因查询,,,中等,结合项目/功能“Tower / Tower / Primary steelwork”，当“Abnormal vibration”的发生度O为2时，故障原因/机理是哪一项？,"Maintenance phase; Due to poor inspection Faulty welding of Tower couldn't be detected before getting severe [10,15]","Maintenance phase; Due to poor inspection Faulty welding of Tower couldn't be detected before getting severe [10,15]",正确,1.0,548.59,语义RAG,0.6667,1.0,0,,3,,,10.0；15.0,,,"Maintenance phase; Due to poor inspection Faulty welding of Tower couldn't be detected before getting severe [10,15]",,项目/功能；潜在失效模式；发生度(O)；潜在失效原因/机理,3,
433,433,Full-ΣMi残差模型,M1+M2+M3+M4,故障原因诊断类,项目失效现象发生度查原因,项目范围原因查询,,,中等,结合项目/功能“Tower / Tower / Primary steelwork”，当“Cracks”的发生度O为2时，故障原因/机理是哪一项？,"Environmental loads; The interaction between the blades and the tower can cause pressure fluctuations, leading to cyclic fatigue [14]","Environmental loads; The interaction between the blades and the tower can cause pressure fluctuations, leading to cyclic fatigue [14]",正确,1.0,650.33,语义RAG,1.0,1.0,0,,3,,,14.0,,,"Environmental loads; The interaction between the blades and the tower can cause pressure fluctuations, leading to cyclic fatigue [14]",,项目/功能；潜在失效模式；发生度(O)；潜在失效原因/机理,4,
434,434,Full-ΣMi残差模型,M1+M2+M3+M4,故障原因诊断类,项目失效现象发生度查原因,项目范围原因查询,,,中等,结合项目/功能“Tower / Tower / Primary steelwork”，当“Cracks”的发生度O为2.6时，故障原因/机理是哪一项？,Environmental loads; Material fatigue due to high waves and high frequency of loads [1],"Installation phase; Installation phase stress/fatigue due to waves, wind, and process. Incorrect installation/error can cause stress concentration and fatigue. [11]",错误,0.0,673.95,语义RAG,0.6667,0.0,0,,3,Environmental loads; Material fatigue due to high waves and high frequency of loads [1],,,,,Environmental loads; Material fatigue due to high waves and high frequency of loads [1],,项目/功能；潜在失效模式；发生度(O)；潜在失效原因/机理,5,
435,435,Full-ΣMi残差模型,M1+M2+M3+M4,故障原因诊断类,项目失效现象发生度查原因,项目范围原因查询,,,中等,结合项目/功能“Tower / Tower / Primary steelwork”，当“Cracks”的发生度O为2.8时，故障原因/机理是哪一项？,Environmental condition; Cyclic wind/wave loading (above design assumption)creates stress concentrations and fatigue. [11],"Installation phase; Installation phase stress/fatigue due to waves, wind, and process. Incorrect installation/error can cause stress concentration and fatigue.",错误,0.0,629.87,语义RAG,0.6667,0.0,0,,3,Environmental condition; Cyclic wind/wave loading (above design assumption)creates stress concentrations and fatigue. [11],,,,,Environmental condition; Cyclic wind/wave loading (above design assumption)creates stress concentrations and fatigue. [11],,项目/功能；潜在失效模式；发生度(O)；潜在失效原因/机理,6,
436,436,Full-ΣMi残差模型,M1+M2+M3+M4,故障原因诊断类,项目失效现象发生度查原因,项目范围原因查询,,,中等,结合项目/功能“Tower / Tower / Primary structure & welding”，当“Cracks”的发生度O为2.25时，故障原因/机理是哪一项？,"Design phase; Welding failure due to Poor design or inadequate specification of welding procedures considering harsh environmental condition [1,15]","Welding failure due to Poor design or inadequate specification of welding procedures considering harsh environmental condition [1,15]",错误,0.0,753.16,语义RAG,1.0,1.0,0,,3,"Design phase; Welding failure due to Poor design or inadequate specification of welding procedures considering harsh environmental condition [1,15]",,1.0；15.0,,,"Design phase; Welding failure due to Poor design or inadequate specification of welding procedures considering harsh environmental condition [1,15]",,项目/功能；潜在失效模式；发生度(O)；潜在失效原因/机理,7,
437,437,Full-ΣMi残差模型,M1+M2+M3+M4,故障原因诊断类,项目失效现象发生度查原因,项目范围原因查询,,,中等,结合项目/功能“Tower / Tower / Primary steelwork”，当“Cracks”的发生度O为2.25时，故障原因/机理是哪一项？,Fabrication; Material fatigue due to insufficient manufacturing quality [15],Fabrication; Material fatigue due to insufficient manufacturing quality [15],正确,1.0,637.24,语义RAG,1.0,1.0,0,,3,,,15.0,,,Fabrication; Material fatigue due to insufficient manufacturing quality [15],,项目/功能；潜在失效模式；发生度(O)；潜在失效原因/机理,9,
438,438,Full-ΣMi残差模型,M1+M2+M3+M4,故障原因诊断类,项目失效现象发生度查原因,项目范围原因查询,,,中等,结合项目/功能“Tower / Tower / Welding”，当“Cracks”的发生度O为2.25时，故障原因/机理是哪一项？,"Fabrication; Welding failure due to Poor quality control during the welding process [1,10]",不知道。上下文中的项目/功能并未包含“Tower / Tower / Welding”且失效模式为“Cracks”。,错误,0.0,648.27,语义RAG,0.0,0.0,0,,3,"Fabrication; Welding failure due to Poor quality control during the welding process [1,10]",,,,,"Fabrication; Welding failure due to Poor quality control during the welding process [1,10]",,项目/功能；潜在失效模式；发生度(O)；潜在失效原因/机理,10,
439,439,Full-ΣMi残差模型,M1+M2+M3+M4,故障原因诊断类,项目失效现象发生度查原因,项目范围原因查询,,,中等,结合项目/功能“Tower / Tower / Primary steelwork”，当“Cracks”的发生度O为3时，故障原因/机理是哪一项？,Maintenance phase; Corrosion due to lack of regular inspection and maintenance to prevent critical steps and failure [11],"Maintenance phase; Blade replacements, repairs, and corrosion mitigation can add stress. Improper execution can lead to damage and fatigue. [11]",错误,0.0,701.9,语义RAG,1.0,0.0,0,,3,Maintenance phase; Corrosion due to lack of regular inspection and maintenance to prevent critical steps and failure [11],,11.0,,,Maintenance phase; Corrosion due to lack of regular inspection and maintenance to prevent critical steps and failure [11],,项目/功能；潜在失效模式；发生度(O)；潜在失效原因/机理,12,
440,440,Full-ΣMi残差模型,M1+M2+M3+M4,故障原因诊断类,项目失效现象发生度查原因,项目范围原因查询,,,中等,结合项目/功能“Tower / Tower / Primary steelwork”，当“Cracks”的发生度O为2.33时，故障原因/机理是哪一项？,"Maintenance phase; Blade replacements, repairs, and corrosion mitigation can add stress. Improper execution can lead to damage and fatigue. [11]","Maintenance phase; Blade replacements, repairs, and corrosion mitigation can add stress. Improper execution can lead to damage and fatigue. [11]",正确,1.0,679.92,语义RAG,0.6667,1.0,0,,3,,,11.0,,,"Maintenance phase; Blade replacements, repairs, and corrosion mitigation can add stress. Improper execution can lead to damage and fatigue. [11]",,项目/功能；潜在失效模式；发生度(O)；潜在失效原因/机理,14,
441,441,Full-ΣMi残差模型,M1+M2+M3+M4,故障原因诊断类,项目失效现象发生度查原因,项目范围原因查询,,,中等,结合项目/功能“Tower / Tower / Primary steelwork”，当“Cracks”的发生度O为1.75时，故障原因/机理是哪一项？,Design phase; Braking system failure due to wrong estimation of operating conditions [15],"失效原因 / FailureCause / cause / reason / 为啥 / 咋来的: Installation phase; Installation phase stress/fatigue due to waves, wind, and process. Incorrect installation/error can cause stress concentration and fatigue. [11]",错误,0.0,933.95,语义RAG,1.0,0.0,0,,3,Design phase; Braking system failure due to wrong estimation of operating conditions [15],,,,,Design phase; Braking system failure due to wrong estimation of operating conditions [15],,项目/功能；潜在失效模式；发生度(O)；潜在失效原因/机理,15,
442,442,Full-ΣMi残差模型,M1+M2+M3+M4,故障原因诊断类,项目失效现象发生度查原因,项目范围原因查询,,,中等,结合项目/功能“Tower / Tower / Primary steelwork”，当“Cracks”的发生度O为2.4时，故障原因/机理是哪一项？,Environmental condition; Lightning strikes[9],"Installation phase; Installation phase stress/fatigue due to waves, wind, and process. Incorrect installation/error can cause stress concentration and fatigue.",错误,0.0,717.18,语义RAG,0.6667,0.0,0,,3,Environmental condition; Lightning strikes[9],,,,,Environmental condition; Lightning strikes[9],,项目/功能；潜在失效模式；发生度(O)；潜在失效原因/机理,16,
443,443,Full-ΣMi残差模型,M1+M2+M3+M4,故障原因诊断类,项目失效现象发生度查原因,项目范围原因查询,,,中等,结合项目/功能“Tower / Tower / Primary steelwork”，当“Cracks”的发生度O为1.5时，故障原因/机理是哪一项？,Manufacturing; Hit by blades due to poor manufacturing quality control [9],"Installation phase; Installation phase stress/fatigue due to waves, wind, and process. Incorrect installation/error can cause stress concentration and fatigue. [11]",错误,0.0,737.56,语义RAG,1.0,0.0,0,,3,Manufacturing; Hit by blades due to poor manufacturing quality control [9],,,,,Manufacturing; Hit by blades due to poor manufacturing quality control [9],,项目/功能；潜在失效模式；发生度(O)；潜在失效原因/机理,18,
444,444,Full-ΣMi残差模型,M1+M2+M3+M4,故障原因诊断类,项目失效现象发生度查原因,项目范围原因查询,,,中等,结合项目/功能“Tower / Tower / Primary steelwork”，当“Plastic deformation”的发生度O为2.25时，故障原因/机理是哪一项？,"Manufacturing; Inadequate quality control during the manufacturing process may create structural weaknesses or defects in the tower, causing plastic deformation over time. [11]","Manufacturing; Inadequate quality control during the manufacturing process may create structural weaknesses or defects in the tower, causing plastic deformation over time. [11]",正确,1.0,700.11,语义RAG,0.6667,1.0,0,,3,,,11.0,,,"Manufacturing; Inadequate quality control during the manufacturing process may create structural weaknesses or defects in the tower, causing plastic deformation over time. [11]",,项目/功能；潜在失效模式；发生度(O)；潜在失效原因/机理,21,
445,445,Full-ΣMi残差模型,M1+M2+M3+M4,故障原因诊断类,项目失效现象发生度查原因,项目范围原因查询,,,中等,结合项目/功能“Tower / Tower / Primary steelwork”，当“Plastic deformation”的发生度O为2.2时，故障原因/机理是哪一项？,Design phase; Plastic deformation due to insufficient yield strength and lack of detailed stress analysis and simulations [13],Design phase; Plastic deformation due to insufficient yield strength and lack of detailed stress analysis and simulations [13],正确,1.0,433.88,语义RAG,0.6667,1.0,0,,3,,,13.0,,,Design phase; Plastic deformation due to insufficient yield strength and lack of detailed stress analysis and simulations [13],,项目/功能；潜在失效模式；发生度(O)；潜在失效原因/机理,22,
446,446,Full-ΣMi残差模型,M1+M2+M3+M4,故障原因诊断类,项目失效现象发生度查原因,项目范围原因查询,,,中等,结合项目/功能“Tower / Tower / Primary steelwork”，当“Tower collapse”的发生度O为1.5时，故障原因/机理是哪一项？,Operation phase; Mooring system failure can lead to direct tower collapse [1],Operation phase; Mooring system failure can lead to direct tower collapse [1],正确,1.0,588.97,语义RAG,0.3333,1.0,0,,3,,,1.0,,,Operation phase; Mooring system failure can lead to direct tower collapse [1],,项目/功能；潜在失效模式；发生度(O)；潜在失效原因/机理,23,
447,447,Full-ΣMi残差模型,M1+M2+M3+M4,故障原因诊断类,项目失效现象发生度查原因,项目范围原因查询,,,中等,结合项目/功能“Transition piece / Transition Piece / Primary structure & welding”，当“Transition piece break”的发生度O为2.5时，故障原因/机理是哪一项？,Design; Analysis and calculation fault due to human error [11],Design; Analysis and calculation fault due to human error [11],正确,1.0,595.11,语义RAG,0.6667,1.0,0,,3,,,11.0,,,Design; Analysis and calculation fault due to human error [11],,项目/功能；潜在失效模式；发生度(O)；潜在失效原因/机理,24,
448,448,Full-ΣMi残差模型,M1+M2+M3+M4,故障原因诊断类,项目失效现象发生度查原因,项目范围原因查询,,,中等,结合项目/功能“Transition piece / Transition Piece / Primary structure”，当“Transition piece break”的发生度O为2.25时，故障原因/机理是哪一项？,"Operation and Maintenance; Brittle fracture due to extreme environmental temperature, leading to a shift in the ductile-to-brittle transition temperature [16]","Operation and Maintenance; Brittle fracture due to extreme environmental temperature, leading to a shift in the ductile-to-brittle transition temperature [16]",正确,1.0,727.4,语义RAG,1.0,1.0,0,,3,,,16.0,,,"Operation and Maintenance; Brittle fracture due to extreme environmental temperature, leading to a shift in the ductile-to-brittle transition temperature [16]",,项目/功能；潜在失效模式；发生度(O)；潜在失效原因/机理,25,
449,449,Full-ΣMi残差模型,M1+M2+M3+M4,故障原因诊断类,项目失效现象发生度查原因,项目范围原因查询,,,中等,结合项目/功能“Transition piece / Transition Piece / Primary stucture”，当“Structural plastic deformation”的发生度O为2.5时，故障原因/机理是哪一项？,"Operation; Changes in wave spectra can cause increased loads, resonance, and stress concentrations, leading to plastic deformation in offshore wind turbines. [11]",安装；在安装过程中，由于焊接和弯曲等工艺可能导致塑性变形。,错误,0.0,601.54,语义RAG,0.6667,0.0,0,,3,"Operation; Changes in wave spectra can cause increased loads, resonance, and stress concentrations, leading to plastic deformation in offshore wind turbines. [11]",,,,,"Operation; Changes in wave spectra can cause increased loads, resonance, and stress concentrations, leading to plastic deformation in offshore wind turbines. [11]",,项目/功能；潜在失效模式；发生度(O)；潜在失效原因/机理,26,
450,450,Full-ΣMi残差模型,M1+M2+M3+M4,故障原因诊断类,项目失效现象发生度查原因,项目范围原因查询,,,中等,结合项目/功能“Transition piece / Transition Piece / Primary structure & welding”，当“Cracks”的发生度O为2.5时，故障原因/机理是哪一项？,"Operation; Cycling loading could cause microstructural changes in the material and eventually lead to fatigue crack initiation [1,15]","Operation; Cycling loading could cause microstructural changes in the material and eventually lead to fatigue crack initiation [1,15]",正确,1.0,728.8,语义RAG,1.0,1.0,0,,3,,,1.0；15.0,,,"Operation; Cycling loading could cause microstructural changes in the material and eventually lead to fatigue crack initiation [1,15]",,项目/功能；潜在失效模式；发生度(O)；潜在失效原因/机理,27,
451,451,Full-ΣMi残差模型,M1+M2+M3+M4,故障原因诊断类,项目失效现象发生度查原因,项目范围原因查询,,,中等,结合项目/功能“Transition piece / Transition Piece / Primary structure & welding”，当“Transition piece break”的发生度O为2时，故障原因/机理是哪一项？,Environmental condition; Design parameters superseded due to climate change [11],Design; Analysis and calculation fault due to human error [11],错误,0.0,559.31,语义RAG,0.6667,0.0,0,,3,Environmental condition; Design parameters superseded due to climate change [11],,11.0,,,Environmental condition; Design parameters superseded due to climate change [11],,项目/功能；潜在失效模式；发生度(O)；潜在失效原因/机理,28,
452,452,Full-ΣMi残差模型,M1+M2+M3+M4,故障原因诊断类,项目失效现象发生度查原因,项目范围原因查询,,,中等,结合项目/功能“Transition piece / Transition Piece / Primary structure & welding”，当“Abnormal vibration”的发生度O为2.75时，故障原因/机理是哪一项？,Operation; due to unbalanced loads or wind-induced vibrations. [11],Operation; due to unbalanced loads or wind-induced vibrations.,错误,0.0,584.15,语义RAG,0.6667,1.0,0,,3,Operation; due to unbalanced loads or wind-induced vibrations. [11],,,,,Operation; due to unbalanced loads or wind-induced vibrations. [11],,项目/功能；潜在失效模式；发生度(O)；潜在失效原因/机理,29,
453,453,Full-ΣMi残差模型,M1+M2+M3+M4,故障原因诊断类,项目失效现象发生度查原因,项目范围原因查询,,,中等,结合项目/功能“Transition piece / Transition Piece / Primary stucture”，当“Structural plastic deformation”的发生度O为2.67时，故障原因/机理是哪一项？,"Installation; During installation, plastic deformation can occur due to processes like welding and bending [1]",安装；在安装过程中，由于焊接和弯曲等工艺可能导致塑性变形。,错误,0.0,583.24,语义RAG,0.6667,1.0,0,,3,"Installation; During installation, plastic deformation can occur due to processes like welding and bending [1]",,,,,"Installation; During installation, plastic deformation can occur due to processes like welding and bending [1]",,项目/功能；潜在失效模式；发生度(O)；潜在失效原因/机理,30,
454,454,Full-ΣMi残差模型,M1+M2+M3+M4,故障原因诊断类,项目失效现象发生度查原因,项目范围原因查询,,,中等,结合项目/功能“Transition piece / Transition Piece / Primary structure”，当“Cracks”的发生度O为2.5时，故障原因/机理是哪一项？,Installation; During Transportation and installation transition piece may be subjected to bending and twisting loads which could lead to fatigue cracks,Design; During Transportation and installation transition piece may be subjected to bending and twisting loads which could lead to fatigue cracks,错误,0.0,665.79,语义RAG,0.3333,1.0,0,,3,Installation; During Transportation and installation transition piece may be subjected to bending and twisting loads which could lead to fatigue cracks,,,,,Installation; During Transportation and installation transition piece may be subjected to bending and twisting loads which could lead to fatigue cracks,,项目/功能；潜在失效模式；发生度(O)；潜在失效原因/机理,31,
455,455,Full-ΣMi残差模型,M1+M2+M3+M4,故障原因诊断类,项目失效现象发生度查原因,项目范围原因查询,,,中等,结合项目/功能“Transition piece / Transition Piece / Welding”，当“Cracks”的发生度O为3时，故障原因/机理是哪一项？,Fabrication; Improper surface preparation before applying a protective coating or performing welding repairs like cleaning the surface with solvent and treating the surface with a rust inhibitor or primer for improving the adhesion can cause corrosion and crack propagation. [15],"Installation; Welding failure due to poor performance (e.g. overheating, lack of fusion) during installation [1,10,15]",错误,0.0,707.66,语义RAG,1.0,0.0,0,,3,Fabrication; Improper surface preparation before applying a protective coating or performing welding repairs like cleaning the surface with solvent and treating the surface with a rust inhibitor or primer for improving the adhesion can cause corrosion and crack propagation. [15],,15.0,,,Fabrication; Improper surface preparation before applying a protective coating or performing welding repairs like cleaning the surface with solvent and treating the surface with a rust inhibitor or primer for improving the adhesion can cause corrosion and crack propagation. [15],,项目/功能；潜在失效模式；发生度(O)；潜在失效原因/机理,33,
456,456,Full-ΣMi残差模型,M1+M2+M3+M4,故障原因诊断类,项目失效现象发生度查原因,项目范围原因查询,,,中等,结合项目/功能“Transition piece / Transition Piece / Primary structure & welding”，当“Abnormal vibration”的发生度O为2.33时，故障原因/机理是哪一项？,Maintenance; Misalignments or looseness in the connections between the tower and the foundation or inadequate bracing can cause abnormal vibration in the transition piece [12],Maintenance; Misalignments or looseness in the connections between the tower and the foundation or inadequate bracing can cause abnormal vibration in the transition piece [12],正确,1.0,748.82,语义RAG,0.6667,1.0,0,,3,,,12.0,,,Maintenance; Misalignments or looseness in the connections between the tower and the foundation or inadequate bracing can cause abnormal vibration in the transition piece [12],,项目/功能；潜在失效模式；发生度(O)；潜在失效原因/机理,34,
457,457,Full-ΣMi残差模型,M1+M2+M3+M4,故障原因诊断类,项目失效现象发生度查原因,项目范围原因查询,,,中等,结合项目/功能“Transition piece / Transition Piece / Primary stucture”，当“Structural plastic deformation”的发生度O为2.33时，故障原因/机理是哪一项？,Maintenance; Plastic deformation can occur due to the application of excessive force or improper handling of the structure. [1],Maintenance; Plastic deformation can occur due to the application of excessive force or improper handling of the structure.,错误,0.0,639.22,语义RAG,0.6667,1.0,0,,3,Maintenance; Plastic deformation can occur due to the application of excessive force or improper handling of the structure. [1],,,,,Maintenance; Plastic deformation can occur due to the application of excessive force or improper handling of the structure. [1],,项目/功能；潜在失效模式；发生度(O)；潜在失效原因/机理,35,
458,458,Full-ΣMi残差模型,M1+M2+M3+M4,故障原因诊断类,项目失效现象发生度查原因,项目范围原因查询,,,中等,结合项目/功能“Transition piece / Transition Piece / Welding”，当“Cracks”的发生度O为2.67时，故障原因/机理是哪一项？,"Maintenance; Repairing welding during maintenance can introduce residual stresses, leading to crack initiation [11]",维修; 在维护期间修复焊接可能会引入残余应力，导致裂纹的产生 [11],错误,0.0,661.33,语义RAG,0.6667,1.0,0,,3,"Maintenance; Repairing welding during maintenance can introduce residual stresses, leading to crack initiation [11]",,11.0,,,"Maintenance; Repairing welding during maintenance can introduce residual stresses, leading to crack initiation [11]",,项目/功能；潜在失效模式；发生度(O)；潜在失效原因/机理,36,
459,459,Full-ΣMi残差模型,M1+M2+M3+M4,故障原因诊断类,项目失效现象发生度查原因,项目范围原因查询,,,中等,结合项目/功能“Transition piece / Transition Piece / Primary structure & welding”，当“Cracks”的发生度O为2时，故障原因/机理是哪一项？,"Maintenance; The transition piece may be subjected to large forces from lifting and handling equipment during maintenance, which are not considered in design assumptions [11]",Fabrication; Welding and heat treatment could induce fatigue cracks in fabrication process. [1],错误,0.0,628.52,语义RAG,1.0,0.0,0,,3,"Maintenance; The transition piece may be subjected to large forces from lifting and handling equipment during maintenance, which are not considered in design assumptions [11]",,,,,"Maintenance; The transition piece may be subjected to large forces from lifting and handling equipment during maintenance, which are not considered in design assumptions [11]",,项目/功能；潜在失效模式；发生度(O)；潜在失效原因/机理,37,
460,460,Full-ΣMi残差模型,M1+M2+M3+M4,故障原因诊断类,项目失效现象发生度查原因,项目范围原因查询,,,中等,结合项目/功能“Transition piece / Transition Piece / Primary structure & welding”，当“Cracks”的发生度O为2.33时，故障原因/机理是哪一项？,"Installation; Transition piece may be subjected to large forces from wave, wind, and vessel motion during installation. [10]",Fabrication; Welding and heat treatment could induce fatigue cracks in fabrication process. [1],错误,0.0,596.07,语义RAG,1.0,0.0,0,,3,"Installation; Transition piece may be subjected to large forces from wave, wind, and vessel motion during installation. [10]",,,,,"Installation; Transition piece may be subjected to large forces from wave, wind, and vessel motion during installation. [10]",,项目/功能；潜在失效模式；发生度(O)；潜在失效原因/机理,38,
461,461,Full-ΣMi残差模型,M1+M2+M3+M4,故障原因诊断类,项目失效现象发生度查原因,项目范围原因查询,,,中等,结合项目/功能“Transition piece / Transition Piece / Primary structure & welding”，当“Transition piece break”的发生度O为1.67时，故障原因/机理是哪一项？,Design; Under-designed structure/ Component due to human error/Insufficient environmental data,Operation and Maintenance; Undetected defects and poor quality control [11],错误,0.0,606.29,语义RAG,0.6667,0.0,0,,3,Design; Under-designed structure/ Component due to human error/Insufficient environmental data,,,,,Design; Under-designed structure/ Component due to human error/Insufficient environmental data,,项目/功能；潜在失效模式；发生度(O)；潜在失效原因/机理,39,
462,462,Full-ΣMi残差模型,M1+M2+M3+M4,故障原因诊断类,项目失效现象发生度查原因,项目范围原因查询,,,中等,结合项目/功能“Transition piece / Transition Piece / Welding”，当“Cracks”的发生度O为2.5时，故障原因/机理是哪一项？,Maintenance; Welding and heat treatment during maintenance can add more residual stresses and increase the likelihood of fatigue crack in the welds and heat-affected areas. [11],During Transportation and installation transition piece may be subjected to bending and twisting loads which could lead to fatigue cracks,错误,0.0,631.14,语义RAG,0.6667,0.0,0,,3,Maintenance; Welding and heat treatment during maintenance can add more residual stresses and increase the likelihood of fatigue crack in the welds and heat-affected areas. [11],,,,,Maintenance; Welding and heat treatment during maintenance can add more residual stresses and increase the likelihood of fatigue crack in the welds and heat-affected areas. [11],,项目/功能；潜在失效模式；发生度(O)；潜在失效原因/机理,42,
463,463,Full-ΣMi残差模型,M1+M2+M3+M4,故障原因诊断类,项目失效现象发生度查原因,项目范围原因查询,,,中等,结合项目/功能“Floating support structure / Floating Support structure / All structures”，当“Capsize”的发生度O为2.29时，故障原因/机理是哪一项？,Design; Analysis and Calculation fault due to human error,Environmental condition; Extreme horizontal oscillatory force,错误,0.0,535.59,语义RAG,0.6667,1.0,0,,3,Design; Analysis and Calculation fault due to human error,,,,,Design; Analysis and Calculation fault due to human error,,项目/功能；潜在失效模式；发生度(O)；潜在失效原因/机理,45,
464,464,Full-ΣMi残差模型,M1+M2+M3+M4,故障原因诊断类,项目失效现象发生度查原因,项目范围原因查询,,,中等,结合项目/功能“Floating support structure / Floating Support structure / Primary structure”，当“Capsize”的发生度O为1.67时，故障原因/机理是哪一项？,Design; Analysis and Calculation fault due to human error [11],Design; Analysis and Calculation fault due to human error [11],正确,1.0,581.51,语义RAG,1.0,1.0,0,,3,,,11.0,,,Design; Analysis and Calculation fault due to human error [11],,项目/功能；潜在失效模式；发生度(O)；潜在失效原因/机理,46,
465,465,Full-ΣMi残差模型,M1+M2+M3+M4,故障原因诊断类,项目失效现象发生度查原因,项目范围原因查询,,,中等,结合项目/功能“Floating support structure / Floating Support structure / Secondary structure”，当“Additional Structures Failures”的发生度O为2.86时，故障原因/机理是哪一项？,"Operation; Bilge piping/pumps fail [1,12]",不知道。上下文中的“Secondary structure & Welding”对应的最高RPN为36，但没有提到发生度O为2.86的情况。,错误,0.0,616.79,语义RAG,0.3333,0.0,0,,3,"Operation; Bilge piping/pumps fail [1,12]",,,,,"Operation; Bilge piping/pumps fail [1,12]",,项目/功能；潜在失效模式；发生度(O)；潜在失效原因/机理,47,
466,466,Full-ΣMi残差模型,M1+M2+M3+M4,故障原因诊断类,项目失效现象发生度查原因,项目范围原因查询,,,中等,结合项目/功能“Floating support structure / Floating Support structure / All structures”，当“Hit by dropped objects”的发生度O为2.17时，故障原因/机理是哪一项？,Operation; Biological collision,Operation; Biological collision,正确,1.0,484.73,语义RAG,1.0,1.0,0,,3,,,,,,Operation; Biological collision,,项目/功能；潜在失效模式；发生度(O)；潜在失效原因/机理,48,
467,467,Full-ΣMi残差模型,M1+M2+M3+M4,故障原因诊断类,项目失效现象发生度查原因,项目范围原因查询,,,中等,结合项目/功能“Floating support structure / Floating Support structure / All structures”，当“Structural break”的发生度O为1.67时，故障原因/机理是哪一项？,Environmental condition; Design parameter superseded due to climate change [11],Insufficient structural strength due to ship collision,错误,0.0,552.81,语义RAG,0.3333,0.0,0,,3,Environmental condition; Design parameter superseded due to climate change [11],,,,,Environmental condition; Design parameter superseded due to climate change [11],,项目/功能；潜在失效模式；发生度(O)；潜在失效原因/机理,49,
468,468,Full-ΣMi残差模型,M1+M2+M3+M4,故障原因诊断类,项目失效现象发生度查原因,项目范围原因查询,,,中等,结合项目/功能“Floating support structure / Floating Support structure / Secondary structure”，当“Additional Structures Failures”的发生度O为2.6时，故障原因/机理是哪一项？,"Operation; Dynamic umbilical connection/cable fail [1,12]",根据上下文，没有找到与“Floating support structure / Floating Support structure / Secondary structure”以及“Additional Structures Failures”相关的信息。因此，无法确定在发生度O为2.6时的故障原因/机理。 结合给定的FMEA条目来看，主要关注的是Secondary structure & Welding、Primary structure和Primary structure & Welding，并没有直接提到与“Additional Structures Failures”相关的具体失效模式及其原因。,错误,0.0,1219.67,语义RAG,0.3333,0.0,0,,3,"Operation; Dynamic umbilical connection/cable fail [1,12]",,,,,"Operation; Dynamic umbilical connection/cable fail [1,12]",,项目/功能；潜在失效模式；发生度(O)；潜在失效原因/机理,50,
469,469,Full-ΣMi残差模型,M1+M2+M3+M4,故障原因诊断类,项目失效现象发生度查原因,项目范围原因查询,,,中等,结合项目/功能“Floating support structure / Floating Support structure / Primary Structure”，当“Cracks”的发生度O为2.83时，故障原因/机理是哪一项？,Installation; Excessive fatigue life consumption due to installation/ transportation [19],Installation/ transportation [19],错误,0.0,480.41,语义RAG,0.6667,1.0,0,,3,Installation; Excessive fatigue life consumption due to installation/ transportation [19],,19.0,,,Installation; Excessive fatigue life consumption due to installation/ transportation [19],,项目/功能；潜在失效模式；发生度(O)；潜在失效原因/机理,51,
470,470,Full-ΣMi残差模型,M1+M2+M3+M4,故障原因诊断类,项目失效现象发生度查原因,项目范围原因查询,,,中等,结合项目/功能“Floating support structure / Floating Support structure / Primary structure & Welding”，当“Capsize”的发生度O为1.8时，故障原因/机理是哪一项？,Environmental condition; Extreme horizontal oscillatory force,Design; Analysis and Calculation fault due to human error [11],错误,0.0,546.84,语义RAG,0.3333,0.0,0,,3,Environmental condition; Extreme horizontal oscillatory force,,,,,Environmental condition; Extreme horizontal oscillatory force,,项目/功能；潜在失效模式；发生度(O)；潜在失效原因/机理,52,
471,471,Full-ΣMi残差模型,M1+M2+M3+M4,故障原因诊断类,项目失效现象发生度查原因,项目范围原因查询,,,中等,结合项目/功能“Floating support structure / Floating Support structure / Primary structure & Welding”，当“Cracks”的发生度O为2.86时，故障原因/机理是哪一项？,Operation; Fatigue due to continuous vibrations/resonance [11],Installation/ transportation [19],错误,0.0,475.3,语义RAG,0.3333,0.0,0,,3,Operation; Fatigue due to continuous vibrations/resonance [11],,,,,Operation; Fatigue due to continuous vibrations/resonance [11],,项目/功能；潜在失效模式；发生度(O)；潜在失效原因/机理,53,
472,472,Full-ΣMi残差模型,M1+M2+M3+M4,故障原因诊断类,项目失效现象发生度查原因,项目范围原因查询,,,中等,结合项目/功能“Floating support structure / Floating Support structure / All structures”，当“Cracks”的发生度O为2.5时，故障原因/机理是哪一项？,Design; Fatigue due to underestimation of steel thickness and/or environmental loads,Excessive fatigue life consumption due to installation/ transportation [19],错误,0.0,595.88,语义RAG,0.6667,0.0,0,,3,Design; Fatigue due to underestimation of steel thickness and/or environmental loads,,,,,Design; Fatigue due to underestimation of steel thickness and/or environmental loads,,项目/功能；潜在失效模式；发生度(O)；潜在失效原因/机理,54,
473,473,Full-ΣMi残差模型,M1+M2+M3+M4,故障原因诊断类,项目失效现象发生度查原因,项目范围原因查询,,,中等,结合项目/功能“Floating support structure / Floating Support structure / Secondary structure”，当“Additional Structures Failures”的发生度O为3时，故障原因/机理是哪一项？,"Operation; Handrails Corrosion [1,12]",你提供的上下文中并没有涉及“Secondary structure”或“Additional Structures Failures”的相关信息。因此，基于给定的上下文，我无法回答这个问题。,错误,0.0,545.11,语义RAG,0.0,0.0,0,,3,"Operation; Handrails Corrosion [1,12]",,,,,"Operation; Handrails Corrosion [1,12]",,项目/功能；潜在失效模式；发生度(O)；潜在失效原因/机理,55,
474,474,Full-ΣMi残差模型,M1+M2+M3+M4,故障原因诊断类,项目失效现象发生度查原因,项目范围原因查询,,,中等,结合项目/功能“Floating support structure / Floating Support structure / Secondary structure”，当“Additional Structures Failures”的发生度O为1.83时，故障原因/机理是哪一项？,"Operation; Helicopter assistance equipment fail [1,12]",你知道这个问题涉及的是Secondary structure & Welding部分，但上下文中并没有提到“Additional Structures Failures”这一失效模式，也没有给出发生度O为1.83的具体条目信息。根据提供的内容，与Secondary structure & Welding相关的最高RPN是36，对应的失效模式是Watertight fault，但其发生度不是1.83。 因此，基于给定的上下文，我无法直接回答这个问题。,错误,0.0,1200.73,语义RAG,0.3333,0.0,0,,3,"Operation; Helicopter assistance equipment fail [1,12]",,,,,"Operation; Helicopter assistance equipment fail [1,12]",,项目/功能；潜在失效模式；发生度(O)；潜在失效原因/机理,56,
475,475,Full-ΣMi残差模型,M1+M2+M3+M4,故障原因诊断类,项目失效现象发生度查原因,项目范围原因查询,,,中等,结合项目/功能“Floating support structure / Floating Support structure / Secondary structure”，当“Watertight fault”的发生度O为2.83时，故障原因/机理是哪一项？,Maintenance; Inefficient detection [1],Maintenance; Insufficient structural strength due to ship collision [11],错误,0.0,503.62,语义RAG,0.6667,0.0,0,,3,Maintenance; Inefficient detection [1],,,,,Maintenance; Inefficient detection [1],,项目/功能；潜在失效模式；发生度(O)；潜在失效原因/机理,57,
476,476,Full-ΣMi残差模型,M1+M2+M3+M4,故障原因诊断类,项目失效现象发生度查原因,项目范围原因查询,,,中等,结合项目/功能“Floating support structure / Floating Support structure / Secondary structure”，当“Floater unit sinkage”的发生度O为1.83时，故障原因/机理是哪一项？,Design; Insufficient structural strength and cracks on the floater resulting in water ingress to the support structure,Design; Insufficient structural strength and cracks on the floater resulting in water ingress to the support structure,正确,1.0,677.08,语义RAG,1.0,1.0,0,,3,,,,,,Design; Insufficient structural strength and cracks on the floater resulting in water ingress to the support structure,,项目/功能；潜在失效模式；发生度(O)；潜在失效原因/机理,58,
477,477,Full-ΣMi残差模型,M1+M2+M3+M4,故障原因诊断类,项目失效现象发生度查原因,项目范围原因查询,,,中等,结合项目/功能“Floating support structure / Floating Support structure / All structures”，当“Structural plastic deformation”的发生度O为2时，故障原因/机理是哪一项？,Operation and Maintenance; Insufficient structural strength due to ship collision,Insufficient structural strength due to ship collision,错误,0.0,534.35,语义RAG,1.0,1.0,0,,3,Operation and Maintenance; Insufficient structural strength due to ship collision,,,,,Operation and Maintenance; Insufficient structural strength due to ship collision,,项目/功能；潜在失效模式；发生度(O)；潜在失效原因/机理,59,
478,478,Full-ΣMi残差模型,M1+M2+M3+M4,故障原因诊断类,项目失效现象发生度查原因,项目范围原因查询,,,中等,结合项目/功能“Floating support structure / Floating Support structure / Secondary structure”，当“Watertight fault”的发生度O为2.33时，故障原因/机理是哪一项？,Maintenance; Insufficient structural strength due to ship collision [11],Maintenance; Insufficient structural strength due to ship collision [11],正确,1.0,548.91,语义RAG,0.6667,1.0,0,,3,,,11.0,,,Maintenance; Insufficient structural strength due to ship collision [11],,项目/功能；潜在失效模式；发生度(O)；潜在失效原因/机理,60,
479,479,Full-ΣMi残差模型,M1+M2+M3+M4,故障原因诊断类,项目失效现象发生度查原因,项目范围原因查询,,,中等,结合项目/功能“Floating support structure / Floating Support structure / Secondary structure”，当“Additional Structures Failures”的发生度O为2.71时，故障原因/机理是哪一项？,"Operation; Ladders Corrosion [1,12]",你提供的上下文中并没有包含关于“Secondary structure”以及“Additional Structures Failures”相关信息。因此，基于给定的上下文，我无法回答这个问题。,错误,0.0,743.97,语义RAG,0.0,0.0,0,,3,"Operation; Ladders Corrosion [1,12]",,,,,"Operation; Ladders Corrosion [1,12]",,项目/功能；潜在失效模式；发生度(O)；潜在失效原因/机理,61,
480,480,Full-ΣMi残差模型,M1+M2+M3+M4,故障原因诊断类,项目失效现象发生度查原因,项目范围原因查询,,,中等,结合项目/功能“Floating support structure / Floating Support structure / All structures”，当“Watertight fault”的发生度O为2.2时，故障原因/机理是哪一项？,"Environmental condition; Marine growth under water can add additional weight and stress for the material, which can lead to cracks in the outer hull",Design; Underdesigned structure/Component due to insufficient environmental data,错误,0.0,592.44,语义RAG,0.6667,0.0,0,,3,"Environmental condition; Marine growth under water can add additional weight and stress for the material, which can lead to cracks in the outer hull",,,,,"Environmental condition; Marine growth under water can add additional weight and stress for the material, which can lead to cracks in the outer hull",,项目/功能；潜在失效模式；发生度(O)；潜在失效原因/机理,62,
481,481,Full-ΣMi残差模型,M1+M2+M3+M4,故障原因诊断类,项目失效现象发生度查原因,项目范围原因查询,,,中等,结合项目/功能“Floating support structure / Floating Support structure / All structures”，当“Hit by dropped objects”的发生度O为1.17时，故障原因/机理是哪一项？,Operation; Plane crush,Plane crush,错误,0.0,465.1,语义RAG,1.0,1.0,0,,3,Operation; Plane crush,,,,,Operation; Plane crush,,项目/功能；潜在失效模式；发生度(O)；潜在失效原因/机理,64,
482,482,Full-ΣMi残差模型,M1+M2+M3+M4,故障原因诊断类,项目失效现象发生度查原因,项目范围原因查询,,,中等,结合项目/功能“Floating support structure / Floating Support structure / Secondary structure”，当“Structural break”的发生度O为2.6时，故障原因/机理是哪一项？,Operation and Maintenance; Structural component degradation due to corrosion [12],Insufficient structural strength due to ship collision,错误,0.0,531.85,语义RAG,0.0,0.0,0,,3,Operation and Maintenance; Structural component degradation due to corrosion [12],,,,,Operation and Maintenance; Structural component degradation due to corrosion [12],,项目/功能；潜在失效模式；发生度(O)；潜在失效原因/机理,66,
483,483,Full-ΣMi残差模型,M1+M2+M3+M4,故障原因诊断类,项目失效现象发生度查原因,项目范围原因查询,,,中等,结合项目/功能“Floating support structure / Floating Support structure / All structures”，当“Structural break”的发生度O为2.67时，故障原因/机理是哪一项？,Operation and Maintenance; Structural degradation due to corrosion [11],Insufficient structural strength due to ship collision,错误,0.0,341.99,语义RAG,0.3333,0.0,0,,3,Operation and Maintenance; Structural degradation due to corrosion [11],,,,,Operation and Maintenance; Structural degradation due to corrosion [11],,项目/功能；潜在失效模式；发生度(O)；潜在失效原因/机理,67,
484,484,Full-ΣMi残差模型,M1+M2+M3+M4,故障原因诊断类,项目失效现象发生度查原因,项目范围原因查询,,,中等,结合项目/功能“Floating support structure / Floating Support structure / Primary structure & Welding”，当“Structural break”的发生度O为1.33时，故障原因/机理是哪一项？,Operation; Structure brittle fracture due to extreme environmental temperature,Insufficient structural strength due to ship collision,错误,0.0,382.56,语义RAG,0.0,0.0,0,,3,Operation; Structure brittle fracture due to extreme environmental temperature,,,,,Operation; Structure brittle fracture due to extreme environmental temperature,,项目/功能；潜在失效模式；发生度(O)；潜在失效原因/机理,68,
485,485,Full-ΣMi残差模型,M1+M2+M3+M4,故障原因诊断类,项目失效现象发生度查原因,项目范围原因查询,,,中等,结合项目/功能“Floating support structure / Floating Support structure / All structures”，当“Floater unit sinkage”的发生度O为1.33时，故障原因/机理是哪一项？,Operation; Structures break/collapse due to collision with other FWT,Structures break/collapse due to collision with other FWT,错误,0.0,561.61,语义RAG,1.0,1.0,0,,3,Operation; Structures break/collapse due to collision with other FWT,,,,,Operation; Structures break/collapse due to collision with other FWT,,项目/功能；潜在失效模式；发生度(O)；潜在失效原因/机理,69,
486,486,Full-ΣMi残差模型,M1+M2+M3+M4,故障原因诊断类,项目失效现象发生度查原因,项目范围原因查询,,,中等,结合项目/功能“Floating support structure / Floating Support structure / All structures”，当“Hit by dropped objects”的发生度O为1.67时，故障原因/机理是哪一项？,Environmental condition; Typhoon can cause failure of the floating unit if it gets hit by dropping objects. (eg. damaged blade)(strong wind/wave),Environmental condition; Typhoon can cause failure of the floating unit if it gets hit by dropping objects. (eg. damaged blade)(strong wind/wave),正确,1.0,733.49,语义RAG,1.0,1.0,0,,3,,,,,,Environmental condition; Typhoon can cause failure of the floating unit if it gets hit by dropping objects. (eg. damaged blade)(strong wind/wave),,项目/功能；潜在失效模式；发生度(O)；潜在失效原因/机理,70,
487,487,Full-ΣMi残差模型,M1+M2+M3+M4,故障原因诊断类,项目失效现象发生度查原因,项目范围原因查询,,,中等,结合项目/功能“Floating support structure / Floating Support structure / All structures”，当“Structural break”的发生度O为2.33时，故障原因/机理是哪一项？,Design; Underdesigned structure/Component due to insufficient environmental data,Insufficient structural strength due to ship collision,错误,0.0,548.49,语义RAG,0.3333,0.0,0,,3,Design; Underdesigned structure/Component due to insufficient environmental data,,,,,Design; Underdesigned structure/Component due to insufficient environmental data,,项目/功能；潜在失效模式；发生度(O)；潜在失效原因/机理,71,
488,488,Full-ΣMi残差模型,M1+M2+M3+M4,故障原因诊断类,项目失效现象发生度查原因,项目范围原因查询,,,中等,结合项目/功能“Floating support structure / Floating Support structure / All structures & Welding”，当“Structural break”的发生度O为2.33时，故障原因/机理是哪一项？,Maintenance; Undetected defects due to poor quality control,Insufficient structural strength due to ship collision,错误,0.0,368.35,语义RAG,0.0,0.0,0,,3,Maintenance; Undetected defects due to poor quality control,,,,,Maintenance; Undetected defects due to poor quality control,,项目/功能；潜在失效模式；发生度(O)；潜在失效原因/机理,72,
489,489,Full-ΣMi残差模型,M1+M2+M3+M4,故障原因诊断类,项目失效现象发生度查原因,项目范围原因查询,,,中等,结合项目/功能“Floating support structure / Floating Support structure / Secondary structure & Welding”，当“Watertight fault”的发生度O为2.33时，故障原因/机理是哪一项？,Manufacturing and Installation; Ventilation heads/Manholes failure due to Manufacturing defect/Welding defect,Maintenance; Insufficient structural strength due to ship collision [11],错误,0.0,553.32,语义RAG,0.6667,1.0,0,,3,Manufacturing and Installation; Ventilation heads/Manholes failure due to Manufacturing defect/Welding defect,,,,,Manufacturing and Installation; Ventilation heads/Manholes failure due to Manufacturing defect/Welding defect,,项目/功能；潜在失效模式；发生度(O)；潜在失效原因/机理,73,
490,490,Full-ΣMi残差模型,M1+M2+M3+M4,故障原因诊断类,项目失效现象发生度查原因,项目范围原因查询,,,中等,结合项目/功能“Floating support structure / Floating Support structure / Welding”，当“Cracks”的发生度O为3时，故障原因/机理是哪一项？,Manufacturing; Welding failure,Environmental condition; Extreme horizontal oscillatory force,错误,0.0,533.84,语义RAG,0.6667,0.0,0,,3,Manufacturing; Welding failure,,,,,Manufacturing; Welding failure,,项目/功能；潜在失效模式；发生度(O)；潜在失效原因/机理,74,
491,491,Full-ΣMi残差模型,M1+M2+M3+M4,故障原因诊断类,项目失效现象发生度查原因,项目范围原因查询,,,中等,结合项目/功能“Station keeping / Anchor”，当“Anchor failure”的发生度O为2.2时，故障原因/机理是哪一项？,Operation; Abnormal working conditions,Operation; Cyclic degradation,错误,0.0,519.65,语义RAG,1.0,1.0,0,,3,Operation; Abnormal working conditions,,,,,Operation; Abnormal working conditions,,项目/功能；潜在失效模式；发生度(O)；潜在失效原因/机理,75,
492,492,Full-ΣMi残差模型,M1+M2+M3+M4,故障原因诊断类,项目失效现象发生度查原因,项目范围原因查询,,,中等,结合项目/功能“Station keeping / Mooring Lines / Buoyancy element”，当“Failure in buoyancy element”的发生度O为3时，故障原因/机理是哪一项？,Operation,Operation,正确,1.0,432.64,语义RAG,0.6667,1.0,0,,3,,,,,,Operation,,项目/功能；潜在失效模式；发生度(O)；潜在失效原因/机理,77,
493,493,Full-ΣMi残差模型,M1+M2+M3+M4,故障原因诊断类,项目失效现象发生度查原因,项目范围原因查询,,,中等,结合项目/功能“Station keeping / Mooring Lines / Clump weight”，当“Failure in clump weight”的发生度O为2.75时，故障原因/机理是哪一项？,Operation,Operation,正确,1.0,415.7,语义RAG,0.6667,1.0,0,,3,,,,,,Operation,,项目/功能；潜在失效模式；发生度(O)；潜在失效原因/机理,78,
494,494,Full-ΣMi残差模型,M1+M2+M3+M4,故障原因诊断类,项目失效现象发生度查原因,项目范围原因查询,,,中等,结合项目/功能“Station keeping / Fairlead”，当“Fairlead failure”的发生度O为2.8时，故障原因/机理是哪一项？,Operation; Fairlead fatigue,根据上下文，没有找到与“Station keeping / Fairlead”及“Fairlead failure”相关的信息。因此无法回答此问题。,错误,0.0,729.43,语义RAG,0.0,0.0,0,,3,Operation; Fairlead fatigue,,,,,Operation; Fairlead fatigue,,项目/功能；潜在失效模式；发生度(O)；潜在失效原因/机理,79,
495,495,Full-ΣMi残差模型,M1+M2+M3+M4,故障原因诊断类,项目失效现象发生度查原因,项目范围原因查询,,,中等,结合项目/功能“Station keeping / Monitoring System”，当“Monitoring system fails”的发生度O为3.2时，故障原因/机理是哪一项？,Operation,"根据上下文，没有直接提到“Monitoring system fails”的情况。最接近的是失效模式 `Anchor failure [1], [17]`，其失效原因是 `Operation; Cyclic degradation` 和 `Operation; Abnormal working conditions`。 由于问题中提到的发生度O为3.2与现有数据中的发生度（2.2）不完全匹配，且没有直接对应“Monitoring system fails”的信息。因此无法给出确切答案。 结合现有信息，“Station keeping / Monitoring System”相关的失效模式及其原因如下： - 失效模式：Anchor failure [1], [17] - 故障原因/机理：Operation; Cyclic degradation 和 Operation; Abnormal working conditions",正确,1.0,1509.64,语义RAG,0.0,1.0,0,,3,,,,,,Operation,,项目/功能；潜在失效模式；发生度(O)；潜在失效原因/机理,81,
496,496,Full-ΣMi残差模型,M1+M2+M3+M4,故障原因诊断类,项目失效现象发生度查原因,项目范围原因查询,,,中等,结合项目/功能“Station keeping / Mooring Lines / Mooring lines”，当“Mooring line breakage”的发生度O为2.4时，故障原因/机理是哪一项？,Manufacturing; Poor splice quality/ workmanship/qualification,Environmental condition; Abnormal stress due to mooring lines wear caused by unexpected seismic loads/ The tension overpassing the limit value can cause the mooring line to instantaneously break [18],错误,0.0,776.58,语义RAG,0.6667,0.0,0,,3,Manufacturing; Poor splice quality/ workmanship/qualification,,,,,Manufacturing; Poor splice quality/ workmanship/qualification,,项目/功能；潜在失效模式；发生度(O)；潜在失效原因/机理,82,
497,497,Full-ΣMi残差模型,M1+M2+M3+M4,故障原因诊断类,项目失效现象发生度查原因,项目范围原因查询,,,中等,结合项目/功能“Station keeping / Mooring Lines / Mooring lines”，当“Mooring line breakage”的发生度O为2时，故障原因/机理是哪一项？,Environmental condition; Abnormal stress due to mooring lines wear caused by unexpected seismic loads/ The tension overpassing the limit value can cause the mooring line to instantaneously break [18],Environmental condition; Abnormal stress due to mooring lines wear caused by unexpected seismic loads/ The tension overpassing the limit value can cause the mooring line to instantaneously break [18],正确,1.0,618.81,语义RAG,0.6667,1.0,0,,3,,,18.0,,,Environmental condition; Abnormal stress due to mooring lines wear caused by unexpected seismic loads/ The tension overpassing the limit value can cause the mooring line to instantaneously break [18],,项目/功能；潜在失效模式；发生度(O)；潜在失效原因/机理,83,
498,498,Full-ΣMi残差模型,M1+M2+M3+M4,故障原因诊断类,项目失效现象发生度查原因,项目范围原因查询,,,中等,结合项目/功能“Station keeping / Mooring Lines / Mooring lines”，当“Mooring Line Corrosion”的发生度O为2.8时，故障原因/机理是哪一项？,Maintenance; Mooring lines corrosion due to improper maintenance of the corroded components,Manufacturing,错误,0.0,634.49,语义RAG,0.3333,1.0,0,,3,Maintenance; Mooring lines corrosion due to improper maintenance of the corroded components,,,,,Maintenance; Mooring lines corrosion due to improper maintenance of the corroded components,,项目/功能；潜在失效模式；发生度(O)；潜在失效原因/机理,85,
499,499,Full-ΣMi残差模型,M1+M2+M3+M4,故障原因诊断类,项目失效现象发生度查原因,项目范围原因查询,,,中等,结合项目/功能“Station keeping / Mooring Lines / Mooring lines”，当“Mooring Line Fatigue”的发生度O为2.8时，故障原因/机理是哪一项？,"Maintenance; Mooring line fatigue due to Lack of proper maintenance, including inspection, monitoring, and replacement of the mooring lines.","Operation; Mooring line fatigue due to Improper operational procedures, such as excessive loading, bending or twisting.",错误,0.0,488.55,语义RAG,0.3333,1.0,0,,3,"Maintenance; Mooring line fatigue due to Lack of proper maintenance, including inspection, monitoring, and replacement of the mooring lines.",,,,,"Maintenance; Mooring line fatigue due to Lack of proper maintenance, including inspection, monitoring, and replacement of the mooring lines.",,项目/功能；潜在失效模式；发生度(O)；潜在失效原因/机理,86,
500,500,Full-ΣMi残差模型,M1+M2+M3+M4,故障原因诊断类,项目失效现象发生度查原因,项目范围原因查询,,,中等,结合项目/功能“Station keeping / Mooring Lines / Mooring lines”，当“Mooring Line Fatigue”的发生度O为3时，故障原因/机理是哪一项？,"Operation; Mooring line fatigue due to Improper operational procedures, such as excessive loading, bending or twisting.","Maintenance; Mooring line fatigue due to Lack of proper maintenance, including inspection, monitoring, and replacement of the mooring lines.",错误,0.0,562.6,语义RAG,0.6667,1.0,0,,3,"Operation; Mooring line fatigue due to Improper operational procedures, such as excessive loading, bending or twisting.",,,,,"Operation; Mooring line fatigue due to Improper operational procedures, such as excessive loading, bending or twisting.",,项目/功能；潜在失效模式；发生度(O)；潜在失效原因/机理,87,
501,501,Full-ΣMi残差模型,M1+M2+M3+M4,故障措施推荐类,项目失效现象查措施,故障措施查询,,,简单,在项目/功能“Tower / Tower / Primary steelwork”中，失效模式“Cracks”建议采取什么措施？,High-fidelity coupled aero-hydro-elastic simulation in design updates; Thicker shell sections / local reinforcement,-,错误,0.0,425.99,语义RAG,1.0,0.0,0,,3,High-fidelity coupled aero-hydro-elastic simulation in design updates; Thicker shell sections / local reinforcement,,,,,High-fidelity coupled aero-hydro-elastic simulation in design updates; Thicker shell sections / local reinforcement,,项目/功能；潜在失效模式；建议措施,4,
502,502,Full-ΣMi残差模型,M1+M2+M3+M4,故障措施推荐类,项目失效现象查措施,故障措施查询,,,简单,在项目/功能“Tower / Tower / Primary steelwork”中，失效模式“Plastic deformation”建议采取什么措施？,Operational limits & control strategies for extreme motions; Blade–tower clearance and control optimization for extreme motions; High-fidelity coupled aero-hydro-elastic simulation in design updates,建议措施 / RecommendedAction / action / 怎么处理 / 咋处理: Operational limits & control strategies for extreme motions; Blade–tower clearance and control optimization for extreme motions; High-fidelity coupled aero-hydro-elastic simulation in design updates,正确,1.0,893.29,语义RAG,0.6667,1.0,0,,3,,,,,,Operational limits & control strategies for extreme motions; Blade–tower clearance and control optimization for extreme motions; High-fidelity coupled aero-hydro-elastic simulation in design updates,,项目/功能；潜在失效模式；建议措施,22,
503,503,Full-ΣMi残差模型,M1+M2+M3+M4,故障措施推荐类,项目失效现象查措施,故障措施查询,,,简单,在项目/功能“Transition piece / Transition Piece / Primary structure & welding”中，失效模式“Transition piece break”建议采取什么措施？,"Interface redesign to reduce stress concentrations (fillets, radii); High-fidelity coupled analysis of TP–tower–floater interaction; Improve engineering skills","SHM for TP connections (strain gauges, acoustic emission, bolt preload monitoring); Welding quality assurance and NDT enhancement (phased-array UT)",错误,0.0,711.39,语义RAG,0.6667,1.0,0,,3,"Interface redesign to reduce stress concentrations (fillets, radii); High-fidelity coupled analysis of TP–tower–floater interaction; Improve engineering skills",,,,,"Interface redesign to reduce stress concentrations (fillets, radii); High-fidelity coupled analysis of TP–tower–floater interaction; Improve engineering skills",,项目/功能；潜在失效模式；建议措施,24,
504,504,Full-ΣMi残差模型,M1+M2+M3+M4,故障措施推荐类,项目失效现象查措施,故障措施查询,,,简单,在项目/功能“Transition piece / Transition Piece / Primary structure”中，失效模式“Transition piece break”建议采取什么措施？,"SHM for TP connections (strain gauges, acoustic emission, bolt preload monitoring); Design requalification for extreme storms (updated metocean; load cases); -","SHM for TP connections (strain gauges, acoustic emission, bolt preload monitoring); Welding quality assurance and NDT enhancement (phased-array UT) Interface redesign to reduce stress concentrations (fillets, radii); High-fidelity coupled analysis of TP–tower–floater interaction; Improve engineering skills SHM for TP connections (strain gauges, acoustic emission, bolt preload monitoring); Design requalification for extreme storms (updated metocean; load cases)",正确,1.0,1149.41,语义RAG,1.0,1.0,0,,3,,,,,,"SHM for TP connections (strain gauges, acoustic emission, bolt preload monitoring); Design requalification for extreme storms (updated metocean; load cases); -",,项目/功能；潜在失效模式；建议措施,25,
505,505,Full-ΣMi残差模型,M1+M2+M3+M4,故障措施推荐类,项目失效现象查措施,故障措施查询,,,简单,在项目/功能“Transition piece / Transition Piece / Primary stucture”中，失效模式“Structural plastic deformation”建议采取什么措施？,"SHM for TP connections (strain gauges, acoustic emission, bolt preload monitoring); Design requalification for extreme storms (updated metocean; load cases); High-fidelity coupled analysis of TP–tower–floater interaction; -",建议措施 / RecommendedAction / action / 怎么处理 / 咋处理: -,错误,0.0,611.3,语义RAG,1.0,0.0,0,,3,"SHM for TP connections (strain gauges, acoustic emission, bolt preload monitoring); Design requalification for extreme storms (updated metocean; load cases); High-fidelity coupled analysis of TP–tower–floater interaction; -",,,,,"SHM for TP connections (strain gauges, acoustic emission, bolt preload monitoring); Design requalification for extreme storms (updated metocean; load cases); High-fidelity coupled analysis of TP–tower–floater interaction; -",,项目/功能；潜在失效模式；建议措施,26,
506,506,Full-ΣMi残差模型,M1+M2+M3+M4,故障措施推荐类,项目失效现象查措施,故障措施查询,,,简单,在项目/功能“Transition piece / Transition Piece / Primary structure & welding”中，失效模式“Cracks”建议采取什么措施？,Design requalification for extreme storms (updated metocean; load cases); High-fidelity coupled aero-hydro-elastic simulation in design updates,-,错误,0.0,449.81,语义RAG,1.0,0.0,0,,3,Design requalification for extreme storms (updated metocean; load cases); High-fidelity coupled aero-hydro-elastic simulation in design updates,,,,,Design requalification for extreme storms (updated metocean; load cases); High-fidelity coupled aero-hydro-elastic simulation in design updates,,项目/功能；潜在失效模式；建议措施,32,
507,507,Full-ΣMi残差模型,M1+M2+M3+M4,故障措施推荐类,项目失效现象查措施,故障措施查询,,,简单,在项目/功能“Floating support structure / Floating Support structure / All structures”中，失效模式“Capsize”建议采取什么措施？,Expanded design load cases (including typhoon/hurricane scenarios); Freeboard margin increase and water-tight compartmentalization; Improve engineering skills,你询问的失效模式“Capsize”并未出现在提供的上下文中，因此无法根据现有信息给出对应的建议措施。根据上下文中的内容，“Floating support structure / Floating Support structure / All structures”这块区域涉及的失效模式是“Structural plastic deformation [11]”，其建议措施为空。 若需了解其他相关失效模式及其建议措施，请提供正确的失效模式名称或相关信息。,错误,0.0,1161.08,语义RAG,0.3333,0.0,0,,3,Expanded design load cases (including typhoon/hurricane scenarios); Freeboard margin increase and water-tight compartmentalization; Improve engineering skills,,,,,Expanded design load cases (including typhoon/hurricane scenarios); Freeboard margin increase and water-tight compartmentalization; Improve engineering skills,,项目/功能；潜在失效模式；建议措施,45,
508,508,Full-ΣMi残差模型,M1+M2+M3+M4,故障措施推荐类,项目失效现象查措施,故障措施查询,,,简单,在项目/功能“Floating support structure / Floating Support structure / Primary structure”中，失效模式“Capsize”建议采取什么措施？,Expanded design load cases (including typhoon/hurricane scenarios); -; Improved engineering skills,不知道。上下文中的“Floating support structure / Floating Support structure / Primary structure”没有提到失效模式为“Capsize”的相关信息。,错误,0.0,565.15,语义RAG,0.0,0.0,0,,3,Expanded design load cases (including typhoon/hurricane scenarios); -; Improved engineering skills,,,,,Expanded design load cases (including typhoon/hurricane scenarios); -; Improved engineering skills,,项目/功能；潜在失效模式；建议措施,46,
509,509,Full-ΣMi残差模型,M1+M2+M3+M4,故障措施推荐类,项目失效现象查措施,故障措施查询,,,简单,在项目/功能“Floating support structure / Floating Support structure / All structures”中，失效模式“Structural break”建议采取什么措施？,Expanded design load cases (including typhoon/hurricane scenarios); -,在这个情况下，并没有提到“Structural break”这一失效模式。根据提供的上下文，“Floating support structure / Floating Support structure / All structures”这块的失效模式是“Structural plastic deformation [11]”，其建议措施为空。 若要回答与问题最直接相关的内容，答案为：无建议措施。,错误,0.0,976.51,语义RAG,0.3333,0.0,0,,3,Expanded design load cases (including typhoon/hurricane scenarios); -,,,,,Expanded design load cases (including typhoon/hurricane scenarios); -,,项目/功能；潜在失效模式；建议措施,49,
510,510,Full-ΣMi残差模型,M1+M2+M3+M4,故障措施推荐类,项目失效现象查措施,故障措施查询,,,简单,在项目/功能“Floating support structure / Floating Support structure / Secondary structure”中，失效模式“Additional Structures Failures”建议采取什么措施？,Freeboard margin increase and water-tight compartmentalization; -; Expanded design load cases (including typhoon/hurricane scenarios); Improved cable mechnical design,根据上下文，项目/功能“Floating support structure / Floating Support structure / Secondary structure”中并没有出现失效模式为“Additional Structures Failures”的情况。因此，没有相应的建议措施。 答案：无相关建议措施。,错误,0.0,760.47,语义RAG,0.6667,0.0,0,,3,Freeboard margin increase and water-tight compartmentalization; -; Expanded design load cases (including typhoon/hurricane scenarios); Improved cable mechnical design,,,,,Freeboard margin increase and water-tight compartmentalization; -; Expanded design load cases (including typhoon/hurricane scenarios); Improved cable mechnical design,,项目/功能；潜在失效模式；建议措施,50,
511,511,Full-ΣMi残差模型,M1+M2+M3+M4,故障措施推荐类,项目失效现象查措施,故障措施查询,,,简单,在项目/功能“Floating support structure / Floating Support structure / Primary structure & Welding”中，失效模式“Capsize”建议采取什么措施？,"Expanded design load cases (including typhoon/hurricane scenarios); Operational limits: weather windows, alarm thresholds for motions; Resonance avoidance via structural tuning/damping",不知道。上下文中的“Primary structure & Welding”对应的失效模式为“Cracks”，但没有找到“Capsize”的相关信息。,错误,0.0,623.2,语义RAG,0.0,0.0,0,,3,"Expanded design load cases (including typhoon/hurricane scenarios); Operational limits: weather windows, alarm thresholds for motions; Resonance avoidance via structural tuning/damping",,,,,"Expanded design load cases (including typhoon/hurricane scenarios); Operational limits: weather windows, alarm thresholds for motions; Resonance avoidance via structural tuning/damping",,项目/功能；潜在失效模式；建议措施,52,
512,512,Full-ΣMi残差模型,M1+M2+M3+M4,故障措施推荐类,项目失效现象查措施,故障措施查询,,,简单,在项目/功能“Floating support structure / Floating Support structure / Primary structure & Welding”中，失效模式“Cracks”建议采取什么措施？,Expanded design load cases (including typhoon/hurricane scenarios); Resonance avoidance via structural tuning/damping; High-fidelity coupled aero-hydro-elastic simulation in design updates,-,错误,0.0,320.25,语义RAG,0.3333,0.0,0,,3,Expanded design load cases (including typhoon/hurricane scenarios); Resonance avoidance via structural tuning/damping; High-fidelity coupled aero-hydro-elastic simulation in design updates,,,,,Expanded design load cases (including typhoon/hurricane scenarios); Resonance avoidance via structural tuning/damping; High-fidelity coupled aero-hydro-elastic simulation in design updates,,项目/功能；潜在失效模式；建议措施,53,
513,513,Full-ΣMi残差模型,M1+M2+M3+M4,故障措施推荐类,项目失效现象查措施,故障措施查询,,,简单,在项目/功能“Floating support structure / Floating Support structure / Secondary structure”中，失效模式“Floater unit sinkage”建议采取什么措施？,Ballast redundancy and automated ballast management; Freeboard margin increase and water-tight compartmentalization; Expanded design load cases (including typhoon/hurricane scenarios),建议措施 / RecommendedAction / action / 怎么处理 / 咋处理: Ballast redundancy and automated ballast management; Freeboard margin increase and water-tight compartmentalization; Expanded design load cases (including typhoon/hurricane scenarios),正确,1.0,915.13,语义RAG,1.0,1.0,0,,3,,,,,,Ballast redundancy and automated ballast management; Freeboard margin increase and water-tight compartmentalization; Expanded design load cases (including typhoon/hurricane scenarios),,项目/功能；潜在失效模式；建议措施,58,
514,514,Full-ΣMi残差模型,M1+M2+M3+M4,故障措施推荐类,项目失效现象查措施,故障措施查询,,,简单,在项目/功能“Floating support structure / Floating Support structure / Primary structure & Welding”中，失效模式“Structural break”建议采取什么措施？,"Operational limits: weather windows, alarm thresholds for motions; Other- Specify; Expanded design load cases (including typhoon/hurricane scenarios); Better understanding of temperature ranges",根据上下文，没有找到与“Floating support structure / Floating Support structure / Primary structure & Welding”和失效模式“Structural break”相关的信息。因此，无法提供具体的建议措施。,错误,0.0,802.17,语义RAG,0.0,0.0,0,,3,"Operational limits: weather windows, alarm thresholds for motions; Other- Specify; Expanded design load cases (including typhoon/hurricane scenarios); Better understanding of temperature ranges",,,,,"Operational limits: weather windows, alarm thresholds for motions; Other- Specify; Expanded design load cases (including typhoon/hurricane scenarios); Better understanding of temperature ranges",,项目/功能；潜在失效模式；建议措施,68,
515,515,Full-ΣMi残差模型,M1+M2+M3+M4,故障措施推荐类,项目失效现象查措施,故障措施查询,,,简单,在项目/功能“Floating support structure / Floating Support structure / All structures”中，失效模式“Floater unit sinkage”建议采取什么措施？,"Operational limits: weather windows, alarm thresholds for motions; -; Expanded design load cases (including typhoon/hurricane scenarios); Freeboard margin increase and water-tight compartmentalization",建议措施 / RecommendedAction / action / 怎么处理 / 咋处理: Ballast redundancy and automated ballast management; Freeboard margin increase and water-tight compartmentalization; Expanded design load cases (including typhoon/hurricane scenarios),错误,0.0,876.72,语义RAG,1.0,1.0,0,,3,"Operational limits: weather windows, alarm thresholds for motions; -; Expanded design load cases (including typhoon/hurricane scenarios); Freeboard margin increase and water-tight compartmentalization",,,,,"Operational limits: weather windows, alarm thresholds for motions; -; Expanded design load cases (including typhoon/hurricane scenarios); Freeboard margin increase and water-tight compartmentalization",,项目/功能；潜在失效模式；建议措施,69,
516,516,Full-ΣMi残差模型,M1+M2+M3+M4,故障措施推荐类,项目失效现象查措施,故障措施查询,,,简单,在项目/功能“Floating support structure / Floating Support structure / All structures”中，失效模式“Hit by dropped objects”建议采取什么措施？,Expanded design load cases (including typhoon/hurricane scenarios); High-fidelity coupled aero-hydro-elastic simulation in design updates; -,建议措施 / RecommendedAction / action / 怎么处理 / 咋处理: Expanded design load cases (including typhoon/hurricane scenarios); High-fidelity coupled aero-hydro-elastic simulation in design updates; -,正确,1.0,848.51,语义RAG,1.0,1.0,0,,3,,,,,,Expanded design load cases (including typhoon/hurricane scenarios); High-fidelity coupled aero-hydro-elastic simulation in design updates; -,,项目/功能；潜在失效模式；建议措施,70,
517,517,Full-ΣMi残差模型,M1+M2+M3+M4,故障措施推荐类,项目失效现象查措施,故障措施查询,,,简单,在项目/功能“Floating support structure / Floating Support structure / All structures & Welding”中，失效模式“Structural break”建议采取什么措施？,"Operational limits: weather windows, alarm thresholds for motions; Other- Specify; -; Welding quality assurance and NDT enhancement (phased-array UT)",根据上下文，没有找到编号为 FF15 的失效模式 “Structural break”的相关信息。因此，无法提供具体的建议措施。,错误,0.0,688.01,语义RAG,0.0,0.0,0,,3,"Operational limits: weather windows, alarm thresholds for motions; Other- Specify; -; Welding quality assurance and NDT enhancement (phased-array UT)",,,,,"Operational limits: weather windows, alarm thresholds for motions; Other- Specify; -; Welding quality assurance and NDT enhancement (phased-array UT)",,项目/功能；潜在失效模式；建议措施,72,
518,518,Full-ΣMi残差模型,M1+M2+M3+M4,故障措施推荐类,项目失效现象查措施,故障措施查询,,,简单,在项目/功能“Station keeping / Anchor”中，失效模式“Anchor failure”建议采取什么措施？,"Continuous tension and vibration monitoring; thresholds for intervention; Procedural controls: load management, operational envelopes; Better design by expanded load case matrix including more failure modes; -","Continuous tension and vibration monitoring; thresholds for intervention; Procedural controls: load management, operational envelopes; Better design by expanded load case matrix including more failure modes; -",正确,1.0,749.15,语义RAG,1.0,1.0,0,,3,,,,,,"Continuous tension and vibration monitoring; thresholds for intervention; Procedural controls: load management, operational envelopes; Better design by expanded load case matrix including more failure modes; -",,项目/功能；潜在失效模式；建议措施,75,
519,519,Full-ΣMi残差模型,M1+M2+M3+M4,故障措施推荐类,项目失效现象查措施,故障措施查询,,,简单,在项目/功能“Station keeping / Fairlead”中，失效模式“Fairlead failure”建议采取什么措施？,Continuous tension and vibration monitoring; thresholds for intervention; Fairlead geometry improvements and low-wear lining; Optimized chain/wire/rope selection and fatigue margins (design); -,"根据上下文，提供的项目/功能是“Station keeping / Anchor (AC)”，而不是“Station keeping / Fairlead”，且失效模式也是“Anchor failure [1], [17]”，而非“Fairlead failure”。因此，没有直接针对“Station keeping / Fairlead”和“Fairlead failure”的建议措施信息。 根据提供的信息，“Station keeping / Anchor (AC)”的失效模式“Anchor failure [1], [17]”的建议措施为： - Continuous tension and vibration monitoring; thresholds for intervention; - Procedural controls: load management, operational envelopes; - Better design by expanded load case matrix including more failure modes; -",错误,0.0,1376.44,语义RAG,0.0,0.0,0,,3,Continuous tension and vibration monitoring; thresholds for intervention; Fairlead geometry improvements and low-wear lining; Optimized chain/wire/rope selection and fatigue margins (design); -,,,,,Continuous tension and vibration monitoring; thresholds for intervention; Fairlead geometry improvements and low-wear lining; Optimized chain/wire/rope selection and fatigue margins (design); -,,项目/功能；潜在失效模式；建议措施,79,
520,520,Full-ΣMi残差模型,M1+M2+M3+M4,故障措施推荐类,项目失效现象查措施,故障措施查询,,,简单,在项目/功能“Station keeping / Mooring Lines / Mooring lines”中，失效模式“Mooring line breakage”建议采取什么措施？,ROV visual inspections; targeted maintenance on wear zones; Diversity in materials/vendors to reduce common-cause risks; -,Continuous tension and vibration monitoring; thresholds for intervention.,错误,0.0,550.4,语义RAG,0.6667,0.0,0,,3,ROV visual inspections; targeted maintenance on wear zones; Diversity in materials/vendors to reduce common-cause risks; -,,,,,ROV visual inspections; targeted maintenance on wear zones; Diversity in materials/vendors to reduce common-cause risks; -,,项目/功能；潜在失效模式；建议措施,82,
521,521,Full-ΣMi残差模型,M1+M2+M3+M4,故障措施推荐类,项目失效现象查措施,故障措施查询,,,简单,在项目/功能“Station keeping / Mooring Lines / Mooring lines”中，失效模式“Mooring Line Corrosion”建议采取什么措施？,Continuous tension and vibration monitoring; thresholds for intervention; Optimized chain/wire/rope selection and fatigue margins (design); -,-,错误,0.0,592.22,语义RAG,0.3333,1.0,0,,3,Continuous tension and vibration monitoring; thresholds for intervention; Optimized chain/wire/rope selection and fatigue margins (design); -,,,,,Continuous tension and vibration monitoring; thresholds for intervention; Optimized chain/wire/rope selection and fatigue margins (design); -,,项目/功能；潜在失效模式；建议措施,85,
522,522,Full-ΣMi残差模型,M1+M2+M3+M4,故障措施推荐类,项目失效现象查措施,故障措施查询,,,简单,在项目/功能“Station keeping / Mooring Lines / Mooring lines”中，失效模式“Mooring Line Fatigue”建议采取什么措施？,Continuous tension and vibration monitoring; thresholds for intervention; Optimized chain/wire/rope selection and fatigue margins (design); -,建议措施 / RecommendedAction / action / 怎么处理 / 咋处理: Continuous tension and vibration monitoring; thresholds for intervention; Optimized chain/wire/rope selection and fatigue margins (design); -,正确,1.0,665.21,语义RAG,0.3333,1.0,0,,3,,,,,,Continuous tension and vibration monitoring; thresholds for intervention; Optimized chain/wire/rope selection and fatigue margins (design); -,,项目/功能；潜在失效模式；建议措施,87,
523,523,Full-ΣMi残差模型,M1+M2+M3+M4,故障措施推荐类,项目失效现象查措施,故障措施查询,,,简单,在项目/功能“Station keeping / Mooring lines / Mooring lines”中，失效模式“Mooring lines broken”建议采取什么措施？,"ROV visual inspections; targeted maintenance on wear zones; Optimized chain/wire/rope selection and fatigue margins (design); Only chain and wire above MSL, keep fiber ropes wet; -",Continuous tension and vibration monitoring; thresholds for intervention; - ROV visual inspections; targeted maintenance on wear zones; -,错误,0.0,650.52,语义RAG,0.3333,0.0,0,,3,"ROV visual inspections; targeted maintenance on wear zones; Optimized chain/wire/rope selection and fatigue margins (design); Only chain and wire above MSL, keep fiber ropes wet; -",,,,,"ROV visual inspections; targeted maintenance on wear zones; Optimized chain/wire/rope selection and fatigue margins (design); Only chain and wire above MSL, keep fiber ropes wet; -",,项目/功能；潜在失效模式；建议措施,91,
524,524,Full-ΣMi残差模型,M1+M2+M3+M4,故障措施推荐类,项目失效现象查措施,故障措施查询,,,简单,在项目/功能“Station keeping / Mooring lines / Mooring winch”中，失效模式“Mooring winch failure”建议采取什么措施？,"Continuous tension and vibration monitoring; thresholds for intervention; Procedural controls: load management, operational envelopes; -","Continuous tension and vibration monitoring; thresholds for intervention; Procedural controls: load management, operational envelopes; -",正确,1.0,658.18,语义RAG,1.0,1.0,0,,3,,,,,,"Continuous tension and vibration monitoring; thresholds for intervention; Procedural controls: load management, operational envelopes; -",,项目/功能；潜在失效模式；建议措施,96,
525,525,Full-ΣMi残差模型,M1+M2+M3+M4,故障措施推荐类,项目失效现象查措施,故障措施查询,,,简单,在项目/功能“Dynamic cable / Dynamic Cable / Dynamic Cable”中，失效模式“accelerated mechanical fatigue”建议采取什么措施？,"Monitoring: DTS/RTTR, electrical integrity tests, leak detection; Lazy-wave configuration optimization; buoyancy spacing; hang-off upgrades; -","监测：DTS/RTTR, 电气完整性测试, 泄漏检测; Lazy-wave 配置优化; 浮标间距调整; 悬挂装置升级; -",错误,0.0,743.8,语义RAG,1.0,1.0,0,,3,"Monitoring: DTS/RTTR, electrical integrity tests, leak detection; Lazy-wave configuration optimization; buoyancy spacing; hang-off upgrades; -",,,,,"Monitoring: DTS/RTTR, electrical integrity tests, leak detection; Lazy-wave configuration optimization; buoyancy spacing; hang-off upgrades; -",,项目/功能；潜在失效模式；建议措施,97,
526,526,Full-ΣMi残差模型,M1+M2+M3+M4,故障措施推荐类,项目失效现象查措施,故障措施查询,,,简单,在项目/功能“Dynamic cable / Dynamic Cable / J-tube”中，失效模式“Corrosion of J-tube”建议采取什么措施？,-; Cathodic protection; coating improvements,-; Cathodic protection; coating improvements,正确,1.0,520.66,语义RAG,1.0,1.0,0,,3,,,,,,-; Cathodic protection; coating improvements,,项目/功能；潜在失效模式；建议措施,101,
527,527,Full-ΣMi残差模型,M1+M2+M3+M4,故障措施推荐类,项目失效现象查措施,故障措施查询,,,简单,在项目/功能“Dynamic cable / Dynamic Cable / Hang-off”中，失效模式“damage and corrosion of mechanical parts”建议采取什么措施？,-; Design review; improved material selection,建议措施 / RecommendedAction / action / 怎么处理 / 咋处理: -; Design review; improved material selection,正确,1.0,634.2,语义RAG,0.6667,1.0,0,,3,,,,,,-; Design review; improved material selection,,项目/功能；潜在失效模式；建议措施,103,
528,528,Full-ΣMi残差模型,M1+M2+M3+M4,故障措施推荐类,项目失效现象查措施,故障措施查询,,,简单,在项目/功能“Dynamic cable / Dynamic Cable / Dynamic Cable”中，失效模式“Debris disturbance”建议采取什么措施？,-; Environmental protections; debris management,你提到的失效模式“Debris disturbance”并未出现在提供的上下文中。根据上下文中的信息，在“Dynamic cable / Dynamic Cable / Dynamic Cable”这个项目/功能位置下的失效模式包括： 1. 破损或变形（Crushing or deformation） 2. 电缆损伤（Cable Damage） 3. 疲劳裂纹（Fatigue Cracks） 因此，对于“Debris disturbance”，上下文中没有提供相应的建议措施。,错误,0.0,1227.43,语义RAG,1.0,0.0,1,,3,-; Environmental protections; debris management,,,,2.0,-; Environmental protections; debris management,,项目/功能；潜在失效模式；建议措施,104,
529,529,Full-ΣMi残差模型,M1+M2+M3+M4,故障措施推荐类,项目失效现象查措施,故障措施查询,,,简单,在项目/功能“Dynamic cable / Dynamic Cable / Dynamic Cable”中，失效模式“Detachment”建议采取什么措施？,-; Design review; improved material selection,你提到的失效模式“Detachment”不在提供的上下文中出现。根据给定的信息，“Dynamic cable / Dynamic Cable / Dynamic Cable”项目的失效模式包括“Fatigue Cracks”和“Crushing or deformation”，但没有关于“Detachment”的信息。 因此，我无法回答在“Dynamic cable / Dynamic Cable / Dynamic Cable”项目中，针对“Detachment”失效模式的具体建议措施。,错误,0.0,1123.43,语义RAG,0.6667,0.0,0,,3,-; Design review; improved material selection,,,,,-; Design review; improved material selection,,项目/功能；潜在失效模式；建议措施,105,
530,530,Full-ΣMi残差模型,M1+M2+M3+M4,故障措施推荐类,项目失效现象查措施,故障措施查询,,,简单,在项目/功能“Dynamic cable / Dynamic Cable / Joints and terminations”中，失效模式“Failure of end termination”建议采取什么措施？,-; Design improvements; enhanced termination QA,建议措施 / RecommendedAction / action / 怎么处理 / 咋处理: -; Design improvements; enhanced termination QA.,正确,1.0,691.9,语义RAG,0.6667,1.0,0,,3,,,,,,-; Design improvements; enhanced termination QA,,项目/功能；潜在失效模式；建议措施,107,
531,531,Full-ΣMi残差模型,M1+M2+M3+M4,故障措施推荐类,项目失效现象查措施,故障措施查询,,,简单,在项目/功能“Dynamic cable / Dynamic Cable / Dynamic Cable”中，失效模式“Failure of watertightness”建议采取什么措施？,"Installation QA/QC: pull-in tension verification, handling procedures; Watertightness assurance: enhanced sealing tests; end termination QA; -","Watertightness assurance: enhanced sealing tests; end termination QA; - Installation QA/QC: pull-in tension verification, handling procedures; Watertightness assurance: enhanced sealing tests; end termination QA; -",正确,1.0,808.18,语义RAG,1.0,1.0,0,,3,,,,,,"Installation QA/QC: pull-in tension verification, handling procedures; Watertightness assurance: enhanced sealing tests; end termination QA; -",,项目/功能；潜在失效模式；建议措施,112,
532,532,Full-ΣMi残差模型,M1+M2+M3+M4,故障措施推荐类,项目失效现象查措施,故障措施查询,,,简单,在项目/功能“Dynamic cable / Dynamic Cable / Conductor”中，失效模式“failures of conductors”建议采取什么措施？,"-; Monitoring (DTS/RTTR, electrical integrity tests)","监测 (DTS/RTTR, 电气完整性测试)。",错误,0.0,536.51,语义RAG,0.6667,1.0,0,,3,"-; Monitoring (DTS/RTTR, electrical integrity tests)",,,,,"-; Monitoring (DTS/RTTR, electrical integrity tests)",,项目/功能；潜在失效模式；建议措施,114,
533,533,Full-ΣMi残差模型,M1+M2+M3+M4,故障措施推荐类,项目失效现象查措施,故障措施查询,,,简单,在项目/功能“Dynamic cable / Dynamic Cable / Dynamic Cable”中，失效模式“Fatigue Cracks”建议采取什么措施？,"Monitoring: DTS/RTTR, electrical integrity tests, leak detection; -","监测：DTS/RTTR, 电气完整性测试, 泄漏检测；-",错误,0.0,618.08,语义RAG,0.6667,1.0,0,,3,"Monitoring: DTS/RTTR, electrical integrity tests, leak detection; -",,,,,"Monitoring: DTS/RTTR, electrical integrity tests, leak detection; -",,项目/功能；潜在失效模式；建议措施,115,
534,534,Full-ΣMi残差模型,M1+M2+M3+M4,故障措施推荐类,项目失效现象查措施,故障措施查询,,,简单,在项目/功能“Dynamic cable / Dynamic Cable / Dynamic Cable”中，失效模式“material degradation”建议采取什么措施？,"Monitoring: DTS/RTTR, electrical integrity tests, leak detection; -","Monitoring: DTS/RTTR, electrical integrity tests, leak detection; -",正确,1.0,595.73,语义RAG,0.3333,1.0,0,,3,,,,,,"Monitoring: DTS/RTTR, electrical integrity tests, leak detection; -",,项目/功能；潜在失效模式；建议措施,119,
535,535,Full-ΣMi残差模型,M1+M2+M3+M4,故障措施推荐类,项目失效现象查措施,故障措施查询,,,简单,在项目/功能“Dynamic cable / Dynamic Cable / Cable Protection System”中，失效模式“Movement of CPS due to scour/seabed mobility”建议采取什么措施？,Burial/trenching optimization; scour mitigation; as-built metrology; -,建议措施 / RecommendedAction / action / 怎么处理 / 咋处理: Burial/trenching optimization; scour mitigation; as-built metrology; -,正确,1.0,762.6,语义RAG,1.0,1.0,0,,3,,,,,,Burial/trenching optimization; scour mitigation; as-built metrology; -,,项目/功能；潜在失效模式；建议措施,122,
536,536,Full-ΣMi残差模型,M1+M2+M3+M4,故障措施推荐类,项目失效现象查措施,故障措施查询,,,简单,在项目/功能“Dynamic cable / Dynamic Cable / Static cable/Export Cable”中，失效模式“Reduced sediment cover lower than designed value for protection”建议采取什么措施？,"Burial/trenching optimization; scour mitigation; as-built metrology; Monitoring: DTS/RTTR, electrical integrity tests, leak detection; -","建议措施 - Burial/trenching optimization; scour mitigation; as-built metrology; Monitoring: DTS/RTTR, electrical integrity tests, leak detection; -",正确,1.0,714.86,语义RAG,1.0,1.0,0,,3,,,,,,"Burial/trenching optimization; scour mitigation; as-built metrology; Monitoring: DTS/RTTR, electrical integrity tests, leak detection; -",,项目/功能；潜在失效模式；建议措施,125,
537,537,Full-ΣMi残差模型,M1+M2+M3+M4,故障措施推荐类,项目失效现象查措施,故障措施查询,,,简单,在项目/功能“Dynamic cable / Dynamic Cable / Dynamic Cable”中，失效模式“Small bending radius”建议采取什么措施？,Lazy-wave configuration optimization; buoyancy spacing; hang-off upgrades; -,建议措施 / RecommendedAction / action / 怎么处理 / 咋处理: Lazy-wave configuration optimization; buoyancy spacing; hang-off upgrades; -,正确,1.0,753.95,语义RAG,1.0,1.0,0,,3,,,,,,Lazy-wave configuration optimization; buoyancy spacing; hang-off upgrades; -,,项目/功能；潜在失效模式；建议措施,128,
538,538,Full-ΣMi残差模型,M1+M2+M3+M4,故障措施推荐类,fmea_id_to_action,故障措施查询,,,中等,FMEA编号TO5的建议措施是什么？,High-fidelity coupled aero-hydro-elastic simulation in design updates; Thicker shell sections / local reinforcement,不知道。上下文中的FMEA编号没有一个是TO5的。,错误,0.0,537.34,语义RAG,0.0,0.0,0,,3,High-fidelity coupled aero-hydro-elastic simulation in design updates; Thicker shell sections / local reinforcement,,,,,High-fidelity coupled aero-hydro-elastic simulation in design updates; Thicker shell sections / local reinforcement,,FMEA编号；建议措施,4,
539,539,Full-ΣMi残差模型,M1+M2+M3+M4,故障措施推荐类,fmea_id_to_action,故障措施查询,,,简单,FMEA编号TO6这条风险，建议怎么处理？,"Enhanced SHM: acoustic emission, strain gauges, modal monitoring; -; High-fidelity coupled aero-hydro-elastic simulation in design updates; Weld detail optimization and hotspot redesign",-,错误,0.0,316.84,语义RAG,0.0,0.0,0,,3,"Enhanced SHM: acoustic emission, strain gauges, modal monitoring; -; High-fidelity coupled aero-hydro-elastic simulation in design updates; Weld detail optimization and hotspot redesign",,,,,"Enhanced SHM: acoustic emission, strain gauges, modal monitoring; -; High-fidelity coupled aero-hydro-elastic simulation in design updates; Weld detail optimization and hotspot redesign",,FMEA编号；建议措施,5,
540,540,Full-ΣMi残差模型,M1+M2+M3+M4,故障措施推荐类,fmea_id_to_action,故障措施查询,,,简单,查一下FMEA编号TO7对应的处理措施。,"Weld detail optimization and hotspot redesign; Enhanced SHM: acoustic emission, strain gauges, modal monitoring; Thicker shell sections / local reinforcement; High-fidelity coupled aero-hydro-elastic simulation in design updates",不知道。上下文中的FMEA编号分别为FF12、DC21和FF21，没有找到TO7对应的处理措施。,错误,0.0,633.69,语义RAG,0.0,0.0,0,,3,"Weld detail optimization and hotspot redesign; Enhanced SHM: acoustic emission, strain gauges, modal monitoring; Thicker shell sections / local reinforcement; High-fidelity coupled aero-hydro-elastic simulation in design updates",,,,,"Weld detail optimization and hotspot redesign; Enhanced SHM: acoustic emission, strain gauges, modal monitoring; Thicker shell sections / local reinforcement; High-fidelity coupled aero-hydro-elastic simulation in design updates",,FMEA编号；建议措施,6,
541,541,Full-ΣMi残差模型,M1+M2+M3+M4,故障措施推荐类,fmea_id_to_action,故障措施查询,,,中等,FMEA编号TO23这条FMEA记录，需要采取什么建议措施？,Operational limits & control strategies for extreme motions; Blade–tower clearance and control optimization for extreme motions; High-fidelity coupled aero-hydro-elastic simulation in design updates,不知道。上下文中的FMEA记录没有包含FMEA编号TO23的信息。,错误,0.0,585.66,语义RAG,0.0,0.0,0,,3,Operational limits & control strategies for extreme motions; Blade–tower clearance and control optimization for extreme motions; High-fidelity coupled aero-hydro-elastic simulation in design updates,,,,,Operational limits & control strategies for extreme motions; Blade–tower clearance and control optimization for extreme motions; High-fidelity coupled aero-hydro-elastic simulation in design updates,,FMEA编号；建议措施,22,
542,542,Full-ΣMi残差模型,M1+M2+M3+M4,故障措施推荐类,fmea_id_to_action,故障措施查询,,,简单,FMEA编号TP1的后续改进措施写了什么？,"Interface redesign to reduce stress concentrations (fillets, radii); High-fidelity coupled analysis of TP–tower–floater interaction; Improve engineering skills",不知道。,错误,0.0,380.96,语义RAG,0.0,0.0,0,,3,"Interface redesign to reduce stress concentrations (fillets, radii); High-fidelity coupled analysis of TP–tower–floater interaction; Improve engineering skills",,,,,"Interface redesign to reduce stress concentrations (fillets, radii); High-fidelity coupled analysis of TP–tower–floater interaction; Improve engineering skills",,FMEA编号；建议措施,24,
543,543,Full-ΣMi残差模型,M1+M2+M3+M4,故障措施推荐类,fmea_id_to_action,故障措施查询,,,简单,FMEA编号TP2的建议措施是什么？,"SHM for TP connections (strain gauges, acoustic emission, bolt preload monitoring); Design requalification for extreme storms (updated metocean; load cases); -",不知道。上下文中的FMEA编号没有TP2这个编号。,错误,0.0,376.35,语义RAG,0.0,0.0,0,,3,"SHM for TP connections (strain gauges, acoustic emission, bolt preload monitoring); Design requalification for extreme storms (updated metocean; load cases); -",,,,,"SHM for TP connections (strain gauges, acoustic emission, bolt preload monitoring); Design requalification for extreme storms (updated metocean; load cases); -",,FMEA编号；建议措施,25,
544,544,Full-ΣMi残差模型,M1+M2+M3+M4,故障措施推荐类,fmea_id_to_action,故障措施查询,,,中等,FMEA编号TP3这条风险，建议怎么处理？,"SHM for TP connections (strain gauges, acoustic emission, bolt preload monitoring); Design requalification for extreme storms (updated metocean; load cases); High-fidelity coupled analysis of TP–tower–floater interaction; -",不知道。上下文中的FMEA编号没有TP3这一条记录。,错误,0.0,424.58,语义RAG,0.0,0.0,0,,3,"SHM for TP connections (strain gauges, acoustic emission, bolt preload monitoring); Design requalification for extreme storms (updated metocean; load cases); High-fidelity coupled analysis of TP–tower–floater interaction; -",,,,,"SHM for TP connections (strain gauges, acoustic emission, bolt preload monitoring); Design requalification for extreme storms (updated metocean; load cases); High-fidelity coupled analysis of TP–tower–floater interaction; -",,FMEA编号；建议措施,26,
545,545,Full-ΣMi残差模型,M1+M2+M3+M4,故障措施推荐类,fmea_id_to_action,故障措施查询,,,简单,查一下FMEA编号TP5对应的处理措施。,High-fidelity coupled analysis of TP–tower–floater interaction; Design requalification for extreme storms (updated metocean; load cases); Improved metocean data measurements,不知道。上下文中的FMEA编号分别为FF12、DC21和FF21，没有找到编号为TP5的FMEA信息。,错误,0.0,690.51,语义RAG,0.0,0.0,0,,3,High-fidelity coupled analysis of TP–tower–floater interaction; Design requalification for extreme storms (updated metocean; load cases); Improved metocean data measurements,,,,,High-fidelity coupled analysis of TP–tower–floater interaction; Design requalification for extreme storms (updated metocean; load cases); Improved metocean data measurements,,FMEA编号；建议措施,28,
546,546,Full-ΣMi残差模型,M1+M2+M3+M4,故障措施推荐类,fmea_id_to_action,故障措施查询,,,简单,FMEA编号TP9这条FMEA记录，需要采取什么建议措施？,Design requalification for extreme storms (updated metocean; load cases); High-fidelity coupled aero-hydro-elastic simulation in design updates,不知道。上下文中的FMEA记录没有包含FMEA编号TP9的相关信息。,错误,0.0,557.52,语义RAG,0.0,0.0,0,,3,Design requalification for extreme storms (updated metocean; load cases); High-fidelity coupled aero-hydro-elastic simulation in design updates,,,,,Design requalification for extreme storms (updated metocean; load cases); High-fidelity coupled aero-hydro-elastic simulation in design updates,,FMEA编号；建议措施,32,
547,547,Full-ΣMi残差模型,M1+M2+M3+M4,故障措施推荐类,fmea_id_to_action,故障措施查询,,,中等,FMEA编号TP16的后续改进措施写了什么？,High-fidelity coupled analysis of TP–tower–floater interaction; Design requalification for extreme storms (updated metocean; load cases); High-fidelity coupled aero-hydro-elastic simulation in design updates,"你询问的是FMEA编号TP16的相关信息，但根据提供的上下文，没有找到编号为TP16的信息。因此，我无法回答这个问题。 根据现有信息，只有三个FMEA编号：DC21、DC8和FF12，并且这些建议措施字段都为空（""-""）。",错误,0.0,899.01,语义RAG,0.0,0.0,0,,3,High-fidelity coupled analysis of TP–tower–floater interaction; Design requalification for extreme storms (updated metocean; load cases); High-fidelity coupled aero-hydro-elastic simulation in design updates,,,,,High-fidelity coupled analysis of TP–tower–floater interaction; Design requalification for extreme storms (updated metocean; load cases); High-fidelity coupled aero-hydro-elastic simulation in design updates,,FMEA编号；建议措施,39,
548,548,Full-ΣMi残差模型,M1+M2+M3+M4,故障措施推荐类,fmea_id_to_action,故障措施查询,,,简单,FMEA编号TP17的建议措施是什么？,"SHM for TP connections (strain gauges, acoustic emission, bolt preload monitoring); Welding quality assurance and NDT enhancement (phased-array UT)",不知道。,错误,0.0,342.98,语义RAG,0.0,0.0,0,,3,"SHM for TP connections (strain gauges, acoustic emission, bolt preload monitoring); Welding quality assurance and NDT enhancement (phased-array UT)",,,,,"SHM for TP connections (strain gauges, acoustic emission, bolt preload monitoring); Welding quality assurance and NDT enhancement (phased-array UT)",,FMEA编号；建议措施,40,
549,549,Full-ΣMi残差模型,M1+M2+M3+M4,故障措施推荐类,fmea_id_to_action,故障措施查询,,,简单,FMEA编号FF1这条风险，建议怎么处理？,Expanded design load cases (including typhoon/hurricane scenarios); Freeboard margin increase and water-tight compartmentalization; Improve engineering skills,建议措施 / RecommendedAction / action / 怎么处理 / 咋处理: -,错误,0.0,492.35,语义RAG,0.0,0.0,0,,3,Expanded design load cases (including typhoon/hurricane scenarios); Freeboard margin increase and water-tight compartmentalization; Improve engineering skills,,,,,Expanded design load cases (including typhoon/hurricane scenarios); Freeboard margin increase and water-tight compartmentalization; Improve engineering skills,,FMEA编号；建议措施,45,
550,550,Full-ΣMi残差模型,M1+M2+M3+M4,故障措施推荐类,fmea_id_to_action,故障措施查询,,,中等,查一下FMEA编号FF2对应的处理措施。,Expanded design load cases (including typhoon/hurricane scenarios); -; Improved engineering skills,-,错误,0.0,425.76,语义RAG,0.0,0.0,0,,3,Expanded design load cases (including typhoon/hurricane scenarios); -; Improved engineering skills,,,,,Expanded design load cases (including typhoon/hurricane scenarios); -; Improved engineering skills,,FMEA编号；建议措施,46,
551,551,Full-ΣMi残差模型,M1+M2+M3+M4,故障措施推荐类,fmea_id_to_action,故障措施查询,,,简单,FMEA编号FF5这条FMEA记录，需要采取什么建议措施？,Expanded design load cases (including typhoon/hurricane scenarios); -,不知道。,错误,0.0,439.87,语义RAG,0.0,0.0,0,,3,Expanded design load cases (including typhoon/hurricane scenarios); -,,,,,Expanded design load cases (including typhoon/hurricane scenarios); -,,FMEA编号；建议措施,49,
552,552,Full-ΣMi残差模型,M1+M2+M3+M4,故障措施推荐类,fmea_id_to_action,故障措施查询,,,简单,FMEA编号FF6的后续改进措施写了什么？,Freeboard margin increase and water-tight compartmentalization; -; Expanded design load cases (including typhoon/hurricane scenarios); Improved cable mechnical design,不知道。,错误,0.0,365.59,语义RAG,0.0,0.0,0,,3,Freeboard margin increase and water-tight compartmentalization; -; Expanded design load cases (including typhoon/hurricane scenarios); Improved cable mechnical design,,,,,Freeboard margin increase and water-tight compartmentalization; -; Expanded design load cases (including typhoon/hurricane scenarios); Improved cable mechnical design,,FMEA编号；建议措施,50,
553,553,Full-ΣMi残差模型,M1+M2+M3+M4,故障措施推荐类,fmea_id_to_action,故障措施查询,,,中等,FMEA编号FF8的建议措施是什么？,"Expanded design load cases (including typhoon/hurricane scenarios); Operational limits: weather windows, alarm thresholds for motions; Resonance avoidance via structural tuning/damping",不知道。,错误,0.0,326.14,语义RAG,0.0,0.0,0,,3,"Expanded design load cases (including typhoon/hurricane scenarios); Operational limits: weather windows, alarm thresholds for motions; Resonance avoidance via structural tuning/damping",,,,,"Expanded design load cases (including typhoon/hurricane scenarios); Operational limits: weather windows, alarm thresholds for motions; Resonance avoidance via structural tuning/damping",,FMEA编号；建议措施,52,
554,554,Full-ΣMi残差模型,M1+M2+M3+M4,故障措施推荐类,fmea_id_to_action,故障措施查询,,,简单,FMEA编号FF9这条风险，建议怎么处理？,Expanded design load cases (including typhoon/hurricane scenarios); Resonance avoidance via structural tuning/damping; High-fidelity coupled aero-hydro-elastic simulation in design updates,不知道。,错误,0.0,322.44,语义RAG,0.0,0.0,0,,3,Expanded design load cases (including typhoon/hurricane scenarios); Resonance avoidance via structural tuning/damping; High-fidelity coupled aero-hydro-elastic simulation in design updates,,,,,Expanded design load cases (including typhoon/hurricane scenarios); Resonance avoidance via structural tuning/damping; High-fidelity coupled aero-hydro-elastic simulation in design updates,,FMEA编号；建议措施,53,
555,555,Full-ΣMi残差模型,M1+M2+M3+M4,故障措施推荐类,fmea_id_to_action,故障措施查询,,,简单,查一下FMEA编号FF14对应的处理措施。,Ballast redundancy and automated ballast management; Freeboard margin increase and water-tight compartmentalization; Expanded design load cases (including typhoon/hurricane scenarios),不知道。上下文中的FMEA编号分别为FF12、DC21和FF21，没有找到FF14的相关信息。,错误,0.0,661.74,语义RAG,0.0,0.0,0,,3,Ballast redundancy and automated ballast management; Freeboard margin increase and water-tight compartmentalization; Expanded design load cases (including typhoon/hurricane scenarios),,,,,Ballast redundancy and automated ballast management; Freeboard margin increase and water-tight compartmentalization; Expanded design load cases (including typhoon/hurricane scenarios),,FMEA编号；建议措施,58,
556,556,Full-ΣMi残差模型,M1+M2+M3+M4,故障措施推荐类,fmea_id_to_action,故障措施查询,,,中等,FMEA编号FF24这条FMEA记录，需要采取什么建议措施？,"Operational limits: weather windows, alarm thresholds for motions; Other- Specify; Expanded design load cases (including typhoon/hurricane scenarios); Better understanding of temperature ranges",不知道。,错误,0.0,405.8,语义RAG,0.0,0.0,0,,3,"Operational limits: weather windows, alarm thresholds for motions; Other- Specify; Expanded design load cases (including typhoon/hurricane scenarios); Better understanding of temperature ranges",,,,,"Operational limits: weather windows, alarm thresholds for motions; Other- Specify; Expanded design load cases (including typhoon/hurricane scenarios); Better understanding of temperature ranges",,FMEA编号；建议措施,68,
557,557,Full-ΣMi残差模型,M1+M2+M3+M4,故障措施推荐类,fmea_id_to_action,故障措施查询,,,简单,FMEA编号FF25的后续改进措施写了什么？,"Operational limits: weather windows, alarm thresholds for motions; -; Expanded design load cases (including typhoon/hurricane scenarios); Freeboard margin increase and water-tight compartmentalization",不知道。,错误,0.0,386.36,语义RAG,0.0,0.0,0,,3,"Operational limits: weather windows, alarm thresholds for motions; -; Expanded design load cases (including typhoon/hurricane scenarios); Freeboard margin increase and water-tight compartmentalization",,,,,"Operational limits: weather windows, alarm thresholds for motions; -; Expanded design load cases (including typhoon/hurricane scenarios); Freeboard margin increase and water-tight compartmentalization",,FMEA编号；建议措施,69,
558,558,Full-ΣMi残差模型,M1+M2+M3+M4,故障措施推荐类,fmea_id_to_action,故障措施查询,,,简单,FMEA编号FF26的建议措施是什么？,Expanded design load cases (including typhoon/hurricane scenarios); High-fidelity coupled aero-hydro-elastic simulation in design updates; -,不知道。,错误,0.0,331.95,语义RAG,0.0,0.0,0,,3,Expanded design load cases (including typhoon/hurricane scenarios); High-fidelity coupled aero-hydro-elastic simulation in design updates; -,,,,,Expanded design load cases (including typhoon/hurricane scenarios); High-fidelity coupled aero-hydro-elastic simulation in design updates; -,,FMEA编号；建议措施,70,
559,559,Full-ΣMi残差模型,M1+M2+M3+M4,故障措施推荐类,fmea_id_to_action,故障措施查询,,,中等,FMEA编号FF27这条风险，建议怎么处理？,Expanded design load cases (including typhoon/hurricane scenarios); High-fidelity coupled aero-hydro-elastic simulation in design updates,不知道。,错误,0.0,363.29,语义RAG,0.0,0.0,0,,3,Expanded design load cases (including typhoon/hurricane scenarios); High-fidelity coupled aero-hydro-elastic simulation in design updates,,,,,Expanded design load cases (including typhoon/hurricane scenarios); High-fidelity coupled aero-hydro-elastic simulation in design updates,,FMEA编号；建议措施,71,
560,560,Full-ΣMi残差模型,M1+M2+M3+M4,故障措施推荐类,fmea_id_to_action,故障措施查询,,,简单,查一下FMEA编号FF28对应的处理措施。,"Operational limits: weather windows, alarm thresholds for motions; Other- Specify; -; Welding quality assurance and NDT enhancement (phased-array UT)",不知道。上下文中的FMEA编号均为FF12、DC21和FF21，没有找到FF28的相关信息。,错误,0.0,665.87,语义RAG,0.0,0.0,0,,3,"Operational limits: weather windows, alarm thresholds for motions; Other- Specify; -; Welding quality assurance and NDT enhancement (phased-array UT)",,,,,"Operational limits: weather windows, alarm thresholds for motions; Other- Specify; -; Welding quality assurance and NDT enhancement (phased-array UT)",,FMEA编号；建议措施,72,
561,561,Full-ΣMi残差模型,M1+M2+M3+M4,故障措施推荐类,fmea_id_to_action,故障措施查询,,,简单,FMEA编号SKS1这条FMEA记录，需要采取什么建议措施？,"Continuous tension and vibration monitoring; thresholds for intervention; Procedural controls: load management, operational envelopes; Better design by expanded load case matrix including more failure modes; -",不知道。上下文中的FMEA记录没有包含FMEA编号SKS1的相关信息。,错误,0.0,583.33,语义RAG,0.0,0.0,0,,3,"Continuous tension and vibration monitoring; thresholds for intervention; Procedural controls: load management, operational envelopes; Better design by expanded load case matrix including more failure modes; -",,,,,"Continuous tension and vibration monitoring; thresholds for intervention; Procedural controls: load management, operational envelopes; Better design by expanded load case matrix including more failure modes; -",,FMEA编号；建议措施,75,
562,562,Full-ΣMi残差模型,M1+M2+M3+M4,故障措施推荐类,fmea_id_to_action,故障措施查询,,,中等,FMEA编号SKS2的后续改进措施写了什么？,"Continuous tension and vibration monitoring; thresholds for intervention; Procedural controls: load management, operational envelopes; Better design by expanded load case matrix including more failure modes; -",不知道。,错误,0.0,393.23,语义RAG,0.0,0.0,0,,3,"Continuous tension and vibration monitoring; thresholds for intervention; Procedural controls: load management, operational envelopes; Better design by expanded load case matrix including more failure modes; -",,,,,"Continuous tension and vibration monitoring; thresholds for intervention; Procedural controls: load management, operational envelopes; Better design by expanded load case matrix including more failure modes; -",,FMEA编号；建议措施,76,
563,563,Full-ΣMi残差模型,M1+M2+M3+M4,故障措施推荐类,fmea_id_to_action,故障措施查询,,,简单,FMEA编号SKS5的建议措施是什么？,Continuous tension and vibration monitoring; thresholds for intervention; Fairlead geometry improvements and low-wear lining; Optimized chain/wire/rope selection and fatigue margins (design); -,不知道。,错误,0.0,299.89,语义RAG,0.0,0.0,0,,3,Continuous tension and vibration monitoring; thresholds for intervention; Fairlead geometry improvements and low-wear lining; Optimized chain/wire/rope selection and fatigue margins (design); -,,,,,Continuous tension and vibration monitoring; thresholds for intervention; Fairlead geometry improvements and low-wear lining; Optimized chain/wire/rope selection and fatigue margins (design); -,,FMEA编号；建议措施,79,
564,564,Full-ΣMi残差模型,M1+M2+M3+M4,故障措施推荐类,fmea_id_to_action,故障措施查询,,,简单,FMEA编号SKS6这条风险，建议怎么处理？,Cathodic protection and corrosion monitoring regimes; -,不知道。上下文中的FMEA编号没有提到SKS6这个编号。,错误,0.0,416.94,语义RAG,0.0,0.0,0,,3,Cathodic protection and corrosion monitoring regimes; -,,,,,Cathodic protection and corrosion monitoring regimes; -,,FMEA编号；建议措施,80,
565,565,Full-ΣMi残差模型,M1+M2+M3+M4,故障措施推荐类,fmea_id_to_action,故障措施查询,,,中等,查一下FMEA编号SKS8对应的处理措施。,ROV visual inspections; targeted maintenance on wear zones; Diversity in materials/vendors to reduce common-cause risks; -,不知道。上下文中的FMEA编号分别为FF12、DC21和FF21，没有找到编号为SKS8的记录。,错误,0.0,704.51,语义RAG,0.0,0.0,0,,3,ROV visual inspections; targeted maintenance on wear zones; Diversity in materials/vendors to reduce common-cause risks; -,,,,,ROV visual inspections; targeted maintenance on wear zones; Diversity in materials/vendors to reduce common-cause risks; -,,FMEA编号；建议措施,82,
566,566,Full-ΣMi残差模型,M1+M2+M3+M4,故障措施推荐类,fmea_id_to_action,故障措施查询,,,简单,FMEA编号SKS9这条FMEA记录，需要采取什么建议措施？,Continuous tension and vibration monitoring; thresholds for intervention; -,不知道。上下文中的FMEA记录没有包含FMEA编号SKS9的相关信息。,错误,0.0,565.55,语义RAG,0.0,0.0,0,,3,Continuous tension and vibration monitoring; thresholds for intervention; -,,,,,Continuous tension and vibration monitoring; thresholds for intervention; -,,FMEA编号；建议措施,83,
567,567,Full-ΣMi残差模型,M1+M2+M3+M4,故障措施推荐类,fmea_id_to_action,故障措施查询,,,简单,FMEA编号SKS10的后续改进措施写了什么？,Continuous tension and vibration monitoring; thresholds for intervention; -,不知道。,错误,0.0,390.06,语义RAG,0.0,0.0,0,,3,Continuous tension and vibration monitoring; thresholds for intervention; -,,,,,Continuous tension and vibration monitoring; thresholds for intervention; -,,FMEA编号；建议措施,84,
568,568,Full-ΣMi残差模型,M1+M2+M3+M4,故障措施推荐类,fmea_id_to_action,故障措施查询,,,中等,FMEA编号SKS11的建议措施是什么？,Continuous tension and vibration monitoring; thresholds for intervention; Optimized chain/wire/rope selection and fatigue margins (design); -,不知道。,错误,0.0,321.74,语义RAG,0.0,0.0,0,,3,Continuous tension and vibration monitoring; thresholds for intervention; Optimized chain/wire/rope selection and fatigue margins (design); -,,,,,Continuous tension and vibration monitoring; thresholds for intervention; Optimized chain/wire/rope selection and fatigue margins (design); -,,FMEA编号；建议措施,85,
569,569,Full-ΣMi残差模型,M1+M2+M3+M4,故障措施推荐类,fmea_id_to_action,故障措施查询,,,简单,FMEA编号SKS13这条风险，建议怎么处理？,Continuous tension and vibration monitoring; thresholds for intervention; Optimized chain/wire/rope selection and fatigue margins (design); -,这个问题中没有提到FMEA编号为SKS13的风险信息，因此无法提供对应的建议措施。根据提供的上下文，只有FMEA编号分别为DC21、DC8和FF12的三条风险记录，但都没有找到编号为SKS13的信息。,错误,0.0,797.27,语义RAG,0.0,0.0,0,,3,Continuous tension and vibration monitoring; thresholds for intervention; Optimized chain/wire/rope selection and fatigue margins (design); -,,,,,Continuous tension and vibration monitoring; thresholds for intervention; Optimized chain/wire/rope selection and fatigue margins (design); -,,FMEA编号；建议措施,87,
570,570,Full-ΣMi残差模型,M1+M2+M3+M4,故障措施推荐类,fmea_id_to_action,故障措施查询,,,简单,查一下FMEA编号SKS17对应的处理措施。,"ROV visual inspections; targeted maintenance on wear zones; Optimized chain/wire/rope selection and fatigue margins (design); Only chain and wire above MSL, keep fiber ropes wet; -",不知道。上下文中的FMEA编号分别为FF12、DC21和FF21，没有找到编号为SKS17的记录。,错误,0.0,631.97,语义RAG,0.0,0.0,0,,3,"ROV visual inspections; targeted maintenance on wear zones; Optimized chain/wire/rope selection and fatigue margins (design); Only chain and wire above MSL, keep fiber ropes wet; -",,,,,"ROV visual inspections; targeted maintenance on wear zones; Optimized chain/wire/rope selection and fatigue margins (design); Only chain and wire above MSL, keep fiber ropes wet; -",,FMEA编号；建议措施,91,
571,571,Full-ΣMi残差模型,M1+M2+M3+M4,故障措施推荐类,fmea_id_to_action,故障措施查询,,,中等,FMEA编号SKS18这条FMEA记录，需要采取什么建议措施？,"ROV visual inspections; targeted maintenance on wear zones; Optimized chain/wire/rope selection and fatigue margins (design); Only chain and wire above MSL, keep fiber ropes wet; -",根据上下文，FMEA编号SKS18这条FMEA记录中并没有提供具体的建议措施。因此答案是： -,错误,0.0,661.47,语义RAG,0.0,0.0,0,,3,"ROV visual inspections; targeted maintenance on wear zones; Optimized chain/wire/rope selection and fatigue margins (design); Only chain and wire above MSL, keep fiber ropes wet; -",,,,,"ROV visual inspections; targeted maintenance on wear zones; Optimized chain/wire/rope selection and fatigue margins (design); Only chain and wire above MSL, keep fiber ropes wet; -",,FMEA编号；建议措施,92,
572,572,Full-ΣMi残差模型,M1+M2+M3+M4,故障措施推荐类,fmea_id_to_action,故障措施查询,,,简单,FMEA编号SKS19的后续改进措施写了什么？,"ROV visual inspections; targeted maintenance on wear zones; Optimized chain/wire/rope selection and fatigue margins (design); Only chain and wire above MSL, keep fiber ropes wet; -",不知道。,错误,0.0,390.15,语义RAG,0.0,0.0,0,,3,"ROV visual inspections; targeted maintenance on wear zones; Optimized chain/wire/rope selection and fatigue margins (design); Only chain and wire above MSL, keep fiber ropes wet; -",,,,,"ROV visual inspections; targeted maintenance on wear zones; Optimized chain/wire/rope selection and fatigue margins (design); Only chain and wire above MSL, keep fiber ropes wet; -",,FMEA编号；建议措施,93,
573,573,Full-ΣMi残差模型,M1+M2+M3+M4,故障措施推荐类,fmea_id_to_action,故障措施查询,,,简单,FMEA编号SKS20的建议措施是什么？,ROV visual inspections; targeted maintenance on wear zones; -,不知道。,错误,0.0,323.84,语义RAG,0.0,0.0,0,,3,ROV visual inspections; targeted maintenance on wear zones; -,,,,,ROV visual inspections; targeted maintenance on wear zones; -,,FMEA编号；建议措施,94,
574,574,Full-ΣMi残差模型,M1+M2+M3+M4,故障措施推荐类,fmea_id_to_action,故障措施查询,,,中等,FMEA编号SKS22这条风险，建议怎么处理？,"Continuous tension and vibration monitoring; thresholds for intervention; Procedural controls: load management, operational envelopes; -",这个问题与提供的上下文不符，上下文中没有关于 FMEA 编号 SKS22 的信息。根据给出的三条 FMEA 证据片段，对应的 FMEA 编号分别是 DC21、DC8 和 FF12，并没有 SKS22 这个编号。因此，我无法回答这个问题。,错误,0.0,901.8,语义RAG,0.0,0.0,0,,3,"Continuous tension and vibration monitoring; thresholds for intervention; Procedural controls: load management, operational envelopes; -",,,,,"Continuous tension and vibration monitoring; thresholds for intervention; Procedural controls: load management, operational envelopes; -",,FMEA编号；建议措施,96,
575,575,Full-ΣMi残差模型,M1+M2+M3+M4,故障措施推荐类,fmea_id_to_action,故障措施查询,,,简单,查一下FMEA编号DC1对应的处理措施。,"Monitoring: DTS/RTTR, electrical integrity tests, leak detection; Lazy-wave configuration optimization; buoyancy spacing; hang-off upgrades; -",不知道。上下文中的FMEA编号均为FF12、DC21和FF21，没有找到FMEA编号为DC1的相关信息。,错误,0.0,655.42,语义RAG,0.0,0.0,0,,3,"Monitoring: DTS/RTTR, electrical integrity tests, leak detection; Lazy-wave configuration optimization; buoyancy spacing; hang-off upgrades; -",,,,,"Monitoring: DTS/RTTR, electrical integrity tests, leak detection; Lazy-wave configuration optimization; buoyancy spacing; hang-off upgrades; -",,FMEA编号；建议措施,97,
576,576,Full-ΣMi残差模型,M1+M2+M3+M4,故障措施推荐类,fmea_id_to_action,故障措施查询,,,简单,FMEA编号DC5这条FMEA记录，需要采取什么建议措施？,-; Cathodic protection; coating improvements,不知道。,错误,0.0,431.16,语义RAG,0.0,0.0,0,,3,-; Cathodic protection; coating improvements,,,,,-; Cathodic protection; coating improvements,,FMEA编号；建议措施,101,
577,577,Full-ΣMi残差模型,M1+M2+M3+M4,故障措施推荐类,fmea_id_to_action,故障措施查询,,,中等,FMEA编号DC7的后续改进措施写了什么？,-; Design review; improved material selection,不知道。,错误,0.0,387.2,语义RAG,0.0,0.0,0,,3,-; Design review; improved material selection,,,,,-; Design review; improved material selection,,FMEA编号；建议措施,103,
578,578,Full-ΣMi残差模型,M1+M2+M3+M4,故障措施推荐类,fmea_id_to_action,故障措施查询,,,简单,FMEA编号DC8的建议措施是什么？,-; Environmental protections; debris management,现行预防控制 / PreventControl: 现行探测控制 / DetectionMeasure: 建议措施 / RecommendedAction / action / 怎么处理 / 咋处理: -; Environmental protections; debris management,正确,1.0,642.77,语义RAG,0.3333,1.0,0,,3,,,,,,-; Environmental protections; debris management,,FMEA编号；建议措施,104,
579,579,Full-ΣMi残差模型,M1+M2+M3+M4,故障措施推荐类,fmea_id_to_action,故障措施查询,,,简单,FMEA编号DC9这条风险，建议怎么处理？,-; Design review; improved material selection,不知道。,错误,0.0,282.85,语义RAG,0.0,0.0,0,,3,-; Design review; improved material selection,,,,,-; Design review; improved material selection,,FMEA编号；建议措施,105,
580,580,Full-ΣMi残差模型,M1+M2+M3+M4,故障措施推荐类,fmea_id_to_action,故障措施查询,,,中等,查一下FMEA编号DC11对应的处理措施。,-; Design improvements; enhanced termination QA,不知道。上下文中的FMEA编号均为FF12、DC21和FF21，没有找到FMEA编号为DC11的相关信息。,错误,0.0,665.87,语义RAG,0.0,0.0,0,,3,-; Design improvements; enhanced termination QA,,,,,-; Design improvements; enhanced termination QA,,FMEA编号；建议措施,107,
581,581,Full-ΣMi残差模型,M1+M2+M3+M4,故障措施推荐类,fmea_id_to_action,故障措施查询,,,简单,FMEA编号DC16这条FMEA记录，需要采取什么建议措施？,"Installation QA/QC: pull-in tension verification, handling procedures; Watertightness assurance: enhanced sealing tests; end termination QA; -",不知道。,错误,0.0,458.69,语义RAG,0.0,0.0,0,,3,"Installation QA/QC: pull-in tension verification, handling procedures; Watertightness assurance: enhanced sealing tests; end termination QA; -",,,,,"Installation QA/QC: pull-in tension verification, handling procedures; Watertightness assurance: enhanced sealing tests; end termination QA; -",,FMEA编号；建议措施,112,
582,582,Full-ΣMi残差模型,M1+M2+M3+M4,故障措施推荐类,fmea_id_to_action,故障措施查询,,,简单,FMEA编号DC17的后续改进措施写了什么？,Watertightness assurance: enhanced sealing tests; end termination QA; -,不知道。,错误,0.0,342.71,语义RAG,0.0,0.0,0,,3,Watertightness assurance: enhanced sealing tests; end termination QA; -,,,,,Watertightness assurance: enhanced sealing tests; end termination QA; -,,FMEA编号；建议措施,113,
583,583,Full-ΣMi残差模型,M1+M2+M3+M4,故障措施推荐类,fmea_id_to_action,故障措施查询,,,中等,FMEA编号DC18的建议措施是什么？,"-; Monitoring (DTS/RTTR, electrical integrity tests)",不知道。,错误,0.0,338.96,语义RAG,0.0,0.0,0,,3,"-; Monitoring (DTS/RTTR, electrical integrity tests)",,,,,"-; Monitoring (DTS/RTTR, electrical integrity tests)",,FMEA编号；建议措施,114,
584,584,Full-ΣMi残差模型,M1+M2+M3+M4,故障措施推荐类,fmea_id_to_action,故障措施查询,,,简单,FMEA编号DC19这条风险，建议怎么处理？,"Monitoring: DTS/RTTR, electrical integrity tests, leak detection; -",不知道。,错误,0.0,323.42,语义RAG,0.0,0.0,0,,3,"Monitoring: DTS/RTTR, electrical integrity tests, leak detection; -",,,,,"Monitoring: DTS/RTTR, electrical integrity tests, leak detection; -",,FMEA编号；建议措施,115,
585,585,Full-ΣMi残差模型,M1+M2+M3+M4,故障措施推荐类,fmea_id_to_action,故障措施查询,,,简单,查一下FMEA编号DC23对应的处理措施。,"Monitoring: DTS/RTTR, electrical integrity tests, leak detection; -",不知道。上下文中的FMEA编号均为FF12、DC21和FF21，没有找到FMEA编号为DC23的相关信息。,错误,0.0,662.77,语义RAG,0.0,0.0,0,,3,"Monitoring: DTS/RTTR, electrical integrity tests, leak detection; -",,,,,"Monitoring: DTS/RTTR, electrical integrity tests, leak detection; -",,FMEA编号；建议措施,119,
586,586,Full-ΣMi残差模型,M1+M2+M3+M4,故障措施推荐类,fmea_id_to_action,故障措施查询,,,中等,FMEA编号DC26这条FMEA记录，需要采取什么建议措施？,Burial/trenching optimization; scour mitigation; as-built metrology; -,-,错误,0.0,444.72,语义RAG,0.0,0.0,0,,3,Burial/trenching optimization; scour mitigation; as-built metrology; -,,,,,Burial/trenching optimization; scour mitigation; as-built metrology; -,,FMEA编号；建议措施,122,
587,587,Full-ΣMi残差模型,M1+M2+M3+M4,故障措施推荐类,fmea_id_to_action,故障措施查询,,,简单,FMEA编号DC27的后续改进措施写了什么？,Burial/trenching optimization; scour mitigation; as-built metrology; -,不知道。,错误,0.0,423.18,语义RAG,0.0,0.0,0,,3,Burial/trenching optimization; scour mitigation; as-built metrology; -,,,,,Burial/trenching optimization; scour mitigation; as-built metrology; -,,FMEA编号；建议措施,123,
588,588,Full-ΣMi残差模型,M1+M2+M3+M4,故障措施推荐类,fmea_id_to_action,故障措施查询,,,简单,FMEA编号DC29的建议措施是什么？,"Burial/trenching optimization; scour mitigation; as-built metrology; Monitoring: DTS/RTTR, electrical integrity tests, leak detection; -",不知道。,错误,0.0,339.06,语义RAG,0.0,0.0,0,,3,"Burial/trenching optimization; scour mitigation; as-built metrology; Monitoring: DTS/RTTR, electrical integrity tests, leak detection; -",,,,,"Burial/trenching optimization; scour mitigation; as-built metrology; Monitoring: DTS/RTTR, electrical integrity tests, leak detection; -",,FMEA编号；建议措施,125,
589,589,Full-ΣMi残差模型,M1+M2+M3+M4,故障措施推荐类,后果查措施,后果到措施推理,,,困难,故障现象“Cracks”可能导致“Failure of whole facility and vast economic loses”，应采取哪项建议措施？,High-fidelity coupled aero-hydro-elastic simulation in design updates; Thicker shell sections / local reinforcement,-,错误,0.0,435.28,语义RAG,0.6667,0.0,0,0.0,3,High-fidelity coupled aero-hydro-elastic simulation in design updates; Thicker shell sections / local reinforcement,,,,,High-fidelity coupled aero-hydro-elastic simulation in design updates; Thicker shell sections / local reinforcement,,潜在失效后果；建议措施,4,
590,590,Full-ΣMi残差模型,M1+M2+M3+M4,故障措施推荐类,后果查措施,后果到措施推理,,,困难,故障现象“Cracks”可能导致“Potential collapse”，应采取哪项建议措施？,"Weld detail optimization and hotspot redesign; Enhanced SHM: acoustic emission, strain gauges, modal monitoring; Thicker shell sections / local reinforcement; High-fidelity coupled aero-hydro-elastic simulation in design updates",-,错误,0.0,426.27,语义RAG,0.6667,0.0,0,0.0,3,"Weld detail optimization and hotspot redesign; Enhanced SHM: acoustic emission, strain gauges, modal monitoring; Thicker shell sections / local reinforcement; High-fidelity coupled aero-hydro-elastic simulation in design updates",,,,,"Weld detail optimization and hotspot redesign; Enhanced SHM: acoustic emission, strain gauges, modal monitoring; Thicker shell sections / local reinforcement; High-fidelity coupled aero-hydro-elastic simulation in design updates",,潜在失效后果；建议措施,6,
591,591,Full-ΣMi残差模型,M1+M2+M3+M4,故障措施推荐类,后果查措施,后果到措施推理,,,困难,故障现象“Plastic deformation”可能导致“Potential collapse”，应采取哪项建议措施？,Operational limits & control strategies for extreme motions; Blade–tower clearance and control optimization for extreme motions; High-fidelity coupled aero-hydro-elastic simulation in design updates,建议措施 / RecommendedAction / action / 怎么处理 / 咋处理: Operational limits & control strategies for extreme motions; Blade–tower clearance and control optimization for extreme motions; High-fidelity coupled aero-hydro-elastic simulation in design updates,正确,1.0,894.36,语义RAG,1.0,1.0,0,1.0,3,,,,,,Operational limits & control strategies for extreme motions; Blade–tower clearance and control optimization for extreme motions; High-fidelity coupled aero-hydro-elastic simulation in design updates,,潜在失效后果；建议措施,22,
592,592,Full-ΣMi残差模型,M1+M2+M3+M4,故障措施推荐类,后果查措施,后果到措施推理,,,困难,"故障现象“Transition piece break”可能导致“Tower Unit collapse, Floater Unit damage”，应采取哪项建议措施？","Interface redesign to reduce stress concentrations (fillets, radii); High-fidelity coupled analysis of TP–tower–floater interaction; Improve engineering skills","SHM for TP connections (strain gauges, acoustic emission, bolt preload monitoring); Welding quality assurance and NDT enhancement (phased-array UT)",错误,0.0,726.66,语义RAG,1.0,1.0,0,1.0,3,"Interface redesign to reduce stress concentrations (fillets, radii); High-fidelity coupled analysis of TP–tower–floater interaction; Improve engineering skills",,,,,"Interface redesign to reduce stress concentrations (fillets, radii); High-fidelity coupled analysis of TP–tower–floater interaction; Improve engineering skills",,潜在失效后果；建议措施,24,
593,593,Full-ΣMi残差模型,M1+M2+M3+M4,故障措施推荐类,后果查措施,后果到措施推理,,,困难,"故障现象“Transition piece break”可能导致“tension failure (rupture), buckling of the transition piece/ Tower unit damage”，应采取哪项建议措施？","SHM for TP connections (strain gauges, acoustic emission, bolt preload monitoring); Design requalification for extreme storms (updated metocean; load cases); -","SHM for TP connections (strain gauges, acoustic emission, bolt preload monitoring); Design requalification for extreme storms (updated metocean; load cases); -",正确,1.0,677.75,语义RAG,0.3333,1.0,0,1.0,3,,,,,,"SHM for TP connections (strain gauges, acoustic emission, bolt preload monitoring); Design requalification for extreme storms (updated metocean; load cases); -",,潜在失效后果；建议措施,25,
594,594,Full-ΣMi残差模型,M1+M2+M3+M4,故障措施推荐类,后果查措施,后果到措施推理,,,困难,故障现象“Structural plastic deformation”可能导致“Local stress accumulation”，应采取哪项建议措施？,"SHM for TP connections (strain gauges, acoustic emission, bolt preload monitoring); Design requalification for extreme storms (updated metocean; load cases); High-fidelity coupled analysis of TP–tower–floater interaction; -","SHM for TP connections (strain gauges, acoustic emission, bolt preload monitoring); Design requalification for extreme storms (updated metocean; load cases); High-fidelity coupled analysis of TP–tower–floater interaction;",正确,1.0,845.39,语义RAG,1.0,1.0,0,1.0,3,,,,,,"SHM for TP connections (strain gauges, acoustic emission, bolt preload monitoring); Design requalification for extreme storms (updated metocean; load cases); High-fidelity coupled analysis of TP–tower–floater interaction; -",,潜在失效后果；建议措施,26,
595,595,Full-ΣMi残差模型,M1+M2+M3+M4,故障措施推荐类,后果查措施,后果到措施推理,,,困难,故障现象“Cracks”可能导致“Tower transition piece connections failure/ displacement variations between tower end”，应采取哪项建议措施？,Design requalification for extreme storms (updated metocean; load cases); High-fidelity coupled aero-hydro-elastic simulation in design updates,建议措施 / RecommendedAction / action / 怎么处理 / 咋处理: Design requalification for extreme storms (updated metocean; load cases); High-fidelity coupled aero-hydro-elastic simulation in design updates,正确,1.0,855.94,语义RAG,0.6667,1.0,0,1.0,3,,,,,,Design requalification for extreme storms (updated metocean; load cases); High-fidelity coupled aero-hydro-elastic simulation in design updates,,潜在失效后果；建议措施,32,
596,596,Full-ΣMi残差模型,M1+M2+M3+M4,故障措施推荐类,后果查措施,后果到措施推理,,,困难,"故障现象“Capsize”可能导致“Watertight fault, Potential Floater Unit sinkage”，应采取哪项建议措施？",Expanded design load cases (including typhoon/hurricane scenarios); Freeboard margin increase and water-tight compartmentalization; Improve engineering skills,建议措施 / RecommendedAction / action / 怎么处理 / 咋处理: Expanded design load cases (including typhoon/hurricane scenarios); Freeboard margin increase and water-tight compartmentalization; Improve engineering skills,正确,1.0,873.62,语义RAG,0.3333,1.0,0,1.0,3,,,,,,Expanded design load cases (including typhoon/hurricane scenarios); Freeboard margin increase and water-tight compartmentalization; Improve engineering skills,,潜在失效后果；建议措施,45,
597,597,Full-ΣMi残差模型,M1+M2+M3+M4,故障措施推荐类,后果查措施,后果到措施推理,,,困难,故障现象“Capsize”可能导致“Project cancellation”，应采取哪项建议措施？,Expanded design load cases (including typhoon/hurricane scenarios); -; Improved engineering skills,Expanded design load cases (including typhoon/hurricane scenarios); -; Improved engineering skills.,正确,1.0,583.26,语义RAG,0.6667,1.0,0,1.0,3,,,,,,Expanded design load cases (including typhoon/hurricane scenarios); -; Improved engineering skills,,潜在失效后果；建议措施,46,
598,598,Full-ΣMi残差模型,M1+M2+M3+M4,故障措施推荐类,后果查措施,后果到措施推理,,,困难,故障现象“Structural break”可能导致“Structural reassessment”，应采取哪项建议措施？,Expanded design load cases (including typhoon/hurricane scenarios); -,不知道。上下文中的失效模式和后果并未提及“Structural break”及“Structural reassessment”。,错误,0.0,690.14,语义RAG,0.0,0.0,0,0.0,3,Expanded design load cases (including typhoon/hurricane scenarios); -,,,,,Expanded design load cases (including typhoon/hurricane scenarios); -,,潜在失效后果；建议措施,49,
599,599,Full-ΣMi残差模型,M1+M2+M3+M4,故障措施推荐类,后果查措施,后果到措施推理,,,困难,故障现象“Additional Structures Failures”可能导致“Potential failure”，应采取哪项建议措施？,Freeboard margin increase and water-tight compartmentalization; -; Expanded design load cases (including typhoon/hurricane scenarios); Improved cable mechnical design,-,错误,0.0,439.29,语义RAG,0.3333,0.0,0,0.0,3,Freeboard margin increase and water-tight compartmentalization; -; Expanded design load cases (including typhoon/hurricane scenarios); Improved cable mechnical design,,,,,Freeboard margin increase and water-tight compartmentalization; -; Expanded design load cases (including typhoon/hurricane scenarios); Improved cable mechnical design,,潜在失效后果；建议措施,50,
600,600,Full-ΣMi残差模型,M1+M2+M3+M4,故障措施推荐类,后果查措施,后果到措施推理,,,困难,故障现象“Capsize”可能导致“Asset damage Energy production loss”，应采取哪项建议措施？,"Expanded design load cases (including typhoon/hurricane scenarios); Operational limits: weather windows, alarm thresholds for motions; Resonance avoidance via structural tuning/damping",不知道。上下文中的失效模式和后果并未提及“Capsize”这一故障现象，因此无法根据给定信息提供相应的建议措施。,错误,0.0,704.64,语义RAG,0.3333,0.0,0,0.0,3,"Expanded design load cases (including typhoon/hurricane scenarios); Operational limits: weather windows, alarm thresholds for motions; Resonance avoidance via structural tuning/damping",,,,,"Expanded design load cases (including typhoon/hurricane scenarios); Operational limits: weather windows, alarm thresholds for motions; Resonance avoidance via structural tuning/damping",,潜在失效后果；建议措施,52,
601,601,Full-ΣMi残差模型,M1+M2+M3+M4,故障措施推荐类,后果查措施,后果到措施推理,,,困难,故障现象“Cracks”可能导致“Structural failure”，应采取哪项建议措施？,Expanded design load cases (including typhoon/hurricane scenarios); Resonance avoidance via structural tuning/damping; High-fidelity coupled aero-hydro-elastic simulation in design updates,不知道。上下文中的故障现象和失效模式并未包含“Cracks”和“Structural failure”的相关信息。,错误,0.0,649.46,语义RAG,0.0,0.0,0,0.0,3,Expanded design load cases (including typhoon/hurricane scenarios); Resonance avoidance via structural tuning/damping; High-fidelity coupled aero-hydro-elastic simulation in design updates,,,,,Expanded design load cases (including typhoon/hurricane scenarios); Resonance avoidance via structural tuning/damping; High-fidelity coupled aero-hydro-elastic simulation in design updates,,潜在失效后果；建议措施,53,
602,602,Full-ΣMi残差模型,M1+M2+M3+M4,故障措施推荐类,后果查措施,后果到措施推理,,,困难,故障现象“Floater unit sinkage”可能导致“Potential Failure/Asset damage Energy production loss”，应采取哪项建议措施？,Ballast redundancy and automated ballast management; Freeboard margin increase and water-tight compartmentalization; Expanded design load cases (including typhoon/hurricane scenarios),Ballast redundancy and automated ballast management; Freeboard margin increase and water-tight compartmentalization; Expanded design load cases (including typhoon/hurricane scenarios),正确,1.0,756.58,语义RAG,1.0,1.0,0,1.0,3,,,,,,Ballast redundancy and automated ballast management; Freeboard margin increase and water-tight compartmentalization; Expanded design load cases (including typhoon/hurricane scenarios),,潜在失效后果；建议措施,58,
603,603,Full-ΣMi残差模型,M1+M2+M3+M4,故障措施推荐类,后果查措施,后果到措施推理,,,困难,故障现象“Structural break”可能导致“Tower collapse”，应采取哪项建议措施？,"Operational limits: weather windows, alarm thresholds for motions; Other- Specify; Expanded design load cases (including typhoon/hurricane scenarios); Better understanding of temperature ranges","建议措施 / RecommendedAction / action / 怎么处理 / 咋处理: Operational limits: weather windows, alarm thresholds for motions; Other- Specify; Expanded design load cases (including typhoon/hurricane scenarios); Better understanding of temperature ranges",正确,1.0,897.28,语义RAG,0.6667,1.0,0,1.0,3,,,,,,"Operational limits: weather windows, alarm thresholds for motions; Other- Specify; Expanded design load cases (including typhoon/hurricane scenarios); Better understanding of temperature ranges",,潜在失效后果；建议措施,68,
604,604,Full-ΣMi残差模型,M1+M2+M3+M4,故障措施推荐类,后果查措施,后果到措施推理,,,困难,"故障现象“Hit by dropped objects”可能导致“Damage to the facility, vast economic loses”，应采取哪项建议措施？",Expanded design load cases (including typhoon/hurricane scenarios); High-fidelity coupled aero-hydro-elastic simulation in design updates; -,Expanded design load cases (including typhoon/hurricane scenarios); High-fidelity coupled aero-hydro-elastic simulation in design updates; -,正确,1.0,700.16,语义RAG,1.0,1.0,0,1.0,3,,,,,,Expanded design load cases (including typhoon/hurricane scenarios); High-fidelity coupled aero-hydro-elastic simulation in design updates; -,,潜在失效后果；建议措施,70,
605,605,Full-ΣMi残差模型,M1+M2+M3+M4,故障措施推荐类,后果查措施,后果到措施推理,,,困难,"故障现象“Structural break”可能导致“Watertight fault, Potential Floater Unit sinkage”，应采取哪项建议措施？",Expanded design load cases (including typhoon/hurricane scenarios); High-fidelity coupled aero-hydro-elastic simulation in design updates,"建议措施 / RecommendedAction / action / 怎么处理 / 咋处理: Operational limits: weather windows, alarm thresholds for motions; -; Expanded design load cases (including typhoon/hurricane scenarios); Freeboard margin increase and water-tight compartmentalization",错误,0.0,875.89,语义RAG,0.3333,0.0,0,0.0,3,Expanded design load cases (including typhoon/hurricane scenarios); High-fidelity coupled aero-hydro-elastic simulation in design updates,,,,,Expanded design load cases (including typhoon/hurricane scenarios); High-fidelity coupled aero-hydro-elastic simulation in design updates,,潜在失效后果；建议措施,71,
606,606,Full-ΣMi残差模型,M1+M2+M3+M4,故障措施推荐类,后果查措施,后果到措施推理,,,困难,故障现象“Anchor failure”可能导致“Anchor failure”，应采取哪项建议措施？,"Continuous tension and vibration monitoring; thresholds for intervention; Procedural controls: load management, operational envelopes; Better design by expanded load case matrix including more failure modes; -","Continuous tension and vibration monitoring; thresholds for intervention; Procedural controls: load management, operational envelopes; Better design by expanded load case matrix including more failure modes; -",正确,1.0,730.72,语义RAG,0.6667,1.0,0,1.0,3,,,,,,"Continuous tension and vibration monitoring; thresholds for intervention; Procedural controls: load management, operational envelopes; Better design by expanded load case matrix including more failure modes; -",,潜在失效后果；建议措施,75,
607,607,Full-ΣMi残差模型,M1+M2+M3+M4,故障措施推荐类,后果查措施,后果到措施推理,,,困难,故障现象“Fairlead failure”可能导致“The anchor cannot be dropped and lift”，应采取哪项建议措施？,Continuous tension and vibration monitoring; thresholds for intervention; Fairlead geometry improvements and low-wear lining; Optimized chain/wire/rope selection and fatigue margins (design); -,Cathodic protection and corrosion monitoring regimes; -,错误,0.0,551.66,语义RAG,0.3333,0.0,0,0.0,3,Continuous tension and vibration monitoring; thresholds for intervention; Fairlead geometry improvements and low-wear lining; Optimized chain/wire/rope selection and fatigue margins (design); -,,,,,Continuous tension and vibration monitoring; thresholds for intervention; Fairlead geometry improvements and low-wear lining; Optimized chain/wire/rope selection and fatigue margins (design); -,,潜在失效后果；建议措施,79,
608,608,Full-ΣMi残差模型,M1+M2+M3+M4,故障措施推荐类,后果查措施,后果到措施推理,,,困难,故障现象“Mooring line breakage”可能导致“Mooring line strength decrease or broken”，应采取哪项建议措施？,ROV visual inspections; targeted maintenance on wear zones; Diversity in materials/vendors to reduce common-cause risks; -,Continuous tension and vibration monitoring; thresholds for intervention.,错误,0.0,541.66,语义RAG,1.0,0.0,0,0.0,3,ROV visual inspections; targeted maintenance on wear zones; Diversity in materials/vendors to reduce common-cause risks; -,,,,,ROV visual inspections; targeted maintenance on wear zones; Diversity in materials/vendors to reduce common-cause risks; -,,潜在失效后果；建议措施,82,
609,609,Full-ΣMi残差模型,M1+M2+M3+M4,故障措施推荐类,后果查措施,后果到措施推理,,,困难,故障现象“Mooring Line Corrosion”可能导致“Mooring line strength decrease or broken”，应采取哪项建议措施？,Continuous tension and vibration monitoring; thresholds for intervention; Optimized chain/wire/rope selection and fatigue margins (design); -,根据上下文，没有找到与“Mooring Line Corrosion”相关的失效模式和建议措施。因此，无法给出具体的建议措施。,错误,0.0,545.53,语义RAG,1.0,0.0,0,0.0,3,Continuous tension and vibration monitoring; thresholds for intervention; Optimized chain/wire/rope selection and fatigue margins (design); -,,,,,Continuous tension and vibration monitoring; thresholds for intervention; Optimized chain/wire/rope selection and fatigue margins (design); -,,潜在失效后果；建议措施,85,
610,610,Full-ΣMi残差模型,M1+M2+M3+M4,故障措施推荐类,后果查措施,后果到措施推理,,,困难,故障现象“Mooring Line Fatigue”可能导致“Mooring line strength decrease or broken”，应采取哪项建议措施？,Continuous tension and vibration monitoring; thresholds for intervention; Optimized chain/wire/rope selection and fatigue margins (design); -,建议措施 / RecommendedAction / action / 怎么处理 / 咋处理: -,错误,0.0,424.43,语义RAG,1.0,0.0,0,0.0,3,Continuous tension and vibration monitoring; thresholds for intervention; Optimized chain/wire/rope selection and fatigue margins (design); -,,,,,Continuous tension and vibration monitoring; thresholds for intervention; Optimized chain/wire/rope selection and fatigue margins (design); -,,潜在失效后果；建议措施,87,
611,611,Full-ΣMi残差模型,M1+M2+M3+M4,故障措施推荐类,后果查措施,后果到措施推理,,,困难,故障现象“Mooring lines broken”可能导致“Asset not in correct location or position”，应采取哪项建议措施？,"ROV visual inspections; targeted maintenance on wear zones; Optimized chain/wire/rope selection and fatigue margins (design); Only chain and wire above MSL, keep fiber ropes wet; -",ROV visual inspections; targeted maintenance on wear zones;,错误,0.0,567.3,语义RAG,0.6667,1.0,0,1.0,3,"ROV visual inspections; targeted maintenance on wear zones; Optimized chain/wire/rope selection and fatigue margins (design); Only chain and wire above MSL, keep fiber ropes wet; -",,,,,"ROV visual inspections; targeted maintenance on wear zones; Optimized chain/wire/rope selection and fatigue margins (design); Only chain and wire above MSL, keep fiber ropes wet; -",,潜在失效后果；建议措施,91,
612,612,Full-ΣMi残差模型,M1+M2+M3+M4,故障措施推荐类,后果查措施,后果到措施推理,,,困难,故障现象“Mooring winch failure”可能导致“Asset not in correct location or position”，应采取哪项建议措施？,"Continuous tension and vibration monitoring; thresholds for intervention; Procedural controls: load management, operational envelopes; -","Continuous tension and vibration monitoring; thresholds for intervention; Procedural controls: load management, operational envelopes; -",正确,1.0,629.21,语义RAG,1.0,1.0,0,1.0,3,,,,,,"Continuous tension and vibration monitoring; thresholds for intervention; Procedural controls: load management, operational envelopes; -",,潜在失效后果；建议措施,96,
613,613,Full-ΣMi残差模型,M1+M2+M3+M4,故障措施推荐类,后果查措施,后果到措施推理,,,困难,故障现象“accelerated mechanical fatigue”可能导致“Structural damage - cable composition weakening”，应采取哪项建议措施？,"Monitoring: DTS/RTTR, electrical integrity tests, leak detection; Lazy-wave configuration optimization; buoyancy spacing; hang-off upgrades; -","Monitoring: DTS/RTTR, electrical integrity tests, leak detection; Lazy-wave configuration optimization; buoyancy spacing; hang-off upgrades; -",正确,1.0,706.98,语义RAG,0.3333,1.0,0,1.0,3,,,,,,"Monitoring: DTS/RTTR, electrical integrity tests, leak detection; Lazy-wave configuration optimization; buoyancy spacing; hang-off upgrades; -",,潜在失效后果；建议措施,97,
614,614,Full-ΣMi残差模型,M1+M2+M3+M4,故障措施推荐类,后果查措施,后果到措施推理,,,困难,故障现象“Corrosion of J-tube”可能导致“J-tube degradation affecting cable integrity”，应采取哪项建议措施？,-; Cathodic protection; coating improvements,Cathodic protection; coating improvements,正确,1.0,544.98,语义RAG,1.0,1.0,0,1.0,3,,,,,,-; Cathodic protection; coating improvements,,潜在失效后果；建议措施,101,
615,615,Full-ΣMi残差模型,M1+M2+M3+M4,故障措施推荐类,后果查措施,后果到措施推理,,,困难,故障现象“damage and corrosion of mechanical parts”可能导致“High risk of fault on the cable - total loss of the line Prodution loss on the string”，应采取哪项建议措施？,-; Design review; improved material selection,建议措施 / RecommendedAction / action / 怎么处理 / 咋处理: Design review; improved material selection,正确,1.0,641.72,语义RAG,0.6667,1.0,0,1.0,3,,,,,,-; Design review; improved material selection,,潜在失效后果；建议措施,103,
616,616,Full-ΣMi残差模型,M1+M2+M3+M4,故障措施推荐类,后果查措施,后果到措施推理,,,困难,故障现象“Debris disturbance”可能导致“Cable damage - operational disruption”，应采取哪项建议措施？,-; Environmental protections; debris management,建议措施 / RecommendedAction / action / 怎么处理 / 咋处理: Environmental protections; debris management,正确,1.0,659.29,语义RAG,0.3333,1.0,0,1.0,3,,,,,,-; Environmental protections; debris management,,潜在失效后果；建议措施,104,
617,617,Full-ΣMi残差模型,M1+M2+M3+M4,故障措施推荐类,后果查措施,后果到措施推理,,,困难,故障现象“Detachment”可能导致“cable disconnection - water penetration - Power loss”，应采取哪项建议措施？,-; Design review; improved material selection,建议措施 / RecommendedAction / action / 怎么处理 / 咋处理: Design review; improved material selection,正确,1.0,635.14,语义RAG,0.3333,1.0,0,1.0,3,,,,,,-; Design review; improved material selection,,潜在失效后果；建议措施,105,
618,618,Full-ΣMi残差模型,M1+M2+M3+M4,故障措施推荐类,后果查措施,后果到措施推理,,,困难,故障现象“Failure of end termination”可能导致“breakdown of insulation”，应采取哪项建议措施？,-; Design improvements; enhanced termination QA,建议措施：-; Design improvements; enhanced termination QA.,正确,1.0,586.45,语义RAG,1.0,1.0,0,1.0,3,,,,,,-; Design improvements; enhanced termination QA,,潜在失效后果；建议措施,107,
619,619,Full-ΣMi残差模型,M1+M2+M3+M4,故障措施推荐类,后果查措施,后果到措施推理,,,困难,故障现象“Failure of watertightness”可能导致“Reduced or interupted electricity flow”，应采取哪项建议措施？,"Installation QA/QC: pull-in tension verification, handling procedures; Watertightness assurance: enhanced sealing tests; end termination QA; -",Watertightness assurance: enhanced sealing tests; end termination QA; -,错误,0.0,588.98,语义RAG,0.6667,1.0,0,1.0,3,"Installation QA/QC: pull-in tension verification, handling procedures; Watertightness assurance: enhanced sealing tests; end termination QA; -",,,,,"Installation QA/QC: pull-in tension verification, handling procedures; Watertightness assurance: enhanced sealing tests; end termination QA; -",,潜在失效后果；建议措施,112,
620,620,Full-ΣMi残差模型,M1+M2+M3+M4,故障措施推荐类,后果查措施,后果到措施推理,,,困难,故障现象“failures of conductors”可能导致“Electrical faults - loss of production”，应采取哪项建议措施？,"-; Monitoring (DTS/RTTR, electrical integrity tests)","Monitoring (DTS/RTTR, electrical integrity tests)",正确,1.0,531.66,语义RAG,0.6667,1.0,0,1.0,3,,,,,,"-; Monitoring (DTS/RTTR, electrical integrity tests)",,潜在失效后果；建议措施,114,
621,621,Full-ΣMi残差模型,M1+M2+M3+M4,故障措施推荐类,后果查措施,后果到措施推理,,,困难,故障现象“Fatigue Cracks”可能导致“Crack may evolve in a fault of the cable - Cable weakening”，应采取哪项建议措施？,"Monitoring: DTS/RTTR, electrical integrity tests, leak detection; -","Monitoring: DTS/RTTR, electrical integrity tests, leak detection; -",正确,1.0,571.37,语义RAG,0.3333,1.0,0,1.0,3,,,,,,"Monitoring: DTS/RTTR, electrical integrity tests, leak detection; -",,潜在失效后果；建议措施,115,
622,622,Full-ΣMi残差模型,M1+M2+M3+M4,故障措施推荐类,后果查措施,后果到措施推理,,,困难,故障现象“material degradation”可能导致“Weakening of cable materials - loss of production”，应采取哪项建议措施？,"Monitoring: DTS/RTTR, electrical integrity tests, leak detection; -","Monitoring: DTS/RTTR, electrical integrity tests, leak detection; -",正确,1.0,551.87,语义RAG,0.3333,1.0,0,1.0,3,,,,,,"Monitoring: DTS/RTTR, electrical integrity tests, leak detection; -",,潜在失效后果；建议措施,119,
623,623,Full-ΣMi残差模型,M1+M2+M3+M4,故障措施推荐类,后果查措施,后果到措施推理,,,困难,故障现象“Movement of CPS due to scour/seabed mobility”可能导致“Cable being vulnerable to scour and need for repair or replacement”，应采取哪项建议措施？,Burial/trenching optimization; scour mitigation; as-built metrology; -,Burial/trenching optimization; scour mitigation; as-built metrology.,正确,1.0,593.48,语义RAG,1.0,1.0,0,1.0,3,,,,,,Burial/trenching optimization; scour mitigation; as-built metrology; -,,潜在失效后果；建议措施,122,
624,624,Full-ΣMi残差模型,M1+M2+M3+M4,故障措施推荐类,后果查措施,后果到措施推理,,,困难,"故障现象“Reduced sediment cover lower than designed value for protection”可能导致“need for re-burial, change of cable protection requirement or even replacement of cable”，应采取哪项建议措施？","Burial/trenching optimization; scour mitigation; as-built metrology; Monitoring: DTS/RTTR, electrical integrity tests, leak detection; -",-,错误,0.0,476.22,语义RAG,1.0,1.0,0,1.0,3,"Burial/trenching optimization; scour mitigation; as-built metrology; Monitoring: DTS/RTTR, electrical integrity tests, leak detection; -",,,,,"Burial/trenching optimization; scour mitigation; as-built metrology; Monitoring: DTS/RTTR, electrical integrity tests, leak detection; -",,潜在失效后果；建议措施,125,
625,625,Full-ΣMi残差模型,M1+M2+M3+M4,故障措施推荐类,后果查措施,后果到措施推理,,,困难,故障现象“Small bending radius”可能导致“Cable damage - insulation degradation”，应采取哪项建议措施？,Lazy-wave configuration optimization; buoyancy spacing; hang-off upgrades; -,建议措施 / RecommendedAction / action / 怎么处理 / 咋处理: Lazy-wave configuration optimization; buoyancy spacing; hang-off upgrades; -,正确,1.0,719.56,语义RAG,0.3333,1.0,0,1.0,3,,,,,,Lazy-wave configuration optimization; buoyancy spacing; hang-off upgrades; -,,潜在失效后果；建议措施,128,
626,626,Full-ΣMi残差模型,M1+M2+M3+M4,故障措施推荐类,fmea_id_to_action,故障措施查询,,,中等,FMEA编号DC32这条风险，建议怎么处理？,Lazy-wave configuration optimization; buoyancy spacing; hang-off upgrades; -,不知道。,错误,0.0,426.44,语义RAG,0.0,0.0,0,,3,Lazy-wave configuration optimization; buoyancy spacing; hang-off upgrades; -,,,,,Lazy-wave configuration optimization; buoyancy spacing; hang-off upgrades; -,,FMEA编号；建议措施,128,
627,627,Full-ΣMi残差模型,M1+M2+M3+M4,故障措施推荐类,fmea_id_to_action,故障措施查询,,,简单,查一下FMEA编号TO5对应的处理措施。,High-fidelity coupled aero-hydro-elastic simulation in design updates; Thicker shell sections / local reinforcement,不知道。上下文中的FMEA编号分别为FF12、DC21和FF21，没有找到TO5对应的处理措施。,错误,0.0,655.44,语义RAG,0.0,0.0,0,,3,High-fidelity coupled aero-hydro-elastic simulation in design updates; Thicker shell sections / local reinforcement,,,,,High-fidelity coupled aero-hydro-elastic simulation in design updates; Thicker shell sections / local reinforcement,,FMEA编号；建议措施,4,
628,628,Full-ΣMi残差模型,M1+M2+M3+M4,故障措施推荐类,fmea_id_to_action,故障措施查询,,,简单,FMEA编号TO6这条FMEA记录，需要采取什么建议措施？,"Enhanced SHM: acoustic emission, strain gauges, modal monitoring; -; High-fidelity coupled aero-hydro-elastic simulation in design updates; Weld detail optimization and hotspot redesign",-,错误,0.0,423.76,语义RAG,0.0,0.0,0,,3,"Enhanced SHM: acoustic emission, strain gauges, modal monitoring; -; High-fidelity coupled aero-hydro-elastic simulation in design updates; Weld detail optimization and hotspot redesign",,,,,"Enhanced SHM: acoustic emission, strain gauges, modal monitoring; -; High-fidelity coupled aero-hydro-elastic simulation in design updates; Weld detail optimization and hotspot redesign",,FMEA编号；建议措施,5,
629,629,Full-ΣMi残差模型,M1+M2+M3+M4,故障措施推荐类,fmea_id_to_action,故障措施查询,,,中等,FMEA编号TO7的后续改进措施写了什么？,"Weld detail optimization and hotspot redesign; Enhanced SHM: acoustic emission, strain gauges, modal monitoring; Thicker shell sections / local reinforcement; High-fidelity coupled aero-hydro-elastic simulation in design updates",不知道。,错误,0.0,394.27,语义RAG,0.0,0.0,0,,3,"Weld detail optimization and hotspot redesign; Enhanced SHM: acoustic emission, strain gauges, modal monitoring; Thicker shell sections / local reinforcement; High-fidelity coupled aero-hydro-elastic simulation in design updates",,,,,"Weld detail optimization and hotspot redesign; Enhanced SHM: acoustic emission, strain gauges, modal monitoring; Thicker shell sections / local reinforcement; High-fidelity coupled aero-hydro-elastic simulation in design updates",,FMEA编号；建议措施,6,
630,630,Full-ΣMi残差模型,M1+M2+M3+M4,故障措施推荐类,fmea_id_to_action,故障措施查询,,,简单,FMEA编号TO23的建议措施是什么？,Operational limits & control strategies for extreme motions; Blade–tower clearance and control optimization for extreme motions; High-fidelity coupled aero-hydro-elastic simulation in design updates,不知道。,错误,0.0,312.88,语义RAG,0.0,0.0,0,,3,Operational limits & control strategies for extreme motions; Blade–tower clearance and control optimization for extreme motions; High-fidelity coupled aero-hydro-elastic simulation in design updates,,,,,Operational limits & control strategies for extreme motions; Blade–tower clearance and control optimization for extreme motions; High-fidelity coupled aero-hydro-elastic simulation in design updates,,FMEA编号；建议措施,22,
631,631,Full-ΣMi残差模型,M1+M2+M3+M4,故障措施推荐类,fmea_id_to_action,故障措施查询,,,简单,FMEA编号TP1这条风险，建议怎么处理？,"Interface redesign to reduce stress concentrations (fillets, radii); High-fidelity coupled analysis of TP–tower–floater interaction; Improve engineering skills",不知道。上下文中的FMEA编号没有TP1这一条记录。,错误,0.0,436.54,语义RAG,0.0,0.0,0,,3,"Interface redesign to reduce stress concentrations (fillets, radii); High-fidelity coupled analysis of TP–tower–floater interaction; Improve engineering skills",,,,,"Interface redesign to reduce stress concentrations (fillets, radii); High-fidelity coupled analysis of TP–tower–floater interaction; Improve engineering skills",,FMEA编号；建议措施,24,
632,632,Full-ΣMi残差模型,M1+M2+M3+M4,故障措施推荐类,fmea_id_to_action,故障措施查询,,,中等,查一下FMEA编号TP2对应的处理措施。,"SHM for TP connections (strain gauges, acoustic emission, bolt preload monitoring); Design requalification for extreme storms (updated metocean; load cases); -",不知道。上下文中的FMEA编号分别为FF12、DC21和FF21，没有找到编号为TP2的FMEA信息。,错误,0.0,686.86,语义RAG,0.0,0.0,0,,3,"SHM for TP connections (strain gauges, acoustic emission, bolt preload monitoring); Design requalification for extreme storms (updated metocean; load cases); -",,,,,"SHM for TP connections (strain gauges, acoustic emission, bolt preload monitoring); Design requalification for extreme storms (updated metocean; load cases); -",,FMEA编号；建议措施,25,
633,633,Full-ΣMi残差模型,M1+M2+M3+M4,故障措施推荐类,fmea_id_to_action,故障措施查询,,,简单,FMEA编号TP3这条FMEA记录，需要采取什么建议措施？,"SHM for TP connections (strain gauges, acoustic emission, bolt preload monitoring); Design requalification for extreme storms (updated metocean; load cases); High-fidelity coupled analysis of TP–tower–floater interaction; -",不知道。上下文中的FMEA记录没有包含FMEA编号TP3的相关信息。,错误,0.0,573.34,语义RAG,0.0,0.0,0,,3,"SHM for TP connections (strain gauges, acoustic emission, bolt preload monitoring); Design requalification for extreme storms (updated metocean; load cases); High-fidelity coupled analysis of TP–tower–floater interaction; -",,,,,"SHM for TP connections (strain gauges, acoustic emission, bolt preload monitoring); Design requalification for extreme storms (updated metocean; load cases); High-fidelity coupled analysis of TP–tower–floater interaction; -",,FMEA编号；建议措施,26,
634,634,Full-ΣMi残差模型,M1+M2+M3+M4,故障措施推荐类,fmea_id_to_action,故障措施查询,,,简单,FMEA编号TP5的后续改进措施写了什么？,High-fidelity coupled analysis of TP–tower–floater interaction; Design requalification for extreme storms (updated metocean; load cases); Improved metocean data measurements,不知道。上下文中的FMEA编号分别为DC21、DC8和FF12，没有找到编号为TP5的相关信息。,错误,0.0,619.82,语义RAG,0.0,0.0,0,,3,High-fidelity coupled analysis of TP–tower–floater interaction; Design requalification for extreme storms (updated metocean; load cases); Improved metocean data measurements,,,,,High-fidelity coupled analysis of TP–tower–floater interaction; Design requalification for extreme storms (updated metocean; load cases); Improved metocean data measurements,,FMEA编号；建议措施,28,
635,635,Full-ΣMi残差模型,M1+M2+M3+M4,故障措施推荐类,fmea_id_to_action,故障措施查询,,,中等,FMEA编号TP9的建议措施是什么？,Design requalification for extreme storms (updated metocean; load cases); High-fidelity coupled aero-hydro-elastic simulation in design updates,不知道。,错误,0.0,296.93,语义RAG,0.0,0.0,0,,3,Design requalification for extreme storms (updated metocean; load cases); High-fidelity coupled aero-hydro-elastic simulation in design updates,,,,,Design requalification for extreme storms (updated metocean; load cases); High-fidelity coupled aero-hydro-elastic simulation in design updates,,FMEA编号；建议措施,32,
636,636,Full-ΣMi残差模型,M1+M2+M3+M4,故障措施推荐类,fmea_id_to_action,故障措施查询,,,简单,FMEA编号TP16这条风险，建议怎么处理？,High-fidelity coupled analysis of TP–tower–floater interaction; Design requalification for extreme storms (updated metocean; load cases); High-fidelity coupled aero-hydro-elastic simulation in design updates,不知道。上下文中的FMEA编号没有TP16这一条记录。,错误,0.0,390.27,语义RAG,0.0,0.0,0,,3,High-fidelity coupled analysis of TP–tower–floater interaction; Design requalification for extreme storms (updated metocean; load cases); High-fidelity coupled aero-hydro-elastic simulation in design updates,,,,,High-fidelity coupled analysis of TP–tower–floater interaction; Design requalification for extreme storms (updated metocean; load cases); High-fidelity coupled aero-hydro-elastic simulation in design updates,,FMEA编号；建议措施,39,
637,637,Full-ΣMi残差模型,M1+M2+M3+M4,故障措施推荐类,fmea_id_to_action,故障措施查询,,,简单,查一下FMEA编号TP17对应的处理措施。,"SHM for TP connections (strain gauges, acoustic emission, bolt preload monitoring); Welding quality assurance and NDT enhancement (phased-array UT)",不知道。上下文中的FMEA编号分别为FF12、DC21和FF21，没有找到TP17的相关信息。,错误,0.0,655.34,语义RAG,0.0,0.0,0,,3,"SHM for TP connections (strain gauges, acoustic emission, bolt preload monitoring); Welding quality assurance and NDT enhancement (phased-array UT)",,,,,"SHM for TP connections (strain gauges, acoustic emission, bolt preload monitoring); Welding quality assurance and NDT enhancement (phased-array UT)",,FMEA编号；建议措施,40,
638,638,Full-ΣMi残差模型,M1+M2+M3+M4,故障措施推荐类,fmea_id_to_action,故障措施查询,,,中等,FMEA编号FF1这条FMEA记录，需要采取什么建议措施？,Expanded design load cases (including typhoon/hurricane scenarios); Freeboard margin increase and water-tight compartmentalization; Improve engineering skills,-,错误,0.0,422.2,语义RAG,0.0,0.0,0,,3,Expanded design load cases (including typhoon/hurricane scenarios); Freeboard margin increase and water-tight compartmentalization; Improve engineering skills,,,,,Expanded design load cases (including typhoon/hurricane scenarios); Freeboard margin increase and water-tight compartmentalization; Improve engineering skills,,FMEA编号；建议措施,45,
639,639,Full-ΣMi残差模型,M1+M2+M3+M4,故障措施推荐类,项目失效现象风险查措施,项目范围措施查询,,,中等,当“Floating support structure / Floating Support structure / All structures”出现“Structural break”且RPN为25时，建议如何处置？,Expanded design load cases (including typhoon/hurricane scenarios); -,根据上下文，没有找到“Floating support structure / Floating Support structure / All structures”出现“Structural break”且RPN为25的记录。因此不知道具体的建议措施。,错误,0.0,800.5,语义RAG,0.3333,0.0,0,,3,Expanded design load cases (including typhoon/hurricane scenarios); -,,,,,Expanded design load cases (including typhoon/hurricane scenarios); -,,项目/功能；潜在失效模式；风险优先数(RPN)；建议措施,49,
640,640,Full-ΣMi残差模型,M1+M2+M3+M4,故障措施推荐类,项目失效现象风险查措施,项目范围措施查询,,,中等,当“Floating support structure / Floating Support structure / Secondary structure”出现“Additional Structures Failures”且RPN为25.83时，建议如何处置？,Freeboard margin increase and water-tight compartmentalization; -; Expanded design load cases (including typhoon/hurricane scenarios); Improved cable mechnical design,根据上下文内容，没有找到与“Floating support structure / Floating Support structure / Secondary structure”以及RPN为25.83相关的记录。因此，无法提供具体的建议措施。 但是，可以参考相似情况下的建议措施： - 扩展设计载荷工况（包括台风/飓风情景）； - 操作限制：天气窗口、运动报警阈值； - 结构调谐/阻尼以避免共振； - 高保真耦合气动-水弹性仿真在设计更新中。,错误,0.0,1354.95,语义RAG,0.0,0.0,0,,3,Freeboard margin increase and water-tight compartmentalization; -; Expanded design load cases (including typhoon/hurricane scenarios); Improved cable mechnical design,,,,,Freeboard margin increase and water-tight compartmentalization; -; Expanded design load cases (including typhoon/hurricane scenarios); Improved cable mechnical design,,项目/功能；潜在失效模式；风险优先数(RPN)；建议措施,50,
641,641,Full-ΣMi残差模型,M1+M2+M3+M4,故障措施推荐类,项目失效现象风险查措施,项目范围措施查询,,,中等,当“Floating support structure / Floating Support structure / Primary structure & Welding”出现“Capsize”且RPN为34.5时，建议如何处置？,"Expanded design load cases (including typhoon/hurricane scenarios); Operational limits: weather windows, alarm thresholds for motions; Resonance avoidance via structural tuning/damping",根据上下文，没有找到RPN为34.5的情况。最接近的是在“Primary structure”下的FMEA编号FF2，其RPN为42.71，并且失效模式是Capsize。建议措施为： - 扩展设计载荷工况（包括台风/飓风场景）； - 提高工程技能。,错误,0.0,972.09,语义RAG,0.3333,0.0,0,,3,"Expanded design load cases (including typhoon/hurricane scenarios); Operational limits: weather windows, alarm thresholds for motions; Resonance avoidance via structural tuning/damping",,,,,"Expanded design load cases (including typhoon/hurricane scenarios); Operational limits: weather windows, alarm thresholds for motions; Resonance avoidance via structural tuning/damping",,项目/功能；潜在失效模式；风险优先数(RPN)；建议措施,52,
642,642,Full-ΣMi残差模型,M1+M2+M3+M4,故障措施推荐类,项目失效现象风险查措施,项目范围措施查询,,,中等,当“Floating support structure / Floating Support structure / Primary structure & Welding”出现“Cracks”且RPN为22.67时，建议如何处置？,Expanded design load cases (including typhoon/hurricane scenarios); Resonance avoidance via structural tuning/damping; High-fidelity coupled aero-hydro-elastic simulation in design updates,建议措施=Expanded design load cases (including typhoon/hurricane scenarios); Resonance avoidance via structural tuning/damping; High-fidelity coupled aero-hydro-elastic simulation in design updates.,正确,1.0,756.86,语义RAG,0.6667,1.0,0,,3,,,,,,Expanded design load cases (including typhoon/hurricane scenarios); Resonance avoidance via structural tuning/damping; High-fidelity coupled aero-hydro-elastic simulation in design updates,,项目/功能；潜在失效模式；风险优先数(RPN)；建议措施,53,
643,643,Full-ΣMi残差模型,M1+M2+M3+M4,故障措施推荐类,项目失效现象风险查措施,项目范围措施查询,,,中等,当“Floating support structure / Floating Support structure / Secondary structure”出现“Floater unit sinkage”且RPN为26.86时，建议如何处置？,Ballast redundancy and automated ballast management; Freeboard margin increase and water-tight compartmentalization; Expanded design load cases (including typhoon/hurricane scenarios),建议措施 / RecommendedAction / action / 怎么处理 / 咋处理: Ballast redundancy and automated ballast management; Freeboard margin increase and water-tight compartmentalization; Expanded design load cases (including typhoon/hurricane scenarios),正确,1.0,927.48,语义RAG,1.0,1.0,0,,3,,,,,,Ballast redundancy and automated ballast management; Freeboard margin increase and water-tight compartmentalization; Expanded design load cases (including typhoon/hurricane scenarios),,项目/功能；潜在失效模式；风险优先数(RPN)；建议措施,58,
644,644,Full-ΣMi残差模型,M1+M2+M3+M4,故障措施推荐类,项目失效现象风险查措施,项目范围措施查询,,,中等,当“Floating support structure / Floating Support structure / Primary structure & Welding”出现“Structural break”且RPN为33.4时，建议如何处置？,"Operational limits: weather windows, alarm thresholds for motions; Other- Specify; Expanded design load cases (including typhoon/hurricane scenarios); Better understanding of temperature ranges","建议措施 / RecommendedAction / action / 怎么处理 / 咋处理: SHM for TP connections (strain gauges, acoustic emission, bolt preload monitoring); Design requalification for extreme storms (updated metocean; load cases); -",错误,0.0,866.41,语义RAG,0.3333,0.0,0,,3,"Operational limits: weather windows, alarm thresholds for motions; Other- Specify; Expanded design load cases (including typhoon/hurricane scenarios); Better understanding of temperature ranges",,,,,"Operational limits: weather windows, alarm thresholds for motions; Other- Specify; Expanded design load cases (including typhoon/hurricane scenarios); Better understanding of temperature ranges",,项目/功能；潜在失效模式；风险优先数(RPN)；建议措施,68,
645,645,Full-ΣMi残差模型,M1+M2+M3+M4,故障措施推荐类,项目失效现象风险查措施,项目范围措施查询,,,中等,当“Floating support structure / Floating Support structure / All structures”出现“Floater unit sinkage”且RPN为30.8时，建议如何处置？,"Operational limits: weather windows, alarm thresholds for motions; -; Expanded design load cases (including typhoon/hurricane scenarios); Freeboard margin increase and water-tight compartmentalization","建议措施 / RecommendedAction / action / 怎么处理 / 咋处理: Operational limits: weather windows, alarm thresholds for motions; -; Expanded design load cases (including typhoon/hurricane scenarios); Freeboard margin increase and water-tight compartmentalization",正确,1.0,922.46,语义RAG,1.0,1.0,0,,3,,,,,,"Operational limits: weather windows, alarm thresholds for motions; -; Expanded design load cases (including typhoon/hurricane scenarios); Freeboard margin increase and water-tight compartmentalization",,项目/功能；潜在失效模式；风险优先数(RPN)；建议措施,69,
646,646,Full-ΣMi残差模型,M1+M2+M3+M4,故障措施推荐类,项目失效现象风险查措施,项目范围措施查询,,,中等,当“Floating support structure / Floating Support structure / All structures”出现“Hit by dropped objects”且RPN为25时，建议如何处置？,Expanded design load cases (including typhoon/hurricane scenarios); High-fidelity coupled aero-hydro-elastic simulation in design updates; -,Expanded design load cases (including typhoon/hurricane scenarios); High-fidelity coupled aero-hydro-elastic simulation in design updates; -,正确,1.0,704.8,语义RAG,1.0,1.0,0,,3,,,,,,Expanded design load cases (including typhoon/hurricane scenarios); High-fidelity coupled aero-hydro-elastic simulation in design updates; -,,项目/功能；潜在失效模式；风险优先数(RPN)；建议措施,70,
647,647,Full-ΣMi残差模型,M1+M2+M3+M4,故障措施推荐类,项目失效现象风险查措施,项目范围措施查询,,,中等,当“Floating support structure / Floating Support structure / All structures”出现“Structural break”且RPN为22.4时，建议如何处置？,Expanded design load cases (including typhoon/hurricane scenarios); High-fidelity coupled aero-hydro-elastic simulation in design updates,根据上下文，没有找到“Floating support structure / Floating Support structure / All structures”出现“Structural break”且RPN为22.4的相关信息。因此不知道具体的建议措施。,错误,0.0,820.81,语义RAG,0.3333,0.0,0,,3,Expanded design load cases (including typhoon/hurricane scenarios); High-fidelity coupled aero-hydro-elastic simulation in design updates,,,,,Expanded design load cases (including typhoon/hurricane scenarios); High-fidelity coupled aero-hydro-elastic simulation in design updates,,项目/功能；潜在失效模式；风险优先数(RPN)；建议措施,71,
648,648,Full-ΣMi残差模型,M1+M2+M3+M4,故障措施推荐类,项目失效现象风险查措施,项目范围措施查询,,,中等,当“Floating support structure / Floating Support structure / All structures & Welding”出现“Structural break”且RPN为19时，建议如何处置？,"Operational limits: weather windows, alarm thresholds for motions; Other- Specify; -; Welding quality assurance and NDT enhancement (phased-array UT)",根据上下文，没有找到与“Floating support structure / Floating Support structure / All structures & Welding”和“Structural break”且RPN为19的相关记录。因此不知道具体建议措施。,错误,0.0,743.78,语义RAG,0.0,0.0,0,,3,"Operational limits: weather windows, alarm thresholds for motions; Other- Specify; -; Welding quality assurance and NDT enhancement (phased-array UT)",,,,,"Operational limits: weather windows, alarm thresholds for motions; Other- Specify; -; Welding quality assurance and NDT enhancement (phased-array UT)",,项目/功能；潜在失效模式；风险优先数(RPN)；建议措施,72,
649,649,Full-ΣMi残差模型,M1+M2+M3+M4,故障措施推荐类,项目失效现象风险查措施,项目范围措施查询,,,中等,当“Station keeping / Anchor”出现“Anchor failure”且RPN为34时，建议如何处置？,"Continuous tension and vibration monitoring; thresholds for intervention; Procedural controls: load management, operational envelopes; Better design by expanded load case matrix including more failure modes; -","Continuous tension and vibration monitoring; thresholds for intervention; Procedural controls: load management, operational envelopes; Better design by expanded load case matrix including more failure modes.",正确,1.0,742.94,语义RAG,0.6667,1.0,0,,3,,,,,,"Continuous tension and vibration monitoring; thresholds for intervention; Procedural controls: load management, operational envelopes; Better design by expanded load case matrix including more failure modes; -",,项目/功能；潜在失效模式；风险优先数(RPN)；建议措施,75,
650,650,Full-ΣMi残差模型,M1+M2+M3+M4,故障措施推荐类,项目失效现象风险查措施,项目范围措施查询,,,中等,当“Station keeping / Fairlead”出现“Fairlead failure”且RPN为30时，建议如何处置？,Continuous tension and vibration monitoring; thresholds for intervention; Fairlead geometry improvements and low-wear lining; Optimized chain/wire/rope selection and fatigue margins (design); -,根据上下文，提供的信息中没有找到与“Station keeping / Fairlead”和“Fairlead failure”以及RPN为30相关的记录。因此，无法给出具体的建议措施。 但是，可以参考类似情况下的处理方式： - 持续的张力和振动监测；干预阈值； - 程序控制：负载管理、操作包络； - 通过扩展载荷矩阵包括更多失效模式进行更好的设计。,错误,0.0,1177.68,语义RAG,0.0,0.0,0,,3,Continuous tension and vibration monitoring; thresholds for intervention; Fairlead geometry improvements and low-wear lining; Optimized chain/wire/rope selection and fatigue margins (design); -,,,,,Continuous tension and vibration monitoring; thresholds for intervention; Fairlead geometry improvements and low-wear lining; Optimized chain/wire/rope selection and fatigue margins (design); -,,项目/功能；潜在失效模式；风险优先数(RPN)；建议措施,79,
651,651,Full-ΣMi残差模型,M1+M2+M3+M4,故障措施推荐类,项目失效现象风险查措施,项目范围措施查询,,,中等,当“Station keeping / Mooring Lines / Mooring lines”出现“Mooring line breakage”且RPN为28.8时，建议如何处置？,ROV visual inspections; targeted maintenance on wear zones; Diversity in materials/vendors to reduce common-cause risks; -,建议措施 / RecommendedAction / action / 怎么处理 / 咋处理: ROV visual inspections; targeted maintenance on wear zones; Diversity in materials/vendors to reduce common-cause risks; -,正确,1.0,784.5,语义RAG,1.0,1.0,0,,3,,,,,,ROV visual inspections; targeted maintenance on wear zones; Diversity in materials/vendors to reduce common-cause risks; -,,项目/功能；潜在失效模式；风险优先数(RPN)；建议措施,82,
652,652,Full-ΣMi残差模型,M1+M2+M3+M4,故障措施推荐类,项目失效现象风险查措施,项目范围措施查询,,,中等,当“Station keeping / Mooring Lines / Mooring lines”出现“Mooring line breakage”且RPN为20时，建议如何处置？,Continuous tension and vibration monitoring; thresholds for intervention; -,Continuous tension and vibration monitoring; thresholds for intervention.,正确,1.0,516.94,语义RAG,0.6667,1.0,0,,3,,,,,,Continuous tension and vibration monitoring; thresholds for intervention; -,,项目/功能；潜在失效模式；风险优先数(RPN)；建议措施,83,
653,653,Full-ΣMi残差模型,M1+M2+M3+M4,故障措施推荐类,项目失效现象风险查措施,项目范围措施查询,,,中等,当“Station keeping / Mooring Lines / Mooring lines”出现“Mooring line breakage”且RPN为24时，建议如何处置？,Continuous tension and vibration monitoring; thresholds for intervention; -,Continuous tension and vibration monitoring; thresholds for intervention.,正确,1.0,564.86,语义RAG,0.6667,1.0,0,,3,,,,,,Continuous tension and vibration monitoring; thresholds for intervention; -,,项目/功能；潜在失效模式；风险优先数(RPN)；建议措施,84,
654,654,Full-ΣMi残差模型,M1+M2+M3+M4,故障措施推荐类,项目失效现象风险查措施,项目范围措施查询,,,中等,当“Station keeping / Mooring Lines / Mooring lines”出现“Mooring Line Corrosion”且RPN为29.2时，建议如何处置？,Continuous tension and vibration monitoring; thresholds for intervention; Optimized chain/wire/rope selection and fatigue margins (design); -,建议措施 / RecommendedAction / action / 怎么处理 / 咋处理: Continuous tension and vibration monitoring; thresholds for intervention; Optimized chain/wire/rope selection and fatigue margins (design); -,正确,1.0,950.81,语义RAG,0.3333,1.0,0,,3,,,,,,Continuous tension and vibration monitoring; thresholds for intervention; Optimized chain/wire/rope selection and fatigue margins (design); -,,项目/功能；潜在失效模式；风险优先数(RPN)；建议措施,85,
655,655,Full-ΣMi残差模型,M1+M2+M3+M4,故障措施推荐类,项目失效现象风险查措施,项目范围措施查询,,,中等,当“Station keeping / Mooring Lines / Mooring lines”出现“Mooring Line Fatigue”且RPN为31.6时，建议如何处置？,Continuous tension and vibration monitoring; thresholds for intervention; Optimized chain/wire/rope selection and fatigue margins (design); -,建议措施 = Continuous tension and vibration monitoring; thresholds for intervention; Optimized chain/wire/rope selection and fatigue margins (design); -,正确,1.0,506.74,语义RAG,0.6667,1.0,0,,3,,,,,,Continuous tension and vibration monitoring; thresholds for intervention; Optimized chain/wire/rope selection and fatigue margins (design); -,,项目/功能；潜在失效模式；风险优先数(RPN)；建议措施,87,
656,656,Full-ΣMi残差模型,M1+M2+M3+M4,故障措施推荐类,项目失效现象风险查措施,项目范围措施查询,,,中等,当“Station keeping / Mooring lines / Mooring lines”出现“Mooring lines broken”且RPN为24.8时，建议如何处置？,"ROV visual inspections; targeted maintenance on wear zones; Optimized chain/wire/rope selection and fatigue margins (design); Only chain and wire above MSL, keep fiber ropes wet; -",Continuous tension and vibration monitoring; thresholds for intervention.,错误,0.0,573.53,语义RAG,0.0,0.0,0,,3,"ROV visual inspections; targeted maintenance on wear zones; Optimized chain/wire/rope selection and fatigue margins (design); Only chain and wire above MSL, keep fiber ropes wet; -",,,,,"ROV visual inspections; targeted maintenance on wear zones; Optimized chain/wire/rope selection and fatigue margins (design); Only chain and wire above MSL, keep fiber ropes wet; -",,项目/功能；潜在失效模式；风险优先数(RPN)；建议措施,91,
657,657,Full-ΣMi残差模型,M1+M2+M3+M4,故障措施推荐类,项目失效现象风险查措施,项目范围措施查询,,,中等,当“Station keeping / Mooring lines / Mooring lines”出现“Mooring lines broken”且RPN为20时，建议如何处置？,"ROV visual inspections; targeted maintenance on wear zones; Optimized chain/wire/rope selection and fatigue margins (design); Only chain and wire above MSL, keep fiber ropes wet; -",Continuous tension and vibration monitoring; thresholds for intervention.,错误,0.0,454.98,语义RAG,0.0,0.0,0,,3,"ROV visual inspections; targeted maintenance on wear zones; Optimized chain/wire/rope selection and fatigue margins (design); Only chain and wire above MSL, keep fiber ropes wet; -",,,,,"ROV visual inspections; targeted maintenance on wear zones; Optimized chain/wire/rope selection and fatigue margins (design); Only chain and wire above MSL, keep fiber ropes wet; -",,项目/功能；潜在失效模式；风险优先数(RPN)；建议措施,92,
658,658,Full-ΣMi残差模型,M1+M2+M3+M4,故障措施推荐类,项目失效现象风险查措施,项目范围措施查询,,,中等,当“Station keeping / Mooring lines / Mooring lines”出现“Mooring lines broken”且RPN为22.4时，建议如何处置？,"ROV visual inspections; targeted maintenance on wear zones; Optimized chain/wire/rope selection and fatigue margins (design); Only chain and wire above MSL, keep fiber ropes wet; -",根据上下文，没有找到RPN为22.4的情况。最接近的是FMEA编号SKS9中的风险优先数为20，但也不是22.4。因此，不知道具体该如何处置。,错误,0.0,658.18,语义RAG,0.0,0.0,0,,3,"ROV visual inspections; targeted maintenance on wear zones; Optimized chain/wire/rope selection and fatigue margins (design); Only chain and wire above MSL, keep fiber ropes wet; -",,,,,"ROV visual inspections; targeted maintenance on wear zones; Optimized chain/wire/rope selection and fatigue margins (design); Only chain and wire above MSL, keep fiber ropes wet; -",,项目/功能；潜在失效模式；风险优先数(RPN)；建议措施,93,
659,659,Full-ΣMi残差模型,M1+M2+M3+M4,故障措施推荐类,项目失效现象风险查措施,项目范围措施查询,,,中等,当“Station keeping / Mooring lines / Mooring lines”出现“Mooring lines broken”且RPN为28时，建议如何处置？,ROV visual inspections; targeted maintenance on wear zones; -,根据上下文，没有找到RPN为28的情况。最接近的是FMEA编号SKS9中的失效模式“Mooring line breakage[8]”，其RPN为20，但未找到RPN为28的具体情况。 若按照最相似的案例FMEA编号SKS9来推断，建议措施如下： - Continuous tension and vibration monitoring; thresholds for intervention.,错误,0.0,963.17,语义RAG,0.0,0.0,0,,3,ROV visual inspections; targeted maintenance on wear zones; -,,,,,ROV visual inspections; targeted maintenance on wear zones; -,,项目/功能；潜在失效模式；风险优先数(RPN)；建议措施,94,
660,660,Full-ΣMi残差模型,M1+M2+M3+M4,故障措施推荐类,项目失效现象风险查措施,项目范围措施查询,,,中等,当“Station keeping / Mooring lines / Mooring winch”出现“Mooring winch failure”且RPN为25.6时，建议如何处置？,"Continuous tension and vibration monitoring; thresholds for intervention; Procedural controls: load management, operational envelopes; -","Continuous tension and vibration monitoring; thresholds for intervention; Procedural controls: load management, operational envelopes; -",正确,1.0,654.39,语义RAG,1.0,1.0,0,,3,,,,,,"Continuous tension and vibration monitoring; thresholds for intervention; Procedural controls: load management, operational envelopes; -",,项目/功能；潜在失效模式；风险优先数(RPN)；建议措施,96,
661,661,Full-ΣMi残差模型,M1+M2+M3+M4,故障措施推荐类,项目失效现象风险查措施,项目范围措施查询,,,中等,当“Dynamic cable / Dynamic Cable / Dynamic Cable”出现“accelerated mechanical fatigue”且RPN为30.25时，建议如何处置？,"Monitoring: DTS/RTTR, electrical integrity tests, leak detection; Lazy-wave configuration optimization; buoyancy spacing; hang-off upgrades; -","Monitoring: DTS/RTTR, electrical integrity tests, leak detection; Lazy-wave configuration optimization; buoyancy spacing; hang-off upgrades; -",正确,1.0,712.09,语义RAG,1.0,1.0,0,,3,,,,,,"Monitoring: DTS/RTTR, electrical integrity tests, leak detection; Lazy-wave configuration optimization; buoyancy spacing; hang-off upgrades; -",,项目/功能；潜在失效模式；风险优先数(RPN)；建议措施,97,
662,662,Full-ΣMi残差模型,M1+M2+M3+M4,故障措施推荐类,项目失效现象风险查措施,项目范围措施查询,,,中等,当“Dynamic cable / Dynamic Cable / J-tube”出现“Corrosion of J-tube”且RPN为15时，建议如何处置？,-; Cathodic protection; coating improvements,建议措施 -; Cathodic protection; coating improvements.,正确,1.0,523.68,语义RAG,1.0,1.0,0,,3,,,,,,-; Cathodic protection; coating improvements,,项目/功能；潜在失效模式；风险优先数(RPN)；建议措施,101,
663,663,Full-ΣMi残差模型,M1+M2+M3+M4,故障措施推荐类,项目失效现象风险查措施,项目范围措施查询,,,中等,当“Dynamic cable / Dynamic Cable / Hang-off”出现“damage and corrosion of mechanical parts”且RPN为24时，建议如何处置？,-; Design review; improved material selection,建议措施 -; Design review; improved material selection.,正确,1.0,535.53,语义RAG,0.6667,1.0,0,,3,,,,,,-; Design review; improved material selection,,项目/功能；潜在失效模式；风险优先数(RPN)；建议措施,103,
664,664,Full-ΣMi残差模型,M1+M2+M3+M4,故障措施推荐类,项目失效现象风险查措施,项目范围措施查询,,,中等,当“Dynamic cable / Dynamic Cable / Dynamic Cable”出现“Debris disturbance”且RPN为16时，建议如何处置？,-; Environmental protections; debris management,不知道。上下文中的失效模式为“Crushing or deformation”、“Cable Damage”和“Fatigue Cracks”，没有包含“Debris disturbance”的情况，且这些失效模式的RPN值分别为24、32和35.6，并不满足问题中RPN为16的条件。,错误,0.0,1010.73,语义RAG,1.0,0.0,0,,3,-; Environmental protections; debris management,,,,,-; Environmental protections; debris management,,项目/功能；潜在失效模式；风险优先数(RPN)；建议措施,104,
665,665,Full-ΣMi残差模型,M1+M2+M3+M4,故障措施推荐类,项目失效现象风险查措施,项目范围措施查询,,,中等,当“Dynamic cable / Dynamic Cable / Dynamic Cable”出现“Detachment”且RPN为18.5时，建议如何处置？,-; Design review; improved material selection,根据上下文，没有找到“Dynamic cable / Dynamic Cable / Dynamic Cable”且RPN为18.5的相关信息。因此不知道具体建议措施。,错误,0.0,718.55,语义RAG,0.3333,1.0,0,,3,-; Design review; improved material selection,,,,,-; Design review; improved material selection,,项目/功能；潜在失效模式；风险优先数(RPN)；建议措施,105,
666,666,Full-ΣMi残差模型,M1+M2+M3+M4,故障措施推荐类,项目失效现象风险查措施,项目范围措施查询,,,中等,当“Dynamic cable / Dynamic Cable / Joints and terminations”出现“Failure of end termination”且RPN为28.6时，建议如何处置？,-; Design improvements; enhanced termination QA,建议措施: -; Design improvements; enhanced termination QA.,正确,1.0,581.03,语义RAG,0.6667,1.0,0,,3,,,,,,-; Design improvements; enhanced termination QA,,项目/功能；潜在失效模式；风险优先数(RPN)；建议措施,107,
667,667,Full-ΣMi残差模型,M1+M2+M3+M4,故障措施推荐类,项目失效现象风险查措施,项目范围措施查询,,,中等,当“Dynamic cable / Dynamic Cable / Dynamic Cable”出现“Failure of watertightness”且RPN为30.2时，建议如何处置？,"Installation QA/QC: pull-in tension verification, handling procedures; Watertightness assurance: enhanced sealing tests; end termination QA; -","建议措施 / RecommendedAction / action / 怎么处理 / 咋处理: Installation QA/QC: pull-in tension verification, handling procedures; Watertightness assurance: enhanced sealing tests; end termination QA; -",正确,1.0,941.04,语义RAG,1.0,1.0,0,,3,,,,,,"Installation QA/QC: pull-in tension verification, handling procedures; Watertightness assurance: enhanced sealing tests; end termination QA; -",,项目/功能；潜在失效模式；风险优先数(RPN)；建议措施,112,
668,668,Full-ΣMi残差模型,M1+M2+M3+M4,故障措施推荐类,项目失效现象风险查措施,项目范围措施查询,,,中等,当“Dynamic cable / Dynamic Cable / Dynamic Cable”出现“Failure of watertightness”且RPN为27.8时，建议如何处置？,Watertightness assurance: enhanced sealing tests; end termination QA; -,Watertightness assurance: enhanced sealing tests; end termination QA; -,正确,1.0,375.01,语义RAG,1.0,1.0,0,,3,,,,,,Watertightness assurance: enhanced sealing tests; end termination QA; -,,项目/功能；潜在失效模式；风险优先数(RPN)；建议措施,113,
669,669,Full-ΣMi残差模型,M1+M2+M3+M4,故障措施推荐类,项目失效现象风险查措施,项目范围措施查询,,,中等,当“Dynamic cable / Dynamic Cable / Conductor”出现“failures of conductors”且RPN为25时，建议如何处置？,"-; Monitoring (DTS/RTTR, electrical integrity tests)","Monitoring (DTS/RTTR, electrical integrity tests).",正确,1.0,514.38,语义RAG,0.3333,1.0,0,,3,,,,,,"-; Monitoring (DTS/RTTR, electrical integrity tests)",,项目/功能；潜在失效模式；风险优先数(RPN)；建议措施,114,
670,670,Full-ΣMi残差模型,M1+M2+M3+M4,故障措施推荐类,项目失效现象风险查措施,项目范围措施查询,,,中等,当“Dynamic cable / Dynamic Cable / Dynamic Cable”出现“Fatigue Cracks”且RPN为35.6时，建议如何处置？,"Monitoring: DTS/RTTR, electrical integrity tests, leak detection; -",监测：使用DTS/RTTR、电气完整性测试、渗漏检测。-,错误,0.0,553.52,语义RAG,0.3333,1.0,0,,3,"Monitoring: DTS/RTTR, electrical integrity tests, leak detection; -",,,,,"Monitoring: DTS/RTTR, electrical integrity tests, leak detection; -",,项目/功能；潜在失效模式；风险优先数(RPN)；建议措施,115,
671,671,Full-ΣMi残差模型,M1+M2+M3+M4,故障措施推荐类,项目失效现象风险查措施,项目范围措施查询,,,中等,当“Dynamic cable / Dynamic Cable / Dynamic Cable”出现“material degradation”且RPN为18.5时，建议如何处置？,"Monitoring: DTS/RTTR, electrical integrity tests, leak detection; -","现行预防控制 / PreventControl: 现行探测控制 / DetectionMeasure: 建议措施 / RecommendedAction / action / 怎么处理 / 咋处理: Monitoring: DTS/RTTR, electrical integrity tests, leak detection; -",正确,1.0,806.59,语义RAG,0.3333,1.0,0,,3,,,,,,"Monitoring: DTS/RTTR, electrical integrity tests, leak detection; -",,项目/功能；潜在失效模式；风险优先数(RPN)；建议措施,119,
672,672,Full-ΣMi残差模型,M1+M2+M3+M4,故障措施推荐类,项目失效现象风险查措施,项目范围措施查询,,,中等,当“Dynamic cable / Dynamic Cable / Cable Protection System”出现“Movement of CPS due to scour/seabed mobility”且RPN为44时，建议如何处置？,Burial/trenching optimization; scour mitigation; as-built metrology; -,Burial/trenching optimization; scour mitigation; as-built metrology.,正确,1.0,600.78,语义RAG,1.0,1.0,0,,3,,,,,,Burial/trenching optimization; scour mitigation; as-built metrology; -,,项目/功能；潜在失效模式；风险优先数(RPN)；建议措施,122,
673,673,Full-ΣMi残差模型,M1+M2+M3+M4,故障措施推荐类,项目失效现象风险查措施,项目范围措施查询,,,中等,当“Dynamic cable / Dynamic Cable / Cable Protection System”出现“Movement of CPS due to scour/seabed mobility”且RPN为41.6时，建议如何处置？,Burial/trenching optimization; scour mitigation; as-built metrology; -,Burial/trenching optimization; scour mitigation; as-built metrology; -,正确,1.0,409.94,语义RAG,1.0,1.0,0,,3,,,,,,Burial/trenching optimization; scour mitigation; as-built metrology; -,,项目/功能；潜在失效模式；风险优先数(RPN)；建议措施,123,
674,674,Full-ΣMi残差模型,M1+M2+M3+M4,故障措施推荐类,项目失效现象风险查措施,项目范围措施查询,,,中等,当“Dynamic cable / Dynamic Cable / Static cable/Export Cable”出现“Reduced sediment cover lower than designed value for protection”且RPN为28.6时，建议如何处置？,"Burial/trenching optimization; scour mitigation; as-built metrology; Monitoring: DTS/RTTR, electrical integrity tests, leak detection; -","建议措施 - Burial/trenching optimization; scour mitigation; as-built metrology; Monitoring: DTS/RTTR, electrical integrity tests, leak detection; -",正确,1.0,771.7,语义RAG,1.0,1.0,0,,3,,,,,,"Burial/trenching optimization; scour mitigation; as-built metrology; Monitoring: DTS/RTTR, electrical integrity tests, leak detection; -",,项目/功能；潜在失效模式；风险优先数(RPN)；建议措施,125,
675,675,Full-ΣMi残差模型,M1+M2+M3+M4,故障措施推荐类,项目失效现象风险查措施,项目范围措施查询,,,中等,当“Dynamic cable / Dynamic Cable / Dynamic Cable”出现“Small bending radius”且RPN为28.6时，建议如何处置？,Lazy-wave configuration optimization; buoyancy spacing; hang-off upgrades; -,建议措施 / RecommendedAction / action / 怎么处理 / 咋处理: Lazy-wave configuration optimization; buoyancy spacing; hang-off upgrades; -,正确,1.0,735.64,语义RAG,1.0,1.0,0,,3,,,,,,Lazy-wave configuration optimization; buoyancy spacing; hang-off upgrades; -,,项目/功能；潜在失效模式；风险优先数(RPN)；建议措施,128,
676,676,Full-ΣMi残差模型,M1+M2+M3+M4,故障措施推荐类,fmea_id_to_action,故障措施查询,,,简单,FMEA编号FF2的后续改进措施写了什么？,Expanded design load cases (including typhoon/hurricane scenarios); -; Improved engineering skills,不知道。,错误,0.0,427.38,语义RAG,0.0,0.0,0,,3,Expanded design load cases (including typhoon/hurricane scenarios); -; Improved engineering skills,,,,,Expanded design load cases (including typhoon/hurricane scenarios); -; Improved engineering skills,,FMEA编号；建议措施,46,
677,677,Full-ΣMi残差模型,M1+M2+M3+M4,故障措施推荐类,fmea_id_to_action,故障措施查询,,,简单,FMEA编号FF5的建议措施是什么？,Expanded design load cases (including typhoon/hurricane scenarios); -,不知道。,错误,0.0,341.0,语义RAG,0.0,0.0,0,,3,Expanded design load cases (including typhoon/hurricane scenarios); -,,,,,Expanded design load cases (including typhoon/hurricane scenarios); -,,FMEA编号；建议措施,49,
678,678,Full-ΣMi残差模型,M1+M2+M3+M4,故障措施推荐类,fmea_id_to_action,故障措施查询,,,中等,FMEA编号FF6这条风险，建议怎么处理？,Freeboard margin increase and water-tight compartmentalization; -; Expanded design load cases (including typhoon/hurricane scenarios); Improved cable mechnical design,不知道。,错误,0.0,340.75,语义RAG,0.0,0.0,0,,3,Freeboard margin increase and water-tight compartmentalization; -; Expanded design load cases (including typhoon/hurricane scenarios); Improved cable mechnical design,,,,,Freeboard margin increase and water-tight compartmentalization; -; Expanded design load cases (including typhoon/hurricane scenarios); Improved cable mechnical design,,FMEA编号；建议措施,50,
679,679,Full-ΣMi残差模型,M1+M2+M3+M4,故障措施推荐类,fmea_id_to_action,故障措施查询,,,简单,查一下FMEA编号FF8对应的处理措施。,"Expanded design load cases (including typhoon/hurricane scenarios); Operational limits: weather windows, alarm thresholds for motions; Resonance avoidance via structural tuning/damping",不知道。上下文中的FMEA编号分别为FF12、DC21和FF21，没有找到FF8的相关信息。,错误,0.0,644.5,语义RAG,0.0,0.0,0,,3,"Expanded design load cases (including typhoon/hurricane scenarios); Operational limits: weather windows, alarm thresholds for motions; Resonance avoidance via structural tuning/damping",,,,,"Expanded design load cases (including typhoon/hurricane scenarios); Operational limits: weather windows, alarm thresholds for motions; Resonance avoidance via structural tuning/damping",,FMEA编号；建议措施,52,
680,680,Full-ΣMi残差模型,M1+M2+M3+M4,故障措施推荐类,fmea_id_to_action,故障措施查询,,,简单,FMEA编号FF9这条FMEA记录，需要采取什么建议措施？,Expanded design load cases (including typhoon/hurricane scenarios); Resonance avoidance via structural tuning/damping; High-fidelity coupled aero-hydro-elastic simulation in design updates,不知道。上下文中的FMEA记录没有包含FMEA编号FF9的相关信息。,错误,0.0,601.88,语义RAG,0.0,0.0,0,,3,Expanded design load cases (including typhoon/hurricane scenarios); Resonance avoidance via structural tuning/damping; High-fidelity coupled aero-hydro-elastic simulation in design updates,,,,,Expanded design load cases (including typhoon/hurricane scenarios); Resonance avoidance via structural tuning/damping; High-fidelity coupled aero-hydro-elastic simulation in design updates,,FMEA编号；建议措施,53,
681,681,Full-ΣMi残差模型,M1+M2+M3+M4,故障措施推荐类,fmea_id_to_action,故障措施查询,,,中等,FMEA编号FF14的后续改进措施写了什么？,Ballast redundancy and automated ballast management; Freeboard margin increase and water-tight compartmentalization; Expanded design load cases (including typhoon/hurricane scenarios),不知道。,错误,0.0,350.06,语义RAG,0.0,0.0,0,,3,Ballast redundancy and automated ballast management; Freeboard margin increase and water-tight compartmentalization; Expanded design load cases (including typhoon/hurricane scenarios),,,,,Ballast redundancy and automated ballast management; Freeboard margin increase and water-tight compartmentalization; Expanded design load cases (including typhoon/hurricane scenarios),,FMEA编号；建议措施,58,
682,682,Full-ΣMi残差模型,M1+M2+M3+M4,故障措施推荐类,fmea_id_to_action,故障措施查询,,,简单,FMEA编号FF24的建议措施是什么？,"Operational limits: weather windows, alarm thresholds for motions; Other- Specify; Expanded design load cases (including typhoon/hurricane scenarios); Better understanding of temperature ranges",不知道。,错误,0.0,282.8,语义RAG,0.0,0.0,0,,3,"Operational limits: weather windows, alarm thresholds for motions; Other- Specify; Expanded design load cases (including typhoon/hurricane scenarios); Better understanding of temperature ranges",,,,,"Operational limits: weather windows, alarm thresholds for motions; Other- Specify; Expanded design load cases (including typhoon/hurricane scenarios); Better understanding of temperature ranges",,FMEA编号；建议措施,68,
683,683,Full-ΣMi残差模型,M1+M2+M3+M4,故障措施推荐类,fmea_id_to_action,故障措施查询,,,简单,FMEA编号FF25这条风险，建议怎么处理？,"Operational limits: weather windows, alarm thresholds for motions; -; Expanded design load cases (including typhoon/hurricane scenarios); Freeboard margin increase and water-tight compartmentalization",不知道。,错误,0.0,300.56,语义RAG,0.0,0.0,0,,3,"Operational limits: weather windows, alarm thresholds for motions; -; Expanded design load cases (including typhoon/hurricane scenarios); Freeboard margin increase and water-tight compartmentalization",,,,,"Operational limits: weather windows, alarm thresholds for motions; -; Expanded design load cases (including typhoon/hurricane scenarios); Freeboard margin increase and water-tight compartmentalization",,FMEA编号；建议措施,69,
684,684,Full-ΣMi残差模型,M1+M2+M3+M4,故障措施推荐类,fmea_id_to_action,故障措施查询,,,中等,查一下FMEA编号FF26对应的处理措施。,Expanded design load cases (including typhoon/hurricane scenarios); High-fidelity coupled aero-hydro-elastic simulation in design updates; -,不知道。上下文中的FMEA编号均为FF12、DC21和FF21，没有找到FF26的相关信息。,错误,0.0,696.68,语义RAG,0.0,0.0,0,,3,Expanded design load cases (including typhoon/hurricane scenarios); High-fidelity coupled aero-hydro-elastic simulation in design updates; -,,,,,Expanded design load cases (including typhoon/hurricane scenarios); High-fidelity coupled aero-hydro-elastic simulation in design updates; -,,FMEA编号；建议措施,70,
685,685,Full-ΣMi残差模型,M1+M2+M3+M4,故障措施推荐类,fmea_id_to_action,故障措施查询,,,简单,FMEA编号FF27这条FMEA记录，需要采取什么建议措施？,Expanded design load cases (including typhoon/hurricane scenarios); High-fidelity coupled aero-hydro-elastic simulation in design updates,不知道。,错误,0.0,455.13,语义RAG,0.0,0.0,0,,3,Expanded design load cases (including typhoon/hurricane scenarios); High-fidelity coupled aero-hydro-elastic simulation in design updates,,,,,Expanded design load cases (including typhoon/hurricane scenarios); High-fidelity coupled aero-hydro-elastic simulation in design updates,,FMEA编号；建议措施,71,
686,686,Full-ΣMi残差模型,M1+M2+M3+M4,故障措施推荐类,fmea_id_to_action,故障措施查询,,,简单,FMEA编号FF28的后续改进措施写了什么？,"Operational limits: weather windows, alarm thresholds for motions; Other- Specify; -; Welding quality assurance and NDT enhancement (phased-array UT)",不知道。,错误,0.0,421.16,语义RAG,0.0,0.0,0,,3,"Operational limits: weather windows, alarm thresholds for motions; Other- Specify; -; Welding quality assurance and NDT enhancement (phased-array UT)",,,,,"Operational limits: weather windows, alarm thresholds for motions; Other- Specify; -; Welding quality assurance and NDT enhancement (phased-array UT)",,FMEA编号；建议措施,72,
687,687,Full-ΣMi残差模型,M1+M2+M3+M4,故障措施推荐类,fmea_id_to_action,故障措施查询,,,中等,FMEA编号SKS1的建议措施是什么？,"Continuous tension and vibration monitoring; thresholds for intervention; Procedural controls: load management, operational envelopes; Better design by expanded load case matrix including more failure modes; -",不知道。,错误,0.0,336.87,语义RAG,0.0,0.0,0,,3,"Continuous tension and vibration monitoring; thresholds for intervention; Procedural controls: load management, operational envelopes; Better design by expanded load case matrix including more failure modes; -",,,,,"Continuous tension and vibration monitoring; thresholds for intervention; Procedural controls: load management, operational envelopes; Better design by expanded load case matrix including more failure modes; -",,FMEA编号；建议措施,75,
688,688,Full-ΣMi残差模型,M1+M2+M3+M4,故障措施推荐类,fmea_id_to_action,故障措施查询,,,简单,FMEA编号SKS2这条风险，建议怎么处理？,"Continuous tension and vibration monitoring; thresholds for intervention; Procedural controls: load management, operational envelopes; Better design by expanded load case matrix including more failure modes; -",不知道。上下文中的FMEA编号没有提到SKS2这个编号。,错误,0.0,457.57,语义RAG,0.0,0.0,0,,3,"Continuous tension and vibration monitoring; thresholds for intervention; Procedural controls: load management, operational envelopes; Better design by expanded load case matrix including more failure modes; -",,,,,"Continuous tension and vibration monitoring; thresholds for intervention; Procedural controls: load management, operational envelopes; Better design by expanded load case matrix including more failure modes; -",,FMEA编号；建议措施,76,
689,689,Full-ΣMi残差模型,M1+M2+M3+M4,故障措施推荐类,fmea_id_to_action,故障措施查询,,,简单,查一下FMEA编号SKS5对应的处理措施。,Continuous tension and vibration monitoring; thresholds for intervention; Fairlead geometry improvements and low-wear lining; Optimized chain/wire/rope selection and fatigue margins (design); -,不知道。上下文中的FMEA编号分别为FF12、DC21和FF21，没有找到编号为SKS5的记录。,错误,0.0,651.37,语义RAG,0.0,0.0,0,,3,Continuous tension and vibration monitoring; thresholds for intervention; Fairlead geometry improvements and low-wear lining; Optimized chain/wire/rope selection and fatigue margins (design); -,,,,,Continuous tension and vibration monitoring; thresholds for intervention; Fairlead geometry improvements and low-wear lining; Optimized chain/wire/rope selection and fatigue margins (design); -,,FMEA编号；建议措施,79,
690,690,Full-ΣMi残差模型,M1+M2+M3+M4,故障措施推荐类,fmea_id_to_action,故障措施查询,,,中等,FMEA编号SKS6这条FMEA记录，需要采取什么建议措施？,Cathodic protection and corrosion monitoring regimes; -,不知道。上下文中的FMEA记录没有包含FMEA编号SKS6的信息。,错误,0.0,583.4,语义RAG,0.0,0.0,0,,3,Cathodic protection and corrosion monitoring regimes; -,,,,,Cathodic protection and corrosion monitoring regimes; -,,FMEA编号；建议措施,80,
691,691,Full-ΣMi残差模型,M1+M2+M3+M4,故障措施推荐类,fmea_id_to_action,故障措施查询,,,简单,FMEA编号SKS8的后续改进措施写了什么？,ROV visual inspections; targeted maintenance on wear zones; Diversity in materials/vendors to reduce common-cause risks; -,不知道。,错误,0.0,361.23,语义RAG,0.0,0.0,0,,3,ROV visual inspections; targeted maintenance on wear zones; Diversity in materials/vendors to reduce common-cause risks; -,,,,,ROV visual inspections; targeted maintenance on wear zones; Diversity in materials/vendors to reduce common-cause risks; -,,FMEA编号；建议措施,82,
692,692,Full-ΣMi残差模型,M1+M2+M3+M4,故障措施推荐类,fmea_id_to_action,故障措施查询,,,简单,FMEA编号SKS9的建议措施是什么？,Continuous tension and vibration monitoring; thresholds for intervention; -,不知道。,错误,0.0,322.81,语义RAG,0.0,0.0,0,,3,Continuous tension and vibration monitoring; thresholds for intervention; -,,,,,Continuous tension and vibration monitoring; thresholds for intervention; -,,FMEA编号；建议措施,83,
693,693,Full-ΣMi残差模型,M1+M2+M3+M4,故障措施推荐类,fmea_id_to_action,故障措施查询,,,中等,FMEA编号SKS10这条风险，建议怎么处理？,Continuous tension and vibration monitoring; thresholds for intervention; -,这个问题与提供的上下文不符，上下文中没有关于 FMEA 编号 SKS10 的信息。根据给出的三条 FMEA 证据片段，对应的 FMEA 编号分别是 DC21、DC8 和 FF12，并没有 SKS10 这个编号的风险模式。因此，我无法回答这个问题。,错误,0.0,899.42,语义RAG,0.0,0.0,0,,3,Continuous tension and vibration monitoring; thresholds for intervention; -,,,,,Continuous tension and vibration monitoring; thresholds for intervention; -,,FMEA编号；建议措施,84,
694,694,Full-ΣMi残差模型,M1+M2+M3+M4,故障措施推荐类,fmea_id_to_action,故障措施查询,,,简单,查一下FMEA编号SKS11对应的处理措施。,Continuous tension and vibration monitoring; thresholds for intervention; Optimized chain/wire/rope selection and fatigue margins (design); -,不知道。上下文中的FMEA编号分别为FF12、DC21和FF21，没有找到编号为SKS11的记录。,错误,0.0,698.9,语义RAG,0.0,0.0,0,,3,Continuous tension and vibration monitoring; thresholds for intervention; Optimized chain/wire/rope selection and fatigue margins (design); -,,,,,Continuous tension and vibration monitoring; thresholds for intervention; Optimized chain/wire/rope selection and fatigue margins (design); -,,FMEA编号；建议措施,85,
695,695,Full-ΣMi残差模型,M1+M2+M3+M4,故障措施推荐类,fmea_id_to_action,故障措施查询,,,简单,FMEA编号SKS13这条FMEA记录，需要采取什么建议措施？,Continuous tension and vibration monitoring; thresholds for intervention; Optimized chain/wire/rope selection and fatigue margins (design); -,根据上下文，FMEA编号SKS13这条FMEA记录中并没有提供具体的建议措施。因此答案是： -,错误,0.0,649.81,语义RAG,0.0,0.0,0,,3,Continuous tension and vibration monitoring; thresholds for intervention; Optimized chain/wire/rope selection and fatigue margins (design); -,,,,,Continuous tension and vibration monitoring; thresholds for intervention; Optimized chain/wire/rope selection and fatigue margins (design); -,,FMEA编号；建议措施,87,
696,696,Full-ΣMi残差模型,M1+M2+M3+M4,故障措施推荐类,fmea_id_to_action,故障措施查询,,,中等,FMEA编号SKS17的后续改进措施写了什么？,"ROV visual inspections; targeted maintenance on wear zones; Optimized chain/wire/rope selection and fatigue margins (design); Only chain and wire above MSL, keep fiber ropes wet; -",不知道。,错误,0.0,369.03,语义RAG,0.0,0.0,0,,3,"ROV visual inspections; targeted maintenance on wear zones; Optimized chain/wire/rope selection and fatigue margins (design); Only chain and wire above MSL, keep fiber ropes wet; -",,,,,"ROV visual inspections; targeted maintenance on wear zones; Optimized chain/wire/rope selection and fatigue margins (design); Only chain and wire above MSL, keep fiber ropes wet; -",,FMEA编号；建议措施,91,
697,697,Full-ΣMi残差模型,M1+M2+M3+M4,故障措施推荐类,fmea_id_to_action,故障措施查询,,,简单,FMEA编号SKS18的建议措施是什么？,"ROV visual inspections; targeted maintenance on wear zones; Optimized chain/wire/rope selection and fatigue margins (design); Only chain and wire above MSL, keep fiber ropes wet; -",不知道。,错误,0.0,355.07,语义RAG,0.0,0.0,0,,3,"ROV visual inspections; targeted maintenance on wear zones; Optimized chain/wire/rope selection and fatigue margins (design); Only chain and wire above MSL, keep fiber ropes wet; -",,,,,"ROV visual inspections; targeted maintenance on wear zones; Optimized chain/wire/rope selection and fatigue margins (design); Only chain and wire above MSL, keep fiber ropes wet; -",,FMEA编号；建议措施,92,
698,698,Full-ΣMi残差模型,M1+M2+M3+M4,故障措施推荐类,fmea_id_to_action,故障措施查询,,,简单,FMEA编号SKS19这条风险，建议怎么处理？,"ROV visual inspections; targeted maintenance on wear zones; Optimized chain/wire/rope selection and fatigue margins (design); Only chain and wire above MSL, keep fiber ropes wet; -",不知道。上下文中的FMEA编号没有提到SKS19这个编号。,错误,0.0,429.89,语义RAG,0.0,0.0,0,,3,"ROV visual inspections; targeted maintenance on wear zones; Optimized chain/wire/rope selection and fatigue margins (design); Only chain and wire above MSL, keep fiber ropes wet; -",,,,,"ROV visual inspections; targeted maintenance on wear zones; Optimized chain/wire/rope selection and fatigue margins (design); Only chain and wire above MSL, keep fiber ropes wet; -",,FMEA编号；建议措施,93,
699,699,Full-ΣMi残差模型,M1+M2+M3+M4,故障措施推荐类,fmea_id_to_action,故障措施查询,,,中等,查一下FMEA编号SKS20对应的处理措施。,ROV visual inspections; targeted maintenance on wear zones; -,不知道。上下文中的FMEA编号分别为FF12、DC21和FF21，没有找到编号为SKS20的记录。,错误,0.0,676.47,语义RAG,0.0,0.0,0,,3,ROV visual inspections; targeted maintenance on wear zones; -,,,,,ROV visual inspections; targeted maintenance on wear zones; -,,FMEA编号；建议措施,94,
700,700,Full-ΣMi残差模型,M1+M2+M3+M4,故障措施推荐类,fmea_id_to_action,故障措施查询,,,简单,FMEA编号SKS22这条FMEA记录，需要采取什么建议措施？,"Continuous tension and vibration monitoring; thresholds for intervention; Procedural controls: load management, operational envelopes; -",不知道。上下文中的FMEA记录没有包含FMEA编号SKS22的信息。,错误,0.0,578.22,语义RAG,0.0,0.0,0,,3,"Continuous tension and vibration monitoring; thresholds for intervention; Procedural controls: load management, operational envelopes; -",,,,,"Continuous tension and vibration monitoring; thresholds for intervention; Procedural controls: load management, operational envelopes; -",,FMEA编号；建议措施,96,
701,701,Full-ΣMi残差模型,M1+M2+M3+M4,故障措施推荐类,fmea_id_to_action,故障措施查询,,,简单,FMEA编号DC1的后续改进措施写了什么？,"Monitoring: DTS/RTTR, electrical integrity tests, leak detection; Lazy-wave configuration optimization; buoyancy spacing; hang-off upgrades; -",你询问的是FMEA编号DC1的相关信息，但根据提供的上下文，没有找到FMEA编号为DC1的数据。因此，我无法回答这个问题。 根据你的要求，我会直接回答不知道。 不知道。,错误,0.0,760.33,语义RAG,0.0,0.0,0,,3,"Monitoring: DTS/RTTR, electrical integrity tests, leak detection; Lazy-wave configuration optimization; buoyancy spacing; hang-off upgrades; -",,,,,"Monitoring: DTS/RTTR, electrical integrity tests, leak detection; Lazy-wave configuration optimization; buoyancy spacing; hang-off upgrades; -",,FMEA编号；建议措施,97,
702,702,Full-ΣMi残差模型,M1+M2+M3+M4,故障措施推荐类,fmea_id_to_action,故障措施查询,,,中等,FMEA编号DC5的建议措施是什么？,-; Cathodic protection; coating improvements,不知道。,错误,0.0,322.32,语义RAG,0.0,0.0,0,,3,-; Cathodic protection; coating improvements,,,,,-; Cathodic protection; coating improvements,,FMEA编号；建议措施,101,
703,703,Full-ΣMi残差模型,M1+M2+M3+M4,故障措施推荐类,fmea_id_to_action,故障措施查询,,,简单,FMEA编号DC7这条风险，建议怎么处理？,-; Design review; improved material selection,FMEA编号DC7这条风险没有提供具体的建议措施。,错误,0.0,415.49,语义RAG,0.0,0.0,0,,3,-; Design review; improved material selection,,,,,-; Design review; improved material selection,,FMEA编号；建议措施,103,
704,704,Full-ΣMi残差模型,M1+M2+M3+M4,故障措施推荐类,fmea_id_to_action,故障措施查询,,,简单,查一下FMEA编号DC8对应的处理措施。,-; Environmental protections; debris management,不知道。上下文中的FMEA编号均为FF12、DC21和FF21，没有找到FMEA编号为DC8的相关信息。,错误,0.0,700.24,语义RAG,0.0,0.0,0,,3,-; Environmental protections; debris management,,,,,-; Environmental protections; debris management,,FMEA编号；建议措施,104,
705,705,Full-ΣMi残差模型,M1+M2+M3+M4,故障措施推荐类,fmea_id_to_action,故障措施查询,,,中等,FMEA编号DC9这条FMEA记录，需要采取什么建议措施？,-; Design review; improved material selection,不知道。,错误,0.0,475.37,语义RAG,0.0,0.0,0,,3,-; Design review; improved material selection,,,,,-; Design review; improved material selection,,FMEA编号；建议措施,105,
706,706,Full-ΣMi残差模型,M1+M2+M3+M4,故障措施推荐类,fmea_id_to_action,故障措施查询,,,简单,FMEA编号DC11的后续改进措施写了什么？,-; Design improvements; enhanced termination QA,不知道。,错误,0.0,374.24,语义RAG,0.0,0.0,0,,3,-; Design improvements; enhanced termination QA,,,,,-; Design improvements; enhanced termination QA,,FMEA编号；建议措施,107,
707,707,Full-ΣMi残差模型,M1+M2+M3+M4,故障措施推荐类,fmea_id_to_action,故障措施查询,,,简单,FMEA编号DC16的建议措施是什么？,"Installation QA/QC: pull-in tension verification, handling procedures; Watertightness assurance: enhanced sealing tests; end termination QA; -",不知道。,错误,0.0,313.94,语义RAG,0.0,0.0,0,,3,"Installation QA/QC: pull-in tension verification, handling procedures; Watertightness assurance: enhanced sealing tests; end termination QA; -",,,,,"Installation QA/QC: pull-in tension verification, handling procedures; Watertightness assurance: enhanced sealing tests; end termination QA; -",,FMEA编号；建议措施,112,
708,708,Full-ΣMi残差模型,M1+M2+M3+M4,故障措施推荐类,fmea_id_to_action,故障措施查询,,,中等,FMEA编号DC17这条风险，建议怎么处理？,Watertightness assurance: enhanced sealing tests; end termination QA; -,不知道。,错误,0.0,332.86,语义RAG,0.0,0.0,0,,3,Watertightness assurance: enhanced sealing tests; end termination QA; -,,,,,Watertightness assurance: enhanced sealing tests; end termination QA; -,,FMEA编号；建议措施,113,
709,709,Full-ΣMi残差模型,M1+M2+M3+M4,故障措施推荐类,fmea_id_to_action,故障措施查询,,,简单,查一下FMEA编号DC18对应的处理措施。,"-; Monitoring (DTS/RTTR, electrical integrity tests)",不知道。上下文中的FMEA编号均为FF12、DC21和FF21，没有找到FMEA编号为DC18的相关信息。,错误,0.0,688.32,语义RAG,0.0,0.0,0,,3,"-; Monitoring (DTS/RTTR, electrical integrity tests)",,,,,"-; Monitoring (DTS/RTTR, electrical integrity tests)",,FMEA编号；建议措施,114,
710,710,Full-ΣMi残差模型,M1+M2+M3+M4,故障措施推荐类,fmea_id_to_action,故障措施查询,,,简单,FMEA编号DC19这条FMEA记录，需要采取什么建议措施？,"Monitoring: DTS/RTTR, electrical integrity tests, leak detection; -",不知道。,错误,0.0,415.78,语义RAG,0.0,0.0,0,,3,"Monitoring: DTS/RTTR, electrical integrity tests, leak detection; -",,,,,"Monitoring: DTS/RTTR, electrical integrity tests, leak detection; -",,FMEA编号；建议措施,115,
711,711,Full-ΣMi残差模型,M1+M2+M3+M4,故障措施推荐类,fmea_id_to_action,故障措施查询,,,中等,FMEA编号DC23的后续改进措施写了什么？,"Monitoring: DTS/RTTR, electrical integrity tests, leak detection; -",不知道。,错误,0.0,384.96,语义RAG,0.0,0.0,0,,3,"Monitoring: DTS/RTTR, electrical integrity tests, leak detection; -",,,,,"Monitoring: DTS/RTTR, electrical integrity tests, leak detection; -",,FMEA编号；建议措施,119,
712,712,Full-ΣMi残差模型,M1+M2+M3+M4,故障措施推荐类,fmea_id_to_action,故障措施查询,,,简单,FMEA编号DC26的建议措施是什么？,Burial/trenching optimization; scour mitigation; as-built metrology; -,不知道。,错误,0.0,335.42,语义RAG,0.0,0.0,0,,3,Burial/trenching optimization; scour mitigation; as-built metrology; -,,,,,Burial/trenching optimization; scour mitigation; as-built metrology; -,,FMEA编号；建议措施,122,
713,713,Full-ΣMi残差模型,M1+M2+M3+M4,故障措施推荐类,fmea_id_to_action,故障措施查询,,,简单,FMEA编号DC27这条风险，建议怎么处理？,Burial/trenching optimization; scour mitigation; as-built metrology; -,不知道。上下文中的FMEA编号没有提到DC27这条风险。,错误,0.0,456.33,语义RAG,0.0,0.0,0,,3,Burial/trenching optimization; scour mitigation; as-built metrology; -,,,,,Burial/trenching optimization; scour mitigation; as-built metrology; -,,FMEA编号；建议措施,123,
714,714,Full-ΣMi残差模型,M1+M2+M3+M4,故障措施推荐类,fmea_id_to_action,故障措施查询,,,中等,查一下FMEA编号DC29对应的处理措施。,"Burial/trenching optimization; scour mitigation; as-built metrology; Monitoring: DTS/RTTR, electrical integrity tests, leak detection; -",不知道。上下文中的FMEA编号均为FF12、DC21和FF21，没有找到FMEA编号为DC29的相关信息。,错误,0.0,682.98,语义RAG,0.0,0.0,0,,3,"Burial/trenching optimization; scour mitigation; as-built metrology; Monitoring: DTS/RTTR, electrical integrity tests, leak detection; -",,,,,"Burial/trenching optimization; scour mitigation; as-built metrology; Monitoring: DTS/RTTR, electrical integrity tests, leak detection; -",,FMEA编号；建议措施,125,
715,715,Full-ΣMi残差模型,M1+M2+M3+M4,故障措施推荐类,fmea_id_to_action,故障措施查询,,,简单,FMEA编号DC32这条FMEA记录，需要采取什么建议措施？,Lazy-wave configuration optimization; buoyancy spacing; hang-off upgrades; -,不知道。,错误,0.0,468.61,语义RAG,0.0,0.0,0,,3,Lazy-wave configuration optimization; buoyancy spacing; hang-off upgrades; -,,,,,Lazy-wave configuration optimization; buoyancy spacing; hang-off upgrades; -,,FMEA编号；建议措施,128,
716,716,Full-ΣMi残差模型,M1+M2+M3+M4,故障措施推荐类,fmea_id_to_action,故障措施查询,,,简单,FMEA编号TO5的后续改进措施写了什么？,High-fidelity coupled aero-hydro-elastic simulation in design updates; Thicker shell sections / local reinforcement,不知道。上下文中的FMEA编号没有一个是TO5的。,错误,0.0,454.64,语义RAG,0.0,0.0,0,,3,High-fidelity coupled aero-hydro-elastic simulation in design updates; Thicker shell sections / local reinforcement,,,,,High-fidelity coupled aero-hydro-elastic simulation in design updates; Thicker shell sections / local reinforcement,,FMEA编号；建议措施,4,
717,717,Full-ΣMi残差模型,M1+M2+M3+M4,故障措施推荐类,fmea_id_to_action,故障措施查询,,,中等,FMEA编号TO6的建议措施是什么？,"Enhanced SHM: acoustic emission, strain gauges, modal monitoring; -; High-fidelity coupled aero-hydro-elastic simulation in design updates; Weld detail optimization and hotspot redesign",不知道。,错误,0.0,323.51,语义RAG,0.0,0.0,0,,3,"Enhanced SHM: acoustic emission, strain gauges, modal monitoring; -; High-fidelity coupled aero-hydro-elastic simulation in design updates; Weld detail optimization and hotspot redesign",,,,,"Enhanced SHM: acoustic emission, strain gauges, modal monitoring; -; High-fidelity coupled aero-hydro-elastic simulation in design updates; Weld detail optimization and hotspot redesign",,FMEA编号；建议措施,5,
718,718,Full-ΣMi残差模型,M1+M2+M3+M4,故障措施推荐类,fmea_id_to_action,故障措施查询,,,简单,FMEA编号TO7这条风险，建议怎么处理？,"Weld detail optimization and hotspot redesign; Enhanced SHM: acoustic emission, strain gauges, modal monitoring; Thicker shell sections / local reinforcement; High-fidelity coupled aero-hydro-elastic simulation in design updates",根据上下文，FMEA编号TO7这条风险没有提供具体的建议措施（RecommendedAction），因此无法给出具体的处理建议。其他条目中的建议措施如下： - FMEA编号DC21：- - FMEA编号DC8：Environmental protections; debris management - FMEA编号FF12：-,错误,0.0,826.92,语义RAG,0.0,0.0,0,,3,"Weld detail optimization and hotspot redesign; Enhanced SHM: acoustic emission, strain gauges, modal monitoring; Thicker shell sections / local reinforcement; High-fidelity coupled aero-hydro-elastic simulation in design updates",,,,,"Weld detail optimization and hotspot redesign; Enhanced SHM: acoustic emission, strain gauges, modal monitoring; Thicker shell sections / local reinforcement; High-fidelity coupled aero-hydro-elastic simulation in design updates",,FMEA编号；建议措施,6,
719,719,Full-ΣMi残差模型,M1+M2+M3+M4,故障措施推荐类,fmea_id_to_action,故障措施查询,,,简单,查一下FMEA编号TO23对应的处理措施。,Operational limits & control strategies for extreme motions; Blade–tower clearance and control optimization for extreme motions; High-fidelity coupled aero-hydro-elastic simulation in design updates,不知道。上下文中的FMEA编号分别为FF12、DC21和FF21，没有找到TO23的相关信息。,错误,0.0,669.69,语义RAG,0.0,0.0,0,,3,Operational limits & control strategies for extreme motions; Blade–tower clearance and control optimization for extreme motions; High-fidelity coupled aero-hydro-elastic simulation in design updates,,,,,Operational limits & control strategies for extreme motions; Blade–tower clearance and control optimization for extreme motions; High-fidelity coupled aero-hydro-elastic simulation in design updates,,FMEA编号；建议措施,22,
720,720,Full-ΣMi残差模型,M1+M2+M3+M4,故障措施推荐类,fmea_id_to_action,故障措施查询,,,中等,FMEA编号TP1这条FMEA记录，需要采取什么建议措施？,"Interface redesign to reduce stress concentrations (fillets, radii); High-fidelity coupled analysis of TP–tower–floater interaction; Improve engineering skills",不知道。上下文中的FMEA记录没有包含FMEA编号TP1的相关信息。,错误,0.0,580.2,语义RAG,0.0,0.0,0,,3,"Interface redesign to reduce stress concentrations (fillets, radii); High-fidelity coupled analysis of TP–tower–floater interaction; Improve engineering skills",,,,,"Interface redesign to reduce stress concentrations (fillets, radii); High-fidelity coupled analysis of TP–tower–floater interaction; Improve engineering skills",,FMEA编号；建议措施,24,
721,721,Full-ΣMi残差模型,M1+M2+M3+M4,故障措施推荐类,fmea_id_to_action,故障措施查询,,,简单,FMEA编号TP2的后续改进措施写了什么？,"SHM for TP connections (strain gauges, acoustic emission, bolt preload monitoring); Design requalification for extreme storms (updated metocean; load cases); -",不知道。上下文中的FMEA编号没有TP2这个编号。,错误,0.0,480.94,语义RAG,0.0,0.0,0,,3,"SHM for TP connections (strain gauges, acoustic emission, bolt preload monitoring); Design requalification for extreme storms (updated metocean; load cases); -",,,,,"SHM for TP connections (strain gauges, acoustic emission, bolt preload monitoring); Design requalification for extreme storms (updated metocean; load cases); -",,FMEA编号；建议措施,25,
722,722,Full-ΣMi残差模型,M1+M2+M3+M4,故障措施推荐类,fmea_id_to_action,故障措施查询,,,简单,FMEA编号TP3的建议措施是什么？,"SHM for TP connections (strain gauges, acoustic emission, bolt preload monitoring); Design requalification for extreme storms (updated metocean; load cases); High-fidelity coupled analysis of TP–tower–floater interaction; -",不知道。,错误,0.0,291.01,语义RAG,0.0,0.0,0,,3,"SHM for TP connections (strain gauges, acoustic emission, bolt preload monitoring); Design requalification for extreme storms (updated metocean; load cases); High-fidelity coupled analysis of TP–tower–floater interaction; -",,,,,"SHM for TP connections (strain gauges, acoustic emission, bolt preload monitoring); Design requalification for extreme storms (updated metocean; load cases); High-fidelity coupled analysis of TP–tower–floater interaction; -",,FMEA编号；建议措施,26,
723,723,Full-ΣMi残差模型,M1+M2+M3+M4,故障措施推荐类,fmea_id_to_action,故障措施查询,,,中等,FMEA编号TP5这条风险，建议怎么处理？,High-fidelity coupled analysis of TP–tower–floater interaction; Design requalification for extreme storms (updated metocean; load cases); Improved metocean data measurements,根据上下文，没有找到FMEA编号TP5的相关信息。因此无法提供具体的建议措施。 但是，可以参考其他条目的建议措施： - FMEA编号DC21的建议措施：- - FMEA编号DC8的建议措施：Environmental protections; debris management - FMEA编号FF12的建议措施：- 根据上述信息，对于FMEA编号TP5的风险问题，可以考虑采取环境保护和废弃物管理等措施。,错误,0.0,1103.08,语义RAG,0.0,0.0,0,,3,High-fidelity coupled analysis of TP–tower–floater interaction; Design requalification for extreme storms (updated metocean; load cases); Improved metocean data measurements,,,,,High-fidelity coupled analysis of TP–tower–floater interaction; Design requalification for extreme storms (updated metocean; load cases); Improved metocean data measurements,,FMEA编号；建议措施,28,
724,724,Full-ΣMi残差模型,M1+M2+M3+M4,故障措施推荐类,fmea_id_to_action,故障措施查询,,,简单,查一下FMEA编号TP9对应的处理措施。,Design requalification for extreme storms (updated metocean; load cases); High-fidelity coupled aero-hydro-elastic simulation in design updates,不知道。上下文中的FMEA编号分别为FF12、DC21和FF21，没有找到编号为TP9的记录。,错误,0.0,657.02,语义RAG,0.0,0.0,0,,3,Design requalification for extreme storms (updated metocean; load cases); High-fidelity coupled aero-hydro-elastic simulation in design updates,,,,,Design requalification for extreme storms (updated metocean; load cases); High-fidelity coupled aero-hydro-elastic simulation in design updates,,FMEA编号；建议措施,32,
725,725,Full-ΣMi残差模型,M1+M2+M3+M4,故障措施推荐类,fmea_id_to_action,故障措施查询,,,简单,FMEA编号TP16这条FMEA记录，需要采取什么建议措施？,High-fidelity coupled analysis of TP–tower–floater interaction; Design requalification for extreme storms (updated metocean; load cases); High-fidelity coupled aero-hydro-elastic simulation in design updates,不知道。上下文中的FMEA记录没有包含FMEA编号TP16的信息。,错误,0.0,558.36,语义RAG,0.0,0.0,0,,3,High-fidelity coupled analysis of TP–tower–floater interaction; Design requalification for extreme storms (updated metocean; load cases); High-fidelity coupled aero-hydro-elastic simulation in design updates,,,,,High-fidelity coupled analysis of TP–tower–floater interaction; Design requalification for extreme storms (updated metocean; load cases); High-fidelity coupled aero-hydro-elastic simulation in design updates,,FMEA编号；建议措施,39,
726,726,Full-ΣMi残差模型,M1+M2+M3+M4,故障措施推荐类,fmea_id_to_action,故障措施查询,,,中等,FMEA编号TP17的后续改进措施写了什么？,"SHM for TP connections (strain gauges, acoustic emission, bolt preload monitoring); Welding quality assurance and NDT enhancement (phased-array UT)",不知道。,错误,0.0,388.93,语义RAG,0.0,0.0,0,,3,"SHM for TP connections (strain gauges, acoustic emission, bolt preload monitoring); Welding quality assurance and NDT enhancement (phased-array UT)",,,,,"SHM for TP connections (strain gauges, acoustic emission, bolt preload monitoring); Welding quality assurance and NDT enhancement (phased-array UT)",,FMEA编号；建议措施,40,
727,727,Full-ΣMi残差模型,M1+M2+M3+M4,故障措施推荐类,风险画像查措施,故障措施查询,,,中等,在S/O/D为3.8/2/3的风险画像下，失效模式“Cracks”的建议措施是什么？,High-fidelity coupled aero-hydro-elastic simulation in design updates; Thicker shell sections / local reinforcement,根据上下文，没有找到S/O/D值为3.8/2/3的失效模式“Cracks”的相关信息。因此不知道该建议措施。,错误,0.0,754.73,语义RAG,0.0,0.0,0,,3,High-fidelity coupled aero-hydro-elastic simulation in design updates; Thicker shell sections / local reinforcement,,,,,High-fidelity coupled aero-hydro-elastic simulation in design updates; Thicker shell sections / local reinforcement,,严酷度(S)；发生度(O)；可探测度(D)；潜在失效模式；建议措施,4,
728,728,Full-ΣMi残差模型,M1+M2+M3+M4,故障措施推荐类,风险画像查措施,故障措施查询,,,中等,在S/O/D为4.4/2.6/3.2的风险画像下，失效模式“Cracks”的建议措施是什么？,"Enhanced SHM: acoustic emission, strain gauges, modal monitoring; -; High-fidelity coupled aero-hydro-elastic simulation in design updates; Weld detail optimization and hotspot redesign",根据上下文，没有找到与“Cracks”相关的失效模式和建议措施。因此不知道该建议措施具体是什么。,错误,0.0,646.87,语义RAG,0.0,0.0,0,,3,"Enhanced SHM: acoustic emission, strain gauges, modal monitoring; -; High-fidelity coupled aero-hydro-elastic simulation in design updates; Weld detail optimization and hotspot redesign",,,,,"Enhanced SHM: acoustic emission, strain gauges, modal monitoring; -; High-fidelity coupled aero-hydro-elastic simulation in design updates; Weld detail optimization and hotspot redesign",,严酷度(S)；发生度(O)；可探测度(D)；潜在失效模式；建议措施,5,
729,729,Full-ΣMi残差模型,M1+M2+M3+M4,故障措施推荐类,风险画像查措施,故障措施查询,,,中等,在S/O/D为4.4/2.8/3.2的风险画像下，失效模式“Cracks”的建议措施是什么？,"Weld detail optimization and hotspot redesign; Enhanced SHM: acoustic emission, strain gauges, modal monitoring; Thicker shell sections / local reinforcement; High-fidelity coupled aero-hydro-elastic simulation in design updates",建议措施=Expanded design load cases (including typhoon/hurricane scenarios); Resonance avoidance via structural tuning/damping; High-fidelity coupled aero-hydro-elastic simulation in design updates.,错误,0.0,840.29,语义RAG,0.3333,0.0,0,,3,"Weld detail optimization and hotspot redesign; Enhanced SHM: acoustic emission, strain gauges, modal monitoring; Thicker shell sections / local reinforcement; High-fidelity coupled aero-hydro-elastic simulation in design updates",,,,,"Weld detail optimization and hotspot redesign; Enhanced SHM: acoustic emission, strain gauges, modal monitoring; Thicker shell sections / local reinforcement; High-fidelity coupled aero-hydro-elastic simulation in design updates",,严酷度(S)；发生度(O)；可探测度(D)；潜在失效模式；建议措施,6,
730,730,Full-ΣMi残差模型,M1+M2+M3+M4,故障措施推荐类,风险画像查措施,故障措施查询,,,中等,在S/O/D为4.4/2.2/2.8的风险画像下，失效模式“Plastic deformation”的建议措施是什么？,Operational limits & control strategies for extreme motions; Blade–tower clearance and control optimization for extreme motions; High-fidelity coupled aero-hydro-elastic simulation in design updates,现行预防控制 / PreventControl: 现行探测控制 / DetectionMeasure: 建议措施 / RecommendedAction / action / 怎么处理 / 咋处理: Operational limits & control strategies for extreme motions; Blade–tower clearance and control optimization for extreme motions; High-fidelity coupled aero-hydro-elastic simulation in design updates,正确,1.0,1039.05,语义RAG,0.6667,1.0,0,,3,,,,,,Operational limits & control strategies for extreme motions; Blade–tower clearance and control optimization for extreme motions; High-fidelity coupled aero-hydro-elastic simulation in design updates,,严酷度(S)；发生度(O)；可探测度(D)；潜在失效模式；建议措施,22,
731,731,Full-ΣMi残差模型,M1+M2+M3+M4,故障措施推荐类,风险画像查措施,故障措施查询,,,中等,在S/O/D为4.75/2.5/3的风险画像下，失效模式“Transition piece break”的建议措施是什么？,"Interface redesign to reduce stress concentrations (fillets, radii); High-fidelity coupled analysis of TP–tower–floater interaction; Improve engineering skills","建议措施 / RecommendedAction / action / 怎么处理 / 咋处理: Interface redesign to reduce stress concentrations (fillets, radii); High-fidelity coupled analysis of TP–tower–floater interaction; Improve engineering skills",正确,1.0,858.96,语义RAG,0.6667,1.0,0,,3,,,,,,"Interface redesign to reduce stress concentrations (fillets, radii); High-fidelity coupled analysis of TP–tower–floater interaction; Improve engineering skills",,严酷度(S)；发生度(O)；可探测度(D)；潜在失效模式；建议措施,24,
732,732,Full-ΣMi残差模型,M1+M2+M3+M4,故障措施推荐类,风险画像查措施,故障措施查询,,,中等,在S/O/D为4.25/2.25/3.25的风险画像下，失效模式“Transition piece break”的建议措施是什么？,"SHM for TP connections (strain gauges, acoustic emission, bolt preload monitoring); Design requalification for extreme storms (updated metocean; load cases); -","SHM for TP connections (strain gauges, acoustic emission, bolt preload monitoring); Design requalification for extreme storms (updated metocean; load cases); -",正确,1.0,552.21,语义RAG,0.6667,1.0,0,,3,,,,,,"SHM for TP connections (strain gauges, acoustic emission, bolt preload monitoring); Design requalification for extreme storms (updated metocean; load cases); -",,严酷度(S)；发生度(O)；可探测度(D)；潜在失效模式；建议措施,25,
733,733,Full-ΣMi残差模型,M1+M2+M3+M4,故障措施推荐类,风险画像查措施,故障措施查询,,,中等,在S/O/D为4/2.5/3的风险画像下，失效模式“Structural plastic deformation”的建议措施是什么？,"SHM for TP connections (strain gauges, acoustic emission, bolt preload monitoring); Design requalification for extreme storms (updated metocean; load cases); High-fidelity coupled analysis of TP–tower–floater interaction; -","SHM for TP connections (strain gauges, acoustic emission, bolt preload monitoring); Design requalification for extreme storms (updated metocean; load cases); High-fidelity coupled analysis of TP–tower–floater interaction;",正确,1.0,850.02,语义RAG,1.0,1.0,0,,3,,,,,,"SHM for TP connections (strain gauges, acoustic emission, bolt preload monitoring); Design requalification for extreme storms (updated metocean; load cases); High-fidelity coupled analysis of TP–tower–floater interaction; -",,严酷度(S)；发生度(O)；可探测度(D)；潜在失效模式；建议措施,26,
734,734,Full-ΣMi残差模型,M1+M2+M3+M4,故障措施推荐类,风险画像查措施,故障措施查询,,,中等,在S/O/D为5/2/2.67的风险画像下，失效模式“Transition piece break”的建议措施是什么？,High-fidelity coupled analysis of TP–tower–floater interaction; Design requalification for extreme storms (updated metocean; load cases); Improved metocean data measurements,"SHM for TP connections (strain gauges, acoustic emission, bolt preload monitoring); Design requalification for extreme storms (updated metocean; load cases)",错误,0.0,737.41,语义RAG,0.6667,0.0,0,,3,High-fidelity coupled analysis of TP–tower–floater interaction; Design requalification for extreme storms (updated metocean; load cases); Improved metocean data measurements,,,,,High-fidelity coupled analysis of TP–tower–floater interaction; Design requalification for extreme storms (updated metocean; load cases); Improved metocean data measurements,,严酷度(S)；发生度(O)；可探测度(D)；潜在失效模式；建议措施,28,
735,735,Full-ΣMi残差模型,M1+M2+M3+M4,故障措施推荐类,风险画像查措施,故障措施查询,,,中等,在S/O/D为4/2.5/3的风险画像下，失效模式“Cracks”的建议措施是什么？,Design requalification for extreme storms (updated metocean; load cases); High-fidelity coupled aero-hydro-elastic simulation in design updates,不知道。上下文中的失效模式并未包含“Cracks”，而是涉及“Clump weight”、“Buoyancy element”和“Anchor failure”。,错误,0.0,689.33,语义RAG,0.0,0.0,0,,3,Design requalification for extreme storms (updated metocean; load cases); High-fidelity coupled aero-hydro-elastic simulation in design updates,,,,,Design requalification for extreme storms (updated metocean; load cases); High-fidelity coupled aero-hydro-elastic simulation in design updates,,严酷度(S)；发生度(O)；可探测度(D)；潜在失效模式；建议措施,32,
736,736,Full-ΣMi残差模型,M1+M2+M3+M4,故障措施推荐类,风险画像查措施,故障措施查询,,,中等,在S/O/D为5/1.67/2.67的风险画像下，失效模式“Transition piece break”的建议措施是什么？,High-fidelity coupled analysis of TP–tower–floater interaction; Design requalification for extreme storms (updated metocean; load cases); High-fidelity coupled aero-hydro-elastic simulation in design updates,"SHM for TP connections (strain gauges, acoustic emission, bolt preload monitoring); Design requalification for extreme storms (updated metocean; load cases); -",错误,0.0,750.24,语义RAG,0.6667,0.0,0,,3,High-fidelity coupled analysis of TP–tower–floater interaction; Design requalification for extreme storms (updated metocean; load cases); High-fidelity coupled aero-hydro-elastic simulation in design updates,,,,,High-fidelity coupled analysis of TP–tower–floater interaction; Design requalification for extreme storms (updated metocean; load cases); High-fidelity coupled aero-hydro-elastic simulation in design updates,,严酷度(S)；发生度(O)；可探测度(D)；潜在失效模式；建议措施,39,
737,737,Full-ΣMi残差模型,M1+M2+M3+M4,故障措施推荐类,风险画像查措施,故障措施查询,,,中等,在S/O/D为4.67/1.67/3.33的风险画像下，失效模式“Transition piece break”的建议措施是什么？,"SHM for TP connections (strain gauges, acoustic emission, bolt preload monitoring); Welding quality assurance and NDT enhancement (phased-array UT)","建议措施 / RecommendedAction / action / 怎么处理 / 咋处理: SHM for TP connections (strain gauges, acoustic emission, bolt preload monitoring); Welding quality assurance and NDT enhancement (phased-array UT)",正确,1.0,817.3,语义RAG,0.6667,1.0,0,,3,,,,,,"SHM for TP connections (strain gauges, acoustic emission, bolt preload monitoring); Welding quality assurance and NDT enhancement (phased-array UT)",,严酷度(S)；发生度(O)；可探测度(D)；潜在失效模式；建议措施,40,
738,738,Full-ΣMi残差模型,M1+M2+M3+M4,故障措施推荐类,风险画像查措施,故障措施查询,,,中等,在S/O/D为4.57/2.29/3.86的风险画像下，失效模式“Capsize”的建议措施是什么？,Expanded design load cases (including typhoon/hurricane scenarios); Freeboard margin increase and water-tight compartmentalization; Improve engineering skills,建议措施 / RecommendedAction / action / 怎么处理 / 咋处理: Expanded design load cases (including typhoon/hurricane scenarios); -; Improved engineering skills.,错误,0.0,771.26,语义RAG,0.3333,0.0,0,,3,Expanded design load cases (including typhoon/hurricane scenarios); Freeboard margin increase and water-tight compartmentalization; Improve engineering skills,,,,,Expanded design load cases (including typhoon/hurricane scenarios); Freeboard margin increase and water-tight compartmentalization; Improve engineering skills,,严酷度(S)；发生度(O)；可探测度(D)；潜在失效模式；建议措施,45,
739,739,Full-ΣMi残差模型,M1+M2+M3+M4,故障措施推荐类,风险画像查措施,故障措施查询,,,中等,在S/O/D为5/1.67/3的风险画像下，失效模式“Capsize”的建议措施是什么？,Expanded design load cases (including typhoon/hurricane scenarios); -; Improved engineering skills,建议措施=Expanded design load cases (including typhoon/hurricane scenarios); -; Improved engineering skills.,正确,1.0,611.62,语义RAG,0.3333,1.0,0,,3,,,,,,Expanded design load cases (including typhoon/hurricane scenarios); -; Improved engineering skills,,严酷度(S)；发生度(O)；可探测度(D)；潜在失效模式；建议措施,46,
740,740,Full-ΣMi残差模型,M1+M2+M3+M4,故障措施推荐类,风险画像查措施,故障措施查询,,,中等,在S/O/D为4.33/1.67/3.5的风险画像下，失效模式“Structural break”的建议措施是什么？,Expanded design load cases (including typhoon/hurricane scenarios); -,"建议措施 / RecommendedAction / action / 怎么处理 / 咋处理: Operational limits: weather windows, alarm thresholds for motions; Other- Specify; Expanded design load cases (including typhoon/hurricane scenarios); Better understanding of temperature ranges",正确,1.0,888.9,语义RAG,0.3333,1.0,0,,3,,,,,,Expanded design load cases (including typhoon/hurricane scenarios); -,,严酷度(S)；发生度(O)；可探测度(D)；潜在失效模式；建议措施,49,
741,741,Full-ΣMi残差模型,M1+M2+M3+M4,故障措施推荐类,风险画像查措施,故障措施查询,,,中等,在S/O/D为3.83/2.6/4的风险画像下，失效模式“Additional Structures Failures”的建议措施是什么？,Freeboard margin increase and water-tight compartmentalization; -; Expanded design load cases (including typhoon/hurricane scenarios); Improved cable mechnical design,根据上下文，没有找到S/O/D值为3.83/2.6/4的风险画像以及失效模式为“Additional Structures Failures”的相关信息。因此无法提供该问题的直接答案。,错误,0.0,798.14,语义RAG,0.0,0.0,0,,3,Freeboard margin increase and water-tight compartmentalization; -; Expanded design load cases (including typhoon/hurricane scenarios); Improved cable mechnical design,,,,,Freeboard margin increase and water-tight compartmentalization; -; Expanded design load cases (including typhoon/hurricane scenarios); Improved cable mechnical design,,严酷度(S)；发生度(O)；可探测度(D)；潜在失效模式；建议措施,50,
742,742,Full-ΣMi残差模型,M1+M2+M3+M4,故障措施推荐类,风险画像查措施,故障措施查询,,,中等,在S/O/D为4.8/1.8/3.2的风险画像下，失效模式“Capsize”的建议措施是什么？,"Expanded design load cases (including typhoon/hurricane scenarios); Operational limits: weather windows, alarm thresholds for motions; Resonance avoidance via structural tuning/damping","建议措施 / RecommendedAction / action / 怎么处理 / 咋处理: Expanded design load cases (including typhoon/hurricane scenarios); Operational limits: weather windows, alarm thresholds for motions; Resonance avoidance via structural tuning/damping",正确,1.0,830.59,语义RAG,0.3333,1.0,0,,3,,,,,,"Expanded design load cases (including typhoon/hurricane scenarios); Operational limits: weather windows, alarm thresholds for motions; Resonance avoidance via structural tuning/damping",,严酷度(S)；发生度(O)；可探测度(D)；潜在失效模式；建议措施,52,
743,743,Full-ΣMi残差模型,M1+M2+M3+M4,故障措施推荐类,风险画像查措施,故障措施查询,,,中等,在S/O/D为4.14/2.86/3.57的风险画像下，失效模式“Cracks”的建议措施是什么？,Expanded design load cases (including typhoon/hurricane scenarios); Resonance avoidance via structural tuning/damping; High-fidelity coupled aero-hydro-elastic simulation in design updates,根据上下文，没有找到S/O/D值为4.14/2.86/3.57且失效模式为“Cracks”的相关条目。因此无法提供该特定情况下的建议措施。,错误,0.0,736.09,语义RAG,0.0,0.0,0,,3,Expanded design load cases (including typhoon/hurricane scenarios); Resonance avoidance via structural tuning/damping; High-fidelity coupled aero-hydro-elastic simulation in design updates,,,,,Expanded design load cases (including typhoon/hurricane scenarios); Resonance avoidance via structural tuning/damping; High-fidelity coupled aero-hydro-elastic simulation in design updates,,严酷度(S)；发生度(O)；可探测度(D)；潜在失效模式；建议措施,53,
744,744,Full-ΣMi残差模型,M1+M2+M3+M4,故障措施推荐类,风险画像查措施,故障措施查询,,,中等,在S/O/D为4.83/1.83/3.4的风险画像下，失效模式“Floater unit sinkage”的建议措施是什么？,Ballast redundancy and automated ballast management; Freeboard margin increase and water-tight compartmentalization; Expanded design load cases (including typhoon/hurricane scenarios),建议措施 / RecommendedAction / action / 怎么处理 / 咋处理: Ballast redundancy and automated ballast management; Freeboard margin increase and water-tight compartmentalization; Expanded design load cases (including typhoon/hurricane scenarios),正确,1.0,914.26,语义RAG,1.0,1.0,0,,3,,,,,,Ballast redundancy and automated ballast management; Freeboard margin increase and water-tight compartmentalization; Expanded design load cases (including typhoon/hurricane scenarios),,严酷度(S)；发生度(O)；可探测度(D)；潜在失效模式；建议措施,58,
745,745,Full-ΣMi残差模型,M1+M2+M3+M4,故障措施推荐类,风险画像查措施,故障措施查询,,,中等,在S/O/D为4.67/1.33/3.6的风险画像下，失效模式“Structural break”的建议措施是什么？,"Operational limits: weather windows, alarm thresholds for motions; Other- Specify; Expanded design load cases (including typhoon/hurricane scenarios); Better understanding of temperature ranges","建议措施 / RecommendedAction / action / 怎么处理 / 咋处理: Operational limits: weather windows, alarm thresholds for motions; Other- Specify; Expanded design load cases (including typhoon/hurricane scenarios); Better understanding of temperature ranges",正确,1.0,889.07,语义RAG,0.3333,1.0,0,,3,,,,,,"Operational limits: weather windows, alarm thresholds for motions; Other- Specify; Expanded design load cases (including typhoon/hurricane scenarios); Better understanding of temperature ranges",,严酷度(S)；发生度(O)；可探测度(D)；潜在失效模式；建议措施,68,
746,746,Full-ΣMi残差模型,M1+M2+M3+M4,故障措施推荐类,风险画像查措施,故障措施查询,,,中等,在S/O/D为5/1.33/2.6的风险画像下，失效模式“Floater unit sinkage”的建议措施是什么？,"Operational limits: weather windows, alarm thresholds for motions; -; Expanded design load cases (including typhoon/hurricane scenarios); Freeboard margin increase and water-tight compartmentalization","建议措施 / RecommendedAction / action / 怎么处理 / 咋处理: Operational limits: weather windows, alarm thresholds for motions; -; Expanded design load cases (including typhoon/hurricane scenarios); Freeboard margin increase and water-tight compartmentalization",正确,1.0,940.98,语义RAG,1.0,1.0,0,,3,,,,,,"Operational limits: weather windows, alarm thresholds for motions; -; Expanded design load cases (including typhoon/hurricane scenarios); Freeboard margin increase and water-tight compartmentalization",,严酷度(S)；发生度(O)；可探测度(D)；潜在失效模式；建议措施,69,
747,747,Full-ΣMi残差模型,M1+M2+M3+M4,故障措施推荐类,风险画像查措施,故障措施查询,,,中等,在S/O/D为4.83/1.67/3.17的风险画像下，失效模式“Hit by dropped objects”的建议措施是什么？,Expanded design load cases (including typhoon/hurricane scenarios); High-fidelity coupled aero-hydro-elastic simulation in design updates; -,Expanded design load cases (including typhoon/hurricane scenarios); High-fidelity coupled aero-hydro-elastic simulation in design updates; -,正确,1.0,697.38,语义RAG,1.0,1.0,0,,3,,,,,,Expanded design load cases (including typhoon/hurricane scenarios); High-fidelity coupled aero-hydro-elastic simulation in design updates; -,,严酷度(S)；发生度(O)；可探测度(D)；潜在失效模式；建议措施,70,
748,748,Full-ΣMi残差模型,M1+M2+M3+M4,故障措施推荐类,风险画像查措施,故障措施查询,,,中等,在S/O/D为4.67/2.33/3的风险画像下，失效模式“Structural break”的建议措施是什么？,Expanded design load cases (including typhoon/hurricane scenarios); High-fidelity coupled aero-hydro-elastic simulation in design updates,"建议措施 / RecommendedAction / action / 怎么处理 / 咋处理: Operational limits: weather windows, alarm thresholds for motions; Other- Specify; Expanded design load cases (including typhoon/hurricane scenarios); Better understanding of temperature ranges",错误,0.0,910.8,语义RAG,0.3333,0.0,0,,3,Expanded design load cases (including typhoon/hurricane scenarios); High-fidelity coupled aero-hydro-elastic simulation in design updates,,,,,Expanded design load cases (including typhoon/hurricane scenarios); High-fidelity coupled aero-hydro-elastic simulation in design updates,,严酷度(S)；发生度(O)；可探测度(D)；潜在失效模式；建议措施,71,
749,749,Full-ΣMi残差模型,M1+M2+M3+M4,故障措施推荐类,风险画像查措施,故障措施查询,,,中等,在S/O/D为4.5/2.33/3.6的风险画像下，失效模式“Structural break”的建议措施是什么？,"Operational limits: weather windows, alarm thresholds for motions; Other- Specify; -; Welding quality assurance and NDT enhancement (phased-array UT)",根据上下文，没有找到失效模式为“Structural break”的记录，因此无法提供对应的建议措施。,错误,0.0,663.37,语义RAG,0.0,0.0,0,,3,"Operational limits: weather windows, alarm thresholds for motions; Other- Specify; -; Welding quality assurance and NDT enhancement (phased-array UT)",,,,,"Operational limits: weather windows, alarm thresholds for motions; Other- Specify; -; Welding quality assurance and NDT enhancement (phased-array UT)",,严酷度(S)；发生度(O)；可探测度(D)；潜在失效模式；建议措施,72,
750,750,Full-ΣMi残差模型,M1+M2+M3+M4,故障措施推荐类,风险画像查措施,故障措施查询,,,中等,在S/O/D为4.2/2.2/3.8的风险画像下，失效模式“Anchor failure”的建议措施是什么？,"Continuous tension and vibration monitoring; thresholds for intervention; Procedural controls: load management, operational envelopes; Better design by expanded load case matrix including more failure modes; -","Continuous tension and vibration monitoring; thresholds for intervention; Procedural controls: load management, operational envelopes; Better design by expanded load case matrix including more failure modes; -",正确,1.0,751.99,语义RAG,1.0,1.0,0,,3,,,,,,"Continuous tension and vibration monitoring; thresholds for intervention; Procedural controls: load management, operational envelopes; Better design by expanded load case matrix including more failure modes; -",,严酷度(S)；发生度(O)；可探测度(D)；潜在失效模式；建议措施,75,
751,751,Full-ΣMi残差模型,M1+M2+M3+M4,故障措施推荐类,风险画像查措施,故障措施查询,,,中等,在S/O/D为3.8/2.8/3的风险画像下，失效模式“Fairlead failure”的建议措施是什么？,Continuous tension and vibration monitoring; thresholds for intervention; Fairlead geometry improvements and low-wear lining; Optimized chain/wire/rope selection and fatigue margins (design); -,根据上下文，没有找到失效模式为“Fairlead failure”的相关信息。因此不知道该建议措施。,错误,0.0,463.79,语义RAG,0.0,0.0,0,,3,Continuous tension and vibration monitoring; thresholds for intervention; Fairlead geometry improvements and low-wear lining; Optimized chain/wire/rope selection and fatigue margins (design); -,,,,,Continuous tension and vibration monitoring; thresholds for intervention; Fairlead geometry improvements and low-wear lining; Optimized chain/wire/rope selection and fatigue margins (design); -,,严酷度(S)；发生度(O)；可探测度(D)；潜在失效模式；建议措施,79,
752,752,Full-ΣMi残差模型,M1+M2+M3+M4,故障措施推荐类,风险画像查措施,故障措施查询,,,中等,在S/O/D为4/2.4/3.2的风险画像下，失效模式“Mooring line breakage”的建议措施是什么？,ROV visual inspections; targeted maintenance on wear zones; Diversity in materials/vendors to reduce common-cause risks; -,Continuous tension and vibration monitoring; thresholds for intervention; -,错误,0.0,576.84,语义RAG,1.0,1.0,0,,3,ROV visual inspections; targeted maintenance on wear zones; Diversity in materials/vendors to reduce common-cause risks; -,,,,,ROV visual inspections; targeted maintenance on wear zones; Diversity in materials/vendors to reduce common-cause risks; -,,严酷度(S)；发生度(O)；可探测度(D)；潜在失效模式；建议措施,82,
753,753,Full-ΣMi残差模型,M1+M2+M3+M4,故障措施推荐类,风险画像查措施,故障措施查询,,,中等,在S/O/D为4/2/2.6的风险画像下，失效模式“Mooring line breakage”的建议措施是什么？,Continuous tension and vibration monitoring; thresholds for intervention; -,Continuous tension and vibration monitoring; thresholds for intervention; -,正确,1.0,385.81,语义RAG,1.0,1.0,0,,3,,,,,,Continuous tension and vibration monitoring; thresholds for intervention; -,,严酷度(S)；发生度(O)；可探测度(D)；潜在失效模式；建议措施,83,
754,754,Full-ΣMi残差模型,M1+M2+M3+M4,故障措施推荐类,风险画像查措施,故障措施查询,,,中等,在S/O/D为4/2/3的风险画像下，失效模式“Mooring line breakage”的建议措施是什么？,Continuous tension and vibration monitoring; thresholds for intervention; -,Continuous tension and vibration monitoring; thresholds for intervention; -,正确,1.0,553.66,语义RAG,1.0,1.0,0,,3,,,,,,Continuous tension and vibration monitoring; thresholds for intervention; -,,严酷度(S)；发生度(O)；可探测度(D)；潜在失效模式；建议措施,84,
755,755,Full-ΣMi残差模型,M1+M2+M3+M4,故障措施推荐类,风险画像查措施,故障措施查询,,,中等,在S/O/D为3.6/2.8/3的风险画像下，失效模式“Mooring Line Corrosion”的建议措施是什么？,Continuous tension and vibration monitoring; thresholds for intervention; Optimized chain/wire/rope selection and fatigue margins (design); -,根据上下文，没有找到S/O/D为3.6/2.8/3且失效模式为“Mooring Line Corrosion”的记录。请确认输入的条件是否正确。,错误,0.0,792.26,语义RAG,0.0,0.0,0,,3,Continuous tension and vibration monitoring; thresholds for intervention; Optimized chain/wire/rope selection and fatigue margins (design); -,,,,,Continuous tension and vibration monitoring; thresholds for intervention; Optimized chain/wire/rope selection and fatigue margins (design); -,,严酷度(S)；发生度(O)；可探测度(D)；潜在失效模式；建议措施,85,
756,756,Full-ΣMi残差模型,M1+M2+M3+M4,故障措施推荐类,风险画像查措施,故障措施查询,,,中等,在S/O/D为3.6/3/3的风险画像下，失效模式“Mooring Line Fatigue”的建议措施是什么？,Continuous tension and vibration monitoring; thresholds for intervention; Optimized chain/wire/rope selection and fatigue margins (design); -,根据上下文，没有找到与“Mooring Line Fatigue”相关的失效模式和建议措施。因此，在给定的上下文中，无法提供该失效模式的建议措施。,错误,0.0,679.43,语义RAG,0.0,0.0,0,,3,Continuous tension and vibration monitoring; thresholds for intervention; Optimized chain/wire/rope selection and fatigue margins (design); -,,,,,Continuous tension and vibration monitoring; thresholds for intervention; Optimized chain/wire/rope selection and fatigue margins (design); -,,严酷度(S)；发生度(O)；可探测度(D)；潜在失效模式；建议措施,87,
757,757,Full-ΣMi残差模型,M1+M2+M3+M4,故障措施推荐类,风险画像查措施,故障措施查询,,,中等,在S/O/D为4/2.4/2.6的风险画像下，失效模式“Mooring lines broken”的建议措施是什么？,"ROV visual inspections; targeted maintenance on wear zones; Optimized chain/wire/rope selection and fatigue margins (design); Only chain and wire above MSL, keep fiber ropes wet; -",Continuous tension and vibration monitoring; thresholds for intervention; -,错误,0.0,510.73,语义RAG,0.0,0.0,0,,3,"ROV visual inspections; targeted maintenance on wear zones; Optimized chain/wire/rope selection and fatigue margins (design); Only chain and wire above MSL, keep fiber ropes wet; -",,,,,"ROV visual inspections; targeted maintenance on wear zones; Optimized chain/wire/rope selection and fatigue margins (design); Only chain and wire above MSL, keep fiber ropes wet; -",,严酷度(S)；发生度(O)；可探测度(D)；潜在失效模式；建议措施,91,
758,758,Full-ΣMi残差模型,M1+M2+M3+M4,故障措施推荐类,风险画像查措施,故障措施查询,,,中等,在S/O/D为4/2/2.6的风险画像下，失效模式“Mooring lines broken”的建议措施是什么？,"ROV visual inspections; targeted maintenance on wear zones; Optimized chain/wire/rope selection and fatigue margins (design); Only chain and wire above MSL, keep fiber ropes wet; -",Continuous tension and vibration monitoring; thresholds for intervention; -,错误,0.0,380.77,语义RAG,0.0,0.0,0,,3,"ROV visual inspections; targeted maintenance on wear zones; Optimized chain/wire/rope selection and fatigue margins (design); Only chain and wire above MSL, keep fiber ropes wet; -",,,,,"ROV visual inspections; targeted maintenance on wear zones; Optimized chain/wire/rope selection and fatigue margins (design); Only chain and wire above MSL, keep fiber ropes wet; -",,严酷度(S)；发生度(O)；可探测度(D)；潜在失效模式；建议措施,92,
759,759,Full-ΣMi残差模型,M1+M2+M3+M4,故障措施推荐类,风险画像查措施,故障措施查询,,,中等,在S/O/D为4/2.2/2.6的风险画像下，失效模式“Mooring lines broken”的建议措施是什么？,"ROV visual inspections; targeted maintenance on wear zones; Optimized chain/wire/rope selection and fatigue margins (design); Only chain and wire above MSL, keep fiber ropes wet; -",Continuous tension and vibration monitoring; thresholds for intervention; -,错误,0.0,394.15,语义RAG,0.0,0.0,0,,3,"ROV visual inspections; targeted maintenance on wear zones; Optimized chain/wire/rope selection and fatigue margins (design); Only chain and wire above MSL, keep fiber ropes wet; -",,,,,"ROV visual inspections; targeted maintenance on wear zones; Optimized chain/wire/rope selection and fatigue margins (design); Only chain and wire above MSL, keep fiber ropes wet; -",,严酷度(S)；发生度(O)；可探测度(D)；潜在失效模式；建议措施,93,
760,760,Full-ΣMi残差模型,M1+M2+M3+M4,故障措施推荐类,风险画像查措施,故障措施查询,,,中等,在S/O/D为4/2.2/3的风险画像下，失效模式“Mooring lines broken”的建议措施是什么？,ROV visual inspections; targeted maintenance on wear zones; -,建议措施 / RecommendedAction / action / 怎么处理 / 咋处理: ROV visual inspections; targeted maintenance on wear zones; -,正确,1.0,576.27,语义RAG,0.3333,1.0,0,,3,,,,,,ROV visual inspections; targeted maintenance on wear zones; -,,严酷度(S)；发生度(O)；可探测度(D)；潜在失效模式；建议措施,94,
761,761,Full-ΣMi残差模型,M1+M2+M3+M4,故障措施推荐类,风险画像查措施,故障措施查询,,,中等,在S/O/D为4/2/3.2的风险画像下，失效模式“Mooring winch failure”的建议措施是什么？,"Continuous tension and vibration monitoring; thresholds for intervention; Procedural controls: load management, operational envelopes; -","Continuous tension and vibration monitoring; thresholds for intervention; Procedural controls: load management, operational envelopes; -",正确,1.0,654.84,语义RAG,1.0,1.0,0,,3,,,,,,"Continuous tension and vibration monitoring; thresholds for intervention; Procedural controls: load management, operational envelopes; -",,严酷度(S)；发生度(O)；可探测度(D)；潜在失效模式；建议措施,96,
762,762,Full-ΣMi残差模型,M1+M2+M3+M4,故障措施推荐类,风险画像查措施,故障措施查询,,,中等,在S/O/D为4.2/2.2/3.75的风险画像下，失效模式“accelerated mechanical fatigue”的建议措施是什么？,"Monitoring: DTS/RTTR, electrical integrity tests, leak detection; Lazy-wave configuration optimization; buoyancy spacing; hang-off upgrades; -","监测: DTS/RTTR, 电气完整性测试, 泄漏检测; 懒波配置优化; 浮标间距调整; 吊架升级; -",错误,0.0,750.67,语义RAG,0.3333,1.0,0,,3,"Monitoring: DTS/RTTR, electrical integrity tests, leak detection; Lazy-wave configuration optimization; buoyancy spacing; hang-off upgrades; -",,,,,"Monitoring: DTS/RTTR, electrical integrity tests, leak detection; Lazy-wave configuration optimization; buoyancy spacing; hang-off upgrades; -",,严酷度(S)；发生度(O)；可探测度(D)；潜在失效模式；建议措施,97,
763,763,Full-ΣMi残差模型,M1+M2+M3+M4,故障措施推荐类,风险画像查措施,故障措施查询,,,中等,在S/O/D为3.2/2/3.4的风险画像下，失效模式“Corrosion of J-tube”的建议措施是什么？,-; Cathodic protection; coating improvements,-; Cathodic protection; coating improvements,正确,1.0,502.08,语义RAG,1.0,1.0,0,,3,,,,,,-; Cathodic protection; coating improvements,,严酷度(S)；发生度(O)；可探测度(D)；潜在失效模式；建议措施,101,
764,764,Full-ΣMi残差模型,M1+M2+M3+M4,故障措施推荐类,风险画像查措施,故障措施查询,,,中等,在S/O/D为3.2/1.75/3.5的风险画像下，失效模式“damage and corrosion of mechanical parts”的建议措施是什么？,-; Design review; improved material selection,现行预防控制 / PreventControl: 现行探测控制 / DetectionMeasure: 建议措施 / RecommendedAction / action / 怎么处理 / 咋处理: -; Design review; improved material selection,正确,1.0,748.7,语义RAG,0.3333,1.0,0,,3,,,,,,-; Design review; improved material selection,,严酷度(S)；发生度(O)；可探测度(D)；潜在失效模式；建议措施,103,
765,765,Full-ΣMi残差模型,M1+M2+M3+M4,故障措施推荐类,风险画像查措施,故障措施查询,,,中等,在S/O/D为3.2/2/3.2的风险画像下，失效模式“Debris disturbance”的建议措施是什么？,-; Environmental protections; debris management,建议措施 / RecommendedAction / action / 怎么处理 / 咋处理: -; Environmental protections; debris management,正确,1.0,636.19,语义RAG,0.3333,1.0,0,,3,,,,,,-; Environmental protections; debris management,,严酷度(S)；发生度(O)；可探测度(D)；潜在失效模式；建议措施,104,
766,766,Full-ΣMi残差模型,M1+M2+M3+M4,故障措施推荐类,风险画像查措施,故障措施查询,,,中等,在S/O/D为4.4/2/2.4的风险画像下，失效模式“Detachment”的建议措施是什么？,-; Design review; improved material selection,根据上下文，没有找到S/O/D值为4.4/2/2.4且失效模式为“Detachment”的记录。请确认提供的S/O/D值是否正确。,错误,0.0,741.56,语义RAG,0.0,0.0,0,,3,-; Design review; improved material selection,,,,,-; Design review; improved material selection,,严酷度(S)；发生度(O)；可探测度(D)；潜在失效模式；建议措施,105,
767,767,Full-ΣMi残差模型,M1+M2+M3+M4,故障措施推荐类,风险画像查措施,故障措施查询,,,中等,在S/O/D为3.8/2.6/3.2的风险画像下，失效模式“Failure of end termination”的建议措施是什么？,-; Design improvements; enhanced termination QA,建议措施: -; Design improvements; enhanced termination QA.,正确,1.0,578.4,语义RAG,1.0,1.0,0,,3,,,,,,-; Design improvements; enhanced termination QA,,严酷度(S)；发生度(O)；可探测度(D)；潜在失效模式；建议措施,107,
768,768,Full-ΣMi残差模型,M1+M2+M3+M4,故障措施推荐类,风险画像查措施,故障措施查询,,,中等,在S/O/D为4.2/2.6/3的风险画像下，失效模式“Failure of watertightness”的建议措施是什么？,"Installation QA/QC: pull-in tension verification, handling procedures; Watertightness assurance: enhanced sealing tests; end termination QA; -","安装QA/QC: 拉力验证, 处理程序; 密封性保证: 加强密封测试; 端部终端QA; -",错误,0.0,734.59,语义RAG,0.6667,1.0,0,,3,"Installation QA/QC: pull-in tension verification, handling procedures; Watertightness assurance: enhanced sealing tests; end termination QA; -",,,,,"Installation QA/QC: pull-in tension verification, handling procedures; Watertightness assurance: enhanced sealing tests; end termination QA; -",,严酷度(S)；发生度(O)；可探测度(D)；潜在失效模式；建议措施,112,
769,769,Full-ΣMi残差模型,M1+M2+M3+M4,故障措施推荐类,风险画像查措施,故障措施查询,,,中等,在S/O/D为4.2/2/3.6的风险画像下，失效模式“Failure of watertightness”的建议措施是什么？,Watertightness assurance: enhanced sealing tests; end termination QA; -,建议措施 / RecommendedAction / action / 怎么处理 / 咋处理: Watertightness assurance: enhanced sealing tests; end termination QA; -,正确,1.0,541.27,语义RAG,0.6667,1.0,0,,3,,,,,,Watertightness assurance: enhanced sealing tests; end termination QA; -,,严酷度(S)；发生度(O)；可探测度(D)；潜在失效模式；建议措施,113,
770,770,Full-ΣMi残差模型,M1+M2+M3+M4,故障措施推荐类,风险画像查措施,故障措施查询,,,中等,在S/O/D为4.2/2.4/2.4的风险画像下，失效模式“failures of conductors”的建议措施是什么？,"-; Monitoring (DTS/RTTR, electrical integrity tests)","建议措施: -; Monitoring (DTS/RTTR, electrical integrity tests).",正确,1.0,580.52,语义RAG,0.6667,1.0,0,,3,,,,,,"-; Monitoring (DTS/RTTR, electrical integrity tests)",,严酷度(S)；发生度(O)；可探测度(D)；潜在失效模式；建议措施,114,
771,771,Full-ΣMi残差模型,M1+M2+M3+M4,故障措施推荐类,风险画像查措施,故障措施查询,,,中等,在S/O/D为4.2/2.4/3.6的风险画像下，失效模式“Fatigue Cracks”的建议措施是什么？,"Monitoring: DTS/RTTR, electrical integrity tests, leak detection; -",不知道。上下文中的失效模式并未包含“Fatigue Cracks”，且没有提供与此特定S/O/D组合的建议措施。,错误,0.0,684.23,语义RAG,0.0,0.0,0,,3,"Monitoring: DTS/RTTR, electrical integrity tests, leak detection; -",,,,,"Monitoring: DTS/RTTR, electrical integrity tests, leak detection; -",,严酷度(S)；发生度(O)；可探测度(D)；潜在失效模式；建议措施,115,
772,772,Full-ΣMi残差模型,M1+M2+M3+M4,故障措施推荐类,风险画像查措施,故障措施查询,,,中等,在S/O/D为4.4/1.8/3的风险画像下，失效模式“material degradation”的建议措施是什么？,"Monitoring: DTS/RTTR, electrical integrity tests, leak detection; -","Monitoring: DTS/RTTR, electrical integrity tests, leak detection; -",正确,1.0,577.17,语义RAG,0.3333,1.0,0,,3,,,,,,"Monitoring: DTS/RTTR, electrical integrity tests, leak detection; -",,严酷度(S)；发生度(O)；可探测度(D)；潜在失效模式；建议措施,119,
773,773,Full-ΣMi残差模型,M1+M2+M3+M4,故障措施推荐类,风险画像查措施,故障措施查询,,,中等,在S/O/D为3.8/2.6/4.4的风险画像下，失效模式“Movement of CPS due to scour/seabed mobility”的建议措施是什么？,Burial/trenching optimization; scour mitigation; as-built metrology; -,建议措施 / RecommendedAction / action / 怎么处理 / 咋处理: Burial/trenching optimization; scour mitigation; as-built metrology; -,正确,1.0,757.8,语义RAG,1.0,1.0,0,,3,,,,,,Burial/trenching optimization; scour mitigation; as-built metrology; -,,严酷度(S)；发生度(O)；可探测度(D)；潜在失效模式；建议措施,122,
774,774,Full-ΣMi残差模型,M1+M2+M3+M4,故障措施推荐类,风险画像查措施,故障措施查询,,,中等,在S/O/D为3.8/2.8/4的风险画像下，失效模式“Movement of CPS due to scour/seabed mobility”的建议措施是什么？,Burial/trenching optimization; scour mitigation; as-built metrology; -,Burial/trenching optimization; scour mitigation; as-built metrology; -,正确,1.0,527.26,语义RAG,1.0,1.0,0,,3,,,,,,Burial/trenching optimization; scour mitigation; as-built metrology; -,,严酷度(S)；发生度(O)；可探测度(D)；潜在失效模式；建议措施,123,
775,775,Full-ΣMi残差模型,M1+M2+M3+M4,故障措施推荐类,风险画像查措施,故障措施查询,,,中等,在S/O/D为3.6/2.4/3.8的风险画像下，失效模式“Reduced sediment cover lower than designed value for protection”的建议措施是什么？,"Burial/trenching optimization; scour mitigation; as-built metrology; Monitoring: DTS/RTTR, electrical integrity tests, leak detection; -","建议措施: Burial/trenching optimization; scour mitigation; as-built metrology; Monitoring: DTS/RTTR, electrical integrity tests, leak detection; -",正确,1.0,736.51,语义RAG,1.0,1.0,0,,3,,,,,,"Burial/trenching optimization; scour mitigation; as-built metrology; Monitoring: DTS/RTTR, electrical integrity tests, leak detection; -",,严酷度(S)；发生度(O)；可探测度(D)；潜在失效模式；建议措施,125,
776,776,Full-ΣMi残差模型,M1+M2+M3+M4,故障措施推荐类,风险画像查措施,故障措施查询,,,中等,在S/O/D为3.4/2.6/3.2的风险画像下，失效模式“Small bending radius”的建议措施是什么？,Lazy-wave configuration optimization; buoyancy spacing; hang-off upgrades; -,Lazy-wave configuration optimization; buoyancy spacing; hang-off upgrades; -,正确,1.0,558.47,语义RAG,0.3333,1.0,0,,3,,,,,,Lazy-wave configuration optimization; buoyancy spacing; hang-off upgrades; -,,严酷度(S)；发生度(O)；可探测度(D)；潜在失效模式；建议措施,128,
777,777,Full-ΣMi残差模型,M1+M2+M3+M4,故障措施推荐类,fmea_id_to_action,故障措施查询,,,简单,FMEA编号FF1的建议措施是什么？,Expanded design load cases (including typhoon/hurricane scenarios); Freeboard margin increase and water-tight compartmentalization; Improve engineering skills,-,错误,0.0,421.22,语义RAG,0.0,0.0,0,,3,Expanded design load cases (including typhoon/hurricane scenarios); Freeboard margin increase and water-tight compartmentalization; Improve engineering skills,,,,,Expanded design load cases (including typhoon/hurricane scenarios); Freeboard margin increase and water-tight compartmentalization; Improve engineering skills,,FMEA编号；建议措施,45,
778,778,Full-ΣMi残差模型,M1+M2+M3+M4,故障措施推荐类,fmea_id_to_action,故障措施查询,,,简单,FMEA编号FF2这条风险，建议怎么处理？,Expanded design load cases (including typhoon/hurricane scenarios); -; Improved engineering skills,-,错误,0.0,331.7,语义RAG,0.0,0.0,0,,3,Expanded design load cases (including typhoon/hurricane scenarios); -; Improved engineering skills,,,,,Expanded design load cases (including typhoon/hurricane scenarios); -; Improved engineering skills,,FMEA编号；建议措施,46,
779,779,Full-ΣMi残差模型,M1+M2+M3+M4,故障措施推荐类,fmea_id_to_action,故障措施查询,,,中等,查一下FMEA编号FF5对应的处理措施。,Expanded design load cases (including typhoon/hurricane scenarios); -,不知道。上下文中的FMEA编号分别为FF12、DC21和FF21，没有找到FF5的相关信息。,错误,0.0,652.92,语义RAG,0.0,0.0,0,,3,Expanded design load cases (including typhoon/hurricane scenarios); -,,,,,Expanded design load cases (including typhoon/hurricane scenarios); -,,FMEA编号；建议措施,49,
780,780,Full-ΣMi残差模型,M1+M2+M3+M4,故障措施推荐类,fmea_id_to_action,故障措施查询,,,简单,FMEA编号FF6这条FMEA记录，需要采取什么建议措施？,Freeboard margin increase and water-tight compartmentalization; -; Expanded design load cases (including typhoon/hurricane scenarios); Improved cable mechnical design,不知道。,错误,0.0,441.43,语义RAG,0.0,0.0,0,,3,Freeboard margin increase and water-tight compartmentalization; -; Expanded design load cases (including typhoon/hurricane scenarios); Improved cable mechnical design,,,,,Freeboard margin increase and water-tight compartmentalization; -; Expanded design load cases (including typhoon/hurricane scenarios); Improved cable mechnical design,,FMEA编号；建议措施,50,
781,781,Full-ΣMi残差模型,M1+M2+M3+M4,故障措施推荐类,fmea_id_to_action,故障措施查询,,,简单,FMEA编号FF8的后续改进措施写了什么？,"Expanded design load cases (including typhoon/hurricane scenarios); Operational limits: weather windows, alarm thresholds for motions; Resonance avoidance via structural tuning/damping",不知道。,错误,0.0,388.96,语义RAG,0.0,0.0,0,,3,"Expanded design load cases (including typhoon/hurricane scenarios); Operational limits: weather windows, alarm thresholds for motions; Resonance avoidance via structural tuning/damping",,,,,"Expanded design load cases (including typhoon/hurricane scenarios); Operational limits: weather windows, alarm thresholds for motions; Resonance avoidance via structural tuning/damping",,FMEA编号；建议措施,52,
782,782,Full-ΣMi残差模型,M1+M2+M3+M4,故障措施推荐类,fmea_id_to_action,故障措施查询,,,中等,FMEA编号FF9的建议措施是什么？,Expanded design load cases (including typhoon/hurricane scenarios); Resonance avoidance via structural tuning/damping; High-fidelity coupled aero-hydro-elastic simulation in design updates,不知道。,错误,0.0,364.03,语义RAG,0.0,0.0,0,,3,Expanded design load cases (including typhoon/hurricane scenarios); Resonance avoidance via structural tuning/damping; High-fidelity coupled aero-hydro-elastic simulation in design updates,,,,,Expanded design load cases (including typhoon/hurricane scenarios); Resonance avoidance via structural tuning/damping; High-fidelity coupled aero-hydro-elastic simulation in design updates,,FMEA编号；建议措施,53,
783,783,Full-ΣMi残差模型,M1+M2+M3+M4,故障措施推荐类,fmea_id_to_action,故障措施查询,,,简单,FMEA编号FF14这条风险，建议怎么处理？,Ballast redundancy and automated ballast management; Freeboard margin increase and water-tight compartmentalization; Expanded design load cases (including typhoon/hurricane scenarios),-,错误,0.0,306.65,语义RAG,0.0,0.0,0,,3,Ballast redundancy and automated ballast management; Freeboard margin increase and water-tight compartmentalization; Expanded design load cases (including typhoon/hurricane scenarios),,,,,Ballast redundancy and automated ballast management; Freeboard margin increase and water-tight compartmentalization; Expanded design load cases (including typhoon/hurricane scenarios),,FMEA编号；建议措施,58,
784,784,Full-ΣMi残差模型,M1+M2+M3+M4,故障措施推荐类,fmea_id_to_action,故障措施查询,,,简单,查一下FMEA编号FF24对应的处理措施。,"Operational limits: weather windows, alarm thresholds for motions; Other- Specify; Expanded design load cases (including typhoon/hurricane scenarios); Better understanding of temperature ranges",不知道。上下文中的FMEA编号均为FF12、DC21和FF21，没有找到FF24的相关信息。,错误,0.0,676.51,语义RAG,0.0,0.0,0,,3,"Operational limits: weather windows, alarm thresholds for motions; Other- Specify; Expanded design load cases (including typhoon/hurricane scenarios); Better understanding of temperature ranges",,,,,"Operational limits: weather windows, alarm thresholds for motions; Other- Specify; Expanded design load cases (including typhoon/hurricane scenarios); Better understanding of temperature ranges",,FMEA编号；建议措施,68,
785,785,Full-ΣMi残差模型,M1+M2+M3+M4,故障措施推荐类,fmea_id_to_action,故障措施查询,,,中等,FMEA编号FF25这条FMEA记录，需要采取什么建议措施？,"Operational limits: weather windows, alarm thresholds for motions; -; Expanded design load cases (including typhoon/hurricane scenarios); Freeboard margin increase and water-tight compartmentalization",不知道。,错误,0.0,456.09,语义RAG,0.0,0.0,0,,3,"Operational limits: weather windows, alarm thresholds for motions; -; Expanded design load cases (including typhoon/hurricane scenarios); Freeboard margin increase and water-tight compartmentalization",,,,,"Operational limits: weather windows, alarm thresholds for motions; -; Expanded design load cases (including typhoon/hurricane scenarios); Freeboard margin increase and water-tight compartmentalization",,FMEA编号；建议措施,69,
786,786,Full-ΣMi残差模型,M1+M2+M3+M4,故障措施推荐类,fmea_id_to_action,故障措施查询,,,简单,FMEA编号FF26的后续改进措施写了什么？,Expanded design load cases (including typhoon/hurricane scenarios); High-fidelity coupled aero-hydro-elastic simulation in design updates; -,不知道。,错误,0.0,369.82,语义RAG,0.0,0.0,0,,3,Expanded design load cases (including typhoon/hurricane scenarios); High-fidelity coupled aero-hydro-elastic simulation in design updates; -,,,,,Expanded design load cases (including typhoon/hurricane scenarios); High-fidelity coupled aero-hydro-elastic simulation in design updates; -,,FMEA编号；建议措施,70,
787,787,Full-ΣMi残差模型,M1+M2+M3+M4,故障措施推荐类,fmea_id_to_action,故障措施查询,,,简单,FMEA编号FF27的建议措施是什么？,Expanded design load cases (including typhoon/hurricane scenarios); High-fidelity coupled aero-hydro-elastic simulation in design updates,不知道。,错误,0.0,322.4,语义RAG,0.0,0.0,0,,3,Expanded design load cases (including typhoon/hurricane scenarios); High-fidelity coupled aero-hydro-elastic simulation in design updates,,,,,Expanded design load cases (including typhoon/hurricane scenarios); High-fidelity coupled aero-hydro-elastic simulation in design updates,,FMEA编号；建议措施,71,
788,788,Full-ΣMi残差模型,M1+M2+M3+M4,故障措施推荐类,fmea_id_to_action,故障措施查询,,,中等,FMEA编号FF28这条风险，建议怎么处理？,"Operational limits: weather windows, alarm thresholds for motions; Other- Specify; -; Welding quality assurance and NDT enhancement (phased-array UT)",不知道。,错误,0.0,325.07,语义RAG,0.0,0.0,0,,3,"Operational limits: weather windows, alarm thresholds for motions; Other- Specify; -; Welding quality assurance and NDT enhancement (phased-array UT)",,,,,"Operational limits: weather windows, alarm thresholds for motions; Other- Specify; -; Welding quality assurance and NDT enhancement (phased-array UT)",,FMEA编号；建议措施,72,
789,789,Full-ΣMi残差模型,M1+M2+M3+M4,故障措施推荐类,fmea_id_to_action,故障措施查询,,,简单,查一下FMEA编号SKS1对应的处理措施。,"Continuous tension and vibration monitoring; thresholds for intervention; Procedural controls: load management, operational envelopes; Better design by expanded load case matrix including more failure modes; -",不知道。上下文中的FMEA编号分别为FF12、DC21和FF21，没有找到编号为SKS1的记录。,错误,0.0,677.4,语义RAG,0.0,0.0,0,,3,"Continuous tension and vibration monitoring; thresholds for intervention; Procedural controls: load management, operational envelopes; Better design by expanded load case matrix including more failure modes; -",,,,,"Continuous tension and vibration monitoring; thresholds for intervention; Procedural controls: load management, operational envelopes; Better design by expanded load case matrix including more failure modes; -",,FMEA编号；建议措施,75,
790,790,Full-ΣMi残差模型,M1+M2+M3+M4,故障措施推荐类,fmea_id_to_action,故障措施查询,,,简单,FMEA编号SKS2这条FMEA记录，需要采取什么建议措施？,"Continuous tension and vibration monitoring; thresholds for intervention; Procedural controls: load management, operational envelopes; Better design by expanded load case matrix including more failure modes; -",不知道。上下文中的FMEA记录没有包含FMEA编号SKS2的相关信息。,错误,0.0,578.18,语义RAG,0.0,0.0,0,,3,"Continuous tension and vibration monitoring; thresholds for intervention; Procedural controls: load management, operational envelopes; Better design by expanded load case matrix including more failure modes; -",,,,,"Continuous tension and vibration monitoring; thresholds for intervention; Procedural controls: load management, operational envelopes; Better design by expanded load case matrix including more failure modes; -",,FMEA编号；建议措施,76,
791,791,Full-ΣMi残差模型,M1+M2+M3+M4,故障措施推荐类,fmea_id_to_action,故障措施查询,,,中等,FMEA编号SKS5的后续改进措施写了什么？,Continuous tension and vibration monitoring; thresholds for intervention; Fairlead geometry improvements and low-wear lining; Optimized chain/wire/rope selection and fatigue margins (design); -,不知道。,错误,0.0,394.14,语义RAG,0.0,0.0,0,,3,Continuous tension and vibration monitoring; thresholds for intervention; Fairlead geometry improvements and low-wear lining; Optimized chain/wire/rope selection and fatigue margins (design); -,,,,,Continuous tension and vibration monitoring; thresholds for intervention; Fairlead geometry improvements and low-wear lining; Optimized chain/wire/rope selection and fatigue margins (design); -,,FMEA编号；建议措施,79,
792,792,Full-ΣMi残差模型,M1+M2+M3+M4,故障措施推荐类,fmea_id_to_action,故障措施查询,,,简单,FMEA编号SKS6的建议措施是什么？,Cathodic protection and corrosion monitoring regimes; -,不知道。,错误,0.0,293.66,语义RAG,0.0,0.0,0,,3,Cathodic protection and corrosion monitoring regimes; -,,,,,Cathodic protection and corrosion monitoring regimes; -,,FMEA编号；建议措施,80,
793,793,Full-ΣMi残差模型,M1+M2+M3+M4,故障措施推荐类,fmea_id_to_action,故障措施查询,,,简单,FMEA编号SKS8这条风险，建议怎么处理？,ROV visual inspections; targeted maintenance on wear zones; Diversity in materials/vendors to reduce common-cause risks; -,"不知道。上下文中的FMEA编号为DC21, DC8和FF12，没有找到FMEA编号SKS8的相关信息。",错误,0.0,568.14,语义RAG,0.0,0.0,0,,3,ROV visual inspections; targeted maintenance on wear zones; Diversity in materials/vendors to reduce common-cause risks; -,,,,,ROV visual inspections; targeted maintenance on wear zones; Diversity in materials/vendors to reduce common-cause risks; -,,FMEA编号；建议措施,82,
794,794,Full-ΣMi残差模型,M1+M2+M3+M4,故障措施推荐类,fmea_id_to_action,故障措施查询,,,中等,查一下FMEA编号SKS9对应的处理措施。,Continuous tension and vibration monitoring; thresholds for intervention; -,不知道。上下文中的FMEA编号分别为FF12、DC21和FF21，没有找到编号为SKS9的记录。,错误,0.0,643.42,语义RAG,0.0,0.0,0,,3,Continuous tension and vibration monitoring; thresholds for intervention; -,,,,,Continuous tension and vibration monitoring; thresholds for intervention; -,,FMEA编号；建议措施,83,
795,795,Full-ΣMi残差模型,M1+M2+M3+M4,故障措施推荐类,fmea_id_to_action,故障措施查询,,,简单,FMEA编号SKS10这条FMEA记录，需要采取什么建议措施？,Continuous tension and vibration monitoring; thresholds for intervention; -,根据上下文，FMEA编号SKS10这条FMEA记录中并没有提供具体的建议措施。因此答案是： -,错误,0.0,660.91,语义RAG,0.0,0.0,0,,3,Continuous tension and vibration monitoring; thresholds for intervention; -,,,,,Continuous tension and vibration monitoring; thresholds for intervention; -,,FMEA编号；建议措施,84,
796,796,Full-ΣMi残差模型,M1+M2+M3+M4,故障措施推荐类,fmea_id_to_action,故障措施查询,,,简单,FMEA编号SKS11的后续改进措施写了什么？,Continuous tension and vibration monitoring; thresholds for intervention; Optimized chain/wire/rope selection and fatigue margins (design); -,不知道。,错误,0.0,393.45,语义RAG,0.0,0.0,0,,3,Continuous tension and vibration monitoring; thresholds for intervention; Optimized chain/wire/rope selection and fatigue margins (design); -,,,,,Continuous tension and vibration monitoring; thresholds for intervention; Optimized chain/wire/rope selection and fatigue margins (design); -,,FMEA编号；建议措施,85,
797,797,Full-ΣMi残差模型,M1+M2+M3+M4,故障措施推荐类,fmea_id_to_action,故障措施查询,,,中等,FMEA编号SKS13的建议措施是什么？,Continuous tension and vibration monitoring; thresholds for intervention; Optimized chain/wire/rope selection and fatigue margins (design); -,不知道。,错误,0.0,315.7,语义RAG,0.0,0.0,0,,3,Continuous tension and vibration monitoring; thresholds for intervention; Optimized chain/wire/rope selection and fatigue margins (design); -,,,,,Continuous tension and vibration monitoring; thresholds for intervention; Optimized chain/wire/rope selection and fatigue margins (design); -,,FMEA编号；建议措施,87,
798,798,Full-ΣMi残差模型,M1+M2+M3+M4,故障措施推荐类,fmea_id_to_action,故障措施查询,,,简单,FMEA编号SKS17这条风险，建议怎么处理？,"ROV visual inspections; targeted maintenance on wear zones; Optimized chain/wire/rope selection and fatigue margins (design); Only chain and wire above MSL, keep fiber ropes wet; -",不知道。上下文中的FMEA编号没有提到SKS17这个编号。,错误,0.0,482.41,语义RAG,0.0,0.0,0,,3,"ROV visual inspections; targeted maintenance on wear zones; Optimized chain/wire/rope selection and fatigue margins (design); Only chain and wire above MSL, keep fiber ropes wet; -",,,,,"ROV visual inspections; targeted maintenance on wear zones; Optimized chain/wire/rope selection and fatigue margins (design); Only chain and wire above MSL, keep fiber ropes wet; -",,FMEA编号；建议措施,91,
799,799,Full-ΣMi残差模型,M1+M2+M3+M4,故障措施推荐类,fmea_id_to_action,故障措施查询,,,简单,查一下FMEA编号SKS18对应的处理措施。,"ROV visual inspections; targeted maintenance on wear zones; Optimized chain/wire/rope selection and fatigue margins (design); Only chain and wire above MSL, keep fiber ropes wet; -",不知道。上下文中的FMEA编号分别为FF12、DC21和FF21，没有找到编号为SKS18的记录。,错误,0.0,650.46,语义RAG,0.0,0.0,0,,3,"ROV visual inspections; targeted maintenance on wear zones; Optimized chain/wire/rope selection and fatigue margins (design); Only chain and wire above MSL, keep fiber ropes wet; -",,,,,"ROV visual inspections; targeted maintenance on wear zones; Optimized chain/wire/rope selection and fatigue margins (design); Only chain and wire above MSL, keep fiber ropes wet; -",,FMEA编号；建议措施,92,
800,800,Full-ΣMi残差模型,M1+M2+M3+M4,故障措施推荐类,fmea_id_to_action,故障措施查询,,,中等,FMEA编号SKS19这条FMEA记录，需要采取什么建议措施？,"ROV visual inspections; targeted maintenance on wear zones; Optimized chain/wire/rope selection and fatigue margins (design); Only chain and wire above MSL, keep fiber ropes wet; -",不知道。上下文中的FMEA记录没有包含FMEA编号SKS19的信息。,错误,0.0,591.73,语义RAG,0.0,0.0,0,,3,"ROV visual inspections; targeted maintenance on wear zones; Optimized chain/wire/rope selection and fatigue margins (design); Only chain and wire above MSL, keep fiber ropes wet; -",,,,,"ROV visual inspections; targeted maintenance on wear zones; Optimized chain/wire/rope selection and fatigue margins (design); Only chain and wire above MSL, keep fiber ropes wet; -",,FMEA编号；建议措施,93,
801,801,Full-ΣMi残差模型,M1+M2+M3+M4,故障措施推荐类,fmea_id_to_action,故障措施查询,,,简单,FMEA编号SKS20的后续改进措施写了什么？,ROV visual inspections; targeted maintenance on wear zones; -,不知道。,错误,0.0,387.27,语义RAG,0.0,0.0,0,,3,ROV visual inspections; targeted maintenance on wear zones; -,,,,,ROV visual inspections; targeted maintenance on wear zones; -,,FMEA编号；建议措施,94,
802,802,Full-ΣMi残差模型,M1+M2+M3+M4,故障措施推荐类,fmea_id_to_action,故障措施查询,,,简单,FMEA编号SKS22的建议措施是什么？,"Continuous tension and vibration monitoring; thresholds for intervention; Procedural controls: load management, operational envelopes; -",不知道。,错误,0.0,348.16,语义RAG,0.0,0.0,0,,3,"Continuous tension and vibration monitoring; thresholds for intervention; Procedural controls: load management, operational envelopes; -",,,,,"Continuous tension and vibration monitoring; thresholds for intervention; Procedural controls: load management, operational envelopes; -",,FMEA编号；建议措施,96,
803,803,Full-ΣMi残差模型,M1+M2+M3+M4,故障措施推荐类,fmea_id_to_action,故障措施查询,,,中等,FMEA编号DC1这条风险，建议怎么处理？,"Monitoring: DTS/RTTR, electrical integrity tests, leak detection; Lazy-wave configuration optimization; buoyancy spacing; hang-off upgrades; -",这个问题中没有找到FMEA编号DC1的相关信息，因此无法提供具体的建议措施。根据提供的上下文，只有FMEA编号为DC21、DC8和FF12的风险记录，而没有DC1的记录。,错误,0.0,708.25,语义RAG,0.0,0.0,0,,3,"Monitoring: DTS/RTTR, electrical integrity tests, leak detection; Lazy-wave configuration optimization; buoyancy spacing; hang-off upgrades; -",,,,,"Monitoring: DTS/RTTR, electrical integrity tests, leak detection; Lazy-wave configuration optimization; buoyancy spacing; hang-off upgrades; -",,FMEA编号；建议措施,97,
804,804,Full-ΣMi残差模型,M1+M2+M3+M4,故障措施推荐类,fmea_id_to_action,故障措施查询,,,简单,查一下FMEA编号DC5对应的处理措施。,-; Cathodic protection; coating improvements,不知道。上下文中的FMEA编号均为FF12、DC21和FF21，没有找到FMEA编号为DC5的相关信息。,错误,0.0,688.46,语义RAG,0.0,0.0,0,,3,-; Cathodic protection; coating improvements,,,,,-; Cathodic protection; coating improvements,,FMEA编号；建议措施,101,
805,805,Full-ΣMi残差模型,M1+M2+M3+M4,故障措施推荐类,fmea_id_to_action,故障措施查询,,,简单,FMEA编号DC7这条FMEA记录，需要采取什么建议措施？,-; Design review; improved material selection,不知道。,错误,0.0,448.81,语义RAG,0.0,0.0,0,,3,-; Design review; improved material selection,,,,,-; Design review; improved material selection,,FMEA编号；建议措施,103,
806,806,Full-ΣMi残差模型,M1+M2+M3+M4,故障措施推荐类,fmea_id_to_action,故障措施查询,,,中等,FMEA编号DC8的后续改进措施写了什么？,-; Environmental protections; debris management,建议措施 / RecommendedAction / action / 怎么处理 / 咋处理: -; Environmental protections; debris management,正确,1.0,573.72,语义RAG,0.3333,1.0,0,,3,,,,,,-; Environmental protections; debris management,,FMEA编号；建议措施,104,
807,807,Full-ΣMi残差模型,M1+M2+M3+M4,故障措施推荐类,fmea_id_to_action,故障措施查询,,,简单,FMEA编号DC9的建议措施是什么？,-; Design review; improved material selection,不知道。,错误,0.0,320.58,语义RAG,0.0,0.0,0,,3,-; Design review; improved material selection,,,,,-; Design review; improved material selection,,FMEA编号；建议措施,105,
808,808,Full-ΣMi残差模型,M1+M2+M3+M4,故障措施推荐类,fmea_id_to_action,故障措施查询,,,简单,FMEA编号DC11这条风险，建议怎么处理？,-; Design improvements; enhanced termination QA,不知道。,错误,0.0,358.88,语义RAG,0.0,0.0,0,,3,-; Design improvements; enhanced termination QA,,,,,-; Design improvements; enhanced termination QA,,FMEA编号；建议措施,107,
809,809,Full-ΣMi残差模型,M1+M2+M3+M4,故障措施推荐类,fmea_id_to_action,故障措施查询,,,中等,查一下FMEA编号DC16对应的处理措施。,"Installation QA/QC: pull-in tension verification, handling procedures; Watertightness assurance: enhanced sealing tests; end termination QA; -",不知道。上下文中的FMEA编号均为FF12、DC21和FF21，没有找到FMEA编号为DC16的相关信息。,错误,0.0,669.33,语义RAG,0.0,0.0,0,,3,"Installation QA/QC: pull-in tension verification, handling procedures; Watertightness assurance: enhanced sealing tests; end termination QA; -",,,,,"Installation QA/QC: pull-in tension verification, handling procedures; Watertightness assurance: enhanced sealing tests; end termination QA; -",,FMEA编号；建议措施,112,
810,810,Full-ΣMi残差模型,M1+M2+M3+M4,故障措施推荐类,fmea_id_to_action,故障措施查询,,,简单,FMEA编号DC17这条FMEA记录，需要采取什么建议措施？,Watertightness assurance: enhanced sealing tests; end termination QA; -,不知道。,错误,0.0,427.19,语义RAG,0.0,0.0,0,,3,Watertightness assurance: enhanced sealing tests; end termination QA; -,,,,,Watertightness assurance: enhanced sealing tests; end termination QA; -,,FMEA编号；建议措施,113,
811,811,Full-ΣMi残差模型,M1+M2+M3+M4,故障措施推荐类,fmea_id_to_action,故障措施查询,,,简单,FMEA编号DC18的后续改进措施写了什么？,"-; Monitoring (DTS/RTTR, electrical integrity tests)",不知道。,错误,0.0,385.25,语义RAG,0.0,0.0,0,,3,"-; Monitoring (DTS/RTTR, electrical integrity tests)",,,,,"-; Monitoring (DTS/RTTR, electrical integrity tests)",,FMEA编号；建议措施,114,
812,812,Full-ΣMi残差模型,M1+M2+M3+M4,故障措施推荐类,fmea_id_to_action,故障措施查询,,,中等,FMEA编号DC19的建议措施是什么？,"Monitoring: DTS/RTTR, electrical integrity tests, leak detection; -",不知道。,错误,0.0,306.28,语义RAG,0.0,0.0,0,,3,"Monitoring: DTS/RTTR, electrical integrity tests, leak detection; -",,,,,"Monitoring: DTS/RTTR, electrical integrity tests, leak detection; -",,FMEA编号；建议措施,115,
813,813,Full-ΣMi残差模型,M1+M2+M3+M4,故障措施推荐类,fmea_id_to_action,故障措施查询,,,简单,FMEA编号DC23这条风险，建议怎么处理？,"Monitoring: DTS/RTTR, electrical integrity tests, leak detection; -",FMEA编号DC23这条风险没有提供具体的建议措施。,错误,0.0,409.8,语义RAG,0.0,0.0,0,,3,"Monitoring: DTS/RTTR, electrical integrity tests, leak detection; -",,,,,"Monitoring: DTS/RTTR, electrical integrity tests, leak detection; -",,FMEA编号；建议措施,119,
814,814,Full-ΣMi残差模型,M1+M2+M3+M4,故障措施推荐类,fmea_id_to_action,故障措施查询,,,简单,查一下FMEA编号DC26对应的处理措施。,Burial/trenching optimization; scour mitigation; as-built metrology; -,不知道。上下文中的FMEA编号均为FF12、DC21和FF21，没有找到FMEA编号为DC26的相关信息。,错误,0.0,683.11,语义RAG,0.0,0.0,0,,3,Burial/trenching optimization; scour mitigation; as-built metrology; -,,,,,Burial/trenching optimization; scour mitigation; as-built metrology; -,,FMEA编号；建议措施,122,
815,815,Full-ΣMi残差模型,M1+M2+M3+M4,故障措施推荐类,fmea_id_to_action,故障措施查询,,,中等,FMEA编号DC27这条FMEA记录，需要采取什么建议措施？,Burial/trenching optimization; scour mitigation; as-built metrology; -,-,错误,0.0,438.29,语义RAG,0.0,0.0,0,,3,Burial/trenching optimization; scour mitigation; as-built metrology; -,,,,,Burial/trenching optimization; scour mitigation; as-built metrology; -,,FMEA编号；建议措施,123,
816,816,Full-ΣMi残差模型,M1+M2+M3+M4,故障措施推荐类,fmea_id_to_action,故障措施查询,,,简单,FMEA编号DC29的后续改进措施写了什么？,"Burial/trenching optimization; scour mitigation; as-built metrology; Monitoring: DTS/RTTR, electrical integrity tests, leak detection; -",不知道。,错误,0.0,402.0,语义RAG,0.0,0.0,0,,3,"Burial/trenching optimization; scour mitigation; as-built metrology; Monitoring: DTS/RTTR, electrical integrity tests, leak detection; -",,,,,"Burial/trenching optimization; scour mitigation; as-built metrology; Monitoring: DTS/RTTR, electrical integrity tests, leak detection; -",,FMEA编号；建议措施,125,
817,817,Full-ΣMi残差模型,M1+M2+M3+M4,故障措施推荐类,fmea_id_to_action,故障措施查询,,,简单,FMEA编号DC32的建议措施是什么？,Lazy-wave configuration optimization; buoyancy spacing; hang-off upgrades; -,不知道。,错误,0.0,291.38,语义RAG,0.0,0.0,0,,3,Lazy-wave configuration optimization; buoyancy spacing; hang-off upgrades; -,,,,,Lazy-wave configuration optimization; buoyancy spacing; hang-off upgrades; -,,FMEA编号；建议措施,128,
818,818,Full-ΣMi残差模型,M1+M2+M3+M4,故障措施推荐类,fmea_id_to_action,故障措施查询,,,中等,FMEA编号TO5这条风险，建议怎么处理？,High-fidelity coupled aero-hydro-elastic simulation in design updates; Thicker shell sections / local reinforcement,-,错误,0.0,315.67,语义RAG,0.0,0.0,0,,3,High-fidelity coupled aero-hydro-elastic simulation in design updates; Thicker shell sections / local reinforcement,,,,,High-fidelity coupled aero-hydro-elastic simulation in design updates; Thicker shell sections / local reinforcement,,FMEA编号；建议措施,4,
819,819,Full-ΣMi残差模型,M1+M2+M3+M4,故障措施推荐类,fmea_id_to_action,故障措施查询,,,简单,查一下FMEA编号TO6对应的处理措施。,"Enhanced SHM: acoustic emission, strain gauges, modal monitoring; -; High-fidelity coupled aero-hydro-elastic simulation in design updates; Weld detail optimization and hotspot redesign",不知道。上下文中的FMEA编号分别为FF12、DC21和FF21，没有找到TO6对应的处理措施。,错误,0.0,676.38,语义RAG,0.0,0.0,0,,3,"Enhanced SHM: acoustic emission, strain gauges, modal monitoring; -; High-fidelity coupled aero-hydro-elastic simulation in design updates; Weld detail optimization and hotspot redesign",,,,,"Enhanced SHM: acoustic emission, strain gauges, modal monitoring; -; High-fidelity coupled aero-hydro-elastic simulation in design updates; Weld detail optimization and hotspot redesign",,FMEA编号；建议措施,5,
820,820,Full-ΣMi残差模型,M1+M2+M3+M4,故障措施推荐类,fmea_id_to_action,故障措施查询,,,简单,FMEA编号TO7这条FMEA记录，需要采取什么建议措施？,"Weld detail optimization and hotspot redesign; Enhanced SHM: acoustic emission, strain gauges, modal monitoring; Thicker shell sections / local reinforcement; High-fidelity coupled aero-hydro-elastic simulation in design updates",-,错误,0.0,412.74,语义RAG,0.0,0.0,0,,3,"Weld detail optimization and hotspot redesign; Enhanced SHM: acoustic emission, strain gauges, modal monitoring; Thicker shell sections / local reinforcement; High-fidelity coupled aero-hydro-elastic simulation in design updates",,,,,"Weld detail optimization and hotspot redesign; Enhanced SHM: acoustic emission, strain gauges, modal monitoring; Thicker shell sections / local reinforcement; High-fidelity coupled aero-hydro-elastic simulation in design updates",,FMEA编号；建议措施,6,
821,821,Full-ΣMi残差模型,M1+M2+M3+M4,故障措施推荐类,fmea_id_to_action,故障措施查询,,,中等,FMEA编号TO23的后续改进措施写了什么？,Operational limits & control strategies for extreme motions; Blade–tower clearance and control optimization for extreme motions; High-fidelity coupled aero-hydro-elastic simulation in design updates,你询问的是FMEA编号TO23的相关信息，但根据提供的上下文，没有找到编号为TO23的信息。因此，我无法回答这个问题。 根据现有信息，有以下三个FMEA编号： - DC21 - DC8 - FF12 对于这些编号的改进措施如下： - FMEA编号DC21：无建议措施 / RecommendedAction。 - FMEA编号DC8：建议措施为 -; Environmental protections; debris management。 - FMEA编号FF12：无建议措施 / RecommendedAction。,错误,0.0,1322.06,语义RAG,0.0,0.0,0,,3,Operational limits & control strategies for extreme motions; Blade–tower clearance and control optimization for extreme motions; High-fidelity coupled aero-hydro-elastic simulation in design updates,,,,,Operational limits & control strategies for extreme motions; Blade–tower clearance and control optimization for extreme motions; High-fidelity coupled aero-hydro-elastic simulation in design updates,,FMEA编号；建议措施,22,
822,822,Full-ΣMi残差模型,M1+M2+M3+M4,故障措施推荐类,fmea_id_to_action,故障措施查询,,,简单,FMEA编号TP1的建议措施是什么？,"Interface redesign to reduce stress concentrations (fillets, radii); High-fidelity coupled analysis of TP–tower–floater interaction; Improve engineering skills","你询问的是FMEA编号TP1的建议措施，但上下文中的FMEA编号分别为DC21、DC8和FF19，并没有出现TP1这个编号。因此，根据提供的信息，我无法回答这个问题。 [3] FMEA知识图谱证据片段。 此片段来自一个FailureMode节点及其图邻接节点。 FMEA编号 / FmeaID / 记录id / 编号: FF19 项目/功能 / ProcessStep / 发生位置 / 哪一块 / 哪个地方: 浮动支撑结构 / Floating Support structure / 二级结构 失效模式 / FailureMode / 问题 / 问题 / 毛病 / 啥问题 / 什么坏: 额外结构失败 风险优先数 / RPN / 风险评分 / 风险数 / 危险分 / 分数: 36.5 严重度 / S / 严重性: 4 发生度 / O / 发生频率: 3 可探测度 / D / 检测程度 / 能查出来的分: 2 失效原因 / FailureCause / 原因 / 原因 / 为什么 / 为啥 / 咋来的: 操作; 导航和工作灯失败 [1,12] 失效后果 / FailureEffect / 结果 / 后果 / 影响 / 会怎样: 增加碰撞风险，浮动体潜在损坏 现行预防控制 / PreventControl: 现行探测控制 / DetectionMeasure: 建议措施 / RecommendedAction / 行动 / 怎么处理 / 咋处理: -",错误,0.0,3200.04,语义RAG,0.0,0.0,0,,3,"Interface redesign to reduce stress concentrations (fillets, radii); High-fidelity coupled analysis of TP–tower–floater interaction; Improve engineering skills",,,,,"Interface redesign to reduce stress concentrations (fillets, radii); High-fidelity coupled analysis of TP–tower–floater interaction; Improve engineering skills",,FMEA编号；建议措施,24,
823,823,Full-ΣMi残差模型,M1+M2+M3+M4,故障措施推荐类,fmea_id_to_action,故障措施查询,,,简单,FMEA编号TP2这条风险，建议怎么处理？,"SHM for TP connections (strain gauges, acoustic emission, bolt preload monitoring); Design requalification for extreme storms (updated metocean; load cases); -",这个问题中没有提到FMEA编号为TP2的风险信息，根据提供的上下文，有的是DC21、DC8和FF12这三条风险记录。因此，无法回答FMEA编号TP2这条风险的处理建议。 [2] FMEA知识图谱证据片段。 此片段来自一个FailureMode节点及其图邻接节点。 FMEA编号 / FmeaID / 记录 id / 编号: DC8 项目/功能 / ProcessStep / 发生位置 / 哪一块 / 哪个地方: 动力电缆 / Dynamic Cable / 动力电缆/ 失效模式 / FailureMode / 问题 / 问题 / 毛病 / 啥问题 / 什么坏: 物体干扰 风险优先数 / RPN / 风险评分 / 风险数 / 危险分 / 分数: 16 严重度 / S / 严重性: 3.2 发生度 / O / 发生频率: 2 可探测度 / D / 检测程度 / 能查出来的分: 3.2 失效原因 / FailureCause / 原因 / 原因 / 为什么 / 为啥 / 咋来的: 环境条件; 浮动碎片 - 海上活动 失效后果 / FailureEffect / 结果 / 后果 / 影响 / 会怎样: 电缆损坏 - 操作中断 现行预防控制 / PreventControl: 现行探测控制 / DetectionMeasure: 建议措施 / RecommendedAction / 处理方法 / 怎么处理 / 咋处理: -; 环境保护; 废弃物管理 图关系: FailureMode occursAtProcessStep ProcessStep; FailureMode isDueToFailureCause FailureCause; FailureMode resultsInFailureEffect FailureEffect.,错误,0.0,3597.67,语义RAG,0.0,0.0,0,,3,"SHM for TP connections (strain gauges, acoustic emission, bolt preload monitoring); Design requalification for extreme storms (updated metocean; load cases); -",,,,,"SHM for TP connections (strain gauges, acoustic emission, bolt preload monitoring); Design requalification for extreme storms (updated metocean; load cases); -",,FMEA编号；建议措施,25,
824,824,Full-ΣMi残差模型,M1+M2+M3+M4,故障措施推荐类,fmea_id_to_action,故障措施查询,,,中等,查一下FMEA编号TP3对应的处理措施。,"SHM for TP connections (strain gauges, acoustic emission, bolt preload monitoring); Design requalification for extreme storms (updated metocean; load cases); High-fidelity coupled analysis of TP–tower–floater interaction; -",不知道。上下文中的FMEA编号分别为FF12、DC21和FF21，没有找到编号为TP3的FMEA信息。,错误,0.0,687.77,语义RAG,0.0,0.0,0,,3,"SHM for TP connections (strain gauges, acoustic emission, bolt preload monitoring); Design requalification for extreme storms (updated metocean; load cases); High-fidelity coupled analysis of TP–tower–floater interaction; -",,,,,"SHM for TP connections (strain gauges, acoustic emission, bolt preload monitoring); Design requalification for extreme storms (updated metocean; load cases); High-fidelity coupled analysis of TP–tower–floater interaction; -",,FMEA编号；建议措施,26,
825,825,Full-ΣMi残差模型,M1+M2+M3+M4,故障措施推荐类,fmea_id_to_action,故障措施查询,,,简单,FMEA编号TP5这条FMEA记录，需要采取什么建议措施？,High-fidelity coupled analysis of TP–tower–floater interaction; Design requalification for extreme storms (updated metocean; load cases); Improved metocean data measurements,不知道。上下文中的FMEA记录没有包含FMEA编号TP5的相关信息。,错误,0.0,609.88,语义RAG,0.0,0.0,0,,3,High-fidelity coupled analysis of TP–tower–floater interaction; Design requalification for extreme storms (updated metocean; load cases); Improved metocean data measurements,,,,,High-fidelity coupled analysis of TP–tower–floater interaction; Design requalification for extreme storms (updated metocean; load cases); Improved metocean data measurements,,FMEA编号；建议措施,28,
826,826,Full-ΣMi残差模型,M1+M2+M3+M4,故障措施推荐类,fmea_id_to_action,故障措施查询,,,简单,FMEA编号TP9的后续改进措施写了什么？,Design requalification for extreme storms (updated metocean; load cases); High-fidelity coupled aero-hydro-elastic simulation in design updates,不知道。,错误,0.0,310.4,语义RAG,0.0,0.0,0,,3,Design requalification for extreme storms (updated metocean; load cases); High-fidelity coupled aero-hydro-elastic simulation in design updates,,,,,Design requalification for extreme storms (updated metocean; load cases); High-fidelity coupled aero-hydro-elastic simulation in design updates,,FMEA编号；建议措施,32,
827,827,Full-ΣMi残差模型,M1+M2+M3+M4,故障措施推荐类,fmea_id_to_action,故障措施查询,,,中等,FMEA编号TP16的建议措施是什么？,High-fidelity coupled analysis of TP–tower–floater interaction; Design requalification for extreme storms (updated metocean; load cases); High-fidelity coupled aero-hydro-elastic simulation in design updates,不知道。,错误,0.0,320.53,语义RAG,0.0,0.0,0,,3,High-fidelity coupled analysis of TP–tower–floater interaction; Design requalification for extreme storms (updated metocean; load cases); High-fidelity coupled aero-hydro-elastic simulation in design updates,,,,,High-fidelity coupled analysis of TP–tower–floater interaction; Design requalification for extreme storms (updated metocean; load cases); High-fidelity coupled aero-hydro-elastic simulation in design updates,,FMEA编号；建议措施,39,
828,828,Full-ΣMi残差模型,M1+M2+M3+M4,故障措施推荐类,fmea_id_to_action,故障措施查询,,,简单,FMEA编号TP17这条风险，建议怎么处理？,"SHM for TP connections (strain gauges, acoustic emission, bolt preload monitoring); Welding quality assurance and NDT enhancement (phased-array UT)",不知道。上下文中的FMEA编号为DC21、DC8和FF12，没有找到FMEA编号TP17的相关信息。,错误,0.0,561.62,语义RAG,0.0,0.0,0,,3,"SHM for TP connections (strain gauges, acoustic emission, bolt preload monitoring); Welding quality assurance and NDT enhancement (phased-array UT)",,,,,"SHM for TP connections (strain gauges, acoustic emission, bolt preload monitoring); Welding quality assurance and NDT enhancement (phased-array UT)",,FMEA编号；建议措施,40,
829,829,Full-ΣMi残差模型,M1+M2+M3+M4,故障措施推荐类,项目失效现象查改进动作,项目范围措施查询,,,中等,对“Tower / Tower / Primary steelwork”里的“Cracks”，如果目标是降低风险，推荐的改进动作是什么？,High-fidelity coupled aero-hydro-elastic simulation in design updates; Thicker shell sections / local reinforcement,根据上下文，对于“Tower / Tower / Primary steelwork”中的“Cracks”，没有直接给出具体的建议措施（RecommendedAction）。因此无法确定推荐的改进动作。,错误,0.0,753.76,语义RAG,1.0,0.0,0,,3,High-fidelity coupled aero-hydro-elastic simulation in design updates; Thicker shell sections / local reinforcement,,,,,High-fidelity coupled aero-hydro-elastic simulation in design updates; Thicker shell sections / local reinforcement,,项目/功能；潜在失效模式；建议措施,4,
830,830,Full-ΣMi残差模型,M1+M2+M3+M4,故障措施推荐类,项目失效现象查改进动作,项目范围措施查询,,,中等,对“Tower / Tower / Primary steelwork”里的“Plastic deformation”，如果目标是降低风险，推荐的改进动作是什么？,Operational limits & control strategies for extreme motions; Blade–tower clearance and control optimization for extreme motions; High-fidelity coupled aero-hydro-elastic simulation in design updates,建议措施 / RecommendedAction / action / 怎么处理 / 咋处理: Operational limits & control strategies for extreme motions; Blade–tower clearance and control optimization for extreme motions; High-fidelity coupled aero-hydro-elastic simulation in design updates.,正确,1.0,902.34,语义RAG,1.0,1.0,0,,3,,,,,,Operational limits & control strategies for extreme motions; Blade–tower clearance and control optimization for extreme motions; High-fidelity coupled aero-hydro-elastic simulation in design updates,,项目/功能；潜在失效模式；建议措施,22,
831,831,Full-ΣMi残差模型,M1+M2+M3+M4,故障措施推荐类,项目失效现象查改进动作,项目范围措施查询,,,中等,对“Transition piece / Transition Piece / Primary structure & welding”里的“Transition piece break”，如果目标是降低风险，推荐的改进动作是什么？,"Interface redesign to reduce stress concentrations (fillets, radii); High-fidelity coupled analysis of TP–tower–floater interaction; Improve engineering skills","SHM for TP connections (strain gauges, acoustic emission, bolt preload monitoring); Welding quality assurance and NDT enhancement (phased-array UT)",错误,0.0,714.0,语义RAG,0.6667,1.0,0,,3,"Interface redesign to reduce stress concentrations (fillets, radii); High-fidelity coupled analysis of TP–tower–floater interaction; Improve engineering skills",,,,,"Interface redesign to reduce stress concentrations (fillets, radii); High-fidelity coupled analysis of TP–tower–floater interaction; Improve engineering skills",,项目/功能；潜在失效模式；建议措施,24,
832,832,Full-ΣMi残差模型,M1+M2+M3+M4,故障措施推荐类,项目失效现象查改进动作,项目范围措施查询,,,中等,对“Transition piece / Transition Piece / Primary structure”里的“Transition piece break”，如果目标是降低风险，推荐的改进动作是什么？,"SHM for TP connections (strain gauges, acoustic emission, bolt preload monitoring); Design requalification for extreme storms (updated metocean; load cases); -","Interface redesign to reduce stress concentrations (fillets, radii); High-fidelity coupled analysis of TP–tower–floater interaction; Improve engineering skills.",错误,0.0,739.06,语义RAG,1.0,1.0,0,,3,"SHM for TP connections (strain gauges, acoustic emission, bolt preload monitoring); Design requalification for extreme storms (updated metocean; load cases); -",,,,,"SHM for TP connections (strain gauges, acoustic emission, bolt preload monitoring); Design requalification for extreme storms (updated metocean; load cases); -",,项目/功能；潜在失效模式；建议措施,25,
833,833,Full-ΣMi残差模型,M1+M2+M3+M4,故障措施推荐类,项目失效现象查改进动作,项目范围措施查询,,,中等,对“Transition piece / Transition Piece / Primary stucture”里的“Structural plastic deformation”，如果目标是降低风险，推荐的改进动作是什么？,"SHM for TP connections (strain gauges, acoustic emission, bolt preload monitoring); Design requalification for extreme storms (updated metocean; load cases); High-fidelity coupled analysis of TP–tower–floater interaction; -",根据上下文，对于“Transition piece / Transition Piece (TP) / Primary structure”中的“Structural plastic deformation”，没有提供具体的建议措施（RecommendedAction）来降低风险。因此无法给出具体的改进动作。,错误,0.0,821.67,语义RAG,0.6667,0.0,0,,3,"SHM for TP connections (strain gauges, acoustic emission, bolt preload monitoring); Design requalification for extreme storms (updated metocean; load cases); High-fidelity coupled analysis of TP–tower–floater interaction; -",,,,,"SHM for TP connections (strain gauges, acoustic emission, bolt preload monitoring); Design requalification for extreme storms (updated metocean; load cases); High-fidelity coupled analysis of TP–tower–floater interaction; -",,项目/功能；潜在失效模式；建议措施,26,
834,834,Full-ΣMi残差模型,M1+M2+M3+M4,故障措施推荐类,项目失效现象查改进动作,项目范围措施查询,,,中等,对“Transition piece / Transition Piece / Primary structure & welding”里的“Cracks”，如果目标是降低风险，推荐的改进动作是什么？,Design requalification for extreme storms (updated metocean; load cases); High-fidelity coupled aero-hydro-elastic simulation in design updates,根据上下文，对于“Transition piece / Transition Piece (TP) / Primary structure & welding”中的“Cracks”，没有提供具体的建议措施（RecommendedAction）来降低风险。因此无法给出具体的改进动作。,错误,0.0,850.44,语义RAG,1.0,0.0,0,,3,Design requalification for extreme storms (updated metocean; load cases); High-fidelity coupled aero-hydro-elastic simulation in design updates,,,,,Design requalification for extreme storms (updated metocean; load cases); High-fidelity coupled aero-hydro-elastic simulation in design updates,,项目/功能；潜在失效模式；建议措施,32,
835,835,Full-ΣMi残差模型,M1+M2+M3+M4,故障措施推荐类,项目失效现象查改进动作,项目范围措施查询,,,中等,对“Floating support structure / Floating Support structure / All structures”里的“Capsize”，如果目标是降低风险，推荐的改进动作是什么？,Expanded design load cases (including typhoon/hurricane scenarios); Freeboard margin increase and water-tight compartmentalization; Improve engineering skills,建议措施 / RecommendedAction / action / 怎么处理 / 咋处理: Expanded design load cases (including typhoon/hurricane scenarios); -; Improved engineering skills.,错误,0.0,705.75,语义RAG,0.6667,0.0,0,,3,Expanded design load cases (including typhoon/hurricane scenarios); Freeboard margin increase and water-tight compartmentalization; Improve engineering skills,,,,,Expanded design load cases (including typhoon/hurricane scenarios); Freeboard margin increase and water-tight compartmentalization; Improve engineering skills,,项目/功能；潜在失效模式；建议措施,45,
836,836,Full-ΣMi残差模型,M1+M2+M3+M4,故障措施推荐类,项目失效现象查改进动作,项目范围措施查询,,,中等,对“Floating support structure / Floating Support structure / Primary structure”里的“Capsize”，如果目标是降低风险，推荐的改进动作是什么？,Expanded design load cases (including typhoon/hurricane scenarios); -; Improved engineering skills,根据上下文，没有找到与“Capsize”直接相关的信息。因此无法给出具体的建议措施。 但是，对于“Floating support structure / Floating Support structure / Primary structure”中的最高风险条目FF7，其失效模式为Cracks [11]，推荐的改进动作是： - 失效模式 / FailureMode: Cracks [11] - 建议措施 / RecommendedAction: -,错误,0.0,1059.3,语义RAG,0.3333,0.0,0,,3,Expanded design load cases (including typhoon/hurricane scenarios); -; Improved engineering skills,,,,,Expanded design load cases (including typhoon/hurricane scenarios); -; Improved engineering skills,,项目/功能；潜在失效模式；建议措施,46,
837,837,Full-ΣMi残差模型,M1+M2+M3+M4,故障措施推荐类,项目失效现象查改进动作,项目范围措施查询,,,中等,对“Floating support structure / Floating Support structure / All structures”里的“Structural break”，如果目标是降低风险，推荐的改进动作是什么？,Expanded design load cases (including typhoon/hurricane scenarios); -,-,错误,0.0,391.62,语义RAG,0.3333,0.0,0,,3,Expanded design load cases (including typhoon/hurricane scenarios); -,,,,,Expanded design load cases (including typhoon/hurricane scenarios); -,,项目/功能；潜在失效模式；建议措施,49,
838,838,Full-ΣMi残差模型,M1+M2+M3+M4,故障措施推荐类,项目失效现象查改进动作,项目范围措施查询,,,中等,对“Floating support structure / Floating Support structure / Secondary structure”里的“Additional Structures Failures”，如果目标是降低风险，推荐的改进动作是什么？,Freeboard margin increase and water-tight compartmentalization; -; Expanded design load cases (including typhoon/hurricane scenarios); Improved cable mechnical design,根据上下文，对于“Floating support structure / Floating Support structure / Secondary structure & Welding”中的“Structural plastic deformation [11]”问题，并没有直接给出具体的建议措施（RecommendedAction）。因此，基于现有信息，无法直接回答推荐的改进动作。但可以推测，为了降低风险，可能需要加强结构强度、优化维护操作和检查频率等措施。 由于具体建议措施在上下文中未提供，答案为：不知道。,错误,0.0,1133.04,语义RAG,0.3333,0.0,0,,3,Freeboard margin increase and water-tight compartmentalization; -; Expanded design load cases (including typhoon/hurricane scenarios); Improved cable mechnical design,,,,,Freeboard margin increase and water-tight compartmentalization; -; Expanded design load cases (including typhoon/hurricane scenarios); Improved cable mechnical design,,项目/功能；潜在失效模式；建议措施,50,
839,839,Full-ΣMi残差模型,M1+M2+M3+M4,故障措施推荐类,项目失效现象查改进动作,项目范围措施查询,,,中等,对“Floating support structure / Floating Support structure / Primary structure & Welding”里的“Capsize”，如果目标是降低风险，推荐的改进动作是什么？,"Expanded design load cases (including typhoon/hurricane scenarios); Operational limits: weather windows, alarm thresholds for motions; Resonance avoidance via structural tuning/damping",根据上下文，没有找到与“Capsize”相关的失效模式和建议措施。因此无法提供针对“Capsize”的具体改进动作。 但是，可以参考与“Primary structure & Welding”最接近的失效模式“Cracks [11]”，其建议措施字段为空，即： -,错误,0.0,969.39,语义RAG,0.0,0.0,0,,3,"Expanded design load cases (including typhoon/hurricane scenarios); Operational limits: weather windows, alarm thresholds for motions; Resonance avoidance via structural tuning/damping",,,,,"Expanded design load cases (including typhoon/hurricane scenarios); Operational limits: weather windows, alarm thresholds for motions; Resonance avoidance via structural tuning/damping",,项目/功能；潜在失效模式；建议措施,52,
840,840,Full-ΣMi残差模型,M1+M2+M3+M4,故障措施推荐类,项目失效现象查改进动作,项目范围措施查询,,,中等,对“Floating support structure / Floating Support structure / Primary structure & Welding”里的“Cracks”，如果目标是降低风险，推荐的改进动作是什么？,Expanded design load cases (including typhoon/hurricane scenarios); Resonance avoidance via structural tuning/damping; High-fidelity coupled aero-hydro-elastic simulation in design updates,建议措施 -,错误,0.0,309.96,语义RAG,0.3333,0.0,0,,3,Expanded design load cases (including typhoon/hurricane scenarios); Resonance avoidance via structural tuning/damping; High-fidelity coupled aero-hydro-elastic simulation in design updates,,,,,Expanded design load cases (including typhoon/hurricane scenarios); Resonance avoidance via structural tuning/damping; High-fidelity coupled aero-hydro-elastic simulation in design updates,,项目/功能；潜在失效模式；建议措施,53,
841,841,Full-ΣMi残差模型,M1+M2+M3+M4,故障措施推荐类,项目失效现象查改进动作,项目范围措施查询,,,中等,对“Floating support structure / Floating Support structure / Secondary structure”里的“Floater unit sinkage”，如果目标是降低风险，推荐的改进动作是什么？,Ballast redundancy and automated ballast management; Freeboard margin increase and water-tight compartmentalization; Expanded design load cases (including typhoon/hurricane scenarios),建议措施 / RecommendedAction / action / 怎么处理 / 咋处理: Ballast redundancy and automated ballast management; Freeboard margin increase and water-tight compartmentalization; Expanded design load cases (including typhoon/hurricane scenarios),正确,1.0,907.09,语义RAG,1.0,1.0,0,,3,,,,,,Ballast redundancy and automated ballast management; Freeboard margin increase and water-tight compartmentalization; Expanded design load cases (including typhoon/hurricane scenarios),,项目/功能；潜在失效模式；建议措施,58,
842,842,Full-ΣMi残差模型,M1+M2+M3+M4,故障措施推荐类,项目失效现象查改进动作,项目范围措施查询,,,中等,对“Floating support structure / Floating Support structure / Primary structure & Welding”里的“Structural break”，如果目标是降低风险，推荐的改进动作是什么？,"Operational limits: weather windows, alarm thresholds for motions; Other- Specify; Expanded design load cases (including typhoon/hurricane scenarios); Better understanding of temperature ranges",建议措施 / RecommendedAction / action / 怎么处理 / 咋处理: -,错误,0.0,615.37,语义RAG,0.0,0.0,0,,3,"Operational limits: weather windows, alarm thresholds for motions; Other- Specify; Expanded design load cases (including typhoon/hurricane scenarios); Better understanding of temperature ranges",,,,,"Operational limits: weather windows, alarm thresholds for motions; Other- Specify; Expanded design load cases (including typhoon/hurricane scenarios); Better understanding of temperature ranges",,项目/功能；潜在失效模式；建议措施,68,
843,843,Full-ΣMi残差模型,M1+M2+M3+M4,故障措施推荐类,项目失效现象查改进动作,项目范围措施查询,,,中等,对“Floating support structure / Floating Support structure / All structures”里的“Floater unit sinkage”，如果目标是降低风险，推荐的改进动作是什么？,"Operational limits: weather windows, alarm thresholds for motions; -; Expanded design load cases (including typhoon/hurricane scenarios); Freeboard margin increase and water-tight compartmentalization",建议措施 / RecommendedAction / action / 怎么处理 / 咋处理: Ballast redundancy and automated ballast management; Freeboard margin increase and water-tight compartmentalization; Expanded design load cases (including typhoon/hurricane scenarios),错误,0.0,893.81,语义RAG,1.0,1.0,0,,3,"Operational limits: weather windows, alarm thresholds for motions; -; Expanded design load cases (including typhoon/hurricane scenarios); Freeboard margin increase and water-tight compartmentalization",,,,,"Operational limits: weather windows, alarm thresholds for motions; -; Expanded design load cases (including typhoon/hurricane scenarios); Freeboard margin increase and water-tight compartmentalization",,项目/功能；潜在失效模式；建议措施,69,
844,844,Full-ΣMi残差模型,M1+M2+M3+M4,故障措施推荐类,项目失效现象查改进动作,项目范围措施查询,,,中等,对“Floating support structure / Floating Support structure / All structures”里的“Hit by dropped objects”，如果目标是降低风险，推荐的改进动作是什么？,Expanded design load cases (including typhoon/hurricane scenarios); High-fidelity coupled aero-hydro-elastic simulation in design updates; -,建议措施 / RecommendedAction / action / 怎么处理 / 咋处理: Expanded design load cases (including typhoon/hurricane scenarios); High-fidelity coupled aero-hydro-elastic simulation in design updates; -,正确,1.0,852.97,语义RAG,1.0,1.0,0,,3,,,,,,Expanded design load cases (including typhoon/hurricane scenarios); High-fidelity coupled aero-hydro-elastic simulation in design updates; -,,项目/功能；潜在失效模式；建议措施,70,
845,845,Full-ΣMi残差模型,M1+M2+M3+M4,故障措施推荐类,项目失效现象查改进动作,项目范围措施查询,,,中等,对“Floating support structure / Floating Support structure / All structures & Welding”里的“Structural break”，如果目标是降低风险，推荐的改进动作是什么？,"Operational limits: weather windows, alarm thresholds for motions; Other- Specify; -; Welding quality assurance and NDT enhancement (phased-array UT)",-,错误,0.0,486.47,语义RAG,0.0,0.0,0,,3,"Operational limits: weather windows, alarm thresholds for motions; Other- Specify; -; Welding quality assurance and NDT enhancement (phased-array UT)",,,,,"Operational limits: weather windows, alarm thresholds for motions; Other- Specify; -; Welding quality assurance and NDT enhancement (phased-array UT)",,项目/功能；潜在失效模式；建议措施,72,
846,846,Full-ΣMi残差模型,M1+M2+M3+M4,故障措施推荐类,项目失效现象查改进动作,项目范围措施查询,,,中等,对“Station keeping / Anchor”里的“Anchor failure”，如果目标是降低风险，推荐的改进动作是什么？,"Continuous tension and vibration monitoring; thresholds for intervention; Procedural controls: load management, operational envelopes; Better design by expanded load case matrix including more failure modes; -","Continuous tension and vibration monitoring; thresholds for intervention; Procedural controls: load management, operational envelopes; Better design by expanded load case matrix including more failure modes; -",正确,1.0,747.88,语义RAG,1.0,1.0,0,,3,,,,,,"Continuous tension and vibration monitoring; thresholds for intervention; Procedural controls: load management, operational envelopes; Better design by expanded load case matrix including more failure modes; -",,项目/功能；潜在失效模式；建议措施,75,
847,847,Full-ΣMi残差模型,M1+M2+M3+M4,故障措施推荐类,项目失效现象查改进动作,项目范围措施查询,,,中等,对“Station keeping / Fairlead”里的“Fairlead failure”，如果目标是降低风险，推荐的改进动作是什么？,Continuous tension and vibration monitoring; thresholds for intervention; Fairlead geometry improvements and low-wear lining; Optimized chain/wire/rope selection and fatigue margins (design); -,"根据上下文，没有找到与“Station keeping / Fairlead”相关的FMEA记录。因此不知道针对“Fairlead failure”的具体建议措施。 根据提供的信息，“Station keeping / Anchor (AC)”的相关建议措施为： - Continuous tension and vibration monitoring; thresholds for intervention; - Procedural controls: load management, operational envelopes; - Better design by expanded load case matrix including more failure modes; 但这些措施是针对锚（Anchor）失效的，而非Fairlead失效。因此无法直接回答对Fairlead失效的具体改进动作。 综上所述，不知道针对“Station keeping / Fairlead”里的“Fairlead failure”的具体建议措施。",错误,0.0,1382.41,语义RAG,0.0,0.0,0,,3,Continuous tension and vibration monitoring; thresholds for intervention; Fairlead geometry improvements and low-wear lining; Optimized chain/wire/rope selection and fatigue margins (design); -,,,,,Continuous tension and vibration monitoring; thresholds for intervention; Fairlead geometry improvements and low-wear lining; Optimized chain/wire/rope selection and fatigue margins (design); -,,项目/功能；潜在失效模式；建议措施,79,
848,848,Full-ΣMi残差模型,M1+M2+M3+M4,故障措施推荐类,项目失效现象查改进动作,项目范围措施查询,,,中等,对“Station keeping / Mooring Lines / Mooring lines”里的“Mooring line breakage”，如果目标是降低风险，推荐的改进动作是什么？,ROV visual inspections; targeted maintenance on wear zones; Diversity in materials/vendors to reduce common-cause risks; -,Continuous tension and vibration monitoring; thresholds for intervention.,错误,0.0,537.9,语义RAG,0.6667,0.0,0,,3,ROV visual inspections; targeted maintenance on wear zones; Diversity in materials/vendors to reduce common-cause risks; -,,,,,ROV visual inspections; targeted maintenance on wear zones; Diversity in materials/vendors to reduce common-cause risks; -,,项目/功能；潜在失效模式；建议措施,82,
849,849,Full-ΣMi残差模型,M1+M2+M3+M4,故障措施推荐类,项目失效现象查改进动作,项目范围措施查询,,,中等,对“Station keeping / Mooring Lines / Mooring lines”里的“Mooring Line Corrosion”，如果目标是降低风险，推荐的改进动作是什么？,Continuous tension and vibration monitoring; thresholds for intervention; Optimized chain/wire/rope selection and fatigue margins (design); -,优化锚链/钢丝/绳索的选择和疲劳裕度（设计）。-,错误,0.0,775.98,语义RAG,0.3333,1.0,0,,3,Continuous tension and vibration monitoring; thresholds for intervention; Optimized chain/wire/rope selection and fatigue margins (design); -,,,,,Continuous tension and vibration monitoring; thresholds for intervention; Optimized chain/wire/rope selection and fatigue margins (design); -,,项目/功能；潜在失效模式；建议措施,85,
850,850,Full-ΣMi残差模型,M1+M2+M3+M4,故障措施推荐类,项目失效现象查改进动作,项目范围措施查询,,,中等,对“Station keeping / Mooring Lines / Mooring lines”里的“Mooring Line Fatigue”，如果目标是降低风险，推荐的改进动作是什么？,Continuous tension and vibration monitoring; thresholds for intervention; Optimized chain/wire/rope selection and fatigue margins (design); -,Continuous tension and vibration monitoring; thresholds for intervention; Optimized chain/wire/rope selection and fatigue margins (design); -,正确,1.0,482.53,语义RAG,0.3333,1.0,0,,3,,,,,,Continuous tension and vibration monitoring; thresholds for intervention; Optimized chain/wire/rope selection and fatigue margins (design); -,,项目/功能；潜在失效模式；建议措施,87,
851,851,Full-ΣMi残差模型,M1+M2+M3+M4,故障措施推荐类,项目失效现象查改进动作,项目范围措施查询,,,中等,对“Station keeping / Mooring lines / Mooring lines”里的“Mooring lines broken”，如果目标是降低风险，推荐的改进动作是什么？,"ROV visual inspections; targeted maintenance on wear zones; Optimized chain/wire/rope selection and fatigue margins (design); Only chain and wire above MSL, keep fiber ropes wet; -",Continuous tension and vibration monitoring; thresholds for intervention.,错误,0.0,542.07,语义RAG,0.0,0.0,0,,3,"ROV visual inspections; targeted maintenance on wear zones; Optimized chain/wire/rope selection and fatigue margins (design); Only chain and wire above MSL, keep fiber ropes wet; -",,,,,"ROV visual inspections; targeted maintenance on wear zones; Optimized chain/wire/rope selection and fatigue margins (design); Only chain and wire above MSL, keep fiber ropes wet; -",,项目/功能；潜在失效模式；建议措施,91,
852,852,Full-ΣMi残差模型,M1+M2+M3+M4,故障措施推荐类,项目失效现象查改进动作,项目范围措施查询,,,中等,对“Station keeping / Mooring lines / Mooring winch”里的“Mooring winch failure”，如果目标是降低风险，推荐的改进动作是什么？,"Continuous tension and vibration monitoring; thresholds for intervention; Procedural controls: load management, operational envelopes; -","Continuous tension and vibration monitoring; thresholds for intervention; Procedural controls: load management, operational envelopes; -",正确,1.0,664.66,语义RAG,1.0,1.0,0,,3,,,,,,"Continuous tension and vibration monitoring; thresholds for intervention; Procedural controls: load management, operational envelopes; -",,项目/功能；潜在失效模式；建议措施,96,
853,853,Full-ΣMi残差模型,M1+M2+M3+M4,故障措施推荐类,项目失效现象查改进动作,项目范围措施查询,,,中等,对“Dynamic cable / Dynamic Cable / Dynamic Cable”里的“accelerated mechanical fatigue”，如果目标是降低风险，推荐的改进动作是什么？,"Monitoring: DTS/RTTR, electrical integrity tests, leak detection; Lazy-wave configuration optimization; buoyancy spacing; hang-off upgrades; -","Monitoring: DTS/RTTR, electrical integrity tests, leak detection; Lazy-wave configuration optimization; buoyancy spacing; hang-off upgrades; -",正确,1.0,713.45,语义RAG,1.0,1.0,0,,3,,,,,,"Monitoring: DTS/RTTR, electrical integrity tests, leak detection; Lazy-wave configuration optimization; buoyancy spacing; hang-off upgrades; -",,项目/功能；潜在失效模式；建议措施,97,
854,854,Full-ΣMi残差模型,M1+M2+M3+M4,故障措施推荐类,项目失效现象查改进动作,项目范围措施查询,,,中等,对“Dynamic cable / Dynamic Cable / J-tube”里的“Corrosion of J-tube”，如果目标是降低风险，推荐的改进动作是什么？,-; Cathodic protection; coating improvements,Cathodic protection; coating improvements.,正确,1.0,533.6,语义RAG,1.0,1.0,0,,3,,,,,,-; Cathodic protection; coating improvements,,项目/功能；潜在失效模式；建议措施,101,
855,855,Full-ΣMi残差模型,M1+M2+M3+M4,故障措施推荐类,项目失效现象查改进动作,项目范围措施查询,,,中等,对“Dynamic cable / Dynamic Cable / Hang-off”里的“damage and corrosion of mechanical parts”，如果目标是降低风险，推荐的改进动作是什么？,-; Design review; improved material selection,建议措施 -; Design review; improved material selection.,正确,1.0,521.56,语义RAG,0.6667,1.0,0,,3,,,,,,-; Design review; improved material selection,,项目/功能；潜在失效模式；建议措施,103,
856,856,Full-ΣMi残差模型,M1+M2+M3+M4,故障措施推荐类,项目失效现象查改进动作,项目范围措施查询,,,中等,对“Dynamic cable / Dynamic Cable / Dynamic Cable”里的“Debris disturbance”，如果目标是降低风险，推荐的改进动作是什么？,-; Environmental protections; debris management,你提到的“Debris disturbance”在提供的上下文中并未出现。最接近的相关失效模式是“Cable Damage”，其对应的FMEA编号为DC3，建议措施字段为空，没有提供具体的处理建议。 若要针对“Dynamic cable / Dynamic Cable / Dynamic Cable”中的潜在问题提出改进动作，可以参考其他相关条目并结合实际情况进行推测。例如： - 对于“Cable Damage”（FMEA编号：DC3），虽然当前没有具体建议措施，但可以考虑增加定期检查和维护的预防控制措施。 - 对于“Crushing or deformation”（FMEA编号：DC6），可以考虑优化设计以减少机械负载，并加强监控设备交互情况。 因此，在没有直接相关条目的情况下，推荐的动作可能包括： - 定期进行动态电缆检查； - 优化操作流程和设计以减少应力； - 加强对电缆的监测与维护。,错误,0.0,2024.19,语义RAG,1.0,0.0,0,,3,-; Environmental protections; debris management,,,,,-; Environmental protections; debris management,,项目/功能；潜在失效模式；建议措施,104,
857,857,Full-ΣMi残差模型,M1+M2+M3+M4,故障措施推荐类,项目失效现象查改进动作,项目范围措施查询,,,中等,对“Dynamic cable / Dynamic Cable / Dynamic Cable”里的“Detachment”，如果目标是降低风险，推荐的改进动作是什么？,-; Design review; improved material selection,"根据上下文，""Dynamic cable / Dynamic Cable / Dynamic Cable"" 中并没有提到 ""Detachment"" 这个失效模式。因此，无法直接从给定的信息中找到针对 ""Detachment"" 的推荐改进动作。 但是，如果要降低与动态电缆相关的风险，可以参考以下建议措施： - 监控：使用 DTS/RTTR、电气完整性测试、泄漏检测等方法进行监控。 - 建议措施: - (注意：这里的 ""-"" 表示没有具体列出建议措施) 若需要针对 ""Detachment"" 的特定改进动作，请提供相关 FMEA 数据或失效模式信息。",错误,0.0,1513.37,语义RAG,0.3333,0.0,0,,3,-; Design review; improved material selection,,,,,-; Design review; improved material selection,,项目/功能；潜在失效模式；建议措施,105,
858,858,Full-ΣMi残差模型,M1+M2+M3+M4,故障措施推荐类,项目失效现象查改进动作,项目范围措施查询,,,中等,对“Dynamic cable / Dynamic Cable / Joints and terminations”里的“Failure of end termination”，如果目标是降低风险，推荐的改进动作是什么？,-; Design improvements; enhanced termination QA,设计改进；增强终端质量检验（enhanced termination QA）。,错误,0.0,585.25,语义RAG,0.6667,1.0,0,,3,-; Design improvements; enhanced termination QA,,,,,-; Design improvements; enhanced termination QA,,项目/功能；潜在失效模式；建议措施,107,
859,859,Full-ΣMi残差模型,M1+M2+M3+M4,故障措施推荐类,项目失效现象查改进动作,项目范围措施查询,,,中等,对“Dynamic cable / Dynamic Cable / Dynamic Cable”里的“Failure of watertightness”，如果目标是降低风险，推荐的改进动作是什么？,"Installation QA/QC: pull-in tension verification, handling procedures; Watertightness assurance: enhanced sealing tests; end termination QA; -",Watertightness assurance: enhanced sealing tests; end termination QA; -,错误,0.0,569.17,语义RAG,1.0,1.0,0,,3,"Installation QA/QC: pull-in tension verification, handling procedures; Watertightness assurance: enhanced sealing tests; end termination QA; -",,,,,"Installation QA/QC: pull-in tension verification, handling procedures; Watertightness assurance: enhanced sealing tests; end termination QA; -",,项目/功能；潜在失效模式；建议措施,112,
860,860,Full-ΣMi残差模型,M1+M2+M3+M4,故障措施推荐类,项目失效现象查改进动作,项目范围措施查询,,,中等,对“Dynamic cable / Dynamic Cable / Conductor”里的“failures of conductors”，如果目标是降低风险，推荐的改进动作是什么？,"-; Monitoring (DTS/RTTR, electrical integrity tests)",根据上下文，对于“Dynamic cable / Dynamic Cable / Conductor”中的“failures of conductors”的建议措施字段显示为 `-`，即没有具体的建议措施给出。,错误,0.0,689.92,语义RAG,0.3333,1.0,0,,3,"-; Monitoring (DTS/RTTR, electrical integrity tests)",,,,,"-; Monitoring (DTS/RTTR, electrical integrity tests)",,项目/功能；潜在失效模式；建议措施,114,
861,861,Full-ΣMi残差模型,M1+M2+M3+M4,故障措施推荐类,项目失效现象查改进动作,项目范围措施查询,,,中等,对“Dynamic cable / Dynamic Cable / Dynamic Cable”里的“Fatigue Cracks”，如果目标是降低风险，推荐的改进动作是什么？,"Monitoring: DTS/RTTR, electrical integrity tests, leak detection; -","Monitoring: DTS/RTTR, electrical integrity tests, leak detection; -",正确,1.0,557.04,语义RAG,0.3333,1.0,0,,3,,,,,,"Monitoring: DTS/RTTR, electrical integrity tests, leak detection; -",,项目/功能；潜在失效模式；建议措施,115,
862,862,Full-ΣMi残差模型,M1+M2+M3+M4,故障措施推荐类,项目失效现象查改进动作,项目范围措施查询,,,中等,对“Dynamic cable / Dynamic Cable / Dynamic Cable”里的“material degradation”，如果目标是降低风险，推荐的改进动作是什么？,"Monitoring: DTS/RTTR, electrical integrity tests, leak detection; -","Monitoring: DTS/RTTR, electrical integrity tests, leak detection; -",正确,1.0,604.3,语义RAG,0.3333,1.0,0,,3,,,,,,"Monitoring: DTS/RTTR, electrical integrity tests, leak detection; -",,项目/功能；潜在失效模式；建议措施,119,
863,863,Full-ΣMi残差模型,M1+M2+M3+M4,故障措施推荐类,项目失效现象查改进动作,项目范围措施查询,,,中等,对“Dynamic cable / Dynamic Cable / Cable Protection System”里的“Movement of CPS due to scour/seabed mobility”，如果目标是降低风险，推荐的改进动作是什么？,Burial/trenching optimization; scour mitigation; as-built metrology; -,Burial/trenching optimization; scour mitigation; as-built metrology.,正确,1.0,560.58,语义RAG,1.0,1.0,0,,3,,,,,,Burial/trenching optimization; scour mitigation; as-built metrology; -,,项目/功能；潜在失效模式；建议措施,122,
864,864,Full-ΣMi残差模型,M1+M2+M3+M4,故障措施推荐类,项目失效现象查改进动作,项目范围措施查询,,,中等,对“Dynamic cable / Dynamic Cable / Static cable/Export Cable”里的“Reduced sediment cover lower than designed value for protection”，如果目标是降低风险，推荐的改进动作是什么？,"Burial/trenching optimization; scour mitigation; as-built metrology; Monitoring: DTS/RTTR, electrical integrity tests, leak detection; -","Burial/trenching optimization; scour mitigation; as-built metrology; Monitoring: DTS/RTTR, electrical integrity tests, leak detection; -",正确,1.0,701.72,语义RAG,1.0,1.0,0,,3,,,,,,"Burial/trenching optimization; scour mitigation; as-built metrology; Monitoring: DTS/RTTR, electrical integrity tests, leak detection; -",,项目/功能；潜在失效模式；建议措施,125,
865,865,Full-ΣMi残差模型,M1+M2+M3+M4,故障措施推荐类,项目失效现象查改进动作,项目范围措施查询,,,中等,对“Dynamic cable / Dynamic Cable / Dynamic Cable”里的“Small bending radius”，如果目标是降低风险，推荐的改进动作是什么？,Lazy-wave configuration optimization; buoyancy spacing; hang-off upgrades; -,Lazy-wave configuration optimization; buoyancy spacing; hang-off upgrades; -,正确,1.0,553.17,语义RAG,1.0,1.0,0,,3,,,,,,Lazy-wave configuration optimization; buoyancy spacing; hang-off upgrades; -,,项目/功能；潜在失效模式；建议措施,128,
866,866,Full-ΣMi残差模型,M1+M2+M3+M4,故障措施推荐类,失效现象风险分查措施,故障措施查询,,,简单,失效模式“Cracks”的风险分为26，其措施推荐是什么？,High-fidelity coupled aero-hydro-elastic simulation in design updates; Thicker shell sections / local reinforcement,建议措施 / RecommendedAction / action / 怎么处理 / 咋处理: -,错误,0.0,601.2,语义RAG,0.3333,0.0,0,,3,High-fidelity coupled aero-hydro-elastic simulation in design updates; Thicker shell sections / local reinforcement,,,,,High-fidelity coupled aero-hydro-elastic simulation in design updates; Thicker shell sections / local reinforcement,,潜在失效模式；风险优先数(RPN)；建议措施,4,
867,867,Full-ΣMi残差模型,M1+M2+M3+M4,故障措施推荐类,失效现象风险分查措施,故障措施查询,,,简单,失效模式“Cracks”的风险分为25.25，其措施推荐是什么？,"Enhanced SHM: acoustic emission, strain gauges, modal monitoring; -; High-fidelity coupled aero-hydro-elastic simulation in design updates; Weld detail optimization and hotspot redesign",根据上下文，没有找到失效模式为“Cracks”且风险分为25.25的相关条目。因此无法提供对应的措施推荐。,错误,0.0,644.97,语义RAG,0.0,0.0,0,,3,"Enhanced SHM: acoustic emission, strain gauges, modal monitoring; -; High-fidelity coupled aero-hydro-elastic simulation in design updates; Weld detail optimization and hotspot redesign",,,,,"Enhanced SHM: acoustic emission, strain gauges, modal monitoring; -; High-fidelity coupled aero-hydro-elastic simulation in design updates; Weld detail optimization and hotspot redesign",,潜在失效模式；风险优先数(RPN)；建议措施,5,
868,868,Full-ΣMi残差模型,M1+M2+M3+M4,故障措施推荐类,失效现象风险分查措施,故障措施查询,,,简单,失效模式“Cracks”的风险分为30，其措施推荐是什么？,"Weld detail optimization and hotspot redesign; Enhanced SHM: acoustic emission, strain gauges, modal monitoring; Thicker shell sections / local reinforcement; High-fidelity coupled aero-hydro-elastic simulation in design updates",建议措施 / RecommendedAction / action / 怎么处理 / 咋处理: -,错误,0.0,572.88,语义RAG,0.6667,0.0,0,,3,"Weld detail optimization and hotspot redesign; Enhanced SHM: acoustic emission, strain gauges, modal monitoring; Thicker shell sections / local reinforcement; High-fidelity coupled aero-hydro-elastic simulation in design updates",,,,,"Weld detail optimization and hotspot redesign; Enhanced SHM: acoustic emission, strain gauges, modal monitoring; Thicker shell sections / local reinforcement; High-fidelity coupled aero-hydro-elastic simulation in design updates",,潜在失效模式；风险优先数(RPN)；建议措施,6,
869,869,Full-ΣMi残差模型,M1+M2+M3+M4,故障措施推荐类,失效现象风险分查措施,故障措施查询,,,简单,失效模式“Plastic deformation”的风险分为18，其措施推荐是什么？,Operational limits & control strategies for extreme motions; Blade–tower clearance and control optimization for extreme motions; High-fidelity coupled aero-hydro-elastic simulation in design updates,建议措施 / RecommendedAction / action / 怎么处理 / 咋处理: Operational limits & control strategies for extreme motions; Blade–tower clearance and control optimization for extreme motions; High-fidelity coupled aero-hydro-elastic simulation in design updates,正确,1.0,884.58,语义RAG,0.6667,1.0,0,,3,,,,,,Operational limits & control strategies for extreme motions; Blade–tower clearance and control optimization for extreme motions; High-fidelity coupled aero-hydro-elastic simulation in design updates,,潜在失效模式；风险优先数(RPN)；建议措施,22,
870,870,Full-ΣMi残差模型,M1+M2+M3+M4,故障措施推荐类,失效现象风险分查措施,故障措施查询,,,简单,失效模式“Transition piece break”的风险分为36.5，其措施推荐是什么？,"Interface redesign to reduce stress concentrations (fillets, radii); High-fidelity coupled analysis of TP–tower–floater interaction; Improve engineering skills","建议措施 / RecommendedAction / action / 怎么处理 / 咋处理: Interface redesign to reduce stress concentrations (fillets, radii); High-fidelity coupled analysis of TP–tower–floater interaction; Improve engineering skills",正确,1.0,856.66,语义RAG,1.0,1.0,0,,3,,,,,,"Interface redesign to reduce stress concentrations (fillets, radii); High-fidelity coupled analysis of TP–tower–floater interaction; Improve engineering skills",,潜在失效模式；风险优先数(RPN)；建议措施,24,
871,871,Full-ΣMi残差模型,M1+M2+M3+M4,故障措施推荐类,失效现象风险分查措施,故障措施查询,,,简单,失效模式“Transition piece break”的风险分为33，其措施推荐是什么？,"SHM for TP connections (strain gauges, acoustic emission, bolt preload monitoring); Design requalification for extreme storms (updated metocean; load cases); -","SHM for TP connections (strain gauges, acoustic emission, bolt preload monitoring); Design requalification for extreme storms (updated metocean; load cases)",正确,1.0,532.51,语义RAG,1.0,1.0,0,,3,,,,,,"SHM for TP connections (strain gauges, acoustic emission, bolt preload monitoring); Design requalification for extreme storms (updated metocean; load cases); -",,潜在失效模式；风险优先数(RPN)；建议措施,25,
872,872,Full-ΣMi残差模型,M1+M2+M3+M4,故障措施推荐类,失效现象风险分查措施,故障措施查询,,,简单,失效模式“Structural plastic deformation”的风险分为32，其措施推荐是什么？,"SHM for TP connections (strain gauges, acoustic emission, bolt preload monitoring); Design requalification for extreme storms (updated metocean; load cases); High-fidelity coupled analysis of TP–tower–floater interaction; -",根据上下文，没有找到风险分（RPN）为32的失效模式“Structural plastic deformation”的相关记录。因此，无法提供对应的建议措施（RecommendedAction）。,错误,0.0,739.64,语义RAG,1.0,0.0,0,,3,"SHM for TP connections (strain gauges, acoustic emission, bolt preload monitoring); Design requalification for extreme storms (updated metocean; load cases); High-fidelity coupled analysis of TP–tower–floater interaction; -",,,,,"SHM for TP connections (strain gauges, acoustic emission, bolt preload monitoring); Design requalification for extreme storms (updated metocean; load cases); High-fidelity coupled analysis of TP–tower–floater interaction; -",,潜在失效模式；风险优先数(RPN)；建议措施,26,
873,873,Full-ΣMi残差模型,M1+M2+M3+M4,故障措施推荐类,失效现象风险分查措施,故障措施查询,,,简单,失效模式“Transition piece break”的风险分为31，其措施推荐是什么？,High-fidelity coupled analysis of TP–tower–floater interaction; Design requalification for extreme storms (updated metocean; load cases); Improved metocean data measurements,根据上下文，没有找到风险分为31的失效模式“Transition piece break”的记录。最接近的是编号TP2的风险分为33、TP17的风险分为37.5和TP1的风险分为36.5。由于没有匹配项，无法提供具体的措施推荐。,错误,0.0,961.17,语义RAG,1.0,0.0,0,,3,High-fidelity coupled analysis of TP–tower–floater interaction; Design requalification for extreme storms (updated metocean; load cases); Improved metocean data measurements,,,,,High-fidelity coupled analysis of TP–tower–floater interaction; Design requalification for extreme storms (updated metocean; load cases); Improved metocean data measurements,,潜在失效模式；风险优先数(RPN)；建议措施,28,
874,874,Full-ΣMi残差模型,M1+M2+M3+M4,故障措施推荐类,失效现象风险分查措施,故障措施查询,,,简单,失效模式“Cracks”的风险分为38，其措施推荐是什么？,Design requalification for extreme storms (updated metocean; load cases); High-fidelity coupled aero-hydro-elastic simulation in design updates,根据上下文，失效模式“Cracks”的风险分并不是38，而是26。该失效模式的建议措施为空，未提出具体措施。 FMEA编号 / FmeaID / record id / 编号: TP13 失效模式 / FailureMode / problem / issue / 毛病 / 啥问题 / 什么坏: Cracks 风险优先数 / RPN / risk score / 风险数 / 危险分 / 分数: 26 建议措施 / RecommendedAction / action / 怎么处理 / 咋处理: -,错误,0.0,1415.44,语义RAG,0.6667,0.0,0,,3,Design requalification for extreme storms (updated metocean; load cases); High-fidelity coupled aero-hydro-elastic simulation in design updates,,,,,Design requalification for extreme storms (updated metocean; load cases); High-fidelity coupled aero-hydro-elastic simulation in design updates,,潜在失效模式；风险优先数(RPN)；建议措施,32,
875,875,Full-ΣMi残差模型,M1+M2+M3+M4,故障措施推荐类,失效现象风险分查措施,故障措施查询,,,简单,失效模式“Transition piece break”的风险分为25.67，其措施推荐是什么？,High-fidelity coupled analysis of TP–tower–floater interaction; Design requalification for extreme storms (updated metocean; load cases); High-fidelity coupled aero-hydro-elastic simulation in design updates,根据上下文，没有找到风险分为25.67的失效模式“Transition piece break”的相关记录。请确认风险分值或提供更多信息。,错误,0.0,671.45,语义RAG,1.0,0.0,0,,3,High-fidelity coupled analysis of TP–tower–floater interaction; Design requalification for extreme storms (updated metocean; load cases); High-fidelity coupled aero-hydro-elastic simulation in design updates,,,,,High-fidelity coupled analysis of TP–tower–floater interaction; Design requalification for extreme storms (updated metocean; load cases); High-fidelity coupled aero-hydro-elastic simulation in design updates,,潜在失效模式；风险优先数(RPN)；建议措施,39,
876,876,Full-ΣMi残差模型,M1+M2+M3+M4,故障措施推荐类,失效现象风险分查措施,故障措施查询,,,简单,失效模式“Transition piece break”的风险分为37.5，其措施推荐是什么？,"SHM for TP connections (strain gauges, acoustic emission, bolt preload monitoring); Welding quality assurance and NDT enhancement (phased-array UT)","建议措施 / RecommendedAction / action / 怎么处理 / 咋处理: SHM for TP connections (strain gauges, acoustic emission, bolt preload monitoring); Welding quality assurance and NDT enhancement (phased-array UT)",正确,1.0,809.97,语义RAG,0.6667,1.0,0,,3,,,,,,"SHM for TP connections (strain gauges, acoustic emission, bolt preload monitoring); Welding quality assurance and NDT enhancement (phased-array UT)",,潜在失效模式；风险优先数(RPN)；建议措施,40,
877,877,Full-ΣMi残差模型,M1+M2+M3+M4,故障措施推荐类,失效现象风险分查措施,故障措施查询,,,简单,失效模式“Capsize”的风险分为27.2，其措施推荐是什么？,Expanded design load cases (including typhoon/hurricane scenarios); Freeboard margin increase and water-tight compartmentalization; Improve engineering skills,不知道。上下文中的失效模式没有提到“Capsize”，最高风险条目中也没有该失效模式。,错误,0.0,624.76,语义RAG,0.0,0.0,0,,3,Expanded design load cases (including typhoon/hurricane scenarios); Freeboard margin increase and water-tight compartmentalization; Improve engineering skills,,,,,Expanded design load cases (including typhoon/hurricane scenarios); Freeboard margin increase and water-tight compartmentalization; Improve engineering skills,,潜在失效模式；风险优先数(RPN)；建议措施,45,
878,878,Full-ΣMi残差模型,M1+M2+M3+M4,故障措施推荐类,失效现象风险分查措施,故障措施查询,,,简单,失效模式“Capsize”的风险分为42.71，其措施推荐是什么？,Expanded design load cases (including typhoon/hurricane scenarios); -; Improved engineering skills,建议措施=Expanded design load cases (including typhoon/hurricane scenarios); -; Improved engineering skills.,正确,1.0,555.84,语义RAG,0.3333,1.0,0,,3,,,,,,Expanded design load cases (including typhoon/hurricane scenarios); -; Improved engineering skills,,潜在失效模式；风险优先数(RPN)；建议措施,46,
879,879,Full-ΣMi残差模型,M1+M2+M3+M4,故障措施推荐类,失效现象风险分查措施,故障措施查询,,,简单,失效模式“Structural break”的风险分为25，其措施推荐是什么？,Expanded design load cases (including typhoon/hurricane scenarios); -,不知道。上下文中的“Structural break”风险分是33.4，并没有提到风险分为25的情况。,错误,0.0,671.93,语义RAG,0.3333,1.0,0,,3,Expanded design load cases (including typhoon/hurricane scenarios); -,,,,,Expanded design load cases (including typhoon/hurricane scenarios); -,,潜在失效模式；风险优先数(RPN)；建议措施,49,
880,880,Full-ΣMi残差模型,M1+M2+M3+M4,故障措施推荐类,失效现象风险分查措施,故障措施查询,,,简单,失效模式“Additional Structures Failures”的风险分为25.83，其措施推荐是什么？,Freeboard margin increase and water-tight compartmentalization; -; Expanded design load cases (including typhoon/hurricane scenarios); Improved cable mechnical design,根据上下文，没有找到失效模式为“Additional Structures Failures”的记录，因此无法提供对应的措施推荐。,错误,0.0,609.06,语义RAG,0.0,0.0,0,,3,Freeboard margin increase and water-tight compartmentalization; -; Expanded design load cases (including typhoon/hurricane scenarios); Improved cable mechnical design,,,,,Freeboard margin increase and water-tight compartmentalization; -; Expanded design load cases (including typhoon/hurricane scenarios); Improved cable mechnical design,,潜在失效模式；风险优先数(RPN)；建议措施,50,
881,881,Full-ΣMi残差模型,M1+M2+M3+M4,故障措施推荐类,失效现象风险分查措施,故障措施查询,,,简单,失效模式“Capsize”的风险分为34.5，其措施推荐是什么？,"Expanded design load cases (including typhoon/hurricane scenarios); Operational limits: weather windows, alarm thresholds for motions; Resonance avoidance via structural tuning/damping",失效模式“Capsize [11]”的风险分并不是34.5，而是42.71。其建议措施为：Expanded design load cases (including typhoon/hurricane scenarios); -; Improved engineering skills.,错误,0.0,721.91,语义RAG,0.3333,0.0,0,,3,"Expanded design load cases (including typhoon/hurricane scenarios); Operational limits: weather windows, alarm thresholds for motions; Resonance avoidance via structural tuning/damping",,,,,"Expanded design load cases (including typhoon/hurricane scenarios); Operational limits: weather windows, alarm thresholds for motions; Resonance avoidance via structural tuning/damping",,潜在失效模式；风险优先数(RPN)；建议措施,52,
882,882,Full-ΣMi残差模型,M1+M2+M3+M4,故障措施推荐类,失效现象风险分查措施,故障措施查询,,,简单,失效模式“Cracks”的风险分为22.67，其措施推荐是什么？,Expanded design load cases (including typhoon/hurricane scenarios); Resonance avoidance via structural tuning/damping; High-fidelity coupled aero-hydro-elastic simulation in design updates,根据上下文，没有为失效模式“Cracks”提供具体的措施推荐。相关条目中仅提到： ``` FMEA编号=FF7; 失效模式=Cracks [11]; RPN=30.57; S=4.17; O=2.83; D=3.5; 原因=Installation; Excessive fatigue life consumption due to installation/ transportation [19]; 后果=Structural failure; 建议措施=-. ```,错误,0.0,1301.35,语义RAG,0.3333,0.0,0,,3,Expanded design load cases (including typhoon/hurricane scenarios); Resonance avoidance via structural tuning/damping; High-fidelity coupled aero-hydro-elastic simulation in design updates,,,,,Expanded design load cases (including typhoon/hurricane scenarios); Resonance avoidance via structural tuning/damping; High-fidelity coupled aero-hydro-elastic simulation in design updates,,潜在失效模式；风险优先数(RPN)；建议措施,53,
883,883,Full-ΣMi残差模型,M1+M2+M3+M4,故障措施推荐类,失效现象风险分查措施,故障措施查询,,,简单,失效模式“Floater unit sinkage”的风险分为26.86，其措施推荐是什么？,Ballast redundancy and automated ballast management; Freeboard margin increase and water-tight compartmentalization; Expanded design load cases (including typhoon/hurricane scenarios),建议措施 / RecommendedAction / action / 怎么处理 / 咋处理: Ballast redundancy and automated ballast management; Freeboard margin increase and water-tight compartmentalization; Expanded design load cases (including typhoon/hurricane scenarios),正确,1.0,926.73,语义RAG,1.0,1.0,0,,3,,,,,,Ballast redundancy and automated ballast management; Freeboard margin increase and water-tight compartmentalization; Expanded design load cases (including typhoon/hurricane scenarios),,潜在失效模式；风险优先数(RPN)；建议措施,58,
884,884,Full-ΣMi残差模型,M1+M2+M3+M4,故障措施推荐类,失效现象风险分查措施,故障措施查询,,,简单,失效模式“Structural break”的风险分为33.4，其措施推荐是什么？,"Operational limits: weather windows, alarm thresholds for motions; Other- Specify; Expanded design load cases (including typhoon/hurricane scenarios); Better understanding of temperature ranges","建议措施 / RecommendedAction / action / 怎么处理 / 咋处理: Operational limits: weather windows, alarm thresholds for motions; Other- Specify; Expanded design load cases (including typhoon/hurricane scenarios); Better understanding of temperature ranges",正确,1.0,880.69,语义RAG,0.3333,1.0,0,,3,,,,,,"Operational limits: weather windows, alarm thresholds for motions; Other- Specify; Expanded design load cases (including typhoon/hurricane scenarios); Better understanding of temperature ranges",,潜在失效模式；风险优先数(RPN)；建议措施,68,
885,885,Full-ΣMi残差模型,M1+M2+M3+M4,故障措施推荐类,失效现象风险分查措施,故障措施查询,,,简单,失效模式“Floater unit sinkage”的风险分为30.8，其措施推荐是什么？,"Operational limits: weather windows, alarm thresholds for motions; -; Expanded design load cases (including typhoon/hurricane scenarios); Freeboard margin increase and water-tight compartmentalization",建议措施 / RecommendedAction / action / 怎么处理 / 咋处理: Ballast redundancy and automated ballast management; Freeboard margin increase and water-tight compartmentalization; Expanded design load cases (including typhoon/hurricane scenarios),错误,0.0,880.47,语义RAG,1.0,1.0,0,,3,"Operational limits: weather windows, alarm thresholds for motions; -; Expanded design load cases (including typhoon/hurricane scenarios); Freeboard margin increase and water-tight compartmentalization",,,,,"Operational limits: weather windows, alarm thresholds for motions; -; Expanded design load cases (including typhoon/hurricane scenarios); Freeboard margin increase and water-tight compartmentalization",,潜在失效模式；风险优先数(RPN)；建议措施,69,
886,886,Full-ΣMi残差模型,M1+M2+M3+M4,故障措施推荐类,失效现象风险分查措施,故障措施查询,,,简单,失效模式“Hit by dropped objects”的风险分为25，其措施推荐是什么？,Expanded design load cases (including typhoon/hurricane scenarios); High-fidelity coupled aero-hydro-elastic simulation in design updates; -,建议措施 / RecommendedAction / action / 怎么处理 / 咋处理: Expanded design load cases (including typhoon/hurricane scenarios); High-fidelity coupled aero-hydro-elastic simulation in design updates; -,正确,1.0,812.72,语义RAG,1.0,1.0,0,,3,,,,,,Expanded design load cases (including typhoon/hurricane scenarios); High-fidelity coupled aero-hydro-elastic simulation in design updates; -,,潜在失效模式；风险优先数(RPN)；建议措施,70,
887,887,Full-ΣMi残差模型,M1+M2+M3+M4,故障措施推荐类,失效现象风险分查措施,故障措施查询,,,简单,失效模式“Structural break”的风险分为22.4，其措施推荐是什么？,Expanded design load cases (including typhoon/hurricane scenarios); High-fidelity coupled aero-hydro-elastic simulation in design updates,不知道。上下文中的失效模式没有提到“Structural break”，且其风险分也不为22.4。,错误,0.0,684.09,语义RAG,0.0,0.0,0,,3,Expanded design load cases (including typhoon/hurricane scenarios); High-fidelity coupled aero-hydro-elastic simulation in design updates,,,,,Expanded design load cases (including typhoon/hurricane scenarios); High-fidelity coupled aero-hydro-elastic simulation in design updates,,潜在失效模式；风险优先数(RPN)；建议措施,71,
888,888,Full-ΣMi残差模型,M1+M2+M3+M4,故障措施推荐类,失效现象风险分查措施,故障措施查询,,,简单,失效模式“Structural break”的风险分为19，其措施推荐是什么？,"Operational limits: weather windows, alarm thresholds for motions; Other- Specify; -; Welding quality assurance and NDT enhancement (phased-array UT)",你询问的失效模式“Structural break”的风险分是19，但上下文并没有包含该失效模式的信息。根据提供的内容，最接近的是编号TP2中的Transition piece break，其风险分是33，并没有提到具体的措施推荐。因此，对于你的问题，我没有找到相关答案。,错误,0.0,993.37,语义RAG,0.0,0.0,0,,3,"Operational limits: weather windows, alarm thresholds for motions; Other- Specify; -; Welding quality assurance and NDT enhancement (phased-array UT)",,,,,"Operational limits: weather windows, alarm thresholds for motions; Other- Specify; -; Welding quality assurance and NDT enhancement (phased-array UT)",,潜在失效模式；风险优先数(RPN)；建议措施,72,
889,889,Full-ΣMi残差模型,M1+M2+M3+M4,故障措施推荐类,失效现象风险分查措施,故障措施查询,,,简单,失效模式“Anchor failure”的风险分为34，其措施推荐是什么？,"Continuous tension and vibration monitoring; thresholds for intervention; Procedural controls: load management, operational envelopes; Better design by expanded load case matrix including more failure modes; -","建议措施 / RecommendedAction / action / 怎么处理 / 咋处理: Continuous tension and vibration monitoring; thresholds for intervention; Procedural controls: load management, operational envelopes; Better design by expanded load case matrix including more failure modes; -",正确,1.0,826.08,语义RAG,0.6667,1.0,0,,3,,,,,,"Continuous tension and vibration monitoring; thresholds for intervention; Procedural controls: load management, operational envelopes; Better design by expanded load case matrix including more failure modes; -",,潜在失效模式；风险优先数(RPN)；建议措施,75,
890,890,Full-ΣMi残差模型,M1+M2+M3+M4,故障措施推荐类,失效现象风险分查措施,故障措施查询,,,简单,失效模式“Fairlead failure”的风险分为30，其措施推荐是什么？,Continuous tension and vibration monitoring; thresholds for intervention; Fairlead geometry improvements and low-wear lining; Optimized chain/wire/rope selection and fatigue margins (design); -,不知道。上下文中的失效模式并未包含“Fairlead failure”，且没有找到对应的风险分值为30的失效模式及其建议措施。,错误,0.0,523.96,语义RAG,0.0,0.0,0,,3,Continuous tension and vibration monitoring; thresholds for intervention; Fairlead geometry improvements and low-wear lining; Optimized chain/wire/rope selection and fatigue margins (design); -,,,,,Continuous tension and vibration monitoring; thresholds for intervention; Fairlead geometry improvements and low-wear lining; Optimized chain/wire/rope selection and fatigue margins (design); -,,潜在失效模式；风险优先数(RPN)；建议措施,79,
891,891,Full-ΣMi残差模型,M1+M2+M3+M4,故障措施推荐类,失效现象风险分查措施,故障措施查询,,,简单,失效模式“Mooring line breakage”的风险分为28.8，其措施推荐是什么？,ROV visual inspections; targeted maintenance on wear zones; Diversity in materials/vendors to reduce common-cause risks; -,建议措施 / RecommendedAction / action / 怎么处理 / 咋处理: ROV visual inspections; targeted maintenance on wear zones; Diversity in materials/vendors to reduce common-cause risks; -,正确,1.0,823.04,语义RAG,1.0,1.0,0,,3,,,,,,ROV visual inspections; targeted maintenance on wear zones; Diversity in materials/vendors to reduce common-cause risks; -,,潜在失效模式；风险优先数(RPN)；建议措施,82,
892,892,Full-ΣMi残差模型,M1+M2+M3+M4,故障措施推荐类,失效现象风险分查措施,故障措施查询,,,简单,失效模式“Mooring line breakage”的风险分为20，其措施推荐是什么？,Continuous tension and vibration monitoring; thresholds for intervention; -,建议措施 / RecommendedAction / action / 怎么处理 / 咋处理: Continuous tension and vibration monitoring; thresholds for intervention; -,正确,1.0,493.53,语义RAG,1.0,1.0,0,,3,,,,,,Continuous tension and vibration monitoring; thresholds for intervention; -,,潜在失效模式；风险优先数(RPN)；建议措施,83,
893,893,Full-ΣMi残差模型,M1+M2+M3+M4,故障措施推荐类,失效现象风险分查措施,故障措施查询,,,简单,失效模式“Mooring line breakage”的风险分为24，其措施推荐是什么？,Continuous tension and vibration monitoring; thresholds for intervention; -,建议措施 / RecommendedAction / action / 怎么处理 / 咋处理: Continuous tension and vibration monitoring; thresholds for intervention; -,正确,1.0,474.37,语义RAG,1.0,1.0,0,,3,,,,,,Continuous tension and vibration monitoring; thresholds for intervention; -,,潜在失效模式；风险优先数(RPN)；建议措施,84,
894,894,Full-ΣMi残差模型,M1+M2+M3+M4,故障措施推荐类,失效现象风险分查措施,故障措施查询,,,简单,失效模式“Mooring Line Corrosion”的风险分为29.2，其措施推荐是什么？,Continuous tension and vibration monitoring; thresholds for intervention; Optimized chain/wire/rope selection and fatigue margins (design); -,你询问的失效模式“Mooring Line Corrosion”在提供的上下文中并未出现，因此无法找到对应的风险分及建议措施。根据现有信息，最接近的是“Floating support structure”中的“Cracks [11]”，但其风险分不是29.2。 若需了解与锚泊绳腐蚀相关的FMEA记录，请提供正确的失效模式或进一步的信息。,错误,0.0,1184.21,语义RAG,0.0,0.0,0,,3,Continuous tension and vibration monitoring; thresholds for intervention; Optimized chain/wire/rope selection and fatigue margins (design); -,,,,,Continuous tension and vibration monitoring; thresholds for intervention; Optimized chain/wire/rope selection and fatigue margins (design); -,,潜在失效模式；风险优先数(RPN)；建议措施,85,
895,895,Full-ΣMi残差模型,M1+M2+M3+M4,故障措施推荐类,失效现象风险分查措施,故障措施查询,,,简单,失效模式“Mooring Line Fatigue”的风险分为31.6，其措施推荐是什么？,Continuous tension and vibration monitoring; thresholds for intervention; Optimized chain/wire/rope selection and fatigue margins (design); -,根据上下文，没有找到失效模式为“Mooring Line Fatigue”且风险分为31.6的相关信息。因此无法提供对应的措施推荐。,错误,0.0,673.81,语义RAG,0.0,0.0,0,,3,Continuous tension and vibration monitoring; thresholds for intervention; Optimized chain/wire/rope selection and fatigue margins (design); -,,,,,Continuous tension and vibration monitoring; thresholds for intervention; Optimized chain/wire/rope selection and fatigue margins (design); -,,潜在失效模式；风险优先数(RPN)；建议措施,87,
896,896,Full-ΣMi残差模型,M1+M2+M3+M4,故障措施推荐类,失效现象风险分查措施,故障措施查询,,,简单,失效模式“Mooring lines broken”的风险分为24.8，其措施推荐是什么？,"ROV visual inspections; targeted maintenance on wear zones; Optimized chain/wire/rope selection and fatigue margins (design); Only chain and wire above MSL, keep fiber ropes wet; -",建议措施 / RecommendedAction / action / 怎么处理 / 咋处理: Continuous tension and vibration monitoring; thresholds for intervention; -,错误,0.0,718.72,语义RAG,0.0,0.0,0,,3,"ROV visual inspections; targeted maintenance on wear zones; Optimized chain/wire/rope selection and fatigue margins (design); Only chain and wire above MSL, keep fiber ropes wet; -",,,,,"ROV visual inspections; targeted maintenance on wear zones; Optimized chain/wire/rope selection and fatigue margins (design); Only chain and wire above MSL, keep fiber ropes wet; -",,潜在失效模式；风险优先数(RPN)；建议措施,91,
897,897,Full-ΣMi残差模型,M1+M2+M3+M4,故障措施推荐类,失效现象风险分查措施,故障措施查询,,,简单,失效模式“Mooring lines broken”的风险分为20，其措施推荐是什么？,"ROV visual inspections; targeted maintenance on wear zones; Optimized chain/wire/rope selection and fatigue margins (design); Only chain and wire above MSL, keep fiber ropes wet; -",建议措施 / RecommendedAction / action / 怎么处理 / 咋处理: Continuous tension and vibration monitoring; thresholds for intervention; -,错误,0.0,690.32,语义RAG,0.0,0.0,0,,3,"ROV visual inspections; targeted maintenance on wear zones; Optimized chain/wire/rope selection and fatigue margins (design); Only chain and wire above MSL, keep fiber ropes wet; -",,,,,"ROV visual inspections; targeted maintenance on wear zones; Optimized chain/wire/rope selection and fatigue margins (design); Only chain and wire above MSL, keep fiber ropes wet; -",,潜在失效模式；风险优先数(RPN)；建议措施,92,
898,898,Full-ΣMi残差模型,M1+M2+M3+M4,故障措施推荐类,失效现象风险分查措施,故障措施查询,,,简单,失效模式“Mooring lines broken”的风险分为22.4，其措施推荐是什么？,"ROV visual inspections; targeted maintenance on wear zones; Optimized chain/wire/rope selection and fatigue margins (design); Only chain and wire above MSL, keep fiber ropes wet; -","根据上下文，没有找到风险分值为22.4的失效模式“Mooring lines broken”的记录。最接近的是编号SKS20中的失效模式“Mooring lines broken [1,3]”，其风险优先数（RPN）为28，建议措施如下： - ROV视觉检查 - 针对磨损区域的目标维护",错误,0.0,1090.12,语义RAG,0.3333,0.0,0,,3,"ROV visual inspections; targeted maintenance on wear zones; Optimized chain/wire/rope selection and fatigue margins (design); Only chain and wire above MSL, keep fiber ropes wet; -",,,,,"ROV visual inspections; targeted maintenance on wear zones; Optimized chain/wire/rope selection and fatigue margins (design); Only chain and wire above MSL, keep fiber ropes wet; -",,潜在失效模式；风险优先数(RPN)；建议措施,93,
899,899,Full-ΣMi残差模型,M1+M2+M3+M4,故障措施推荐类,失效现象风险分查措施,故障措施查询,,,简单,失效模式“Mooring lines broken”的风险分为28，其措施推荐是什么？,ROV visual inspections; targeted maintenance on wear zones; -,建议措施 / RecommendedAction / action / 怎么处理 / 咋处理: ROV visual inspections; targeted maintenance on wear zones; Diversity in materials/vendors to reduce common-cause risks; -,正确,1.0,648.46,语义RAG,0.0,1.0,0,,3,,,,,,ROV visual inspections; targeted maintenance on wear zones; -,,潜在失效模式；风险优先数(RPN)；建议措施,94,
900,900,Full-ΣMi残差模型,M1+M2+M3+M4,故障措施推荐类,失效现象风险分查措施,故障措施查询,,,简单,失效模式“Mooring winch failure”的风险分为25.6，其措施推荐是什么？,"Continuous tension and vibration monitoring; thresholds for intervention; Procedural controls: load management, operational envelopes; -","Continuous tension and vibration monitoring; thresholds for intervention; Procedural controls: load management, operational envelopes; -",正确,1.0,656.88,语义RAG,1.0,1.0,0,,3,,,,,,"Continuous tension and vibration monitoring; thresholds for intervention; Procedural controls: load management, operational envelopes; -",,潜在失效模式；风险优先数(RPN)；建议措施,96,
901,901,Full-ΣMi残差模型,M1+M2+M3+M4,故障措施推荐类,失效现象风险分查措施,故障措施查询,,,简单,失效模式“accelerated mechanical fatigue”的风险分为30.25，其措施推荐是什么？,"Monitoring: DTS/RTTR, electrical integrity tests, leak detection; Lazy-wave configuration optimization; buoyancy spacing; hang-off upgrades; -",根据上下文，没有找到失效模式为“accelerated mechanical fatigue”且风险分为30.25的相关信息。因此无法回答该问题。,错误,0.0,669.96,语义RAG,0.0,0.0,0,,3,"Monitoring: DTS/RTTR, electrical integrity tests, leak detection; Lazy-wave configuration optimization; buoyancy spacing; hang-off upgrades; -",,,,,"Monitoring: DTS/RTTR, electrical integrity tests, leak detection; Lazy-wave configuration optimization; buoyancy spacing; hang-off upgrades; -",,潜在失效模式；风险优先数(RPN)；建议措施,97,
902,902,Full-ΣMi残差模型,M1+M2+M3+M4,故障措施推荐类,失效现象风险分查措施,故障措施查询,,,简单,失效模式“Corrosion of J-tube”的风险分为15，其措施推荐是什么？,-; Cathodic protection; coating improvements,建议措施 / RecommendedAction / action / 怎么处理 / 咋处理: Cathodic protection; coating improvements,正确,1.0,650.52,语义RAG,1.0,1.0,0,,3,,,,,,-; Cathodic protection; coating improvements,,潜在失效模式；风险优先数(RPN)；建议措施,101,
903,903,Full-ΣMi残差模型,M1+M2+M3+M4,故障措施推荐类,失效现象风险分查措施,故障措施查询,,,简单,失效模式“damage and corrosion of mechanical parts”的风险分为24，其措施推荐是什么？,-; Design review; improved material selection,建议措施 / RecommendedAction / action / 怎么处理 / 咋处理: -; Design review; improved material selection,正确,1.0,658.99,语义RAG,0.3333,1.0,0,,3,,,,,,-; Design review; improved material selection,,潜在失效模式；风险优先数(RPN)；建议措施,103,
904,904,Full-ΣMi残差模型,M1+M2+M3+M4,故障措施推荐类,失效现象风险分查措施,故障措施查询,,,简单,失效模式“Debris disturbance”的风险分为16，其措施推荐是什么？,-; Environmental protections; debris management,建议措施 / RecommendedAction / action / 怎么处理 / 咋处理: -; Environmental protections; debris management,正确,1.0,632.46,语义RAG,0.3333,1.0,0,,3,,,,,,-; Environmental protections; debris management,,潜在失效模式；风险优先数(RPN)；建议措施,104,
905,905,Full-ΣMi残差模型,M1+M2+M3+M4,故障措施推荐类,失效现象风险分查措施,故障措施查询,,,简单,失效模式“Detachment”的风险分为18.5，其措施推荐是什么？,-; Design review; improved material selection,根据上下文，没有找到失效模式为“Detachment”且风险分为18.5的相关记录。因此无法提供对应的建议措施。,错误,0.0,679.01,语义RAG,0.0,0.0,0,,3,-; Design review; improved material selection,,,,,-; Design review; improved material selection,,潜在失效模式；风险优先数(RPN)；建议措施,105,
906,906,Full-ΣMi残差模型,M1+M2+M3+M4,故障措施推荐类,失效现象风险分查措施,故障措施查询,,,简单,失效模式“Failure of end termination”的风险分为28.6，其措施推荐是什么？,-; Design improvements; enhanced termination QA,建议措施：-; Design improvements; enhanced termination QA.,正确,1.0,572.44,语义RAG,1.0,1.0,0,,3,,,,,,-; Design improvements; enhanced termination QA,,潜在失效模式；风险优先数(RPN)；建议措施,107,
907,907,Full-ΣMi残差模型,M1+M2+M3+M4,故障措施推荐类,失效现象风险分查措施,故障措施查询,,,简单,失效模式“Failure of watertightness”的风险分为30.2，其措施推荐是什么？,"Installation QA/QC: pull-in tension verification, handling procedures; Watertightness assurance: enhanced sealing tests; end termination QA; -","建议措施 / RecommendedAction / action / 怎么处理 / 咋处理: Installation QA/QC: pull-in tension verification, handling procedures; Watertightness assurance: enhanced sealing tests; end termination QA; -",正确,1.0,825.65,语义RAG,0.6667,1.0,0,,3,,,,,,"Installation QA/QC: pull-in tension verification, handling procedures; Watertightness assurance: enhanced sealing tests; end termination QA; -",,潜在失效模式；风险优先数(RPN)；建议措施,112,
908,908,Full-ΣMi残差模型,M1+M2+M3+M4,故障措施推荐类,失效现象风险分查措施,故障措施查询,,,简单,失效模式“Failure of watertightness”的风险分为27.8，其措施推荐是什么？,Watertightness assurance: enhanced sealing tests; end termination QA; -,建议措施 / RecommendedAction / action / 怎么处理 / 咋处理: Watertightness assurance: enhanced sealing tests; end termination QA; -,正确,1.0,581.19,语义RAG,0.6667,1.0,0,,3,,,,,,Watertightness assurance: enhanced sealing tests; end termination QA; -,,潜在失效模式；风险优先数(RPN)；建议措施,113,
909,909,Full-ΣMi残差模型,M1+M2+M3+M4,故障措施推荐类,失效现象风险分查措施,故障措施查询,,,简单,失效模式“failures of conductors”的风险分为25，其措施推荐是什么？,"-; Monitoring (DTS/RTTR, electrical integrity tests)","建议措施: -; Monitoring (DTS/RTTR, electrical integrity tests).",正确,1.0,544.56,语义RAG,0.6667,1.0,0,,3,,,,,,"-; Monitoring (DTS/RTTR, electrical integrity tests)",,潜在失效模式；风险优先数(RPN)；建议措施,114,
910,910,Full-ΣMi残差模型,M1+M2+M3+M4,故障措施推荐类,失效现象风险分查措施,故障措施查询,,,简单,失效模式“Fatigue Cracks”的风险分为35.6，其措施推荐是什么？,"Monitoring: DTS/RTTR, electrical integrity tests, leak detection; -",根据上下文，没有找到失效模式为“Fatigue Cracks”且风险分为35.6的相关信息。最接近的是失效模式为“Cracks [11]”，但其RPN为30.57，并不是35.6。因此无法提供该失效模式的具体措施推荐。 根据提供的上下文，与“Fatigue Cracks”最相关的信息如下： FMEA编号=FF7; 失效模式=Cracks [11]; RPN=30.57; S=4.17; O=2.83; D=3.5; 原因=Installation; Excessive fatigue life consumption due to installation/ transportation [19]; 后果=Structural failure; 建议措施=-. 建议措施：-,错误,0.0,1776.26,语义RAG,0.0,0.0,0,,3,"Monitoring: DTS/RTTR, electrical integrity tests, leak detection; -",,,,,"Monitoring: DTS/RTTR, electrical integrity tests, leak detection; -",,潜在失效模式；风险优先数(RPN)；建议措施,115,
911,911,Full-ΣMi残差模型,M1+M2+M3+M4,故障措施推荐类,失效现象风险分查措施,故障措施查询,,,简单,失效模式“material degradation”的风险分为18.5，其措施推荐是什么？,"Monitoring: DTS/RTTR, electrical integrity tests, leak detection; -","建议措施 / RecommendedAction / action / 怎么处理 / 咋处理: Monitoring: DTS/RTTR, electrical integrity tests, leak detection; -",正确,1.0,696.32,语义RAG,0.3333,1.0,0,,3,,,,,,"Monitoring: DTS/RTTR, electrical integrity tests, leak detection; -",,潜在失效模式；风险优先数(RPN)；建议措施,119,
912,912,Full-ΣMi残差模型,M1+M2+M3+M4,故障措施推荐类,失效现象风险分查措施,故障措施查询,,,简单,失效模式“Movement of CPS due to scour/seabed mobility”的风险分为44，其措施推荐是什么？,Burial/trenching optimization; scour mitigation; as-built metrology; -,建议措施 / RecommendedAction / action / 怎么处理 / 咋处理: Burial/trenching optimization; scour mitigation; as-built metrology; -,正确,1.0,721.9,语义RAG,1.0,1.0,0,,3,,,,,,Burial/trenching optimization; scour mitigation; as-built metrology; -,,潜在失效模式；风险优先数(RPN)；建议措施,122,
913,913,Full-ΣMi残差模型,M1+M2+M3+M4,故障措施推荐类,失效现象风险分查措施,故障措施查询,,,简单,失效模式“Movement of CPS due to scour/seabed mobility”的风险分为41.6，其措施推荐是什么？,Burial/trenching optimization; scour mitigation; as-built metrology; -,建议措施 / RecommendedAction / action / 怎么处理 / 咋处理: Burial/trenching optimization; scour mitigation; as-built metrology; -,正确,1.0,562.98,语义RAG,1.0,1.0,0,,3,,,,,,Burial/trenching optimization; scour mitigation; as-built metrology; -,,潜在失效模式；风险优先数(RPN)；建议措施,123,
914,914,Full-ΣMi残差模型,M1+M2+M3+M4,故障措施推荐类,失效现象风险分查措施,故障措施查询,,,简单,失效模式“Reduced sediment cover lower than designed value for protection”的风险分为28.6，其措施推荐是什么？,"Burial/trenching optimization; scour mitigation; as-built metrology; Monitoring: DTS/RTTR, electrical integrity tests, leak detection; -",建议措施 / RecommendedAction / action / 怎么处理 / 咋处理: -,错误,0.0,622.42,语义RAG,1.0,1.0,0,,3,"Burial/trenching optimization; scour mitigation; as-built metrology; Monitoring: DTS/RTTR, electrical integrity tests, leak detection; -",,,,,"Burial/trenching optimization; scour mitigation; as-built metrology; Monitoring: DTS/RTTR, electrical integrity tests, leak detection; -",,潜在失效模式；风险优先数(RPN)；建议措施,125,
915,915,Full-ΣMi残差模型,M1+M2+M3+M4,故障措施推荐类,失效现象风险分查措施,故障措施查询,,,简单,失效模式“Small bending radius”的风险分为28.6，其措施推荐是什么？,Lazy-wave configuration optimization; buoyancy spacing; hang-off upgrades; -,建议措施 / RecommendedAction / action / 怎么处理 / 咋处理: Lazy-wave configuration optimization; buoyancy spacing; hang-off upgrades; -,正确,1.0,750.56,语义RAG,0.3333,1.0,0,,3,,,,,,Lazy-wave configuration optimization; buoyancy spacing; hang-off upgrades; -,,潜在失效模式；风险优先数(RPN)；建议措施,128,
916,916,Full-ΣMi残差模型,M1+M2+M3+M4,故障措施推荐类,失效现象后果查处置建议,后果到措施推理,,,困难,请给出“Cracks”导致“Failure of whole facility and vast economic loses”时的风险处置建议。,High-fidelity coupled aero-hydro-elastic simulation in design updates; Thicker shell sections / local reinforcement,-,错误,0.0,484.38,语义RAG,0.6667,0.0,0,0.0,3,High-fidelity coupled aero-hydro-elastic simulation in design updates; Thicker shell sections / local reinforcement,,,,,High-fidelity coupled aero-hydro-elastic simulation in design updates; Thicker shell sections / local reinforcement,,潜在失效模式；潜在失效后果；建议措施,4,
917,917,Full-ΣMi残差模型,M1+M2+M3+M4,故障措施推荐类,失效现象后果查处置建议,后果到措施推理,,,困难,请给出“Cracks”导致“Potential collapse”时的风险处置建议。,"Weld detail optimization and hotspot redesign; Enhanced SHM: acoustic emission, strain gauges, modal monitoring; Thicker shell sections / local reinforcement; High-fidelity coupled aero-hydro-elastic simulation in design updates",-,错误,0.0,436.92,语义RAG,0.6667,0.0,0,0.0,3,"Weld detail optimization and hotspot redesign; Enhanced SHM: acoustic emission, strain gauges, modal monitoring; Thicker shell sections / local reinforcement; High-fidelity coupled aero-hydro-elastic simulation in design updates",,,,,"Weld detail optimization and hotspot redesign; Enhanced SHM: acoustic emission, strain gauges, modal monitoring; Thicker shell sections / local reinforcement; High-fidelity coupled aero-hydro-elastic simulation in design updates",,潜在失效模式；潜在失效后果；建议措施,6,
918,918,Full-ΣMi残差模型,M1+M2+M3+M4,故障措施推荐类,失效现象后果查处置建议,后果到措施推理,,,困难,请给出“Plastic deformation”导致“Potential collapse”时的风险处置建议。,Operational limits & control strategies for extreme motions; Blade–tower clearance and control optimization for extreme motions; High-fidelity coupled aero-hydro-elastic simulation in design updates,建议措施 / RecommendedAction / action / 怎么处理 / 咋处理: Operational limits & control strategies for extreme motions; Blade–tower clearance and control optimization for extreme motions; High-fidelity coupled aero-hydro-elastic simulation in design updates.,正确,1.0,879.43,语义RAG,1.0,1.0,0,1.0,3,,,,,,Operational limits & control strategies for extreme motions; Blade–tower clearance and control optimization for extreme motions; High-fidelity coupled aero-hydro-elastic simulation in design updates,,潜在失效模式；潜在失效后果；建议措施,22,
919,919,Full-ΣMi残差模型,M1+M2+M3+M4,故障措施推荐类,失效现象后果查处置建议,后果到措施推理,,,困难,"请给出“Transition piece break”导致“Tower Unit collapse, Floater Unit damage”时的风险处置建议。","Interface redesign to reduce stress concentrations (fillets, radii); High-fidelity coupled analysis of TP–tower–floater interaction; Improve engineering skills","SHM for TP connections (strain gauges, acoustic emission, bolt preload monitoring); Welding quality assurance and NDT enhancement (phased-array UT)",错误,0.0,763.45,语义RAG,1.0,1.0,0,1.0,3,"Interface redesign to reduce stress concentrations (fillets, radii); High-fidelity coupled analysis of TP–tower–floater interaction; Improve engineering skills",,,,,"Interface redesign to reduce stress concentrations (fillets, radii); High-fidelity coupled analysis of TP–tower–floater interaction; Improve engineering skills",,潜在失效模式；潜在失效后果；建议措施,24,
920,920,Full-ΣMi残差模型,M1+M2+M3+M4,故障措施推荐类,失效现象后果查处置建议,后果到措施推理,,,困难,"请给出“Transition piece break”导致“tension failure (rupture), buckling of the transition piece/ Tower unit damage”时的风险处置建议。","SHM for TP connections (strain gauges, acoustic emission, bolt preload monitoring); Design requalification for extreme storms (updated metocean; load cases); -","SHM for TP connections (strain gauges, acoustic emission, bolt preload monitoring); Design requalification for extreme storms (updated metocean; load cases); -",正确,1.0,664.63,语义RAG,0.3333,1.0,0,1.0,3,,,,,,"SHM for TP connections (strain gauges, acoustic emission, bolt preload monitoring); Design requalification for extreme storms (updated metocean; load cases); -",,潜在失效模式；潜在失效后果；建议措施,25,
921,921,Full-ΣMi残差模型,M1+M2+M3+M4,故障措施推荐类,失效现象后果查处置建议,后果到措施推理,,,困难,请给出“Structural plastic deformation”导致“Local stress accumulation”时的风险处置建议。,"SHM for TP connections (strain gauges, acoustic emission, bolt preload monitoring); Design requalification for extreme storms (updated metocean; load cases); High-fidelity coupled analysis of TP–tower–floater interaction; -",-,错误,0.0,428.69,语义RAG,1.0,1.0,0,1.0,3,"SHM for TP connections (strain gauges, acoustic emission, bolt preload monitoring); Design requalification for extreme storms (updated metocean; load cases); High-fidelity coupled analysis of TP–tower–floater interaction; -",,,,,"SHM for TP connections (strain gauges, acoustic emission, bolt preload monitoring); Design requalification for extreme storms (updated metocean; load cases); High-fidelity coupled analysis of TP–tower–floater interaction; -",,潜在失效模式；潜在失效后果；建议措施,26,
922,922,Full-ΣMi残差模型,M1+M2+M3+M4,故障措施推荐类,失效现象后果查处置建议,后果到措施推理,,,困难,请给出“Cracks”导致“Tower transition piece connections failure/ displacement variations between tower end”时的风险处置建议。,Design requalification for extreme storms (updated metocean; load cases); High-fidelity coupled aero-hydro-elastic simulation in design updates,-,错误,0.0,439.83,语义RAG,0.3333,0.0,0,0.0,3,Design requalification for extreme storms (updated metocean; load cases); High-fidelity coupled aero-hydro-elastic simulation in design updates,,,,,Design requalification for extreme storms (updated metocean; load cases); High-fidelity coupled aero-hydro-elastic simulation in design updates,,潜在失效模式；潜在失效后果；建议措施,32,
923,923,Full-ΣMi残差模型,M1+M2+M3+M4,故障措施推荐类,失效现象后果查处置建议,后果到措施推理,,,困难,"请给出“Capsize”导致“Watertight fault, Potential Floater Unit sinkage”时的风险处置建议。",Expanded design load cases (including typhoon/hurricane scenarios); Freeboard margin increase and water-tight compartmentalization; Improve engineering skills,建议措施 / RecommendedAction / action / 怎么处理 / 咋处理: Expanded design load cases (including typhoon/hurricane scenarios); Freeboard margin increase and water-tight compartmentalization; Improve engineering skills,正确,1.0,859.7,语义RAG,0.3333,1.0,0,1.0,3,,,,,,Expanded design load cases (including typhoon/hurricane scenarios); Freeboard margin increase and water-tight compartmentalization; Improve engineering skills,,潜在失效模式；潜在失效后果；建议措施,45,
924,924,Full-ΣMi残差模型,M1+M2+M3+M4,故障措施推荐类,失效现象后果查处置建议,后果到措施推理,,,困难,请给出“Capsize”导致“Project cancellation”时的风险处置建议。,Expanded design load cases (including typhoon/hurricane scenarios); -; Improved engineering skills,建议措施 / RecommendedAction / action / 怎么处理 / 咋处理: Expanded design load cases (including typhoon/hurricane scenarios); -; Improved engineering skills.,正确,1.0,755.26,语义RAG,0.6667,1.0,0,1.0,3,,,,,,Expanded design load cases (including typhoon/hurricane scenarios); -; Improved engineering skills,,潜在失效模式；潜在失效后果；建议措施,46,
925,925,Full-ΣMi残差模型,M1+M2+M3+M4,故障措施推荐类,失效现象后果查处置建议,后果到措施推理,,,困难,请给出“Structural break”导致“Structural reassessment”时的风险处置建议。,Expanded design load cases (including typhoon/hurricane scenarios); -,根据上下文，没有直接提到“Structural break”导致“Structural reassessment”的风险处置建议。提供的FMEA证据中涉及的失效模式和建议措施主要集中在“Mooring line breakage”和“Transition piece break”，并未具体提及与“Structural break”相关的建议措施。 因此，根据现有信息，无法给出具体的答案。,错误,0.0,1072.21,语义RAG,0.0,0.0,0,0.0,3,Expanded design load cases (including typhoon/hurricane scenarios); -,,,,,Expanded design load cases (including typhoon/hurricane scenarios); -,,潜在失效模式；潜在失效后果；建议措施,49,
926,926,Full-ΣMi残差模型,M1+M2+M3+M4,故障措施推荐类,失效现象后果查处置建议,后果到措施推理,,,困难,请给出“Additional Structures Failures”导致“Potential failure”时的风险处置建议。,Freeboard margin increase and water-tight compartmentalization; -; Expanded design load cases (including typhoon/hurricane scenarios); Improved cable mechnical design,建议措施 / RecommendedAction / action / 怎么处理 / 咋处理: -,错误,0.0,587.28,语义RAG,0.3333,0.0,0,0.0,3,Freeboard margin increase and water-tight compartmentalization; -; Expanded design load cases (including typhoon/hurricane scenarios); Improved cable mechnical design,,,,,Freeboard margin increase and water-tight compartmentalization; -; Expanded design load cases (including typhoon/hurricane scenarios); Improved cable mechnical design,,潜在失效模式；潜在失效后果；建议措施,50,
927,927,Full-ΣMi残差模型,M1+M2+M3+M4,故障措施推荐类,失效现象后果查处置建议,后果到措施推理,,,困难,请给出“Capsize”导致“Asset damage Energy production loss”时的风险处置建议。,"Expanded design load cases (including typhoon/hurricane scenarios); Operational limits: weather windows, alarm thresholds for motions; Resonance avoidance via structural tuning/damping",根据上下文，没有找到与“Capsize”直接相关的信息。提供的FMEA条目中涉及的失效模式和后果分别是： 1. 导线故障（Failures of conductors）导致电气故障 - 生产损失。 2. 材料降解（Material degradation）导致电缆材料减弱 - 生产损失。 3. 水密故障（Watertight fault [1]）导致潜在故障/资产损坏和能源生产损失。 因此，对于“Capsize”导致的“Asset damage Energy production loss”的风险处置建议，在给定的信息中没有直接提及。,错误,0.0,1471.5,语义RAG,0.3333,0.0,1,0.0,3,"Expanded design load cases (including typhoon/hurricane scenarios); Operational limits: weather windows, alarm thresholds for motions; Resonance avoidance via structural tuning/damping",,,,2.0,"Expanded design load cases (including typhoon/hurricane scenarios); Operational limits: weather windows, alarm thresholds for motions; Resonance avoidance via structural tuning/damping",,潜在失效模式；潜在失效后果；建议措施,52,
928,928,Full-ΣMi残差模型,M1+M2+M3+M4,故障措施推荐类,失效现象后果查处置建议,后果到措施推理,,,困难,请给出“Cracks”导致“Structural failure”时的风险处置建议。,Expanded design load cases (including typhoon/hurricane scenarios); Resonance avoidance via structural tuning/damping; High-fidelity coupled aero-hydro-elastic simulation in design updates,根据上下文，没有找到“Cracks”导致“Structural failure”的相关信息，因此无法给出相应的风险处置建议。,错误,0.0,661.21,语义RAG,0.0,0.0,0,0.0,3,Expanded design load cases (including typhoon/hurricane scenarios); Resonance avoidance via structural tuning/damping; High-fidelity coupled aero-hydro-elastic simulation in design updates,,,,,Expanded design load cases (including typhoon/hurricane scenarios); Resonance avoidance via structural tuning/damping; High-fidelity coupled aero-hydro-elastic simulation in design updates,,潜在失效模式；潜在失效后果；建议措施,53,
929,929,Full-ΣMi残差模型,M1+M2+M3+M4,故障措施推荐类,失效现象后果查处置建议,后果到措施推理,,,困难,请给出“Floater unit sinkage”导致“Potential Failure/Asset damage Energy production loss”时的风险处置建议。,Ballast redundancy and automated ballast management; Freeboard margin increase and water-tight compartmentalization; Expanded design load cases (including typhoon/hurricane scenarios),Ballast redundancy and automated ballast management; Freeboard margin increase and water-tight compartmentalization; Expanded design load cases (including typhoon/hurricane scenarios),正确,1.0,745.26,语义RAG,0.6667,1.0,0,1.0,3,,,,,,Ballast redundancy and automated ballast management; Freeboard margin increase and water-tight compartmentalization; Expanded design load cases (including typhoon/hurricane scenarios),,潜在失效模式；潜在失效后果；建议措施,58,
930,930,Full-ΣMi残差模型,M1+M2+M3+M4,故障措施推荐类,失效现象后果查处置建议,后果到措施推理,,,困难,请给出“Structural break”导致“Tower collapse”时的风险处置建议。,"Operational limits: weather windows, alarm thresholds for motions; Other- Specify; Expanded design load cases (including typhoon/hurricane scenarios); Better understanding of temperature ranges","建议措施 / RecommendedAction / action / 怎么处理 / 咋处理: Operational limits: weather windows, alarm thresholds for motions; Other- Specify; Expanded design load cases (including typhoon/hurricane scenarios); Better understanding of temperature ranges",正确,1.0,854.63,语义RAG,0.6667,1.0,0,1.0,3,,,,,,"Operational limits: weather windows, alarm thresholds for motions; Other- Specify; Expanded design load cases (including typhoon/hurricane scenarios); Better understanding of temperature ranges",,潜在失效模式；潜在失效后果；建议措施,68,
931,931,Full-ΣMi残差模型,M1+M2+M3+M4,故障措施推荐类,失效现象后果查处置建议,后果到措施推理,,,困难,"请给出“Hit by dropped objects”导致“Damage to the facility, vast economic loses”时的风险处置建议。",Expanded design load cases (including typhoon/hurricane scenarios); High-fidelity coupled aero-hydro-elastic simulation in design updates; -,Expanded design load cases (including typhoon/hurricane scenarios); High-fidelity coupled aero-hydro-elastic simulation in design updates; -,正确,1.0,707.74,语义RAG,1.0,1.0,0,1.0,3,,,,,,Expanded design load cases (including typhoon/hurricane scenarios); High-fidelity coupled aero-hydro-elastic simulation in design updates; -,,潜在失效模式；潜在失效后果；建议措施,70,
932,932,Full-ΣMi残差模型,M1+M2+M3+M4,故障措施推荐类,失效现象后果查处置建议,后果到措施推理,,,困难,"请给出“Structural break”导致“Watertight fault, Potential Floater Unit sinkage”时的风险处置建议。",Expanded design load cases (including typhoon/hurricane scenarios); High-fidelity coupled aero-hydro-elastic simulation in design updates,建议措施 / RecommendedAction / action / 怎么处理 / 咋处理: Expanded design load cases (including typhoon/hurricane scenarios); Freeboard margin increase and water-tight compartmentalization; Improve engineering skills,错误,0.0,841.74,语义RAG,0.3333,0.0,0,0.0,3,Expanded design load cases (including typhoon/hurricane scenarios); High-fidelity coupled aero-hydro-elastic simulation in design updates,,,,,Expanded design load cases (including typhoon/hurricane scenarios); High-fidelity coupled aero-hydro-elastic simulation in design updates,,潜在失效模式；潜在失效后果；建议措施,71,
933,933,Full-ΣMi残差模型,M1+M2+M3+M4,故障措施推荐类,失效现象后果查处置建议,后果到措施推理,,,困难,请给出“Anchor failure”导致“Anchor failure”时的风险处置建议。,"Continuous tension and vibration monitoring; thresholds for intervention; Procedural controls: load management, operational envelopes; Better design by expanded load case matrix including more failure modes; -","Continuous tension and vibration monitoring; thresholds for intervention; Procedural controls: load management, operational envelopes; Better design by expanded load case matrix including more failure modes; -",正确,1.0,718.97,语义RAG,0.6667,1.0,0,1.0,3,,,,,,"Continuous tension and vibration monitoring; thresholds for intervention; Procedural controls: load management, operational envelopes; Better design by expanded load case matrix including more failure modes; -",,潜在失效模式；潜在失效后果；建议措施,75,
934,934,Full-ΣMi残差模型,M1+M2+M3+M4,故障措施推荐类,失效现象后果查处置建议,后果到措施推理,,,困难,请给出“Fairlead failure”导致“The anchor cannot be dropped and lift”时的风险处置建议。,Continuous tension and vibration monitoring; thresholds for intervention; Fairlead geometry improvements and low-wear lining; Optimized chain/wire/rope selection and fatigue margins (design); -,Cathodic protection and corrosion monitoring regimes; -,错误,0.0,549.37,语义RAG,0.3333,0.0,0,0.0,3,Continuous tension and vibration monitoring; thresholds for intervention; Fairlead geometry improvements and low-wear lining; Optimized chain/wire/rope selection and fatigue margins (design); -,,,,,Continuous tension and vibration monitoring; thresholds for intervention; Fairlead geometry improvements and low-wear lining; Optimized chain/wire/rope selection and fatigue margins (design); -,,潜在失效模式；潜在失效后果；建议措施,79,
935,935,Full-ΣMi残差模型,M1+M2+M3+M4,故障措施推荐类,失效现象后果查处置建议,后果到措施推理,,,困难,请给出“Mooring line breakage”导致“Mooring line strength decrease or broken”时的风险处置建议。,ROV visual inspections; targeted maintenance on wear zones; Diversity in materials/vendors to reduce common-cause risks; -,Continuous tension and vibration monitoring; thresholds for intervention; -,错误,0.0,538.65,语义RAG,1.0,0.0,0,0.0,3,ROV visual inspections; targeted maintenance on wear zones; Diversity in materials/vendors to reduce common-cause risks; -,,,,,ROV visual inspections; targeted maintenance on wear zones; Diversity in materials/vendors to reduce common-cause risks; -,,潜在失效模式；潜在失效后果；建议措施,82,
936,936,Full-ΣMi残差模型,M1+M2+M3+M4,故障措施推荐类,失效现象后果查处置建议,后果到措施推理,,,困难,请给出“Mooring Line Corrosion”导致“Mooring line strength decrease or broken”时的风险处置建议。,Continuous tension and vibration monitoring; thresholds for intervention; Optimized chain/wire/rope selection and fatigue margins (design); -,根据上下文，没有找到“Mooring Line Corrosion”导致“Mooring line strength decrease or broken”的相关信息，因此无法给出相应的风险处置建议。,错误,0.0,574.55,语义RAG,1.0,0.0,0,0.0,3,Continuous tension and vibration monitoring; thresholds for intervention; Optimized chain/wire/rope selection and fatigue margins (design); -,,,,,Continuous tension and vibration monitoring; thresholds for intervention; Optimized chain/wire/rope selection and fatigue margins (design); -,,潜在失效模式；潜在失效后果；建议措施,85,
937,937,Full-ΣMi残差模型,M1+M2+M3+M4,故障措施推荐类,失效现象后果查处置建议,后果到措施推理,,,困难,请给出“Mooring Line Fatigue”导致“Mooring line strength decrease or broken”时的风险处置建议。,Continuous tension and vibration monitoring; thresholds for intervention; Optimized chain/wire/rope selection and fatigue margins (design); -,建议措施 / RecommendedAction / action / 怎么处理 / 咋处理: -,错误,0.0,434.13,语义RAG,1.0,0.0,0,0.0,3,Continuous tension and vibration monitoring; thresholds for intervention; Optimized chain/wire/rope selection and fatigue margins (design); -,,,,,Continuous tension and vibration monitoring; thresholds for intervention; Optimized chain/wire/rope selection and fatigue margins (design); -,,潜在失效模式；潜在失效后果；建议措施,87,
938,938,Full-ΣMi残差模型,M1+M2+M3+M4,故障措施推荐类,失效现象后果查处置建议,后果到措施推理,,,困难,请给出“Mooring lines broken”导致“Asset not in correct location or position”时的风险处置建议。,"ROV visual inspections; targeted maintenance on wear zones; Optimized chain/wire/rope selection and fatigue margins (design); Only chain and wire above MSL, keep fiber ropes wet; -",ROV visual inspections; targeted maintenance on wear zones;,错误,0.0,531.91,语义RAG,0.6667,1.0,0,1.0,3,"ROV visual inspections; targeted maintenance on wear zones; Optimized chain/wire/rope selection and fatigue margins (design); Only chain and wire above MSL, keep fiber ropes wet; -",,,,,"ROV visual inspections; targeted maintenance on wear zones; Optimized chain/wire/rope selection and fatigue margins (design); Only chain and wire above MSL, keep fiber ropes wet; -",,潜在失效模式；潜在失效后果；建议措施,91,
939,939,Full-ΣMi残差模型,M1+M2+M3+M4,故障措施推荐类,失效现象后果查处置建议,后果到措施推理,,,困难,请给出“Mooring winch failure”导致“Asset not in correct location or position”时的风险处置建议。,"Continuous tension and vibration monitoring; thresholds for intervention; Procedural controls: load management, operational envelopes; -","Continuous tension and vibration monitoring; thresholds for intervention; Procedural controls: load management, operational envelopes; -",正确,1.0,669.94,语义RAG,1.0,1.0,0,1.0,3,,,,,,"Continuous tension and vibration monitoring; thresholds for intervention; Procedural controls: load management, operational envelopes; -",,潜在失效模式；潜在失效后果；建议措施,96,
940,940,Full-ΣMi残差模型,M1+M2+M3+M4,故障措施推荐类,失效现象后果查处置建议,后果到措施推理,,,困难,请给出“accelerated mechanical fatigue”导致“Structural damage - cable composition weakening”时的风险处置建议。,"Monitoring: DTS/RTTR, electrical integrity tests, leak detection; Lazy-wave configuration optimization; buoyancy spacing; hang-off upgrades; -","Monitoring: DTS/RTTR, electrical integrity tests, leak detection; Lazy-wave configuration optimization; buoyancy spacing; hang-off upgrades; -",正确,1.0,726.78,语义RAG,0.3333,1.0,0,1.0,3,,,,,,"Monitoring: DTS/RTTR, electrical integrity tests, leak detection; Lazy-wave configuration optimization; buoyancy spacing; hang-off upgrades; -",,潜在失效模式；潜在失效后果；建议措施,97,
941,941,Full-ΣMi残差模型,M1+M2+M3+M4,故障措施推荐类,失效现象后果查处置建议,后果到措施推理,,,困难,请给出“Corrosion of J-tube”导致“J-tube degradation affecting cable integrity”时的风险处置建议。,-; Cathodic protection; coating improvements,Cathodic protection; coating improvements,正确,1.0,511.2,语义RAG,1.0,1.0,0,1.0,3,,,,,,-; Cathodic protection; coating improvements,,潜在失效模式；潜在失效后果；建议措施,101,
942,942,Full-ΣMi残差模型,M1+M2+M3+M4,故障措施推荐类,失效现象后果查处置建议,后果到措施推理,,,困难,请给出“damage and corrosion of mechanical parts”导致“High risk of fault on the cable - total loss of the line Prodution loss on the string”时的风险处置建议。,-; Design review; improved material selection,建议措施 / RecommendedAction / action / 怎么处理 / 咋处理: Design review; improved material selection,正确,1.0,649.6,语义RAG,0.6667,1.0,0,1.0,3,,,,,,-; Design review; improved material selection,,潜在失效模式；潜在失效后果；建议措施,103,
943,943,Full-ΣMi残差模型,M1+M2+M3+M4,故障措施推荐类,失效现象后果查处置建议,后果到措施推理,,,困难,请给出“Debris disturbance”导致“Cable damage - operational disruption”时的风险处置建议。,-; Environmental protections; debris management,建议措施 / RecommendedAction / action / 怎么处理 / 咋处理: Environmental protections; debris management,正确,1.0,618.66,语义RAG,0.3333,1.0,0,1.0,3,,,,,,-; Environmental protections; debris management,,潜在失效模式；潜在失效后果；建议措施,104,
944,944,Full-ΣMi残差模型,M1+M2+M3+M4,故障措施推荐类,失效现象后果查处置建议,后果到措施推理,,,困难,请给出“Detachment”导致“cable disconnection - water penetration - Power loss”时的风险处置建议。,-; Design review; improved material selection,建议措施 / RecommendedAction / action / 怎么处理 / 咋处理: Design review; improved material selection,正确,1.0,651.68,语义RAG,0.3333,1.0,0,1.0,3,,,,,,-; Design review; improved material selection,,潜在失效模式；潜在失效后果；建议措施,105,
945,945,Full-ΣMi残差模型,M1+M2+M3+M4,故障措施推荐类,失效现象后果查处置建议,后果到措施推理,,,困难,请给出“Failure of end termination”导致“breakdown of insulation”时的风险处置建议。,-; Design improvements; enhanced termination QA,-; Design improvements; enhanced termination QA,正确,1.0,529.72,语义RAG,1.0,1.0,0,1.0,3,,,,,,-; Design improvements; enhanced termination QA,,潜在失效模式；潜在失效后果；建议措施,107,
946,946,Full-ΣMi残差模型,M1+M2+M3+M4,故障措施推荐类,失效现象后果查处置建议,后果到措施推理,,,困难,请给出“Failure of watertightness”导致“Reduced or interupted electricity flow”时的风险处置建议。,"Installation QA/QC: pull-in tension verification, handling procedures; Watertightness assurance: enhanced sealing tests; end termination QA; -",Watertightness assurance: enhanced sealing tests; end termination QA; -,错误,0.0,573.47,语义RAG,0.6667,1.0,0,1.0,3,"Installation QA/QC: pull-in tension verification, handling procedures; Watertightness assurance: enhanced sealing tests; end termination QA; -",,,,,"Installation QA/QC: pull-in tension verification, handling procedures; Watertightness assurance: enhanced sealing tests; end termination QA; -",,潜在失效模式；潜在失效后果；建议措施,112,
947,947,Full-ΣMi残差模型,M1+M2+M3+M4,故障措施推荐类,失效现象后果查处置建议,后果到措施推理,,,困难,请给出“failures of conductors”导致“Electrical faults - loss of production”时的风险处置建议。,"-; Monitoring (DTS/RTTR, electrical integrity tests)","建议措施 / RecommendedAction / action / 怎么处理 / 咋处理: Monitoring (DTS/RTTR, electrical integrity tests)",正确,1.0,668.93,语义RAG,0.6667,1.0,0,1.0,3,,,,,,"-; Monitoring (DTS/RTTR, electrical integrity tests)",,潜在失效模式；潜在失效后果；建议措施,114,
948,948,Full-ΣMi残差模型,M1+M2+M3+M4,故障措施推荐类,失效现象后果查处置建议,后果到措施推理,,,困难,请给出“Fatigue Cracks”导致“Crack may evolve in a fault of the cable - Cable weakening”时的风险处置建议。,"Monitoring: DTS/RTTR, electrical integrity tests, leak detection; -","Monitoring: DTS/RTTR, electrical integrity tests, leak detection; -",正确,1.0,609.74,语义RAG,0.3333,1.0,0,1.0,3,,,,,,"Monitoring: DTS/RTTR, electrical integrity tests, leak detection; -",,潜在失效模式；潜在失效后果；建议措施,115,
949,949,Full-ΣMi残差模型,M1+M2+M3+M4,故障措施推荐类,失效现象后果查处置建议,后果到措施推理,,,困难,请给出“material degradation”导致“Weakening of cable materials - loss of production”时的风险处置建议。,"Monitoring: DTS/RTTR, electrical integrity tests, leak detection; -","Monitoring: DTS/RTTR, electrical integrity tests, leak detection; -",正确,1.0,598.94,语义RAG,0.3333,1.0,0,1.0,3,,,,,,"Monitoring: DTS/RTTR, electrical integrity tests, leak detection; -",,潜在失效模式；潜在失效后果；建议措施,119,
950,950,Full-ΣMi残差模型,M1+M2+M3+M4,故障措施推荐类,失效现象后果查处置建议,后果到措施推理,,,困难,请给出“Movement of CPS due to scour/seabed mobility”导致“Cable being vulnerable to scour and need for repair or replacement”时的风险处置建议。,Burial/trenching optimization; scour mitigation; as-built metrology; -,Burial/trenching optimization; scour mitigation; as-built metrology.,正确,1.0,556.33,语义RAG,1.0,1.0,0,1.0,3,,,,,,Burial/trenching optimization; scour mitigation; as-built metrology; -,,潜在失效模式；潜在失效后果；建议措施,122,
951,951,Full-ΣMi残差模型,M1+M2+M3+M4,故障措施推荐类,失效现象后果查处置建议,后果到措施推理,,,困难,"请给出“Reduced sediment cover lower than designed value for protection”导致“need for re-burial, change of cable protection requirement or even replacement of cable”时的风险处置建议。","Burial/trenching optimization; scour mitigation; as-built metrology; Monitoring: DTS/RTTR, electrical integrity tests, leak detection; -",-,错误,0.0,482.96,语义RAG,1.0,1.0,0,1.0,3,"Burial/trenching optimization; scour mitigation; as-built metrology; Monitoring: DTS/RTTR, electrical integrity tests, leak detection; -",,,,,"Burial/trenching optimization; scour mitigation; as-built metrology; Monitoring: DTS/RTTR, electrical integrity tests, leak detection; -",,潜在失效模式；潜在失效后果；建议措施,125,
952,952,Full-ΣMi残差模型,M1+M2+M3+M4,故障措施推荐类,失效现象后果查处置建议,后果到措施推理,,,困难,请给出“Small bending radius”导致“Cable damage - insulation degradation”时的风险处置建议。,Lazy-wave configuration optimization; buoyancy spacing; hang-off upgrades; -,建议措施 / RecommendedAction / action / 怎么处理 / 咋处理: Lazy-wave configuration optimization; buoyancy spacing; hang-off upgrades; -,正确,1.0,740.76,语义RAG,0.3333,1.0,0,1.0,3,,,,,,Lazy-wave configuration optimization; buoyancy spacing; hang-off upgrades; -,,潜在失效模式；潜在失效后果；建议措施,128,
953,953,Full-ΣMi残差模型,M1+M2+M3+M4,故障措施推荐类,原因后果查建议措施,原因到措施推理,,,困难,"依据FMEA，若“Environmental loads; The interaction between the blades and the tower can cause pressure fluctuations, leading to cyclic fatigue”造成“Failure of whole facility and vast economic loses”，对应的建议措施是什么？",High-fidelity coupled aero-hydro-elastic simulation in design updates; Thicker shell sections / local reinforcement,高保真耦合气动-水弹性仿真在设计更新中；局部加强/加厚壳体截面,错误,0.0,648.99,语义RAG,0.3333,1.0,0,1.0,3,High-fidelity coupled aero-hydro-elastic simulation in design updates; Thicker shell sections / local reinforcement,,,,,High-fidelity coupled aero-hydro-elastic simulation in design updates; Thicker shell sections / local reinforcement,,潜在失效原因/机理；潜在失效后果；建议措施,4,
954,954,Full-ΣMi残差模型,M1+M2+M3+M4,故障措施推荐类,原因后果查建议措施,原因到措施推理,,,困难,依据FMEA，若“Environmental loads; Material fatigue due to high waves and high frequency of loads”造成“Failure of whole facility and vast economic loses”，对应的建议措施是什么？,"Enhanced SHM: acoustic emission, strain gauges, modal monitoring; -; High-fidelity coupled aero-hydro-elastic simulation in design updates; Weld detail optimization and hotspot redesign","Enhanced SHM: acoustic emission, strain gauges, modal monitoring; -; High-fidelity coupled aero-hydro-elastic simulation in design updates; Weld detail optimization and hotspot redesign",正确,1.0,794.48,语义RAG,0.3333,1.0,0,1.0,3,,,,,,"Enhanced SHM: acoustic emission, strain gauges, modal monitoring; -; High-fidelity coupled aero-hydro-elastic simulation in design updates; Weld detail optimization and hotspot redesign",,潜在失效原因/机理；潜在失效后果；建议措施,5,
955,955,Full-ΣMi残差模型,M1+M2+M3+M4,故障措施推荐类,原因后果查建议措施,原因到措施推理,,,困难,依据FMEA，若“Environmental condition; Cyclic wind/wave loading (above design assumption)creates stress concentrations and fatigue.”造成“Potential collapse”，对应的建议措施是什么？,"Weld detail optimization and hotspot redesign; Enhanced SHM: acoustic emission, strain gauges, modal monitoring; Thicker shell sections / local reinforcement; High-fidelity coupled aero-hydro-elastic simulation in design updates","Weld detail optimization and hotspot redesign; Enhanced SHM: acoustic emission, strain gauges, modal monitoring; Thicker shell sections / local reinforcement; High-fidelity coupled aero-hydro-elastic simulation in design updates",正确,1.0,802.46,语义RAG,0.6667,1.0,0,1.0,3,,,,,,"Weld detail optimization and hotspot redesign; Enhanced SHM: acoustic emission, strain gauges, modal monitoring; Thicker shell sections / local reinforcement; High-fidelity coupled aero-hydro-elastic simulation in design updates",,潜在失效原因/机理；潜在失效后果；建议措施,6,
956,956,Full-ΣMi残差模型,M1+M2+M3+M4,故障措施推荐类,原因后果查建议措施,原因到措施推理,,,困难,依据FMEA，若“Design phase; Plastic deformation due to insufficient yield strength and lack of detailed stress analysis and simulations”造成“Potential collapse”，对应的建议措施是什么？,Operational limits & control strategies for extreme motions; Blade–tower clearance and control optimization for extreme motions; High-fidelity coupled aero-hydro-elastic simulation in design updates,建议措施 / RecommendedAction / action / 怎么处理 / 咋处理: Operational limits & control strategies for extreme motions; Blade–tower clearance and control optimization for extreme motions; High-fidelity coupled aero-hydro-elastic simulation in design updates,正确,1.0,889.76,语义RAG,0.6667,1.0,0,1.0,3,,,,,,Operational limits & control strategies for extreme motions; Blade–tower clearance and control optimization for extreme motions; High-fidelity coupled aero-hydro-elastic simulation in design updates,,潜在失效原因/机理；潜在失效后果；建议措施,22,
957,957,Full-ΣMi残差模型,M1+M2+M3+M4,故障措施推荐类,原因后果查建议措施,原因到措施推理,,,困难,"依据FMEA，若“Design; Analysis and calculation fault due to human error”造成“Tower Unit collapse, Floater Unit damage”，对应的建议措施是什么？","Interface redesign to reduce stress concentrations (fillets, radii); High-fidelity coupled analysis of TP–tower–floater interaction; Improve engineering skills","Interface redesign to reduce stress concentrations (fillets, radii); High-fidelity coupled analysis of TP–tower–floater interaction; Improve engineering skills",正确,1.0,709.6,语义RAG,0.6667,1.0,0,1.0,3,,,,,,"Interface redesign to reduce stress concentrations (fillets, radii); High-fidelity coupled analysis of TP–tower–floater interaction; Improve engineering skills",,潜在失效原因/机理；潜在失效后果；建议措施,24,
958,958,Full-ΣMi残差模型,M1+M2+M3+M4,故障措施推荐类,原因后果查建议措施,原因到措施推理,,,困难,"依据FMEA，若“Operation and Maintenance; Brittle fracture due to extreme environmental temperature, leading to a shift in the ductile-to-brittle transition temperature”造成“tension failure (rupture), buckling of the transition piece/ Tower unit damage”，对应的建议措施是什么？","SHM for TP connections (strain gauges, acoustic emission, bolt preload monitoring); Design requalification for extreme storms (updated metocean; load cases); -","SHM for TP connections (strain gauges, acoustic emission, bolt preload monitoring); Design requalification for extreme storms (updated metocean; load cases)",正确,1.0,757.56,语义RAG,0.6667,1.0,0,1.0,3,,,,,,"SHM for TP connections (strain gauges, acoustic emission, bolt preload monitoring); Design requalification for extreme storms (updated metocean; load cases); -",,潜在失效原因/机理；潜在失效后果；建议措施,25,
959,959,Full-ΣMi残差模型,M1+M2+M3+M4,故障措施推荐类,原因后果查建议措施,原因到措施推理,,,困难,"依据FMEA，若“Operation; Changes in wave spectra can cause increased loads, resonance, and stress concentrations, leading to plastic deformation in offshore wind turbines.”造成“Local stress accumulation”，对应的建议措施是什么？","SHM for TP connections (strain gauges, acoustic emission, bolt preload monitoring); Design requalification for extreme storms (updated metocean; load cases); High-fidelity coupled analysis of TP–tower–floater interaction; -","SHM for TP connections (strain gauges, acoustic emission, bolt preload monitoring); Design requalification for extreme storms (updated metocean; load cases); High-fidelity coupled analysis of TP–tower–floater interaction; -",正确,1.0,894.63,语义RAG,0.6667,1.0,0,1.0,3,,,,,,"SHM for TP connections (strain gauges, acoustic emission, bolt preload monitoring); Design requalification for extreme storms (updated metocean; load cases); High-fidelity coupled analysis of TP–tower–floater interaction; -",,潜在失效原因/机理；潜在失效后果；建议措施,26,
960,960,Full-ΣMi残差模型,M1+M2+M3+M4,故障措施推荐类,原因后果查建议措施,原因到措施推理,,,困难,"依据FMEA，若“Environmental condition; Design parameters superseded due to climate change”造成“Tower Unit collapse, Floater Unit damage”，对应的建议措施是什么？",High-fidelity coupled analysis of TP–tower–floater interaction; Design requalification for extreme storms (updated metocean; load cases); Improved metocean data measurements,建议措施 / RecommendedAction / action / 怎么处理 / 咋处理: High-fidelity coupled analysis of TP–tower–floater interaction; Design requalification for extreme storms (updated metocean; load cases); Improved metocean data measurements,正确,1.0,907.92,语义RAG,0.3333,1.0,0,1.0,3,,,,,,High-fidelity coupled analysis of TP–tower–floater interaction; Design requalification for extreme storms (updated metocean; load cases); Improved metocean data measurements,,潜在失效原因/机理；潜在失效后果；建议措施,28,
961,961,Full-ΣMi残差模型,M1+M2+M3+M4,故障措施推荐类,原因后果查建议措施,原因到措施推理,,,困难,依据FMEA，若“Environmental Loads; Extreme environmental conditions like hurricanes or storm surges can subject the transition piece to large forces that exceed their design limits”造成“Tower transition piece connections failure/ displacement variations between tower end”，对应的建议措施是什么？,Design requalification for extreme storms (updated metocean; load cases); High-fidelity coupled aero-hydro-elastic simulation in design updates,Design requalification for extreme storms (updated metocean; load cases); High-fidelity coupled aero-hydro-elastic simulation in design updates.,正确,1.0,1108.16,语义RAG,0.6667,1.0,0,1.0,3,,,,,,Design requalification for extreme storms (updated metocean; load cases); High-fidelity coupled aero-hydro-elastic simulation in design updates,,潜在失效原因/机理；潜在失效后果；建议措施,32,
962,962,Full-ΣMi残差模型,M1+M2+M3+M4,故障措施推荐类,原因后果查建议措施,原因到措施推理,,,困难,"依据FMEA，若“Design; Under-designed structure/ Component due to human error/Insufficient environmental data”造成“Tower Unit collapse, Floater Unit damage”，对应的建议措施是什么？",High-fidelity coupled analysis of TP–tower–floater interaction; Design requalification for extreme storms (updated metocean; load cases); High-fidelity coupled aero-hydro-elastic simulation in design updates,高保真耦合分析TP-塔-浮体交互；极端风暴（更新气象数据；载荷工况）的设计再认证；设计更新中的高保真耦合气动-水弹性仿真。,错误,0.0,834.01,语义RAG,0.3333,1.0,0,1.0,3,High-fidelity coupled analysis of TP–tower–floater interaction; Design requalification for extreme storms (updated metocean; load cases); High-fidelity coupled aero-hydro-elastic simulation in design updates,,,,,High-fidelity coupled analysis of TP–tower–floater interaction; Design requalification for extreme storms (updated metocean; load cases); High-fidelity coupled aero-hydro-elastic simulation in design updates,,潜在失效原因/机理；潜在失效后果；建议措施,39,
963,963,Full-ΣMi残差模型,M1+M2+M3+M4,故障措施推荐类,原因后果查建议措施,原因到措施推理,,,困难,"依据FMEA，若“Operation and Maintenance; Undetected defects and poor quality control”造成“Tower Unit collapse, Floater Unit damage”，对应的建议措施是什么？","SHM for TP connections (strain gauges, acoustic emission, bolt preload monitoring); Welding quality assurance and NDT enhancement (phased-array UT)","SHM for TP connections (strain gauges, acoustic emission, bolt preload monitoring); Welding quality assurance and NDT enhancement (phased-array UT)",正确,1.0,725.36,语义RAG,0.3333,1.0,0,1.0,3,,,,,,"SHM for TP connections (strain gauges, acoustic emission, bolt preload monitoring); Welding quality assurance and NDT enhancement (phased-array UT)",,潜在失效原因/机理；潜在失效后果；建议措施,40,
964,964,Full-ΣMi残差模型,M1+M2+M3+M4,故障措施推荐类,原因后果查建议措施,原因到措施推理,,,困难,"依据FMEA，若“Design; Analysis and Calculation fault due to human error”造成“Watertight fault, Potential Floater Unit sinkage”，对应的建议措施是什么？",Expanded design load cases (including typhoon/hurricane scenarios); Freeboard margin increase and water-tight compartmentalization; Improve engineering skills,Expanded design load cases (including typhoon/hurricane scenarios); Freeboard margin increase and water-tight compartmentalization; Improve engineering skills,正确,1.0,700.84,语义RAG,0.6667,1.0,0,1.0,3,,,,,,Expanded design load cases (including typhoon/hurricane scenarios); Freeboard margin increase and water-tight compartmentalization; Improve engineering skills,,潜在失效原因/机理；潜在失效后果；建议措施,45,
965,965,Full-ΣMi残差模型,M1+M2+M3+M4,故障措施推荐类,原因后果查建议措施,原因到措施推理,,,困难,依据FMEA，若“Design; Analysis and Calculation fault due to human error”造成“Project cancellation”，对应的建议措施是什么？,Expanded design load cases (including typhoon/hurricane scenarios); -; Improved engineering skills,Expanded design load cases (including typhoon/hurricane scenarios); -; Improved engineering skills,正确,1.0,596.09,语义RAG,1.0,1.0,0,1.0,3,,,,,,Expanded design load cases (including typhoon/hurricane scenarios); -; Improved engineering skills,,潜在失效原因/机理；潜在失效后果；建议措施,46,
966,966,Full-ΣMi残差模型,M1+M2+M3+M4,故障措施推荐类,原因后果查建议措施,原因到措施推理,,,困难,依据FMEA，若“Environmental condition; Design parameter superseded due to climate change”造成“Structural reassessment”，对应的建议措施是什么？,Expanded design load cases (including typhoon/hurricane scenarios); -,Expanded design load cases (including typhoon/hurricane scenarios); -,正确,1.0,596.43,语义RAG,0.3333,1.0,0,1.0,3,,,,,,Expanded design load cases (including typhoon/hurricane scenarios); -,,潜在失效原因/机理；潜在失效后果；建议措施,49,
967,967,Full-ΣMi残差模型,M1+M2+M3+M4,故障措施推荐类,原因后果查建议措施,原因到措施推理,,,困难,依据FMEA，若“Operation; Dynamic umbilical connection/cable fail”造成“Potential failure”，对应的建议措施是什么？,Freeboard margin increase and water-tight compartmentalization; -; Expanded design load cases (including typhoon/hurricane scenarios); Improved cable mechnical design,Freeboard margin increase and water-tight compartmentalization; -; Expanded design load cases (including typhoon/hurricane scenarios); Improved cable mechnical design,正确,1.0,683.43,语义RAG,0.3333,1.0,0,1.0,3,,,,,,Freeboard margin increase and water-tight compartmentalization; -; Expanded design load cases (including typhoon/hurricane scenarios); Improved cable mechnical design,,潜在失效原因/机理；潜在失效后果；建议措施,50,
968,968,Full-ΣMi残差模型,M1+M2+M3+M4,故障措施推荐类,原因后果查建议措施,原因到措施推理,,,困难,依据FMEA，若“Environmental condition; Extreme horizontal oscillatory force”造成“Asset damage Energy production loss”，对应的建议措施是什么？,"Expanded design load cases (including typhoon/hurricane scenarios); Operational limits: weather windows, alarm thresholds for motions; Resonance avoidance via structural tuning/damping","Expanded design load cases (including typhoon/hurricane scenarios); Operational limits: weather windows, alarm thresholds for motions; Resonance avoidance via structural tuning/damping",正确,1.0,711.7,语义RAG,0.3333,1.0,0,1.0,3,,,,,,"Expanded design load cases (including typhoon/hurricane scenarios); Operational limits: weather windows, alarm thresholds for motions; Resonance avoidance via structural tuning/damping",,潜在失效原因/机理；潜在失效后果；建议措施,52,
969,969,Full-ΣMi残差模型,M1+M2+M3+M4,故障措施推荐类,原因后果查建议措施,原因到措施推理,,,困难,依据FMEA，若“Operation; Fatigue due to continuous vibrations/resonance”造成“Structural failure”，对应的建议措施是什么？,Expanded design load cases (including typhoon/hurricane scenarios); Resonance avoidance via structural tuning/damping; High-fidelity coupled aero-hydro-elastic simulation in design updates,Expanded design load cases (including typhoon/hurricane scenarios); Resonance avoidance via structural tuning/damping; High-fidelity coupled aero-hydro-elastic simulation in design updates,正确,1.0,761.83,语义RAG,0.3333,1.0,0,1.0,3,,,,,,Expanded design load cases (including typhoon/hurricane scenarios); Resonance avoidance via structural tuning/damping; High-fidelity coupled aero-hydro-elastic simulation in design updates,,潜在失效原因/机理；潜在失效后果；建议措施,53,
970,970,Full-ΣMi残差模型,M1+M2+M3+M4,故障措施推荐类,原因后果查建议措施,原因到措施推理,,,困难,依据FMEA，若“Design; Insufficient structural strength and cracks on the floater resulting in water ingress to the support structure”造成“Potential Failure/Asset damage Energy production loss”，对应的建议措施是什么？,Ballast redundancy and automated ballast management; Freeboard margin increase and water-tight compartmentalization; Expanded design load cases (including typhoon/hurricane scenarios),Ballast redundancy and automated ballast management; Freeboard margin increase and water-tight compartmentalization; Expanded design load cases (including typhoon/hurricane scenarios),正确,1.0,772.14,语义RAG,0.3333,1.0,0,1.0,3,,,,,,Ballast redundancy and automated ballast management; Freeboard margin increase and water-tight compartmentalization; Expanded design load cases (including typhoon/hurricane scenarios),,潜在失效原因/机理；潜在失效后果；建议措施,58,
971,971,Full-ΣMi残差模型,M1+M2+M3+M4,故障措施推荐类,原因后果查建议措施,原因到措施推理,,,困难,依据FMEA，若“Operation; Structure brittle fracture due to extreme environmental temperature”造成“Tower collapse”，对应的建议措施是什么？,"Operational limits: weather windows, alarm thresholds for motions; Other- Specify; Expanded design load cases (including typhoon/hurricane scenarios); Better understanding of temperature ranges","建议措施 / RecommendedAction / action / 怎么处理 / 咋处理: Operational limits: weather windows, alarm thresholds for motions; Other- Specify; Expanded design load cases (including typhoon/hurricane scenarios); Better understanding of temperature ranges",正确,1.0,895.48,语义RAG,0.3333,1.0,0,1.0,3,,,,,,"Operational limits: weather windows, alarm thresholds for motions; Other- Specify; Expanded design load cases (including typhoon/hurricane scenarios); Better understanding of temperature ranges",,潜在失效原因/机理；潜在失效后果；建议措施,68,
972,972,Full-ΣMi残差模型,M1+M2+M3+M4,故障措施推荐类,原因后果查建议措施,原因到措施推理,,,困难,依据FMEA，若“Operation; Structures break/collapse due to collision with other FWT”造成“Potential Failure/Asset damage Energy production loss”，对应的建议措施是什么？,"Operational limits: weather windows, alarm thresholds for motions; -; Expanded design load cases (including typhoon/hurricane scenarios); Freeboard margin increase and water-tight compartmentalization",-,错误,0.0,485.86,语义RAG,0.0,0.0,0,0.0,3,"Operational limits: weather windows, alarm thresholds for motions; -; Expanded design load cases (including typhoon/hurricane scenarios); Freeboard margin increase and water-tight compartmentalization",,,,,"Operational limits: weather windows, alarm thresholds for motions; -; Expanded design load cases (including typhoon/hurricane scenarios); Freeboard margin increase and water-tight compartmentalization",,潜在失效原因/机理；潜在失效后果；建议措施,69,
973,973,Full-ΣMi残差模型,M1+M2+M3+M4,故障措施推荐类,原因后果查建议措施,原因到措施推理,,,困难,"依据FMEA，若“Environmental condition; Typhoon can cause failure of the floating unit if it gets hit by dropping objects. (eg. damaged blade)(strong wind/wave)”造成“Damage to the facility, vast economic loses”，对应的建议措施是什么？",Expanded design load cases (including typhoon/hurricane scenarios); High-fidelity coupled aero-hydro-elastic simulation in design updates; -,建议措施 / RecommendedAction / action / 怎么处理 / 咋处理: Expanded design load cases (including typhoon/hurricane scenarios); High-fidelity coupled aero-hydro-elastic simulation in design updates; -,正确,1.0,868.4,语义RAG,0.3333,1.0,0,1.0,3,,,,,,Expanded design load cases (including typhoon/hurricane scenarios); High-fidelity coupled aero-hydro-elastic simulation in design updates; -,,潜在失效原因/机理；潜在失效后果；建议措施,70,
974,974,Full-ΣMi残差模型,M1+M2+M3+M4,故障措施推荐类,原因后果查建议措施,原因到措施推理,,,困难,"依据FMEA，若“Design; Underdesigned structure/Component due to insufficient environmental data”造成“Watertight fault, Potential Floater Unit sinkage”，对应的建议措施是什么？",Expanded design load cases (including typhoon/hurricane scenarios); High-fidelity coupled aero-hydro-elastic simulation in design updates,Expanded design load cases (including typhoon/hurricane scenarios); High-fidelity coupled aero-hydro-elastic simulation in design updates,正确,1.0,693.64,语义RAG,0.6667,1.0,0,1.0,3,,,,,,Expanded design load cases (including typhoon/hurricane scenarios); High-fidelity coupled aero-hydro-elastic simulation in design updates,,潜在失效原因/机理；潜在失效后果；建议措施,71,
975,975,Full-ΣMi残差模型,M1+M2+M3+M4,故障措施推荐类,原因后果查建议措施,原因到措施推理,,,困难,"依据FMEA，若“Maintenance; Undetected defects due to poor quality control”造成“Watertight fault, Potential Floater Unit sinkage”，对应的建议措施是什么？","Operational limits: weather windows, alarm thresholds for motions; Other- Specify; -; Welding quality assurance and NDT enhancement (phased-array UT)","建议措施 / RecommendedAction / action / 怎么处理 / 咋处理: Operational limits: weather windows, alarm thresholds for motions; Other- Specify; -; Welding quality assurance and NDT enhancement (phased-array UT)",正确,1.0,904.11,语义RAG,0.6667,1.0,0,1.0,3,,,,,,"Operational limits: weather windows, alarm thresholds for motions; Other- Specify; -; Welding quality assurance and NDT enhancement (phased-array UT)",,潜在失效原因/机理；潜在失效后果；建议措施,72,
976,976,Full-ΣMi残差模型,M1+M2+M3+M4,故障措施推荐类,原因后果查建议措施,原因到措施推理,,,困难,依据FMEA，若“Operation; Abnormal working conditions”造成“Anchor failure”，对应的建议措施是什么？,"Continuous tension and vibration monitoring; thresholds for intervention; Procedural controls: load management, operational envelopes; Better design by expanded load case matrix including more failure modes; -","Continuous tension and vibration monitoring; thresholds for intervention; Procedural controls: load management, operational envelopes; Better design by expanded load case matrix including more failure modes.",正确,1.0,734.47,语义RAG,0.6667,1.0,0,1.0,3,,,,,,"Continuous tension and vibration monitoring; thresholds for intervention; Procedural controls: load management, operational envelopes; Better design by expanded load case matrix including more failure modes; -",,潜在失效原因/机理；潜在失效后果；建议措施,75,
977,977,Full-ΣMi残差模型,M1+M2+M3+M4,故障措施推荐类,原因后果查建议措施,原因到措施推理,,,困难,依据FMEA，若“Operation; Cyclic degradation”造成“Anchor failure”，对应的建议措施是什么？,"Continuous tension and vibration monitoring; thresholds for intervention; Procedural controls: load management, operational envelopes; Better design by expanded load case matrix including more failure modes; -","Continuous tension and vibration monitoring; thresholds for intervention; Procedural controls: load management, operational envelopes; Better design by expanded load case matrix including more failure modes; -",正确,1.0,760.76,语义RAG,0.3333,1.0,0,1.0,3,,,,,,"Continuous tension and vibration monitoring; thresholds for intervention; Procedural controls: load management, operational envelopes; Better design by expanded load case matrix including more failure modes; -",,潜在失效原因/机理；潜在失效后果；建议措施,76,
978,978,Full-ΣMi残差模型,M1+M2+M3+M4,故障措施推荐类,原因后果查建议措施,原因到措施推理,,,困难,依据FMEA，若“Operation; Fairlead fatigue”造成“The anchor cannot be dropped and lift”，对应的建议措施是什么？,Continuous tension and vibration monitoring; thresholds for intervention; Fairlead geometry improvements and low-wear lining; Optimized chain/wire/rope selection and fatigue margins (design); -,Continuous tension and vibration monitoring; thresholds for intervention; Fairlead geometry improvements and low-wear lining; Optimized chain/wire/rope selection and fatigue margins (design); -,正确,1.0,766.96,语义RAG,0.3333,1.0,0,1.0,3,,,,,,Continuous tension and vibration monitoring; thresholds for intervention; Fairlead geometry improvements and low-wear lining; Optimized chain/wire/rope selection and fatigue margins (design); -,,潜在失效原因/机理；潜在失效后果；建议措施,79,
979,979,Full-ΣMi残差模型,M1+M2+M3+M4,故障措施推荐类,原因后果查建议措施,原因到措施推理,,,困难,依据FMEA，若“Operation; Fairlead corrosion”造成“The anchor cannot be dropped and lift”，对应的建议措施是什么？,Cathodic protection and corrosion monitoring regimes; -,Cathodic protection and corrosion monitoring regimes; -,正确,1.0,549.92,语义RAG,0.6667,1.0,0,1.0,3,,,,,,Cathodic protection and corrosion monitoring regimes; -,,潜在失效原因/机理；潜在失效后果；建议措施,80,
980,980,Full-ΣMi残差模型,M1+M2+M3+M4,故障措施推荐类,原因后果查建议措施,原因到措施推理,,,困难,依据FMEA，若“Manufacturing; Poor splice quality/ workmanship/qualification”造成“Mooring line strength decrease or broken”，对应的建议措施是什么？,ROV visual inspections; targeted maintenance on wear zones; Diversity in materials/vendors to reduce common-cause risks; -,ROV visual inspections; targeted maintenance on wear zones; Diversity in materials/vendors to reduce common-cause risks; -,正确,1.0,682.64,语义RAG,1.0,1.0,0,1.0,3,,,,,,ROV visual inspections; targeted maintenance on wear zones; Diversity in materials/vendors to reduce common-cause risks; -,,潜在失效原因/机理；潜在失效后果；建议措施,82,
981,981,Full-ΣMi残差模型,M1+M2+M3+M4,故障措施推荐类,原因后果查建议措施,原因到措施推理,,,困难,依据FMEA，若“Environmental condition; Abnormal stress due to mooring lines wear caused by unexpected seismic loads/ The tension overpassing the limit value can cause the mooring line to instantaneously break”造成“Mooring line strength decrease or broken”，对应的建议措施是什么？,Continuous tension and vibration monitoring; thresholds for intervention; -,Continuous tension and vibration monitoring; thresholds for intervention; -,正确,1.0,577.14,语义RAG,0.6667,1.0,0,1.0,3,,,,,,Continuous tension and vibration monitoring; thresholds for intervention; -,,潜在失效原因/机理；潜在失效后果；建议措施,83,
982,982,Full-ΣMi残差模型,M1+M2+M3+M4,故障措施推荐类,原因后果查建议措施,原因到措施推理,,,困难,依据FMEA，若“Environmental condition; Mooring lines wear caused by unexpected external damage (from e.g. overtrawling)/particulate ingress/UV light”造成“Mooring line strength decrease or broken”，对应的建议措施是什么？,Continuous tension and vibration monitoring; thresholds for intervention; -,Continuous tension and vibration monitoring; thresholds for intervention; -,正确,1.0,579.56,语义RAG,1.0,1.0,0,1.0,3,,,,,,Continuous tension and vibration monitoring; thresholds for intervention; -,,潜在失效原因/机理；潜在失效后果；建议措施,84,
983,983,Full-ΣMi残差模型,M1+M2+M3+M4,故障措施推荐类,原因后果查建议措施,原因到措施推理,,,困难,依据FMEA，若“Maintenance; Mooring lines corrosion due to improper maintenance of the corroded components”造成“Mooring line strength decrease or broken”，对应的建议措施是什么？,Continuous tension and vibration monitoring; thresholds for intervention; Optimized chain/wire/rope selection and fatigue margins (design); -,Continuous tension and vibration monitoring; thresholds for intervention; Optimized chain/wire/rope selection and fatigue margins (design); -,正确,1.0,693.29,语义RAG,1.0,1.0,0,1.0,3,,,,,,Continuous tension and vibration monitoring; thresholds for intervention; Optimized chain/wire/rope selection and fatigue margins (design); -,,潜在失效原因/机理；潜在失效后果；建议措施,85,
984,984,Full-ΣMi残差模型,M1+M2+M3+M4,故障措施推荐类,原因后果查建议措施,原因到措施推理,,,困难,"依据FMEA，若“Operation; Mooring line fatigue due to Improper operational procedures, such as excessive loading, bending or twisting.”造成“Mooring line strength decrease or broken”，对应的建议措施是什么？",Continuous tension and vibration monitoring; thresholds for intervention; Optimized chain/wire/rope selection and fatigue margins (design); -,Continuous tension and vibration monitoring; thresholds for intervention; Optimized chain/wire/rope selection and fatigue margins (design); -,正确,1.0,671.55,语义RAG,1.0,1.0,0,1.0,3,,,,,,Continuous tension and vibration monitoring; thresholds for intervention; Optimized chain/wire/rope selection and fatigue margins (design); -,,潜在失效原因/机理；潜在失效后果；建议措施,87,
985,985,Full-ΣMi残差模型,M1+M2+M3+M4,故障措施推荐类,原因后果查建议措施,原因到措施推理,,,困难,依据FMEA，若“Operation; Transitional chain wear due to repeated loading and unloading cycles over time”造成“Asset not in correct location or position”，对应的建议措施是什么？,"ROV visual inspections; targeted maintenance on wear zones; Optimized chain/wire/rope selection and fatigue margins (design); Only chain and wire above MSL, keep fiber ropes wet; -","ROV visual inspections; targeted maintenance on wear zones; Optimized chain/wire/rope selection and fatigue margins (design); Only chain and wire above MSL, keep fiber ropes wet; -",正确,1.0,811.27,语义RAG,1.0,1.0,0,1.0,3,,,,,,"ROV visual inspections; targeted maintenance on wear zones; Optimized chain/wire/rope selection and fatigue margins (design); Only chain and wire above MSL, keep fiber ropes wet; -",,潜在失效原因/机理；潜在失效后果；建议措施,91,
986,986,Full-ΣMi残差模型,M1+M2+M3+M4,故障措施推荐类,原因后果查建议措施,原因到措施推理,,,困难,依据FMEA，若“Maintenance; Transitional chain wear due to improper inspection and maintenance”造成“Asset not in correct location or position”，对应的建议措施是什么？,"ROV visual inspections; targeted maintenance on wear zones; Optimized chain/wire/rope selection and fatigue margins (design); Only chain and wire above MSL, keep fiber ropes wet; -","ROV visual inspections; targeted maintenance on wear zones; Optimized chain/wire/rope selection and fatigue margins (design); Only chain and wire above MSL, keep fiber ropes wet; -",正确,1.0,782.83,语义RAG,1.0,1.0,0,1.0,3,,,,,,"ROV visual inspections; targeted maintenance on wear zones; Optimized chain/wire/rope selection and fatigue margins (design); Only chain and wire above MSL, keep fiber ropes wet; -",,潜在失效原因/机理；潜在失效后果；建议措施,92,
987,987,Full-ΣMi残差模型,M1+M2+M3+M4,故障措施推荐类,原因后果查建议措施,原因到措施推理,,,困难,"依据FMEA，若“Operation; Friction chain wear due to significant movement and tension due to the forces of wind, waves”造成“Asset not in correct location or position”，对应的建议措施是什么？","ROV visual inspections; targeted maintenance on wear zones; Optimized chain/wire/rope selection and fatigue margins (design); Only chain and wire above MSL, keep fiber ropes wet; -","ROV visual inspections; targeted maintenance on wear zones; Optimized chain/wire/rope selection and fatigue margins (design); Only chain and wire above MSL, keep fiber ropes wet; -",正确,1.0,814.03,语义RAG,1.0,1.0,0,1.0,3,,,,,,"ROV visual inspections; targeted maintenance on wear zones; Optimized chain/wire/rope selection and fatigue margins (design); Only chain and wire above MSL, keep fiber ropes wet; -",,潜在失效原因/机理；潜在失效后果；建议措施,93,
988,988,Full-ΣMi残差模型,M1+M2+M3+M4,故障措施推荐类,原因后果查建议措施,原因到措施推理,,,困难,依据FMEA，若“Operation; Mooring line wear due to hysteretic heating or wet-dry cycling”造成“Asset not in correct location or position”，对应的建议措施是什么？,ROV visual inspections; targeted maintenance on wear zones; -,ROV visual inspections; targeted maintenance on wear zones; -,正确,1.0,616.2,语义RAG,1.0,1.0,0,1.0,3,,,,,,ROV visual inspections; targeted maintenance on wear zones; -,,潜在失效原因/机理；潜在失效后果；建议措施,94,
989,989,Full-ΣMi残差模型,M1+M2+M3+M4,故障措施推荐类,原因后果查建议措施,原因到措施推理,,,困难,依据FMEA，若“Maintenance; Mooring winch failure due to undetected hazard during operation”造成“Asset not in correct location or position”，对应的建议措施是什么？,"Continuous tension and vibration monitoring; thresholds for intervention; Procedural controls: load management, operational envelopes; -","Continuous tension and vibration monitoring; thresholds for intervention; Procedural controls: load management, operational envelopes; -",正确,1.0,669.19,语义RAG,1.0,1.0,0,1.0,3,,,,,,"Continuous tension and vibration monitoring; thresholds for intervention; Procedural controls: load management, operational envelopes; -",,潜在失效原因/机理；潜在失效后果；建议措施,96,
990,990,Full-ΣMi残差模型,M1+M2+M3+M4,故障措施推荐类,原因后果查建议措施,原因到措施推理,,,困难,依据FMEA，若“Design Phase; Underestimation of dynamic conditions - Unexpected contingency scenario ( loss of mooring line ) - unexpected dynamic loads”造成“Structural damage - cable composition weakening”，对应的建议措施是什么？,"Monitoring: DTS/RTTR, electrical integrity tests, leak detection; Lazy-wave configuration optimization; buoyancy spacing; hang-off upgrades; -","Monitoring: DTS/RTTR, electrical integrity tests, leak detection; Lazy-wave configuration optimization; buoyancy spacing; hang-off upgrades; -",正确,1.0,772.65,语义RAG,0.6667,1.0,0,1.0,3,,,,,,"Monitoring: DTS/RTTR, electrical integrity tests, leak detection; Lazy-wave configuration optimization; buoyancy spacing; hang-off upgrades; -",,潜在失效原因/机理；潜在失效后果；建议措施,97,
991,991,Full-ΣMi残差模型,M1+M2+M3+M4,故障措施推荐类,原因后果查建议措施,原因到措施推理,,,困难,"依据FMEA，若“Design Phase; Seawater exposure, environmental conditions due to insufficient coating”造成“J-tube degradation affecting cable integrity”，对应的建议措施是什么？",-; Cathodic protection; coating improvements,Cathodic protection; coating improvements.,正确,1.0,525.96,语义RAG,1.0,1.0,0,1.0,3,,,,,,-; Cathodic protection; coating improvements,,潜在失效原因/机理；潜在失效后果；建议措施,101,
992,992,Full-ΣMi残差模型,M1+M2+M3+M4,故障措施推荐类,原因后果查建议措施,原因到措施推理,,,困难,依据FMEA，若“Design Phase; Wrong design/execution of the isolation material”造成“High risk of fault on the cable - total loss of the line Prodution loss on the string”，对应的建议措施是什么？,-; Design review; improved material selection,-; Design review; improved material selection.,正确,1.0,533.39,语义RAG,0.6667,1.0,0,1.0,3,,,,,,-; Design review; improved material selection,,潜在失效原因/机理；潜在失效后果；建议措施,103,
993,993,Full-ΣMi残差模型,M1+M2+M3+M4,故障措施推荐类,原因后果查建议措施,原因到措施推理,,,困难,依据FMEA，若“Environmental conditions; Floating debris - marine activities”造成“Cable damage - operational disruption”，对应的建议措施是什么？,-; Environmental protections; debris management,建议措施 / RecommendedAction / action / 怎么处理 / 咋处理: Environmental protections; debris management,正确,1.0,643.99,语义RAG,0.3333,1.0,0,1.0,3,,,,,,-; Environmental protections; debris management,,潜在失效原因/机理；潜在失效后果；建议措施,104,
994,994,Full-ΣMi残差模型,M1+M2+M3+M4,故障措施推荐类,原因后果查建议措施,原因到措施推理,,,困难,依据FMEA，若“Operation; Connector failure - Mechanical stress”造成“cable disconnection - water penetration - Power loss”，对应的建议措施是什么？,-; Design review; improved material selection,建议措施 / RecommendedAction / action / 怎么处理 / 咋处理: Design review; improved material selection,正确,1.0,674.42,语义RAG,0.3333,1.0,0,1.0,3,,,,,,-; Design review; improved material selection,,潜在失效原因/机理；潜在失效后果；建议措施,105,
995,995,Full-ΣMi残差模型,M1+M2+M3+M4,故障措施推荐类,原因后果查建议措施,原因到措施推理,,,困难,依据FMEA，若“Manufacturing; Poor quality of insulating fluids”造成“breakdown of insulation”，对应的建议措施是什么？,-; Design improvements; enhanced termination QA,-; Design improvements; enhanced termination QA,正确,1.0,481.89,语义RAG,0.3333,1.0,0,1.0,3,,,,,,-; Design improvements; enhanced termination QA,,潜在失效原因/机理；潜在失效后果；建议措施,107,
996,996,Full-ΣMi残差模型,M1+M2+M3+M4,故障措施推荐类,原因后果查建议措施,原因到措施推理,,,困难,依据FMEA，若“Manufacturing; Errors or defects during manufacturing”造成“Reduced or interupted electricity flow”，对应的建议措施是什么？,"Installation QA/QC: pull-in tension verification, handling procedures; Watertightness assurance: enhanced sealing tests; end termination QA; -","建议措施 / RecommendedAction / action / 怎么处理 / 咋处理: Installation QA/QC: pull-in tension verification, handling procedures; Watertightness assurance: enhanced sealing tests; end termination QA; -",正确,1.0,856.75,语义RAG,0.3333,1.0,0,1.0,3,,,,,,"Installation QA/QC: pull-in tension verification, handling procedures; Watertightness assurance: enhanced sealing tests; end termination QA; -",,潜在失效原因/机理；潜在失效后果；建议措施,112,
997,997,Full-ΣMi残差模型,M1+M2+M3+M4,故障措施推荐类,原因后果查建议措施,原因到措施推理,,,困难,依据FMEA，若“Operation; Damage on the cable due to extreme environmental events”造成“Reduced or interupted electricity flow”，对应的建议措施是什么？,Watertightness assurance: enhanced sealing tests; end termination QA; -,建议措施 / RecommendedAction / action / 怎么处理 / 咋处理: Watertightness assurance: enhanced sealing tests; end termination QA; -,正确,1.0,705.39,语义RAG,0.3333,1.0,0,1.0,3,,,,,,Watertightness assurance: enhanced sealing tests; end termination QA; -,,潜在失效原因/机理；潜在失效后果；建议措施,113,
998,998,Full-ΣMi残差模型,M1+M2+M3+M4,故障措施推荐类,原因后果查建议措施,原因到措施推理,,,困难,依据FMEA，若“Operation; Internal damage: Problem in insulation material - Electrical overload”造成“Electrical faults - loss of production”，对应的建议措施是什么？,"-; Monitoring (DTS/RTTR, electrical integrity tests)","Monitoring (DTS/RTTR, electrical integrity tests)",正确,1.0,541.67,语义RAG,0.6667,1.0,0,1.0,3,,,,,,"-; Monitoring (DTS/RTTR, electrical integrity tests)",,潜在失效原因/机理；潜在失效后果；建议措施,114,
999,999,Full-ΣMi残差模型,M1+M2+M3+M4,故障措施推荐类,原因后果查建议措施,原因到措施推理,,,困难,依据FMEA，若“Operation; Repeated stress cycles - bending motions”造成“Crack may evolve in a fault of the cable - Cable weakening”，对应的建议措施是什么？,"Monitoring: DTS/RTTR, electrical integrity tests, leak detection; -","Monitoring: DTS/RTTR, electrical integrity tests, leak detection; -",正确,1.0,557.52,语义RAG,0.3333,1.0,0,1.0,3,,,,,,"Monitoring: DTS/RTTR, electrical integrity tests, leak detection; -",,潜在失效原因/机理；潜在失效后果；建议措施,115,
1000,1000,Full-ΣMi残差模型,M1+M2+M3+M4,故障措施推荐类,原因后果查建议措施,原因到措施推理,,,困难,依据FMEA，若“Design Phase; Underestimation of dynamic conditions - Unexpected contingency scenario ( loss of mooring line )”造成“Weakening of cable materials - loss of production”，对应的建议措施是什么？,"Monitoring: DTS/RTTR, electrical integrity tests, leak detection; -","Monitoring: DTS/RTTR, electrical integrity tests, leak detection;",正确,1.0,663.13,语义RAG,1.0,1.0,0,1.0,3,,,,,,"Monitoring: DTS/RTTR, electrical integrity tests, leak detection; -",,潜在失效原因/机理；潜在失效后果；建议措施,119,
1001,1001,Full-ΣMi残差模型,M1+M2+M3+M4,风险影响评估类,项目失效现象查后果,风险后果查询,,,简单,在项目/功能“Tower / Tower / Primary steelwork”中，故障现象“Abnormal vibration”的潜在失效后果是什么？,Excessive Fatigue Life Consumption,Potential collapse,错误,0.0,481.85,语义RAG,0.6667,0.0,0,,3,Excessive Fatigue Life Consumption,,,,,Excessive Fatigue Life Consumption,,项目/功能；潜在失效模式；潜在失效后果,0,
1002,1002,Full-ΣMi残差模型,M1+M2+M3+M4,风险影响评估类,项目失效现象查后果,风险后果查询,,,简单,在项目/功能“Tower / Tower / Primary steelwork”中，故障现象“Cracks”的潜在失效后果是什么？,Failure of whole facility and vast economic loses,Potential collapse,错误,0.0,472.75,语义RAG,1.0,1.0,0,,3,Failure of whole facility and vast economic loses,,,,,Failure of whole facility and vast economic loses,,项目/功能；潜在失效模式；潜在失效后果,4,
1003,1003,Full-ΣMi残差模型,M1+M2+M3+M4,风险影响评估类,项目失效现象查后果,风险后果查询,,,简单,在项目/功能“Tower / Tower / Primary structure & welding”中，故障现象“Cracks”的潜在失效后果是什么？,Potential collapse,Potential collapse,正确,1.0,478.56,语义RAG,1.0,1.0,0,,3,,,,,,Potential collapse,,项目/功能；潜在失效模式；潜在失效后果,7,
1004,1004,Full-ΣMi残差模型,M1+M2+M3+M4,风险影响评估类,项目失效现象查后果,风险后果查询,,,简单,在项目/功能“Tower / Tower / Welding”中，故障现象“Cracks”的潜在失效后果是什么？,Potential collapse,我不知道。上下文中的信息与所询问的项目/功能和故障现象不匹配。,错误,0.0,554.32,语义RAG,0.0,0.0,0,,3,Potential collapse,,,,,Potential collapse,,项目/功能；潜在失效模式；潜在失效后果,10,
1005,1005,Full-ΣMi残差模型,M1+M2+M3+M4,风险影响评估类,项目失效现象查后果,风险后果查询,,,简单,在项目/功能“Tower / Tower / Primary steelwork”中，故障现象“Plastic deformation”的潜在失效后果是什么？,Potential collapse,Potential collapse,正确,1.0,457.78,语义RAG,0.6667,1.0,0,,3,,,,,,Potential collapse,,项目/功能；潜在失效模式；潜在失效后果,21,
1006,1006,Full-ΣMi残差模型,M1+M2+M3+M4,风险影响评估类,项目失效现象查后果,风险后果查询,,,简单,在项目/功能“Tower / Tower / Primary steelwork”中，故障现象“Tower collapse”的潜在失效后果是什么？,Failure of whole facility and vast economic loses,失效后果 / FailureEffect / effect / result / consequence / 结果 / 后果 / 会怎样: Failure of whole facility and vast economic loses,正确,1.0,732.07,语义RAG,0.3333,1.0,0,,3,,,,,,Failure of whole facility and vast economic loses,,项目/功能；潜在失效模式；潜在失效后果,23,
1007,1007,Full-ΣMi残差模型,M1+M2+M3+M4,风险影响评估类,项目失效现象查后果,风险后果查询,,,简单,在项目/功能“Transition piece / Transition Piece / Primary structure & welding”中，故障现象“Transition piece break”的潜在失效后果是什么？,"Tower Unit collapse, Floater Unit damage","Tower Unit collapse, Floater Unit damage",正确,1.0,535.57,语义RAG,0.6667,1.0,0,,3,,,,,,"Tower Unit collapse, Floater Unit damage",,项目/功能；潜在失效模式；潜在失效后果,24,
1008,1008,Full-ΣMi残差模型,M1+M2+M3+M4,风险影响评估类,项目失效现象查后果,风险后果查询,,,简单,在项目/功能“Transition piece / Transition Piece / Primary structure”中，故障现象“Transition piece break”的潜在失效后果是什么？,"tension failure (rupture), buckling of the transition piece/ Tower unit damage","Tower Unit collapse, Floater Unit damage",错误,0.0,547.96,语义RAG,1.0,1.0,0,,3,"tension failure (rupture), buckling of the transition piece/ Tower unit damage",,,,,"tension failure (rupture), buckling of the transition piece/ Tower unit damage",,项目/功能；潜在失效模式；潜在失效后果,25,
1009,1009,Full-ΣMi残差模型,M1+M2+M3+M4,风险影响评估类,项目失效现象查后果,风险后果查询,,,简单,在项目/功能“Transition piece / Transition Piece / Primary stucture”中，故障现象“Structural plastic deformation”的潜在失效后果是什么？,Local stress accumulation,Local stress accumulation,正确,1.0,499.12,语义RAG,1.0,1.0,0,,3,,,,,,Local stress accumulation,,项目/功能；潜在失效模式；潜在失效后果,26,
1010,1010,Full-ΣMi残差模型,M1+M2+M3+M4,风险影响评估类,项目失效现象查后果,风险后果查询,,,简单,在项目/功能“Transition piece / Transition Piece / Primary structure & welding”中，故障现象“Cracks”的潜在失效后果是什么？,Tower transition piece connections failure / resonance,Tower transition piece connections failure,错误,0.0,497.17,语义RAG,1.0,1.0,0,,3,Tower transition piece connections failure / resonance,,,,,Tower transition piece connections failure / resonance,,项目/功能；潜在失效模式；潜在失效后果,27,
1011,1011,Full-ΣMi残差模型,M1+M2+M3+M4,风险影响评估类,项目失效现象查后果,风险后果查询,,,简单,在项目/功能“Transition piece / Transition Piece / Primary structure & welding”中，故障现象“Abnormal vibration”的潜在失效后果是什么？,potential tower connections failure,potential tower connections failure,正确,1.0,488.09,语义RAG,0.6667,1.0,0,,3,,,,,,potential tower connections failure,,项目/功能；潜在失效模式；潜在失效后果,29,
1012,1012,Full-ΣMi残差模型,M1+M2+M3+M4,风险影响评估类,项目失效现象查后果,风险后果查询,,,简单,在项目/功能“Transition piece / Transition Piece / Primary structure”中，故障现象“Cracks”的潜在失效后果是什么？,Tower transition piece connections failure,Tower transition piece connections failure,正确,1.0,483.24,语义RAG,1.0,1.0,0,,3,,,,,,Tower transition piece connections failure,,项目/功能；潜在失效模式；潜在失效后果,31,
1013,1013,Full-ΣMi残差模型,M1+M2+M3+M4,风险影响评估类,项目失效现象查后果,风险后果查询,,,简单,在项目/功能“Transition piece / Transition Piece / Welding”中，故障现象“Cracks”的潜在失效后果是什么？,potential tower connections failure,Tower transition piece connections failure,错误,0.0,461.72,语义RAG,1.0,0.0,0,,3,potential tower connections failure,,,,,potential tower connections failure,,项目/功能；潜在失效模式；潜在失效后果,33,
1014,1014,Full-ΣMi残差模型,M1+M2+M3+M4,风险影响评估类,项目失效现象查后果,风险后果查询,,,简单,在项目/功能“Floating support structure / Floating Support structure / All structures”中，故障现象“Capsize”的潜在失效后果是什么？,"Watertight fault, Potential Floater Unit sinkage",你提供的上下文中并没有提到“Capsize”这一故障现象及其对应的失效后果。根据给出的信息，“Floating support structure / Floating Support structure / All structures”这块中的故障现象是“Structural plastic deformation [11]”，其潜在失效后果是“Local stress accumulation”。因此，对于你的问题，答案是：上下文中没有关于“Capsize”的信息。,错误,0.0,1075.87,语义RAG,0.3333,0.0,0,,3,"Watertight fault, Potential Floater Unit sinkage",,,,,"Watertight fault, Potential Floater Unit sinkage",,项目/功能；潜在失效模式；潜在失效后果,45,
1015,1015,Full-ΣMi残差模型,M1+M2+M3+M4,风险影响评估类,项目失效现象查后果,风险后果查询,,,简单,在项目/功能“Floating support structure / Floating Support structure / Primary structure”中，故障现象“Capsize”的潜在失效后果是什么？,Project cancellation,不知道。上下文中的故障模式和失效后果并未提及“Capsize”这一具体故障现象及其对应的失效后果。,错误,0.0,587.16,语义RAG,0.3333,0.0,0,,3,Project cancellation,,,,,Project cancellation,,项目/功能；潜在失效模式；潜在失效后果,46,
1016,1016,Full-ΣMi残差模型,M1+M2+M3+M4,风险影响评估类,项目失效现象查后果,风险后果查询,,,简单,在项目/功能“Floating support structure / Floating Support structure / Secondary structure”中，故障现象“Additional Structures Failures”的潜在失效后果是什么？,Potential failure,你提到的“Floating support structure / Floating Support structure / Secondary structure”中的故障现象并不是“Additional Structures Failures”，而是其他故障模式。根据提供的上下文信息，在这个项目/功能位置有两个相关的FMEA条目： 1. 故障模式：Structural plastic deformation [11] 潜在失效后果：Local stress accumulation 2. 故障模式：Floater unit sinkage 潜在失效后果：Potential Failure/Asset damage Energy production loss 因此，对于“Floating support structure / Floating Support structure / Secondary structure”项目/功能中的故障现象“Structural plastic deformation [11]”，其潜在失效后果是Local stress accumulation；而对于“Floater unit sinkage”这一故障模式，其潜在失效后果是Potential Failure/Asset damage Energy production loss。,正确,1.0,1729.03,语义RAG,0.6667,1.0,0,,3,,,,,,Potential failure,,项目/功能；潜在失效模式；潜在失效后果,47,
1017,1017,Full-ΣMi残差模型,M1+M2+M3+M4,风险影响评估类,项目失效现象查后果,风险后果查询,,,简单,在项目/功能“Floating support structure / Floating Support structure / All structures”中，故障现象“Hit by dropped objects”的潜在失效后果是什么？,"Damage to the facility, vast economic loses","Damage to the facility, vast economic loses",正确,1.0,539.7,语义RAG,1.0,1.0,0,,3,,,,,,"Damage to the facility, vast economic loses",,项目/功能；潜在失效模式；潜在失效后果,48,
1018,1018,Full-ΣMi残差模型,M1+M2+M3+M4,风险影响评估类,项目失效现象查后果,风险后果查询,,,简单,在项目/功能“Floating support structure / Floating Support structure / All structures”中，故障现象“Structural break”的潜在失效后果是什么？,Structural reassessment,Local stress accumulation,错误,0.0,483.85,语义RAG,0.3333,0.0,0,,3,Structural reassessment,,,,,Structural reassessment,,项目/功能；潜在失效模式；潜在失效后果,49,
1019,1019,Full-ΣMi残差模型,M1+M2+M3+M4,风险影响评估类,项目失效现象查后果,风险后果查询,,,简单,在项目/功能“Floating support structure / Floating Support structure / Primary Structure”中，故障现象“Cracks”的潜在失效后果是什么？,Structural failure,Structural failure,正确,1.0,387.63,语义RAG,0.3333,1.0,0,,3,,,,,,Structural failure,,项目/功能；潜在失效模式；潜在失效后果,51,
1020,1020,Full-ΣMi残差模型,M1+M2+M3+M4,风险影响评估类,项目失效现象查后果,风险后果查询,,,简单,在项目/功能“Floating support structure / Floating Support structure / Primary structure & Welding”中，故障现象“Capsize”的潜在失效后果是什么？,Asset damage Energy production loss,你提供的上下文中并没有提到“Capsize”这一故障现象及其对应的失效后果。根据给出的信息，“Floating support structure / Floating Support structure / Primary structure & Welding”这块的最高风险条目是编号为FF7，其失效模式为Cracks，但没有找到与“Capsize”相关的内容。 因此，我无法回答在“Floating support structure / Floating Support structure / Primary structure & Welding”中，“Capsize”的潜在失效后果是什么。,错误,0.0,1125.27,语义RAG,0.0,0.0,0,,3,Asset damage Energy production loss,,,,,Asset damage Energy production loss,,项目/功能；潜在失效模式；潜在失效后果,52,
1021,1021,Full-ΣMi残差模型,M1+M2+M3+M4,风险影响评估类,项目失效现象查后果,风险后果查询,,,简单,在项目/功能“Floating support structure / Floating Support structure / Primary structure & Welding”中，故障现象“Cracks”的潜在失效后果是什么？,Structural failure,结构失败,错误,0.0,253.0,语义RAG,0.3333,1.0,0,,3,Structural failure,,,,,Structural failure,,项目/功能；潜在失效模式；潜在失效后果,53,
1022,1022,Full-ΣMi残差模型,M1+M2+M3+M4,风险影响评估类,项目失效现象查后果,风险后果查询,,,简单,在项目/功能“Floating support structure / Floating Support structure / All structures”中，故障现象“Cracks”的潜在失效后果是什么？,Structural failure,结构失败,错误,0.0,390.73,语义RAG,1.0,1.0,0,,3,Structural failure,,,,,Structural failure,,项目/功能；潜在失效模式；潜在失效后果,54,
1023,1023,Full-ΣMi残差模型,M1+M2+M3+M4,风险影响评估类,项目失效现象查后果,风险后果查询,,,简单,在项目/功能“Floating support structure / Floating Support structure / Secondary structure”中，故障现象“Watertight fault”的潜在失效后果是什么？,Potential Failure/Asset damage Energy production loss,资产损坏、能源生产损失/降低稳定性,错误,0.0,551.4,语义RAG,0.6667,1.0,0,,3,Potential Failure/Asset damage Energy production loss,,,,,Potential Failure/Asset damage Energy production loss,,项目/功能；潜在失效模式；潜在失效后果,57,
1024,1024,Full-ΣMi残差模型,M1+M2+M3+M4,风险影响评估类,项目失效现象查后果,风险后果查询,,,简单,在项目/功能“Floating support structure / Floating Support structure / Secondary structure”中，故障现象“Floater unit sinkage”的潜在失效后果是什么？,Potential Failure/Asset damage Energy production loss,Potential Failure/Asset damage Energy production loss,正确,1.0,533.48,语义RAG,1.0,1.0,0,,3,,,,,,Potential Failure/Asset damage Energy production loss,,项目/功能；潜在失效模式；潜在失效后果,58,
1025,1025,Full-ΣMi残差模型,M1+M2+M3+M4,风险影响评估类,项目失效现象查后果,风险后果查询,,,简单,在项目/功能“Floating support structure / Floating Support structure / All structures”中，故障现象“Structural plastic deformation”的潜在失效后果是什么？,Local stress accumulation,Local stress accumulation,正确,1.0,458.09,语义RAG,1.0,1.0,0,,3,,,,,,Local stress accumulation,,项目/功能；潜在失效模式；潜在失效后果,59,
1026,1026,Full-ΣMi残差模型,M1+M2+M3+M4,风险影响评估类,项目失效现象查后果,风险后果查询,,,简单,在项目/功能“Floating support structure / Floating Support structure / All structures”中，故障现象“Watertight fault”的潜在失效后果是什么？,"If these cracks propagate through the wall and lie under water or within the splash zone, then they constitute a risk to the watertightness.",资产损坏、能源生产损失/减少稳定性,错误,0.0,529.35,语义RAG,1.0,0.0,0,,3,"If these cracks propagate through the wall and lie under water or within the splash zone, then they constitute a risk to the watertightness.",,,,,"If these cracks propagate through the wall and lie under water or within the splash zone, then they constitute a risk to the watertightness.",,项目/功能；潜在失效模式；潜在失效后果,62,
1027,1027,Full-ΣMi残差模型,M1+M2+M3+M4,风险影响评估类,项目失效现象查后果,风险后果查询,,,简单,在项目/功能“Floating support structure / Floating Support structure / Secondary structure”中，故障现象“Structural break”的潜在失效后果是什么？,Asset damage Energy production loss/reduced stability,你询问的故障现象“Structural break”并不直接出现在给定的上下文中。最接近的是“Floater unit sinkage”，其对应的失效后果是“Potential Failure/Asset damage Energy production loss”。因此，根据提供的信息，没有明确指出“Structural break”的潜在失效后果。,错误,0.0,963.46,语义RAG,0.3333,0.0,0,,3,Asset damage Energy production loss/reduced stability,,,,,Asset damage Energy production loss/reduced stability,,项目/功能；潜在失效模式；潜在失效后果,66,
1028,1028,Full-ΣMi残差模型,M1+M2+M3+M4,风险影响评估类,项目失效现象查后果,风险后果查询,,,简单,在项目/功能“Floating support structure / Floating Support structure / Primary structure & Welding”中，故障现象“Structural break”的潜在失效后果是什么？,Tower collapse,你询问的项目/功能位置并不完全匹配上下文中的任何一个条目。根据提供的信息，“Floating support structure / Floating Support structure / Primary structure & Welding”这个具体的位置没有直接对应的失效模式和失效后果记录。 但是，根据最接近的相关信息，在“Floating support structure / Floating Support structure / All structures”中提到的故障现象是“Structural plastic deformation [11]”，其潜在失效后果为“Local stress accumulation”。 因此，如果要推测在你询问的位置可能的失效后果，可以参考这个例子。但请注意，这并不是直接从给定上下文中提取的信息。 若需要准确答案，请提供与问题完全匹配的项目/功能位置信息。,错误,0.0,1481.88,语义RAG,0.0,0.0,0,,3,Tower collapse,,,,,Tower collapse,,项目/功能；潜在失效模式；潜在失效后果,68,
1029,1029,Full-ΣMi残差模型,M1+M2+M3+M4,风险影响评估类,项目失效现象查后果,风险后果查询,,,简单,在项目/功能“Floating support structure / Floating Support structure / All structures”中，故障现象“Floater unit sinkage”的潜在失效后果是什么？,Potential Failure/Asset damage Energy production loss,Potential Failure/Asset damage Energy production loss,正确,1.0,506.64,语义RAG,1.0,1.0,0,,3,,,,,,Potential Failure/Asset damage Energy production loss,,项目/功能；潜在失效模式；潜在失效后果,69,
1030,1030,Full-ΣMi残差模型,M1+M2+M3+M4,风险影响评估类,项目失效现象查后果,风险后果查询,,,简单,在项目/功能“Floating support structure / Floating Support structure / All structures & Welding”中，故障现象“Structural break”的潜在失效后果是什么？,"Watertight fault, Potential Floater Unit sinkage",在项目/功能“Floating support structure / Floating Support structure / All structures & Welding”中，故障现象“Structural plastic deformation [11]”的潜在失效后果是Local stress accumulation。但是根据问题描述的故障现象为“Structural break”，在给定的上下文中没有直接匹配到该故障现象的具体信息。因此，无法直接从提供的信息中得出确切的答案。,错误,0.0,1158.77,语义RAG,0.0,0.0,0,,3,"Watertight fault, Potential Floater Unit sinkage",,,,,"Watertight fault, Potential Floater Unit sinkage",,项目/功能；潜在失效模式；潜在失效后果,72,
1031,1031,Full-ΣMi残差模型,M1+M2+M3+M4,风险影响评估类,项目失效现象查后果,风险后果查询,,,简单,在项目/功能“Floating support structure / Floating Support structure / Secondary structure & Welding”中，故障现象“Watertight fault”的潜在失效后果是什么？,Reduced stability,资产损坏、能源生产损失/减少稳定性。,错误,0.0,507.65,语义RAG,0.6667,1.0,0,,3,Reduced stability,,,,,Reduced stability,,项目/功能；潜在失效模式；潜在失效后果,73,
1032,1032,Full-ΣMi残差模型,M1+M2+M3+M4,风险影响评估类,项目失效现象查后果,风险后果查询,,,简单,在项目/功能“Floating support structure / Floating Support structure / Welding”中，故障现象“Cracks”的潜在失效后果是什么？,Watertight fault,Structural failure,错误,0.0,465.26,语义RAG,0.3333,1.0,0,,3,Watertight fault,,,,,Watertight fault,,项目/功能；潜在失效模式；潜在失效后果,74,
1033,1033,Full-ΣMi残差模型,M1+M2+M3+M4,风险影响评估类,项目失效现象查后果,风险后果查询,,,简单,在项目/功能“Station keeping / Anchor”中，故障现象“Anchor failure”的潜在失效后果是什么？,Anchor failure,Anchor failure,正确,1.0,467.6,语义RAG,1.0,1.0,0,,3,,,,,,Anchor failure,,项目/功能；潜在失效模式；潜在失效后果,75,
1034,1034,Full-ΣMi残差模型,M1+M2+M3+M4,风险影响评估类,项目失效现象查后果,风险后果查询,,,简单,在项目/功能“Station keeping / Fairlead”中，故障现象“Fairlead failure”的潜在失效后果是什么？,The anchor cannot be dropped and lift,我不知道。上下文中的项目/功能是“Station keeping / Anchor (AC)”，没有涉及“Station keeping / Fairlead”。,错误,0.0,510.09,语义RAG,0.0,0.0,0,,3,The anchor cannot be dropped and lift,,,,,The anchor cannot be dropped and lift,,项目/功能；潜在失效模式；潜在失效后果,79,
1035,1035,Full-ΣMi残差模型,M1+M2+M3+M4,风险影响评估类,项目失效现象查后果,风险后果查询,,,简单,在项目/功能“Station keeping / Monitoring System”中，故障现象“Monitoring system fails”的潜在失效后果是什么？,Unable to monitor tension in the mooring lines,我不知道。上下文中的故障现象是“Anchor failure”，而不是“Monitoring system fails”。,错误,0.0,434.23,语义RAG,0.0,0.0,0,,3,Unable to monitor tension in the mooring lines,,,,,Unable to monitor tension in the mooring lines,,项目/功能；潜在失效模式；潜在失效后果,81,
1036,1036,Full-ΣMi残差模型,M1+M2+M3+M4,风险影响评估类,项目失效现象查后果,风险后果查询,,,简单,在项目/功能“Station keeping / Mooring Lines / Mooring lines”中，故障现象“Mooring line breakage”的潜在失效后果是什么？,Mooring line strength decrease or broken,Mooring line strength decrease or broken,正确,1.0,511.72,语义RAG,0.6667,1.0,0,,3,,,,,,Mooring line strength decrease or broken,,项目/功能；潜在失效模式；潜在失效后果,82,
1037,1037,Full-ΣMi残差模型,M1+M2+M3+M4,风险影响评估类,项目失效现象查后果,风险后果查询,,,简单,在项目/功能“Station keeping / Mooring Lines / Mooring lines”中，故障现象“Mooring Line Corrosion”的潜在失效后果是什么？,Mooring line strength decrease or broken,Mooring line strength decrease or broken,正确,1.0,641.45,语义RAG,0.3333,1.0,0,,3,,,,,,Mooring line strength decrease or broken,,项目/功能；潜在失效模式；潜在失效后果,85,
1038,1038,Full-ΣMi残差模型,M1+M2+M3+M4,风险影响评估类,项目失效现象查后果,风险后果查询,,,简单,在项目/功能“Station keeping / Mooring Lines / Mooring lines”中，故障现象“Mooring Line Fatigue”的潜在失效后果是什么？,Mooring line strength decrease or broken,Mooring line strength decrease or broken,正确,1.0,330.74,语义RAG,0.3333,1.0,0,,3,,,,,,Mooring line strength decrease or broken,,项目/功能；潜在失效模式；潜在失效后果,86,
1039,1039,Full-ΣMi残差模型,M1+M2+M3+M4,风险影响评估类,项目失效现象查后果,风险后果查询,,,简单,在项目/功能“Station keeping / Mooring Lines / Mooring lines”中，故障现象“Mooring line wear”的潜在失效后果是什么？,Mooring line strength decrease or broken,Mooring line strength decrease or broken,正确,1.0,568.42,语义RAG,1.0,1.0,0,,3,,,,,,Mooring line strength decrease or broken,,项目/功能；潜在失效模式；潜在失效后果,88,
1040,1040,Full-ΣMi残差模型,M1+M2+M3+M4,风险影响评估类,项目失效现象查后果,风险后果查询,,,简单,在项目/功能“Station keeping / Mooring lines / Mooring lines”中，故障现象“Mooring lines broken”的潜在失效后果是什么？,Asset not in correct location or position,资产未处于正确位置,错误,0.0,500.0,语义RAG,0.3333,1.0,0,,3,Asset not in correct location or position,,,,,Asset not in correct location or position,,项目/功能；潜在失效模式；潜在失效后果,91,
1041,1041,Full-ΣMi残差模型,M1+M2+M3+M4,风险影响评估类,项目失效现象查后果,风险后果查询,,,简单,在项目/功能“Station keeping / Mooring lines / Mooring winch”中，故障现象“Mooring winch failure”的潜在失效后果是什么？,Asset not in correct location or position,Asset not in correct location or position,正确,1.0,547.55,语义RAG,1.0,1.0,0,,3,,,,,,Asset not in correct location or position,,项目/功能；潜在失效模式；潜在失效后果,95,
1042,1042,Full-ΣMi残差模型,M1+M2+M3+M4,风险影响评估类,项目失效现象查后果,风险后果查询,,,简单,在项目/功能“Dynamic cable / Dynamic Cable / Dynamic Cable”中，故障现象“accelerated mechanical fatigue”的潜在失效后果是什么？,Structural damage - cable composition weakening,结构损伤 - 导线组成减弱,错误,0.0,536.01,语义RAG,1.0,1.0,0,,3,Structural damage - cable composition weakening,,,,,Structural damage - cable composition weakening,,项目/功能；潜在失效模式；潜在失效后果,97,
1043,1043,Full-ΣMi残差模型,M1+M2+M3+M4,风险影响评估类,项目失效现象查后果,风险后果查询,,,简单,在项目/功能“Dynamic cable / Dynamic Cable / Dynamic Cable”中，故障现象“anchoring damages”的潜在失效后果是什么？,Structural integrity damage - extra stress on cables,结构完整性损坏 - 对电缆施加额外应力,错误,0.0,522.21,语义RAG,1.0,1.0,0,,3,Structural integrity damage - extra stress on cables,,,,,Structural integrity damage - extra stress on cables,,项目/功能；潜在失效模式；潜在失效后果,98,
1044,1044,Full-ΣMi残差模型,M1+M2+M3+M4,风险影响评估类,项目失效现象查后果,风险后果查询,,,简单,在项目/功能“Dynamic cable / Dynamic Cable / Dynamic Cable”中，故障现象“Cable Damage”的潜在失效后果是什么？,Operational disruption,在项目/功能“Dynamic cable / Dynamic Cable / Dynamic Cable”中，“Cable Damage”的潜在失效后果是Structural damage - cable weakening。,错误,0.0,626.25,语义RAG,0.6667,0.0,0,,3,Operational disruption,,,,,Operational disruption,,项目/功能；潜在失效模式；潜在失效后果,99,
1045,1045,Full-ΣMi残差模型,M1+M2+M3+M4,风险影响评估类,项目失效现象查后果,风险后果查询,,,简单,在项目/功能“Dynamic cable / Dynamic Cable / J-tube”中，故障现象“Corrosion of J-tube”的潜在失效后果是什么？,J-tube degradation affecting cable integrity,J-tube degradation affecting cable integrity,正确,1.0,535.8,语义RAG,1.0,1.0,0,,3,,,,,,J-tube degradation affecting cable integrity,,项目/功能；潜在失效模式；潜在失效后果,100,
1046,1046,Full-ΣMi残差模型,M1+M2+M3+M4,风险影响评估类,项目失效现象查后果,风险后果查询,,,简单,在项目/功能“Dynamic cable / Dynamic Cable / Dynamic Cable”中，故障现象“Crushing or deformation”的潜在失效后果是什么？,Structural damage - cable weakening,结构损伤 - 电缆削弱,错误,0.0,491.66,语义RAG,1.0,1.0,0,,3,Structural damage - cable weakening,,,,,Structural damage - cable weakening,,项目/功能；潜在失效模式；潜在失效后果,102,
1047,1047,Full-ΣMi残差模型,M1+M2+M3+M4,风险影响评估类,项目失效现象查后果,风险后果查询,,,简单,在项目/功能“Dynamic cable / Dynamic Cable / Hang-off”中，故障现象“damage and corrosion of mechanical parts”的潜在失效后果是什么？,High risk of fault on the cable - total loss of the line Prodution loss on the string,高风险的电缆故障 - 线路完全损失 生产损失在串上,错误,0.0,607.7,语义RAG,0.6667,1.0,0,,3,High risk of fault on the cable - total loss of the line Prodution loss on the string,,,,,High risk of fault on the cable - total loss of the line Prodution loss on the string,,项目/功能；潜在失效模式；潜在失效后果,103,
1048,1048,Full-ΣMi残差模型,M1+M2+M3+M4,风险影响评估类,项目失效现象查后果,风险后果查询,,,简单,在项目/功能“Dynamic cable / Dynamic Cable / Dynamic Cable”中，故障现象“Debris disturbance”的潜在失效后果是什么？,Cable damage - operational disruption,你提到的故障现象“Debris disturbance”并未出现在提供的上下文中，而上下文中的相关故障现象包括“Crushing or deformation”、“Cable Damage”和“Fatigue Cracks”。因此，根据提供的信息，无法回答该问题。,错误,0.0,914.89,语义RAG,1.0,0.0,0,,3,Cable damage - operational disruption,,,,,Cable damage - operational disruption,,项目/功能；潜在失效模式；潜在失效后果,104,
1049,1049,Full-ΣMi残差模型,M1+M2+M3+M4,风险影响评估类,项目失效现象查后果,风险后果查询,,,简单,在项目/功能“Dynamic cable / Dynamic Cable / Dynamic Cable”中，故障现象“Detachment”的潜在失效后果是什么？,cable disconnection - water penetration - Power loss,你提供的上下文中并没有提到“Detachment”这一故障现象及其对应的失效后果。根据给出的信息，“Dynamic cable / Dynamic Cable / Dynamic Cable”项目的故障模式包括“Crushing or deformation”和“Fatigue Cracks”，但没有包含“Detachment”。因此，基于当前的上下文信息，我无法回答这个问题。,错误,0.0,969.62,语义RAG,0.6667,0.0,0,,3,cable disconnection - water penetration - Power loss,,,,,cable disconnection - water penetration - Power loss,,项目/功能；潜在失效模式；潜在失效后果,105,
1050,1050,Full-ΣMi残差模型,M1+M2+M3+M4,风险影响评估类,项目失效现象查后果,风险后果查询,,,简单,在项目/功能“Dynamic cable / Dynamic Cable / Joints and terminations”中，故障现象“Failure of end termination”的潜在失效后果是什么？,breakdown of insulation,breakdown of insulation,正确,1.0,518.42,语义RAG,0.6667,1.0,0,,3,,,,,,breakdown of insulation,,项目/功能；潜在失效模式；潜在失效后果,106,
1051,1051,Full-ΣMi残差模型,M1+M2+M3+M4,风险影响评估类,项目失效现象查后果,风险后果查询,,,简单,在项目/功能“Dynamic cable / Dynamic Cable / Dynamic Cable”中，故障现象“Failure of fixing clamps”的潜在失效后果是什么？,Cable damage - exposure to elements,Cable damage - exposure to elements,正确,1.0,496.16,语义RAG,1.0,1.0,0,,3,,,,,,Cable damage - exposure to elements,,项目/功能；潜在失效模式；潜在失效后果,109,
1052,1052,Full-ΣMi残差模型,M1+M2+M3+M4,风险影响评估类,项目失效现象查后果,风险后果查询,,,简单,在项目/功能“Dynamic cable / Dynamic Cable / Insulation”中，故障现象“Failure of insulations”的潜在失效后果是什么？,Fault in the cable - power disruption,Fault in the cable - power disruption,正确,1.0,468.4,语义RAG,0.6667,1.0,0,,3,,,,,,Fault in the cable - power disruption,,项目/功能；潜在失效模式；潜在失效后果,110,
1053,1053,Full-ΣMi残差模型,M1+M2+M3+M4,风险影响评估类,项目失效现象查后果,风险后果查询,,,简单,在项目/功能“Dynamic cable / Dynamic Cable / Sheath”中，故障现象“Failure of sheath”的潜在失效后果是什么？,Fault in the cable - exposure to elements,Fault in the cable - exposure to elements,正确,1.0,472.59,语义RAG,0.6667,1.0,0,,3,,,,,,Fault in the cable - exposure to elements,,项目/功能；潜在失效模式；潜在失效后果,111,
1054,1054,Full-ΣMi残差模型,M1+M2+M3+M4,风险影响评估类,项目失效现象查后果,风险后果查询,,,简单,在项目/功能“Dynamic cable / Dynamic Cable / Dynamic Cable”中，故障现象“Failure of watertightness”的潜在失效后果是什么？,Reduced or interupted electricity flow,Reduced or interupted electricity flow,正确,1.0,532.79,语义RAG,1.0,1.0,0,,3,,,,,,Reduced or interupted electricity flow,,项目/功能；潜在失效模式；潜在失效后果,112,
1055,1055,Full-ΣMi残差模型,M1+M2+M3+M4,风险影响评估类,项目失效现象查后果,风险后果查询,,,简单,在项目/功能“Dynamic cable / Dynamic Cable / Conductor”中，故障现象“failures of conductors”的潜在失效后果是什么？,Electrical faults - loss of production,Electrical faults - loss of production,正确,1.0,484.25,语义RAG,0.6667,1.0,0,,3,,,,,,Electrical faults - loss of production,,项目/功能；潜在失效模式；潜在失效后果,114,
1056,1056,Full-ΣMi残差模型,M1+M2+M3+M4,风险影响评估类,项目失效现象查后果,风险后果查询,,,简单,在项目/功能“Dynamic cable / Dynamic Cable / Dynamic Cable”中，故障现象“Fatigue Cracks”的潜在失效后果是什么？,Crack may evolve in a fault of the cable - Cable weakening,失效后果 / FailureEffect / effect / result / consequence / 结果 / 后果 / 会怎样: Crack may evolve in a fault of the cable - Cable weakening,正确,1.0,735.21,语义RAG,0.6667,1.0,0,,3,,,,,,Crack may evolve in a fault of the cable - Cable weakening,,项目/功能；潜在失效模式；潜在失效后果,115,
1057,1057,Full-ΣMi残差模型,M1+M2+M3+M4,风险影响评估类,项目失效现象查后果,风险后果查询,,,简单,在项目/功能“Dynamic cable / Dynamic Cable / Dynamic Cable”中，故障现象“Geo-Hazards”的潜在失效后果是什么？,"Cable damage, production disruption",你提到的“Geo-Hazards”并未出现在提供的上下文中，而根据你的描述和上下文内容，动态电缆的相关故障模式包括“Crushing or deformation”和“Fatigue Cracks”。因此，按照问题的要求，我将直接回答与“Dynamic cable / Dynamic Cable / Dynamic Cable”相关的潜在失效后果。 - 对于“Crushing or deformation”的失效后果是“Structural damage - cable weakening”。 - 对于“Fatigue Cracks”的失效后果是“Crack may evolve in a fault of the cable - Cable weakening”。 若需查询特定的“Geo-Hazards”故障现象，请提供更详细的信息或确认故障模式。,错误,0.0,1551.35,语义RAG,0.6667,0.0,0,,3,"Cable damage, production disruption",,,,,"Cable damage, production disruption",,项目/功能；潜在失效模式；潜在失效后果,116,
1058,1058,Full-ΣMi残差模型,M1+M2+M3+M4,风险影响评估类,项目失效现象查后果,风险后果查询,,,简单,在项目/功能“Dynamic cable / Dynamic Cable / Dynamic Cable”中，故障现象“Loss of dynamic positioning”的潜在失效后果是什么？,Cables stress,失效后果 / FailureEffect: Cables stress,正确,1.0,541.22,语义RAG,1.0,1.0,0,,3,,,,,,Cables stress,,项目/功能；潜在失效模式；潜在失效后果,117,
1059,1059,Full-ΣMi残差模型,M1+M2+M3+M4,风险影响评估类,项目失效现象查后果,风险后果查询,,,简单,在项目/功能“Dynamic cable / Dynamic Cable / Dynamic Cable”中，故障现象“material degradation”的潜在失效后果是什么？,Weakening of cable materials - loss of production,失效后果 / FailureEffect / effect / result / consequence / 结果 / 后果 / 会怎样: Weakening of cable materials - loss of production,正确,1.0,738.87,语义RAG,0.3333,1.0,0,,3,,,,,,Weakening of cable materials - loss of production,,项目/功能；潜在失效模式；潜在失效后果,119,
1060,1060,Full-ΣMi残差模型,M1+M2+M3+M4,风险影响评估类,项目失效现象查后果,风险后果查询,,,简单,在项目/功能“Dynamic cable / Dynamic Cable / Cable Protection System”中，故障现象“Movement of CPS due to scour/seabed mobility”的潜在失效后果是什么？,Cable being vulnerable to scour and need for repair or replacement,Cable being vulnerable to scour and need for repair or replacement,正确,1.0,577.02,语义RAG,1.0,1.0,0,,3,,,,,,Cable being vulnerable to scour and need for repair or replacement,,项目/功能；潜在失效模式；潜在失效后果,121,
1061,1061,Full-ΣMi残差模型,M1+M2+M3+M4,风险影响评估类,项目失效现象查后果,风险后果查询,,,简单,在项目/功能“Dynamic cable / Dynamic Cable / Dynamic Cable”中，故障现象“Premature damage of outer protection layer”的潜在失效后果是什么？,"Structural damage - cable weakening, exposure to elements",结构损伤 - 电缆削弱，暴露于自然环境中,错误,0.0,547.1,语义RAG,0.3333,1.0,0,,3,"Structural damage - cable weakening, exposure to elements",,,,,"Structural damage - cable weakening, exposure to elements",,项目/功能；潜在失效模式；潜在失效后果,124,
1062,1062,Full-ΣMi残差模型,M1+M2+M3+M4,风险影响评估类,项目失效现象查后果,风险后果查询,,,简单,在项目/功能“Dynamic cable / Dynamic Cable / Static cable/Export Cable”中，故障现象“Reduced sediment cover lower than designed value for protection”的潜在失效后果是什么？,"need for re-burial, change of cable protection requirement or even replacement of cable",需要重新埋设电缆、改变电缆保护要求或甚至更换电缆。,错误,0.0,607.17,语义RAG,1.0,1.0,0,,3,"need for re-burial, change of cable protection requirement or even replacement of cable",,,,,"need for re-burial, change of cable protection requirement or even replacement of cable",,项目/功能；潜在失效模式；潜在失效后果,125,
1063,1063,Full-ΣMi残差模型,M1+M2+M3+M4,风险影响评估类,项目失效现象查后果,风险后果查询,,,简单,在项目/功能“Dynamic cable / Dynamic Cable / Dynamic Cable (Touchdown point)”中，故障现象“Reduced sediment cover lower than designed value for protection”的潜在失效后果是什么？,"need for re-burial, change of cable protection requirement or even replacement of cable",需要重新埋设电缆、改变电缆保护要求或甚至更换电缆。,错误,0.0,585.28,语义RAG,1.0,1.0,0,,3,"need for re-burial, change of cable protection requirement or even replacement of cable",,,,,"need for re-burial, change of cable protection requirement or even replacement of cable",,项目/功能；潜在失效模式；潜在失效后果,126,
1064,1064,Full-ΣMi残差模型,M1+M2+M3+M4,风险影响评估类,项目失效现象查后果,风险后果查询,,,简单,在项目/功能“Dynamic cable / Dynamic Cable / Dynamic Cable”中，故障现象“Small bending radius”的潜在失效后果是什么？,Cable damage - insulation degradation,Cable damage - insulation degradation,正确,1.0,500.06,语义RAG,1.0,1.0,0,,3,,,,,,Cable damage - insulation degradation,,项目/功能；潜在失效模式；潜在失效后果,128,
1065,1065,Full-ΣMi残差模型,M1+M2+M3+M4,风险影响评估类,fmea_id_to_risk_profile,风险后果查询,,,中等,FMEA编号TO1的S、O、D、RPN分别是多少？,S=4.4；O=3；D=2.5；RPN=33.33。,不知道。上下文中的FMEA编号没有FF01，只有FF15、FF30和FF16。,错误,0.0,678.45,语义RAG,0.0,0.25,0,,3,,4.4；3.0；2.5；33.33,,,,,4.4；3.0；2.5；33.33,FMEA编号；严酷度(S)；发生度(O)；可探测度(D)；风险优先数(RPN),0,
1066,1066,Full-ΣMi残差模型,M1+M2+M3+M4,风险影响评估类,fmea_id_to_risk_profile,风险后果查询,,,中等,FMEA编号TO2这条记录的风险分和SOD给我看一下。,S=4.4；O=3；D=2.5；RPN=33.33。,"你提供的上下文中并没有找到FMEA编号为TO2的记录，因此无法提供该条记录的风险分和SOD信息。根据现有内容，可以查看其他编号的记录风险分和SOD如下： 1. FF15: 风险优先数 (RPN) - 24.17, 严重度 (S) - 4.43, 发生度 (O) - 2, 可探测度 (D) - 3 2. FF16: 风险优先数 (RPN) - 37.2, 严重度 (S) - 4.5, 发生度 (O) - 2.33, 可探测度 (D) - 3 3. DC6: 风险优先数 (RPN) - 24, 严重度 (S) - 3.8, 发生度 (O) - 1.8, 可探测度 (D) - 3.2",错误,0.25,2112.83,语义RAG,0.0,0.25,0,,3,,4.4；2.5；33.33,3.0；3.0；3.0,,,,4.4；3.0；2.5；33.33,FMEA编号；严酷度(S)；发生度(O)；可探测度(D)；风险优先数(RPN),1,
1067,1067,Full-ΣMi残差模型,M1+M2+M3+M4,风险影响评估类,fmea_id_to_risk_profile,风险后果查询,,,中等,查一下FMEA编号TO3的严重度S、发生度O、探测度D和RPN。,S=3.75；O=2.2；D=3；RPN=12.67。,不知道。上下文中的FMEA编号没有TO3的相关信息。,错误,0.25,528.73,语义RAG,0.0,0.5,0,,3,,3.75；2.2；12.67,3.0,,,,3.75；2.2；3.0；12.67,FMEA编号；严酷度(S)；发生度(O)；可探测度(D)；风险优先数(RPN),2,
1068,1068,Full-ΣMi残差模型,M1+M2+M3+M4,风险影响评估类,fmea_id_to_risk_profile,风险后果查询,,,中等,FMEA编号TO4这条FMEA风险画像是什么，后果和RPN是多少？,潜在失效后果：Potential collapse；RPN=31。,不知道。上下文中的FMEA编号均为FF15、FF18和FF16，并未包含TO4这个编号的FMEA风险画像。,错误,0.0,701.72,语义RAG,0.0,0.0,0,,3,Potential collapse,31.0,,,,Potential collapse,31.0,FMEA编号；潜在失效后果；风险优先数(RPN),3,
1069,1069,Full-ΣMi残差模型,M1+M2+M3+M4,风险影响评估类,fmea_id_to_risk_profile,风险后果查询,,,中等,FMEA编号TO5这条记录，影响是什么，风险优先数是多少？,潜在失效后果：Failure of whole facility and vast economic loses；RPN=26。,不知道。上下文中的FMEA编号没有TO5这一条记录。,错误,0.0,549.26,语义RAG,0.0,0.5,0,,3,Failure of whole facility and vast economic loses,26.0,,,,Failure of whole facility and vast economic loses,26.0,FMEA编号；潜在失效后果；风险优先数(RPN),4,
1070,1070,Full-ΣMi残差模型,M1+M2+M3+M4,风险影响评估类,fmea_id_to_risk_profile,风险后果查询,,,中等,FMEA编号TO6的S、O、D、RPN分别是多少？,S=4.4；O=2.6；D=3.2；RPN=25.25。,不知道。上下文中的FMEA编号没有TO6的相关信息。,错误,0.0,542.59,语义RAG,0.0,0.25,0,,3,,4.4；2.6；3.2；25.25,,,,,4.4；2.6；3.2；25.25,FMEA编号；严酷度(S)；发生度(O)；可探测度(D)；风险优先数(RPN),5,
1071,1071,Full-ΣMi残差模型,M1+M2+M3+M4,风险影响评估类,fmea_id_to_risk_profile,风险后果查询,,,中等,FMEA编号TO7这条记录的风险分和SOD给我看一下。,S=4.4；O=2.8；D=3.2；RPN=30。,不知道。上下文中的FMEA编号没有TO7这一条记录。,错误,0.0,476.2,语义RAG,0.0,0.25,0,,3,,4.4；2.8；3.2；30.0,,,,,4.4；2.8；3.2；30.0,FMEA编号；严酷度(S)；发生度(O)；可探测度(D)；风险优先数(RPN),6,
1072,1072,Full-ΣMi残差模型,M1+M2+M3+M4,风险影响评估类,fmea_id_to_risk_profile,风险后果查询,,,中等,查一下FMEA编号TO8的严重度S、发生度O、探测度D和RPN。,S=4；O=2.25；D=3.67；RPN=21.8。,不知道。上下文中的FMEA编号没有TO8的相关信息。,错误,0.0,598.51,语义RAG,0.0,0.25,0,,3,,4.0；2.25；3.67；21.8,,,,,4.0；2.25；3.67；21.8,FMEA编号；严酷度(S)；发生度(O)；可探测度(D)；风险优先数(RPN),7,
1073,1073,Full-ΣMi残差模型,M1+M2+M3+M4,风险影响评估类,fmea_id_to_risk_profile,风险后果查询,,,中等,FMEA编号TO9这条FMEA风险画像是什么，后果和RPN是多少？,潜在失效后果：Potential collapse；RPN=38。,不知道。上下文中的FMEA编号没有提到TO9这个编号。,错误,0.0,536.19,语义RAG,0.0,0.0,0,,3,Potential collapse,38.0,,,,Potential collapse,38.0,FMEA编号；潜在失效后果；风险优先数(RPN),8,
1074,1074,Full-ΣMi残差模型,M1+M2+M3+M4,风险影响评估类,fmea_id_to_risk_profile,风险后果查询,,,中等,FMEA编号TO10这条记录，影响是什么，风险优先数是多少？,潜在失效后果：Potential collapse；RPN=40。,不知道。上下文中的FMEA编号没有TO10的记录。,错误,0.0,559.14,语义RAG,0.0,0.0,0,,3,Potential collapse,40.0,,,,Potential collapse,40.0,FMEA编号；潜在失效后果；风险优先数(RPN),9,
1075,1075,Full-ΣMi残差模型,M1+M2+M3+M4,风险影响评估类,fmea_id_to_risk_profile,风险后果查询,,,中等,FMEA编号TO11的S、O、D、RPN分别是多少？,S=4；O=2.25；D=3.67；RPN=33.33。,不知道。上下文中的FMEA编号没有提到TO11这个编号。,错误,0.0,568.85,语义RAG,0.0,0.0,0,,3,,4.0；2.25；3.67；33.33,,,,,4.0；2.25；3.67；33.33,FMEA编号；严酷度(S)；发生度(O)；可探测度(D)；风险优先数(RPN),10,
1076,1076,Full-ΣMi残差模型,M1+M2+M3+M4,风险影响评估类,fmea_id_to_risk_profile,风险后果查询,,,中等,FMEA编号TO12这条记录的风险分和SOD给我看一下。,S=4；O=2.8；D=3.75；RPN=30。,"不知道。上下文中的FMEA编号为FF15, FF16和DC6，没有找到编号为TO12的记录。",错误,0.0,630.68,语义RAG,0.0,0.0,0,,3,,4.0；2.8；3.75；30.0,,,,,4.0；2.8；3.75；30.0,FMEA编号；严酷度(S)；发生度(O)；可探测度(D)；风险优先数(RPN),11,
1077,1077,Full-ΣMi残差模型,M1+M2+M3+M4,风险影响评估类,fmea_id_to_risk_profile,风险后果查询,,,中等,查一下FMEA编号TO13的严重度S、发生度O、探测度D和RPN。,S=3.75；O=3；D=2.67；RPN=40.75。,不知道。上下文中的FMEA编号没有TO13的相关信息。,错误,0.0,558.96,语义RAG,0.0,0.25,0,,3,,3.75；3.0；2.67；40.75,,,,,3.75；3.0；2.67；40.75,FMEA编号；严酷度(S)；发生度(O)；可探测度(D)；风险优先数(RPN),12,
1078,1078,Full-ΣMi残差模型,M1+M2+M3+M4,风险影响评估类,fmea_id_to_risk_profile,风险后果查询,,,中等,FMEA编号TO14这条FMEA风险画像是什么，后果和RPN是多少？,潜在失效后果：Potential collapse；RPN=33.5。,不知道。上下文中的FMEA编号均为FF15、FF18和FF16，并未包含TO14的相关信息。,错误,0.0,684.75,语义RAG,0.0,0.0,0,,3,Potential collapse,33.5,,,,Potential collapse,33.5,FMEA编号；潜在失效后果；风险优先数(RPN),13,
1079,1079,Full-ΣMi残差模型,M1+M2+M3+M4,风险影响评估类,fmea_id_to_risk_profile,风险后果查询,,,中等,FMEA编号TO15这条记录，影响是什么，风险优先数是多少？,潜在失效后果：Potential collapse；RPN=30。,不知道。上下文中的FMEA编号没有TO15的记录。,错误,0.0,547.13,语义RAG,0.0,0.0,0,,3,Potential collapse,30.0,,,,Potential collapse,30.0,FMEA编号；潜在失效后果；风险优先数(RPN),14,
1080,1080,Full-ΣMi残差模型,M1+M2+M3+M4,风险影响评估类,fmea_id_to_risk_profile,风险后果查询,,,中等,FMEA编号TO16的S、O、D、RPN分别是多少？,S=4.25；O=1.75；D=3；RPN=26。,你询问的是FMEA编号FF16的相关信息，其严重度(S)、发生度(O)、可探测度(D)和风险优先数(RPN)分别为：4.5、2.33、3、37.2。,错误,0.25,852.57,语义RAG,0.0,0.25,0,,3,,4.25；1.75；26.0,3.0,,,,4.25；1.75；3.0；26.0,FMEA编号；严酷度(S)；发生度(O)；可探测度(D)；风险优先数(RPN),15,
1081,1081,Full-ΣMi残差模型,M1+M2+M3+M4,风险影响评估类,fmea_id_to_risk_profile,风险后果查询,,,中等,FMEA编号TO17这条记录的风险分和SOD给我看一下。,S=3.8；O=2.4；D=3；RPN=25.5。,"不知道。上下文中的FMEA编号为FF15, FF16和DC6，但未包含FMEA编号TO17的记录。",错误,0.0,656.38,语义RAG,0.0,0.5,0,,3,,3.8；2.4；3.0；25.5,,,,,3.8；2.4；3.0；25.5,FMEA编号；严酷度(S)；发生度(O)；可探测度(D)；风险优先数(RPN),16,
1082,1082,Full-ΣMi残差模型,M1+M2+M3+M4,风险影响评估类,fmea_id_to_risk_profile,风险后果查询,,,中等,查一下FMEA编号TO18的严重度S、发生度O、探测度D和RPN。,S=4；O=2.4；D=3.25；RPN=33.33。,不知道。上下文中的FMEA编号没有TO18的相关信息。,错误,0.0,545.09,语义RAG,0.0,0.5,0,,3,,4.0；2.4；3.25；33.33,,,,,4.0；2.4；3.25；33.33,FMEA编号；严酷度(S)；发生度(O)；可探测度(D)；风险优先数(RPN),17,
1083,1083,Full-ΣMi残差模型,M1+M2+M3+M4,风险影响评估类,fmea_id_to_risk_profile,风险后果查询,,,中等,FMEA编号TO19这条FMEA风险画像是什么，后果和RPN是多少？,潜在失效后果：Failure of whole facility and vast economic loses；RPN=23.33。,不知道。上下文中的FMEA编号均为FF15、FF18和FF16，并未包含TO19的FMEA风险画像信息。,错误,0.0,666.01,语义RAG,0.0,0.0,0,,3,Failure of whole facility and vast economic loses,23.33,,,,Failure of whole facility and vast economic loses,23.33,FMEA编号；潜在失效后果；风险优先数(RPN),18,
1084,1084,Full-ΣMi残差模型,M1+M2+M3+M4,风险影响评估类,fmea_id_to_risk_profile,风险后果查询,,,中等,FMEA编号TO20这条记录，影响是什么，风险优先数是多少？,潜在失效后果：Failure of whole facility and vast economic loses；RPN=26.5。,不知道。上下文中的FMEA编号没有TO20的记录。,错误,0.0,564.91,语义RAG,0.0,0.0,0,,3,Failure of whole facility and vast economic loses,26.5,,,,Failure of whole facility and vast economic loses,26.5,FMEA编号；潜在失效后果；风险优先数(RPN),19,
1085,1085,Full-ΣMi残差模型,M1+M2+M3+M4,风险影响评估类,fmea_id_to_risk_profile,风险后果查询,,,中等,FMEA编号TO21的S、O、D、RPN分别是多少？,S=4.25；O=1.5；D=3.33；RPN=27。,"不知道。上下文中的FMEA编号为FF15, FF30和FF16，没有找到编号为TO21的相关信息。",错误,0.0,690.78,语义RAG,0.0,0.0,0,,3,,4.25；1.5；3.33；27.0,,,,,4.25；1.5；3.33；27.0,FMEA编号；严酷度(S)；发生度(O)；可探测度(D)；风险优先数(RPN),20,
1086,1086,Full-ΣMi残差模型,M1+M2+M3+M4,风险影响评估类,fmea_id_to_risk_profile,风险后果查询,,,中等,FMEA编号TO22这条记录的风险分和SOD给我看一下。,S=4；O=2.25；D=3；RPN=25.67。,你提供的上下文中并没有找到FMEA编号为TO22的记录，因此无法提供该条记录的风险分和SOD信息。 根据上下文中的其他记录： - FF15的风险优先数（RPN）是24.17，严重度（S）是4.43，发生度（O）是2，可探测度（D）是3。 - FF16的风险优先数（RPN）是37.2，严重度（S）是4.5，发生度（O）是2.33，可探测度（D）是3。 - DC6的风险优先数（RPN）是24，严重度（S）是3.8，发生度（O）是1.8，可探测度（D）是3.2。,错误,0.25,1784.88,语义RAG,0.0,0.25,0,,3,,4.0；2.25；25.67,3.0；3.0,,,,4.0；2.25；3.0；25.67,FMEA编号；严酷度(S)；发生度(O)；可探测度(D)；风险优先数(RPN),21,
1087,1087,Full-ΣMi残差模型,M1+M2+M3+M4,风险影响评估类,fmea_id_to_risk_profile,风险后果查询,,,中等,查一下FMEA编号TO23的严重度S、发生度O、探测度D和RPN。,S=4.4；O=2.2；D=2.8；RPN=18。,不知道。上下文中的FMEA编号分别为DC21、FF18和FF21，没有找到TO23的相关信息。,错误,0.25,638.99,语义RAG,0.0,0.5,0,,3,,4.4；2.2；2.8,18.0,,,,4.4；2.2；2.8；18.0,FMEA编号；严酷度(S)；发生度(O)；可探测度(D)；风险优先数(RPN),22,
1088,1088,Full-ΣMi残差模型,M1+M2+M3+M4,风险影响评估类,fmea_id_to_risk_profile,风险后果查询,,,中等,FMEA编号TO24这条FMEA风险画像是什么，后果和RPN是多少？,潜在失效后果：Failure of whole facility and vast economic loses；RPN=21.33。,不知道。上下文中的FMEA编号均为FF15、FF18和FF16，并未包含TO24的FMEA风险画像信息。,错误,0.0,709.92,语义RAG,0.0,0.0,0,,3,Failure of whole facility and vast economic loses,21.33,,,,Failure of whole facility and vast economic loses,21.33,FMEA编号；潜在失效后果；风险优先数(RPN),23,
1089,1089,Full-ΣMi残差模型,M1+M2+M3+M4,风险影响评估类,fmea_id_to_risk_profile,风险后果查询,,,中等,FMEA编号TP1这条记录，影响是什么，风险优先数是多少？,"潜在失效后果：Tower Unit collapse, Floater Unit damage；RPN=36.5。",不知道。上下文中的FMEA记录没有包含FMEA编号TP1的信息。,错误,0.0,555.07,语义RAG,0.0,0.0,0,,3,"Tower Unit collapse, Floater Unit damage",36.5,,,,"Tower Unit collapse, Floater Unit damage",36.5,FMEA编号；潜在失效后果；风险优先数(RPN),24,
1090,1090,Full-ΣMi残差模型,M1+M2+M3+M4,风险影响评估类,fmea_id_to_risk_profile,风险后果查询,,,中等,FMEA编号TP2的S、O、D、RPN分别是多少？,S=4.25；O=2.25；D=3.25；RPN=33。,不知道。上下文中的FMEA编号没有TP2这个编号。,错误,0.0,527.9,语义RAG,0.0,0.0,0,,3,,4.25；2.25；3.25；33.0,,,,,4.25；2.25；3.25；33.0,FMEA编号；严酷度(S)；发生度(O)；可探测度(D)；风险优先数(RPN),25,
1091,1091,Full-ΣMi残差模型,M1+M2+M3+M4,风险影响评估类,fmea_id_to_risk_profile,风险后果查询,,,中等,FMEA编号TP3这条记录的风险分和SOD给我看一下。,S=4；O=2.5；D=3；RPN=32。,"你提供的上下文中并没有找到FMEA编号为TP3的记录，因此无法提供该条记录的风险分和SOD信息。根据现有信息，可以查看其他两条记录的信息如下： - FF15: 风险优先数 (RPN) 24.17, 严重度 (S) 4.43, 发生度 (O) 2, 可探测度 (D) 3 - FF16: 风险优先数 (RPN) 37.2, 严重度 (S) 4.5, 发生度 (O) 2.33, 可探测度 (D) 3 - DC6: 风险优先数 (RPN) 24, 严重度 (S) 3.8, 发生度 (O) 1.8, 可探测度 (D) 3.2",错误,0.25,1964.37,语义RAG,0.0,0.25,0,,3,,4.0；2.5；32.0,3.0；3.0；3.0,,,,4.0；2.5；3.0；32.0,FMEA编号；严酷度(S)；发生度(O)；可探测度(D)；风险优先数(RPN),26,
1092,1092,Full-ΣMi残差模型,M1+M2+M3+M4,风险影响评估类,fmea_id_to_risk_profile,风险后果查询,,,中等,查一下FMEA编号TP4的严重度S、发生度O、探测度D和RPN。,S=3.5；O=2.5；D=3.75；RPN=29。,不知道。上下文中的FMEA编号分别为DC21、FF18和FF21，没有找到编号为TP4的相关信息。,错误,0.0,682.24,语义RAG,0.0,0.0,0,,3,,3.5；2.5；3.75；29.0,,,,,3.5；2.5；3.75；29.0,FMEA编号；严酷度(S)；发生度(O)；可探测度(D)；风险优先数(RPN),27,
1093,1093,Full-ΣMi残差模型,M1+M2+M3+M4,风险影响评估类,fmea_id_to_risk_profile,风险后果查询,,,中等,FMEA编号TP5这条FMEA风险画像是什么，后果和RPN是多少？,"潜在失效后果：Tower Unit collapse, Floater Unit damage；RPN=31。",不知道。上下文中的FMEA编号均为FF15、FF18和FF16，并未包含TP5这个编号的FMEA风险画像。,错误,0.0,700.2,语义RAG,0.0,0.0,0,,3,"Tower Unit collapse, Floater Unit damage",31.0,,,,"Tower Unit collapse, Floater Unit damage",31.0,FMEA编号；潜在失效后果；风险优先数(RPN),28,
1094,1094,Full-ΣMi残差模型,M1+M2+M3+M4,风险影响评估类,fmea_id_to_risk_profile,风险后果查询,,,中等,FMEA编号TP6这条记录，影响是什么，风险优先数是多少？,潜在失效后果：potential tower connections failure；RPN=35.25。,不知道。上下文中的FMEA记录没有包含FMEA编号TP6的信息。,错误,0.0,592.76,语义RAG,0.0,0.0,0,,3,potential tower connections failure,35.25,,,,potential tower connections failure,35.25,FMEA编号；潜在失效后果；风险优先数(RPN),29,
1095,1095,Full-ΣMi残差模型,M1+M2+M3+M4,风险影响评估类,fmea_id_to_risk_profile,风险后果查询,,,中等,FMEA编号TP7的S、O、D、RPN分别是多少？,S=3.67；O=2.67；D=3；RPN=24。,不知道。上下文中的FMEA编号没有TP7这个编号。,错误,0.0,531.23,语义RAG,0.0,0.25,0,,3,,3.67；2.67；3.0；24.0,,,,,3.67；2.67；3.0；24.0,FMEA编号；严酷度(S)；发生度(O)；可探测度(D)；风险优先数(RPN),30,
1096,1096,Full-ΣMi残差模型,M1+M2+M3+M4,风险影响评估类,fmea_id_to_risk_profile,风险后果查询,,,中等,FMEA编号TP8这条记录的风险分和SOD给我看一下。,S=3.75；O=2.5；D=3.25；RPN=21.67。,不知道。上下文中的FMEA记录没有包含FMEA编号TP8的信息。,错误,0.0,530.95,语义RAG,0.0,0.0,0,,3,,3.75；2.5；3.25；21.67,,,,,3.75；2.5；3.25；21.67,FMEA编号；严酷度(S)；发生度(O)；可探测度(D)；风险优先数(RPN),31,
1097,1097,Full-ΣMi残差模型,M1+M2+M3+M4,风险影响评估类,fmea_id_to_risk_profile,风险后果查询,,,中等,查一下FMEA编号TP9的严重度S、发生度O、探测度D和RPN。,S=4；O=2.5；D=3；RPN=38。,不知道。上下文中的FMEA编号分别为DC21、FF18和FF21，没有找到编号为TP9的相关信息。,错误,0.0,680.27,语义RAG,0.0,0.5,0,,3,,4.0；2.5；3.0；38.0,,,,,4.0；2.5；3.0；38.0,FMEA编号；严酷度(S)；发生度(O)；可探测度(D)；风险优先数(RPN),32,
1098,1098,Full-ΣMi残差模型,M1+M2+M3+M4,风险影响评估类,fmea_id_to_risk_profile,风险后果查询,,,中等,FMEA编号TP10这条FMEA风险画像是什么，后果和RPN是多少？,潜在失效后果：potential tower connections failure；RPN=24.67。,不知道。上下文中的FMEA编号分别为FF15、FF18和FF16，并没有提到TP10这个编号的FMEA风险画像。,错误,0.0,702.62,语义RAG,0.0,0.0,0,,3,potential tower connections failure,24.67,,,,potential tower connections failure,24.67,FMEA编号；潜在失效后果；风险优先数(RPN),33,
1099,1099,Full-ΣMi残差模型,M1+M2+M3+M4,风险影响评估类,fmea_id_to_risk_profile,风险后果查询,,,中等,FMEA编号TP11这条记录，影响是什么，风险优先数是多少？,潜在失效后果：potential tower connections failure；RPN=24.67。,不知道。上下文中的FMEA记录没有包含FMEA编号TP11的信息。,错误,0.0,561.6,语义RAG,0.0,0.0,0,,3,potential tower connections failure,24.67,,,,potential tower connections failure,24.67,FMEA编号；潜在失效后果；风险优先数(RPN),34,
1100,1100,Full-ΣMi残差模型,M1+M2+M3+M4,风险影响评估类,fmea_id_to_risk_profile,风险后果查询,,,中等,FMEA编号TP12的S、O、D、RPN分别是多少？,S=3.67；O=2.33；D=3；RPN=28。,"不知道。上下文中的FMEA编号为FF15, FF30和FF16，没有找到编号为TP12的相关信息。",错误,0.0,681.11,语义RAG,0.0,0.5,0,,3,,3.67；2.33；3.0；28.0,,,,,3.67；2.33；3.0；28.0,FMEA编号；严酷度(S)；发生度(O)；可探测度(D)；风险优先数(RPN),35,
1101,1101,Full-ΣMi残差模型,M1+M2+M3+M4,风险影响评估类,fmea_id_to_risk_profile,风险后果查询,,,中等,FMEA编号TP13这条记录的风险分和SOD给我看一下。,S=3.33；O=2.67；D=3；RPN=26。,您询问的FMEA编号为TP13的记录在上下文中并未出现，因此我无法提供其风险分和SOD信息。根据提供的内容，没有找到匹配的记录。,错误,0.0,701.81,语义RAG,0.0,0.25,0,,3,,3.33；2.67；3.0；26.0,,,,,3.33；2.67；3.0；26.0,FMEA编号；严酷度(S)；发生度(O)；可探测度(D)；风险优先数(RPN),36,
1102,1102,Full-ΣMi残差模型,M1+M2+M3+M4,风险影响评估类,fmea_id_to_risk_profile,风险后果查询,,,中等,查一下FMEA编号TP14的严重度S、发生度O、探测度D和RPN。,S=3.33；O=2；D=3.67；RPN=23.33。,不知道。上下文中的FMEA编号没有提到TP14这个编号。,错误,0.0,512.93,语义RAG,0.0,0.25,0,,3,,3.33；2.0；3.67；23.33,,,,,3.33；2.0；3.67；23.33,FMEA编号；严酷度(S)；发生度(O)；可探测度(D)；风险优先数(RPN),37,
1103,1103,Full-ΣMi残差模型,M1+M2+M3+M4,风险影响评估类,fmea_id_to_risk_profile,风险后果查询,,,中等,FMEA编号TP15这条FMEA风险画像是什么，后果和RPN是多少？,潜在失效后果：Tower transition piece connections failure/ displacement variations between tower end；RPN=26。,FMEA编号FF15这条FMEA风险画像的问题是Structural plastic deformation [11]，后果是Local stress accumulation，风险优先数是24.17。,错误,0.0,718.99,语义RAG,0.0,0.0,0,,3,Tower transition piece connections failure/ displacement variations between tower end,26.0,,,,Tower transition piece connections failure/ displacement variations between tower end,26.0,FMEA编号；潜在失效后果；风险优先数(RPN),38,
1104,1104,Full-ΣMi残差模型,M1+M2+M3+M4,风险影响评估类,fmea_id_to_risk_profile,风险后果查询,,,中等,FMEA编号TP16这条记录，影响是什么，风险优先数是多少？,"潜在失效后果：Tower Unit collapse, Floater Unit damage；RPN=25.67。",不知道。上下文中的FMEA记录没有包含FMEA编号TP16的信息。,错误,0.0,581.39,语义RAG,0.0,0.0,0,,3,"Tower Unit collapse, Floater Unit damage",25.67,,,,"Tower Unit collapse, Floater Unit damage",25.67,FMEA编号；潜在失效后果；风险优先数(RPN),39,
1105,1105,Full-ΣMi残差模型,M1+M2+M3+M4,风险影响评估类,fmea_id_to_risk_profile,风险后果查询,,,中等,FMEA编号TP17的S、O、D、RPN分别是多少？,S=4.67；O=1.67；D=3.33；RPN=37.5。,不知道。,错误,0.0,435.1,语义RAG,0.0,0.0,0,,3,,4.67；1.67；3.33；37.5,,,,,4.67；1.67；3.33；37.5,FMEA编号；严酷度(S)；发生度(O)；可探测度(D)；风险优先数(RPN),40,
1106,1106,Full-ΣMi残差模型,M1+M2+M3+M4,风险影响评估类,fmea_id_to_risk_profile,风险后果查询,,,中等,FMEA编号TP18这条记录的风险分和SOD给我看一下。,S=3.33；O=2.33；D=3.33；RPN=24。,您询问的FMEA编号为TP18的记录不存在于提供的上下文中，因此无法提供其风险分和SOD信息。根据现有内容，没有找到对应的编号。,错误,0.0,688.62,语义RAG,0.0,0.5,0,,3,,3.33；2.33；3.33；24.0,,,,,3.33；2.33；3.33；24.0,FMEA编号；严酷度(S)；发生度(O)；可探测度(D)；风险优先数(RPN),41,
1107,1107,Full-ΣMi残差模型,M1+M2+M3+M4,风险影响评估类,fmea_id_to_risk_profile,风险后果查询,,,中等,查一下FMEA编号TP19的严重度S、发生度O、探测度D和RPN。,S=3.5；O=2.5；D=4；RPN=30.25。,不知道。上下文中的FMEA编号分别为DC21、FF18和FF21，没有找到TP19的相关信息。,错误,0.0,684.98,语义RAG,0.0,0.25,0,,3,,3.5；2.5；4.0；30.25,,,,,3.5；2.5；4.0；30.25,FMEA编号；严酷度(S)；发生度(O)；可探测度(D)；风险优先数(RPN),42,
1108,1108,Full-ΣMi残差模型,M1+M2+M3+M4,风险影响评估类,fmea_id_to_risk_profile,风险后果查询,,,中等,FMEA编号TP20这条FMEA风险画像是什么，后果和RPN是多少？,潜在失效后果：Tower transition piece connections failure；RPN=24.67。,不知道。上下文中的FMEA编号均为FF15、FF18和FF16，并未包含TP20的FMEA风险画像信息。,错误,0.0,685.67,语义RAG,0.0,0.0,0,,3,Tower transition piece connections failure,24.67,,,,Tower transition piece connections failure,24.67,FMEA编号；潜在失效后果；风险优先数(RPN),43,
1109,1109,Full-ΣMi残差模型,M1+M2+M3+M4,风险影响评估类,fmea_id_to_risk_profile,风险后果查询,,,中等,FMEA编号TP21这条记录，影响是什么，风险优先数是多少？,潜在失效后果：Tower transition piece connections failure；RPN=26.67。,不知道。上下文中的FMEA编号为DC21、FF12和DC8，没有找到FMEA编号TP21的记录。,错误,0.0,628.15,语义RAG,0.0,0.0,0,,3,Tower transition piece connections failure,26.67,,,,Tower transition piece connections failure,26.67,FMEA编号；潜在失效后果；风险优先数(RPN),44,
1110,1110,Full-ΣMi残差模型,M1+M2+M3+M4,风险影响评估类,fmea_id_to_risk_profile,风险后果查询,,,中等,FMEA编号FF1的S、O、D、RPN分别是多少？,S=4.57；O=2.29；D=3.86；RPN=27.2。,不知道。上下文中的FMEA编号为FF15、FF30和FF16，没有找到编号为FF1的相关信息。,错误,0.0,703.83,语义RAG,0.0,0.0,0,,3,,4.57；2.29；3.86；27.2,,,,,4.57；2.29；3.86；27.2,FMEA编号；严酷度(S)；发生度(O)；可探测度(D)；风险优先数(RPN),45,
1111,1111,Full-ΣMi残差模型,M1+M2+M3+M4,风险影响评估类,fmea_id_to_risk_profile,风险后果查询,,,中等,FMEA编号FF2这条记录的风险分和SOD给我看一下。,S=5；O=1.67；D=3；RPN=42.71。,"不知道。上下文中的FMEA编号为FF15, FF16和DC6，没有找到FMEA编号FF2的相关信息。",错误,0.0,650.3,语义RAG,0.0,0.25,0,,3,,5.0；1.67；3.0；42.71,,,,,5.0；1.67；3.0；42.71,FMEA编号；严酷度(S)；发生度(O)；可探测度(D)；风险优先数(RPN),46,
1112,1112,Full-ΣMi残差模型,M1+M2+M3+M4,风险影响评估类,fmea_id_to_risk_profile,风险后果查询,,,中等,查一下FMEA编号FF3的严重度S、发生度O、探测度D和RPN。,S=3.43；O=2.86；D=3.17；RPN=40.14。,"不知道。上下文中的FMEA编号均为DC21, FF18, FF21，没有找到FF3的相关信息。",错误,0.0,676.02,语义RAG,0.0,0.0,0,,3,,3.43；2.86；3.17；40.14,,,,,3.43；2.86；3.17；40.14,FMEA编号；严酷度(S)；发生度(O)；可探测度(D)；风险优先数(RPN),47,
1113,1113,Full-ΣMi残差模型,M1+M2+M3+M4,风险影响评估类,fmea_id_to_risk_profile,风险后果查询,,,中等,FMEA编号FF4这条FMEA风险画像是什么，后果和RPN是多少？,"潜在失效后果：Damage to the facility, vast economic loses；RPN=24.86。",不知道。上下文中的FMEA编号均为FF15、FF18和FF16，并未包含FF4的相关信息。,错误,0.0,676.15,语义RAG,0.0,0.0,0,,3,"Damage to the facility, vast economic loses",24.86,,,,"Damage to the facility, vast economic loses",24.86,FMEA编号；潜在失效后果；风险优先数(RPN),48,
1114,1114,Full-ΣMi残差模型,M1+M2+M3+M4,风险影响评估类,fmea_id_to_risk_profile,风险后果查询,,,中等,FMEA编号FF5这条记录，影响是什么，风险优先数是多少？,潜在失效后果：Structural reassessment；RPN=25。,不知道。,错误,0.0,444.46,语义RAG,0.0,0.0,0,,3,Structural reassessment,25.0,,,,Structural reassessment,25.0,FMEA编号；潜在失效后果；风险优先数(RPN),49,
1115,1115,Full-ΣMi残差模型,M1+M2+M3+M4,风险影响评估类,fmea_id_to_risk_profile,风险后果查询,,,中等,FMEA编号FF6的S、O、D、RPN分别是多少？,S=3.83；O=2.6；D=4；RPN=25.83。,不知道。,错误,0.0,461.07,语义RAG,0.0,0.0,0,,3,,3.83；2.6；4.0；25.83,,,,,3.83；2.6；4.0；25.83,FMEA编号；严酷度(S)；发生度(O)；可探测度(D)；风险优先数(RPN),50,
1116,1116,Full-ΣMi残差模型,M1+M2+M3+M4,风险影响评估类,fmea_id_to_risk_profile,风险后果查询,,,中等,FMEA编号FF7这条记录的风险分和SOD给我看一下。,S=4.17；O=2.83；D=3.5；RPN=30.57。,"不知道。上下文中的FMEA编号为FF15, FF16和DC6，但没有找到FMEA编号FF7的相关信息。",错误,0.0,639.91,语义RAG,0.0,0.0,0,,3,,4.17；2.83；3.5；30.57,,,,,4.17；2.83；3.5；30.57,FMEA编号；严酷度(S)；发生度(O)；可探测度(D)；风险优先数(RPN),51,
1117,1117,Full-ΣMi残差模型,M1+M2+M3+M4,风险影响评估类,fmea_id_to_risk_profile,风险后果查询,,,中等,查一下FMEA编号FF8的严重度S、发生度O、探测度D和RPN。,S=4.8；O=1.8；D=3.2；RPN=34.5。,不知道。上下文中的FMEA编号没有FF8的相关信息。,错误,0.0,563.22,语义RAG,0.0,0.0,0,,3,,4.8；1.8；3.2；34.5,,,,,4.8；1.8；3.2；34.5,FMEA编号；严酷度(S)；发生度(O)；可探测度(D)；风险优先数(RPN),52,
1118,1118,Full-ΣMi残差模型,M1+M2+M3+M4,风险影响评估类,fmea_id_to_risk_profile,风险后果查询,,,中等,FMEA编号FF9这条FMEA风险画像是什么，后果和RPN是多少？,潜在失效后果：Structural failure；RPN=22.67。,不知道。上下文中的FMEA编号均为FF15、FF18和FF16，并未包含FF9的相关信息。,错误,0.0,693.75,语义RAG,0.0,0.0,0,,3,Structural failure,22.67,,,,Structural failure,22.67,FMEA编号；潜在失效后果；风险优先数(RPN),53,
1119,1119,Full-ΣMi残差模型,M1+M2+M3+M4,风险影响评估类,fmea_id_to_risk_profile,风险后果查询,,,中等,FMEA编号FF10这条记录，影响是什么，风险优先数是多少？,潜在失效后果：Structural failure；RPN=34。,不知道。上下文中的FMEA编号为DC21、FF12和DC8，没有找到FMEA编号FF10的记录。,错误,0.0,698.94,语义RAG,0.0,0.0,0,,3,Structural failure,34.0,,,,Structural failure,34.0,FMEA编号；潜在失效后果；风险优先数(RPN),54,
1120,1120,Full-ΣMi残差模型,M1+M2+M3+M4,风险影响评估类,fmea_id_to_risk_profile,风险后果查询,,,中等,FMEA编号FF11的S、O、D、RPN分别是多少？,S=3.86；O=3；D=2.71；RPN=32。,不知道。,错误,0.0,466.52,语义RAG,0.0,0.25,0,,3,,3.86；3.0；2.71；32.0,,,,,3.86；3.0；2.71；32.0,FMEA编号；严酷度(S)；发生度(O)；可探测度(D)；风险优先数(RPN),55,
1121,1121,Full-ΣMi残差模型,M1+M2+M3+M4,风险影响评估类,fmea_id_to_risk_profile,风险后果查询,,,中等,FMEA编号FF12这条记录的风险分和SOD给我看一下。,S=4.17；O=1.83；D=2.83；RPN=31.83。,不知道。上下文中的FMEA编号为FF15、FF16和DC6，没有找到编号为FF12的记录。,错误,0.0,590.67,语义RAG,0.0,0.0,0,,3,,4.17；1.83；2.83；31.83,,,,,4.17；1.83；2.83；31.83,FMEA编号；严酷度(S)；发生度(O)；可探测度(D)；风险优先数(RPN),56,
1122,1122,Full-ΣMi残差模型,M1+M2+M3+M4,风险影响评估类,fmea_id_to_risk_profile,风险后果查询,,,中等,查一下FMEA编号FF13的严重度S、发生度O、探测度D和RPN。,S=3.83；O=2.83；D=3.33；RPN=31.2。,不知道。上下文中的FMEA编号没有FF13的相关信息。,错误,0.0,565.02,语义RAG,0.0,0.0,0,,3,,3.83；2.83；3.33；31.2,,,,,3.83；2.83；3.33；31.2,FMEA编号；严酷度(S)；发生度(O)；可探测度(D)；风险优先数(RPN),57,
1123,1123,Full-ΣMi残差模型,M1+M2+M3+M4,风险影响评估类,fmea_id_to_risk_profile,风险后果查询,,,中等,FMEA编号FF14这条FMEA风险画像是什么，后果和RPN是多少？,潜在失效后果：Potential Failure/Asset damage Energy production loss；RPN=26.86。,不知道。上下文中的FMEA编号均为FF15、FF18和FF16，并未包含FF14的相关信息。,错误,0.0,688.22,语义RAG,0.0,0.0,0,,3,Potential Failure/Asset damage Energy production loss,26.86,,,,Potential Failure/Asset damage Energy production loss,26.86,FMEA编号；潜在失效后果；风险优先数(RPN),58,
1124,1124,Full-ΣMi残差模型,M1+M2+M3+M4,风险影响评估类,fmea_id_to_risk_profile,风险后果查询,,,中等,FMEA编号FF15这条记录，影响是什么，风险优先数是多少？,潜在失效后果：Local stress accumulation；RPN=24.17。,"不知道。上下文中的FMEA编号为DC21, FF12和DC8，没有找到FMEA编号FF15的记录。",错误,0.0,696.55,语义RAG,0.0,0.0,0,,3,Local stress accumulation,24.17,,,,Local stress accumulation,24.17,FMEA编号；潜在失效后果；风险优先数(RPN),59,
1125,1125,Full-ΣMi残差模型,M1+M2+M3+M4,风险影响评估类,fmea_id_to_risk_profile,风险后果查询,,,中等,FMEA编号FF16的S、O、D、RPN分别是多少？,S=4.5；O=2.33；D=3；RPN=37.2。,S: 4.5 O: 2.33 D: 3 RPN: 37.2,正确,1.0,648.92,语义RAG,0.0,1.0,0,,3,,,4.5；2.33；3.0；37.2,,,,4.5；2.33；3.0；37.2,FMEA编号；严酷度(S)；发生度(O)；可探测度(D)；风险优先数(RPN),60,
1126,1126,Full-ΣMi残差模型,M1+M2+M3+M4,风险影响评估类,fmea_id_to_risk_profile,风险后果查询,,,中等,FMEA编号FF17这条记录的风险分和SOD给我看一下。,S=3.86；O=2.71；D=2.57；RPN=23.5。,"根据上下文，FMEA编号FF17这条记录不存在，因此无法提供风险分和SOD。其他记录的信息如下： - FF15: 风险优先数 (RPN) 24.17, 严重度 (S) 4.43, 发生度 (O) 2, 可探测度 (D) 3 - FF16: 风险优先数 (RPN) 37.2, 严重度 (S) 4.5, 发生度 (O) 2.33, 可探测度 (D) 3 - DC6: 风险优先数 (RPN) 24, 严重度 (S) 3.8, 发生度 (O) 1.8, 可探测度 (D) 3.2",错误,0.0,1865.57,语义RAG,0.0,0.0,0,,3,,3.86；2.71；2.57；23.5,,,,,3.86；2.71；2.57；23.5,FMEA编号；严酷度(S)；发生度(O)；可探测度(D)；风险优先数(RPN),61,
1127,1127,Full-ΣMi残差模型,M1+M2+M3+M4,风险影响评估类,fmea_id_to_risk_profile,风险后果查询,,,中等,查一下FMEA编号FF18的严重度S、发生度O、探测度D和RPN。,S=4；O=2.2；D=3.25；RPN=30.8。,严重度 / S: 4 发生度 / O: 2.2 可探测度 / D: 3.25 风险优先数 / RPN: 30.8,正确,1.0,782.68,语义RAG,0.0,1.0,0,,3,,,4.0；2.2；3.25；30.8,,,,4.0；2.2；3.25；30.8,FMEA编号；严酷度(S)；发生度(O)；可探测度(D)；风险优先数(RPN),62,
1128,1128,Full-ΣMi残差模型,M1+M2+M3+M4,风险影响评估类,fmea_id_to_risk_profile,风险后果查询,,,中等,FMEA编号FF19这条FMEA风险画像是什么，后果和RPN是多少？,"潜在失效后果：Increased risk of collision, potential damage to the floater；RPN=36.5。",不知道。上下文中的FMEA编号均为FF15、FF18和FF16，并未包含FF19的相关信息。,错误,0.0,665.47,语义RAG,0.0,0.0,0,,3,"Increased risk of collision, potential damage to the floater",36.5,,,,"Increased risk of collision, potential damage to the floater",36.5,FMEA编号；潜在失效后果；风险优先数(RPN),63,
1129,1129,Full-ΣMi残差模型,M1+M2+M3+M4,风险影响评估类,fmea_id_to_risk_profile,风险后果查询,,,中等,FMEA编号FF20这条记录，影响是什么，风险优先数是多少？,"潜在失效后果：Damage to the facility, vast economic loses；RPN=31.75。",不知道。,错误,0.0,448.33,语义RAG,0.0,0.0,0,,3,"Damage to the facility, vast economic loses",31.75,,,,"Damage to the facility, vast economic loses",31.75,FMEA编号；潜在失效后果；风险优先数(RPN),64,
1130,1130,Full-ΣMi残差模型,M1+M2+M3+M4,风险影响评估类,fmea_id_to_risk_profile,风险后果查询,,,中等,FMEA编号FF21的S、O、D、RPN分别是多少？,S=2；O=3；D=3；RPN=41.17。,不知道。,错误,0.0,414.79,语义RAG,0.0,0.75,0,,3,,2.0；3.0；3.0；41.17,,,,,2.0；3.0；3.0；41.17,FMEA编号；严酷度(S)；发生度(O)；可探测度(D)；风险优先数(RPN),65,
1131,1131,Full-ΣMi残差模型,M1+M2+M3+M4,风险影响评估类,fmea_id_to_risk_profile,风险后果查询,,,中等,FMEA编号FF22这条记录的风险分和SOD给我看一下。,S=4；O=2.6；D=3.25；RPN=18.8。,不知道。上下文中的FMEA编号没有FF22的记录。,错误,0.0,503.06,语义RAG,0.0,0.0,0,,3,,4.0；2.6；3.25；18.8,,,,,4.0；2.6；3.25；18.8,FMEA编号；严酷度(S)；发生度(O)；可探测度(D)；风险优先数(RPN),66,
1132,1132,Full-ΣMi残差模型,M1+M2+M3+M4,风险影响评估类,fmea_id_to_risk_profile,风险后果查询,,,中等,查一下FMEA编号FF23的严重度S、发生度O、探测度D和RPN。,S=4.17；O=2.67；D=3.2；RPN=36。,"不知道。上下文中的FMEA编号均为DC21, FF18, FF21，没有找到FF23的相关信息。",错误,0.0,677.78,语义RAG,0.0,0.0,0,,3,,4.17；2.67；3.2；36.0,,,,,4.17；2.67；3.2；36.0,FMEA编号；严酷度(S)；发生度(O)；可探测度(D)；风险优先数(RPN),67,
1133,1133,Full-ΣMi残差模型,M1+M2+M3+M4,风险影响评估类,fmea_id_to_risk_profile,风险后果查询,,,中等,FMEA编号FF24这条FMEA风险画像是什么，后果和RPN是多少？,潜在失效后果：Tower collapse；RPN=33.4。,不知道。上下文中的FMEA编号均为FF15、FF18和FF16，并未包含FF24的相关信息。,错误,0.0,677.63,语义RAG,0.0,0.0,0,,3,Tower collapse,33.4,,,,Tower collapse,33.4,FMEA编号；潜在失效后果；风险优先数(RPN),68,
1134,1134,Full-ΣMi残差模型,M1+M2+M3+M4,风险影响评估类,fmea_id_to_risk_profile,风险后果查询,,,中等,FMEA编号FF25这条记录，影响是什么，风险优先数是多少？,潜在失效后果：Potential Failure/Asset damage Energy production loss；RPN=30.8。,不知道。,错误,0.0,443.62,语义RAG,0.0,0.0,0,,3,Potential Failure/Asset damage Energy production loss,30.8,,,,Potential Failure/Asset damage Energy production loss,30.8,FMEA编号；潜在失效后果；风险优先数(RPN),69,
1135,1135,Full-ΣMi残差模型,M1+M2+M3+M4,风险影响评估类,fmea_id_to_risk_profile,风险后果查询,,,中等,FMEA编号FF26的S、O、D、RPN分别是多少？,S=4.83；O=1.67；D=3.17；RPN=25。,不知道。,错误,0.0,473.7,语义RAG,0.0,0.0,0,,3,,4.83；1.67；3.17；25.0,,,,,4.83；1.67；3.17；25.0,FMEA编号；严酷度(S)；发生度(O)；可探测度(D)；风险优先数(RPN),70,
1136,1136,Full-ΣMi残差模型,M1+M2+M3+M4,风险影响评估类,fmea_id_to_risk_profile,风险后果查询,,,中等,FMEA编号FF27这条记录的风险分和SOD给我看一下。,S=4.67；O=2.33；D=3；RPN=22.4。,不知道。上下文中的FMEA编号均为FF15、FF16和DC6，没有找到FF27的相关信息。,错误,0.0,604.79,语义RAG,0.0,0.5,0,,3,,4.67；2.33；3.0；22.4,,,,,4.67；2.33；3.0；22.4,FMEA编号；严酷度(S)；发生度(O)；可探测度(D)；风险优先数(RPN),71,
1137,1137,Full-ΣMi残差模型,M1+M2+M3+M4,风险影响评估类,fmea_id_to_risk_profile,风险后果查询,,,中等,查一下FMEA编号FF28的严重度S、发生度O、探测度D和RPN。,S=4.5；O=2.33；D=3.6；RPN=19。,"不知道。上下文中的FMEA编号均为DC21, FF18, FF21，没有包含FF28的相关信息。",错误,0.0,671.3,语义RAG,0.0,0.0,0,,3,,4.5；2.33；3.6；19.0,,,,,4.5；2.33；3.6；19.0,FMEA编号；严酷度(S)；发生度(O)；可探测度(D)；风险优先数(RPN),72,
1138,1138,Full-ΣMi残差模型,M1+M2+M3+M4,风险影响评估类,fmea_id_to_risk_profile,风险后果查询,,,中等,FMEA编号FF29这条FMEA风险画像是什么，后果和RPN是多少？,潜在失效后果：Reduced stability；RPN=36。,不知道。上下文中的FMEA编号均为FF15、FF18和FF16，并未包含FF29的相关信息。,错误,0.0,661.43,语义RAG,0.3333,0.5,0,,3,Reduced stability,36.0,,,,Reduced stability,36.0,FMEA编号；潜在失效后果；风险优先数(RPN),73,
1139,1139,Full-ΣMi残差模型,M1+M2+M3+M4,风险影响评估类,fmea_id_to_risk_profile,风险后果查询,,,中等,FMEA编号FF30这条记录，影响是什么，风险优先数是多少？,潜在失效后果：Watertight fault；RPN=31.2。,不知道。,错误,0.0,441.74,语义RAG,0.0,0.0,0,,3,Watertight fault,31.2,,,,Watertight fault,31.2,FMEA编号；潜在失效后果；风险优先数(RPN),74,
1140,1140,Full-ΣMi残差模型,M1+M2+M3+M4,风险影响评估类,fmea_id_to_risk_profile,风险后果查询,,,中等,FMEA编号SKS1的S、O、D、RPN分别是多少？,S=4.2；O=2.2；D=3.8；RPN=34。,不知道。上下文中的FMEA编号均为FF15、FF30和FF16，没有找到编号为SKS1的相关信息。,错误,0.0,703.08,语义RAG,0.0,0.0,0,,3,,4.2；2.2；3.8；34.0,,,,,4.2；2.2；3.8；34.0,FMEA编号；严酷度(S)；发生度(O)；可探测度(D)；风险优先数(RPN),75,
1141,1141,Full-ΣMi残差模型,M1+M2+M3+M4,风险影响评估类,fmea_id_to_risk_profile,风险后果查询,,,中等,FMEA编号SKS2这条记录的风险分和SOD给我看一下。,S=4.2；O=2.2；D=3.8；RPN=34。,"你提供的上下文中并没有找到FMEA编号为SKS2的记录，因此无法提供该记录的风险分和SOD信息。根据现有信息，可以查看其他两条记录的信息如下： - FF15: 风险优先数 (RPN) 24.17, 严重度 (S) 4.43, 发生度 (O) 2, 可探测度 (D) 3 - FF16: 风险优先数 (RPN) 37.2, 严重度 (S) 4.5, 发生度 (O) 2.33, 可探测度 (D) 3 - DC6: 风险优先数 (RPN) 24, 严重度 (S) 3.8, 发生度 (O) 1.8, 可探测度 (D) 3.2",错误,0.25,1954.37,语义RAG,0.0,0.25,0,,3,,4.2；2.2；34.0,3.8,,,,4.2；2.2；3.8；34.0,FMEA编号；严酷度(S)；发生度(O)；可探测度(D)；风险优先数(RPN),76,
1142,1142,Full-ΣMi残差模型,M1+M2+M3+M4,风险影响评估类,fmea_id_to_risk_profile,风险后果查询,,,中等,查一下FMEA编号SKS3的严重度S、发生度O、探测度D和RPN。,S=3；O=3；D=3.25；RPN=29.25。,不知道。上下文中的FMEA编号没有包含SKS3的相关信息。,错误,0.5,562.76,语义RAG,0.0,0.75,0,,3,,3.25；29.25,3.0,,,,3.0；3.0；3.25；29.25,FMEA编号；严酷度(S)；发生度(O)；可探测度(D)；风险优先数(RPN),77,
1143,1143,Full-ΣMi残差模型,M1+M2+M3+M4,风险影响评估类,fmea_id_to_risk_profile,风险后果查询,,,中等,FMEA编号SKS4这条FMEA风险画像是什么，后果和RPN是多少？,潜在失效后果：；RPN=28.5。,不知道。上下文中的FMEA编号均为FF15、FF18和FF16，并未包含SKS4这个编号的FMEA风险画像。,错误,0.0,705.44,语义RAG,0.0,0.0,0,,3,,28.5,,,,,28.5,FMEA编号；潜在失效后果；风险优先数(RPN),78,
1144,1144,Full-ΣMi残差模型,M1+M2+M3+M4,风险影响评估类,fmea_id_to_risk_profile,风险后果查询,,,中等,FMEA编号SKS5这条记录，影响是什么，风险优先数是多少？,潜在失效后果：The anchor cannot be dropped and lift；RPN=30。,不知道。上下文中的FMEA编号分别为DC21、FF12和DC8，并没有包含FMEA编号SKS5的记录。,错误,0.0,693.36,语义RAG,0.0,0.0,0,,3,The anchor cannot be dropped and lift,30.0,,,,The anchor cannot be dropped and lift,30.0,FMEA编号；潜在失效后果；风险优先数(RPN),79,
1145,1145,Full-ΣMi残差模型,M1+M2+M3+M4,风险影响评估类,fmea_id_to_risk_profile,风险后果查询,,,中等,FMEA编号SKS6的S、O、D、RPN分别是多少？,S=3.8；O=2.8；D=3；RPN=30。,不知道。上下文中的FMEA编号均为FF15、FF30和FF16，没有找到编号为SKS6的相关信息。,错误,0.25,721.53,语义RAG,0.0,0.5,0,,3,,3.8；2.8；3.0,30.0,,,,3.8；2.8；3.0；30.0,FMEA编号；严酷度(S)；发生度(O)；可探测度(D)；风险优先数(RPN),80,
1146,1146,Full-ΣMi残差模型,M1+M2+M3+M4,风险影响评估类,fmea_id_to_risk_profile,风险后果查询,,,中等,FMEA编号SKS7这条记录的风险分和SOD给我看一下。,S=2.6；O=3.2；D=2；RPN=13.5。,不知道。上下文中的FMEA记录编号分别为FF15、FF16和DC6，没有找到编号为SKS7的记录。,错误,0.0,617.92,语义RAG,0.0,0.5,0,,3,,2.6；3.2；2.0；13.5,,,,,2.6；3.2；2.0；13.5,FMEA编号；严酷度(S)；发生度(O)；可探测度(D)；风险优先数(RPN),81,
1147,1147,Full-ΣMi残差模型,M1+M2+M3+M4,风险影响评估类,fmea_id_to_risk_profile,风险后果查询,,,中等,查一下FMEA编号SKS8的严重度S、发生度O、探测度D和RPN。,S=4；O=2.4；D=3.2；RPN=28.8。,不知道。上下文中的FMEA编号没有包含SKS8的相关信息。,错误,0.0,584.28,语义RAG,0.0,0.25,0,,3,,4.0；2.4；3.2；28.8,,,,,4.0；2.4；3.2；28.8,FMEA编号；严酷度(S)；发生度(O)；可探测度(D)；风险优先数(RPN),82,
1148,1148,Full-ΣMi残差模型,M1+M2+M3+M4,风险影响评估类,fmea_id_to_risk_profile,风险后果查询,,,中等,FMEA编号SKS9这条FMEA风险画像是什么，后果和RPN是多少？,潜在失效后果：Mooring line strength decrease or broken；RPN=20。,不知道。上下文中的FMEA编号均为FF15、FF18和FF16，并未包含SKS9这个编号的FMEA风险画像。,错误,0.0,706.53,语义RAG,0.0,0.0,0,,3,Mooring line strength decrease or broken,20.0,,,,Mooring line strength decrease or broken,20.0,FMEA编号；潜在失效后果；风险优先数(RPN),83,
1149,1149,Full-ΣMi残差模型,M1+M2+M3+M4,风险影响评估类,fmea_id_to_risk_profile,风险后果查询,,,中等,FMEA编号SKS10这条记录，影响是什么，风险优先数是多少？,潜在失效后果：Mooring line strength decrease or broken；RPN=24。,不知道。上下文中的FMEA编号分别为DC21、FF12和DC8，并没有包含FMEA编号SKS10的记录。,错误,0.0,717.49,语义RAG,0.0,0.0,0,,3,Mooring line strength decrease or broken,24.0,,,,Mooring line strength decrease or broken,24.0,FMEA编号；潜在失效后果；风险优先数(RPN),84,
1150,1150,Full-ΣMi残差模型,M1+M2+M3+M4,风险影响评估类,fmea_id_to_risk_profile,风险后果查询,,,中等,FMEA编号SKS11的S、O、D、RPN分别是多少？,S=3.6；O=2.8；D=3；RPN=29.2。,不知道。上下文中的FMEA编号均为FF15、FF30和FF16，没有找到编号为SKS11的相关信息。,错误,0.0,703.41,语义RAG,0.0,0.5,0,,3,,3.6；2.8；3.0；29.2,,,,,3.6；2.8；3.0；29.2,FMEA编号；严酷度(S)；发生度(O)；可探测度(D)；风险优先数(RPN),85,
1151,1151,Full-ΣMi残差模型,M1+M2+M3+M4,风险影响评估类,fmea_id_to_risk_profile,风险后果查询,,,中等,FMEA编号SKS12这条记录的风险分和SOD给我看一下。,S=3.6；O=2.8；D=3；RPN=29.6。,"您提供的上下文中并没有找到FMEA编号为SKS12的记录，因此无法提供该记录的风险分和SOD信息。根据现有信息，可以查看其他编号的记录风险分和SOD如下： - FF15: 风险优先数 (RPN) - 24.17, 严重度 (S) - 4.43, 发生度 (O) - 2, 可探测度 (D) - 3 - FF16: 风险优先数 (RPN) - 37.2, 严重度 (S) - 4.5, 发生度 (O) - 2.33, 可探测度 (D) - 3 - DC6: 风险优先数 (RPN) - 24, 严重度 (S) - 3.8, 发生度 (O) - 1.8, 可探测度 (D) - 3.2",错误,0.25,2188.36,语义RAG,0.0,0.25,0,,3,,3.6；2.8；29.6,3.0；3.0,,,,3.6；2.8；3.0；29.6,FMEA编号；严酷度(S)；发生度(O)；可探测度(D)；风险优先数(RPN),86,
1152,1152,Full-ΣMi残差模型,M1+M2+M3+M4,风险影响评估类,fmea_id_to_risk_profile,风险后果查询,,,中等,查一下FMEA编号SKS13的严重度S、发生度O、探测度D和RPN。,S=3.6；O=3；D=3；RPN=31.6。,不知道。上下文中的FMEA编号没有包含SKS13的相关信息。,错误,0.0,581.44,语义RAG,0.0,0.5,0,,3,,3.6；3.0；3.0；31.6,,,,,3.6；3.0；3.0；31.6,FMEA编号；严酷度(S)；发生度(O)；可探测度(D)；风险优先数(RPN),87,
1153,1153,Full-ΣMi残差模型,M1+M2+M3+M4,风险影响评估类,fmea_id_to_risk_profile,风险后果查询,,,中等,FMEA编号SKS14这条FMEA风险画像是什么，后果和RPN是多少？,潜在失效后果：Mooring line strength decrease or broken；RPN=35.6。,不知道。上下文中的FMEA编号分别为FF15、FF18和FF16，并未包含FMEA编号SKS14的相关信息。,错误,0.0,730.78,语义RAG,0.0,0.0,0,,3,Mooring line strength decrease or broken,35.6,,,,Mooring line strength decrease or broken,35.6,FMEA编号；潜在失效后果；风险优先数(RPN),88,
1154,1154,Full-ΣMi残差模型,M1+M2+M3+M4,风险影响评估类,fmea_id_to_risk_profile,风险后果查询,,,中等,FMEA编号SKS15这条记录，影响是什么，风险优先数是多少？,潜在失效后果：Mooring line strength decrease or broken；RPN=26.4。,不知道。上下文中的FMEA编号分别为DC21、FF12和DC8，没有找到FMEA编号为SKS15的记录。,错误,0.0,686.98,语义RAG,0.0,0.0,0,,3,Mooring line strength decrease or broken,26.4,,,,Mooring line strength decrease or broken,26.4,FMEA编号；潜在失效后果；风险优先数(RPN),89,
1155,1155,Full-ΣMi残差模型,M1+M2+M3+M4,风险影响评估类,fmea_id_to_risk_profile,风险后果查询,,,中等,FMEA编号SKS16的S、O、D、RPN分别是多少？,S=3.6；O=2.4；D=3.6；RPN=31.6。,不知道。,错误,0.0,451.1,语义RAG,0.0,0.5,0,,3,,3.6；2.4；3.6；31.6,,,,,3.6；2.4；3.6；31.6,FMEA编号；严酷度(S)；发生度(O)；可探测度(D)；风险优先数(RPN),90,
1156,1156,Full-ΣMi残差模型,M1+M2+M3+M4,风险影响评估类,fmea_id_to_risk_profile,风险后果查询,,,中等,FMEA编号SKS17这条记录的风险分和SOD给我看一下。,S=4；O=2.4；D=2.6；RPN=24.8。,您询问的FMEA编号为SKS17的记录在上下文中并未出现，因此我无法提供相关信息。根据现有信息，我可以查看其他条目的风险分和SOD。 FF15的风险优先数（RPN）是24.17，严重度（S）是4.43，发生度（O）是2，可探测度（D）是3。 FF16的风险优先数（RPN）是37.2，严重度（S）是4.5，发生度（O）是2.33，可探测度（D）是3。 DC6的风险优先数（RPN）是24，严重度（S）是3.8，发生度（O）是1.8，可探测度（D）是3.2。,错误,0.0,1807.89,语义RAG,0.0,0.0,0,,3,,4.0；2.4；2.6；24.8,,,,,4.0；2.4；2.6；24.8,FMEA编号；严酷度(S)；发生度(O)；可探测度(D)；风险优先数(RPN),91,
1157,1157,Full-ΣMi残差模型,M1+M2+M3+M4,风险影响评估类,fmea_id_to_risk_profile,风险后果查询,,,中等,查一下FMEA编号SKS18的严重度S、发生度O、探测度D和RPN。,S=4；O=2；D=2.6；RPN=20。,不知道。上下文中的FMEA编号没有包含SKS18这个编号。,错误,0.0,591.29,语义RAG,0.0,0.75,0,,3,,4.0；2.0；2.6；20.0,,,,,4.0；2.0；2.6；20.0,FMEA编号；严酷度(S)；发生度(O)；可探测度(D)；风险优先数(RPN),92,
1158,1158,Full-ΣMi残差模型,M1+M2+M3+M4,风险影响评估类,fmea_id_to_risk_profile,风险后果查询,,,中等,FMEA编号SKS19这条FMEA风险画像是什么，后果和RPN是多少？,潜在失效后果：Asset not in correct location or position；RPN=22.4。,不知道。上下文中的FMEA编号分别为FF15、FF18和FF16，并未包含FMEA编号SKS19的相关信息。,错误,0.0,720.5,语义RAG,0.0,0.0,0,,3,Asset not in correct location or position,22.4,,,,Asset not in correct location or position,22.4,FMEA编号；潜在失效后果；风险优先数(RPN),93,
1159,1159,Full-ΣMi残差模型,M1+M2+M3+M4,风险影响评估类,fmea_id_to_risk_profile,风险后果查询,,,中等,FMEA编号SKS20这条记录，影响是什么，风险优先数是多少？,潜在失效后果：Asset not in correct location or position；RPN=28。,不知道。上下文中的FMEA编号分别为DC21、FF12和DC8，并没有包含FMEA编号SKS20的记录。,错误,0.0,684.06,语义RAG,0.0,0.0,0,,3,Asset not in correct location or position,28.0,,,,Asset not in correct location or position,28.0,FMEA编号；潜在失效后果；风险优先数(RPN),94,
1160,1160,Full-ΣMi残差模型,M1+M2+M3+M4,风险影响评估类,fmea_id_to_risk_profile,风险后果查询,,,中等,FMEA编号SKS21的S、O、D、RPN分别是多少？,S=4；O=2；D=2.8；RPN=21.6。,不知道。上下文中的FMEA编号均为FF15、FF30和FF16，没有找到编号为SKS21的相关信息。,错误,0.0,694.0,语义RAG,0.0,0.25,0,,3,,4.0；2.0；2.8；21.6,,,,,4.0；2.0；2.8；21.6,FMEA编号；严酷度(S)；发生度(O)；可探测度(D)；风险优先数(RPN),95,
1161,1161,Full-ΣMi残差模型,M1+M2+M3+M4,风险影响评估类,fmea_id_to_risk_profile,风险后果查询,,,中等,FMEA编号SKS22这条记录的风险分和SOD给我看一下。,S=4；O=2；D=3.2；RPN=25.6。,"您提供的上下文中并没有找到FMEA编号为SKS22的记录，因此无法提供该条记录的风险分和SOD信息。根据现有信息，可以查看其他两条记录的信息如下： - FF15: 风险优先数 (RPN) 24.17, 严重度 (S) 4.43, 发生度 (O) 2, 可探测度 (D) 3 - FF16: 风险优先数 (RPN) 37.2, 严重度 (S) 4.5, 发生度 (O) 2.33, 可探测度 (D) 3 - DC6: 风险优先数 (RPN) 24, 严重度 (S) 3.8, 发生度 (O) 1.8, 可探测度 (D) 3.2",错误,0.5,2033.77,语义RAG,0.0,0.5,0,,3,,4.0；25.6,2.0；3.2,,,,4.0；2.0；3.2；25.6,FMEA编号；严酷度(S)；发生度(O)；可探测度(D)；风险优先数(RPN),96,
1162,1162,Full-ΣMi残差模型,M1+M2+M3+M4,风险影响评估类,fmea_id_to_risk_profile,风险后果查询,,,中等,查一下FMEA编号DC1的严重度S、发生度O、探测度D和RPN。,S=4.2；O=2.2；D=3.75；RPN=30.25。,不知道。上下文中的FMEA编号为DC21、FF18和FF21，没有找到FMEA编号为DC1的相关信息。,错误,0.0,689.03,语义RAG,0.0,0.25,0,,3,,4.2；2.2；3.75；30.25,,,,,4.2；2.2；3.75；30.25,FMEA编号；严酷度(S)；发生度(O)；可探测度(D)；风险优先数(RPN),97,
1163,1163,Full-ΣMi残差模型,M1+M2+M3+M4,风险影响评估类,fmea_id_to_risk_profile,风险后果查询,,,中等,FMEA编号DC2这条FMEA风险画像是什么，后果和RPN是多少？,潜在失效后果：Structural integrity damage - extra stress on cables；RPN=20。,不知道。上下文中的FMEA编号均为FF15、FF18和FF16，并未包含DC2这个编号的FMEA风险画像。,错误,0.0,690.01,语义RAG,0.0,0.0,0,,3,Structural integrity damage - extra stress on cables,20.0,,,,Structural integrity damage - extra stress on cables,20.0,FMEA编号；潜在失效后果；风险优先数(RPN),98,
1164,1164,Full-ΣMi残差模型,M1+M2+M3+M4,风险影响评估类,fmea_id_to_risk_profile,风险后果查询,,,中等,FMEA编号DC3这条记录，影响是什么，风险优先数是多少？,潜在失效后果：Operational disruption；RPN=32。,不知道。上下文没有提到FMEA编号为DC3的记录。,错误,0.0,586.7,语义RAG,0.3333,0.5,0,,3,Operational disruption,32.0,,,,Operational disruption,32.0,FMEA编号；潜在失效后果；风险优先数(RPN),99,
1165,1165,Full-ΣMi残差模型,M1+M2+M3+M4,风险影响评估类,fmea_id_to_risk_profile,风险后果查询,,,中等,FMEA编号DC4的S、O、D、RPN分别是多少？,S=2.8；O=2.8；D=3.2；RPN=22.5。,不知道。上下文中的FMEA编号没有提到DC4这个编号。,错误,0.0,556.66,语义RAG,0.0,0.25,0,,3,,2.8；2.8；3.2；22.5,,,,,2.8；2.8；3.2；22.5,FMEA编号；严酷度(S)；发生度(O)；可探测度(D)；风险优先数(RPN),100,
1166,1166,Full-ΣMi残差模型,M1+M2+M3+M4,风险影响评估类,fmea_id_to_risk_profile,风险后果查询,,,中等,FMEA编号DC5这条记录的风险分和SOD给我看一下。,S=3.2；O=2；D=3.4；RPN=15。,不知道。上下文没有提到FMEA编号为DC5的记录。,错误,0.0,497.21,语义RAG,0.0,0.75,0,,3,,3.2；2.0；3.4；15.0,,,,,3.2；2.0；3.4；15.0,FMEA编号；严酷度(S)；发生度(O)；可探测度(D)；风险优先数(RPN),101,
1167,1167,Full-ΣMi残差模型,M1+M2+M3+M4,风险影响评估类,fmea_id_to_risk_profile,风险后果查询,,,中等,查一下FMEA编号DC6的严重度S、发生度O、探测度D和RPN。,S=3.8；O=1.8；D=3.2；RPN=24。,不知道。上下文中的FMEA编号没有包含DC6的相关信息。,错误,0.0,549.45,语义RAG,0.0,0.0,0,,3,,3.8；1.8；3.2；24.0,,,,,3.8；1.8；3.2；24.0,FMEA编号；严酷度(S)；发生度(O)；可探测度(D)；风险优先数(RPN),102,
1168,1168,Full-ΣMi残差模型,M1+M2+M3+M4,风险影响评估类,fmea_id_to_risk_profile,风险后果查询,,,中等,FMEA编号DC7这条FMEA风险画像是什么，后果和RPN是多少？,潜在失效后果：High risk of fault on the cable - total loss of the line Prodution loss on the string；RPN=24。,不知道。上下文中的FMEA编号均为FF15、FF18和FF16，并未包含DC7这个编号的FMEA风险画像。,错误,0.0,713.23,语义RAG,0.0,0.0,0,,3,High risk of fault on the cable - total loss of the line Prodution loss on the string,24.0,,,,High risk of fault on the cable - total loss of the line Prodution loss on the string,24.0,FMEA编号；潜在失效后果；风险优先数(RPN),103,
1169,1169,Full-ΣMi残差模型,M1+M2+M3+M4,风险影响评估类,fmea_id_to_risk_profile,风险后果查询,,,中等,FMEA编号DC8这条记录，影响是什么，风险优先数是多少？,潜在失效后果：Cable damage - operational disruption；RPN=16。,失效后果 / FailureEffect / effect / result / consequence / 结果 / 后果 / 会怎样: Cable damage - operational disruption 风险优先数 / RPN / risk score / 风险数 / 危险分 / 分数: 16,正确,1.0,848.46,语义RAG,0.3333,1.0,0,,3,,,16.0,,,Cable damage - operational disruption,16.0,FMEA编号；潜在失效后果；风险优先数(RPN),104,
1170,1170,Full-ΣMi残差模型,M1+M2+M3+M4,风险影响评估类,fmea_id_to_risk_profile,风险后果查询,,,中等,FMEA编号DC9的S、O、D、RPN分别是多少？,S=4.4；O=2；D=2.4；RPN=18.5。,不知道。上下文中的FMEA编号均为FF15、FF30和FF16，没有找到FMEA编号为DC9的相关信息。,错误,0.0,680.2,语义RAG,0.0,0.25,0,,3,,4.4；2.0；2.4；18.5,,,,,4.4；2.0；2.4；18.5,FMEA编号；严酷度(S)；发生度(O)；可探测度(D)；风险优先数(RPN),105,
1171,1171,Full-ΣMi残差模型,M1+M2+M3+M4,风险影响评估类,fmea_id_to_risk_profile,风险后果查询,,,中等,FMEA编号DC10这条记录的风险分和SOD给我看一下。,S=3.6；O=2.6；D=2.8；RPN=25.2。,不知道。上下文中的FMEA编号没有提到DC10的记录。,错误,0.0,536.46,语义RAG,0.0,0.0,0,,3,,3.6；2.6；2.8；25.2,,,,,3.6；2.6；2.8；25.2,FMEA编号；严酷度(S)；发生度(O)；可探测度(D)；风险优先数(RPN),106,
1172,1172,Full-ΣMi残差模型,M1+M2+M3+M4,风险影响评估类,fmea_id_to_risk_profile,风险后果查询,,,中等,查一下FMEA编号DC11的严重度S、发生度O、探测度D和RPN。,S=3.8；O=2.6；D=3.2；RPN=28.6。,不知道。上下文中的FMEA编号没有包含DC11的相关信息。,错误,0.0,542.22,语义RAG,0.0,0.25,0,,3,,3.8；2.6；3.2；28.6,,,,,3.8；2.6；3.2；28.6,FMEA编号；严酷度(S)；发生度(O)；可探测度(D)；风险优先数(RPN),107,
1173,1173,Full-ΣMi残差模型,M1+M2+M3+M4,风险影响评估类,fmea_id_to_risk_profile,风险后果查询,,,中等,FMEA编号DC12这条FMEA风险画像是什么，后果和RPN是多少？,潜在失效后果：breakdown of insulation；RPN=27.6。,不知道。上下文中的FMEA编号均为FF15、FF18和FF16，并未包含FMEA编号DC12的相关信息。,错误,0.0,686.57,语义RAG,0.0,0.0,0,,3,breakdown of insulation,27.6,,,,breakdown of insulation,27.6,FMEA编号；潜在失效后果；风险优先数(RPN),108,
1174,1174,Full-ΣMi残差模型,M1+M2+M3+M4,风险影响评估类,fmea_id_to_risk_profile,风险后果查询,,,中等,FMEA编号DC13这条记录，影响是什么，风险优先数是多少？,潜在失效后果：Cable damage - exposure to elements；RPN=28。,不知道。,错误,0.0,448.34,语义RAG,0.0,0.0,0,,3,Cable damage - exposure to elements,28.0,,,,Cable damage - exposure to elements,28.0,FMEA编号；潜在失效后果；风险优先数(RPN),109,
1175,1175,Full-ΣMi残差模型,M1+M2+M3+M4,风险影响评估类,fmea_id_to_risk_profile,风险后果查询,,,中等,FMEA编号DC14的S、O、D、RPN分别是多少？,S=4.4；O=2.2；D=2.8；RPN=25.6。,不知道。上下文中的FMEA编号均为FF15、FF30和FF16，没有找到FMEA编号为DC14的相关信息。,错误,0.0,695.45,语义RAG,0.0,0.0,0,,3,,4.4；2.2；2.8；25.6,,,,,4.4；2.2；2.8；25.6,FMEA编号；严酷度(S)；发生度(O)；可探测度(D)；风险优先数(RPN),110,
1176,1176,Full-ΣMi残差模型,M1+M2+M3+M4,风险影响评估类,fmea_id_to_risk_profile,风险后果查询,,,中等,FMEA编号DC15这条记录的风险分和SOD给我看一下。,S=4.2；O=2.4；D=3；RPN=31.6。,您提供的上下文中并没有找到FMEA编号为DC15的记录，只有编号为FF15和FF16以及DC6的记录。根据您的要求，以下是相关记录的信息： - FMEA编号 / FmeaID / record id / 编号: FF15 的风险分（RPN）是 24.17，严重度（S）是 4.43，发生度（O）是 2，可探测度（D）是 3。 - FMEA编号 / FmeaID / record id / 编号: FF16 的风险分（RPN）是 37.2，严重度（S）是 4.5，发生度（O）是 2.33，可探测度（D）是 3。 - FMEA编号 / FmeaID / record id / 编号: DC6 的风险分（RPN）是 24，严重度（S）是 3.8，发生度（O）是 1.8，可探测度（D）是 3.2。,错误,0.25,2368.01,语义RAG,0.0,0.25,0,,3,,4.2；2.4；31.6,3.0；3.0,,,,4.2；2.4；3.0；31.6,FMEA编号；严酷度(S)；发生度(O)；可探测度(D)；风险优先数(RPN),111,
1177,1177,Full-ΣMi残差模型,M1+M2+M3+M4,风险影响评估类,fmea_id_to_risk_profile,风险后果查询,,,中等,查一下FMEA编号DC16的严重度S、发生度O、探测度D和RPN。,S=4.2；O=2.6；D=3；RPN=30.2。,不知道。上下文中的FMEA编号没有包含DC16的相关信息。,错误,0.0,540.94,语义RAG,0.0,0.5,0,,3,,4.2；2.6；3.0；30.2,,,,,4.2；2.6；3.0；30.2,FMEA编号；严酷度(S)；发生度(O)；可探测度(D)；风险优先数(RPN),112,
1178,1178,Full-ΣMi残差模型,M1+M2+M3+M4,风险影响评估类,fmea_id_to_risk_profile,风险后果查询,,,中等,FMEA编号DC17这条FMEA风险画像是什么，后果和RPN是多少？,潜在失效后果：Reduced or interupted electricity flow；RPN=27.8。,不知道。上下文中的FMEA编号均为FF15、FF18和FF16，并未包含DC17这个编号的FMEA风险画像信息。,错误,0.0,728.35,语义RAG,0.0,0.0,0,,3,Reduced or interupted electricity flow,27.8,,,,Reduced or interupted electricity flow,27.8,FMEA编号；潜在失效后果；风险优先数(RPN),113,
1179,1179,Full-ΣMi残差模型,M1+M2+M3+M4,风险影响评估类,fmea_id_to_risk_profile,风险后果查询,,,中等,FMEA编号DC18这条记录，影响是什么，风险优先数是多少？,潜在失效后果：Electrical faults - loss of production；RPN=25。,不知道。,错误,0.0,411.09,语义RAG,0.0,0.0,0,,3,Electrical faults - loss of production,25.0,,,,Electrical faults - loss of production,25.0,FMEA编号；潜在失效后果；风险优先数(RPN),114,
1180,1180,Full-ΣMi残差模型,M1+M2+M3+M4,风险影响评估类,fmea_id_to_risk_profile,风险后果查询,,,中等,FMEA编号DC19的S、O、D、RPN分别是多少？,S=4.2；O=2.4；D=3.6；RPN=35.6。,不知道。上下文中的FMEA编号均为FF15、FF30和FF16，没有找到FMEA编号为DC19的相关信息。,错误,0.0,711.5,语义RAG,0.0,0.25,0,,3,,4.2；2.4；3.6；35.6,,,,,4.2；2.4；3.6；35.6,FMEA编号；严酷度(S)；发生度(O)；可探测度(D)；风险优先数(RPN),115,
1181,1181,Full-ΣMi残差模型,M1+M2+M3+M4,风险影响评估类,fmea_id_to_risk_profile,风险后果查询,,,中等,FMEA编号DC20这条记录的风险分和SOD给我看一下。,S=4.6；O=1.4；D=3.5；RPN=32。,不知道。上下文中的FMEA编号没有提到DC20的记录。,错误,0.0,495.96,语义RAG,0.0,0.0,0,,3,,4.6；1.4；3.5；32.0,,,,,4.6；1.4；3.5；32.0,FMEA编号；严酷度(S)；发生度(O)；可探测度(D)；风险优先数(RPN),116,
1182,1182,Full-ΣMi残差模型,M1+M2+M3+M4,风险影响评估类,fmea_id_to_risk_profile,风险后果查询,,,中等,查一下FMEA编号DC21的严重度S、发生度O、探测度D和RPN。,S=3.4；O=2.6；D=3；RPN=26。,严重度 / S: 3.4 发生度 / O: 2.6 探测度 / D: 3 风险优先数 / RPN: 26,正确,1.0,759.83,语义RAG,0.0,1.0,0,,3,,,3.4；2.6；3.0；26.0,,,,3.4；2.6；3.0；26.0,FMEA编号；严酷度(S)；发生度(O)；可探测度(D)；风险优先数(RPN),117,
1183,1183,Full-ΣMi残差模型,M1+M2+M3+M4,风险影响评估类,fmea_id_to_risk_profile,风险后果查询,,,中等,FMEA编号DC22这条FMEA风险画像是什么，后果和RPN是多少？,潜在失效后果：；RPN=24。,不知道。上下文中的FMEA编号均为FF15、FF18和FF16，并未包含FMEA编号DC22的相关信息。,错误,0.0,675.62,语义RAG,0.0,0.0,0,,3,,24.0,,,,,24.0,FMEA编号；潜在失效后果；风险优先数(RPN),118,
1184,1184,Full-ΣMi残差模型,M1+M2+M3+M4,风险影响评估类,fmea_id_to_risk_profile,风险后果查询,,,中等,FMEA编号DC23这条记录，影响是什么，风险优先数是多少？,潜在失效后果：Weakening of cable materials - loss of production；RPN=18.5。,不知道。,错误,0.0,454.57,语义RAG,0.0,0.0,0,,3,Weakening of cable materials - loss of production,18.5,,,,Weakening of cable materials - loss of production,18.5,FMEA编号；潜在失效后果；风险优先数(RPN),119,
1185,1185,Full-ΣMi残差模型,M1+M2+M3+M4,风险影响评估类,fmea_id_to_risk_profile,风险后果查询,,,中等,FMEA编号DC24的S、O、D、RPN分别是多少？,S=2.5；O=1.75；D=2.5；RPN=12。,不知道。上下文中的FMEA编号没有提到DC24这个编号。,错误,0.0,563.36,语义RAG,0.0,0.0,0,,3,,2.5；1.75；2.5；12.0,,,,,2.5；1.75；2.5；12.0,FMEA编号；严酷度(S)；发生度(O)；可探测度(D)；风险优先数(RPN),120,
1186,1186,Full-ΣMi残差模型,M1+M2+M3+M4,风险影响评估类,fmea_id_to_risk_profile,风险后果查询,,,中等,FMEA编号DC25这条记录的风险分和SOD给我看一下。,S=3.8；O=2.2；D=4.4；RPN=38.4。,不知道。上下文中的FMEA编号没有FF25这一条记录。,错误,0.0,504.58,语义RAG,0.0,0.25,0,,3,,3.8；2.2；4.4；38.4,,,,,3.8；2.2；4.4；38.4,FMEA编号；严酷度(S)；发生度(O)；可探测度(D)；风险优先数(RPN),121,
1187,1187,Full-ΣMi残差模型,M1+M2+M3+M4,风险影响评估类,fmea_id_to_risk_profile,风险后果查询,,,中等,查一下FMEA编号DC26的严重度S、发生度O、探测度D和RPN。,S=3.8；O=2.6；D=4.4；RPN=44。,不知道。上下文中的FMEA编号没有DC26的相关信息。,错误,0.0,590.0,语义RAG,0.0,0.25,0,,3,,3.8；2.6；4.4；44.0,,,,,3.8；2.6；4.4；44.0,FMEA编号；严酷度(S)；发生度(O)；可探测度(D)；风险优先数(RPN),122,
1188,1188,Full-ΣMi残差模型,M1+M2+M3+M4,风险影响评估类,fmea_id_to_risk_profile,风险后果查询,,,中等,FMEA编号DC27这条FMEA风险画像是什么，后果和RPN是多少？,潜在失效后果：Cable being vulnerable to scour and need for repair or replacement；RPN=41.6。,不知道。上下文中的FMEA编号均为FF15、FF18和FF16，并未包含FMEA编号DC27的相关信息。,错误,0.0,700.73,语义RAG,0.0,0.0,0,,3,Cable being vulnerable to scour and need for repair or replacement,41.6,,,,Cable being vulnerable to scour and need for repair or replacement,41.6,FMEA编号；潜在失效后果；风险优先数(RPN),123,
1189,1189,Full-ΣMi残差模型,M1+M2+M3+M4,风险影响评估类,fmea_id_to_risk_profile,风险后果查询,,,中等,FMEA编号DC28这条记录，影响是什么，风险优先数是多少？,"潜在失效后果：Structural damage - cable weakening, exposure to elements；RPN=29。",不知道。,错误,0.0,418.26,语义RAG,0.0,0.0,0,,3,"Structural damage - cable weakening, exposure to elements",29.0,,,,"Structural damage - cable weakening, exposure to elements",29.0,FMEA编号；潜在失效后果；风险优先数(RPN),124,
1190,1190,Full-ΣMi残差模型,M1+M2+M3+M4,风险影响评估类,fmea_id_to_risk_profile,风险后果查询,,,中等,FMEA编号DC29的S、O、D、RPN分别是多少？,S=3.6；O=2.4；D=3.8；RPN=28.6。,不知道。,错误,0.0,447.1,语义RAG,0.0,0.25,0,,3,,3.6；2.4；3.8；28.6,,,,,3.6；2.4；3.8；28.6,FMEA编号；严酷度(S)；发生度(O)；可探测度(D)；风险优先数(RPN),125,
1191,1191,Full-ΣMi残差模型,M1+M2+M3+M4,风险影响评估类,fmea_id_to_risk_profile,风险后果查询,,,中等,FMEA编号DC30这条记录的风险分和SOD给我看一下。,S=4；O=2；D=3.5；RPN=0。,不知道。上下文中的FMEA编号没有FF30这一条记录。,错误,0.0,511.8,语义RAG,0.0,0.25,0,,3,,4.0；2.0；3.5；0.0,,,,,4.0；2.0；3.5；0.0,FMEA编号；严酷度(S)；发生度(O)；可探测度(D)；风险优先数(RPN),126,
1192,1192,Full-ΣMi残差模型,M1+M2+M3+M4,风险影响评估类,失效现象后果查RPN,风险指标查询,,,简单,故障现象“Abnormal vibration”会造成“Excessive Fatigue Life Consumption”，请给出RPN。,RPN=33.33,33.33,正确,1.0,479.94,语义RAG,1.0,1.0,0,,3,,,33.33,,,,33.33,潜在失效模式；潜在失效后果；风险优先数(RPN),0,
1193,1193,Full-ΣMi残差模型,M1+M2+M3+M4,风险影响评估类,失效现象后果查RPN,风险指标查询,,,简单,故障现象“Abnormal vibration”会造成“Potential collapse”，请给出RPN。,RPN=12.67,35.25,错误,0.0,418.79,语义RAG,0.6667,0.0,0,,3,,12.67,,,,,12.67,潜在失效模式；潜在失效后果；风险优先数(RPN),2,
1194,1194,Full-ΣMi残差模型,M1+M2+M3+M4,风险影响评估类,失效现象后果查RPN,风险指标查询,,,简单,故障现象“Cracks”会造成“Failure of whole facility and vast economic loses”，请给出RPN。,RPN=26,26,正确,1.0,456.16,语义RAG,0.6667,1.0,0,,3,,,26.0,,,,26.0,潜在失效模式；潜在失效后果；风险优先数(RPN),4,
1195,1195,Full-ΣMi残差模型,M1+M2+M3+M4,风险影响评估类,失效现象后果查RPN,风险指标查询,,,简单,故障现象“Cracks”会造成“Potential collapse”，请给出RPN。,RPN=30,30,正确,1.0,439.76,语义RAG,0.6667,1.0,0,,3,,,30.0,,,,30.0,潜在失效模式；潜在失效后果；风险优先数(RPN),6,
1196,1196,Full-ΣMi残差模型,M1+M2+M3+M4,风险影响评估类,失效现象后果查RPN,风险指标查询,,,简单,故障现象“Cracks”会造成“Failure of the WTG/Major repair campaign/Structure reassessment”，请给出RPN。,RPN=25.5,25.5,正确,1.0,497.44,语义RAG,0.6667,1.0,0,,3,,,25.5,,,,25.5,潜在失效模式；潜在失效后果；风险优先数(RPN),16,
1197,1197,Full-ΣMi残差模型,M1+M2+M3+M4,风险影响评估类,失效现象后果查RPN,风险指标查询,,,简单,故障现象“Plastic deformation”会造成“Potential collapse”，请给出RPN。,RPN=25.67,25.67,正确,1.0,474.12,语义RAG,1.0,1.0,0,,3,,,25.67,,,,25.67,潜在失效模式；潜在失效后果；风险优先数(RPN),21,
1198,1198,Full-ΣMi残差模型,M1+M2+M3+M4,风险影响评估类,失效现象后果查RPN,风险指标查询,,,简单,故障现象“Tower collapse”会造成“Failure of whole facility and vast economic loses”，请给出RPN。,RPN=21.33,21.33,正确,1.0,487.27,语义RAG,0.3333,1.0,0,,3,,,21.33,,,,21.33,潜在失效模式；潜在失效后果；风险优先数(RPN),23,
1199,1199,Full-ΣMi残差模型,M1+M2+M3+M4,风险影响评估类,失效现象后果查RPN,风险指标查询,,,简单,"故障现象“Transition piece break”会造成“Tower Unit collapse, Floater Unit damage”，请给出RPN。",RPN=36.5,37.5,错误,0.0,514.07,语义RAG,1.0,1.0,0,,3,,36.5,,,,,36.5,潜在失效模式；潜在失效后果；风险优先数(RPN),24,
1200,1200,Full-ΣMi残差模型,M1+M2+M3+M4,风险影响评估类,失效现象后果查RPN,风险指标查询,,,简单,"故障现象“Transition piece break”会造成“tension failure (rupture), buckling of the transition piece/ Tower unit damage”，请给出RPN。",RPN=33,33,正确,1.0,438.42,语义RAG,0.3333,1.0,0,,3,,,33.0,,,,33.0,潜在失效模式；潜在失效后果；风险优先数(RPN),25,
1201,1201,Full-ΣMi残差模型,M1+M2+M3+M4,风险影响评估类,失效现象后果查RPN,风险指标查询,,,简单,故障现象“Structural plastic deformation”会造成“Local stress accumulation”，请给出RPN。,RPN=32,28,错误,0.0,468.04,语义RAG,1.0,1.0,0,,3,,32.0,,,,,32.0,潜在失效模式；潜在失效后果；风险优先数(RPN),26,
1202,1202,Full-ΣMi残差模型,M1+M2+M3+M4,风险影响评估类,失效现象后果查RPN,风险指标查询,,,简单,故障现象“Cracks”会造成“Tower transition piece connections failure / resonance”，请给出RPN。,RPN=29,29,正确,1.0,482.88,语义RAG,1.0,1.0,0,,3,,,29.0,,,,29.0,潜在失效模式；潜在失效后果；风险优先数(RPN),27,
1203,1203,Full-ΣMi残差模型,M1+M2+M3+M4,风险影响评估类,失效现象后果查RPN,风险指标查询,,,简单,故障现象“Abnormal vibration”会造成“potential tower connections failure”，请给出RPN。,RPN=35.25,24.67,错误,0.0,466.98,语义RAG,0.6667,1.0,0,,3,,35.25,,,,,35.25,潜在失效模式；潜在失效后果；风险优先数(RPN),29,
1204,1204,Full-ΣMi残差模型,M1+M2+M3+M4,风险影响评估类,失效现象后果查RPN,风险指标查询,,,简单,故障现象“Cracks”会造成“Tower transition piece connections failure”，请给出RPN。,RPN=21.67,26.67,错误,0.0,445.74,语义RAG,1.0,1.0,0,,3,,21.67,,,,,21.67,潜在失效模式；潜在失效后果；风险优先数(RPN),31,
1205,1205,Full-ΣMi残差模型,M1+M2+M3+M4,风险影响评估类,失效现象后果查RPN,风险指标查询,,,简单,故障现象“Cracks”会造成“Tower transition piece connections failure/ displacement variations between tower end”，请给出RPN。,RPN=38,26,错误,0.0,457.29,语义RAG,0.3333,0.0,0,,3,,38.0,,,,,38.0,潜在失效模式；潜在失效后果；风险优先数(RPN),32,
1206,1206,Full-ΣMi残差模型,M1+M2+M3+M4,风险影响评估类,失效现象后果查RPN,风险指标查询,,,简单,故障现象“Cracks”会造成“potential tower connections failure”，请给出RPN。,RPN=24.67,不知道。上下文中的失效模式和失效后果没有提到“Cracks”这一故障现象，也没有对应的RPN值。,错误,0.0,643.63,语义RAG,0.6667,1.0,0,,3,,24.67,,,,,24.67,潜在失效模式；潜在失效后果；风险优先数(RPN),33,
1207,1207,Full-ΣMi残差模型,M1+M2+M3+M4,风险影响评估类,失效现象后果查RPN,风险指标查询,,,简单,"故障现象“Capsize”会造成“Watertight fault, Potential Floater Unit sinkage”，请给出RPN。",RPN=27.2,27.2,正确,1.0,484.64,语义RAG,0.3333,1.0,0,,3,,,27.2,,,,27.2,潜在失效模式；潜在失效后果；风险优先数(RPN),45,
1208,1208,Full-ΣMi残差模型,M1+M2+M3+M4,风险影响评估类,失效现象后果查RPN,风险指标查询,,,简单,故障现象“Capsize”会造成“Project cancellation”，请给出RPN。,RPN=42.71,42.71,正确,1.0,475.98,语义RAG,0.6667,1.0,0,,3,,,42.71,,,,42.71,潜在失效模式；潜在失效后果；风险优先数(RPN),46,
1209,1209,Full-ΣMi残差模型,M1+M2+M3+M4,风险影响评估类,失效现象后果查RPN,风险指标查询,,,简单,故障现象“Additional Structures Failures”会造成“Potential failure”，请给出RPN。,RPN=40.14,31.83,错误,0.0,461.22,语义RAG,0.3333,0.0,0,,3,,40.14,,,,,40.14,潜在失效模式；潜在失效后果；风险优先数(RPN),47,
1210,1210,Full-ΣMi残差模型,M1+M2+M3+M4,风险影响评估类,失效现象后果查RPN,风险指标查询,,,简单,"故障现象“Hit by dropped objects”会造成“Damage to the facility, vast economic loses”，请给出RPN。",RPN=24.86,31.75,错误,0.0,474.01,语义RAG,1.0,1.0,0,,3,,24.86,,,,,24.86,潜在失效模式；潜在失效后果；风险优先数(RPN),48,
1211,1211,Full-ΣMi残差模型,M1+M2+M3+M4,风险影响评估类,失效现象后果查RPN,风险指标查询,,,简单,故障现象“Structural break”会造成“Structural reassessment”，请给出RPN。,RPN=25,不知道。上下文中的FMEA案例没有提到故障现象“Structural break”和后果“Structural reassessment”的RPN值。,错误,0.0,691.31,语义RAG,0.0,0.0,0,,3,,25.0,,,,,25.0,潜在失效模式；潜在失效后果；风险优先数(RPN),49,
1212,1212,Full-ΣMi残差模型,M1+M2+M3+M4,风险影响评估类,失效现象后果查RPN,风险指标查询,,,简单,故障现象“Cracks”会造成“Structural failure”，请给出RPN。,RPN=30.57,我不知道。上下文中的失效模式和后果并未包含“Cracks”造成“Structural failure”的相关信息。,错误,0.0,657.57,语义RAG,0.0,0.0,0,,3,,30.57,,,,,30.57,潜在失效模式；潜在失效后果；风险优先数(RPN),51,
1213,1213,Full-ΣMi残差模型,M1+M2+M3+M4,风险影响评估类,失效现象后果查RPN,风险指标查询,,,简单,故障现象“Capsize”会造成“Asset damage Energy production loss”，请给出RPN。,RPN=34.5,不知道。上下文中的失效模式没有提到“Capsize”这一故障现象。,错误,0.0,566.92,语义RAG,0.3333,0.0,0,,3,,34.5,,,,,34.5,潜在失效模式；潜在失效后果；风险优先数(RPN),52,
1214,1214,Full-ΣMi残差模型,M1+M2+M3+M4,风险影响评估类,失效现象后果查RPN,风险指标查询,,,简单,故障现象“Additional Structures Failures”会造成“Potential failure of landing platform”，请给出RPN。,RPN=31.83,31.83,正确,1.0,526.9,语义RAG,0.6667,1.0,0,,3,,,31.83,,,,31.83,潜在失效模式；潜在失效后果；风险优先数(RPN),56,
1215,1215,Full-ΣMi残差模型,M1+M2+M3+M4,风险影响评估类,失效现象后果查RPN,风险指标查询,,,简单,故障现象“Watertight fault”会造成“Potential Failure/Asset damage Energy production loss”，请给出RPN。,RPN=31.2,31.2,正确,1.0,488.34,语义RAG,0.6667,1.0,0,,3,,,31.2,,,,31.2,潜在失效模式；潜在失效后果；风险优先数(RPN),57,
1216,1216,Full-ΣMi残差模型,M1+M2+M3+M4,风险影响评估类,失效现象后果查RPN,风险指标查询,,,简单,故障现象“Floater unit sinkage”会造成“Potential Failure/Asset damage Energy production loss”，请给出RPN。,RPN=26.86,26.86,正确,1.0,511.75,语义RAG,0.6667,1.0,0,,3,,,26.86,,,,26.86,潜在失效模式；潜在失效后果；风险优先数(RPN),58,
1217,1217,Full-ΣMi残差模型,M1+M2+M3+M4,风险影响评估类,失效现象后果查RPN,风险指标查询,,,简单,故障现象“Watertight fault”会造成“Asset damage Energy production loss/reduced stability”，请给出RPN。,RPN=37.2,37.2,正确,1.0,473.6,语义RAG,0.3333,1.0,0,,3,,,37.2,,,,37.2,潜在失效模式；潜在失效后果；风险优先数(RPN),60,
1218,1218,Full-ΣMi残差模型,M1+M2+M3+M4,风险影响评估类,失效现象后果查RPN,风险指标查询,,,简单,"故障现象“Watertight fault”会造成“If these cracks propagate through the wall and lie under water or within the splash zone, then they constitute a risk to the watertightness.”，请给出RPN。",RPN=30.8,30.8,正确,1.0,503.02,语义RAG,0.6667,1.0,0,,3,,,30.8,,,,30.8,潜在失效模式；潜在失效后果；风险优先数(RPN),62,
1219,1219,Full-ΣMi残差模型,M1+M2+M3+M4,风险影响评估类,失效现象后果查RPN,风险指标查询,,,简单,"故障现象“Additional Structures Failures”会造成“Increased risk of collision, potential damage to the floater”，请给出RPN。",RPN=36.5,36.5,正确,1.0,485.43,语义RAG,0.3333,1.0,0,,3,,,36.5,,,,36.5,潜在失效模式；潜在失效后果；风险优先数(RPN),63,
1220,1220,Full-ΣMi残差模型,M1+M2+M3+M4,风险影响评估类,失效现象后果查RPN,风险指标查询,,,简单,故障现象“Structural break”会造成“Asset damage Energy production loss/reduced stability”，请给出RPN。,RPN=18.8,18.8,正确,1.0,489.23,语义RAG,0.6667,1.0,0,,3,,,18.8,,,,18.8,潜在失效模式；潜在失效后果；风险优先数(RPN),66,
1221,1221,Full-ΣMi残差模型,M1+M2+M3+M4,风险影响评估类,失效现象后果查RPN,风险指标查询,,,简单,"故障现象“Structural break”会造成“Watertight fault, Potential Floater Unit sinkage”，请给出RPN。",RPN=36,不知道。上下文中的失效模式没有提到“Structural break”。,错误,0.0,582.58,语义RAG,0.3333,0.0,0,,3,,36.0,,,,,36.0,潜在失效模式；潜在失效后果；风险优先数(RPN),67,
1222,1222,Full-ΣMi残差模型,M1+M2+M3+M4,风险影响评估类,失效现象后果查RPN,风险指标查询,,,简单,故障现象“Structural break”会造成“Tower collapse”，请给出RPN。,RPN=33.4,33.4,正确,1.0,475.5,语义RAG,0.6667,1.0,0,,3,,,33.4,,,,33.4,潜在失效模式；潜在失效后果；风险优先数(RPN),68,
1223,1223,Full-ΣMi残差模型,M1+M2+M3+M4,风险影响评估类,失效现象后果查RPN,风险指标查询,,,简单,故障现象“Watertight fault”会造成“Reduced stability”，请给出RPN。,RPN=36,36,正确,1.0,475.51,语义RAG,0.6667,1.0,0,,3,,,36.0,,,,36.0,潜在失效模式；潜在失效后果；风险优先数(RPN),73,
1224,1224,Full-ΣMi残差模型,M1+M2+M3+M4,风险影响评估类,失效现象后果查RPN,风险指标查询,,,简单,故障现象“Cracks”会造成“Watertight fault”，请给出RPN。,RPN=31.2,不知道。上下文中的失效模式为“Capsize [11]”或“failures of conductors”，并未提及“Cracks”这一失效模式。,错误,0.0,680.6,语义RAG,0.3333,0.0,0,,3,,31.2,,,,,31.2,潜在失效模式；潜在失效后果；风险优先数(RPN),74,
1225,1225,Full-ΣMi残差模型,M1+M2+M3+M4,风险影响评估类,失效现象后果查RPN,风险指标查询,,,简单,故障现象“Anchor failure”会造成“Anchor failure”，请给出RPN。,RPN=34,34,正确,1.0,412.84,语义RAG,0.6667,1.0,0,,3,,,34.0,,,,34.0,潜在失效模式；潜在失效后果；风险优先数(RPN),75,
1226,1226,Full-ΣMi残差模型,M1+M2+M3+M4,风险影响评估类,失效现象后果查RPN,风险指标查询,,,简单,故障现象“Failure in buoyancy element”会造成“未说明”，请给出RPN。,RPN=29.25,29.25,正确,1.0,465.11,语义RAG,0.6667,1.0,0,,3,,,29.25,,,,29.25,潜在失效模式；潜在失效后果；风险优先数(RPN),77,
1227,1227,Full-ΣMi残差模型,M1+M2+M3+M4,风险影响评估类,失效现象后果查RPN,风险指标查询,,,简单,故障现象“Failure in clump weight”会造成“未说明”，请给出RPN。,RPN=28.5,28.5,正确,1.0,477.84,语义RAG,0.6667,1.0,0,,3,,,28.5,,,,28.5,潜在失效模式；潜在失效后果；风险优先数(RPN),78,
1228,1228,Full-ΣMi残差模型,M1+M2+M3+M4,风险影响评估类,失效现象后果查RPN,风险指标查询,,,简单,故障现象“Fairlead failure”会造成“The anchor cannot be dropped and lift”，请给出RPN。,RPN=30,30,正确,1.0,475.97,语义RAG,0.3333,1.0,0,,3,,,30.0,,,,30.0,潜在失效模式；潜在失效后果；风险优先数(RPN),79,
1229,1229,Full-ΣMi残差模型,M1+M2+M3+M4,风险影响评估类,失效现象后果查RPN,风险指标查询,,,简单,故障现象“Monitoring system fails”会造成“Unable to monitor tension in the mooring lines”，请给出RPN。,RPN=13.5,13.5,正确,1.0,468.18,语义RAG,0.6667,1.0,0,,3,,,13.5,,,,13.5,潜在失效模式；潜在失效后果；风险优先数(RPN),81,
1230,1230,Full-ΣMi残差模型,M1+M2+M3+M4,风险影响评估类,失效现象后果查RPN,风险指标查询,,,简单,故障现象“Mooring line breakage”会造成“Mooring line strength decrease or broken”，请给出RPN。,RPN=28.8,20 24,错误,0.0,517.22,语义RAG,1.0,0.0,0,,3,,28.8,,,,,28.8,潜在失效模式；潜在失效后果；风险优先数(RPN),82,
1231,1231,Full-ΣMi残差模型,M1+M2+M3+M4,风险影响评估类,失效现象后果查RPN,风险指标查询,,,简单,故障现象“Mooring Line Corrosion”会造成“Mooring line strength decrease or broken”，请给出RPN。,RPN=29.2,不知道。上下文中的失效模式没有提到“Mooring Line Corrosion”。,错误,0.0,421.49,语义RAG,1.0,0.0,0,,3,,29.2,,,,,29.2,潜在失效模式；潜在失效后果；风险优先数(RPN),85,
1232,1232,Full-ΣMi残差模型,M1+M2+M3+M4,风险影响评估类,失效现象后果查RPN,风险指标查询,,,简单,故障现象“Mooring Line Fatigue”会造成“Mooring line strength decrease or broken”，请给出RPN。,RPN=29.6,29.6,正确,1.0,320.89,语义RAG,1.0,1.0,0,,3,,,29.6,,,,29.6,潜在失效模式；潜在失效后果；风险优先数(RPN),86,
1233,1233,Full-ΣMi残差模型,M1+M2+M3+M4,风险影响评估类,失效现象后果查RPN,风险指标查询,,,简单,故障现象“Mooring line wear”会造成“Mooring line strength decrease or broken”，请给出RPN。,RPN=35.6,31.6,错误,0.0,493.3,语义RAG,1.0,1.0,0,,3,,35.6,,,,,35.6,潜在失效模式；潜在失效后果；风险优先数(RPN),88,
1234,1234,Full-ΣMi残差模型,M1+M2+M3+M4,风险影响评估类,失效现象后果查RPN,风险指标查询,,,简单,故障现象“Mooring lines broken”会造成“Asset not in correct location or position”，请给出RPN。,RPN=24.8,28,错误,0.0,448.85,语义RAG,0.6667,0.0,0,,3,,24.8,,,,,24.8,潜在失效模式；潜在失效后果；风险优先数(RPN),91,
1235,1235,Full-ΣMi残差模型,M1+M2+M3+M4,风险影响评估类,失效现象后果查RPN,风险指标查询,,,简单,故障现象“Mooring winch failure”会造成“Asset not in correct location or position”，请给出RPN。,RPN=21.6,25.6,错误,0.0,539.91,语义RAG,1.0,1.0,0,,3,,21.6,,,,,21.6,潜在失效模式；潜在失效后果；风险优先数(RPN),95,
1236,1236,Full-ΣMi残差模型,M1+M2+M3+M4,风险影响评估类,失效现象后果查RPN,风险指标查询,,,简单,故障现象“accelerated mechanical fatigue”会造成“Structural damage - cable composition weakening”，请给出RPN。,RPN=30.25,30.25,正确,1.0,514.91,语义RAG,0.3333,1.0,0,,3,,,30.25,,,,30.25,潜在失效模式；潜在失效后果；风险优先数(RPN),97,
1237,1237,Full-ΣMi残差模型,M1+M2+M3+M4,风险影响评估类,失效现象后果查RPN,风险指标查询,,,简单,故障现象“anchoring damages”会造成“Structural integrity damage - extra stress on cables”，请给出RPN。,RPN=20,20,正确,1.0,470.32,语义RAG,0.3333,1.0,0,,3,,,20.0,,,,20.0,潜在失效模式；潜在失效后果；风险优先数(RPN),98,
1238,1238,Full-ΣMi残差模型,M1+M2+M3+M4,风险影响评估类,失效现象后果查RPN,风险指标查询,,,简单,故障现象“Cable Damage”会造成“Operational disruption”，请给出RPN。,RPN=32,16,错误,0.0,435.53,语义RAG,0.6667,1.0,0,,3,,32.0,,,,,32.0,潜在失效模式；潜在失效后果；风险优先数(RPN),99,
1239,1239,Full-ΣMi残差模型,M1+M2+M3+M4,风险影响评估类,失效现象后果查RPN,风险指标查询,,,简单,故障现象“Corrosion of J-tube”会造成“J-tube degradation affecting cable integrity”，请给出RPN。,RPN=22.5,22.5,正确,1.0,481.47,语义RAG,1.0,1.0,0,,3,,,22.5,,,,22.5,潜在失效模式；潜在失效后果；风险优先数(RPN),100,
1240,1240,Full-ΣMi残差模型,M1+M2+M3+M4,风险影响评估类,失效现象后果查RPN,风险指标查询,,,简单,故障现象“Crushing or deformation”会造成“Structural damage - cable weakening”，请给出RPN。,RPN=24,24,正确,1.0,457.39,语义RAG,0.6667,1.0,0,,3,,,24.0,,,,24.0,潜在失效模式；潜在失效后果；风险优先数(RPN),102,
1241,1241,Full-ΣMi残差模型,M1+M2+M3+M4,风险影响评估类,失效现象后果查RPN,风险指标查询,,,简单,故障现象“damage and corrosion of mechanical parts”会造成“High risk of fault on the cable - total loss of the line Prodution loss on the string”，请给出RPN。,RPN=24,24,正确,1.0,441.53,语义RAG,0.6667,1.0,0,,3,,,24.0,,,,24.0,潜在失效模式；潜在失效后果；风险优先数(RPN),103,
1242,1242,Full-ΣMi残差模型,M1+M2+M3+M4,风险影响评估类,失效现象后果查RPN,风险指标查询,,,简单,故障现象“Debris disturbance”会造成“Cable damage - operational disruption”，请给出RPN。,RPN=16,16,正确,1.0,455.11,语义RAG,0.3333,1.0,0,,3,,,16.0,,,,16.0,潜在失效模式；潜在失效后果；风险优先数(RPN),104,
1243,1243,Full-ΣMi残差模型,M1+M2+M3+M4,风险影响评估类,失效现象后果查RPN,风险指标查询,,,简单,故障现象“Detachment”会造成“cable disconnection - water penetration - Power loss”，请给出RPN。,RPN=18.5,18.5,正确,1.0,462.3,语义RAG,0.3333,1.0,0,,3,,,18.5,,,,18.5,潜在失效模式；潜在失效后果；风险优先数(RPN),105,
1244,1244,Full-ΣMi残差模型,M1+M2+M3+M4,风险影响评估类,失效现象后果查RPN,风险指标查询,,,简单,故障现象“Failure of end termination”会造成“breakdown of insulation”，请给出RPN。,RPN=25.2,28.6,错误,0.0,422.02,语义RAG,1.0,1.0,0,,3,,25.2,,,,,25.2,潜在失效模式；潜在失效后果；风险优先数(RPN),106,
1245,1245,Full-ΣMi残差模型,M1+M2+M3+M4,风险影响评估类,失效现象后果查RPN,风险指标查询,,,简单,故障现象“Failure of fixing clamps”会造成“Cable damage - exposure to elements”，请给出RPN。,RPN=28,28,正确,1.0,476.58,语义RAG,0.3333,1.0,0,,3,,,28.0,,,,28.0,潜在失效模式；潜在失效后果；风险优先数(RPN),109,
1246,1246,Full-ΣMi残差模型,M1+M2+M3+M4,风险影响评估类,失效现象后果查RPN,风险指标查询,,,简单,故障现象“Failure of insulations”会造成“Fault in the cable - power disruption”，请给出RPN。,RPN=25.6,25.6,正确,1.0,465.67,语义RAG,0.6667,1.0,0,,3,,,25.6,,,,25.6,潜在失效模式；潜在失效后果；风险优先数(RPN),110,
1247,1247,Full-ΣMi残差模型,M1+M2+M3+M4,风险影响评估类,失效现象后果查RPN,风险指标查询,,,简单,故障现象“Failure of sheath”会造成“Fault in the cable - exposure to elements”，请给出RPN。,RPN=31.6,31.6,正确,1.0,494.92,语义RAG,0.6667,1.0,0,,3,,,31.6,,,,31.6,潜在失效模式；潜在失效后果；风险优先数(RPN),111,
1248,1248,Full-ΣMi残差模型,M1+M2+M3+M4,风险影响评估类,失效现象后果查RPN,风险指标查询,,,简单,故障现象“Failure of watertightness”会造成“Reduced or interupted electricity flow”，请给出RPN。,RPN=30.2,27.8 30.2 30.8,正确,1.0,572.23,语义RAG,0.6667,1.0,0,,3,,,30.2,,,,30.2,潜在失效模式；潜在失效后果；风险优先数(RPN),112,
1249,1249,Full-ΣMi残差模型,M1+M2+M3+M4,风险影响评估类,失效现象后果查RPN,风险指标查询,,,简单,故障现象“failures of conductors”会造成“Electrical faults - loss of production”，请给出RPN。,RPN=25,25,正确,1.0,470.67,语义RAG,0.6667,1.0,0,,3,,,25.0,,,,25.0,潜在失效模式；潜在失效后果；风险优先数(RPN),114,
1250,1250,Full-ΣMi残差模型,M1+M2+M3+M4,风险影响评估类,失效现象后果查RPN,风险指标查询,,,简单,故障现象“Fatigue Cracks”会造成“Crack may evolve in a fault of the cable - Cable weakening”，请给出RPN。,RPN=35.6,35.6,正确,1.0,506.32,语义RAG,0.3333,1.0,0,,3,,,35.6,,,,35.6,潜在失效模式；潜在失效后果；风险优先数(RPN),115,
1251,1251,Full-ΣMi残差模型,M1+M2+M3+M4,风险影响评估类,失效现象后果查RPN,风险指标查询,,,简单,"故障现象“Geo-Hazards”会造成“Cable damage, production disruption”，请给出RPN。",RPN=32,32,正确,1.0,421.72,语义RAG,0.3333,1.0,0,,3,,,32.0,,,,32.0,潜在失效模式；潜在失效后果；风险优先数(RPN),116,
1252,1252,Full-ΣMi残差模型,M1+M2+M3+M4,风险影响评估类,失效现象后果查RPN,风险指标查询,,,简单,故障现象“Loss of dynamic positioning”会造成“Cables stress”，请给出RPN。,RPN=26,26,正确,1.0,435.4,语义RAG,0.3333,1.0,0,,3,,,26.0,,,,26.0,潜在失效模式；潜在失效后果；风险优先数(RPN),117,
1253,1253,Full-ΣMi残差模型,M1+M2+M3+M4,风险影响评估类,失效现象后果查RPN,风险指标查询,,,简单,故障现象“Loss of float bility (water adsorption)”会造成“未说明”，请给出RPN。,RPN=24,24,正确,1.0,460.22,语义RAG,0.6667,1.0,0,,3,,,24.0,,,,24.0,潜在失效模式；潜在失效后果；风险优先数(RPN),118,
1254,1254,Full-ΣMi残差模型,M1+M2+M3+M4,风险影响评估类,失效现象后果查RPN,风险指标查询,,,简单,故障现象“material degradation”会造成“Weakening of cable materials - loss of production”，请给出RPN。,RPN=18.5,18.5,正确,1.0,473.57,语义RAG,0.3333,1.0,0,,3,,,18.5,,,,18.5,潜在失效模式；潜在失效后果；风险优先数(RPN),119,
1255,1255,Full-ΣMi残差模型,M1+M2+M3+M4,风险影响评估类,失效现象后果查RPN,风险指标查询,,,简单,故障现象“Mechanical degradation”会造成“未说明”，请给出RPN。,RPN=12,不知道。上下文中的失效模式并未包含“Mechanical degradation”这一故障现象及其对应的RPN值。,错误,0.0,610.32,语义RAG,0.0,1.0,0,,3,,12.0,,,,,12.0,潜在失效模式；潜在失效后果；风险优先数(RPN),120,
1256,1256,Full-ΣMi残差模型,M1+M2+M3+M4,风险影响评估类,失效现象后果查RPN,风险指标查询,,,简单,故障现象“Movement of CPS due to scour/seabed mobility”会造成“Cable being vulnerable to scour and need for repair or replacement”，请给出RPN。,RPN=38.4,44,错误,0.0,462.88,语义RAG,1.0,1.0,0,,3,,38.4,,,,,38.4,潜在失效模式；潜在失效后果；风险优先数(RPN),121,
1257,1257,Full-ΣMi残差模型,M1+M2+M3+M4,风险影响评估类,失效现象后果查RPN,风险指标查询,,,简单,"故障现象“Premature damage of outer protection layer”会造成“Structural damage - cable weakening, exposure to elements”，请给出RPN。",RPN=29,29,正确,1.0,433.63,语义RAG,0.3333,1.0,0,,3,,,29.0,,,,29.0,潜在失效模式；潜在失效后果；风险优先数(RPN),124,
1258,1258,Full-ΣMi残差模型,M1+M2+M3+M4,风险影响评估类,失效现象后果查RPN,风险指标查询,,,简单,"故障现象“Reduced sediment cover lower than designed value for protection”会造成“need for re-burial, change of cable protection requirement or even replacement of cable”，请给出RPN。",RPN=28.6,29.6,错误,0.0,500.02,语义RAG,1.0,1.0,0,,3,,28.6,,,,,28.6,潜在失效模式；潜在失效后果；风险优先数(RPN),125,
1259,1259,Full-ΣMi残差模型,M1+M2+M3+M4,风险影响评估类,失效现象后果查RPN,风险指标查询,,,简单,故障现象“Small bending radius”会造成“Cable damage - insulation degradation”，请给出RPN。,RPN=28.6,28.6,正确,1.0,466.41,语义RAG,0.3333,1.0,0,,3,,,28.6,,,,28.6,潜在失效模式；潜在失效后果；风险优先数(RPN),128,
1260,1260,Full-ΣMi残差模型,M1+M2+M3+M4,风险影响评估类,项目失效现象查后果与RPN,后果与风险指标查询,,,中等,在“Tower / Tower / Primary steelwork”中，失效模式“Abnormal vibration”的风险影响如何？请给出后果和RPN。,Excessive Fatigue Life Consumption；RPN=33.33,后果：Potential collapse RPN：31,错误,0.0,530.73,语义RAG,0.6667,0.0,0,,3,Excessive Fatigue Life Consumption,33.33,,,,Excessive Fatigue Life Consumption,33.33,项目/功能；潜在失效模式；潜在失效后果；风险优先数(RPN),0,
1261,1261,Full-ΣMi残差模型,M1+M2+M3+M4,风险影响评估类,项目失效现象查后果与RPN,后果与风险指标查询,,,中等,在“Tower / Tower / Primary steelwork”中，失效模式“Cracks”的风险影响如何？请给出后果和RPN。,Failure of whole facility and vast economic loses；RPN=26,后果: Failure of whole facility and vast economic loses RPN: 26.5,错误,0.5,587.57,语义RAG,0.6667,0.5,0,,3,,26.0,,,,Failure of whole facility and vast economic loses,26.0,项目/功能；潜在失效模式；潜在失效后果；风险优先数(RPN),4,
1262,1262,Full-ΣMi残差模型,M1+M2+M3+M4,风险影响评估类,项目失效现象查后果与RPN,后果与风险指标查询,,,中等,在“Tower / Tower / Primary structure & welding”中，失效模式“Cracks”的风险影响如何？请给出后果和RPN。,Potential collapse；RPN=21.8,后果：Potential collapse RPN：38,错误,0.5,534.6,语义RAG,1.0,1.0,0,,3,,21.8,,,,Potential collapse,21.8,项目/功能；潜在失效模式；潜在失效后果；风险优先数(RPN),7,
1263,1263,Full-ΣMi残差模型,M1+M2+M3+M4,风险影响评估类,项目失效现象查后果与RPN,后果与风险指标查询,,,中等,在“Tower / Tower / Welding”中，失效模式“Cracks”的风险影响如何？请给出后果和RPN。,Potential collapse；RPN=33.33,不知道。上下文中的失效模式不包含“Cracks”在“Tower / Tower / Welding”中的信息。,错误,0.0,638.42,语义RAG,0.0,0.0,0,,3,Potential collapse,33.33,,,,Potential collapse,33.33,项目/功能；潜在失效模式；潜在失效后果；风险优先数(RPN),10,
1264,1264,Full-ΣMi残差模型,M1+M2+M3+M4,风险影响评估类,项目失效现象查后果与RPN,后果与风险指标查询,,,中等,在“Tower / Tower / Primary steelwork”中，失效模式“Plastic deformation”的风险影响如何？请给出后果和RPN。,Potential collapse；RPN=25.67,后果: Potential collapse RPN: 18 和 25.67,正确,1.0,623.83,语义RAG,0.6667,1.0,0,,3,,,25.67,,,Potential collapse,25.67,项目/功能；潜在失效模式；潜在失效后果；风险优先数(RPN),21,
1265,1265,Full-ΣMi残差模型,M1+M2+M3+M4,风险影响评估类,项目失效现象查后果与RPN,后果与风险指标查询,,,中等,在“Tower / Tower / Primary steelwork”中，失效模式“Tower collapse”的风险影响如何？请给出后果和RPN。,Failure of whole facility and vast economic loses；RPN=21.33,后果: Failure of whole facility and vast economic loses RPN: 21.33,正确,1.0,575.92,语义RAG,0.3333,1.0,0,,3,,,21.33,,,Failure of whole facility and vast economic loses,21.33,项目/功能；潜在失效模式；潜在失效后果；风险优先数(RPN),23,
1266,1266,Full-ΣMi残差模型,M1+M2+M3+M4,风险影响评估类,项目失效现象查后果与RPN,后果与风险指标查询,,,中等,在“Transition piece / Transition Piece / Primary structure & welding”中，失效模式“Transition piece break”的风险影响如何？请给出后果和RPN。,"Tower Unit collapse, Floater Unit damage；RPN=36.5","后果：Tower Unit collapse, Floater Unit damage RPN：36.5",正确,1.0,565.3,语义RAG,0.6667,1.0,0,,3,,,36.5,,,"Tower Unit collapse, Floater Unit damage",36.5,项目/功能；潜在失效模式；潜在失效后果；风险优先数(RPN),24,
1267,1267,Full-ΣMi残差模型,M1+M2+M3+M4,风险影响评估类,项目失效现象查后果与RPN,后果与风险指标查询,,,中等,在“Transition piece / Transition Piece / Primary structure”中，失效模式“Transition piece break”的风险影响如何？请给出后果和RPN。,"tension failure (rupture), buckling of the transition piece/ Tower unit damage；RPN=33","后果：Tower Unit collapse, Floater Unit damage RPN：36.5",错误,0.0,601.13,语义RAG,1.0,1.0,0,,3,"tension failure (rupture), buckling of the transition piece/ Tower unit damage",33.0,,,,"tension failure (rupture), buckling of the transition piece/ Tower unit damage",33.0,项目/功能；潜在失效模式；潜在失效后果；风险优先数(RPN),25,
1268,1268,Full-ΣMi残差模型,M1+M2+M3+M4,风险影响评估类,项目失效现象查后果与RPN,后果与风险指标查询,,,中等,在“Transition piece / Transition Piece / Primary stucture”中，失效模式“Structural plastic deformation”的风险影响如何？请给出后果和RPN。,Local stress accumulation；RPN=32,后果: Local stress accumulation RPN: 28,错误,0.5,567.84,语义RAG,0.6667,0.5,0,,3,,32.0,,,,Local stress accumulation,32.0,项目/功能；潜在失效模式；潜在失效后果；风险优先数(RPN),26,
1269,1269,Full-ΣMi残差模型,M1+M2+M3+M4,风险影响评估类,项目失效现象查后果与RPN,后果与风险指标查询,,,中等,在“Transition piece / Transition Piece / Primary structure & welding”中，失效模式“Cracks”的风险影响如何？请给出后果和RPN。,Tower transition piece connections failure / resonance；RPN=29,失效模式“Cracks”的后果是Tower transition piece connections failure/ displacement variations between tower end。 风险优先数（RPN）分别为： - TP18: 24 - TP15: 26 - TP4: 29,错误,0.5,914.61,语义RAG,1.0,1.0,0,,3,Tower transition piece connections failure / resonance,,29.0,,,Tower transition piece connections failure / resonance,29.0,项目/功能；潜在失效模式；潜在失效后果；风险优先数(RPN),27,
1270,1270,Full-ΣMi残差模型,M1+M2+M3+M4,风险影响评估类,项目失效现象查后果与RPN,后果与风险指标查询,,,中等,在“Transition piece / Transition Piece / Primary structure & welding”中，失效模式“Abnormal vibration”的风险影响如何？请给出后果和RPN。,potential tower connections failure；RPN=35.25,后果：potential tower connections failure RPN: 24.67,错误,0.5,600.77,语义RAG,0.6667,1.0,0,,3,,35.25,,,,potential tower connections failure,35.25,项目/功能；潜在失效模式；潜在失效后果；风险优先数(RPN),29,
1271,1271,Full-ΣMi残差模型,M1+M2+M3+M4,风险影响评估类,项目失效现象查后果与RPN,后果与风险指标查询,,,中等,在“Transition piece / Transition Piece / Primary structure”中，失效模式“Cracks”的风险影响如何？请给出后果和RPN。,Tower transition piece connections failure；RPN=21.67,失效模式“Cracks”的后果是Tower transition piece connections failure。 RPN为21.67。,正确,1.0,650.01,语义RAG,0.6667,1.0,0,,3,,,21.67,,,Tower transition piece connections failure,21.67,项目/功能；潜在失效模式；潜在失效后果；风险优先数(RPN),31,
1272,1272,Full-ΣMi残差模型,M1+M2+M3+M4,风险影响评估类,项目失效现象查后果与RPN,后果与风险指标查询,,,中等,在“Transition piece / Transition Piece / Welding”中，失效模式“Cracks”的风险影响如何？请给出后果和RPN。,potential tower connections failure；RPN=24.67,失效模式“Cracks”的后果是：Tower transition piece connections failure。 RPN为24.67。,错误,0.5,613.18,语义RAG,1.0,0.5,0,,3,potential tower connections failure,,24.67,,,potential tower connections failure,24.67,项目/功能；潜在失效模式；潜在失效后果；风险优先数(RPN),33,
1273,1273,Full-ΣMi残差模型,M1+M2+M3+M4,风险影响评估类,项目失效现象查后果与RPN,后果与风险指标查询,,,中等,在“Floating support structure / Floating Support structure / All structures”中，失效模式“Capsize”的风险影响如何？请给出后果和RPN。,"Watertight fault, Potential Floater Unit sinkage；RPN=27.2",不知道。上下文中的失效模式并未包含“Capsize”。,错误,0.0,556.74,语义RAG,0.3333,0.0,0,,3,"Watertight fault, Potential Floater Unit sinkage",27.2,,,,"Watertight fault, Potential Floater Unit sinkage",27.2,项目/功能；潜在失效模式；潜在失效后果；风险优先数(RPN),45,
1274,1274,Full-ΣMi残差模型,M1+M2+M3+M4,风险影响评估类,项目失效现象查后果与RPN,后果与风险指标查询,,,中等,在“Floating support structure / Floating Support structure / Primary structure”中，失效模式“Capsize”的风险影响如何？请给出后果和RPN。,Project cancellation；RPN=42.71,不知道。上下文中的“Primary structure & Welding”对应的失效模式为“Cracks”，而非“Capsize”。,错误,0.0,594.12,语义RAG,0.3333,0.0,0,,3,Project cancellation,42.71,,,,Project cancellation,42.71,项目/功能；潜在失效模式；潜在失效后果；风险优先数(RPN),46,
1275,1275,Full-ΣMi残差模型,M1+M2+M3+M4,风险影响评估类,项目失效现象查后果与RPN,后果与风险指标查询,,,中等,在“Floating support structure / Floating Support structure / Secondary structure”中，失效模式“Additional Structures Failures”的风险影响如何？请给出后果和RPN。,Potential failure；RPN=40.14,不知道。上下文中的“Floating support structure / Floating Support structure / Secondary structure”对应的失效模式为“Floater unit sinkage”，没有找到“Additional Structures Failures”的相关信息。,错误,0.0,621.51,语义RAG,0.3333,0.5,0,,3,Potential failure,40.14,,,,Potential failure,40.14,项目/功能；潜在失效模式；潜在失效后果；风险优先数(RPN),47,
1276,1276,Full-ΣMi残差模型,M1+M2+M3+M4,风险影响评估类,项目失效现象查后果与RPN,后果与风险指标查询,,,中等,在“Floating support structure / Floating Support structure / All structures”中，失效模式“Hit by dropped objects”的风险影响如何？请给出后果和RPN。,"Damage to the facility, vast economic loses；RPN=24.86","失效模式“Hit by dropped objects”的后果是Damage to the facility, vast economic loses。 风险优先数（RPN）分别为： - FF26: 25 - FF20: 31.75 - FF4: 24.86",正确,1.0,906.99,语义RAG,1.0,1.0,0,,3,,,24.86,,,"Damage to the facility, vast economic loses",24.86,项目/功能；潜在失效模式；潜在失效后果；风险优先数(RPN),48,
1277,1277,Full-ΣMi残差模型,M1+M2+M3+M4,风险影响评估类,项目失效现象查后果与RPN,后果与风险指标查询,,,中等,在“Floating support structure / Floating Support structure / All structures”中，失效模式“Structural break”的风险影响如何？请给出后果和RPN。,Structural reassessment；RPN=25,不知道。上下文中的失效模式为“Structural plastic deformation [11]”，没有找到“Structural break”的相关信息。,错误,0.0,697.19,语义RAG,0.3333,0.0,0,,3,Structural reassessment,25.0,,,,Structural reassessment,25.0,项目/功能；潜在失效模式；潜在失效后果；风险优先数(RPN),49,
1278,1278,Full-ΣMi残差模型,M1+M2+M3+M4,风险影响评估类,项目失效现象查后果与RPN,后果与风险指标查询,,,中等,在“Floating support structure / Floating Support structure / Primary Structure”中，失效模式“Cracks”的风险影响如何？请给出后果和RPN。,Structural failure；RPN=30.57,后果: Structural failure RPN: 30.57,正确,1.0,514.98,语义RAG,0.6667,1.0,0,,3,,,30.57,,,Structural failure,30.57,项目/功能；潜在失效模式；潜在失效后果；风险优先数(RPN),51,
1279,1279,Full-ΣMi残差模型,M1+M2+M3+M4,风险影响评估类,项目失效现象查后果与RPN,后果与风险指标查询,,,中等,在“Floating support structure / Floating Support structure / Primary structure & Welding”中，失效模式“Capsize”的风险影响如何？请给出后果和RPN。,Asset damage Energy production loss；RPN=34.5,不知道。上下文中的失效模式为“Cracks [11]”，没有关于“Capsize”的信息。,错误,0.0,571.1,语义RAG,0.3333,0.0,0,,3,Asset damage Energy production loss,34.5,,,,Asset damage Energy production loss,34.5,项目/功能；潜在失效模式；潜在失效后果；风险优先数(RPN),52,
1280,1280,Full-ΣMi残差模型,M1+M2+M3+M4,风险影响评估类,项目失效现象查后果与RPN,后果与风险指标查询,,,中等,在“Floating support structure / Floating Support structure / Primary structure & Welding”中，失效模式“Cracks”的风险影响如何？请给出后果和RPN。,Structural failure；RPN=22.67,失效模式 / FailureMode: Cracks [11] 风险优先数 / RPN: 22.67 失效后果 / FailureEffect: Structural failure,正确,1.0,544.42,语义RAG,0.6667,1.0,0,,3,,,22.67,,,Structural failure,22.67,项目/功能；潜在失效模式；潜在失效后果；风险优先数(RPN),53,
1281,1281,Full-ΣMi残差模型,M1+M2+M3+M4,风险影响评估类,项目失效现象查后果与RPN,后果与风险指标查询,,,中等,在“Floating support structure / Floating Support structure / All structures”中，失效模式“Cracks”的风险影响如何？请给出后果和RPN。,Structural failure；RPN=34,后果: Structural failure RPN: 22.67,错误,0.5,519.99,语义RAG,0.6667,0.5,0,,3,,34.0,,,,Structural failure,34.0,项目/功能；潜在失效模式；潜在失效后果；风险优先数(RPN),54,
1282,1282,Full-ΣMi残差模型,M1+M2+M3+M4,风险影响评估类,项目失效现象查后果与RPN,后果与风险指标查询,,,中等,在“Floating support structure / Floating Support structure / Secondary structure”中，失效模式“Watertight fault”的风险影响如何？请给出后果和RPN。,Potential Failure/Asset damage Energy production loss；RPN=31.2,后果: Asset damage Energy production loss/reduced stability RPN: 37.2,错误,0.0,603.04,语义RAG,0.6667,0.0,0,,3,Potential Failure/Asset damage Energy production loss,31.2,,,,Potential Failure/Asset damage Energy production loss,31.2,项目/功能；潜在失效模式；潜在失效后果；风险优先数(RPN),57,
1283,1283,Full-ΣMi残差模型,M1+M2+M3+M4,风险影响评估类,项目失效现象查后果与RPN,后果与风险指标查询,,,中等,在“Floating support structure / Floating Support structure / Secondary structure”中，失效模式“Floater unit sinkage”的风险影响如何？请给出后果和RPN。,Potential Failure/Asset damage Energy production loss；RPN=26.86,后果：Potential Failure/Asset damage Energy production loss RPN：26.86,正确,1.0,615.79,语义RAG,1.0,1.0,0,,3,,,26.86,,,Potential Failure/Asset damage Energy production loss,26.86,项目/功能；潜在失效模式；潜在失效后果；风险优先数(RPN),58,
1284,1284,Full-ΣMi残差模型,M1+M2+M3+M4,风险影响评估类,项目失效现象查后果与RPN,后果与风险指标查询,,,中等,在“Floating support structure / Floating Support structure / All structures”中，失效模式“Structural plastic deformation”的风险影响如何？请给出后果和RPN。,Local stress accumulation；RPN=24.17,后果：Local stress accumulation 风险优先数（RPN）: 24.17,正确,1.0,629.46,语义RAG,1.0,1.0,0,,3,,,24.17,,,Local stress accumulation,24.17,项目/功能；潜在失效模式；潜在失效后果；风险优先数(RPN),59,
1285,1285,Full-ΣMi残差模型,M1+M2+M3+M4,风险影响评估类,项目失效现象查后果与RPN,后果与风险指标查询,,,中等,在“Floating support structure / Floating Support structure / All structures”中，失效模式“Watertight fault”的风险影响如何？请给出后果和RPN。,"If these cracks propagate through the wall and lie under water or within the splash zone, then they constitute a risk to the watertightness.；RPN=30.8",后果: Asset damage Energy production loss/reduced stability RPN: 37.2,错误,0.0,634.93,语义RAG,0.6667,0.0,0,,3,"If these cracks propagate through the wall and lie under water or within the splash zone, then they constitute a risk to the watertightness.",30.8,,,,"If these cracks propagate through the wall and lie under water or within the splash zone, then they constitute a risk to the watertightness.",30.8,项目/功能；潜在失效模式；潜在失效后果；风险优先数(RPN),62,
1286,1286,Full-ΣMi残差模型,M1+M2+M3+M4,风险影响评估类,项目失效现象查后果与RPN,后果与风险指标查询,,,中等,在“Floating support structure / Floating Support structure / Secondary structure”中，失效模式“Structural break”的风险影响如何？请给出后果和RPN。,Asset damage Energy production loss/reduced stability；RPN=18.8,不知道。上下文中的失效模式为“Structural plastic deformation [11]”、“Floater unit sinkage”和“Watertight fault [1]”，没有找到“Structural break”的相关信息。,错误,0.0,798.95,语义RAG,0.6667,0.5,0,,3,Asset damage Energy production loss/reduced stability,18.8,,,,Asset damage Energy production loss/reduced stability,18.8,项目/功能；潜在失效模式；潜在失效后果；风险优先数(RPN),66,
1287,1287,Full-ΣMi残差模型,M1+M2+M3+M4,风险影响评估类,项目失效现象查后果与RPN,后果与风险指标查询,,,中等,在“Floating support structure / Floating Support structure / Primary structure & Welding”中，失效模式“Structural break”的风险影响如何？请给出后果和RPN。,Tower collapse；RPN=33.4,不知道。上下文中的“Floating support structure / Floating Support structure / Primary structure & Welding”没有对应“Structural break”这一失效模式。,错误,0.0,649.42,语义RAG,0.0,0.0,0,,3,Tower collapse,33.4,,,,Tower collapse,33.4,项目/功能；潜在失效模式；潜在失效后果；风险优先数(RPN),68,
1288,1288,Full-ΣMi残差模型,M1+M2+M3+M4,风险影响评估类,项目失效现象查后果与RPN,后果与风险指标查询,,,中等,在“Floating support structure / Floating Support structure / All structures”中，失效模式“Floater unit sinkage”的风险影响如何？请给出后果和RPN。,Potential Failure/Asset damage Energy production loss；RPN=30.8,后果: Potential Failure/Asset damage Energy production loss RPN: 30.8,正确,1.0,625.96,语义RAG,1.0,1.0,0,,3,,,30.8,,,Potential Failure/Asset damage Energy production loss,30.8,项目/功能；潜在失效模式；潜在失效后果；风险优先数(RPN),69,
1289,1289,Full-ΣMi残差模型,M1+M2+M3+M4,风险影响评估类,项目失效现象查后果与RPN,后果与风险指标查询,,,中等,在“Floating support structure / Floating Support structure / All structures & Welding”中，失效模式“Structural break”的风险影响如何？请给出后果和RPN。,"Watertight fault, Potential Floater Unit sinkage；RPN=19",不知道。上下文中的失效模式为“Structural plastic deformation”，没有找到“Structural break”的相关信息。,错误,0.0,657.59,语义RAG,0.0,0.0,0,,3,"Watertight fault, Potential Floater Unit sinkage",19.0,,,,"Watertight fault, Potential Floater Unit sinkage",19.0,项目/功能；潜在失效模式；潜在失效后果；风险优先数(RPN),72,
1290,1290,Full-ΣMi残差模型,M1+M2+M3+M4,风险影响评估类,项目失效现象查后果与RPN,后果与风险指标查询,,,中等,在“Floating support structure / Floating Support structure / Secondary structure & Welding”中，失效模式“Watertight fault”的风险影响如何？请给出后果和RPN。,Reduced stability；RPN=36,后果: Asset damage Energy production loss/reduced stability RPN: 37.2,错误,0.5,599.29,语义RAG,0.3333,0.5,0,,3,,36.0,,,,Reduced stability,36.0,项目/功能；潜在失效模式；潜在失效后果；风险优先数(RPN),73,
1291,1291,Full-ΣMi残差模型,M1+M2+M3+M4,风险影响评估类,项目失效现象查后果与RPN,后果与风险指标查询,,,中等,在“Floating support structure / Floating Support structure / Welding”中，失效模式“Cracks”的风险影响如何？请给出后果和RPN。,Watertight fault；RPN=31.2,失效模式 / FailureMode: Cracks [11] 风险优先数 / RPN: 30.57 失效后果 / FailureEffect: Structural failure,错误,0.0,703.92,语义RAG,0.6667,0.0,0,,3,Watertight fault,31.2,,,,Watertight fault,31.2,项目/功能；潜在失效模式；潜在失效后果；风险优先数(RPN),74,
1292,1292,Full-ΣMi残差模型,M1+M2+M3+M4,风险影响评估类,项目失效现象查后果与RPN,后果与风险指标查询,,,中等,在“Station keeping / Anchor”中，失效模式“Anchor failure”的风险影响如何？请给出后果和RPN。,Anchor failure；RPN=34,失效模式 “Anchor failure”的后果是 Anchor failure。 风险优先数（RPN）为 34。,正确,1.0,681.43,语义RAG,0.6667,1.0,0,,3,,,34.0,,,Anchor failure,34.0,项目/功能；潜在失效模式；潜在失效后果；风险优先数(RPN),75,
1293,1293,Full-ΣMi残差模型,M1+M2+M3+M4,风险影响评估类,项目失效现象查后果与RPN,后果与风险指标查询,,,中等,在“Station keeping / Mooring Lines / Buoyancy element”中，失效模式“Failure in buoyancy element”的风险影响如何？请给出后果和RPN。,RPN=29.25,后果: 未记录 RPN: 29.25,正确,1.0,547.89,语义RAG,0.6667,1.0,0,,3,,,29.25,,,,29.25,项目/功能；潜在失效模式；潜在失效后果；风险优先数(RPN),77,
1294,1294,Full-ΣMi残差模型,M1+M2+M3+M4,风险影响评估类,项目失效现象查后果与RPN,后果与风险指标查询,,,中等,在“Station keeping / Mooring Lines / Clump weight”中，失效模式“Failure in clump weight”的风险影响如何？请给出后果和RPN。,RPN=28.5,后果: 未记录 RPN: 28.5,正确,1.0,532.22,语义RAG,0.6667,1.0,0,,3,,,28.5,,,,28.5,项目/功能；潜在失效模式；潜在失效后果；风险优先数(RPN),78,
1295,1295,Full-ΣMi残差模型,M1+M2+M3+M4,风险影响评估类,项目失效现象查后果与RPN,后果与风险指标查询,,,中等,在“Station keeping / Fairlead”中，失效模式“Fairlead failure”的风险影响如何？请给出后果和RPN。,The anchor cannot be dropped and lift；RPN=30,不知道。上下文中的“Station keeping / Anchor (AC)”涉及到了`Anchor failure`的失效模式，但没有提到`Fairlead failure`的相关信息。,错误,0.0,724.69,语义RAG,0.0,0.0,0,,3,The anchor cannot be dropped and lift,30.0,,,,The anchor cannot be dropped and lift,30.0,项目/功能；潜在失效模式；潜在失效后果；风险优先数(RPN),79,
1296,1296,Full-ΣMi残差模型,M1+M2+M3+M4,风险影响评估类,项目失效现象查后果与RPN,后果与风险指标查询,,,中等,在“Station keeping / Monitoring System”中，失效模式“Monitoring system fails”的风险影响如何？请给出后果和RPN。,Unable to monitor tension in the mooring lines；RPN=13.5,不知道。上下文中的信息没有提到“Station keeping / Monitoring System”中“Monitoring system fails”的失效模式、后果和RPN。,错误,0.0,591.73,语义RAG,0.0,0.0,0,,3,Unable to monitor tension in the mooring lines,13.5,,,,Unable to monitor tension in the mooring lines,13.5,项目/功能；潜在失效模式；潜在失效后果；风险优先数(RPN),81,
1297,1297,Full-ΣMi残差模型,M1+M2+M3+M4,风险影响评估类,项目失效现象查后果与RPN,后果与风险指标查询,,,中等,在“Station keeping / Mooring Lines / Mooring lines”中，失效模式“Mooring line breakage”的风险影响如何？请给出后果和RPN。,Mooring line strength decrease or broken；RPN=28.8,后果：Mooring line strength decrease or broken RPN: 24,错误,0.5,615.06,语义RAG,0.6667,0.5,0,,3,,28.8,,,,Mooring line strength decrease or broken,28.8,项目/功能；潜在失效模式；潜在失效后果；风险优先数(RPN),82,
1298,1298,Full-ΣMi残差模型,M1+M2+M3+M4,风险影响评估类,项目失效现象查后果与RPN,后果与风险指标查询,,,中等,在“Station keeping / Mooring Lines / Mooring lines”中，失效模式“Mooring Line Corrosion”的风险影响如何？请给出后果和RPN。,Mooring line strength decrease or broken；RPN=29.2,失效模式：Mooring Line Corrosion [1] 后果：Mooring line strength decrease or broken 风险优先数（RPN）：29.2,正确,1.0,806.27,语义RAG,0.3333,1.0,0,,3,,,29.2,,,Mooring line strength decrease or broken,29.2,项目/功能；潜在失效模式；潜在失效后果；风险优先数(RPN),85,
1299,1299,Full-ΣMi残差模型,M1+M2+M3+M4,风险影响评估类,项目失效现象查后果与RPN,后果与风险指标查询,,,中等,在“Station keeping / Mooring Lines / Mooring lines”中，失效模式“Mooring Line Fatigue”的风险影响如何？请给出后果和RPN。,Mooring line strength decrease or broken；RPN=29.6,失效模式 “Mooring Line Fatigue [1]” 的后果是：Mooring line strength decrease or broken；RPN为29.6。,正确,1.0,505.59,语义RAG,0.6667,1.0,0,,3,,,29.6,,,Mooring line strength decrease or broken,29.6,项目/功能；潜在失效模式；潜在失效后果；风险优先数(RPN),86,
1300,1300,Full-ΣMi残差模型,M1+M2+M3+M4,风险影响评估类,项目失效现象查后果与RPN,后果与风险指标查询,,,中等,在“Station keeping / Mooring Lines / Mooring lines”中，失效模式“Mooring line wear”的风险影响如何？请给出后果和RPN。,Mooring line strength decrease or broken；RPN=35.6,失效模式“Mooring line wear”的后果是：Mooring line strength decrease or broken。 相关记录的RPN如下： - FMEA编号 SKS16 的 RPN 为 31.6 - FMEA编号 SKS14 的 RPN 为 35.6,正确,1.0,1038.59,语义RAG,1.0,1.0,0,,3,,,35.6,,,Mooring line strength decrease or broken,35.6,项目/功能；潜在失效模式；潜在失效后果；风险优先数(RPN),88,
1301,1301,Full-ΣMi残差模型,M1+M2+M3+M4,风险影响评估类,项目失效现象查后果与RPN,后果与风险指标查询,,,中等,在“Station keeping / Mooring lines / Mooring lines”中，失效模式“Mooring lines broken”的风险影响如何？请给出后果和RPN。,Asset not in correct location or position；RPN=24.8,失效模式 / FailureMode: Mooring line breakage[8] 失效后果 / FailureEffect: Mooring line strength decrease or broken 风险优先数 / RPN: 24,错误,0.0,777.93,语义RAG,0.0,0.0,0,,3,Asset not in correct location or position,24.8,,,,Asset not in correct location or position,24.8,项目/功能；潜在失效模式；潜在失效后果；风险优先数(RPN),91,
1302,1302,Full-ΣMi残差模型,M1+M2+M3+M4,风险影响评估类,项目失效现象查后果与RPN,后果与风险指标查询,,,中等,在“Station keeping / Mooring lines / Mooring winch”中，失效模式“Mooring winch failure”的风险影响如何？请给出后果和RPN。,Asset not in correct location or position；RPN=21.6,后果: Asset not in correct location or position RPN: 25.6,错误,0.5,628.73,语义RAG,1.0,1.0,0,,3,,21.6,,,,Asset not in correct location or position,21.6,项目/功能；潜在失效模式；潜在失效后果；风险优先数(RPN),95,
1303,1303,Full-ΣMi残差模型,M1+M2+M3+M4,风险影响评估类,项目失效现象查后果与RPN,后果与风险指标查询,,,中等,在“Dynamic cable / Dynamic Cable / Dynamic Cable”中，失效模式“accelerated mechanical fatigue”的风险影响如何？请给出后果和RPN。,Structural damage - cable composition weakening；RPN=30.25,后果：Structural damage - cable composition weakening RPN：30.25,正确,1.0,626.52,语义RAG,1.0,1.0,0,,3,,,30.25,,,Structural damage - cable composition weakening,30.25,项目/功能；潜在失效模式；潜在失效后果；风险优先数(RPN),97,
1304,1304,Full-ΣMi残差模型,M1+M2+M3+M4,风险影响评估类,项目失效现象查后果与RPN,后果与风险指标查询,,,中等,在“Dynamic cable / Dynamic Cable / Dynamic Cable”中，失效模式“anchoring damages”的风险影响如何？请给出后果和RPN。,Structural integrity damage - extra stress on cables；RPN=20,后果：Structural integrity damage - extra stress on cables RPN: 20,正确,1.0,598.73,语义RAG,1.0,1.0,0,,3,,,20.0,,,Structural integrity damage - extra stress on cables,20.0,项目/功能；潜在失效模式；潜在失效后果；风险优先数(RPN),98,
1305,1305,Full-ΣMi残差模型,M1+M2+M3+M4,风险影响评估类,项目失效现象查后果与RPN,后果与风险指标查询,,,中等,在“Dynamic cable / Dynamic Cable / Dynamic Cable”中，失效模式“Cable Damage”的风险影响如何？请给出后果和RPN。,Operational disruption；RPN=32,"根据上下文，""Dynamic cable / Dynamic Cable / Dynamic Cable"" 中没有直接提到 “Cable Damage” 这个失效模式，有的是 ""Fatigue Cracks"" 和 ""Crushing or deformation""。 但是可以参考最接近的失效模式 ""Crushing or deformation"" 的信息： - 后果: Structural damage - cable weakening - RPN: 24 因此，“Cable Damage”的后果为：结构损伤 - 导致电缆削弱；RPN 为 24。",错误,0.0,1323.63,语义RAG,0.6667,0.0,0,,3,Operational disruption,32.0,,,,Operational disruption,32.0,项目/功能；潜在失效模式；潜在失效后果；风险优先数(RPN),99,
1306,1306,Full-ΣMi残差模型,M1+M2+M3+M4,风险影响评估类,项目失效现象查后果与RPN,后果与风险指标查询,,,中等,在“Dynamic cable / Dynamic Cable / J-tube”中，失效模式“Corrosion of J-tube”的风险影响如何？请给出后果和RPN。,J-tube degradation affecting cable integrity；RPN=22.5,"后果：J-tube degradation affecting cable integrity RPN：22.5（排名1）, 15（排名2）",正确,1.0,693.32,语义RAG,1.0,1.0,0,,3,,,22.5,,,J-tube degradation affecting cable integrity,22.5,项目/功能；潜在失效模式；潜在失效后果；风险优先数(RPN),100,
1307,1307,Full-ΣMi残差模型,M1+M2+M3+M4,风险影响评估类,项目失效现象查后果与RPN,后果与风险指标查询,,,中等,在“Dynamic cable / Dynamic Cable / Dynamic Cable”中，失效模式“Crushing or deformation”的风险影响如何？请给出后果和RPN。,Structural damage - cable weakening；RPN=24,后果: Structural damage - cable weakening RPN: 24,正确,1.0,575.96,语义RAG,1.0,1.0,0,,3,,,24.0,,,Structural damage - cable weakening,24.0,项目/功能；潜在失效模式；潜在失效后果；风险优先数(RPN),102,
1308,1308,Full-ΣMi残差模型,M1+M2+M3+M4,风险影响评估类,项目失效现象查后果与RPN,后果与风险指标查询,,,中等,在“Dynamic cable / Dynamic Cable / Hang-off”中，失效模式“damage and corrosion of mechanical parts”的风险影响如何？请给出后果和RPN。,High risk of fault on the cable - total loss of the line Prodution loss on the string；RPN=24,后果: High risk of fault on the cable - total loss of the line Prodution loss on the string RPN: 24,正确,1.0,672.06,语义RAG,0.6667,1.0,0,,3,,,24.0,,,High risk of fault on the cable - total loss of the line Prodution loss on the string,24.0,项目/功能；潜在失效模式；潜在失效后果；风险优先数(RPN),103,
1309,1309,Full-ΣMi残差模型,M1+M2+M3+M4,风险影响评估类,项目失效现象查后果与RPN,后果与风险指标查询,,,中等,在“Dynamic cable / Dynamic Cable / Dynamic Cable”中，失效模式“Debris disturbance”的风险影响如何？请给出后果和RPN。,Cable damage - operational disruption；RPN=16,不知道。上下文中的失效模式不包含“Debris disturbance”。,错误,0.0,591.91,语义RAG,1.0,0.0,0,,3,Cable damage - operational disruption,16.0,,,,Cable damage - operational disruption,16.0,项目/功能；潜在失效模式；潜在失效后果；风险优先数(RPN),104,
1310,1310,Full-ΣMi残差模型,M1+M2+M3+M4,风险影响评估类,项目失效现象查后果与RPN,后果与风险指标查询,,,中等,在“Dynamic cable / Dynamic Cable / Dynamic Cable”中，失效模式“Detachment”的风险影响如何？请给出后果和RPN。,cable disconnection - water penetration - Power loss；RPN=18.5,不知道。上下文中的失效模式不包含“Detachment”。,错误,0.0,555.4,语义RAG,0.6667,0.0,0,,3,cable disconnection - water penetration - Power loss,18.5,,,,cable disconnection - water penetration - Power loss,18.5,项目/功能；潜在失效模式；潜在失效后果；风险优先数(RPN),105,
1311,1311,Full-ΣMi残差模型,M1+M2+M3+M4,风险影响评估类,项目失效现象查后果与RPN,后果与风险指标查询,,,中等,在“Dynamic cable / Dynamic Cable / Joints and terminations”中，失效模式“Failure of end termination”的风险影响如何？请给出后果和RPN。,breakdown of insulation；RPN=25.2,后果: breakdown of insulation RPN: 28.6,错误,0.5,572.64,语义RAG,0.6667,1.0,0,,3,,25.2,,,,breakdown of insulation,25.2,项目/功能；潜在失效模式；潜在失效后果；风险优先数(RPN),106,
1312,1312,Full-ΣMi残差模型,M1+M2+M3+M4,风险影响评估类,项目失效现象查后果与RPN,后果与风险指标查询,,,中等,在“Dynamic cable / Dynamic Cable / Dynamic Cable”中，失效模式“Failure of fixing clamps”的风险影响如何？请给出后果和RPN。,Cable damage - exposure to elements；RPN=28,后果: Cable damage - exposure to elements RPN: 28,正确,1.0,580.83,语义RAG,1.0,1.0,0,,3,,,28.0,,,Cable damage - exposure to elements,28.0,项目/功能；潜在失效模式；潜在失效后果；风险优先数(RPN),109,
1313,1313,Full-ΣMi残差模型,M1+M2+M3+M4,风险影响评估类,项目失效现象查后果与RPN,后果与风险指标查询,,,中等,在“Dynamic cable / Dynamic Cable / Insulation”中，失效模式“Failure of insulations”的风险影响如何？请给出后果和RPN。,Fault in the cable - power disruption；RPN=25.6,后果：Fault in the cable - power disruption RPN：25.6,正确,1.0,585.29,语义RAG,0.6667,1.0,0,,3,,,25.6,,,Fault in the cable - power disruption,25.6,项目/功能；潜在失效模式；潜在失效后果；风险优先数(RPN),110,
1314,1314,Full-ΣMi残差模型,M1+M2+M3+M4,风险影响评估类,项目失效现象查后果与RPN,后果与风险指标查询,,,中等,在“Dynamic cable / Dynamic Cable / Sheath”中，失效模式“Failure of sheath”的风险影响如何？请给出后果和RPN。,Fault in the cable - exposure to elements；RPN=31.6,后果: Fault in the cable - exposure to elements RPN: 31.6,正确,1.0,602.95,语义RAG,0.6667,1.0,0,,3,,,31.6,,,Fault in the cable - exposure to elements,31.6,项目/功能；潜在失效模式；潜在失效后果；风险优先数(RPN),111,
1315,1315,Full-ΣMi残差模型,M1+M2+M3+M4,风险影响评估类,项目失效现象查后果与RPN,后果与风险指标查询,,,中等,在“Dynamic cable / Dynamic Cable / Dynamic Cable”中，失效模式“Failure of watertightness”的风险影响如何？请给出后果和RPN。,Reduced or interupted electricity flow；RPN=30.2,后果: Reduced or interupted electricity flow RPN: 27.8 RPN: 30.2,正确,1.0,649.69,语义RAG,1.0,1.0,0,,3,,,30.2,,,Reduced or interupted electricity flow,30.2,项目/功能；潜在失效模式；潜在失效后果；风险优先数(RPN),112,
1316,1316,Full-ΣMi残差模型,M1+M2+M3+M4,风险影响评估类,项目失效现象查后果与RPN,后果与风险指标查询,,,中等,在“Dynamic cable / Dynamic Cable / Conductor”中，失效模式“failures of conductors”的风险影响如何？请给出后果和RPN。,Electrical faults - loss of production；RPN=25,后果: Electrical faults - loss of production RPN: 25,正确,1.0,548.0,语义RAG,0.6667,1.0,0,,3,,,25.0,,,Electrical faults - loss of production,25.0,项目/功能；潜在失效模式；潜在失效后果；风险优先数(RPN),114,
1317,1317,Full-ΣMi残差模型,M1+M2+M3+M4,风险影响评估类,项目失效现象查后果与RPN,后果与风险指标查询,,,中等,在“Dynamic cable / Dynamic Cable / Dynamic Cable”中，失效模式“Fatigue Cracks”的风险影响如何？请给出后果和RPN。,Crack may evolve in a fault of the cable - Cable weakening；RPN=35.6,后果: Crack may evolve in a fault of the cable - Cable weakening RPN: 35.6,正确,1.0,630.09,语义RAG,0.6667,1.0,0,,3,,,35.6,,,Crack may evolve in a fault of the cable - Cable weakening,35.6,项目/功能；潜在失效模式；潜在失效后果；风险优先数(RPN),115,
1318,1318,Full-ΣMi残差模型,M1+M2+M3+M4,风险影响评估类,项目失效现象查后果与RPN,后果与风险指标查询,,,中等,在“Dynamic cable / Dynamic Cable / Dynamic Cable”中，失效模式“Geo-Hazards”的风险影响如何？请给出后果和RPN。,"Cable damage, production disruption；RPN=32",不知道。上下文中的失效模式并未包含“Geo-Hazards”。,错误,0.0,368.45,语义RAG,0.6667,0.0,0,,3,"Cable damage, production disruption",32.0,,,,"Cable damage, production disruption",32.0,项目/功能；潜在失效模式；潜在失效后果；风险优先数(RPN),116,
1319,1319,Full-ΣMi残差模型,M1+M2+M3+M4,风险影响评估类,项目失效现象查后果与RPN,后果与风险指标查询,,,中等,在“Dynamic cable / Dynamic Cable / Dynamic Cable”中，失效模式“Loss of dynamic positioning”的风险影响如何？请给出后果和RPN。,Cables stress；RPN=26,后果: Cables stress RPN: 26,正确,1.0,550.21,语义RAG,1.0,1.0,0,,3,,,26.0,,,Cables stress,26.0,项目/功能；潜在失效模式；潜在失效后果；风险优先数(RPN),117,
1320,1320,Full-ΣMi残差模型,M1+M2+M3+M4,风险影响评估类,项目失效现象查后果与RPN,后果与风险指标查询,,,中等,在“Dynamic cable / Dynamic Cable / Buoyancy modules”中，失效模式“Loss of float bility (water adsorption)”的风险影响如何？请给出后果和RPN。,RPN=24,后果: 未记录 RPN: 24,正确,1.0,538.44,语义RAG,0.6667,1.0,0,,3,,,24.0,,,,24.0,项目/功能；潜在失效模式；潜在失效后果；风险优先数(RPN),118,
1321,1321,Full-ΣMi残差模型,M1+M2+M3+M4,风险影响评估类,项目失效现象查后果与RPN,后果与风险指标查询,,,中等,在“Dynamic cable / Dynamic Cable / Dynamic Cable”中，失效模式“material degradation”的风险影响如何？请给出后果和RPN。,Weakening of cable materials - loss of production；RPN=18.5,后果: Weakening of cable materials - loss of production RPN: 18.5,正确,1.0,635.82,语义RAG,0.3333,1.0,0,,3,,,18.5,,,Weakening of cable materials - loss of production,18.5,项目/功能；潜在失效模式；潜在失效后果；风险优先数(RPN),119,
1322,1322,Full-ΣMi残差模型,M1+M2+M3+M4,风险影响评估类,项目失效现象查后果与RPN,后果与风险指标查询,,,中等,在“Dynamic cable / Dynamic Cable / Fiber optic”中，失效模式“Mechanical degradation”的风险影响如何？请给出后果和RPN。,RPN=12,后果: 未记录 RPN: 12,正确,1.0,537.56,语义RAG,0.6667,1.0,0,,3,,,12.0,,,,12.0,项目/功能；潜在失效模式；潜在失效后果；风险优先数(RPN),120,
1323,1323,Full-ΣMi残差模型,M1+M2+M3+M4,风险影响评估类,项目失效现象查后果与RPN,后果与风险指标查询,,,中等,在“Dynamic cable / Dynamic Cable / Cable Protection System”中，失效模式“Movement of CPS due to scour/seabed mobility”的风险影响如何？请给出后果和RPN。,Cable being vulnerable to scour and need for repair or replacement；RPN=38.4,后果：Cable being vulnerable to scour and need for repair or replacement RPN：44（来自DC26） RPN：41.6（来自DC27） RPN：38.4（来自DC25）,正确,1.0,903.06,语义RAG,1.0,1.0,0,,3,,,38.4,,,Cable being vulnerable to scour and need for repair or replacement,38.4,项目/功能；潜在失效模式；潜在失效后果；风险优先数(RPN),121,
1324,1324,Full-ΣMi残差模型,M1+M2+M3+M4,风险影响评估类,项目失效现象查后果与RPN,后果与风险指标查询,,,中等,在“Dynamic cable / Dynamic Cable / Dynamic Cable”中，失效模式“Premature damage of outer protection layer”的风险影响如何？请给出后果和RPN。,"Structural damage - cable weakening, exposure to elements；RPN=29","后果: Structural damage - cable weakening, exposure to elements RPN: 29",正确,1.0,617.46,语义RAG,0.3333,1.0,0,,3,,,29.0,,,"Structural damage - cable weakening, exposure to elements",29.0,项目/功能；潜在失效模式；潜在失效后果；风险优先数(RPN),124,
1325,1325,Full-ΣMi残差模型,M1+M2+M3+M4,风险影响评估类,项目失效现象查后果与RPN,后果与风险指标查询,,,中等,在“Dynamic cable / Dynamic Cable / Static cable/Export Cable”中，失效模式“Reduced sediment cover lower than designed value for protection”的风险影响如何？请给出后果和RPN。,"need for re-burial, change of cable protection requirement or even replacement of cable；RPN=28.6","后果: need for re-burial, change of cable protection requirement or even replacement of cable RPN: 28.6",正确,1.0,689.29,语义RAG,1.0,1.0,0,,3,,,28.6,,,"need for re-burial, change of cable protection requirement or even replacement of cable",28.6,项目/功能；潜在失效模式；潜在失效后果；风险优先数(RPN),125,
1326,1326,Full-ΣMi残差模型,M1+M2+M3+M4,风险影响评估类,项目失效现象查后果与RPN,后果与风险指标查询,,,中等,在“Dynamic cable / Dynamic Cable / Dynamic Cable (Touchdown point)”中，失效模式“Reduced sediment cover lower than designed value for protection”的风险影响如何？请给出后果和RPN。,"need for re-burial, change of cable protection requirement or even replacement of cable；RPN=0","后果: need for re-burial, change of cable protection requirement or even replacement of cable RPN: 0",正确,1.0,611.08,语义RAG,1.0,1.0,0,,3,,,0.0,,,"need for re-burial, change of cable protection requirement or even replacement of cable",0.0,项目/功能；潜在失效模式；潜在失效后果；风险优先数(RPN),126,
1327,1327,Full-ΣMi残差模型,M1+M2+M3+M4,风险影响评估类,项目失效现象查后果与RPN,后果与风险指标查询,,,中等,在“Dynamic cable / Dynamic Cable / Dynamic Cable”中，失效模式“Small bending radius”的风险影响如何？请给出后果和RPN。,Cable damage - insulation degradation；RPN=28.6,后果: Cable damage - insulation degradation RPN: 28.6,正确,1.0,602.73,语义RAG,1.0,1.0,0,,3,,,28.6,,,Cable damage - insulation degradation,28.6,项目/功能；潜在失效模式；潜在失效后果；风险优先数(RPN),128,
1328,1328,Full-ΣMi残差模型,M1+M2+M3+M4,风险影响评估类,失效现象查完整风险画像,完整风险画像,,,困难,请评估“Abnormal vibration”这类故障：后果、S/O/D/RPN分别是什么？,Excessive Fatigue Life Consumption；S=4.4；O=3；D=2.5；RPN=33.33,失效后果 / FailureEffect: potential tower connections failure 风险优先数 / RPN: - TP11: 24.67 - TP6: 35.25 - TO1: 33.33 严重度 / S: - TP11: 4 - TP6: 4.25 - TO1: 4.4 发生度 / O: - TP11: 2.33 - TP6: 2.75 - TO1: 3 可探测度 / D: - TP11: 2.67 - TP6: 3 - TO1: 2.5,错误,0.8,1629.43,语义RAG,1.0,1.0,0,1.0,3,Excessive Fatigue Life Consumption,,33.33；4.4；3.0；3.0；2.5,,,Excessive Fatigue Life Consumption,4.4；3.0；2.5；33.33,潜在失效模式；潜在失效后果；严酷度(S)；发生度(O)；可探测度(D)；风险优先数(RPN),0,
1329,1329,Full-ΣMi残差模型,M1+M2+M3+M4,风险影响评估类,失效现象查完整风险画像,完整风险画像,,,困难,请评估“Cracks”这类故障：后果、S/O/D/RPN分别是什么？,Failure of whole facility and vast economic loses；S=3.8；O=2；D=3；RPN=26,根据上下文，没有找到关于“Cracks”的具体信息。因此，无法提供其后果、S/O/D/RPN的具体数值。,错误,0.0,693.57,语义RAG,0.0,0.6,0,0.6,3,Failure of whole facility and vast economic loses,3.8；2.0；3.0；26.0,,,,Failure of whole facility and vast economic loses,3.8；2.0；3.0；26.0,潜在失效模式；潜在失效后果；严酷度(S)；发生度(O)；可探测度(D)；风险优先数(RPN),4,
1330,1330,Full-ΣMi残差模型,M1+M2+M3+M4,风险影响评估类,失效现象查完整风险画像,完整风险画像,,,困难,请评估“Plastic deformation”这类故障：后果、S/O/D/RPN分别是什么？,Potential collapse；S=4；O=2.25；D=3；RPN=25.67,失效模式 / FailureMode: Structural plastic deformation 风险优先数 / RPN: 28 (来自 TP12) 严重度 / S: 3.67 (来自 TP12) 发生度 / O: 2.33 (来自 TP12) 可探测度 / D: 3 (来自 TP12) 失效模式 / FailureMode: Structural plastic deformation 风险优先数 / RPN: 24 (来自 TP7) 严重度 / S: 3.67 (来自 TP7) 发生度 / O: 2.67 (来自 TP7) 可探测度 / D: 3 (来自 TP7),错误,0.2,1583.08,语义RAG,0.6667,0.2,0,0.2,3,Potential collapse,4.0；2.25；25.67,3.0；3.0,,,Potential collapse,4.0；2.25；3.0；25.67,潜在失效模式；潜在失效后果；严酷度(S)；发生度(O)；可探测度(D)；风险优先数(RPN),21,
1331,1331,Full-ΣMi残差模型,M1+M2+M3+M4,风险影响评估类,失效现象查完整风险画像,完整风险画像,,,困难,请评估“Tower collapse”这类故障：后果、S/O/D/RPN分别是什么？,Failure of whole facility and vast economic loses；S=5；O=1.5；D=3.33；RPN=21.33,后果 / FailureEffect: Failure of whole facility and vast economic loses 严重度 / S: 5 发生度 / O: 1.5 可探测度 / D: 3.33 风险优先数 / RPN: 21.33,正确,1.0,910.26,语义RAG,0.3333,1.0,0,1.0,3,,,5.0；1.5；3.33；21.33,,,Failure of whole facility and vast economic loses,5.0；1.5；3.33；21.33,潜在失效模式；潜在失效后果；严酷度(S)；发生度(O)；可探测度(D)；风险优先数(RPN),23,
1332,1332,Full-ΣMi残差模型,M1+M2+M3+M4,风险影响评估类,失效现象查完整风险画像,完整风险画像,,,困难,请评估“Transition piece break”这类故障：后果、S/O/D/RPN分别是什么？,"Tower Unit collapse, Floater Unit damage；S=4.75；O=2.5；D=3；RPN=36.5","失效后果 / FailureEffect: Tower Unit collapse, Floater Unit damage 风险优先数 / RPN: 36.5（TP1） 风险优先数 / RPN: 37.5（TP17） 风险优先数 / RPN: 33（TP2） 严重度 / S: 4.75（TP1） 严重度 / S: 4.67（TP17） 严重度 / S: 4.25（TP2） 发生度 / O: 2.5（TP1） 发生度 / O: 1.67（TP17） 发生度 / O: 2.25（TP2） 可探测度 / D: 3（TP1） 可探测度 / D: 3.33（TP17） 可探测度 / D: 3.25（TP2）",正确,1.0,2023.71,语义RAG,1.0,1.0,0,1.0,3,,,36.5；4.75；2.5；3.0,,,"Tower Unit collapse, Floater Unit damage",4.75；2.5；3.0；36.5,潜在失效模式；潜在失效后果；严酷度(S)；发生度(O)；可探测度(D)；风险优先数(RPN),24,
1333,1333,Full-ΣMi残差模型,M1+M2+M3+M4,风险影响评估类,失效现象查完整风险画像,完整风险画像,,,困难,请评估“Structural plastic deformation”这类故障：后果、S/O/D/RPN分别是什么？,Local stress accumulation；S=4；O=2.5；D=3；RPN=32,"失效后果 / FailureEffect: Local stress accumulation 严重度 / S: 3.67, 4.43 发生度 / O: 2.33, 2.67, 2 可探测度 / D: 3 风险优先数 / RPN: 28, 24, 24.17",错误,0.4,1086.25,语义RAG,1.0,0.4,0,0.4,3,,4.0；2.5；32.0,3.0,,,Local stress accumulation,4.0；2.5；3.0；32.0,潜在失效模式；潜在失效后果；严酷度(S)；发生度(O)；可探测度(D)；风险优先数(RPN),26,
1334,1334,Full-ΣMi残差模型,M1+M2+M3+M4,风险影响评估类,失效现象查完整风险画像,完整风险画像,,,困难,请评估“Capsize”这类故障：后果、S/O/D/RPN分别是什么？,"Watertight fault, Potential Floater Unit sinkage；S=4.57；O=2.29；D=3.86；RPN=27.2",根据提供的上下文，没有找到关于“Capsize”的相关信息。因此，我无法给出其后果、S/O/D/RPN的具体数值。 根据现有信息，“Capsize”不在上述FMEA编号对应的失效模式中。,错误,0.0,828.44,语义RAG,0.0,0.0,0,0.0,3,"Watertight fault, Potential Floater Unit sinkage",4.57；2.29；3.86；27.2,,,,"Watertight fault, Potential Floater Unit sinkage",4.57；2.29；3.86；27.2,潜在失效模式；潜在失效后果；严酷度(S)；发生度(O)；可探测度(D)；风险优先数(RPN),45,
1335,1335,Full-ΣMi残差模型,M1+M2+M3+M4,风险影响评估类,失效现象查完整风险画像,完整风险画像,,,困难,请评估“Additional Structures Failures”这类故障：后果、S/O/D/RPN分别是什么？,Potential failure；S=3.43；O=2.86；D=3.17；RPN=40.14,根据提供的上下文，没有找到直接与“Additional Structures Failures”相关的FMEA记录。因此无法提供具体的后果、S/O/D/RPN值。 但是可以基于现有数据进行推测和类比： - 后果 / FailureEffect: 可能类似于其他结构失效的后果，例如局部应力积累（Local stress accumulation）或电缆损坏导致的操作中断。 - 严重度 / S: 可能会介于4.43到3.2之间，具体数值需要根据实际情况确定。 - 发生度 / O: 可能会在1到3之间，具体数值需要根据实际情况确定。 - 可探测度 / D: 可能会在2到3.2之间，具体数值需要根据实际情况确定。 - 风险优先数 / RPN: 通过 S * O * D 计算得出。 由于没有直接证据支持“Additional Structures Failures”的具体数据，建议进行详细的风险评估以获取准确的S/O/D/RPN值。,错误,0.0,1983.81,语义RAG,0.0,0.0,0,0.0,3,Potential failure,3.43；2.86；3.17；40.14,,,,Potential failure,3.43；2.86；3.17；40.14,潜在失效模式；潜在失效后果；严酷度(S)；发生度(O)；可探测度(D)；风险优先数(RPN),47,
1336,1336,Full-ΣMi残差模型,M1+M2+M3+M4,风险影响评估类,失效现象查完整风险画像,完整风险画像,,,困难,请评估“Hit by dropped objects”这类故障：后果、S/O/D/RPN分别是什么？,"Damage to the facility, vast economic loses；S=3.57；O=2.17；D=4.14；RPN=24.86","失效模式 / FailureMode: Hit by dropped objects [1,9] 严重度 / S: 4.83 发生度 / O: 1.67 可探测度 / D: 3.17 风险优先数 / RPN: 25",错误,0.0,968.89,语义RAG,1.0,1.0,0,1.0,3,"Damage to the facility, vast economic loses",3.57；2.17；4.14；24.86,,,,"Damage to the facility, vast economic loses",3.57；2.17；4.14；24.86,潜在失效模式；潜在失效后果；严酷度(S)；发生度(O)；可探测度(D)；风险优先数(RPN),48,
1337,1337,Full-ΣMi残差模型,M1+M2+M3+M4,风险影响评估类,失效现象查完整风险画像,完整风险画像,,,困难,请评估“Structural break”这类故障：后果、S/O/D/RPN分别是什么？,Structural reassessment；S=4.33；O=1.67；D=3.5；RPN=25,"根据提供的上下文，没有直接关于“Structural break”的信息。因此无法直接给出其后果、S/O/D/RPN的具体数值。 但是可以参考类似的情况进行推测： - 后果 / FailureEffect: tension failure (rupture), buckling of the transition piece/ Tower unit damage - 严重度 / S: 4.25 或 4（取决于具体案例） - 发生度 / O: 2.25 或 2（取决于具体案例） - 可探测度 / D: 3.25 或 2.6 或 3（取决于具体案例） - 风险优先数 / RPN: 33 或 20 或 24（取决于具体案例） 请注意，这些数值是根据类似情况推测的，并非直接来自“Structural break”这一故障模式。",错误,0.0,1931.02,语义RAG,0.0,0.0,0,0.0,3,Structural reassessment,4.33；1.67；3.5；25.0,,,,Structural reassessment,4.33；1.67；3.5；25.0,潜在失效模式；潜在失效后果；严酷度(S)；发生度(O)；可探测度(D)；风险优先数(RPN),49,
1338,1338,Full-ΣMi残差模型,M1+M2+M3+M4,风险影响评估类,失效现象查完整风险画像,完整风险画像,,,困难,请评估“Watertight fault”这类故障：后果、S/O/D/RPN分别是什么？,Potential Failure/Asset damage Energy production loss；S=3.83；O=2.83；D=3.33；RPN=31.2,失效后果 / FailureEffect: Asset damage Energy production loss/reduced stability 严重度 / S: 4.5 发生度 / O: 2.33 可探测度 / D: 3 风险优先数 / RPN: 37.2,错误,0.0,930.04,语义RAG,0.6667,0.0,0,0.0,3,Potential Failure/Asset damage Energy production loss,3.83；2.83；3.33；31.2,,,,Potential Failure/Asset damage Energy production loss,3.83；2.83；3.33；31.2,潜在失效模式；潜在失效后果；严酷度(S)；发生度(O)；可探测度(D)；风险优先数(RPN),57,
1339,1339,Full-ΣMi残差模型,M1+M2+M3+M4,风险影响评估类,失效现象查完整风险画像,完整风险画像,,,困难,请评估“Floater unit sinkage”这类故障：后果、S/O/D/RPN分别是什么？,Potential Failure/Asset damage Energy production loss；S=4.83；O=1.83；D=3.4；RPN=26.86,"失效后果 / FailureEffect: Potential Failure/Asset damage Energy production loss 风险优先数 / RPN: 26.86, 30.8 严重度 / S: 4.83, 5 发生度 / O: 1.83, 1.33 可探测度 / D: 3.4, 2.6",正确,1.0,1135.12,语义RAG,1.0,1.0,0,1.0,3,,,26.86；4.83；1.83；3.4,,,Potential Failure/Asset damage Energy production loss,4.83；1.83；3.4；26.86,潜在失效模式；潜在失效后果；严酷度(S)；发生度(O)；可探测度(D)；风险优先数(RPN),58,
1340,1340,Full-ΣMi残差模型,M1+M2+M3+M4,风险影响评估类,失效现象查完整风险画像,完整风险画像,,,困难,请评估“Anchor failure”这类故障：后果、S/O/D/RPN分别是什么？,Anchor failure；S=4.2；O=2.2；D=3.8；RPN=34,后果 / FailureEffect: Anchor failure 严重度 / S: 4.2 发生度 / O: 2.2 可探测度 / D: 3.8 风险优先数 / RPN: 34,正确,1.0,835.51,语义RAG,0.6667,1.0,0,1.0,3,,,4.2；2.2；3.8；34.0,,,Anchor failure,4.2；2.2；3.8；34.0,潜在失效模式；潜在失效后果；严酷度(S)；发生度(O)；可探测度(D)；风险优先数(RPN),75,
1341,1341,Full-ΣMi残差模型,M1+M2+M3+M4,风险影响评估类,失效现象查完整风险画像,完整风险画像,,,困难,请评估“Failure in buoyancy element”这类故障：后果、S/O/D/RPN分别是什么？,S=3；O=3；D=3.25；RPN=29.25,后果: 未记录 S (严重度): 3 O (发生度): 3 D (可探测度): 3.25 RPN (风险优先数): 29.25,正确,1.0,803.79,语义RAG,0.6667,1.0,0,1.0,3,,,3.0；3.0；3.25；29.25,,,,3.0；3.0；3.25；29.25,潜在失效模式；潜在失效后果；严酷度(S)；发生度(O)；可探测度(D)；风险优先数(RPN),77,
1342,1342,Full-ΣMi残差模型,M1+M2+M3+M4,风险影响评估类,失效现象查完整风险画像,完整风险画像,,,困难,请评估“Failure in clump weight”这类故障：后果、S/O/D/RPN分别是什么？,S=3；O=2.75；D=3.5；RPN=28.5,后果 / FailureEffect: 风险优先数 / RPN: 28.5 严重度 / S: 3 发生度 / O: 2.75 可探测度 / D: 3.5,正确,1.0,823.56,语义RAG,0.6667,1.0,0,1.0,3,,,28.5；3.0；2.75；3.5,,,,3.0；2.75；3.5；28.5,潜在失效模式；潜在失效后果；严酷度(S)；发生度(O)；可探测度(D)；风险优先数(RPN),78,
1343,1343,Full-ΣMi残差模型,M1+M2+M3+M4,风险影响评估类,失效现象查完整风险画像,完整风险画像,,,困难,请评估“Fairlead failure”这类故障：后果、S/O/D/RPN分别是什么？,The anchor cannot be dropped and lift；S=3.8；O=2.8；D=3；RPN=30,根据提供的上下文信息，没有直接提到“Fairlead failure”的相关信息。因此，无法直接给出其后果、S/O/D/RPN的具体数值。 若需评估“Fairlead failure”的具体影响，请提供相关FMEA记录或补充相关信息。,错误,0.0,868.17,语义RAG,0.0,0.2,0,0.2,3,The anchor cannot be dropped and lift,3.8；2.8；3.0；30.0,,,,The anchor cannot be dropped and lift,3.8；2.8；3.0；30.0,潜在失效模式；潜在失效后果；严酷度(S)；发生度(O)；可探测度(D)；风险优先数(RPN),79,
1344,1344,Full-ΣMi残差模型,M1+M2+M3+M4,风险影响评估类,失效现象查完整风险画像,完整风险画像,,,困难,请评估“Monitoring system fails”这类故障：后果、S/O/D/RPN分别是什么？,Unable to monitor tension in the mooring lines；S=2.6；O=3.2；D=2；RPN=13.5,根据提供的上下文，没有直接找到“Monitoring system fails”这一失效模式的具体信息。因此，无法直接给出其后果、S/O/D/RPN的值。 若要进行类似评估，可以参考其他相关失效模式的数据作为参考： - 失效后果 / FailureEffect: Potential failure of landing platform - 严重度 / S: - 对于 FF12 缺失具体数值，但可参考 FF21 的严重度为 2。 - 发生度 / O: - 对于 FF12 和 FF21 均未给出具体数值，但可以参考 SKS2 的发生度为 2.2 或者 FF21 的发生度为 3。 - 可探测度 / D: - 对于 FF12 缺失具体数值，但可参考 FF21 的可探测度为 3. - 风险优先数 / RPN: - 对于 FF12 和 FF21 均未给出具体数值，可以参考 SKS2 的风险优先数为 34 或者 FF21 的风险优先数为 41.17。 请注意，这些数据仅供参考，并非“Monitoring system fails”这一特定失效模式的实际评估结果。,错误,0.2,2681.91,语义RAG,0.0,0.2,0,0.2,3,Unable to monitor tension in the mooring lines,2.6；3.2；13.5,2.0；2.0；2.0,,,Unable to monitor tension in the mooring lines,2.6；3.2；2.0；13.5,潜在失效模式；潜在失效后果；严酷度(S)；发生度(O)；可探测度(D)；风险优先数(RPN),81,
1345,1345,Full-ΣMi残差模型,M1+M2+M3+M4,风险影响评估类,失效现象查完整风险画像,完整风险画像,,,困难,请评估“Mooring line breakage”这类故障：后果、S/O/D/RPN分别是什么？,Mooring line strength decrease or broken；S=4；O=2.4；D=3.2；RPN=28.8,"后果 / FailureEffect: Mooring line strength decrease or broken S / severity: 4 O / occurrence: 2 D / detection: [3, 2.6, 3.2] RPN: [28.8, 20, 24]",错误,0.8,987.71,语义RAG,1.0,1.0,0,1.0,3,,2.4,4.0；3.2；28.8,,,Mooring line strength decrease or broken,4.0；2.4；3.2；28.8,潜在失效模式；潜在失效后果；严酷度(S)；发生度(O)；可探测度(D)；风险优先数(RPN),82,
1346,1346,Full-ΣMi残差模型,M1+M2+M3+M4,风险影响评估类,失效现象查完整风险画像,完整风险画像,,,困难,请评估“Mooring Line Corrosion”这类故障：后果、S/O/D/RPN分别是什么？,Mooring line strength decrease or broken；S=3.6；O=2.8；D=3；RPN=29.2,不知道。上下文中的故障模式不包括“Mooring Line Corrosion”。,错误,0.0,516.74,语义RAG,0.0,0.2,0,0.2,3,Mooring line strength decrease or broken,3.6；2.8；3.0；29.2,,,,Mooring line strength decrease or broken,3.6；2.8；3.0；29.2,潜在失效模式；潜在失效后果；严酷度(S)；发生度(O)；可探测度(D)；风险优先数(RPN),85,
1347,1347,Full-ΣMi残差模型,M1+M2+M3+M4,风险影响评估类,失效现象查完整风险画像,完整风险画像,,,困难,请评估“Mooring Line Fatigue”这类故障：后果、S/O/D/RPN分别是什么？,Mooring line strength decrease or broken；S=3.6；O=2.8；D=3；RPN=29.6,根据提供的上下文，没有找到关于“Mooring Line Fatigue”的相关信息。因此，我无法给出其后果、S/O/D/RPN的具体数值。 根据现有信息，“Mooring Line Fatigue”未在给定的FMEA证据片段中出现。,错误,0.0,747.64,语义RAG,0.0,0.2,0,0.2,3,Mooring line strength decrease or broken,3.6；2.8；3.0；29.6,,,,Mooring line strength decrease or broken,3.6；2.8；3.0；29.6,潜在失效模式；潜在失效后果；严酷度(S)；发生度(O)；可探测度(D)；风险优先数(RPN),86,
1348,1348,Full-ΣMi残差模型,M1+M2+M3+M4,风险影响评估类,失效现象查完整风险画像,完整风险画像,,,困难,请评估“Mooring line wear”这类故障：后果、S/O/D/RPN分别是什么？,Mooring line strength decrease or broken；S=3.6；O=2.8；D=3.6；RPN=35.6,失效后果 / FailureEffect: Mooring line strength decrease or broken 严重度 / S: 3.6 发生度 / O: 2.4 可探测度 / D: 3.6 风险优先数 / RPN: 31.6,错误,0.6,935.7,语义RAG,1.0,1.0,0,1.0,3,,2.8；35.6,3.6；3.6,,,Mooring line strength decrease or broken,3.6；2.8；3.6；35.6,潜在失效模式；潜在失效后果；严酷度(S)；发生度(O)；可探测度(D)；风险优先数(RPN),88,
1349,1349,Full-ΣMi残差模型,M1+M2+M3+M4,风险影响评估类,失效现象查完整风险画像,完整风险画像,,,困难,请评估“Mooring lines broken”这类故障：后果、S/O/D/RPN分别是什么？,Asset not in correct location or position；S=4；O=2.4；D=2.6；RPN=24.8,"失效后果 / FailureEffect: Mooring line strength decrease or broken 风险优先数 / RPN: 24, 20, 28.8 严重度 / S: 4 发生度 / O: 2, 2, 2.4 可探测度 / D: 3, 2.6, 3.2",错误,0.6,1072.85,语义RAG,0.0,0.6,0,0.6,3,Asset not in correct location or position,24.8,4.0；2.4；2.6,,,Asset not in correct location or position,4.0；2.4；2.6；24.8,潜在失效模式；潜在失效后果；严酷度(S)；发生度(O)；可探测度(D)；风险优先数(RPN),91,
1350,1350,Full-ΣMi残差模型,M1+M2+M3+M4,风险影响评估类,失效现象查完整风险画像,完整风险画像,,,困难,请评估“Mooring winch failure”这类故障：后果、S/O/D/RPN分别是什么？,Asset not in correct location or position；S=4；O=2；D=2.8；RPN=21.6,失效模式 / FailureMode: Mooring winch failure [1] 严重度 / S: 4 发生度 / O: 2 可探测度 / D: 3.2 和 2.8（SKS22 和 SKS21 分别为 3.2 和 2.8） 风险优先数 / RPN: 25.6（SKS22）和 21.6（SKS21）,错误,0.8,1256.01,语义RAG,1.0,1.0,0,1.0,3,Asset not in correct location or position,,4.0；2.0；2.8；2.8；21.6,,,Asset not in correct location or position,4.0；2.0；2.8；21.6,潜在失效模式；潜在失效后果；严酷度(S)；发生度(O)；可探测度(D)；风险优先数(RPN),95,
1351,1351,Full-ΣMi残差模型,M1+M2+M3+M4,风险影响评估类,失效现象查完整风险画像,完整风险画像,,,困难,请评估“accelerated mechanical fatigue”这类故障：后果、S/O/D/RPN分别是什么？,Structural damage - cable composition weakening；S=4.2；O=2.2；D=3.75；RPN=30.25,根据上下文，提供的信息中没有直接涉及“accelerated mechanical fatigue”这种失效模式的具体数据。因此，无法直接给出其后果、严重度（S）、发生度（O）、可探测度（D）和风险优先数（RPN）。答案是：不知道。,错误,0.0,944.17,语义RAG,0.0,0.2,0,0.2,3,Structural damage - cable composition weakening,4.2；2.2；3.75；30.25,,,,Structural damage - cable composition weakening,4.2；2.2；3.75；30.25,潜在失效模式；潜在失效后果；严酷度(S)；发生度(O)；可探测度(D)；风险优先数(RPN),97,
1352,1352,Full-ΣMi残差模型,M1+M2+M3+M4,风险影响评估类,失效现象查完整风险画像,完整风险画像,,,困难,请评估“anchoring damages”这类故障：后果、S/O/D/RPN分别是什么？,Structural integrity damage - extra stress on cables；S=4.2；O=1.6；D=2.4；RPN=20,后果 / FailureEffect: Structural integrity damage - extra stress on cables 严重度 / S: 4.2 发生度 / O: 1.6 可探测度 / D: 2.4 风险优先数 / RPN: 20,正确,1.0,899.45,语义RAG,0.3333,1.0,0,1.0,3,,,4.2；1.6；2.4；20.0,,,Structural integrity damage - extra stress on cables,4.2；1.6；2.4；20.0,潜在失效模式；潜在失效后果；严酷度(S)；发生度(O)；可探测度(D)；风险优先数(RPN),98,
1353,1353,Full-ΣMi残差模型,M1+M2+M3+M4,风险影响评估类,失效现象查完整风险画像,完整风险画像,,,困难,请评估“Cable Damage”这类故障：后果、S/O/D/RPN分别是什么？,Operational disruption；S=2.67；O=3；D=3；RPN=32,失效后果 / FailureEffect: Cable damage - operational disruption 严重度 / S: 3.2 发生度 / O: 2 可探测度 / D: 3.2 风险优先数 / RPN: 16,错误,0.2,865.05,语义RAG,0.3333,0.6,0,0.6,3,,2.67；3.0；3.0；32.0,,,,Operational disruption,2.67；3.0；3.0；32.0,潜在失效模式；潜在失效后果；严酷度(S)；发生度(O)；可探测度(D)；风险优先数(RPN),99,
1354,1354,Full-ΣMi残差模型,M1+M2+M3+M4,风险影响评估类,失效现象查完整风险画像,完整风险画像,,,困难,请评估“Corrosion of J-tube”这类故障：后果、S/O/D/RPN分别是什么？,J-tube degradation affecting cable integrity；S=2.8；O=2.8；D=3.2；RPN=22.5,后果 / FailureEffect: J-tube degradation affecting cable integrity S / severity: 2.8 O / occurrence: 2.8 D / detection: 3.2 RPN: 22.5,正确,1.0,841.39,语义RAG,1.0,1.0,0,1.0,3,,,2.8；2.8；3.2；22.5,,,J-tube degradation affecting cable integrity,2.8；2.8；3.2；22.5,潜在失效模式；潜在失效后果；严酷度(S)；发生度(O)；可探测度(D)；风险优先数(RPN),100,
1355,1355,Full-ΣMi残差模型,M1+M2+M3+M4,风险影响评估类,失效现象查完整风险画像,完整风险画像,,,困难,请评估“Crushing or deformation”这类故障：后果、S/O/D/RPN分别是什么？,Structural damage - cable weakening；S=3.8；O=1.8；D=3.2；RPN=24,失效模式 / FailureMode: Crushing or deformation 风险优先数 / RPN: 24 严重度 / S: 3.8 发生度 / O: 1.8 可探测度 / D: 3.2,错误,0.8,872.99,语义RAG,0.3333,1.0,0,1.0,3,Structural damage - cable weakening,,24.0；3.8；1.8；3.2,,,Structural damage - cable weakening,3.8；1.8；3.2；24.0,潜在失效模式；潜在失效后果；严酷度(S)；发生度(O)；可探测度(D)；风险优先数(RPN),102,
1356,1356,Full-ΣMi残差模型,M1+M2+M3+M4,风险影响评估类,失效现象查完整风险画像,完整风险画像,,,困难,请评估“damage and corrosion of mechanical parts”这类故障：后果、S/O/D/RPN分别是什么？,High risk of fault on the cable - total loss of the line Prodution loss on the string；S=3.2；O=1.75；D=3.5；RPN=24,后果 / FailureEffect: High risk of fault on the cable - total loss of the line Prodution loss on the string 严重度 / S: 3.2 发生度 / O: 1.75 可探测度 / D: 3.5 风险优先数 / RPN: 24,正确,1.0,973.3,语义RAG,0.3333,1.0,0,1.0,3,,,3.2；1.75；3.5；24.0,,,High risk of fault on the cable - total loss of the line Prodution loss on the string,3.2；1.75；3.5；24.0,潜在失效模式；潜在失效后果；严酷度(S)；发生度(O)；可探测度(D)；风险优先数(RPN),103,
1357,1357,Full-ΣMi残差模型,M1+M2+M3+M4,风险影响评估类,失效现象查完整风险画像,完整风险画像,,,困难,请评估“Debris disturbance”这类故障：后果、S/O/D/RPN分别是什么？,Cable damage - operational disruption；S=3.2；O=2；D=3.2；RPN=16,后果 / FailureEffect: Cable damage - operational disruption 严重度 / S: 3.2 发生度 / O: 2 可探测度 / D: 3.2 风险优先数 / RPN: 16,正确,1.0,887.43,语义RAG,0.3333,1.0,0,1.0,3,,,3.2；2.0；3.2；16.0,,,Cable damage - operational disruption,3.2；2.0；3.2；16.0,潜在失效模式；潜在失效后果；严酷度(S)；发生度(O)；可探测度(D)；风险优先数(RPN),104,
1358,1358,Full-ΣMi残差模型,M1+M2+M3+M4,风险影响评估类,失效现象查完整风险画像,完整风险画像,,,困难,请评估“Detachment”这类故障：后果、S/O/D/RPN分别是什么？,cable disconnection - water penetration - Power loss；S=4.4；O=2；D=2.4；RPN=18.5,根据提供的上下文，没有找到关于“Detachment”的相关信息。因此，无法给出其后果、S/O/D/RPN的具体数值。 根据现有信息，“Detachment”未被包含在给定的FMEA证据片段中。,错误,0.0,857.11,语义RAG,0.0,0.2,0,0.2,3,cable disconnection - water penetration - Power loss,4.4；2.0；2.4；18.5,,,,cable disconnection - water penetration - Power loss,4.4；2.0；2.4；18.5,潜在失效模式；潜在失效后果；严酷度(S)；发生度(O)；可探测度(D)；风险优先数(RPN),105,
1359,1359,Full-ΣMi残差模型,M1+M2+M3+M4,风险影响评估类,失效现象查完整风险画像,完整风险画像,,,困难,请评估“Failure of end termination”这类故障：后果、S/O/D/RPN分别是什么？,breakdown of insulation；S=3.6；O=2.6；D=2.8；RPN=25.2,后果: breakdown of insulation S (严重度): 3.8 O (发生度): 2.6 D (可探测度): 3.2 RPN (风险优先数): 28.6,错误,0.4,891.2,语义RAG,1.0,1.0,0,1.0,3,,3.6；2.8；25.2,2.6,,,breakdown of insulation,3.6；2.6；2.8；25.2,潜在失效模式；潜在失效后果；严酷度(S)；发生度(O)；可探测度(D)；风险优先数(RPN),106,
1360,1360,Full-ΣMi残差模型,M1+M2+M3+M4,风险影响评估类,失效现象查完整风险画像,完整风险画像,,,困难,请评估“Failure of fixing clamps”这类故障：后果、S/O/D/RPN分别是什么？,Cable damage - exposure to elements；S=3.6；O=2.6；D=3；RPN=28,后果 / FailureEffect: Cable damage - exposure to elements 严重度 / S: 3.6 发生度 / O: 2.6 可探测度 / D: 3 风险优先数 / RPN: 28,正确,1.0,883.13,语义RAG,0.3333,1.0,0,1.0,3,,,3.6；2.6；3.0；28.0,,,Cable damage - exposure to elements,3.6；2.6；3.0；28.0,潜在失效模式；潜在失效后果；严酷度(S)；发生度(O)；可探测度(D)；风险优先数(RPN),109,
1361,1361,Full-ΣMi残差模型,M1+M2+M3+M4,风险影响评估类,失效现象查完整风险画像,完整风险画像,,,困难,请评估“Failure of insulations”这类故障：后果、S/O/D/RPN分别是什么？,Fault in the cable - power disruption；S=4.4；O=2.2；D=2.8；RPN=25.6,后果=Fault in the cable - power disruption; 风险优先数 / RPN=25.6; 严重度 / S=4.4; 发生度 / O=2.2; 可探测度 / D=2.8;,正确,1.0,850.26,语义RAG,0.6667,1.0,0,1.0,3,,,25.6；4.4；2.2；2.8,,,Fault in the cable - power disruption,4.4；2.2；2.8；25.6,潜在失效模式；潜在失效后果；严酷度(S)；发生度(O)；可探测度(D)；风险优先数(RPN),110,
1362,1362,Full-ΣMi残差模型,M1+M2+M3+M4,风险影响评估类,失效现象查完整风险画像,完整风险画像,,,困难,请评估“Failure of sheath”这类故障：后果、S/O/D/RPN分别是什么？,Fault in the cable - exposure to elements；S=4.2；O=2.4；D=3；RPN=31.6,后果 / FailureEffect: Fault in the cable - exposure to elements 严重度 / S: 4.2 发生度 / O: 2.4 可探测度 / D: 3 风险优先数 / RPN: 31.6,正确,1.0,907.62,语义RAG,0.6667,1.0,0,1.0,3,,,4.2；2.4；3.0；31.6,,,Fault in the cable - exposure to elements,4.2；2.4；3.0；31.6,潜在失效模式；潜在失效后果；严酷度(S)；发生度(O)；可探测度(D)；风险优先数(RPN),111,
1363,1363,Full-ΣMi残差模型,M1+M2+M3+M4,风险影响评估类,失效现象查完整风险画像,完整风险画像,,,困难,请评估“Failure of watertightness”这类故障：后果、S/O/D/RPN分别是什么？,Reduced or interupted electricity flow；S=4.2；O=2.6；D=3；RPN=30.2,失效后果 / FailureEffect: Reduced or interupted electricity flow 严重度 / S: 4.2 发生度 / O: 2 可探测度 / D: 3.6 风险优先数 / RPN: 27.8,错误,0.4,904.66,语义RAG,0.6667,1.0,0,1.0,3,,2.6；3.0；30.2,4.2,,,Reduced or interupted electricity flow,4.2；2.6；3.0；30.2,潜在失效模式；潜在失效后果；严酷度(S)；发生度(O)；可探测度(D)；风险优先数(RPN),112,
1364,1364,Full-ΣMi残差模型,M1+M2+M3+M4,风险影响评估类,失效现象查完整风险画像,完整风险画像,,,困难,请评估“failures of conductors”这类故障：后果、S/O/D/RPN分别是什么？,Electrical faults - loss of production；S=4.2；O=2.4；D=2.4；RPN=25,后果 / FailureEffect: Electrical faults - loss of production 严重度 / S: 4.2 发生度 / O: 2.4 可探测度 / D: 2.4 风险优先数 / RPN: 25,正确,1.0,868.57,语义RAG,0.6667,1.0,0,1.0,3,,,4.2；2.4；2.4；25.0,,,Electrical faults - loss of production,4.2；2.4；2.4；25.0,潜在失效模式；潜在失效后果；严酷度(S)；发生度(O)；可探测度(D)；风险优先数(RPN),114,
1365,1365,Full-ΣMi残差模型,M1+M2+M3+M4,风险影响评估类,失效现象查完整风险画像,完整风险画像,,,困难,请评估“Fatigue Cracks”这类故障：后果、S/O/D/RPN分别是什么？,Crack may evolve in a fault of the cable - Cable weakening；S=4.2；O=2.4；D=3.6；RPN=35.6,根据上下文，没有找到关于“Fatigue Cracks”的具体信息。因此，无法提供其后果、S/O/D/RPN的具体数值。,错误,0.0,699.32,语义RAG,0.0,0.0,0,0.0,3,Crack may evolve in a fault of the cable - Cable weakening,4.2；2.4；3.6；35.6,,,,Crack may evolve in a fault of the cable - Cable weakening,4.2；2.4；3.6；35.6,潜在失效模式；潜在失效后果；严酷度(S)；发生度(O)；可探测度(D)；风险优先数(RPN),115,
1366,1366,Full-ΣMi残差模型,M1+M2+M3+M4,风险影响评估类,失效现象查完整风险画像,完整风险画像,,,困难,请评估“Geo-Hazards”这类故障：后果、S/O/D/RPN分别是什么？,"Cable damage, production disruption；S=4.6；O=1.4；D=3.5；RPN=32","失效后果 / FailureEffect: Cable damage, production disruption 严重度 / S: 4.6 发生度 / O: 1.4 可探测度 / D: 3.5 风险优先数 / RPN: 32",正确,1.0,753.91,语义RAG,0.3333,1.0,0,1.0,3,,,4.6；1.4；3.5；32.0,,,"Cable damage, production disruption",4.6；1.4；3.5；32.0,潜在失效模式；潜在失效后果；严酷度(S)；发生度(O)；可探测度(D)；风险优先数(RPN),116,
1367,1367,Full-ΣMi残差模型,M1+M2+M3+M4,风险影响评估类,失效现象查完整风险画像,完整风险画像,,,困难,请评估“Loss of dynamic positioning”这类故障：后果、S/O/D/RPN分别是什么？,Cables stress；S=3.4；O=2.6；D=3；RPN=26,后果 / FailureEffect: Cables stress 严重度 / S: 3.4 发生度 / O: 2.6 可探测度 / D: 3 风险优先数 / RPN: 26,正确,1.0,892.38,语义RAG,0.3333,1.0,0,1.0,3,,,3.4；2.6；3.0；26.0,,,Cables stress,3.4；2.6；3.0；26.0,潜在失效模式；潜在失效后果；严酷度(S)；发生度(O)；可探测度(D)；风险优先数(RPN),117,
1368,1368,Full-ΣMi残差模型,M1+M2+M3+M4,风险影响评估类,失效现象查完整风险画像,完整风险画像,,,困难,请评估“Loss of float bility (water adsorption)”这类故障：后果、S/O/D/RPN分别是什么？,S=3.5；O=2.5；D=3；RPN=24,后果 / FailureEffect: Loss of float bility (water adsorption) 风险优先数 / RPN: 24 严重度 / S: 3.5 发生度 / O: 2.5 可探测度 / D: 3,正确,1.0,851.56,语义RAG,0.6667,1.0,0,1.0,3,,,24.0；3.5；2.5；3.0,,,,3.5；2.5；3.0；24.0,潜在失效模式；潜在失效后果；严酷度(S)；发生度(O)；可探测度(D)；风险优先数(RPN),118,
1369,1369,Full-ΣMi残差模型,M1+M2+M3+M4,风险影响评估类,失效现象查完整风险画像,完整风险画像,,,困难,请评估“material degradation”这类故障：后果、S/O/D/RPN分别是什么？,Weakening of cable materials - loss of production；S=4.4；O=1.8；D=3；RPN=18.5,后果 / FailureEffect: Weakening of cable materials - loss of production 严重度 / S: 4.4 发生度 / O: 1.8 可探测度 / D: 3 风险优先数 / RPN: 18.5,正确,1.0,923.56,语义RAG,0.3333,1.0,0,1.0,3,,,4.4；1.8；3.0；18.5,,,Weakening of cable materials - loss of production,4.4；1.8；3.0；18.5,潜在失效模式；潜在失效后果；严酷度(S)；发生度(O)；可探测度(D)；风险优先数(RPN),119,
1370,1370,Full-ΣMi残差模型,M1+M2+M3+M4,风险影响评估类,失效现象查完整风险画像,完整风险画像,,,困难,请评估“Mechanical degradation”这类故障：后果、S/O/D/RPN分别是什么？,S=2.5；O=1.75；D=2.5；RPN=12,根据上下文，没有直接提到“Mechanical degradation”这一失效模式的具体信息。因此，无法直接给出其后果、S/O/D/RPN的值。 若需评估“Mechanical degradation”，可以参考类似或相关的失效模式进行推测，但具体数值需要进一步的信息支持。,错误,0.0,799.62,语义RAG,0.0,0.25,0,0.25,3,,2.5；1.75；2.5；12.0,,,,,2.5；1.75；2.5；12.0,潜在失效模式；潜在失效后果；严酷度(S)；发生度(O)；可探测度(D)；风险优先数(RPN),120,
1371,1371,Full-ΣMi残差模型,M1+M2+M3+M4,风险影响评估类,失效现象查完整风险画像,完整风险画像,,,困难,请评估“Movement of CPS due to scour/seabed mobility”这类故障：后果、S/O/D/RPN分别是什么？,Cable being vulnerable to scour and need for repair or replacement；S=3.8；O=2.2；D=4.4；RPN=38.4,"后果 / FailureEffect: Cable being vulnerable to scour and need for repair or replacement S / severity: 3.8 O / occurrence: [2.6, 2.8, 2.2] D / detection: 4.4 RPN: [44, 41.6, 38.4]",正确,1.0,1045.01,语义RAG,1.0,1.0,0,1.0,3,,,3.8；2.2；4.4；38.4,,,Cable being vulnerable to scour and need for repair or replacement,3.8；2.2；4.4；38.4,潜在失效模式；潜在失效后果；严酷度(S)；发生度(O)；可探测度(D)；风险优先数(RPN),121,
1372,1372,Full-ΣMi残差模型,M1+M2+M3+M4,风险影响评估类,失效现象查完整风险画像,完整风险画像,,,困难,请评估“Premature damage of outer protection layer”这类故障：后果、S/O/D/RPN分别是什么？,"Structural damage - cable weakening, exposure to elements；S=3.6；O=2.2；D=3.75；RPN=29","后果 / FailureEffect: Structural damage - cable weakening, exposure to elements 严重度 / S: 3.6 发生度 / O: 2.2 可探测度 / D: 3.75 风险优先数 / RPN: 29",正确,1.0,934.89,语义RAG,0.3333,1.0,0,1.0,3,,,3.6；2.2；3.75；29.0,,,"Structural damage - cable weakening, exposure to elements",3.6；2.2；3.75；29.0,潜在失效模式；潜在失效后果；严酷度(S)；发生度(O)；可探测度(D)；风险优先数(RPN),124,
1373,1373,Full-ΣMi残差模型,M1+M2+M3+M4,风险影响评估类,失效现象查完整风险画像,完整风险画像,,,困难,请评估“Reduced sediment cover lower than designed value for protection”这类故障：后果、S/O/D/RPN分别是什么？,"need for re-burial, change of cable protection requirement or even replacement of cable；S=3.6；O=2.4；D=3.8；RPN=28.6","后果: need for re-burial, change of cable protection requirement or even replacement of cable S: 3.6 O: 2.2 D: 4.2 RPN: 29.6",错误,0.4,890.48,语义RAG,1.0,1.0,0,1.0,3,,2.4；3.8；28.6,3.6,,,"need for re-burial, change of cable protection requirement or even replacement of cable",3.6；2.4；3.8；28.6,潜在失效模式；潜在失效后果；严酷度(S)；发生度(O)；可探测度(D)；风险优先数(RPN),125,
1374,1374,Full-ΣMi残差模型,M1+M2+M3+M4,风险影响评估类,失效现象查完整风险画像,完整风险画像,,,困难,请评估“Small bending radius”这类故障：后果、S/O/D/RPN分别是什么？,Cable damage - insulation degradation；S=3.4；O=2.6；D=3.2；RPN=28.6,后果 / FailureEffect: Cable damage - insulation degradation 严重度 / S: 3.4 发生度 / O: 2.6 可探测度 / D: 3.2 风险优先数 / RPN: 28.6,正确,1.0,874.87,语义RAG,0.3333,1.0,0,1.0,3,,,3.4；2.6；3.2；28.6,,,Cable damage - insulation degradation,3.4；2.6；3.2；28.6,潜在失效模式；潜在失效后果；严酷度(S)；发生度(O)；可探测度(D)；风险优先数(RPN),128,
1375,1375,Full-ΣMi残差模型,M1+M2+M3+M4,风险影响评估类,fmea_id_to_risk_profile,风险后果查询,,,中等,查一下FMEA编号DC31的严重度S、发生度O、探测度D和RPN。,S=3.6；O=2.2；D=4.2；RPN=29.6。,不知道。上下文中的FMEA编号均为DC21、FF18和FF21，没有找到FMEA编号为DC31的相关信息。,错误,0.0,682.88,语义RAG,0.0,0.25,0,,3,,3.6；2.2；4.2；29.6,,,,,3.6；2.2；4.2；29.6,FMEA编号；严酷度(S)；发生度(O)；可探测度(D)；风险优先数(RPN),127,
1376,1376,Full-ΣMi残差模型,M1+M2+M3+M4,风险影响评估类,fmea_id_to_risk_profile,风险后果查询,,,中等,FMEA编号DC32这条FMEA风险画像是什么，后果和RPN是多少？,潜在失效后果：Cable damage - insulation degradation；RPN=28.6。,不知道。上下文中的FMEA编号均为FF15、FF18和FF16，并未包含DC32这一编号的FMEA风险画像信息。,错误,0.0,692.89,语义RAG,0.0,0.0,0,,3,Cable damage - insulation degradation,28.6,,,,Cable damage - insulation degradation,28.6,FMEA编号；潜在失效后果；风险优先数(RPN),128,
1377,1377,Full-ΣMi残差模型,M1+M2+M3+M4,风险影响评估类,fmea_id_to_risk_profile,风险后果查询,,,中等,FMEA编号TO1这条记录，影响是什么，风险优先数是多少？,潜在失效后果：Excessive Fatigue Life Consumption；RPN=33.33。,不知道。上下文中没有关于FMEA编号TO1的记录。,错误,0.0,554.56,语义RAG,0.0,0.0,0,,3,Excessive Fatigue Life Consumption,33.33,,,,Excessive Fatigue Life Consumption,33.33,FMEA编号；潜在失效后果；风险优先数(RPN),0,
1378,1378,Full-ΣMi残差模型,M1+M2+M3+M4,风险影响评估类,fmea_id_to_risk_profile,风险后果查询,,,中等,FMEA编号TO2的S、O、D、RPN分别是多少？,S=4.4；O=3；D=2.5；RPN=33.33。,不知道。上下文中的FMEA编号为FF15、FF30和FF16，没有找到编号为TO2的相关信息。,错误,0.0,667.98,语义RAG,0.0,0.25,0,,3,,4.4；3.0；2.5；33.33,,,,,4.4；3.0；2.5；33.33,FMEA编号；严酷度(S)；发生度(O)；可探测度(D)；风险优先数(RPN),1,
1379,1379,Full-ΣMi残差模型,M1+M2+M3+M4,风险影响评估类,fmea_id_to_risk_profile,风险后果查询,,,中等,FMEA编号TO3这条记录的风险分和SOD给我看一下。,S=3.75；O=2.2；D=3；RPN=12.67。,"你提供的上下文中并没有找到FMEA编号为TO3的记录，因此无法提供其风险分和SOD信息。根据现有信息，可以查看其他条目的风险分和SOD： 1. FF15: 风险优先数 (RPN) - 24.17, 严重度 (S) - 4.43, 发生度 (O) - 2, 可探测度 (D) - 3 2. FF16: 风险优先数 (RPN) - 37.2, 严重度 (S) - 4.5, 发生度 (O) - 2.33, 可探测度 (D) - 3 3. DC6: 风险优先数 (RPN) - 24, 严重度 (S) - 3.8, 发生度 (O) - 1.8, 可探测度 (D) - 3.2",错误,0.25,2125.19,语义RAG,0.0,0.25,0,,3,,3.75；2.2；12.67,3.0；3.0；3.0；3.0,,,,3.75；2.2；3.0；12.67,FMEA编号；严酷度(S)；发生度(O)；可探测度(D)；风险优先数(RPN),2,
1380,1380,Full-ΣMi残差模型,M1+M2+M3+M4,风险影响评估类,fmea_id_to_risk_profile,风险后果查询,,,中等,查一下FMEA编号TO4的严重度S、发生度O、探测度D和RPN。,S=4.2；O=2；D=3；RPN=31。,不知道。上下文中的FMEA编号没有TO4的相关信息。,错误,0.0,543.69,语义RAG,0.0,0.5,0,,3,,4.2；2.0；3.0；31.0,,,,,4.2；2.0；3.0；31.0,FMEA编号；严酷度(S)；发生度(O)；可探测度(D)；风险优先数(RPN),3,
1381,1381,Full-ΣMi残差模型,M1+M2+M3+M4,风险影响评估类,fmea_id_to_risk_profile,风险后果查询,,,中等,FMEA编号TO5这条FMEA风险画像是什么，后果和RPN是多少？,潜在失效后果：Failure of whole facility and vast economic loses；RPN=26。,不知道。上下文中的FMEA编号没有提到TO5这个编号。,错误,0.0,546.98,语义RAG,0.0,0.0,0,,3,Failure of whole facility and vast economic loses,26.0,,,,Failure of whole facility and vast economic loses,26.0,FMEA编号；潜在失效后果；风险优先数(RPN),4,
1382,1382,Full-ΣMi残差模型,M1+M2+M3+M4,风险影响评估类,fmea_id_to_risk_profile,风险后果查询,,,中等,FMEA编号TO6这条记录，影响是什么，风险优先数是多少？,潜在失效后果：Failure of whole facility and vast economic loses；RPN=25.25。,不知道。上下文中的FMEA编号没有TO6的记录。,错误,0.0,530.87,语义RAG,0.0,0.0,0,,3,Failure of whole facility and vast economic loses,25.25,,,,Failure of whole facility and vast economic loses,25.25,FMEA编号；潜在失效后果；风险优先数(RPN),5,
1383,1383,Full-ΣMi残差模型,M1+M2+M3+M4,风险影响评估类,fmea_id_to_risk_profile,风险后果查询,,,中等,FMEA编号TO7的S、O、D、RPN分别是多少？,S=4.4；O=2.8；D=3.2；RPN=30。,不知道。上下文中的FMEA编号没有TO7的相关信息。,错误,0.0,528.97,语义RAG,0.0,0.5,0,,3,,4.4；2.8；3.2；30.0,,,,,4.4；2.8；3.2；30.0,FMEA编号；严酷度(S)；发生度(O)；可探测度(D)；风险优先数(RPN),6,
1384,1384,Full-ΣMi残差模型,M1+M2+M3+M4,风险影响评估类,fmea_id_to_risk_profile,风险后果查询,,,中等,FMEA编号TO8这条记录的风险分和SOD给我看一下。,S=4；O=2.25；D=3.67；RPN=21.8。,不知道。上下文中的FMEA编号没有FF08的记录。,错误,0.0,481.93,语义RAG,0.0,0.0,0,,3,,4.0；2.25；3.67；21.8,,,,,4.0；2.25；3.67；21.8,FMEA编号；严酷度(S)；发生度(O)；可探测度(D)；风险优先数(RPN),7,
1385,1385,Full-ΣMi残差模型,M1+M2+M3+M4,风险影响评估类,fmea_id_to_risk_profile,风险后果查询,,,中等,查一下FMEA编号TO9的严重度S、发生度O、探测度D和RPN。,S=4；O=2.25；D=3.67；RPN=38。,不知道。上下文中的FMEA编号没有TO9的相关信息。,错误,0.0,547.04,语义RAG,0.0,0.25,0,,3,,4.0；2.25；3.67；38.0,,,,,4.0；2.25；3.67；38.0,FMEA编号；严酷度(S)；发生度(O)；可探测度(D)；风险优先数(RPN),8,
1386,1386,Full-ΣMi残差模型,M1+M2+M3+M4,风险影响评估类,fmea_id_to_risk_profile,风险后果查询,,,中等,FMEA编号TO10这条FMEA风险画像是什么，后果和RPN是多少？,潜在失效后果：Potential collapse；RPN=40。,不知道。上下文中的FMEA编号均为FF15、FF18和FF16，并未包含TO10的FMEA风险画像信息。,错误,0.0,722.83,语义RAG,0.0,0.0,0,,3,Potential collapse,40.0,,,,Potential collapse,40.0,FMEA编号；潜在失效后果；风险优先数(RPN),9,
1387,1387,Full-ΣMi残差模型,M1+M2+M3+M4,风险影响评估类,fmea_id_to_risk_profile,风险后果查询,,,中等,FMEA编号TO11这条记录，影响是什么，风险优先数是多少？,潜在失效后果：Potential collapse；RPN=33.33。,不知道。上下文中的FMEA编号没有TO11的记录。,错误,0.0,542.13,语义RAG,0.0,0.0,0,,3,Potential collapse,33.33,,,,Potential collapse,33.33,FMEA编号；潜在失效后果；风险优先数(RPN),10,
1388,1388,Full-ΣMi残差模型,M1+M2+M3+M4,风险影响评估类,fmea_id_to_risk_profile,风险后果查询,,,中等,FMEA编号TO12的S、O、D、RPN分别是多少？,S=4；O=2.8；D=3.75；RPN=30。,"不知道。上下文中的FMEA编号为FF15, FF30和FF16，没有找到编号为TO12的相关信息。",错误,0.25,690.57,语义RAG,0.0,0.25,0,,3,,4.0；2.8；3.75,30.0,,,,4.0；2.8；3.75；30.0,FMEA编号；严酷度(S)；发生度(O)；可探测度(D)；风险优先数(RPN),11,
1389,1389,Full-ΣMi残差模型,M1+M2+M3+M4,风险影响评估类,fmea_id_to_risk_profile,风险后果查询,,,中等,FMEA编号TO13这条记录的风险分和SOD给我看一下。,S=3.75；O=3；D=2.67；RPN=40.75。,不知道。上下文中的FMEA编号没有提到TO13这条记录的信息。,错误,0.0,518.35,语义RAG,0.0,0.25,0,,3,,3.75；3.0；2.67；40.75,,,,,3.75；3.0；2.67；40.75,FMEA编号；严酷度(S)；发生度(O)；可探测度(D)；风险优先数(RPN),12,
1390,1390,Full-ΣMi残差模型,M1+M2+M3+M4,风险影响评估类,fmea_id_to_risk_profile,风险后果查询,,,中等,查一下FMEA编号TO14的严重度S、发生度O、探测度D和RPN。,S=4.33；O=2；D=2.67；RPN=33.5。,不知道。上下文中的FMEA编号没有TO14的相关信息。,错误,0.0,532.35,语义RAG,0.0,0.25,0,,3,,4.33；2.0；2.67；33.5,,,,,4.33；2.0；2.67；33.5,FMEA编号；严酷度(S)；发生度(O)；可探测度(D)；风险优先数(RPN),13,
1391,1391,Full-ΣMi残差模型,M1+M2+M3+M4,风险影响评估类,fmea_id_to_risk_profile,风险后果查询,,,中等,FMEA编号TO15这条FMEA风险画像是什么，后果和RPN是多少？,潜在失效后果：Potential collapse；RPN=30。,FMEA编号FF15这条FMEA风险画像的问题是Structural plastic deformation [11]，后果是Local stress accumulation，风险优先数（RPN）是24.17。,错误,0.0,787.05,语义RAG,0.0,0.0,0,,3,Potential collapse,30.0,,,,Potential collapse,30.0,FMEA编号；潜在失效后果；风险优先数(RPN),14,
1392,1392,Full-ΣMi残差模型,M1+M2+M3+M4,风险影响评估类,fmea_id_to_risk_profile,风险后果查询,,,中等,FMEA编号TO16这条记录，影响是什么，风险优先数是多少？,潜在失效后果：Failure of whole facility and vast economic loses；RPN=26。,不知道。上下文没有提到FMEA编号TO16的记录信息。,错误,0.0,532.91,语义RAG,0.0,0.5,0,,3,Failure of whole facility and vast economic loses,26.0,,,,Failure of whole facility and vast economic loses,26.0,FMEA编号；潜在失效后果；风险优先数(RPN),15,
1393,1393,Full-ΣMi残差模型,M1+M2+M3+M4,风险影响评估类,fmea_id_to_risk_profile,风险后果查询,,,中等,FMEA编号TO17的S、O、D、RPN分别是多少？,S=3.8；O=2.4；D=3；RPN=25.5。,"不知道。上下文中的FMEA编号为FF15, FF30和FF16，没有找到编号为TO17的相关信息。",错误,0.0,682.33,语义RAG,0.0,0.25,0,,3,,3.8；2.4；3.0；25.5,,,,,3.8；2.4；3.0；25.5,FMEA编号；严酷度(S)；发生度(O)；可探测度(D)；风险优先数(RPN),16,
1394,1394,Full-ΣMi残差模型,M1+M2+M3+M4,风险影响评估类,fmea_id_to_risk_profile,风险后果查询,,,中等,FMEA编号TO18这条记录的风险分和SOD给我看一下。,S=4；O=2.4；D=3.25；RPN=33.33。,不知道。上下文中的FMEA编号没有提到TO18这条记录的信息。,错误,0.0,507.37,语义RAG,0.0,0.0,0,,3,,4.0；2.4；3.25；33.33,,,,,4.0；2.4；3.25；33.33,FMEA编号；严酷度(S)；发生度(O)；可探测度(D)；风险优先数(RPN),17,
1395,1395,Full-ΣMi残差模型,M1+M2+M3+M4,风险影响评估类,fmea_id_to_risk_profile,风险后果查询,,,中等,查一下FMEA编号TO19的严重度S、发生度O、探测度D和RPN。,S=4；O=1.5；D=2.67；RPN=23.33。,不知道。上下文中的FMEA编号分别为DC21、FF18和FF21，没有找到TO19的相关信息。,错误,0.0,672.2,语义RAG,0.0,0.25,0,,3,,4.0；1.5；2.67；23.33,,,,,4.0；1.5；2.67；23.33,FMEA编号；严酷度(S)；发生度(O)；可探测度(D)；风险优先数(RPN),18,
1396,1396,Full-ΣMi残差模型,M1+M2+M3+M4,风险影响评估类,fmea_id_to_risk_profile,风险后果查询,,,中等,FMEA编号TO20这条FMEA风险画像是什么，后果和RPN是多少？,潜在失效后果：Failure of whole facility and vast economic loses；RPN=26.5。,不知道。上下文中的FMEA编号为FF15、FF18和FF16，没有提到TO20的FMEA风险画像。,错误,0.0,689.15,语义RAG,0.0,0.0,0,,3,Failure of whole facility and vast economic loses,26.5,,,,Failure of whole facility and vast economic loses,26.5,FMEA编号；潜在失效后果；风险优先数(RPN),19,
1397,1397,Full-ΣMi残差模型,M1+M2+M3+M4,风险影响评估类,fmea_id_to_risk_profile,风险后果查询,,,中等,FMEA编号TO21这条记录，影响是什么，风险优先数是多少？,潜在失效后果：Failure of whole facility and vast economic loses；RPN=27。,影响是Loss of dynamic positioning，风险优先数是26。,错误,0.0,520.45,语义RAG,0.0,0.0,0,,3,Failure of whole facility and vast economic loses,27.0,,,,Failure of whole facility and vast economic loses,27.0,FMEA编号；潜在失效后果；风险优先数(RPN),20,
1398,1398,Full-ΣMi残差模型,M1+M2+M3+M4,风险影响评估类,fmea_id_to_risk_profile,风险后果查询,,,中等,FMEA编号TO22的S、O、D、RPN分别是多少？,S=4；O=2.25；D=3；RPN=25.67。,"不知道。上下文中的FMEA编号为FF15, FF30和FF16，没有找到编号为TO22的相关信息。",错误,0.0,689.68,语义RAG,0.0,0.25,0,,3,,4.0；2.25；3.0；25.67,,,,,4.0；2.25；3.0；25.67,FMEA编号；严酷度(S)；发生度(O)；可探测度(D)；风险优先数(RPN),21,
1399,1399,Full-ΣMi残差模型,M1+M2+M3+M4,风险影响评估类,fmea_id_to_risk_profile,风险后果查询,,,中等,FMEA编号TO23这条记录的风险分和SOD给我看一下。,S=4.4；O=2.2；D=2.8；RPN=18。,不知道。上下文中的FMEA编号均为FF15、FF16和DC6，没有找到TO23的相关信息。,错误,0.0,579.93,语义RAG,0.0,0.0,0,,3,,4.4；2.2；2.8；18.0,,,,,4.4；2.2；2.8；18.0,FMEA编号；严酷度(S)；发生度(O)；可探测度(D)；风险优先数(RPN),22,
1400,1400,Full-ΣMi残差模型,M1+M2+M3+M4,风险影响评估类,fmea_id_to_risk_profile,风险后果查询,,,中等,查一下FMEA编号TO24的严重度S、发生度O、探测度D和RPN。,S=5；O=1.5；D=3.33；RPN=21.33。,不知道。上下文中的FMEA编号分别为DC21、FF18和FF21，没有找到TO24的相关信息。,错误,0.0,693.0,语义RAG,0.0,0.0,0,,3,,5.0；1.5；3.33；21.33,,,,,5.0；1.5；3.33；21.33,FMEA编号；严酷度(S)；发生度(O)；可探测度(D)；风险优先数(RPN),23,
1401,1401,Full-ΣMi残差模型,M1+M2+M3+M4,风险影响评估类,fmea_id_to_risk_profile,风险后果查询,,,中等,FMEA编号TP1这条FMEA风险画像是什么，后果和RPN是多少？,"潜在失效后果：Tower Unit collapse, Floater Unit damage；RPN=36.5。",你提供的上下文中并没有出现FMEA编号为TP1的相关信息。根据给出的三条FMEA记录，它们的编号分别是FF15、FF18和FF16，并没有TP1这个编号。因此，我无法回答这个问题。,错误,0.0,845.17,语义RAG,0.0,0.0,0,,3,"Tower Unit collapse, Floater Unit damage",36.5,,,,"Tower Unit collapse, Floater Unit damage",36.5,FMEA编号；潜在失效后果；风险优先数(RPN),24,
1402,1402,Full-ΣMi残差模型,M1+M2+M3+M4,风险影响评估类,fmea_id_to_risk_profile,风险后果查询,,,中等,FMEA编号TP2这条记录，影响是什么，风险优先数是多少？,"潜在失效后果：tension failure (rupture), buckling of the transition piece/ Tower unit damage；RPN=33。",不知道。上下文中的FMEA记录没有包含FMEA编号TP2的信息。,错误,0.0,545.8,语义RAG,0.0,0.0,0,,3,"tension failure (rupture), buckling of the transition piece/ Tower unit damage",33.0,,,,"tension failure (rupture), buckling of the transition piece/ Tower unit damage",33.0,FMEA编号；潜在失效后果；风险优先数(RPN),25,
1403,1403,Full-ΣMi残差模型,M1+M2+M3+M4,风险影响评估类,fmea_id_to_risk_profile,风险后果查询,,,中等,FMEA编号TP3的S、O、D、RPN分别是多少？,S=4；O=2.5；D=3；RPN=32。,不知道。上下文中的FMEA编号没有TP3这个编号。,错误,0.25,545.25,语义RAG,0.0,0.25,0,,3,,4.0；2.5；32.0,3.0,,,,4.0；2.5；3.0；32.0,FMEA编号；严酷度(S)；发生度(O)；可探测度(D)；风险优先数(RPN),26,
1404,1404,Full-ΣMi残差模型,M1+M2+M3+M4,风险影响评估类,fmea_id_to_risk_profile,风险后果查询,,,中等,FMEA编号TP4这条记录的风险分和SOD给我看一下。,S=3.5；O=2.5；D=3.75；RPN=29。,"你提供的上下文中并没有找到FMEA编号为TP4的记录，因此无法提供该条记录的风险分和SOD信息。根据现有信息，可以查看其他编号的记录： - FF15: 风险优先数 (RPN) 24.17, 严重度 (S) 4.43, 发生度 (O) 2, 可探测度 (D) 3 - FF16: 风险优先数 (RPN) 37.2, 严重度 (S) 4.5, 发生度 (O) 2.33, 可探测度 (D) 3 - DC6: 风险优先数 (RPN) 24, 严重度 (S) 3.8, 发生度 (O) 1.8, 可探测度 (D) 3.2",错误,0.0,2002.0,语义RAG,0.0,0.0,0,,3,,3.5；2.5；3.75；29.0,,,,,3.5；2.5；3.75；29.0,FMEA编号；严酷度(S)；发生度(O)；可探测度(D)；风险优先数(RPN),27,
1405,1405,Full-ΣMi残差模型,M1+M2+M3+M4,风险影响评估类,fmea_id_to_risk_profile,风险后果查询,,,中等,查一下FMEA编号TP5的严重度S、发生度O、探测度D和RPN。,S=5；O=2；D=2.67；RPN=31。,不知道。上下文中的FMEA编号分别为DC21、FF18和FF21，没有找到编号为TP5的相关信息。,错误,0.25,666.17,语义RAG,0.0,0.25,0,,3,,2.0；2.67；31.0,5.0,,,,5.0；2.0；2.67；31.0,FMEA编号；严酷度(S)；发生度(O)；可探测度(D)；风险优先数(RPN),28,
1406,1406,Full-ΣMi残差模型,M1+M2+M3+M4,风险影响评估类,fmea_id_to_risk_profile,风险后果查询,,,中等,FMEA编号TP6这条FMEA风险画像是什么，后果和RPN是多少？,潜在失效后果：potential tower connections failure；RPN=35.25。,不知道。上下文中的FMEA编号均为FF15、FF18和FF16，并未包含TP6这个编号的FMEA风险画像。,错误,0.0,685.43,语义RAG,0.0,0.0,0,,3,potential tower connections failure,35.25,,,,potential tower connections failure,35.25,FMEA编号；潜在失效后果；风险优先数(RPN),29,
1407,1407,Full-ΣMi残差模型,M1+M2+M3+M4,风险影响评估类,fmea_id_to_risk_profile,风险后果查询,,,中等,FMEA编号TP7这条记录，影响是什么，风险优先数是多少？,潜在失效后果：Local stress accumulation；RPN=24。,不知道。上下文中的FMEA记录没有包含FMEA编号TP7的信息。,错误,0.0,549.89,语义RAG,0.0,0.0,0,,3,Local stress accumulation,24.0,,,,Local stress accumulation,24.0,FMEA编号；潜在失效后果；风险优先数(RPN),30,
1408,1408,Full-ΣMi残差模型,M1+M2+M3+M4,风险影响评估类,fmea_id_to_risk_profile,风险后果查询,,,中等,FMEA编号TP8的S、O、D、RPN分别是多少？,S=3.75；O=2.5；D=3.25；RPN=21.67。,不知道。上下文中的FMEA编号均为FF15、FF30和FF16，没有提到TP8这个编号。,错误,0.0,666.04,语义RAG,0.0,0.0,0,,3,,3.75；2.5；3.25；21.67,,,,,3.75；2.5；3.25；21.67,FMEA编号；严酷度(S)；发生度(O)；可探测度(D)；风险优先数(RPN),31,
1409,1409,Full-ΣMi残差模型,M1+M2+M3+M4,风险影响评估类,fmea_id_to_risk_profile,风险后果查询,,,中等,FMEA编号TP9这条记录的风险分和SOD给我看一下。,S=4；O=2.5；D=3；RPN=38。,"你提供的上下文中并没有找到FMEA编号为TP9的记录，因此无法提供该条记录的风险分和SOD信息。根据现有信息，可以查看其他两条记录的信息如下： - FF15: 风险优先数 (RPN) 24.17, 严重度 (S) 4.43, 发生度 (O) 2, 可探测度 (D) 3 - FF16: 风险优先数 (RPN) 37.2, 严重度 (S) 4.5, 发生度 (O) 2.33, 可探测度 (D) 3 - DC6: 风险优先数 (RPN) 24, 严重度 (S) 3.8, 发生度 (O) 1.8, 可探测度 (D) 3.2",错误,0.25,1959.94,语义RAG,0.0,0.25,0,,3,,4.0；2.5；38.0,3.0；3.0,,,,4.0；2.5；3.0；38.0,FMEA编号；严酷度(S)；发生度(O)；可探测度(D)；风险优先数(RPN),32,
1410,1410,Full-ΣMi残差模型,M1+M2+M3+M4,风险影响评估类,fmea_id_to_risk_profile,风险后果查询,,,中等,查一下FMEA编号TP10的严重度S、发生度O、探测度D和RPN。,S=3；O=3；D=2.67；RPN=24.67。,不知道。上下文中的FMEA编号分别为DC21、FF18和FF21，没有找到编号为TP10的相关信息。,错误,0.0,717.5,语义RAG,0.0,0.5,0,,3,,3.0；3.0；2.67；24.67,,,,,3.0；3.0；2.67；24.67,FMEA编号；严酷度(S)；发生度(O)；可探测度(D)；风险优先数(RPN),33,
1411,1411,Full-ΣMi残差模型,M1+M2+M3+M4,风险影响评估类,fmea_id_to_risk_profile,风险后果查询,,,中等,FMEA编号TP11这条FMEA风险画像是什么，后果和RPN是多少？,潜在失效后果：potential tower connections failure；RPN=24.67。,不知道。上下文中的FMEA编号为FF15、FF18和FF16，没有提到FP11的相关信息。,错误,0.0,686.15,语义RAG,0.0,0.0,0,,3,potential tower connections failure,24.67,,,,potential tower connections failure,24.67,FMEA编号；潜在失效后果；风险优先数(RPN),34,
1412,1412,Full-ΣMi残差模型,M1+M2+M3+M4,风险影响评估类,fmea_id_to_risk_profile,风险后果查询,,,中等,FMEA编号TP12这条记录，影响是什么，风险优先数是多少？,潜在失效后果：Local stress accumulation；RPN=28。,不知道。上下文没有提到FMEA编号TP12的记录。,错误,0.0,540.43,语义RAG,0.0,0.0,0,,3,Local stress accumulation,28.0,,,,Local stress accumulation,28.0,FMEA编号；潜在失效后果；风险优先数(RPN),35,
1413,1413,Full-ΣMi残差模型,M1+M2+M3+M4,风险影响评估类,fmea_id_to_risk_profile,风险后果查询,,,中等,FMEA编号TP13的S、O、D、RPN分别是多少？,S=3.33；O=2.67；D=3；RPN=26。,"不知道。上下文中的FMEA编号为FF15, FF30和FF16，没有找到编号为TP13的相关信息。",错误,0.0,702.83,语义RAG,0.0,0.25,0,,3,,3.33；2.67；3.0；26.0,,,,,3.33；2.67；3.0；26.0,FMEA编号；严酷度(S)；发生度(O)；可探测度(D)；风险优先数(RPN),36,
1414,1414,Full-ΣMi残差模型,M1+M2+M3+M4,风险影响评估类,原因后果查风险指标,风险指标查询,,,困难,"潜在原因“Design; Under-designed structure/ Component due to human error/Insufficient environmental data”导致后果“Tower Unit collapse, Floater Unit damage”时，S、O、D、RPN分别是多少？",S=5；O=1.67；D=2.67；RPN=25.67,严重度 / S: 5 发生度 / O: 1.67 可探测度 / D: 2.67 风险优先数 / RPN: 25.67,正确,1.0,845.16,语义RAG,0.3333,1.0,0,1.0,3,,,5.0；1.67；2.67；25.67,,,,5.0；1.67；2.67；25.67,潜在失效原因/机理；潜在失效后果；严酷度(S)；发生度(O)；可探测度(D)；风险优先数(RPN),39,
1415,1415,Full-ΣMi残差模型,M1+M2+M3+M4,风险影响评估类,原因后果查风险指标,风险指标查询,,,困难,"潜在原因“Operation and Maintenance; Undetected defects and poor quality control”导致后果“Tower Unit collapse, Floater Unit damage”时，S、O、D、RPN分别是多少？",S=4.67；O=1.67；D=3.33；RPN=37.5,严重度 / S: 4.67 发生度 / O: 1.67 可探测度 / D: 3.33 风险优先数 / RPN: 37.5,正确,1.0,841.62,语义RAG,0.3333,1.0,0,1.0,3,,,4.67；1.67；3.33；37.5,,,,4.67；1.67；3.33；37.5,潜在失效原因/机理；潜在失效后果；严酷度(S)；发生度(O)；可探测度(D)；风险优先数(RPN),40,
1416,1416,Full-ΣMi残差模型,M1+M2+M3+M4,风险影响评估类,原因后果查风险指标,风险指标查询,,,困难,潜在原因“Fabrication; Welding and heat treatment could induce fatigue cracks in fabrication process.”导致后果“Tower transition piece connections failure”时，S、O、D、RPN分别是多少？,S=3.33；O=2.33；D=3.33；RPN=24,严重度 / S: 3.33 发生度 / O: 2.33 可探测度 / D: 3.33 风险优先数 / RPN: 24,正确,1.0,814.91,语义RAG,1.0,1.0,0,1.0,3,,,3.33；2.33；3.33；24.0,,,,3.33；2.33；3.33；24.0,潜在失效原因/机理；潜在失效后果；严酷度(S)；发生度(O)；可探测度(D)；风险优先数(RPN),41,
1417,1417,Full-ΣMi残差模型,M1+M2+M3+M4,风险影响评估类,原因后果查风险指标,风险指标查询,,,困难,潜在原因“Maintenance; Welding and heat treatment during maintenance can add more residual stresses and increase the likelihood of fatigue crack in the welds and heat-affected areas.”导致后果“Tower transition piece connections failure”时，S、O、D、RPN分别是多少？,S=3.5；O=2.5；D=4；RPN=30.25,"S=3.5, O=2.5, D=4, RPN=30.25",正确,1.0,704.25,语义RAG,1.0,1.0,0,1.0,3,,,3.5；2.5；4.0；30.25,,,,3.5；2.5；4.0；30.25,潜在失效原因/机理；潜在失效后果；严酷度(S)；发生度(O)；可探测度(D)；风险优先数(RPN),42,
1418,1418,Full-ΣMi残差模型,M1+M2+M3+M4,风险影响评估类,原因后果查风险指标,风险指标查询,,,困难,潜在原因“Maintenance; Welding failure due to corrosion without proper maintenance”导致后果“Tower transition piece connections failure”时，S、O、D、RPN分别是多少？,S=3.33；O=2.67；D=3；RPN=24.67,失效模式 / FailureMode: Cracks 风险优先数 / RPN: 24.67 严重度 / S: 3.33 发生度 / O: 2.67 可探测度 / D: 3 失效原因 / FailureCause: Maintenance; Welding failure due to corrosion without proper maintenance [11] 失效后果 / FailureEffect: Tower transition piece connections failure,正确,1.0,1206.52,语义RAG,0.6667,1.0,0,1.0,3,,,24.67；3.33；2.67；3.0,,,,3.33；2.67；3.0；24.67,潜在失效原因/机理；潜在失效后果；严酷度(S)；发生度(O)；可探测度(D)；风险优先数(RPN),43,
1419,1419,Full-ΣMi残差模型,M1+M2+M3+M4,风险影响评估类,原因后果查风险指标,风险指标查询,,,困难,"潜在原因“Installation; Welding failure due to poor performance (e.g. overheating, lack of fusion) during installation”导致后果“Tower transition piece connections failure”时，S、O、D、RPN分别是多少？",S=3.33；O=3；D=3；RPN=26.67,S: 3.33 O: 3 D: 3 RPN: 26.67,正确,1.0,695.92,语义RAG,0.6667,1.0,0,1.0,3,,,3.33；3.0；3.0；26.67,,,,3.33；3.0；3.0；26.67,潜在失效原因/机理；潜在失效后果；严酷度(S)；发生度(O)；可探测度(D)；风险优先数(RPN),44,
1420,1420,Full-ΣMi残差模型,M1+M2+M3+M4,风险影响评估类,原因后果查风险指标,风险指标查询,,,困难,"潜在原因“Design; Analysis and Calculation fault due to human error”导致后果“Watertight fault, Potential Floater Unit sinkage”时，S、O、D、RPN分别是多少？",S=4.57；O=2.29；D=3.86；RPN=27.2,严重度 / S: 4.57 发生度 / O: 2.29 可探测度 / D: 3.86 风险优先数 / RPN: 27.2,正确,1.0,845.67,语义RAG,0.6667,1.0,0,1.0,3,,,4.57；2.29；3.86；27.2,,,,4.57；2.29；3.86；27.2,潜在失效原因/机理；潜在失效后果；严酷度(S)；发生度(O)；可探测度(D)；风险优先数(RPN),45,
1421,1421,Full-ΣMi残差模型,M1+M2+M3+M4,风险影响评估类,原因后果查风险指标,风险指标查询,,,困难,潜在原因“Design; Analysis and Calculation fault due to human error”导致后果“Project cancellation”时，S、O、D、RPN分别是多少？,S=5；O=1.67；D=3；RPN=42.71,"失效模式 ""Capsize [11]"" 下，当失效原因是 ""Design; Analysis and Calculation fault due to human error"" 且导致的后果是 ""Project cancellation"" 时，对应的 S、O、D、RPN 分别为：5、1.67、3、42.71。",正确,1.0,1019.5,语义RAG,1.0,1.0,0,1.0,3,,,5.0；1.67；3.0；42.71,,,,5.0；1.67；3.0；42.71,潜在失效原因/机理；潜在失效后果；严酷度(S)；发生度(O)；可探测度(D)；风险优先数(RPN),46,
1422,1422,Full-ΣMi残差模型,M1+M2+M3+M4,风险影响评估类,原因后果查风险指标,风险指标查询,,,困难,潜在原因“Operation; Bilge piping/pumps fail”导致后果“Potential failure”时，S、O、D、RPN分别是多少？,S=3.43；O=2.86；D=3.17；RPN=40.14,严重度 / S / severity: 3.43 发生度 / O / occurrence: 2.86 可探测度 / D / detection: 3.17 风险优先数 / RPN: 40.14,正确,1.0,878.83,语义RAG,0.6667,1.0,0,1.0,3,,,3.43；2.86；3.17；40.14,,,,3.43；2.86；3.17；40.14,潜在失效原因/机理；潜在失效后果；严酷度(S)；发生度(O)；可探测度(D)；风险优先数(RPN),47,
1423,1423,Full-ΣMi残差模型,M1+M2+M3+M4,风险影响评估类,原因后果查风险指标,风险指标查询,,,困难,"潜在原因“Operation; Biological collision”导致后果“Damage to the facility, vast economic loses”时，S、O、D、RPN分别是多少？",S=3.57；O=2.17；D=4.14；RPN=24.86,严重度 / S: 3.57 发生度 / O: 2.17 可探测度 / D: 4.14 风险优先数 / RPN: 24.86,正确,1.0,860.86,语义RAG,1.0,1.0,0,1.0,3,,,3.57；2.17；4.14；24.86,,,,3.57；2.17；4.14；24.86,潜在失效原因/机理；潜在失效后果；严酷度(S)；发生度(O)；可探测度(D)；风险优先数(RPN),48,
1424,1424,Full-ΣMi残差模型,M1+M2+M3+M4,风险影响评估类,原因后果查风险指标,风险指标查询,,,困难,潜在原因“Environmental condition; Design parameter superseded due to climate change”导致后果“Structural reassessment”时，S、O、D、RPN分别是多少？,S=4.33；O=1.67；D=3.5；RPN=25,严重度 / S: 4.33 发生度 / O: 1.67 可探测度 / D: 3.5 风险优先数 / RPN: 25,正确,1.0,808.67,语义RAG,0.3333,1.0,0,1.0,3,,,4.33；1.67；3.5；25.0,,,,4.33；1.67；3.5；25.0,潜在失效原因/机理；潜在失效后果；严酷度(S)；发生度(O)；可探测度(D)；风险优先数(RPN),49,
1425,1425,Full-ΣMi残差模型,M1+M2+M3+M4,风险影响评估类,原因后果查风险指标,风险指标查询,,,困难,潜在原因“Operation; Dynamic umbilical connection/cable fail”导致后果“Potential failure”时，S、O、D、RPN分别是多少？,S=3.83；O=2.6；D=4；RPN=25.83,严重度 / S: 3.83 发生度 / O: 2.6 可探测度 / D: 4 风险优先数 / RPN: 25.83,正确,1.0,811.14,语义RAG,0.3333,1.0,0,1.0,3,,,3.83；2.6；4.0；25.83,,,,3.83；2.6；4.0；25.83,潜在失效原因/机理；潜在失效后果；严酷度(S)；发生度(O)；可探测度(D)；风险优先数(RPN),50,
1426,1426,Full-ΣMi残差模型,M1+M2+M3+M4,风险影响评估类,原因后果查风险指标,风险指标查询,,,困难,潜在原因“Installation; Excessive fatigue life consumption due to installation/ transportation”导致后果“Structural failure”时，S、O、D、RPN分别是多少？,S=4.17；O=2.83；D=3.5；RPN=30.57,"S=4.17, O=2.83, D=3.5, RPN=30.57",正确,1.0,686.16,语义RAG,0.6667,1.0,0,1.0,3,,,4.17；2.83；3.5；30.57,,,,4.17；2.83；3.5；30.57,潜在失效原因/机理；潜在失效后果；严酷度(S)；发生度(O)；可探测度(D)；风险优先数(RPN),51,
1427,1427,Full-ΣMi残差模型,M1+M2+M3+M4,风险影响评估类,原因后果查风险指标,风险指标查询,,,困难,潜在原因“Environmental condition; Extreme horizontal oscillatory force”导致后果“Asset damage Energy production loss”时，S、O、D、RPN分别是多少？,S=4.8；O=1.8；D=3.2；RPN=34.5,严重度 / S: 4.8 发生度 / O: 1.8 可探测度 / D: 3.2 风险优先数 / RPN: 34.5,正确,1.0,785.62,语义RAG,0.3333,1.0,0,1.0,3,,,4.8；1.8；3.2；34.5,,,,4.8；1.8；3.2；34.5,潜在失效原因/机理；潜在失效后果；严酷度(S)；发生度(O)；可探测度(D)；风险优先数(RPN),52,
1428,1428,Full-ΣMi残差模型,M1+M2+M3+M4,风险影响评估类,原因后果查风险指标,风险指标查询,,,困难,潜在原因“Operation; Fatigue due to continuous vibrations/resonance”导致后果“Structural failure”时，S、O、D、RPN分别是多少？,S=4.14；O=2.86；D=3.57；RPN=22.67,严重度 / S: 4.14 发生度 / O: 2.86 可探测度 / D: 3.57 风险优先数 / RPN: 22.67,正确,1.0,838.3,语义RAG,0.3333,1.0,0,1.0,3,,,4.14；2.86；3.57；22.67,,,,4.14；2.86；3.57；22.67,潜在失效原因/机理；潜在失效后果；严酷度(S)；发生度(O)；可探测度(D)；风险优先数(RPN),53,
1429,1429,Full-ΣMi残差模型,M1+M2+M3+M4,风险影响评估类,原因后果查风险指标,风险指标查询,,,困难,潜在原因“Design; Fatigue due to underestimation of steel thickness and/or environmental loads”导致后果“Structural failure”时，S、O、D、RPN分别是多少？,S=3.83；O=2.5；D=3.5；RPN=34,严重度 / S: 3.83 发生度 / O: 2.5 可探测度 / D: 3.5 风险优先数 / RPN: 34,正确,1.0,821.08,语义RAG,0.3333,1.0,0,1.0,3,,,3.83；2.5；3.5；34.0,,,,3.83；2.5；3.5；34.0,潜在失效原因/机理；潜在失效后果；严酷度(S)；发生度(O)；可探测度(D)；风险优先数(RPN),54,
1430,1430,Full-ΣMi残差模型,M1+M2+M3+M4,风险影响评估类,原因后果查风险指标,风险指标查询,,,困难,潜在原因“Operation; Handrails Corrosion”导致后果“Potential failure”时，S、O、D、RPN分别是多少？,S=3.86；O=3；D=2.71；RPN=32,不知道。上下文中的潜在原因不包含“Operation; Handrails Corrosion”，也没有对应的失效模式和后果匹配“Potential failure”。,错误,0.0,695.52,语义RAG,0.3333,0.0,0,0.0,3,,3.86；3.0；2.71；32.0,,,,,3.86；3.0；2.71；32.0,潜在失效原因/机理；潜在失效后果；严酷度(S)；发生度(O)；可探测度(D)；风险优先数(RPN),55,
1431,1431,Full-ΣMi残差模型,M1+M2+M3+M4,风险影响评估类,原因后果查风险指标,风险指标查询,,,困难,潜在原因“Operation; Helicopter assistance equipment fail”导致后果“Potential failure of landing platform”时，S、O、D、RPN分别是多少？,S=4.17；O=1.83；D=2.83；RPN=31.83,严重度 / S: 4.17 发生度 / O: 1.83 可探测度 / D: 2.83 风险优先数 / RPN: 31.83,正确,1.0,1228.16,语义RAG,0.3333,1.0,0,1.0,3,,,4.17；1.83；2.83；31.83,,,,4.17；1.83；2.83；31.83,潜在失效原因/机理；潜在失效后果；严酷度(S)；发生度(O)；可探测度(D)；风险优先数(RPN),56,
1432,1432,Full-ΣMi残差模型,M1+M2+M3+M4,风险影响评估类,原因后果查风险指标,风险指标查询,,,困难,潜在原因“Maintenance; Inefficient detection”导致后果“Potential Failure/Asset damage Energy production loss”时，S、O、D、RPN分别是多少？,S=3.83；O=2.83；D=3.33；RPN=31.2,严重度 / S: 3.83 发生度 / O: 2.83 可探测度 / D: 3.33 风险优先数 / RPN: 31.2,正确,1.0,847.74,语义RAG,0.3333,1.0,0,1.0,3,,,3.83；2.83；3.33；31.2,,,,3.83；2.83；3.33；31.2,潜在失效原因/机理；潜在失效后果；严酷度(S)；发生度(O)；可探测度(D)；风险优先数(RPN),57,
1433,1433,Full-ΣMi残差模型,M1+M2+M3+M4,风险影响评估类,原因后果查风险指标,风险指标查询,,,困难,潜在原因“Design; Insufficient structural strength and cracks on the floater resulting in water ingress to the support structure”导致后果“Potential Failure/Asset damage Energy production loss”时，S、O、D、RPN分别是多少？,S=4.83；O=1.83；D=3.4；RPN=26.86,严重度 / S: 4.83 发生度 / O: 1.83 可探测度 / D: 3.4 风险优先数 / RPN: 26.86,正确,1.0,831.61,语义RAG,0.3333,1.0,0,1.0,3,,,4.83；1.83；3.4；26.86,,,,4.83；1.83；3.4；26.86,潜在失效原因/机理；潜在失效后果；严酷度(S)；发生度(O)；可探测度(D)；风险优先数(RPN),58,
1434,1434,Full-ΣMi残差模型,M1+M2+M3+M4,风险影响评估类,原因后果查风险指标,风险指标查询,,,困难,潜在原因“Operation and Maintenance; Insufficient structural strength due to ship collision”导致后果“Local stress accumulation”时，S、O、D、RPN分别是多少？,S=4.43；O=2；D=3；RPN=24.17,严重度 / S: 4.43 发生度 / O: 2 可探测度 / D: 3 风险优先数 / RPN: 24.17,正确,1.0,1217.22,语义RAG,0.3333,1.0,0,1.0,3,,,4.43；2.0；3.0；24.17,,,,4.43；2.0；3.0；24.17,潜在失效原因/机理；潜在失效后果；严酷度(S)；发生度(O)；可探测度(D)；风险优先数(RPN),59,
1435,1435,Full-ΣMi残差模型,M1+M2+M3+M4,风险影响评估类,原因后果查风险指标,风险指标查询,,,困难,潜在原因“Maintenance; Insufficient structural strength due to ship collision”导致后果“Asset damage Energy production loss/reduced stability”时，S、O、D、RPN分别是多少？,S=4.5；O=2.33；D=3；RPN=37.2,严重度 / S: 4.5 发生度 / O: 2.33 可探测度 / D: 3 风险优先数 / RPN: 37.2,正确,1.0,693.55,语义RAG,0.6667,1.0,0,1.0,3,,,4.5；2.33；3.0；37.2,,,,4.5；2.33；3.0；37.2,潜在失效原因/机理；潜在失效后果；严酷度(S)；发生度(O)；可探测度(D)；风险优先数(RPN),60,
1436,1436,Full-ΣMi残差模型,M1+M2+M3+M4,风险影响评估类,原因后果查风险指标,风险指标查询,,,困难,潜在原因“Operation; Ladders Corrosion”导致后果“Potential failure”时，S、O、D、RPN分别是多少？,S=3.86；O=2.71；D=2.57；RPN=23.5,不知道。上下文中的潜在原因不包含“Operation; Ladders Corrosion”，因此无法提供对应的S、O、D、RPN值。,错误,0.0,671.31,语义RAG,0.3333,0.0,0,0.0,3,,3.86；2.71；2.57；23.5,,,,,3.86；2.71；2.57；23.5,潜在失效原因/机理；潜在失效后果；严酷度(S)；发生度(O)；可探测度(D)；风险优先数(RPN),61,
1437,1437,Full-ΣMi残差模型,M1+M2+M3+M4,风险影响评估类,原因后果查风险指标,风险指标查询,,,困难,"潜在原因“Environmental condition; Marine growth under water can add additional weight and stress for the material, which can lead to cracks in the outer hull”导致后果“If these cracks propagate through the wall and lie under water or within the splash zone, then they constitute a risk to the watertightness.”时，S、O、D、RPN分别是多少？",S=4；O=2.2；D=3.25；RPN=30.8,严重度 / S: 4 发生度 / O: 2.2 可探测度 / D: 3.25 风险优先数 / RPN: 30.8,正确,1.0,873.85,语义RAG,0.6667,1.0,0,1.0,3,,,4.0；2.2；3.25；30.8,,,,4.0；2.2；3.25；30.8,潜在失效原因/机理；潜在失效后果；严酷度(S)；发生度(O)；可探测度(D)；风险优先数(RPN),62,
1438,1438,Full-ΣMi残差模型,M1+M2+M3+M4,风险影响评估类,原因后果查风险指标,风险指标查询,,,困难,"潜在原因“Operation; Navigation and work lights fail”导致后果“Increased risk of collision, potential damage to the floater”时，S、O、D、RPN分别是多少？",S=4；O=3；D=2；RPN=36.5,严重度 / S: 4 发生度 / O: 3 可探测度 / D: 2 风险优先数 / RPN: 36.5,正确,1.0,847.93,语义RAG,0.6667,1.0,0,1.0,3,,,4.0；3.0；2.0；36.5,,,,4.0；3.0；2.0；36.5,潜在失效原因/机理；潜在失效后果；严酷度(S)；发生度(O)；可探测度(D)；风险优先数(RPN),63,
1439,1439,Full-ΣMi残差模型,M1+M2+M3+M4,风险影响评估类,原因后果查风险指标,风险指标查询,,,困难,"潜在原因“Operation; Plane crush”导致后果“Damage to the facility, vast economic loses”时，S、O、D、RPN分别是多少？",S=4.83；O=1.17；D=4.67；RPN=31.75,严重度 / S: 4.83 发生度 / O: 1.17 可探测度 / D: 4.67 风险优先数 / RPN: 31.75,正确,1.0,877.89,语义RAG,1.0,1.0,0,1.0,3,,,4.83；1.17；4.67；31.75,,,,4.83；1.17；4.67；31.75,潜在失效原因/机理；潜在失效后果；严酷度(S)；发生度(O)；可探测度(D)；风险优先数(RPN),64,
1440,1440,Full-ΣMi残差模型,M1+M2+M3+M4,风险影响评估类,原因后果查风险指标,风险指标查询,,,困难,潜在原因“Operation; Sensors for platform monitoring fail”导致后果“Potential failure”时，S、O、D、RPN分别是多少？,S=2；O=3；D=3；RPN=41.17,严重度 / S / severity: 2 发生度 / O / occurrence: 3 可探测度 / D / detection: 3 风险优先数 / RPN: 41.17,正确,1.0,839.73,语义RAG,0.6667,1.0,0,1.0,3,,,2.0；3.0；3.0；41.17,,,,2.0；3.0；3.0；41.17,潜在失效原因/机理；潜在失效后果；严酷度(S)；发生度(O)；可探测度(D)；风险优先数(RPN),65,
1441,1441,Full-ΣMi残差模型,M1+M2+M3+M4,风险影响评估类,原因后果查风险指标,风险指标查询,,,困难,潜在原因“Operation and Maintenance; Structural component degradation due to corrosion”导致后果“Asset damage Energy production loss/reduced stability”时，S、O、D、RPN分别是多少？,S=4；O=2.6；D=3.25；RPN=18.8,严重度 / S: 4 发生度 / O: 2.6 可探测度 / D: 3.25 风险优先数 / RPN: 18.8,正确,1.0,814.47,语义RAG,0.3333,1.0,0,1.0,3,,,4.0；2.6；3.25；18.8,,,,4.0；2.6；3.25；18.8,潜在失效原因/机理；潜在失效后果；严酷度(S)；发生度(O)；可探测度(D)；风险优先数(RPN),66,
1442,1442,Full-ΣMi残差模型,M1+M2+M3+M4,风险影响评估类,原因后果查风险指标,风险指标查询,,,困难,"潜在原因“Operation and Maintenance; Structural degradation due to corrosion”导致后果“Watertight fault, Potential Floater Unit sinkage”时，S、O、D、RPN分别是多少？",S=4.17；O=2.67；D=3.2；RPN=36,严重度 / S: 4.17 发生度 / O: 2.67 可探测度 / D: 3.2 风险优先数 / RPN: 36,正确,1.0,800.51,语义RAG,0.3333,1.0,0,1.0,3,,,4.17；2.67；3.2；36.0,,,,4.17；2.67；3.2；36.0,潜在失效原因/机理；潜在失效后果；严酷度(S)；发生度(O)；可探测度(D)；风险优先数(RPN),67,
1443,1443,Full-ΣMi残差模型,M1+M2+M3+M4,风险影响评估类,原因后果查风险指标,风险指标查询,,,困难,潜在原因“Operation; Structure brittle fracture due to extreme environmental temperature”导致后果“Tower collapse”时，S、O、D、RPN分别是多少？,S=4.67；O=1.33；D=3.6；RPN=33.4,严重度 / S: 4.67 发生度 / O: 1.33 可探测度 / D: 3.6 风险优先数 / RPN: 33.4,正确,1.0,862.13,语义RAG,0.3333,1.0,0,1.0,3,,,4.67；1.33；3.6；33.4,,,,4.67；1.33；3.6；33.4,潜在失效原因/机理；潜在失效后果；严酷度(S)；发生度(O)；可探测度(D)；风险优先数(RPN),68,
1444,1444,Full-ΣMi残差模型,M1+M2+M3+M4,风险影响评估类,原因后果查风险指标,风险指标查询,,,困难,潜在原因“Operation; Structures break/collapse due to collision with other FWT”导致后果“Potential Failure/Asset damage Energy production loss”时，S、O、D、RPN分别是多少？,S=5；O=1.33；D=2.6；RPN=30.8,严重度 / S: 5 发生度 / O: 1.33 可探测度 / D: 2.6 风险优先数 / RPN: 30.8,正确,1.0,829.31,语义RAG,0.3333,1.0,0,1.0,3,,,5.0；1.33；2.6；30.8,,,,5.0；1.33；2.6；30.8,潜在失效原因/机理；潜在失效后果；严酷度(S)；发生度(O)；可探测度(D)；风险优先数(RPN),69,
1445,1445,Full-ΣMi残差模型,M1+M2+M3+M4,风险影响评估类,原因后果查风险指标,风险指标查询,,,困难,"潜在原因“Environmental condition; Typhoon can cause failure of the floating unit if it gets hit by dropping objects. (eg. damaged blade)(strong wind/wave)”导致后果“Damage to the facility, vast economic loses”时，S、O、D、RPN分别是多少？",S=4.83；O=1.67；D=3.17；RPN=25,严重度 / S: 4.83 发生度 / O: 1.67 可探测度 / D: 3.17 风险优先数 / RPN: 25,正确,1.0,784.4,语义RAG,0.3333,1.0,0,1.0,3,,,4.83；1.67；3.17；25.0,,,,4.83；1.67；3.17；25.0,潜在失效原因/机理；潜在失效后果；严酷度(S)；发生度(O)；可探测度(D)；风险优先数(RPN),70,
1446,1446,Full-ΣMi残差模型,M1+M2+M3+M4,风险影响评估类,原因后果查风险指标,风险指标查询,,,困难,"潜在原因“Design; Underdesigned structure/Component due to insufficient environmental data”导致后果“Watertight fault, Potential Floater Unit sinkage”时，S、O、D、RPN分别是多少？",S=4.67；O=2.33；D=3；RPN=22.4,严重度 / S: 4.67 发生度 / O: 2.33 可探测度 / D: 3 风险优先数 / RPN: 22.4,正确,1.0,784.24,语义RAG,0.6667,1.0,0,1.0,3,,,4.67；2.33；3.0；22.4,,,,4.67；2.33；3.0；22.4,潜在失效原因/机理；潜在失效后果；严酷度(S)；发生度(O)；可探测度(D)；风险优先数(RPN),71,
1447,1447,Full-ΣMi残差模型,M1+M2+M3+M4,风险影响评估类,原因后果查风险指标,风险指标查询,,,困难,"潜在原因“Maintenance; Undetected defects due to poor quality control”导致后果“Watertight fault, Potential Floater Unit sinkage”时，S、O、D、RPN分别是多少？",S=4.5；O=2.33；D=3.6；RPN=19,严重度 / S: 4.5 发生度 / O: 2.33 可探测度 / D: 3.6 风险优先数 / RPN: 19,正确,1.0,829.38,语义RAG,0.6667,1.0,0,1.0,3,,,4.5；2.33；3.6；19.0,,,,4.5；2.33；3.6；19.0,潜在失效原因/机理；潜在失效后果；严酷度(S)；发生度(O)；可探测度(D)；风险优先数(RPN),72,
1448,1448,Full-ΣMi残差模型,M1+M2+M3+M4,风险影响评估类,原因后果查风险指标,风险指标查询,,,困难,潜在原因“Manufacturing and Installation; Ventilation heads/Manholes failure due to Manufacturing defect/Welding defect”导致后果“Reduced stability”时，S、O、D、RPN分别是多少？,S=3.6；O=2.33；D=3.6；RPN=36,严重度 / S: 3.6 发生度 / O: 2.33 可探测度 / D: 3.6 风险优先数 / RPN: 36,正确,1.0,809.89,语义RAG,0.6667,1.0,0,1.0,3,,,3.6；2.33；3.6；36.0,,,,3.6；2.33；3.6；36.0,潜在失效原因/机理；潜在失效后果；严酷度(S)；发生度(O)；可探测度(D)；风险优先数(RPN),73,
1449,1449,Full-ΣMi残差模型,M1+M2+M3+M4,风险影响评估类,原因后果查风险指标,风险指标查询,,,困难,潜在原因“Manufacturing; Welding failure”导致后果“Watertight fault”时，S、O、D、RPN分别是多少？,S=3.6；O=3；D=3.2；RPN=31.2,不知道。上下文中的失效模式和失效原因是关于锚失败和直升机辅助设备故障，并未包含您所询问的制造焊接失败导致水密故障的相关信息。,错误,0.0,755.57,语义RAG,0.0,0.0,0,0.0,3,,3.6；3.0；3.2；31.2,,,,,3.6；3.0；3.2；31.2,潜在失效原因/机理；潜在失效后果；严酷度(S)；发生度(O)；可探测度(D)；风险优先数(RPN),74,
1450,1450,Full-ΣMi残差模型,M1+M2+M3+M4,风险影响评估类,原因后果查风险指标,风险指标查询,,,困难,潜在原因“Operation; Abnormal working conditions”导致后果“Anchor failure”时，S、O、D、RPN分别是多少？,S=4.2；O=2.2；D=3.8；RPN=34,严重度 / S: 4.2 发生度 / O: 2.2 可探测度 / D: 3.8 风险优先数 / RPN: 34,正确,1.0,800.17,语义RAG,0.6667,1.0,0,1.0,3,,,4.2；2.2；3.8；34.0,,,,4.2；2.2；3.8；34.0,潜在失效原因/机理；潜在失效后果；严酷度(S)；发生度(O)；可探测度(D)；风险优先数(RPN),75,
1451,1451,Full-ΣMi残差模型,M1+M2+M3+M4,风险影响评估类,原因后果查风险指标,风险指标查询,,,困难,潜在原因“Operation; Cyclic degradation”导致后果“Anchor failure”时，S、O、D、RPN分别是多少？,S=4.2；O=2.2；D=3.8；RPN=34,严重度 / S: 4.2 发生度 / O: 2.2 可探测度 / D: 3.8 风险优先数 / RPN: 34,正确,1.0,756.63,语义RAG,0.3333,1.0,0,1.0,3,,,4.2；2.2；3.8；34.0,,,,4.2；2.2；3.8；34.0,潜在失效原因/机理；潜在失效后果；严酷度(S)；发生度(O)；可探测度(D)；风险优先数(RPN),76,
1452,1452,Full-ΣMi残差模型,M1+M2+M3+M4,风险影响评估类,原因后果查风险指标,风险指标查询,,,困难,潜在原因“Operation”导致后果“未说明”时，S、O、D、RPN分别是多少？,S=3；O=3；D=3.25；RPN=29.25,不知道。上下文中的失效模式和相关证据没有包含“Operation”作为失效原因以及“未说明”的失效后果的信息。,错误,0.0,729.18,语义RAG,0.0,0.0,0,0.0,3,,3.0；3.0；3.25；29.25,,,,,3.0；3.0；3.25；29.25,潜在失效原因/机理；潜在失效后果；严酷度(S)；发生度(O)；可探测度(D)；风险优先数(RPN),77,
1453,1453,Full-ΣMi残差模型,M1+M2+M3+M4,风险影响评估类,原因后果查风险指标,风险指标查询,,,困难,潜在原因“Operation; Fairlead fatigue”导致后果“The anchor cannot be dropped and lift”时，S、O、D、RPN分别是多少？,S=3.8；O=2.8；D=3；RPN=30,严重度 / S: 3.8 发生度 / O: 2.8 可探测度 / D: 3 风险优先数 / RPN: 30,正确,1.0,771.83,语义RAG,0.3333,1.0,0,1.0,3,,,3.8；2.8；3.0；30.0,,,,3.8；2.8；3.0；30.0,潜在失效原因/机理；潜在失效后果；严酷度(S)；发生度(O)；可探测度(D)；风险优先数(RPN),79,
1454,1454,Full-ΣMi残差模型,M1+M2+M3+M4,风险影响评估类,原因后果查风险指标,风险指标查询,,,困难,潜在原因“Operation; Fairlead corrosion”导致后果“The anchor cannot be dropped and lift”时，S、O、D、RPN分别是多少？,S=3.8；O=2.8；D=3；RPN=30,严重度 / S: 3.8 发生度 / O: 2.8 可探测度 / D: 3 风险优先数 / RPN: 30,正确,1.0,762.7,语义RAG,0.6667,1.0,0,1.0,3,,,3.8；2.8；3.0；30.0,,,,3.8；2.8；3.0；30.0,潜在失效原因/机理；潜在失效后果；严酷度(S)；发生度(O)；可探测度(D)；风险优先数(RPN),80,
1455,1455,Full-ΣMi残差模型,M1+M2+M3+M4,风险影响评估类,原因后果查风险指标,风险指标查询,,,困难,潜在原因“Operation”导致后果“Unable to monitor tension in the mooring lines”时，S、O、D、RPN分别是多少？,S=2.6；O=3.2；D=2；RPN=13.5,S: 2.6 O: 3.2 D: 2 RPN: 13.5,正确,1.0,652.02,语义RAG,0.3333,1.0,0,1.0,3,,,2.6；3.2；2.0；13.5,,,,2.6；3.2；2.0；13.5,潜在失效原因/机理；潜在失效后果；严酷度(S)；发生度(O)；可探测度(D)；风险优先数(RPN),81,
1456,1456,Full-ΣMi残差模型,M1+M2+M3+M4,风险影响评估类,原因后果查风险指标,风险指标查询,,,困难,潜在原因“Manufacturing; Poor splice quality/ workmanship/qualification”导致后果“Mooring line strength decrease or broken”时，S、O、D、RPN分别是多少？,S=4；O=2.4；D=3.2；RPN=28.8,严重度 / S: 4 发生度 / O: 2.4 可探测度 / D: 3.2 风险优先数 / RPN: 28.8,正确,1.0,782.05,语义RAG,1.0,1.0,0,1.0,3,,,4.0；2.4；3.2；28.8,,,,4.0；2.4；3.2；28.8,潜在失效原因/机理；潜在失效后果；严酷度(S)；发生度(O)；可探测度(D)；风险优先数(RPN),82,
1457,1457,Full-ΣMi残差模型,M1+M2+M3+M4,风险影响评估类,原因后果查风险指标,风险指标查询,,,困难,潜在原因“Environmental condition; Abnormal stress due to mooring lines wear caused by unexpected seismic loads/ The tension overpassing the limit value can cause the mooring line to instantaneously break”导致后果“Mooring line strength decrease or broken”时，S、O、D、RPN分别是多少？,S=4；O=2；D=2.6；RPN=20,严重度 / S: 4 发生度 / O: 2 可探测度 / D: 2.6 风险优先数 / RPN: 20,正确,1.0,757.09,语义RAG,0.6667,1.0,0,1.0,3,,,4.0；2.0；2.6；20.0,,,,4.0；2.0；2.6；20.0,潜在失效原因/机理；潜在失效后果；严酷度(S)；发生度(O)；可探测度(D)；风险优先数(RPN),83,
1458,1458,Full-ΣMi残差模型,M1+M2+M3+M4,风险影响评估类,原因后果查风险指标,风险指标查询,,,困难,潜在原因“Environmental condition; Mooring lines wear caused by unexpected external damage (from e.g. overtrawling)/particulate ingress/UV light”导致后果“Mooring line strength decrease or broken”时，S、O、D、RPN分别是多少？,S=4；O=2；D=3；RPN=24,严重度 / S: 4 发生度 / O: 2 可探测度 / D: 3 风险优先数 / RPN: 24,正确,1.0,720.4,语义RAG,0.6667,1.0,0,1.0,3,,,4.0；2.0；3.0；24.0,,,,4.0；2.0；3.0；24.0,潜在失效原因/机理；潜在失效后果；严酷度(S)；发生度(O)；可探测度(D)；风险优先数(RPN),84,
1459,1459,Full-ΣMi残差模型,M1+M2+M3+M4,风险影响评估类,原因后果查风险指标,风险指标查询,,,困难,潜在原因“Maintenance; Mooring lines corrosion due to improper maintenance of the corroded components”导致后果“Mooring line strength decrease or broken”时，S、O、D、RPN分别是多少？,S=3.6；O=2.8；D=3；RPN=29.2,失效模式 / FailureMode: Mooring Line Corrosion [1] 风险优先数 / RPN: 29.2 严重度 / S: 3.6 发生度 / O: 2.8 可探测度 / D: 3,正确,1.0,1003.2,语义RAG,1.0,1.0,0,1.0,3,,,29.2；3.6；2.8；3.0,,,,3.6；2.8；3.0；29.2,潜在失效原因/机理；潜在失效后果；严酷度(S)；发生度(O)；可探测度(D)；风险优先数(RPN),85,
1460,1460,Full-ΣMi残差模型,M1+M2+M3+M4,风险影响评估类,原因后果查风险指标,风险指标查询,,,困难,"潜在原因“Maintenance; Mooring line fatigue due to Lack of proper maintenance, including inspection, monitoring, and replacement of the mooring lines.”导致后果“Mooring line strength decrease or broken”时，S、O、D、RPN分别是多少？",S=3.6；O=2.8；D=3；RPN=29.6,严重度 / S: 3.6 发生度 / O: 2.8 可探测度 / D: 3 风险优先数 / RPN: 29.6,正确,1.0,890.8,语义RAG,1.0,1.0,0,1.0,3,,,3.6；2.8；3.0；29.6,,,,3.6；2.8；3.0；29.6,潜在失效原因/机理；潜在失效后果；严酷度(S)；发生度(O)；可探测度(D)；风险优先数(RPN),86,
1461,1461,Full-ΣMi残差模型,M1+M2+M3+M4,风险影响评估类,原因后果查风险指标,风险指标查询,,,困难,"潜在原因“Operation; Mooring line fatigue due to Improper operational procedures, such as excessive loading, bending or twisting.”导致后果“Mooring line strength decrease or broken”时，S、O、D、RPN分别是多少？",S=3.6；O=3；D=3；RPN=31.6,严重度 / S: 3.6 发生度 / O: 3 可探测度 / D: 3 风险优先数 / RPN: 31.6,正确,1.0,811.91,语义RAG,1.0,1.0,0,1.0,3,,,3.6；3.0；3.0；31.6,,,,3.6；3.0；3.0；31.6,潜在失效原因/机理；潜在失效后果；严酷度(S)；发生度(O)；可探测度(D)；风险优先数(RPN),87,
1462,1462,Full-ΣMi残差模型,M1+M2+M3+M4,风险影响评估类,原因后果查风险指标,风险指标查询,,,困难,潜在原因“Manufacturing; Mooring lines wear due to poor quality during fabrication”导致后果“Mooring line strength decrease or broken”时，S、O、D、RPN分别是多少？,S=3.6；O=2.8；D=3.6；RPN=35.6,严重度 / S: 3.6 发生度 / O: 2.8 可探测度 / D: 3.6 风险优先数 / RPN: 35.6,正确,1.0,887.08,语义RAG,1.0,1.0,0,1.0,3,,,3.6；2.8；3.6；35.6,,,,3.6；2.8；3.6；35.6,潜在失效原因/机理；潜在失效后果；严酷度(S)；发生度(O)；可探测度(D)；风险优先数(RPN),88,
1463,1463,Full-ΣMi残差模型,M1+M2+M3+M4,风险影响评估类,原因后果查风险指标,风险指标查询,,,困难,潜在原因“Design; Mooring lines wear due to underestimation of seisemic events during design or due to rope compression not considered”导致后果“Mooring line strength decrease or broken”时，S、O、D、RPN分别是多少？,S=3.6；O=2；D=3.6；RPN=26.4,严重度 / S: 3.6 发生度 / O: 2 可探测度 / D: 3.6 风险优先数 / RPN: 26.4,正确,1.0,891.81,语义RAG,1.0,1.0,0,1.0,3,,,3.6；2.0；3.6；26.4,,,,3.6；2.0；3.6；26.4,潜在失效原因/机理；潜在失效后果；严酷度(S)；发生度(O)；可探测度(D)；风险优先数(RPN),89,
1464,1464,Full-ΣMi残差模型,M1+M2+M3+M4,风险影响评估类,原因后果查风险指标,风险指标查询,,,困难,"潜在原因“Operation; Mooring lines wear due to Improper handling, such as excessive tension, bending, or twisting of the mooring lines.”导致后果“Mooring line strength decrease or broken”时，S、O、D、RPN分别是多少？",S=3.6；O=2.4；D=3.6；RPN=31.6,严重度 / S: 3.6 发生度 / O: 2.4 可探测度 / D: 3.6 风险优先数 / RPN: 31.6,正确,1.0,896.99,语义RAG,1.0,1.0,0,1.0,3,,,3.6；2.4；3.6；31.6,,,,3.6；2.4；3.6；31.6,潜在失效原因/机理；潜在失效后果；严酷度(S)；发生度(O)；可探测度(D)；风险优先数(RPN),90,
1465,1465,Full-ΣMi残差模型,M1+M2+M3+M4,风险影响评估类,原因后果查风险指标,风险指标查询,,,困难,潜在原因“Operation; Transitional chain wear due to repeated loading and unloading cycles over time”导致后果“Asset not in correct location or position”时，S、O、D、RPN分别是多少？,S=4；O=2.4；D=2.6；RPN=24.8,严重度 / S: 4 发生度 / O: 2.4 可探测度 / D: 2.6 风险优先数 / RPN: 24.8,正确,1.0,796.29,语义RAG,1.0,1.0,0,1.0,3,,,4.0；2.4；2.6；24.8,,,,4.0；2.4；2.6；24.8,潜在失效原因/机理；潜在失效后果；严酷度(S)；发生度(O)；可探测度(D)；风险优先数(RPN),91,
1466,1466,Full-ΣMi残差模型,M1+M2+M3+M4,风险影响评估类,原因后果查风险指标,风险指标查询,,,困难,潜在原因“Maintenance; Transitional chain wear due to improper inspection and maintenance”导致后果“Asset not in correct location or position”时，S、O、D、RPN分别是多少？,S=4；O=2；D=2.6；RPN=20,严重度 / S: 4 发生度 / O: 2 可探测度 / D: 2.6 风险优先数 / RPN: 20,正确,1.0,801.44,语义RAG,1.0,1.0,0,1.0,3,,,4.0；2.0；2.6；20.0,,,,4.0；2.0；2.6；20.0,潜在失效原因/机理；潜在失效后果；严酷度(S)；发生度(O)；可探测度(D)；风险优先数(RPN),92,
1467,1467,Full-ΣMi残差模型,M1+M2+M3+M4,风险影响评估类,原因后果查风险指标,风险指标查询,,,困难,"潜在原因“Operation; Friction chain wear due to significant movement and tension due to the forces of wind, waves”导致后果“Asset not in correct location or position”时，S、O、D、RPN分别是多少？",S=4；O=2.2；D=2.6；RPN=22.4,严重度 / S: 4 发生度 / O: 2.2 可探测度 / D: 2.6 风险优先数 / RPN: 22.4,正确,1.0,824.44,语义RAG,1.0,1.0,0,1.0,3,,,4.0；2.2；2.6；22.4,,,,4.0；2.2；2.6；22.4,潜在失效原因/机理；潜在失效后果；严酷度(S)；发生度(O)；可探测度(D)；风险优先数(RPN),93,
1468,1468,Full-ΣMi残差模型,M1+M2+M3+M4,风险影响评估类,原因后果查风险指标,风险指标查询,,,困难,潜在原因“Operation; Mooring line wear due to hysteretic heating or wet-dry cycling”导致后果“Asset not in correct location or position”时，S、O、D、RPN分别是多少？,S=4；O=2.2；D=3；RPN=28,严重度 / S: 4 发生度 / O: 2.2 可探测度 / D: 3 风险优先数 / RPN: 28,正确,1.0,827.89,语义RAG,1.0,1.0,0,1.0,3,,,4.0；2.2；3.0；28.0,,,,4.0；2.2；3.0；28.0,潜在失效原因/机理；潜在失效后果；严酷度(S)；发生度(O)；可探测度(D)；风险优先数(RPN),94,
1469,1469,Full-ΣMi残差模型,M1+M2+M3+M4,风险影响评估类,原因后果查风险指标,风险指标查询,,,困难,潜在原因“Design; Mooring winch failure due to understimation of loads during design phase”导致后果“Asset not in correct location or position”时，S、O、D、RPN分别是多少？,S=4；O=2；D=2.8；RPN=21.6,严重度 / S: 4 发生度 / O: 2 可探测度 / D: 2.8 风险优先数 / RPN: 21.6,正确,1.0,821.36,语义RAG,1.0,1.0,0,1.0,3,,,4.0；2.0；2.8；21.6,,,,4.0；2.0；2.8；21.6,潜在失效原因/机理；潜在失效后果；严酷度(S)；发生度(O)；可探测度(D)；风险优先数(RPN),95,
1470,1470,Full-ΣMi残差模型,M1+M2+M3+M4,风险影响评估类,原因后果查风险指标,风险指标查询,,,困难,潜在原因“Maintenance; Mooring winch failure due to undetected hazard during operation”导致后果“Asset not in correct location or position”时，S、O、D、RPN分别是多少？,S=4；O=2；D=3.2；RPN=25.6,"S=4, O=2, D=3.2, RPN=25.6",正确,1.0,574.03,语义RAG,1.0,1.0,0,1.0,3,,,4.0；2.0；3.2；25.6,,,,4.0；2.0；3.2；25.6,潜在失效原因/机理；潜在失效后果；严酷度(S)；发生度(O)；可探测度(D)；风险优先数(RPN),96,
1471,1471,Full-ΣMi残差模型,M1+M2+M3+M4,风险影响评估类,原因后果查风险指标,风险指标查询,,,困难,潜在原因“Design Phase; Underestimation of dynamic conditions - Unexpected contingency scenario ( loss of mooring line ) - unexpected dynamic loads”导致后果“Structural damage - cable composition weakening”时，S、O、D、RPN分别是多少？,S=4.2；O=2.2；D=3.75；RPN=30.25,严重度 / S: 4.2 发生度 / O: 2.2 可探测度 / D: 3.75 风险优先数 / RPN: 30.25,正确,1.0,923.52,语义RAG,0.6667,1.0,0,1.0,3,,,4.2；2.2；3.75；30.25,,,,4.2；2.2；3.75；30.25,潜在失效原因/机理；潜在失效后果；严酷度(S)；发生度(O)；可探测度(D)；风险优先数(RPN),97,
1472,1472,Full-ΣMi残差模型,M1+M2+M3+M4,风险影响评估类,原因后果查风险指标,风险指标查询,,,困难,潜在原因“Environmental conditions; Anchor impacts - seabed movement”导致后果“Structural integrity damage - extra stress on cables”时，S、O、D、RPN分别是多少？,S=4.2；O=1.6；D=2.4；RPN=20,严重度 / S: 4.2 发生度 / O: 1.6 可探测度 / D: 2.4 风险优先数 / RPN: 20,正确,1.0,1223.33,语义RAG,0.3333,1.0,0,1.0,3,,,4.2；1.6；2.4；20.0,,,,4.2；1.6；2.4；20.0,潜在失效原因/机理；潜在失效后果；严酷度(S)；发生度(O)；可探测度(D)；风险优先数(RPN),98,
1473,1473,Full-ΣMi残差模型,M1+M2+M3+M4,风险影响评估类,原因后果查风险指标,风险指标查询,,,困难,"潜在原因“Operation; Mechanical stress - cable motion,Bending and motion”导致后果“Operational disruption”时，S、O、D、RPN分别是多少？",S=2.67；O=3；D=3；RPN=32,严重度 / S: 2.67 发生度 / O: 3 可探测度 / D: 3 风险优先数 / RPN: 32,正确,1.0,786.19,语义RAG,0.3333,1.0,0,1.0,3,,,2.67；3.0；3.0；32.0,,,,2.67；3.0；3.0；32.0,潜在失效原因/机理；潜在失效后果；严酷度(S)；发生度(O)；可探测度(D)；风险优先数(RPN),99,
1474,1474,Full-ΣMi残差模型,M1+M2+M3+M4,风险影响评估类,原因后果查风险指标,风险指标查询,,,困难,"潜在原因“Installation phase; Seawater exposure, environmental conditions due to failure of corrosion protection anodes”导致后果“J-tube degradation affecting cable integrity”时，S、O、D、RPN分别是多少？",S=2.8；O=2.8；D=3.2；RPN=22.5,"S=2.8, O=2.8, D=3.2, RPN=22.5",正确,1.0,654.0,语义RAG,1.0,1.0,0,1.0,3,,,2.8；2.8；3.2；22.5,,,,2.8；2.8；3.2；22.5,潜在失效原因/机理；潜在失效后果；严酷度(S)；发生度(O)；可探测度(D)；风险优先数(RPN),100,
1475,1475,Full-ΣMi残差模型,M1+M2+M3+M4,风险影响评估类,原因后果查风险指标,风险指标查询,,,困难,"潜在原因“Design Phase; Seawater exposure, environmental conditions due to insufficient coating”导致后果“J-tube degradation affecting cable integrity”时，S、O、D、RPN分别是多少？",S=3.2；O=2；D=3.4；RPN=15,严重度 / S: 3.2 发生度 / O: 2 可探测度 / D: 3.4 风险优先数 / RPN: 15,正确,1.0,726.32,语义RAG,1.0,1.0,0,1.0,3,,,3.2；2.0；3.4；15.0,,,,3.2；2.0；3.4；15.0,潜在失效原因/机理；潜在失效后果；严酷度(S)；发生度(O)；可探测度(D)；风险优先数(RPN),101,
1476,1476,Full-ΣMi残差模型,M1+M2+M3+M4,风险影响评估类,原因后果查风险指标,风险指标查询,,,困难,潜在原因“Design Phase; Excessive mechanical load - equipment interraction”导致后果“Structural damage - cable weakening”时，S、O、D、RPN分别是多少？,S=3.8；O=1.8；D=3.2；RPN=24,严重度 / S: 3.8 发生度 / O: 1.8 可探测度 / D: 3.2 风险优先数 / RPN: 24,正确,1.0,795.08,语义RAG,0.3333,1.0,0,1.0,3,,,3.8；1.8；3.2；24.0,,,,3.8；1.8；3.2；24.0,潜在失效原因/机理；潜在失效后果；严酷度(S)；发生度(O)；可探测度(D)；风险优先数(RPN),102,
1477,1477,Full-ΣMi残差模型,M1+M2+M3+M4,风险影响评估类,原因后果查风险指标,风险指标查询,,,困难,潜在原因“Design Phase; Wrong design/execution of the isolation material”导致后果“High risk of fault on the cable - total loss of the line Prodution loss on the string”时，S、O、D、RPN分别是多少？,S=3.2；O=1.75；D=3.5；RPN=24,"S=3.2, O=1.75, D=3.5, RPN=24",正确,1.0,642.88,语义RAG,0.6667,1.0,0,1.0,3,,,3.2；1.75；3.5；24.0,,,,3.2；1.75；3.5；24.0,潜在失效原因/机理；潜在失效后果；严酷度(S)；发生度(O)；可探测度(D)；风险优先数(RPN),103,
1478,1478,Full-ΣMi残差模型,M1+M2+M3+M4,风险影响评估类,原因后果查风险指标,风险指标查询,,,困难,潜在原因“Environmental conditions; Floating debris - marine activities”导致后果“Cable damage - operational disruption”时，S、O、D、RPN分别是多少？,S=3.2；O=2；D=3.2；RPN=16,严重度 / S: 3.2 发生度 / O: 2 可探测度 / D: 3.2 风险优先数 / RPN: 16,正确,1.0,783.88,语义RAG,0.3333,1.0,0,1.0,3,,,3.2；2.0；3.2；16.0,,,,3.2；2.0；3.2；16.0,潜在失效原因/机理；潜在失效后果；严酷度(S)；发生度(O)；可探测度(D)；风险优先数(RPN),104,
1479,1479,Full-ΣMi残差模型,M1+M2+M3+M4,风险影响评估类,原因后果查风险指标,风险指标查询,,,困难,潜在原因“Operation; Connector failure - Mechanical stress”导致后果“cable disconnection - water penetration - Power loss”时，S、O、D、RPN分别是多少？,S=4.4；O=2；D=2.4；RPN=18.5,严重度 / S: 4.4 发生度 / O: 2 可探测度 / D: 2.4 风险优先数 / RPN: 18.5,正确,1.0,820.01,语义RAG,0.3333,1.0,0,1.0,3,,,4.4；2.0；2.4；18.5,,,,4.4；2.0；2.4；18.5,潜在失效原因/机理；潜在失效后果；严酷度(S)；发生度(O)；可探测度(D)；风险优先数(RPN),105,
1480,1480,Full-ΣMi残差模型,M1+M2+M3+M4,风险影响评估类,原因后果查风险指标,风险指标查询,,,困难,潜在原因“Manufacturing; Poor quality components”导致后果“breakdown of insulation”时，S、O、D、RPN分别是多少？,S=3.6；O=2.6；D=2.8；RPN=25.2,根据上下文，没有找到“Manufacturing; Poor quality components”作为失效原因和“breakdown of insulation”作为失效后果的对应条目。因此，无法提供具体的S、O、D、RPN值。 根据提供的信息，“Design Phase; Inproper design : need quality insulation materials and protection”导致“Fault in the cable - power disruption”的S、O、D、RPN分别是4.4、2.2、2.8和25.6。,错误,0.25,1267.95,语义RAG,0.0,0.25,0,0.25,3,,3.6；2.6；25.2,2.8,,,,3.6；2.6；2.8；25.2,潜在失效原因/机理；潜在失效后果；严酷度(S)；发生度(O)；可探测度(D)；风险优先数(RPN),106,
1481,1481,Full-ΣMi残差模型,M1+M2+M3+M4,风险影响评估类,原因后果查风险指标,风险指标查询,,,困难,潜在原因“Manufacturing; Poor quality of insulating fluids”导致后果“breakdown of insulation”时，S、O、D、RPN分别是多少？,S=3.8；O=2.6；D=3.2；RPN=28.6,失效模式 / FailureMode: Failure of end termination [6] 风险优先数 / RPN: 28.6 严重度 / S: 3.8 发生度 / O: 2.6 可探测度 / D: 3.2,正确,1.0,866.06,语义RAG,0.6667,1.0,0,1.0,3,,,28.6；3.8；2.6；3.2,,,,3.8；2.6；3.2；28.6,潜在失效原因/机理；潜在失效后果；严酷度(S)；发生度(O)；可探测度(D)；风险优先数(RPN),107,
1482,1482,Full-ΣMi残差模型,M1+M2+M3+M4,风险影响评估类,原因后果查风险指标,风险指标查询,,,困难,潜在原因“Manufacturing; Quality of workmanship”导致后果“breakdown of insulation”时，S、O、D、RPN分别是多少？,S=3.6；O=2.8；D=2.8；RPN=27.6,根据上下文，没有找到 `Manufacturing; Quality of workmanship` 作为失效原因以及 `breakdown of insulation` 作为失效后果的记录。因此，无法提供具体的 S、O、D、RPN 值。 但是，从提供的信息中可以看到： - 对于导体部分（Conductor），最高风险条目的 RPN 是 25。 - 对于绝缘部分（Insulation），最高风险条目的 RPN 是 25.6。 因此，如果需要估算或推断 `Manufacturing; Quality of workmanship` 导致 `breakdown of insulation` 的 S、O、D、RPN 值，可能接近上述值。但具体数值仍需根据实际情况确定。,错误,0.0,1712.1,语义RAG,0.0,0.5,0,0.5,3,,3.6；2.8；2.8；27.6,,,,,3.6；2.8；2.8；27.6,潜在失效原因/机理；潜在失效后果；严酷度(S)；发生度(O)；可探测度(D)；风险优先数(RPN),108,
1483,1483,Full-ΣMi残差模型,M1+M2+M3+M4,风险影响评估类,原因后果查风险指标,风险指标查询,,,困难,潜在原因“Operation; Mechanical stress”导致后果“Cable damage - exposure to elements”时，S、O、D、RPN分别是多少？,S=3.6；O=2.6；D=3；RPN=28,严重度 / S: 3.6 发生度 / O: 2.6 可探测度 / D: 3 风险优先数 / RPN: 28,正确,1.0,760.7,语义RAG,0.3333,1.0,0,1.0,3,,,3.6；2.6；3.0；28.0,,,,3.6；2.6；3.0；28.0,潜在失效原因/机理；潜在失效后果；严酷度(S)；发生度(O)；可探测度(D)；风险优先数(RPN),109,
1484,1484,Full-ΣMi残差模型,M1+M2+M3+M4,风险影响评估类,原因后果查风险指标,风险指标查询,,,困难,潜在原因“Design Phase; Inproper design : need quality insulation materials and protection”导致后果“Fault in the cable - power disruption”时，S、O、D、RPN分别是多少？,S=4.4；O=2.2；D=2.8；RPN=25.6,"失效模式 ""Failure of insulations"" 的 S=4.4, O=2.2, D=2.8, RPN=25.6。",正确,1.0,702.33,语义RAG,0.6667,1.0,0,1.0,3,,,4.4；2.2；2.8；25.6,,,,4.4；2.2；2.8；25.6,潜在失效原因/机理；潜在失效后果；严酷度(S)；发生度(O)；可探测度(D)；风险优先数(RPN),110,
1485,1485,Full-ΣMi残差模型,M1+M2+M3+M4,风险影响评估类,原因后果查风险指标,风险指标查询,,,困难,潜在原因“Operation; Mechanical and thermal stress”导致后果“Fault in the cable - exposure to elements”时，S、O、D、RPN分别是多少？,S=4.2；O=2.4；D=3；RPN=31.6,"S=4.2, O=2.4, D=3, RPN=31.6",正确,1.0,608.55,语义RAG,0.6667,1.0,0,1.0,3,,,4.2；2.4；3.0；31.6,,,,4.2；2.4；3.0；31.6,潜在失效原因/机理；潜在失效后果；严酷度(S)；发生度(O)；可探测度(D)；风险优先数(RPN),111,
1486,1486,Full-ΣMi残差模型,M1+M2+M3+M4,风险影响评估类,原因后果查风险指标,风险指标查询,,,困难,潜在原因“Manufacturing; Errors or defects during manufacturing”导致后果“Reduced or interupted electricity flow”时，S、O、D、RPN分别是多少？,S=4.2；O=2.6；D=3；RPN=30.2,严重度 / S: 4.2 发生度 / O: 2.6 可探测度 / D: 3 风险优先数 / RPN: 30.2,正确,1.0,774.41,语义RAG,0.3333,1.0,0,1.0,3,,,4.2；2.6；3.0；30.2,,,,4.2；2.6；3.0；30.2,潜在失效原因/机理；潜在失效后果；严酷度(S)；发生度(O)；可探测度(D)；风险优先数(RPN),112,
1487,1487,Full-ΣMi残差模型,M1+M2+M3+M4,风险影响评估类,原因后果查风险指标,风险指标查询,,,困难,潜在原因“Operation; Damage on the cable due to extreme environmental events”导致后果“Reduced or interupted electricity flow”时，S、O、D、RPN分别是多少？,S=4.2；O=2；D=3.6；RPN=27.8,严重度 / S: 4.2 发生度 / O: 2 可探测度 / D: 3.6 风险优先数 / RPN: 27.8,正确,1.0,732.32,语义RAG,0.3333,1.0,0,1.0,3,,,4.2；2.0；3.6；27.8,,,,4.2；2.0；3.6；27.8,潜在失效原因/机理；潜在失效后果；严酷度(S)；发生度(O)；可探测度(D)；风险优先数(RPN),113,
1488,1488,Full-ΣMi残差模型,M1+M2+M3+M4,风险影响评估类,原因后果查风险指标,风险指标查询,,,困难,潜在原因“Operation; Internal damage: Problem in insulation material - Electrical overload”导致后果“Electrical faults - loss of production”时，S、O、D、RPN分别是多少？,S=4.2；O=2.4；D=2.4；RPN=25,严重度 / S: 4.2 发生度 / O: 2.4 可探测度 / D: 2.4 风险优先数 / RPN: 25,正确,1.0,782.23,语义RAG,0.6667,1.0,0,1.0,3,,,4.2；2.4；2.4；25.0,,,,4.2；2.4；2.4；25.0,潜在失效原因/机理；潜在失效后果；严酷度(S)；发生度(O)；可探测度(D)；风险优先数(RPN),114,
1489,1489,Full-ΣMi残差模型,M1+M2+M3+M4,风险影响评估类,原因后果查风险指标,风险指标查询,,,困难,潜在原因“Operation; Repeated stress cycles - bending motions”导致后果“Crack may evolve in a fault of the cable - Cable weakening”时，S、O、D、RPN分别是多少？,S=4.2；O=2.4；D=3.6；RPN=35.6,严重度 / S: 4.2 发生度 / O: 2.4 可探测度 / D: 3.6 风险优先数 / RPN: 35.6,正确,1.0,819.77,语义RAG,0.3333,1.0,0,1.0,3,,,4.2；2.4；3.6；35.6,,,,4.2；2.4；3.6；35.6,潜在失效原因/机理；潜在失效后果；严酷度(S)；发生度(O)；可探测度(D)；风险优先数(RPN),115,
1490,1490,Full-ΣMi残差模型,M1+M2+M3+M4,风险影响评估类,原因后果查风险指标,风险指标查询,,,困难,"潜在原因“Design Phase; Unexpected contingency ( earthquake, seabed movement)”导致后果“Cable damage, production disruption”时，S、O、D、RPN分别是多少？",S=4.6；O=1.4；D=3.5；RPN=32,严重度 / S: 4.6 发生度 / O: 1.4 可探测度 / D: 3.5 风险优先数 / RPN: 32,正确,1.0,783.1,语义RAG,0.3333,1.0,0,1.0,3,,,4.6；1.4；3.5；32.0,,,,4.6；1.4；3.5；32.0,潜在失效原因/机理；潜在失效后果；严酷度(S)；发生度(O)；可探测度(D)；风险优先数(RPN),116,
1491,1491,Full-ΣMi残差模型,M1+M2+M3+M4,风险影响评估类,原因后果查风险指标,风险指标查询,,,困难,潜在原因“Environmental conditions; Dynamic positioning system failure due to excessive environmental conditions”导致后果“Cables stress”时，S、O、D、RPN分别是多少？,S=3.4；O=2.6；D=3；RPN=26,严重度 / S: 3.4 发生度 / O: 2.6 可探测度 / D: 3 风险优先数 / RPN: 26,正确,1.0,1240.46,语义RAG,0.3333,1.0,0,1.0,3,,,3.4；2.6；3.0；26.0,,,,3.4；2.6；3.0；26.0,潜在失效原因/机理；潜在失效后果；严酷度(S)；发生度(O)；可探测度(D)；风险优先数(RPN),117,
1492,1492,Full-ΣMi残差模型,M1+M2+M3+M4,风险影响评估类,原因后果查风险指标,风险指标查询,,,困难,潜在原因“Design Phase; Underestimation of dynamic conditions - Unexpected contingency scenario ( loss of mooring line )”导致后果“Weakening of cable materials - loss of production”时，S、O、D、RPN分别是多少？,S=4.4；O=1.8；D=3；RPN=18.5,严重度 / S: 4.4 发生度 / O: 1.8 可探测度 / D: 3 风险优先数 / RPN: 18.5,正确,1.0,848.78,语义RAG,1.0,1.0,0,1.0,3,,,4.4；1.8；3.0；18.5,,,,4.4；1.8；3.0；18.5,潜在失效原因/机理；潜在失效后果；严酷度(S)；发生度(O)；可探测度(D)；风险优先数(RPN),119,
1493,1493,Full-ΣMi残差模型,M1+M2+M3+M4,风险影响评估类,原因后果查风险指标,风险指标查询,,,困难,潜在原因“Design Phase; Design inefficiency”导致后果“Cable being vulnerable to scour and need for repair or replacement”时，S、O、D、RPN分别是多少？,S=3.8；O=2.2；D=4.4；RPN=38.4,严重度 / S: 3.8 发生度 / O: 2.2 可探测度 / D: 4.4 风险优先数 / RPN: 38.4,正确,1.0,817.73,语义RAG,1.0,1.0,0,1.0,3,,,3.8；2.2；4.4；38.4,,,,3.8；2.2；4.4；38.4,潜在失效原因/机理；潜在失效后果；严酷度(S)；发生度(O)；可探测度(D)；风险优先数(RPN),121,
1494,1494,Full-ΣMi残差模型,M1+M2+M3+M4,风险影响评估类,原因后果查风险指标,风险指标查询,,,困难,潜在原因“Design Phase; lack of data of the deployment location”导致后果“Cable being vulnerable to scour and need for repair or replacement”时，S、O、D、RPN分别是多少？,S=3.8；O=2.6；D=4.4；RPN=44,严重度 / S: 3.8 发生度 / O: 2.6 可探测度 / D: 4.4 风险优先数 / RPN: 44,正确,1.0,1217.19,语义RAG,1.0,1.0,0,1.0,3,,,3.8；2.6；4.4；44.0,,,,3.8；2.6；4.4；44.0,潜在失效原因/机理；潜在失效后果；严酷度(S)；发生度(O)；可探测度(D)；风险优先数(RPN),122,
1495,1495,Full-ΣMi残差模型,M1+M2+M3+M4,风险影响评估类,原因后果查风险指标,风险指标查询,,,困难,潜在原因“Installation phase; incorrect installation”导致后果“Cable being vulnerable to scour and need for repair or replacement”时，S、O、D、RPN分别是多少？,S=3.8；O=2.8；D=4；RPN=41.6,严重度 / S: 3.8 发生度 / O: 2.8 可探测度 / D: 4 风险优先数 / RPN: 41.6,正确,1.0,1208.6,语义RAG,1.0,1.0,0,1.0,3,,,3.8；2.8；4.0；41.6,,,,3.8；2.8；4.0；41.6,潜在失效原因/机理；潜在失效后果；严酷度(S)；发生度(O)；可探测度(D)；风险优先数(RPN),123,
1496,1496,Full-ΣMi残差模型,M1+M2+M3+M4,风险影响评估类,原因后果查风险指标,风险指标查询,,,困难,"潜在原因“Environmental conditions; Environmental exposure - wear”导致后果“Structural damage - cable weakening, exposure to elements”时，S、O、D、RPN分别是多少？",S=3.6；O=2.2；D=3.75；RPN=29,严重度 / S: 3.6 发生度 / O: 2.2 可探测度 / D: 3.75 风险优先数 / RPN: 29,正确,1.0,764.07,语义RAG,0.3333,1.0,0,1.0,3,,,3.6；2.2；3.75；29.0,,,,3.6；2.2；3.75；29.0,潜在失效原因/机理；潜在失效后果；严酷度(S)；发生度(O)；可探测度(D)；风险优先数(RPN),124,
1497,1497,Full-ΣMi残差模型,M1+M2+M3+M4,风险影响评估类,原因后果查风险指标,风险指标查询,,,困难,"潜在原因“Design Phase; Insufficient information for the deployment location”导致后果“need for re-burial, change of cable protection requirement or even replacement of cable”时，S、O、D、RPN分别是多少？",S=3.6；O=2.4；D=3.8；RPN=28.6,S=4; O=2; D=3.5; RPN=0,错误,0.0,620.29,语义RAG,1.0,1.0,0,1.0,3,,3.6；2.4；3.8；28.6,,,,,3.6；2.4；3.8；28.6,潜在失效原因/机理；潜在失效后果；严酷度(S)；发生度(O)；可探测度(D)；风险优先数(RPN),125,
1498,1498,Full-ΣMi残差模型,M1+M2+M3+M4,风险影响评估类,原因后果查风险指标,风险指标查询,,,困难,"潜在原因“Environmental conditions; exposure of seabed cover to extreme environmental phenomena”导致后果“need for re-burial, change of cable protection requirement or even replacement of cable”时，S、O、D、RPN分别是多少？",S=3.6；O=2.2；D=4.2；RPN=29.6,"S=3.6, O=2.2, D=4.2, RPN=29.6",正确,1.0,663.27,语义RAG,1.0,1.0,0,1.0,3,,,3.6；2.2；4.2；29.6,,,,3.6；2.2；4.2；29.6,潜在失效原因/机理；潜在失效后果；严酷度(S)；发生度(O)；可探测度(D)；风险优先数(RPN),127,
1499,1499,Full-ΣMi残差模型,M1+M2+M3+M4,风险影响评估类,原因后果查风险指标,风险指标查询,,,困难,潜在原因“Operation; Mechanical stress - excessive bending”导致后果“Cable damage - insulation degradation”时，S、O、D、RPN分别是多少？,S=3.4；O=2.6；D=3.2；RPN=28.6,严重度 / S: 3.4 发生度 / O: 2.6 可探测度 / D: 3.2 风险优先数 / RPN: 28.6,正确,1.0,803.76,语义RAG,0.3333,1.0,0,1.0,3,,,3.4；2.6；3.2；28.6,,,,3.4；2.6；3.2；28.6,潜在失效原因/机理；潜在失效后果；严酷度(S)；发生度(O)；可探测度(D)；风险优先数(RPN),128,
1500,1500,Full-ΣMi残差模型,M1+M2+M3+M4,风险影响评估类,项目原因查后果与RPN,项目范围风险评估,,,困难,在项目/功能“Tower / Tower / Primary steelwork”中，由“Design phase; Resonance occurs when the natural frequency of the tower or other components of the wind turbine matches the frequency of the wind or other external forces.”引起的故障，其失效后果和RPN是什么？,Excessive Fatigue Life Consumption；RPN=33.33,失效后果 / FailureEffect: Excessive Fatigue Life Consumption 风险优先数 / RPN: 33.33,正确,1.0,773.0,语义RAG,0.3333,1.0,0,1.0,3,,,33.33,,,Excessive Fatigue Life Consumption,33.33,项目/功能；潜在失效原因/机理；潜在失效后果；风险优先数(RPN),0,
