序号,全局序号,消融模型,去除模块,情景类别,题型,来源标签,模块标签,模块标签说明,难度,问题,参考答案,模型回答,是否正确,部分准确率,耗时毫秒,回答路径,上下文精确率,证据召回率,幻觉标记,多跳路径覆盖率,上下文条数,缺失文本项,缺失数值项,命中数值,无证据编号,无证据数值,标准文本项,标准数值项,预期字段,原始行号,错误信息
1,1,Full全量模型,无,故障原因诊断类,项目失效现象后果查原因,故障原因查询,,,简单,在项目/功能“Tower / Tower / Primary steelwork”中，故障现象“Abnormal vibration”会造成“Excessive Fatigue Life Consumption”，它的潜在原因/机理是什么？,Design phase; Resonance occurs when the natural frequency of the tower or other components of the wind turbine matches the frequency of the wind or other external forces.,匹配到2条记录：1) FMEA编号=TO1；项目/功能=Tower / Tower (TO) / Primary steelwork；失效模式=Abnormal vibration；失效原因=Design phase; Resonance occurs when the natural frequency of the tower or other components of the wind turbine matches the frequency of the wind or other external forces.；失效后果=Excessive Fatigue Life Consumption；建议措施=-；2) FMEA编号=TO2；项目/功能=Tower / Tower (TO) / Primary steelwork；失效模式=Abnormal vibration；失效原因=Environmental condition; Resonance occurs when the natural frequency of the tower or other components of the wind turbine matches the frequency of the wind or other external forces.；失效后果=Excessive Fatigue Life Consumption；建议措施=-。,正确,1.0,129.06,确定性规则问答,1.0,1.0,0,,2,,,,,,Design phase; Resonance occurs when the natural frequency of the tower or other components of the wind turbine matches the frequency of the wind or other external forces.,,项目/功能；潜在失效模式；潜在失效后果；潜在失效原因/机理,0,
2,2,Full全量模型,无,故障原因诊断类,项目失效现象后果查原因,故障原因查询,,,简单,在项目/功能“Tower / Tower / Primary steelwork”中，故障现象“Abnormal vibration”会造成“Potential collapse”，它的潜在原因/机理是什么？,"Installation phase; Faulty welding of Tower [10,15]","匹配到2条记录：1) FMEA编号=TO3；项目/功能=Tower / Tower (TO) / Primary steelwork；失效模式=Abnormal vibration；失效原因=Installation phase; Faulty welding of Tower [10,15]；失效后果=Potential collapse；建议措施=-；2) FMEA编号=TO4；项目/功能=Tower / Tower (TO) / Primary steelwork；失效模式=Abnormal vibration；失效原因=Maintenance phase; Due to poor inspection Faulty welding of Tower couldn't be detected before getting severe [10,15]；失效后果=Potential collapse；建议措施=-。",正确,1.0,26.65,确定性规则问答,1.0,1.0,0,,2,,,10.0；15.0；10.0；15.0,,,"Installation phase; Faulty welding of Tower [10,15]",,项目/功能；潜在失效模式；潜在失效后果；潜在失效原因/机理,2,
3,3,Full全量模型,无,故障原因诊断类,项目失效现象后果查原因,故障原因查询,,,简单,在项目/功能“Tower / Tower / Primary steelwork”中，故障现象“Cracks”会造成“Failure of whole facility and vast economic loses”，它的潜在原因/机理是什么？,"Environmental loads; The interaction between the blades and the tower can cause pressure fluctuations, leading to cyclic fatigue [14]","匹配到7条记录：1) FMEA编号=TO16；项目/功能=Tower / Tower (TO) / Primary steelwork；失效模式=Cracks；失效原因=Design phase; Braking system failure due to wrong estimation of operating conditions [15]；失效后果=Failure of whole facility and vast economic loses；建议措施=-；2) FMEA编号=TO18；项目/功能=Tower / Tower (TO) / Primary steelwork；失效模式=Cracks；失效原因=Design phase; Lightning strikes damages due to inefficient lightning prevention system [9]；失效后果=Failure of whole facility and vast economic loses；建议措施=-；3) FMEA编号=TO19；项目/功能=Tower / Tower (TO) / Primary steelwork；失效模式=Cracks；失效原因=Manufacturing; Hit by blades due to poor manufacturing quality control [9]；失效后果=Failure of whole facility and vast economic loses；建议措施=-；4) FMEA编号=TO20；项目/功能=Tower / Tower (TO) / Primary steelwork；失效模式=Cracks；失效原因=Maintenance; Hit by blades due to poor maintenance and inspection leading to undetected wear and damage [15]；失效后果=Failure of whole facility and vast economic loses；建议措施=-；5) FMEA编号=TO21；项目/功能=Tower / Tower (TO) / Primary steelwork；失效模式=Cracks；失效原因=due to Operation; Hit by blades due to human error or operational failure [15]；失效后果=Failure of whole facility and vast economic loses；建议措施=-；6) FMEA编号=TO5；项目/功能=Tower / Tower (TO) / Primary steelwork；失效模式=Cracks；失效原因=Environmental loads; The interaction between the blades and the tower can cause pressure fluctuations, leading to cyclic fatigue [14]；失效后果=Failure of whole facility and vast economic loses；建议措施=High-fidelity coupled aero-hydro-elastic simulation in design updates; Thicker shell sections / local reinforcement；7) FMEA编号=TO6；项目/功能=Tower / Tower (TO) / Primary steelwork；失效模式=Cracks；失效原因=Environmental loads; Material fatigue due to high waves and high frequency of loads [1]；失效后果=Failure of whole facility and vast economic loses；建议措施=Enhanced SHM: acoustic emission, strain gauges, modal monitoring; -; High-fidelity coupled aero-hydro-elastic simulation in design updates; Weld detail optimization and hotspot redesign。",正确,1.0,25.98,确定性规则问答,1.0,1.0,1,,7,,,14.0,,7.0；7.0,"Environmental loads; The interaction between the blades and the tower can cause pressure fluctuations, leading to cyclic fatigue [14]",,项目/功能；潜在失效模式；潜在失效后果；潜在失效原因/机理,4,
4,4,Full全量模型,无,故障原因诊断类,项目失效现象后果查原因,故障原因查询,,,简单,在项目/功能“Tower / Tower / Primary steelwork”中，故障现象“Cracks”会造成“Potential collapse”，它的潜在原因/机理是什么？,Environmental condition; Cyclic wind/wave loading (above design assumption)creates stress concentrations and fatigue. [11],"匹配到6条记录：1) FMEA编号=TO10；项目/功能=Tower / Tower (TO) / Primary steelwork；失效模式=Cracks；失效原因=Fabrication; Material fatigue due to insufficient manufacturing quality [15]；失效后果=Potential collapse；建议措施=-；2) FMEA编号=TO12；项目/功能=Tower / Tower (TO) / Primary steelwork；失效模式=Cracks；失效原因=Installation phase; Installation phase stress/fatigue due to waves, wind, and process. Incorrect installation/error can cause stress concentration and fatigue. [11]；失效后果=Potential collapse；建议措施=-；3) FMEA编号=TO13；项目/功能=Tower / Tower (TO) / Primary steelwork；失效模式=Cracks；失效原因=Maintenance phase; Corrosion due to lack of regular inspection and maintenance to prevent critical steps and failure [11]；失效后果=Potential collapse；建议措施=-；4) FMEA编号=TO14；项目/功能=Tower / Tower (TO) / Primary steelwork；失效模式=Cracks；失效原因=Operation phase; Repeated or cyclic loading and unloading of the tower over a long period of time can cause cracks caused by plastic deformation [11]；失效后果=Potential collapse；建议措施=-；5) FMEA编号=TO15；项目/功能=Tower / Tower (TO) / Primary steelwork；失效模式=Cracks；失效原因=Maintenance phase; Blade replacements, repairs, and corrosion mitigation can add stress. Improper execution can lead to damage and fatigue. [11]；失效后果=Potential collapse；建议措施=-；6) FMEA编号=TO7；项目/功能=Tower / Tower (TO) / Primary steelwork；失效模式=Cracks；失效原因=Environmental condition; Cyclic wind/wave loading (above design assumption)creates stress concentrations and fatigue. [11]；失效后果=Potential collapse；建议措施=Weld detail optimization and hotspot redesign; Enhanced SHM: acoustic emission, strain gauges, modal monitoring; Thicker shell sections / local reinforcement; High-fidelity coupled aero-hydro-elastic simulation in design updates。",正确,1.0,24.79,确定性规则问答,1.0,1.0,1,,6,,,11.0；11.0；11.0；11.0；11.0,,6.0；5.0；6.0,Environmental condition; Cyclic wind/wave loading (above design assumption)creates stress concentrations and fatigue. [11],,项目/功能；潜在失效模式；潜在失效后果；潜在失效原因/机理,6,
5,5,Full全量模型,无,故障原因诊断类,项目失效现象后果查原因,故障原因查询,,,简单,在项目/功能“Tower / Tower / Primary structure & welding”中，故障现象“Cracks”会造成“Potential collapse”，它的潜在原因/机理是什么？,"Design phase; Welding failure due to Poor design or inadequate specification of welding procedures considering harsh environmental condition [1,15]","匹配到2条记录：1) FMEA编号=TO8；项目/功能=Tower / Tower (TO) / Primary structure & welding；失效模式=Cracks；失效原因=Design phase; Welding failure due to Poor design or inadequate specification of welding procedures considering harsh environmental condition [1,15]；失效后果=Potential collapse；建议措施=-；2) FMEA编号=TO9；项目/功能=Tower / Tower (TO) / Primary structure & welding；失效模式=Cracks；失效原因=Manufacturing; Welding failure due to Poor design or inadequate specification of welding procedures considering harsh environmental condition [1,15]；失效后果=Potential collapse；建议措施=-。",正确,1.0,23.39,确定性规则问答,1.0,1.0,1,,2,,,1.0；1.0；15.0；1.0；15.0,,2.0；2.0,"Design phase; Welding failure due to Poor design or inadequate specification of welding procedures considering harsh environmental condition [1,15]",,项目/功能；潜在失效模式；潜在失效后果；潜在失效原因/机理,7,
6,6,Full全量模型,无,故障原因诊断类,项目失效现象后果查原因,故障原因查询,,,简单,在项目/功能“Tower / Tower / Welding”中，故障现象“Cracks”会造成“Potential collapse”，它的潜在原因/机理是什么？,"Fabrication; Welding failure due to Poor quality control during the welding process [1,10]","匹配到1条记录：1) FMEA编号=TO11；项目/功能=Tower / Tower (TO) / Welding；失效模式=Cracks；失效原因=Fabrication; Welding failure due to Poor quality control during the welding process [1,10]；失效后果=Potential collapse；建议措施=-。",正确,1.0,22.28,确定性规则问答,1.0,1.0,0,,1,,,1.0；1.0；1.0；10.0,,,"Fabrication; Welding failure due to Poor quality control during the welding process [1,10]",,项目/功能；潜在失效模式；潜在失效后果；潜在失效原因/机理,10,
7,7,Full全量模型,无,故障原因诊断类,项目失效现象后果查原因,故障原因查询,,,简单,在项目/功能“Tower / Tower / Primary steelwork”中，故障现象“Cracks”会造成“Failure of the WTG/Major repair campaign/Structure reassessment”，它的潜在原因/机理是什么？,Environmental condition; Lightning strikes[9],匹配到1条记录：1) FMEA编号=TO17；项目/功能=Tower / Tower (TO) / Primary steelwork；失效模式=Cracks；失效原因=Environmental condition; Lightning strikes[9]；失效后果=Failure of the WTG/Major repair campaign/Structure reassessment；建议措施=-。,正确,1.0,21.58,确定性规则问答,1.0,1.0,0,,1,,,9.0,,,Environmental condition; Lightning strikes[9],,项目/功能；潜在失效模式；潜在失效后果；潜在失效原因/机理,16,
8,8,Full全量模型,无,故障原因诊断类,项目失效现象后果查原因,故障原因查询,,,简单,在项目/功能“Tower / Tower / Primary steelwork”中，故障现象“Plastic deformation”会造成“Potential collapse”，它的潜在原因/机理是什么？,"Manufacturing; Inadequate quality control during the manufacturing process may create structural weaknesses or defects in the tower, causing plastic deformation over time. [11]","匹配到2条记录：1) FMEA编号=TO22；项目/功能=Tower / Tower (TO) / Primary steelwork；失效模式=Plastic deformation；失效原因=Manufacturing; Inadequate quality control during the manufacturing process may create structural weaknesses or defects in the tower, causing plastic deformation over time. [11]；失效后果=Potential collapse；建议措施=-；2) FMEA编号=TO23；项目/功能=Tower / Tower (TO) / Primary steelwork；失效模式=Plastic deformation；失效原因=Design phase; Plastic deformation due to insufficient yield strength and lack of detailed stress analysis and simulations [13]；失效后果=Potential collapse；建议措施=Operational limits & control strategies for extreme motions; Blade–tower clearance and control optimization for extreme motions; High-fidelity coupled aero-hydro-elastic simulation in design updates。",正确,1.0,21.32,确定性规则问答,1.0,1.0,1,,2,,,11.0,,2.0；2.0,"Manufacturing; Inadequate quality control during the manufacturing process may create structural weaknesses or defects in the tower, causing plastic deformation over time. [11]",,项目/功能；潜在失效模式；潜在失效后果；潜在失效原因/机理,21,
9,9,Full全量模型,无,故障原因诊断类,项目失效现象后果查原因,故障原因查询,,,简单,在项目/功能“Tower / Tower / Primary steelwork”中，故障现象“Tower collapse”会造成“Failure of whole facility and vast economic loses”，它的潜在原因/机理是什么？,Operation phase; Mooring system failure can lead to direct tower collapse [1],匹配到1条记录：1) FMEA编号=TO24；项目/功能=Tower / Tower (TO) / Primary steelwork；失效模式=Tower collapse；失效原因=Operation phase; Mooring system failure can lead to direct tower collapse [1]；失效后果=Failure of whole facility and vast economic loses；建议措施=-。,正确,1.0,21.53,确定性规则问答,1.0,1.0,0,,1,,,1.0；1.0；1.0,,,Operation phase; Mooring system failure can lead to direct tower collapse [1],,项目/功能；潜在失效模式；潜在失效后果；潜在失效原因/机理,23,
10,10,Full全量模型,无,故障原因诊断类,项目失效现象后果查原因,故障原因查询,,,简单,"在项目/功能“Transition piece / Transition Piece / Primary structure & welding”中，故障现象“Transition piece break”会造成“Tower Unit collapse, Floater Unit damage”，它的潜在原因/机理是什么？",Design; Analysis and calculation fault due to human error [11],"匹配到4条记录：1) FMEA编号=TP1；项目/功能=Transition piece / Transition Piece (TP) / Primary structure & welding；失效模式=Transition piece break；失效原因=Design; Analysis and calculation fault due to human error [11]；失效后果=Tower Unit collapse, Floater Unit damage；建议措施=Interface redesign to reduce stress concentrations (fillets, radii); High-fidelity coupled analysis of TP–tower–floater interaction; Improve engineering skills；2) FMEA编号=TP16；项目/功能=Transition piece / Transition Piece (TP) / Primary structure & welding；失效模式=Transition piece break；失效原因=Design; Under-designed structure/ Component due to human error/Insufficient environmental data；失效后果=Tower Unit collapse, Floater Unit damage；建议措施=High-fidelity coupled analysis of TP–tower–floater interaction; Design requalification for extreme storms (updated metocean; load cases); High-fidelity coupled aero-hydro-elastic simulation in design updates；3) FMEA编号=TP17；项目/功能=Transition piece / Transition Piece (TP) / Primary structure & welding；失效模式=Transition piece break；失效原因=Operation and Maintenance; Undetected defects and poor quality control [11]；失效后果=Tower Unit collapse, Floater Unit damage；建议措施=SHM for TP connections (strain gauges, acoustic emission, bolt preload monitoring); Welding quality assurance and NDT enhancement (phased-array UT)；4) FMEA编号=TP5；项目/功能=Transition piece / Transition Piece (TP) / Primary structure & welding；失效模式=Transition piece break；失效原因=Environmental condition; Design parameters superseded due to climate change [11]；失效后果=Tower Unit collapse, Floater Unit damage；建议措施=High-fidelity coupled analysis of TP–tower–floater interaction; Design requalification for extreme storms (updated metocean; load cases); Improved metocean data measurements。",正确,1.0,21.49,确定性规则问答,1.0,1.0,1,,4,,,11.0；11.0；11.0,,4.0；4.0,Design; Analysis and calculation fault due to human error [11],,项目/功能；潜在失效模式；潜在失效后果；潜在失效原因/机理,24,
11,11,Full全量模型,无,故障原因诊断类,项目失效现象后果查原因,故障原因查询,,,简单,"在项目/功能“Transition piece / Transition Piece / Primary structure”中，故障现象“Transition piece break”会造成“tension failure (rupture), buckling of the transition piece/ Tower unit damage”，它的潜在原因/机理是什么？","Operation and Maintenance; Brittle fracture due to extreme environmental temperature, leading to a shift in the ductile-to-brittle transition temperature [16]","匹配到1条记录：1) FMEA编号=TP2；项目/功能=Transition piece / Transition Piece (TP) / Primary structure；失效模式=Transition piece break；失效原因=Operation and Maintenance; Brittle fracture due to extreme environmental temperature, leading to a shift in the ductile-to-brittle transition temperature [16]；失效后果=tension failure (rupture), buckling of the transition piece/ Tower unit damage；建议措施=SHM for TP connections (strain gauges, acoustic emission, bolt preload monitoring); Design requalification for extreme storms (updated metocean; load cases); -。",正确,1.0,34.71,确定性规则问答,1.0,1.0,0,,1,,,16.0,,,"Operation and Maintenance; Brittle fracture due to extreme environmental temperature, leading to a shift in the ductile-to-brittle transition temperature [16]",,项目/功能；潜在失效模式；潜在失效后果；潜在失效原因/机理,25,
12,12,Full全量模型,无,故障原因诊断类,项目失效现象后果查原因,故障原因查询,,,简单,在项目/功能“Transition piece / Transition Piece / Primary stucture”中，故障现象“Structural plastic deformation”会造成“Local stress accumulation”，它的潜在原因/机理是什么？,"Operation; Changes in wave spectra can cause increased loads, resonance, and stress concentrations, leading to plastic deformation in offshore wind turbines. [11]","匹配到3条记录：1) FMEA编号=TP12；项目/功能=Transition piece / Transition Piece (TP) / Primary stucture；失效模式=Structural plastic deformation；失效原因=Maintenance; Plastic deformation can occur due to the application of excessive force or improper handling of the structure. [1]；失效后果=Local stress accumulation；建议措施=-；2) FMEA编号=TP3；项目/功能=Transition piece / Transition Piece (TP) / Primary stucture；失效模式=Structural plastic deformation；失效原因=Operation; Changes in wave spectra can cause increased loads, resonance, and stress concentrations, leading to plastic deformation in offshore wind turbines. [11]；失效后果=Local stress accumulation；建议措施=SHM for TP connections (strain gauges, acoustic emission, bolt preload monitoring); Design requalification for extreme storms (updated metocean; load cases); High-fidelity coupled analysis of TP–tower–floater interaction; -；3) FMEA编号=TP7；项目/功能=Transition piece / Transition Piece (TP) / Primary stucture；失效模式=Structural plastic deformation；失效原因=Installation; During installation, plastic deformation can occur due to processes like welding and bending [1]；失效后果=Local stress accumulation；建议措施=-。",正确,1.0,22.54,确定性规则问答,1.0,1.0,1,,3,,,11.0,,2.0,"Operation; Changes in wave spectra can cause increased loads, resonance, and stress concentrations, leading to plastic deformation in offshore wind turbines. [11]",,项目/功能；潜在失效模式；潜在失效后果；潜在失效原因/机理,26,
13,13,Full全量模型,无,故障原因诊断类,项目失效现象后果查原因,故障原因查询,,,简单,在项目/功能“Transition piece / Transition Piece / Primary structure & welding”中，故障现象“Cracks”会造成“Tower transition piece connections failure / resonance”，它的潜在原因/机理是什么？,"Operation; Cycling loading could cause microstructural changes in the material and eventually lead to fatigue crack initiation [1,15]","匹配到1条记录：1) FMEA编号=TP4；项目/功能=Transition piece / Transition Piece (TP) / Primary structure & welding；失效模式=Cracks；失效原因=Operation; Cycling loading could cause microstructural changes in the material and eventually lead to fatigue crack initiation [1,15]；失效后果=Tower transition piece connections failure / resonance；建议措施=-。",正确,1.0,21.97,确定性规则问答,1.0,1.0,0,,1,,,1.0；1.0；1.0；15.0,,,"Operation; Cycling loading could cause microstructural changes in the material and eventually lead to fatigue crack initiation [1,15]",,项目/功能；潜在失效模式；潜在失效后果；潜在失效原因/机理,27,
14,14,Full全量模型,无,故障原因诊断类,项目失效现象后果查原因,故障原因查询,,,简单,在项目/功能“Transition piece / Transition Piece / Primary structure & welding”中，故障现象“Abnormal vibration”会造成“potential tower connections failure”，它的潜在原因/机理是什么？,Operation; due to unbalanced loads or wind-induced vibrations. [11],匹配到2条记录：1) FMEA编号=TP11；项目/功能=Transition piece / Transition Piece (TP) / Primary structure & welding；失效模式=Abnormal vibration；失效原因=Maintenance; Misalignments or looseness in the connections between the tower and the foundation or inadequate bracing can cause abnormal vibration in the transition piece [12]；失效后果=potential tower connections failure；建议措施=-；2) FMEA编号=TP6；项目/功能=Transition piece / Transition Piece (TP) / Primary structure & welding；失效模式=Abnormal vibration；失效原因=Operation; due to unbalanced loads or wind-induced vibrations. [11]；失效后果=potential tower connections failure；建议措施=-。,正确,1.0,21.71,确定性规则问答,1.0,1.0,1,,2,,,11.0；11.0,,2.0；2.0,Operation; due to unbalanced loads or wind-induced vibrations. [11],,项目/功能；潜在失效模式；潜在失效后果；潜在失效原因/机理,29,
15,15,Full全量模型,无,故障原因诊断类,项目失效现象后果查原因,故障原因查询,,,简单,在项目/功能“Transition piece / Transition Piece / Primary structure”中，故障现象“Cracks”会造成“Tower transition piece connections failure”，它的潜在原因/机理是什么？,Installation; During Transportation and installation transition piece may be subjected to bending and twisting loads which could lead to fatigue cracks,匹配到1条记录：1) FMEA编号=TP8；项目/功能=Transition piece / Transition Piece (TP) / Primary structure；失效模式=Cracks；失效原因=Installation; During Transportation and installation transition piece may be subjected to bending and twisting loads which could lead to fatigue cracks；失效后果=Tower transition piece connections failure；建议措施=-。,正确,1.0,20.46,确定性规则问答,1.0,1.0,0,,1,,,,,,Installation; During Transportation and installation transition piece may be subjected to bending and twisting loads which could lead to fatigue cracks,,项目/功能；潜在失效模式；潜在失效后果；潜在失效原因/机理,31,
16,16,Full全量模型,无,故障原因诊断类,项目失效现象后果查原因,故障原因查询,,,简单,在项目/功能“Transition piece / Transition Piece / Primary structure & welding”中，故障现象“Cracks”会造成“Tower transition piece connections failure/ displacement variations between tower end”，它的潜在原因/机理是什么？,"Environmental Loads; Extreme environmental conditions like hurricanes or storm surges can subject the transition piece to large forces that exceed their design limits [10,11,15]","匹配到2条记录：1) FMEA编号=TP15；项目/功能=Transition piece / Transition Piece (TP) / Primary structure & welding；失效模式=Cracks；失效原因=Installation; Transition piece may be subjected to large forces from wave, wind, and vessel motion during installation. [10]；失效后果=Tower transition piece connections failure/ displacement variations between tower end；建议措施=-；2) FMEA编号=TP9；项目/功能=Transition piece / Transition Piece (TP) / Primary structure & welding；失效模式=Cracks；失效原因=Environmental Loads; Extreme environmental conditions like hurricanes or storm surges can subject the transition piece to large forces that exceed their design limits [10,11,15]；失效后果=Tower transition piece connections failure/ displacement variations between tower end；建议措施=Design requalification for extreme storms (updated metocean; load cases); High-fidelity coupled aero-hydro-elastic simulation in design updates。",正确,1.0,20.83,确定性规则问答,1.0,1.0,1,,2,,,15.0；10.0；10.0；11.0；15.0,,2.0；2.0,"Environmental Loads; Extreme environmental conditions like hurricanes or storm surges can subject the transition piece to large forces that exceed their design limits [10,11,15]",,项目/功能；潜在失效模式；潜在失效后果；潜在失效原因/机理,32,
17,17,Full全量模型,无,故障原因诊断类,项目失效现象后果查原因,故障原因查询,,,简单,在项目/功能“Transition piece / Transition Piece / Welding”中，故障现象“Cracks”会造成“potential tower connections failure”，它的潜在原因/机理是什么？,Fabrication; Improper surface preparation before applying a protective coating or performing welding repairs like cleaning the surface with solvent and treating the surface with a rust inhibitor or primer for improving the adhesion can cause corrosion and crack propagation. [15],匹配到1条记录：1) FMEA编号=TP10；项目/功能=Transition piece / Transition Piece (TP) / Welding；失效模式=Cracks；失效原因=Fabrication; Improper surface preparation before applying a protective coating or performing welding repairs like cleaning the surface with solvent and treating the surface with a rust inhibitor or primer for improving the adhesion can cause corrosion and crack propagation. [15]；失效后果=potential tower connections failure；建议措施=-。,正确,1.0,19.36,确定性规则问答,1.0,1.0,0,,1,,,15.0,,,Fabrication; Improper surface preparation before applying a protective coating or performing welding repairs like cleaning the surface with solvent and treating the surface with a rust inhibitor or primer for improving the adhesion can cause corrosion and crack propagation. [15],,项目/功能；潜在失效模式；潜在失效后果；潜在失效原因/机理,33,
18,18,Full全量模型,无,故障原因诊断类,项目失效现象后果查原因,故障原因查询,,,简单,在项目/功能“Transition piece / Transition Piece / Welding”中，故障现象“Cracks”会造成“Tower transition piece connections failure”，它的潜在原因/机理是什么？,"Maintenance; Repairing welding during maintenance can introduce residual stresses, leading to crack initiation [11]","匹配到4条记录：1) FMEA编号=TP13；项目/功能=Transition piece / Transition Piece (TP) / Welding；失效模式=Cracks；失效原因=Maintenance; Repairing welding during maintenance can introduce residual stresses, leading to crack initiation [11]；失效后果=Tower transition piece connections failure；建议措施=-；2) FMEA编号=TP19；项目/功能=Transition piece / Transition Piece (TP) / Welding；失效模式=Cracks；失效原因=Maintenance; Welding and heat treatment during maintenance can add more residual stresses and increase the likelihood of fatigue crack in the welds and heat-affected areas. [11]；失效后果=Tower transition piece connections failure；建议措施=-；3) FMEA编号=TP20；项目/功能=Transition piece / Transition Piece (TP) / Welding；失效模式=Cracks；失效原因=Maintenance; Welding failure due to corrosion without proper maintenance [11]；失效后果=Tower transition piece connections failure；建议措施=-；4) FMEA编号=TP21；项目/功能=Transition piece / Transition Piece (TP) / Welding；失效模式=Cracks；失效原因=Installation; Welding failure due to poor performance (e.g. overheating, lack of fusion) during installation [1,10,15]；失效后果=Tower transition piece connections failure；建议措施=-。",正确,1.0,15.98,确定性规则问答,1.0,1.0,1,,4,,,11.0；11.0；11.0,,2.0,"Maintenance; Repairing welding during maintenance can introduce residual stresses, leading to crack initiation [11]",,项目/功能；潜在失效模式；潜在失效后果；潜在失效原因/机理,36,
19,19,Full全量模型,无,故障原因诊断类,项目失效现象后果查原因,故障原因查询,,,简单,在项目/功能“Transition piece / Transition Piece / Primary structure & welding”中，故障现象“Cracks”会造成“Tower transition piece connections failure”，它的潜在原因/机理是什么？,"Maintenance; The transition piece may be subjected to large forces from lifting and handling equipment during maintenance, which are not considered in design assumptions [11]","匹配到2条记录：1) FMEA编号=TP14；项目/功能=Transition piece / Transition Piece (TP) / Primary structure & welding；失效模式=Cracks；失效原因=Maintenance; The transition piece may be subjected to large forces from lifting and handling equipment during maintenance, which are not considered in design assumptions [11]；失效后果=Tower transition piece connections failure；建议措施=-；2) FMEA编号=TP18；项目/功能=Transition piece / Transition Piece (TP) / Primary structure & welding；失效模式=Cracks；失效原因=Fabrication; Welding and heat treatment could induce fatigue cracks in fabrication process. [1]；失效后果=Tower transition piece connections failure；建议措施=-。",正确,1.0,15.89,确定性规则问答,1.0,1.0,0,,2,,,11.0,,,"Maintenance; The transition piece may be subjected to large forces from lifting and handling equipment during maintenance, which are not considered in design assumptions [11]",,项目/功能；潜在失效模式；潜在失效后果；潜在失效原因/机理,37,
20,20,Full全量模型,无,故障原因诊断类,项目失效现象后果查原因,故障原因查询,,,简单,"在项目/功能“Floating support structure / Floating Support structure / All structures”中，故障现象“Capsize”会造成“Watertight fault, Potential Floater Unit sinkage”，它的潜在原因/机理是什么？",Design; Analysis and Calculation fault due to human error,"匹配到1条记录：1) FMEA编号=FF1；项目/功能=Floating support structure / Floating Support structure / All structures；失效模式=Capsize [11]；失效原因=Design; Analysis and Calculation fault due to human error；失效后果=Watertight fault, Potential Floater Unit sinkage；建议措施=Expanded design load cases (including typhoon/hurricane scenarios); Freeboard margin increase and water-tight compartmentalization; Improve engineering skills。",正确,1.0,16.17,确定性规则问答,1.0,1.0,0,,1,,,,,,Design; Analysis and Calculation fault due to human error,,项目/功能；潜在失效模式；潜在失效后果；潜在失效原因/机理,45,
21,21,Full全量模型,无,故障原因诊断类,项目失效现象后果查原因,故障原因查询,,,简单,在项目/功能“Floating support structure / Floating Support structure / Primary structure”中，故障现象“Capsize”会造成“Project cancellation”，它的潜在原因/机理是什么？,Design; Analysis and Calculation fault due to human error [11],匹配到1条记录：1) FMEA编号=FF2；项目/功能=Floating support structure / Floating Support structure / Primary structure；失效模式=Capsize [11]；失效原因=Design; Analysis and Calculation fault due to human error [11]；失效后果=Project cancellation；建议措施=Expanded design load cases (including typhoon/hurricane scenarios); -; Improved engineering skills。,正确,1.0,15.9,确定性规则问答,1.0,1.0,0,,1,,,11.0；11.0,,,Design; Analysis and Calculation fault due to human error [11],,项目/功能；潜在失效模式；潜在失效后果；潜在失效原因/机理,46,
22,22,Full全量模型,无,故障原因诊断类,项目失效现象后果查原因,故障原因查询,,,简单,在项目/功能“Floating support structure / Floating Support structure / Secondary structure”中，故障现象“Additional Structures Failures”会造成“Potential failure”，它的潜在原因/机理是什么？,"Operation; Bilge piping/pumps fail [1,12]","匹配到5条记录：1) FMEA编号=FF11；项目/功能=Floating support structure / Floating Support structure / Secondary structure；失效模式=Additional Structures Failures；失效原因=Operation; Handrails Corrosion [1,12]；失效后果=Potential failure；建议措施=-；2) FMEA编号=FF17；项目/功能=Floating support structure / Floating Support structure / Secondary structure；失效模式=Additional Structures Failures；失效原因=Operation; Ladders Corrosion [1,12]；失效后果=Potential failure；建议措施=-；3) FMEA编号=FF21；项目/功能=Floating support structure / Floating Support structure / Secondary structure；失效模式=Additional Structures Failures；失效原因=Operation; Sensors for platform monitoring fail [1,12]；失效后果=Potential failure；建议措施=-；4) FMEA编号=FF3；项目/功能=Floating support structure / Floating Support structure / Secondary structure；失效模式=Additional Structures Failures；失效原因=Operation; Bilge piping/pumps fail [1,12]；失效后果=Potential failure；建议措施=-；5) FMEA编号=FF6；项目/功能=Floating support structure / Floating Support structure / Secondary structure；失效模式=Additional Structures Failures；失效原因=Operation; Dynamic umbilical connection/cable fail [1,12]；失效后果=Potential failure；建议措施=Freeboard margin increase and water-tight compartmentalization; -; Expanded design load cases (including typhoon/hurricane scenarios); Improved cable mechnical design。",正确,1.0,15.8,确定性规则问答,1.0,1.0,1,,5,,,1.0；1.0；12.0；1.0；12.0；1.0；12.0；1.0；12.0；1.0；12.0,,5.0；5.0,"Operation; Bilge piping/pumps fail [1,12]",,项目/功能；潜在失效模式；潜在失效后果；潜在失效原因/机理,47,
23,23,Full全量模型,无,故障原因诊断类,项目失效现象后果查原因,故障原因查询,,,简单,"在项目/功能“Floating support structure / Floating Support structure / All structures”中，故障现象“Hit by dropped objects”会造成“Damage to the facility, vast economic loses”，它的潜在原因/机理是什么？",Operation; Biological collision,"匹配到3条记录：1) FMEA编号=FF20；项目/功能=Floating support structure / Floating Support structure / All structures；失效模式=Hit by dropped objects [1,9]；失效原因=Operation; Plane crush；失效后果=Damage to the facility, vast economic loses；建议措施=-；2) FMEA编号=FF26；项目/功能=Floating support structure / Floating Support structure / All structures；失效模式=Hit by dropped objects [1,9]；失效原因=Environmental condition; Typhoon can cause failure of the floating unit if it gets hit by dropping objects. (eg. damaged blade)(strong wind/wave)；失效后果=Damage to the facility, vast economic loses；建议措施=Expanded design load cases (including typhoon/hurricane scenarios); High-fidelity coupled aero-hydro-elastic simulation in design updates; -；3) FMEA编号=FF4；项目/功能=Floating support structure / Floating Support structure / All structures；失效模式=Hit by dropped objects [1,9]；失效原因=Operation; Biological collision；失效后果=Damage to the facility, vast economic loses；建议措施=-。",正确,1.0,16.1,确定性规则问答,1.0,1.0,1,,3,,,,,3.0；2.0；3.0,Operation; Biological collision,,项目/功能；潜在失效模式；潜在失效后果；潜在失效原因/机理,48,
24,24,Full全量模型,无,故障原因诊断类,项目失效现象后果查原因,故障原因查询,,,简单,在项目/功能“Floating support structure / Floating Support structure / All structures”中，故障现象“Structural break”会造成“Structural reassessment”，它的潜在原因/机理是什么？,Environmental condition; Design parameter superseded due to climate change [11],匹配到1条记录：1) FMEA编号=FF5；项目/功能=Floating support structure / Floating Support structure / All structures；失效模式=Structural break [11]；失效原因=Environmental condition; Design parameter superseded due to climate change [11]；失效后果=Structural reassessment；建议措施=Expanded design load cases (including typhoon/hurricane scenarios); -。,正确,1.0,15.86,确定性规则问答,1.0,1.0,0,,1,,,11.0；11.0,,,Environmental condition; Design parameter superseded due to climate change [11],,项目/功能；潜在失效模式；潜在失效后果；潜在失效原因/机理,49,
25,25,Full全量模型,无,故障原因诊断类,项目失效现象后果查原因,故障原因查询,,,简单,在项目/功能“Floating support structure / Floating Support structure / Primary Structure”中，故障现象“Cracks”会造成“Structural failure”，它的潜在原因/机理是什么？,Installation; Excessive fatigue life consumption due to installation/ transportation [19],匹配到1条记录：1) FMEA编号=FF7；项目/功能=Floating support structure / Floating Support structure / Primary Structure；失效模式=Cracks [11]；失效原因=Installation; Excessive fatigue life consumption due to installation/ transportation [19]；失效后果=Structural failure；建议措施=-。,正确,1.0,15.64,确定性规则问答,1.0,1.0,0,,1,,,19.0,,,Installation; Excessive fatigue life consumption due to installation/ transportation [19],,项目/功能；潜在失效模式；潜在失效后果；潜在失效原因/机理,51,
26,26,Full全量模型,无,故障原因诊断类,项目失效现象后果查原因,故障原因查询,,,简单,在项目/功能“Floating support structure / Floating Support structure / Primary structure & Welding”中，故障现象“Capsize”会造成“Asset damage Energy production loss”，它的潜在原因/机理是什么？,Environmental condition; Extreme horizontal oscillatory force,"匹配到1条记录：1) FMEA编号=FF8；项目/功能=Floating support structure / Floating Support structure / Primary structure & Welding；失效模式=Capsize [11]；失效原因=Environmental condition; Extreme horizontal oscillatory force；失效后果=Asset damage Energy production loss；建议措施=Expanded design load cases (including typhoon/hurricane scenarios); Operational limits: weather windows, alarm thresholds for motions; Resonance avoidance via structural tuning/damping。",正确,1.0,16.1,确定性规则问答,1.0,1.0,0,,1,,,,,,Environmental condition; Extreme horizontal oscillatory force,,项目/功能；潜在失效模式；潜在失效后果；潜在失效原因/机理,52,
27,27,Full全量模型,无,故障原因诊断类,项目失效现象后果查原因,故障原因查询,,,简单,在项目/功能“Floating support structure / Floating Support structure / Primary structure & Welding”中，故障现象“Cracks”会造成“Structural failure”，它的潜在原因/机理是什么？,Operation; Fatigue due to continuous vibrations/resonance [11],匹配到1条记录：1) FMEA编号=FF9；项目/功能=Floating support structure / Floating Support structure / Primary structure & Welding；失效模式=Cracks [11]；失效原因=Operation; Fatigue due to continuous vibrations/resonance [11]；失效后果=Structural failure；建议措施=Expanded design load cases (including typhoon/hurricane scenarios); Resonance avoidance via structural tuning/damping; High-fidelity coupled aero-hydro-elastic simulation in design updates。,正确,1.0,15.61,确定性规则问答,1.0,1.0,0,,1,,,11.0；11.0,,,Operation; Fatigue due to continuous vibrations/resonance [11],,项目/功能；潜在失效模式；潜在失效后果；潜在失效原因/机理,53,
28,28,Full全量模型,无,故障原因诊断类,项目失效现象后果查原因,故障原因查询,,,简单,在项目/功能“Floating support structure / Floating Support structure / All structures”中，故障现象“Cracks”会造成“Structural failure”，它的潜在原因/机理是什么？,Design; Fatigue due to underestimation of steel thickness and/or environmental loads,匹配到1条记录：1) FMEA编号=FF10；项目/功能=Floating support structure / Floating Support structure / All structures；失效模式=Cracks [11]；失效原因=Design; Fatigue due to underestimation of steel thickness and/or environmental loads；失效后果=Structural failure；建议措施=-。,正确,1.0,15.41,确定性规则问答,1.0,1.0,0,,1,,,,,,Design; Fatigue due to underestimation of steel thickness and/or environmental loads,,项目/功能；潜在失效模式；潜在失效后果；潜在失效原因/机理,54,
29,29,Full全量模型,无,故障原因诊断类,项目失效现象后果查原因,故障原因查询,,,简单,在项目/功能“Floating support structure / Floating Support structure / Secondary structure”中，故障现象“Additional Structures Failures”会造成“Potential failure of landing platform”，它的潜在原因/机理是什么？,"Operation; Helicopter assistance equipment fail [1,12]","匹配到1条记录：1) FMEA编号=FF12；项目/功能=Floating support structure / Floating Support structure / Secondary structure；失效模式=Additional Structures Failures；失效原因=Operation; Helicopter assistance equipment fail [1,12]；失效后果=Potential failure of landing platform；建议措施=-。",正确,1.0,15.75,确定性规则问答,1.0,1.0,0,,1,,,1.0；1.0；12.0；1.0；12.0,,,"Operation; Helicopter assistance equipment fail [1,12]",,项目/功能；潜在失效模式；潜在失效后果；潜在失效原因/机理,56,
30,30,Full全量模型,无,故障原因诊断类,项目失效现象后果查原因,故障原因查询,,,简单,在项目/功能“Floating support structure / Floating Support structure / Secondary structure”中，故障现象“Watertight fault”会造成“Potential Failure/Asset damage Energy production loss”，它的潜在原因/机理是什么？,Maintenance; Inefficient detection [1],匹配到1条记录：1) FMEA编号=FF13；项目/功能=Floating support structure / Floating Support structure / Secondary structure；失效模式=Watertight fault [1]；失效原因=Maintenance; Inefficient detection [1]；失效后果=Potential Failure/Asset damage Energy production loss；建议措施=-。,正确,1.0,16.07,确定性规则问答,1.0,1.0,0,,1,,,1.0；1.0；1.0；1.0,,,Maintenance; Inefficient detection [1],,项目/功能；潜在失效模式；潜在失效后果；潜在失效原因/机理,57,
31,31,Full全量模型,无,故障原因诊断类,项目失效现象后果查原因,故障原因查询,,,简单,在项目/功能“Floating support structure / Floating Support structure / Secondary structure”中，故障现象“Floater unit sinkage”会造成“Potential Failure/Asset damage Energy production loss”，它的潜在原因/机理是什么？,Design; Insufficient structural strength and cracks on the floater resulting in water ingress to the support structure,匹配到1条记录：1) FMEA编号=FF14；项目/功能=Floating support structure / Floating Support structure / Secondary structure；失效模式=Floater unit sinkage；失效原因=Design; Insufficient structural strength and cracks on the floater resulting in water ingress to the support structure；失效后果=Potential Failure/Asset damage Energy production loss；建议措施=Ballast redundancy and automated ballast management; Freeboard margin increase and water-tight compartmentalization; Expanded design load cases (including typhoon/hurricane scenarios)。,正确,1.0,15.89,确定性规则问答,1.0,1.0,0,,1,,,,,,Design; Insufficient structural strength and cracks on the floater resulting in water ingress to the support structure,,项目/功能；潜在失效模式；潜在失效后果；潜在失效原因/机理,58,
32,32,Full全量模型,无,故障原因诊断类,项目失效现象后果查原因,故障原因查询,,,简单,在项目/功能“Floating support structure / Floating Support structure / All structures”中，故障现象“Structural plastic deformation”会造成“Local stress accumulation”，它的潜在原因/机理是什么？,Operation and Maintenance; Insufficient structural strength due to ship collision,匹配到1条记录：1) FMEA编号=FF15；项目/功能=Floating support structure / Floating Support structure / All structures；失效模式=Structural plastic deformation [11]；失效原因=Operation and Maintenance; Insufficient structural strength due to ship collision；失效后果=Local stress accumulation；建议措施=-。,正确,1.0,15.64,确定性规则问答,1.0,1.0,0,,1,,,,,,Operation and Maintenance; Insufficient structural strength due to ship collision,,项目/功能；潜在失效模式；潜在失效后果；潜在失效原因/机理,59,
33,33,Full全量模型,无,故障原因诊断类,项目失效现象后果查原因,故障原因查询,,,简单,在项目/功能“Floating support structure / Floating Support structure / Secondary structure”中，故障现象“Watertight fault”会造成“Asset damage Energy production loss/reduced stability”，它的潜在原因/机理是什么？,Maintenance; Insufficient structural strength due to ship collision [11],匹配到1条记录：1) FMEA编号=FF16；项目/功能=Floating support structure / Floating Support structure / Secondary structure；失效模式=Watertight fault [1]；失效原因=Maintenance; Insufficient structural strength due to ship collision [11]；失效后果=Asset damage Energy production loss/reduced stability；建议措施=-。,正确,1.0,15.89,确定性规则问答,1.0,1.0,0,,1,,,11.0,,,Maintenance; Insufficient structural strength due to ship collision [11],,项目/功能；潜在失效模式；潜在失效后果；潜在失效原因/机理,60,
34,34,Full全量模型,无,故障原因诊断类,项目失效现象后果查原因,故障原因查询,,,简单,"在项目/功能“Floating support structure / Floating Support structure / All structures”中，故障现象“Watertight fault”会造成“If these cracks propagate through the wall and lie under water or within the splash zone, then they constitute a risk to the watertightness.”，它的潜在原因/机理是什么？","Environmental condition; Marine growth under water can add additional weight and stress for the material, which can lead to cracks in the outer hull","匹配到1条记录：1) FMEA编号=FF18；项目/功能=Floating support structure / Floating Support structure / All structures；失效模式=Watertight fault [1]；失效原因=Environmental condition; Marine growth under water can add additional weight and stress for the material, which can lead to cracks in the outer hull；失效后果=If these cracks propagate through the wall and lie under water or within the splash zone, then they constitute a risk to the watertightness.；建议措施=-。",正确,1.0,15.88,确定性规则问答,1.0,1.0,0,,1,,,,,,"Environmental condition; Marine growth under water can add additional weight and stress for the material, which can lead to cracks in the outer hull",,项目/功能；潜在失效模式；潜在失效后果；潜在失效原因/机理,62,
35,35,Full全量模型,无,故障原因诊断类,项目失效现象后果查原因,故障原因查询,,,简单,"在项目/功能“Floating support structure / Floating Support structure / Secondary structure”中，故障现象“Additional Structures Failures”会造成“Increased risk of collision, potential damage to the floater”，它的潜在原因/机理是什么？","Operation; Navigation and work lights fail [1,12]","匹配到1条记录：1) FMEA编号=FF19；项目/功能=Floating support structure / Floating Support structure / Secondary structure；失效模式=Additional Structures Failures；失效原因=Operation; Navigation and work lights fail [1,12]；失效后果=Increased risk of collision, potential damage to the floater；建议措施=-。",正确,1.0,15.5,确定性规则问答,1.0,1.0,0,,1,,,1.0；1.0；1.0；12.0,,,"Operation; Navigation and work lights fail [1,12]",,项目/功能；潜在失效模式；潜在失效后果；潜在失效原因/机理,63,
36,36,Full全量模型,无,故障原因诊断类,项目失效现象后果查原因,故障原因查询,,,简单,在项目/功能“Floating support structure / Floating Support structure / Secondary structure”中，故障现象“Structural break”会造成“Asset damage Energy production loss/reduced stability”，它的潜在原因/机理是什么？,Operation and Maintenance; Structural component degradation due to corrosion [12],匹配到1条记录：1) FMEA编号=FF22；项目/功能=Floating support structure / Floating Support structure / Secondary structure；失效模式=Structural break [11]；失效原因=Operation and Maintenance; Structural component degradation due to corrosion [12]；失效后果=Asset damage Energy production loss/reduced stability；建议措施=-。,正确,1.0,15.91,确定性规则问答,1.0,1.0,0,,1,,,12.0,,,Operation and Maintenance; Structural component degradation due to corrosion [12],,项目/功能；潜在失效模式；潜在失效后果；潜在失效原因/机理,66,
37,37,Full全量模型,无,故障原因诊断类,项目失效现象后果查原因,故障原因查询,,,简单,"在项目/功能“Floating support structure / Floating Support structure / All structures”中，故障现象“Structural break”会造成“Watertight fault, Potential Floater Unit sinkage”，它的潜在原因/机理是什么？",Operation and Maintenance; Structural degradation due to corrosion [11],"匹配到2条记录：1) FMEA编号=FF23；项目/功能=Floating support structure / Floating Support structure / All structures；失效模式=Structural break [11]；失效原因=Operation and Maintenance; Structural degradation due to corrosion [11]；失效后果=Watertight fault, Potential Floater Unit sinkage；建议措施=-；2) FMEA编号=FF27；项目/功能=Floating support structure / Floating Support structure / All structures；失效模式=Structural break [11]；失效原因=Design; Underdesigned structure/Component due to insufficient environmental data；失效后果=Watertight fault, Potential Floater Unit sinkage；建议措施=Expanded design load cases (including typhoon/hurricane scenarios); High-fidelity coupled aero-hydro-elastic simulation in design updates。",正确,1.0,16.01,确定性规则问答,1.0,1.0,1,,2,,,11.0；11.0；11.0,,2.0；2.0,Operation and Maintenance; Structural degradation due to corrosion [11],,项目/功能；潜在失效模式；潜在失效后果；潜在失效原因/机理,67,
38,38,Full全量模型,无,故障原因诊断类,项目失效现象后果查原因,故障原因查询,,,简单,在项目/功能“Floating support structure / Floating Support structure / Primary structure & Welding”中，故障现象“Structural break”会造成“Tower collapse”，它的潜在原因/机理是什么？,Operation; Structure brittle fracture due to extreme environmental temperature,"匹配到1条记录：1) FMEA编号=FF24；项目/功能=Floating support structure / Floating Support structure / Primary structure & Welding；失效模式=Structural break [11]；失效原因=Operation; Structure brittle fracture due to extreme environmental temperature；失效后果=Tower collapse；建议措施=Operational limits: weather windows, alarm thresholds for motions; Other- Specify; Expanded design load cases (including typhoon/hurricane scenarios); Better understanding of temperature ranges。",正确,1.0,15.9,确定性规则问答,1.0,1.0,0,,1,,,,,,Operation; Structure brittle fracture due to extreme environmental temperature,,项目/功能；潜在失效模式；潜在失效后果；潜在失效原因/机理,68,
39,39,Full全量模型,无,故障原因诊断类,项目失效现象后果查原因,故障原因查询,,,简单,在项目/功能“Floating support structure / Floating Support structure / All structures”中，故障现象“Floater unit sinkage”会造成“Potential Failure/Asset damage Energy production loss”，它的潜在原因/机理是什么？,Operation; Structures break/collapse due to collision with other FWT,"匹配到1条记录：1) FMEA编号=FF25；项目/功能=Floating support structure / Floating Support structure / All structures；失效模式=Floater unit sinkage；失效原因=Operation; Structures break/collapse due to collision with other FWT；失效后果=Potential Failure/Asset damage Energy production loss；建议措施=Operational limits: weather windows, alarm thresholds for motions; -; Expanded design load cases (including typhoon/hurricane scenarios); Freeboard margin increase and water-tight compartmentalization。",正确,1.0,15.58,确定性规则问答,1.0,1.0,0,,1,,,,,,Operation; Structures break/collapse due to collision with other FWT,,项目/功能；潜在失效模式；潜在失效后果；潜在失效原因/机理,69,
40,40,Full全量模型,无,故障原因诊断类,项目失效现象后果查原因,故障原因查询,,,简单,"在项目/功能“Floating support structure / Floating Support structure / All structures & Welding”中，故障现象“Structural break”会造成“Watertight fault, Potential Floater Unit sinkage”，它的潜在原因/机理是什么？",Maintenance; Undetected defects due to poor quality control,"匹配到1条记录：1) FMEA编号=FF28；项目/功能=Floating support structure / Floating Support structure / All structures & Welding；失效模式=Structural break [11]；失效原因=Maintenance; Undetected defects due to poor quality control；失效后果=Watertight fault, Potential Floater Unit sinkage；建议措施=Operational limits: weather windows, alarm thresholds for motions; Other- Specify; -; Welding quality assurance and NDT enhancement (phased-array UT)。",正确,1.0,15.97,确定性规则问答,1.0,1.0,0,,1,,,,,,Maintenance; Undetected defects due to poor quality control,,项目/功能；潜在失效模式；潜在失效后果；潜在失效原因/机理,72,
41,41,Full全量模型,无,故障原因诊断类,项目失效现象后果查原因,故障原因查询,,,简单,在项目/功能“Floating support structure / Floating Support structure / Secondary structure & Welding”中，故障现象“Watertight fault”会造成“Reduced stability”，它的潜在原因/机理是什么？,Manufacturing and Installation; Ventilation heads/Manholes failure due to Manufacturing defect/Welding defect,匹配到1条记录：1) FMEA编号=FF29；项目/功能=Floating support structure / Floating Support structure / Secondary structure & Welding；失效模式=Watertight fault [1]；失效原因=Manufacturing and Installation; Ventilation heads/Manholes failure due to Manufacturing defect/Welding defect；失效后果=Reduced stability；建议措施=-。,正确,1.0,15.89,确定性规则问答,1.0,1.0,0,,1,,,,,,Manufacturing and Installation; Ventilation heads/Manholes failure due to Manufacturing defect/Welding defect,,项目/功能；潜在失效模式；潜在失效后果；潜在失效原因/机理,73,
42,42,Full全量模型,无,故障原因诊断类,项目失效现象后果查原因,故障原因查询,,,简单,在项目/功能“Floating support structure / Floating Support structure / Welding”中，故障现象“Cracks”会造成“Watertight fault”，它的潜在原因/机理是什么？,Manufacturing; Welding failure,匹配到1条记录：1) FMEA编号=FF30；项目/功能=Floating support structure / Floating Support structure / Welding；失效模式=Cracks [11]；失效原因=Manufacturing; Welding failure；失效后果=Watertight fault；建议措施=-。,正确,1.0,15.51,确定性规则问答,1.0,1.0,0,,1,,,,,,Manufacturing; Welding failure,,项目/功能；潜在失效模式；潜在失效后果；潜在失效原因/机理,74,
43,43,Full全量模型,无,故障原因诊断类,项目失效现象后果查原因,故障原因查询,,,简单,在项目/功能“Station keeping / Anchor”中，故障现象“Anchor failure”会造成“Anchor failure”，它的潜在原因/机理是什么？,Operation; Abnormal working conditions,"匹配到2条记录：1) FMEA编号=SKS1；项目/功能=Station keeping / Anchor (AC)；失效模式=Anchor failure [1], [17]；失效原因=Operation; Abnormal working conditions；失效后果=Anchor failure；建议措施=Continuous tension and vibration monitoring; thresholds for intervention; Procedural controls: load management, operational envelopes; Better design by expanded load case matrix including more failure modes; -；2) FMEA编号=SKS2；项目/功能=Station keeping / Anchor (AC)；失效模式=Anchor failure [1], [17]；失效原因=Operation; Cyclic degradation；失效后果=Anchor failure；建议措施=Continuous tension and vibration monitoring; thresholds for intervention; Procedural controls: load management, operational envelopes; Better design by expanded load case matrix including more failure modes; -。",正确,1.0,15.47,确定性规则问答,1.0,1.0,0,,2,,,,,,Operation; Abnormal working conditions,,项目/功能；潜在失效模式；潜在失效后果；潜在失效原因/机理,75,
44,44,Full全量模型,无,故障原因诊断类,项目失效现象后果查原因,故障原因查询,,,简单,在项目/功能“Station keeping / Mooring Lines / Buoyancy element”中，故障现象“Failure in buoyancy element”会造成“未说明”，它的潜在原因/机理是什么？,Operation,失效原因是Operation。,正确,1.0,5287.34,语义RAG,0.3333,1.0,0,,6,,,,,,Operation,,项目/功能；潜在失效模式；潜在失效后果；潜在失效原因/机理,77,
45,45,Full全量模型,无,故障原因诊断类,项目失效现象后果查原因,故障原因查询,,,简单,在项目/功能“Station keeping / Mooring Lines / Clump weight”中，故障现象“Failure in clump weight”会造成“未说明”，它的潜在原因/机理是什么？,Operation,失效原因是Operation。,正确,1.0,696.79,语义RAG,0.3333,1.0,0,,6,,,,,,Operation,,项目/功能；潜在失效模式；潜在失效后果；潜在失效原因/机理,78,
46,46,Full全量模型,无,故障原因诊断类,项目失效现象后果查原因,故障原因查询,,,简单,在项目/功能“Station keeping / Fairlead”中，故障现象“Fairlead failure”会造成“The anchor cannot be dropped and lift”，它的潜在原因/机理是什么？,Operation; Fairlead fatigue,"匹配到2条记录：1) FMEA编号=SKS5；项目/功能=Station keeping / Fairlead (FL)；失效模式=Fairlead failure [1], [17]；失效原因=Operation; Fairlead fatigue；失效后果=The anchor cannot be dropped and lift；建议措施=Continuous tension and vibration monitoring; thresholds for intervention; Fairlead geometry improvements and low-wear lining; Optimized chain/wire/rope selection and fatigue margins (design); -；2) FMEA编号=SKS6；项目/功能=Station keeping / Fairlead (FL)；失效模式=Fairlead failure [1],[17]；失效原因=Operation; Fairlead corrosion；失效后果=The anchor cannot be dropped and lift；建议措施=Cathodic protection and corrosion monitoring regimes; -。",正确,1.0,26.84,确定性规则问答,1.0,1.0,1,,2,,,,,2.0；2.0,Operation; Fairlead fatigue,,项目/功能；潜在失效模式；潜在失效后果；潜在失效原因/机理,79,
47,47,Full全量模型,无,故障原因诊断类,项目失效现象后果查原因,故障原因查询,,,简单,在项目/功能“Station keeping / Monitoring System”中，故障现象“Monitoring system fails”会造成“Unable to monitor tension in the mooring lines”，它的潜在原因/机理是什么？,Operation,匹配到1条记录：1) FMEA编号=SKS7；项目/功能=Station keeping / Monitoring System；失效模式=Monitoring system fails；失效原因=Operation；失效后果=Unable to monitor tension in the mooring lines；建议措施=-。,正确,1.0,24.78,确定性规则问答,1.0,1.0,0,,1,,,,,,Operation,,项目/功能；潜在失效模式；潜在失效后果；潜在失效原因/机理,81,
48,48,Full全量模型,无,故障原因诊断类,项目失效现象后果查原因,故障原因查询,,,简单,在项目/功能“Station keeping / Mooring Lines / Mooring lines”中，故障现象“Mooring line breakage”会造成“Mooring line strength decrease or broken”，它的潜在原因/机理是什么？,Manufacturing; Poor splice quality/ workmanship/qualification,匹配到3条记录：1) FMEA编号=SKS10；项目/功能=Station keeping / Mooring Lines (ML) / Mooring lines；失效模式=Mooring line breakage[8]；失效原因=Environmental condition; Mooring lines wear caused by unexpected external damage (from e.g. overtrawling)/particulate ingress/UV light；失效后果=Mooring line strength decrease or broken；建议措施=Continuous tension and vibration monitoring; thresholds for intervention; -；2) FMEA编号=SKS8；项目/功能=Station keeping / Mooring Lines (ML) / Mooring lines；失效模式=Mooring line breakage [8]；失效原因=Manufacturing; Poor splice quality/ workmanship/qualification；失效后果=Mooring line strength decrease or broken；建议措施=ROV visual inspections; targeted maintenance on wear zones; Diversity in materials/vendors to reduce common-cause risks; -；3) FMEA编号=SKS9；项目/功能=Station keeping / Mooring Lines (ML) / Mooring lines；失效模式=Mooring line breakage[8]；失效原因=Environmental condition; Abnormal stress due to mooring lines wear caused by unexpected seismic loads/ The tension overpassing the limit value can cause the mooring line to instantaneously break [18]；失效后果=Mooring line strength decrease or broken；建议措施=Continuous tension and vibration monitoring; thresholds for intervention; -。,正确,1.0,24.24,确定性规则问答,1.0,1.0,0,,3,,,,,,Manufacturing; Poor splice quality/ workmanship/qualification,,项目/功能；潜在失效模式；潜在失效后果；潜在失效原因/机理,82,
49,49,Full全量模型,无,故障原因诊断类,项目失效现象后果查原因,故障原因查询,,,简单,在项目/功能“Station keeping / Mooring Lines / Mooring lines”中，故障现象“Mooring Line Corrosion”会造成“Mooring line strength decrease or broken”，它的潜在原因/机理是什么？,Maintenance; Mooring lines corrosion due to improper maintenance of the corroded components,匹配到1条记录：1) FMEA编号=SKS11；项目/功能=Station keeping / Mooring Lines (ML) / Mooring lines；失效模式=Mooring Line Corrosion [1]；失效原因=Maintenance; Mooring lines corrosion due to improper maintenance of the corroded components；失效后果=Mooring line strength decrease or broken；建议措施=Continuous tension and vibration monitoring; thresholds for intervention; Optimized chain/wire/rope selection and fatigue margins (design); -。,正确,1.0,23.24,确定性规则问答,1.0,1.0,0,,1,,,,,,Maintenance; Mooring lines corrosion due to improper maintenance of the corroded components,,项目/功能；潜在失效模式；潜在失效后果；潜在失效原因/机理,85,
50,50,Full全量模型,无,故障原因诊断类,项目失效现象后果查原因,故障原因查询,,,简单,在项目/功能“Station keeping / Mooring Lines / Mooring lines”中，故障现象“Mooring Line Fatigue”会造成“Mooring line strength decrease or broken”，它的潜在原因/机理是什么？,"Maintenance; Mooring line fatigue due to Lack of proper maintenance, including inspection, monitoring, and replacement of the mooring lines.","匹配到2条记录：1) FMEA编号=SKS12；项目/功能=Station keeping / Mooring Lines (ML) / Mooring lines；失效模式=Mooring Line Fatigue [1]；失效原因=Maintenance; Mooring line fatigue due to Lack of proper maintenance, including inspection, monitoring, and replacement of the mooring lines.；失效后果=Mooring line strength decrease or broken；建议措施=-；2) FMEA编号=SKS13；项目/功能=Station keeping / Mooring Lines (ML) / Mooring lines；失效模式=Mooring Line Fatigue [1]；失效原因=Operation; Mooring line fatigue due to Improper operational procedures, such as excessive loading, bending or twisting.；失效后果=Mooring line strength decrease or broken；建议措施=Continuous tension and vibration monitoring; thresholds for intervention; Optimized chain/wire/rope selection and fatigue margins (design); -。",正确,1.0,21.75,确定性规则问答,1.0,1.0,1,,2,,,,,2.0；2.0,"Maintenance; Mooring line fatigue due to Lack of proper maintenance, including inspection, monitoring, and replacement of the mooring lines.",,项目/功能；潜在失效模式；潜在失效后果；潜在失效原因/机理,86,
51,51,Full全量模型,无,故障原因诊断类,项目失效现象后果查原因,故障原因查询,,,简单,在项目/功能“Station keeping / Mooring Lines / Mooring lines”中，故障现象“Mooring line wear”会造成“Mooring line strength decrease or broken”，它的潜在原因/机理是什么？,Manufacturing; Mooring lines wear due to poor quality during fabrication,"匹配到3条记录：1) FMEA编号=SKS14；项目/功能=Station keeping / Mooring Lines (ML) / Mooring lines；失效模式=Mooring line wear [1]；失效原因=Manufacturing; Mooring lines wear due to poor quality during fabrication；失效后果=Mooring line strength decrease or broken；建议措施=-；2) FMEA编号=SKS15；项目/功能=Station keeping / Mooring Lines (ML) / Mooring lines；失效模式=Mooring line wear [1]；失效原因=Design; Mooring lines wear due to underestimation of seisemic events during design or due to rope compression not considered；失效后果=Mooring line strength decrease or broken；建议措施=-；3) FMEA编号=SKS16；项目/功能=Station keeping / Mooring Lines (ML) / Mooring lines；失效模式=Mooring line wear [1]；失效原因=Operation; Mooring lines wear due to Improper handling, such as excessive tension, bending, or twisting of the mooring lines.；失效后果=Mooring line strength decrease or broken；建议措施=-。",正确,1.0,21.76,确定性规则问答,1.0,1.0,1,,3,,,,,3.0；3.0,Manufacturing; Mooring lines wear due to poor quality during fabrication,,项目/功能；潜在失效模式；潜在失效后果；潜在失效原因/机理,88,
52,52,Full全量模型,无,故障原因诊断类,项目失效现象后果查原因,故障原因查询,,,简单,在项目/功能“Station keeping / Mooring lines / Mooring lines”中，故障现象“Mooring lines broken”会造成“Asset not in correct location or position”，它的潜在原因/机理是什么？,Operation; Transitional chain wear due to repeated loading and unloading cycles over time,"匹配到4条记录：1) FMEA编号=SKS17；项目/功能=Station keeping / Mooring lines (ML) / Mooring lines；失效模式=Mooring lines broken [1,3]；失效原因=Operation; Transitional chain wear due to repeated loading and unloading cycles over time；失效后果=Asset not in correct location or position；建议措施=ROV visual inspections; targeted maintenance on wear zones; Optimized chain/wire/rope selection and fatigue margins (design); Only chain and wire above MSL, keep fiber ropes wet; -；2) FMEA编号=SKS18；项目/功能=Station keeping / Mooring lines (ML) / Mooring lines；失效模式=Mooring lines broken [1,3]；失效原因=Maintenance; Transitional chain wear due to improper inspection and maintenance；失效后果=Asset not in correct location or position；建议措施=ROV visual inspections; targeted maintenance on wear zones; Optimized chain/wire/rope selection and fatigue margins (design); Only chain and wire above MSL, keep fiber ropes wet; -；3) FMEA编号=SKS19；项目/功能=Station keeping / Mooring lines (ML) / Mooring lines；失效模式=Mooring lines broken [1,3]；失效原因=Operation; Friction chain wear due to significant movement and tension due to the forces of wind, waves；失效后果=Asset not in correct location or position；建议措施=ROV visual inspections; targeted maintenance on wear zones; Optimized chain/wire/rope selection and fatigue margins (design); Only chain and wire above MSL, keep fiber ropes wet; -；4) FMEA编号=SKS20；项目/功能=Station keeping / Mooring lines (ML) / Mooring lines；失效模式=Mooring lines broken [1,3]；失效原因=Operation; Mooring line wear due to hysteretic heating or wet-dry cycling；失效后果=Asset not in correct location or position；建议措施=ROV visual inspections; targeted maintenance on wear zones; -。",正确,1.0,24.21,确定性规则问答,1.0,1.0,0,,4,,,,,,Operation; Transitional chain wear due to repeated loading and unloading cycles over time,,项目/功能；潜在失效模式；潜在失效后果；潜在失效原因/机理,91,
53,53,Full全量模型,无,故障原因诊断类,项目失效现象后果查原因,故障原因查询,,,简单,在项目/功能“Station keeping / Mooring lines / Mooring winch”中，故障现象“Mooring winch failure”会造成“Asset not in correct location or position”，它的潜在原因/机理是什么？,Design; Mooring winch failure due to understimation of loads during design phase,"匹配到2条记录：1) FMEA编号=SKS21；项目/功能=Station keeping / Mooring lines (ML) / Mooring winch；失效模式=Mooring winch failure [1]；失效原因=Design; Mooring winch failure due to understimation of loads during design phase；失效后果=Asset not in correct location or position；建议措施=-；2) FMEA编号=SKS22；项目/功能=Station keeping / Mooring lines (ML) / Mooring winch；失效模式=Mooring winch failure [1]；失效原因=Maintenance; Mooring winch failure due to undetected hazard during operation；失效后果=Asset not in correct location or position；建议措施=Continuous tension and vibration monitoring; thresholds for intervention; Procedural controls: load management, operational envelopes; -。",正确,1.0,22.31,确定性规则问答,1.0,1.0,0,,2,,,,,,Design; Mooring winch failure due to understimation of loads during design phase,,项目/功能；潜在失效模式；潜在失效后果；潜在失效原因/机理,95,
54,54,Full全量模型,无,故障原因诊断类,项目失效现象后果查原因,故障原因查询,,,简单,在项目/功能“Dynamic cable / Dynamic Cable / Dynamic Cable”中，故障现象“accelerated mechanical fatigue”会造成“Structural damage - cable composition weakening”，它的潜在原因/机理是什么？,Design Phase; Underestimation of dynamic conditions - Unexpected contingency scenario ( loss of mooring line ) - unexpected dynamic loads,"匹配到1条记录：1) FMEA编号=DC1；项目/功能=Dynamic cable / Dynamic Cable / Dynamic Cable/；失效模式=accelerated mechanical fatigue；失效原因=Design Phase; Underestimation of dynamic conditions - Unexpected contingency scenario ( loss of mooring line ) - unexpected dynamic loads；失效后果=Structural damage - cable composition weakening；建议措施=Monitoring: DTS/RTTR, electrical integrity tests, leak detection; Lazy-wave configuration optimization; buoyancy spacing; hang-off upgrades; -。",正确,1.0,19.86,确定性规则问答,1.0,1.0,0,,1,,,,,,Design Phase; Underestimation of dynamic conditions - Unexpected contingency scenario ( loss of mooring line ) - unexpected dynamic loads,,项目/功能；潜在失效模式；潜在失效后果；潜在失效原因/机理,97,
55,55,Full全量模型,无,故障原因诊断类,项目失效现象后果查原因,故障原因查询,,,简单,在项目/功能“Dynamic cable / Dynamic Cable / Dynamic Cable”中，故障现象“anchoring damages”会造成“Structural integrity damage - extra stress on cables”，它的潜在原因/机理是什么？,Environmental conditions; Anchor impacts - seabed movement,匹配到1条记录：1) FMEA编号=DC2；项目/功能=Dynamic cable / Dynamic Cable / Dynamic Cable/；失效模式=anchoring damages；失效原因=Environmental conditions; Anchor impacts - seabed movement；失效后果=Structural integrity damage - extra stress on cables；建议措施=-。,正确,1.0,18.25,确定性规则问答,1.0,1.0,0,,1,,,,,,Environmental conditions; Anchor impacts - seabed movement,,项目/功能；潜在失效模式；潜在失效后果；潜在失效原因/机理,98,
56,56,Full全量模型,无,故障原因诊断类,项目失效现象后果查原因,故障原因查询,,,简单,在项目/功能“Dynamic cable / Dynamic Cable / Dynamic Cable”中，故障现象“Cable Damage”会造成“Operational disruption”，它的潜在原因/机理是什么？,"Operation; Mechanical stress - cable motion,Bending and motion","匹配到1条记录：1) FMEA编号=DC3；项目/功能=Dynamic cable / Dynamic Cable / Dynamic Cable/；失效模式=Cable Damage；失效原因=Operation; Mechanical stress - cable motion,Bending and motion；失效后果=Operational disruption；建议措施=-。",正确,1.0,17.93,确定性规则问答,1.0,1.0,0,,1,,,,,,"Operation; Mechanical stress - cable motion,Bending and motion",,项目/功能；潜在失效模式；潜在失效后果；潜在失效原因/机理,99,
57,57,Full全量模型,无,故障原因诊断类,项目失效现象后果查原因,故障原因查询,,,简单,在项目/功能“Dynamic cable / Dynamic Cable / J-tube”中，故障现象“Corrosion of J-tube”会造成“J-tube degradation affecting cable integrity”，它的潜在原因/机理是什么？,"Installation phase; Seawater exposure, environmental conditions due to failure of corrosion protection anodes","匹配到2条记录：1) FMEA编号=DC4；项目/功能=Dynamic cable / Dynamic Cable / J-tube；失效模式=Corrosion of J-tube [6]；失效原因=Installation phase; Seawater exposure, environmental conditions due to failure of corrosion protection anodes；失效后果=J-tube degradation affecting cable integrity；建议措施=-；2) FMEA编号=DC5；项目/功能=Dynamic cable / Dynamic Cable / J-tube；失效模式=Corrosion of J-tube [6]；失效原因=Design Phase; Seawater exposure, environmental conditions due to insufficient coating；失效后果=J-tube degradation affecting cable integrity；建议措施=-; Cathodic protection; coating improvements。",正确,1.0,14.78,确定性规则问答,1.0,1.0,0,,2,,,,,,"Installation phase; Seawater exposure, environmental conditions due to failure of corrosion protection anodes",,项目/功能；潜在失效模式；潜在失效后果；潜在失效原因/机理,100,
58,58,Full全量模型,无,故障原因诊断类,项目失效现象后果查原因,故障原因查询,,,简单,在项目/功能“Dynamic cable / Dynamic Cable / Dynamic Cable”中，故障现象“Crushing or deformation”会造成“Structural damage - cable weakening”，它的潜在原因/机理是什么？,Design Phase; Excessive mechanical load - equipment interraction,匹配到1条记录：1) FMEA编号=DC6；项目/功能=Dynamic cable / Dynamic Cable / Dynamic Cable/；失效模式=Crushing or deformation；失效原因=Design Phase; Excessive mechanical load - equipment interraction；失效后果=Structural damage - cable weakening；建议措施=-。,正确,1.0,16.22,确定性规则问答,1.0,1.0,0,,1,,,,,,Design Phase; Excessive mechanical load - equipment interraction,,项目/功能；潜在失效模式；潜在失效后果；潜在失效原因/机理,102,
59,59,Full全量模型,无,故障原因诊断类,项目失效现象后果查原因,故障原因查询,,,简单,在项目/功能“Dynamic cable / Dynamic Cable / Hang-off”中，故障现象“damage and corrosion of mechanical parts”会造成“High risk of fault on the cable - total loss of the line Prodution loss on the string”，它的潜在原因/机理是什么？,Design Phase; Wrong design/execution of the isolation material,匹配到1条记录：1) FMEA编号=DC7；项目/功能=Dynamic cable / Dynamic Cable / Hang-off；失效模式=damage and corrosion of mechanical parts；失效原因=Design Phase; Wrong design/execution of the isolation material；失效后果=High risk of fault on the cable - total loss of the line Prodution loss on the string；建议措施=-; Design review; improved material selection。,正确,1.0,16.0,确定性规则问答,1.0,1.0,0,,1,,,,,,Design Phase; Wrong design/execution of the isolation material,,项目/功能；潜在失效模式；潜在失效后果；潜在失效原因/机理,103,
60,60,Full全量模型,无,故障原因诊断类,项目失效现象后果查原因,故障原因查询,,,简单,在项目/功能“Dynamic cable / Dynamic Cable / Dynamic Cable”中，故障现象“Debris disturbance”会造成“Cable damage - operational disruption”，它的潜在原因/机理是什么？,Environmental conditions; Floating debris - marine activities,匹配到1条记录：1) FMEA编号=DC8；项目/功能=Dynamic cable / Dynamic Cable / Dynamic Cable/；失效模式=Debris disturbance；失效原因=Environmental conditions; Floating debris - marine activities；失效后果=Cable damage - operational disruption；建议措施=-; Environmental protections; debris management。,正确,1.0,15.23,确定性规则问答,1.0,1.0,0,,1,,,,,,Environmental conditions; Floating debris - marine activities,,项目/功能；潜在失效模式；潜在失效后果；潜在失效原因/机理,104,
61,61,Full全量模型,无,故障原因诊断类,项目失效现象后果查原因,故障原因查询,,,简单,在项目/功能“Dynamic cable / Dynamic Cable / Dynamic Cable”中，故障现象“Detachment”会造成“cable disconnection - water penetration - Power loss”，它的潜在原因/机理是什么？,Operation; Connector failure - Mechanical stress,匹配到1条记录：1) FMEA编号=DC9；项目/功能=Dynamic cable / Dynamic Cable / Dynamic Cable/；失效模式=Detachment；失效原因=Operation; Connector failure - Mechanical stress；失效后果=cable disconnection - water penetration - Power loss；建议措施=-; Design review; improved material selection。,正确,1.0,16.48,确定性规则问答,1.0,1.0,0,,1,,,,,,Operation; Connector failure - Mechanical stress,,项目/功能；潜在失效模式；潜在失效后果；潜在失效原因/机理,105,
62,62,Full全量模型,无,故障原因诊断类,项目失效现象后果查原因,故障原因查询,,,简单,在项目/功能“Dynamic cable / Dynamic Cable / Joints and terminations”中，故障现象“Failure of end termination”会造成“breakdown of insulation”，它的潜在原因/机理是什么？,Manufacturing; Poor quality components [6],匹配到3条记录：1) FMEA编号=DC10；项目/功能=Dynamic cable / Dynamic Cable / Joints and terminations；失效模式=Failure of end termination [6]；失效原因=Manufacturing; Poor quality components [6]；失效后果=breakdown of insulation；建议措施=-；2) FMEA编号=DC11；项目/功能=Dynamic cable / Dynamic Cable / Joints and terminations；失效模式=Failure of end termination [6]；失效原因=Manufacturing; Poor quality of insulating fluids [6]；失效后果=breakdown of insulation；建议措施=-; Design improvements; enhanced termination QA；3) FMEA编号=DC12；项目/功能=Dynamic cable / Dynamic Cable / Joints and terminations；失效模式=Failure of end termination [6]；失效原因=Manufacturing; Quality of workmanship [6]；失效后果=breakdown of insulation；建议措施=-。,正确,1.0,15.52,确定性规则问答,1.0,1.0,1,,3,,,6.0；6.0；6.0；6.0；6.0；6.0,,3.0；2.0；3.0,Manufacturing; Poor quality components [6],,项目/功能；潜在失效模式；潜在失效后果；潜在失效原因/机理,106,
63,63,Full全量模型,无,故障原因诊断类,项目失效现象后果查原因,故障原因查询,,,简单,在项目/功能“Dynamic cable / Dynamic Cable / Dynamic Cable”中，故障现象“Failure of fixing clamps”会造成“Cable damage - exposure to elements”，它的潜在原因/机理是什么？,Operation; Mechanical stress,匹配到1条记录：1) FMEA编号=DC13；项目/功能=Dynamic cable / Dynamic Cable / Dynamic Cable/；失效模式=Failure of fixing clamps；失效原因=Operation; Mechanical stress；失效后果=Cable damage - exposure to elements；建议措施=-。,正确,1.0,14.5,确定性规则问答,1.0,1.0,0,,1,,,,,,Operation; Mechanical stress,,项目/功能；潜在失效模式；潜在失效后果；潜在失效原因/机理,109,
64,64,Full全量模型,无,故障原因诊断类,项目失效现象后果查原因,故障原因查询,,,简单,在项目/功能“Dynamic cable / Dynamic Cable / Insulation”中，故障现象“Failure of insulations”会造成“Fault in the cable - power disruption”，它的潜在原因/机理是什么？,Design Phase; Inproper design : need quality insulation materials and protection,匹配到1条记录：1) FMEA编号=DC14；项目/功能=Dynamic cable / Dynamic Cable / Insulation；失效模式=Failure of insulations；失效原因=Design Phase; Inproper design : need quality insulation materials and protection；失效后果=Fault in the cable - power disruption；建议措施=-。,正确,1.0,14.62,确定性规则问答,1.0,1.0,0,,1,,,,,,Design Phase; Inproper design : need quality insulation materials and protection,,项目/功能；潜在失效模式；潜在失效后果；潜在失效原因/机理,110,
65,65,Full全量模型,无,故障原因诊断类,项目失效现象后果查原因,故障原因查询,,,简单,在项目/功能“Dynamic cable / Dynamic Cable / Sheath”中，故障现象“Failure of sheath”会造成“Fault in the cable - exposure to elements”，它的潜在原因/机理是什么？,Operation; Mechanical and thermal stress,匹配到1条记录：1) FMEA编号=DC15；项目/功能=Dynamic cable / Dynamic Cable / Sheath；失效模式=Failure of sheath；失效原因=Operation; Mechanical and thermal stress；失效后果=Fault in the cable - exposure to elements；建议措施=-。,正确,1.0,14.53,确定性规则问答,1.0,1.0,0,,1,,,,,,Operation; Mechanical and thermal stress,,项目/功能；潜在失效模式；潜在失效后果；潜在失效原因/机理,111,
66,66,Full全量模型,无,故障原因诊断类,项目失效现象后果查原因,故障原因查询,,,简单,在项目/功能“Dynamic cable / Dynamic Cable / Dynamic Cable”中，故障现象“Failure of watertightness”会造成“Reduced or interupted electricity flow”，它的潜在原因/机理是什么？,Manufacturing; Errors or defects during manufacturing,"匹配到2条记录：1) FMEA编号=DC16；项目/功能=Dynamic cable / Dynamic Cable / Dynamic Cable/；失效模式=Failure of watertightness；失效原因=Manufacturing; Errors or defects during manufacturing；失效后果=Reduced or interupted electricity flow；建议措施=Installation QA/QC: pull-in tension verification, handling procedures; Watertightness assurance: enhanced sealing tests; end termination QA; -；2) FMEA编号=DC17；项目/功能=Dynamic cable / Dynamic Cable / Dynamic Cable/；失效模式=Failure of watertightness；失效原因=Operation; Damage on the cable due to extreme environmental events；失效后果=Reduced or interupted electricity flow；建议措施=Watertightness assurance: enhanced sealing tests; end termination QA; -。",正确,1.0,14.53,确定性规则问答,1.0,1.0,0,,2,,,,,,Manufacturing; Errors or defects during manufacturing,,项目/功能；潜在失效模式；潜在失效后果；潜在失效原因/机理,112,
67,67,Full全量模型,无,故障原因诊断类,项目失效现象后果查原因,故障原因查询,,,简单,在项目/功能“Dynamic cable / Dynamic Cable / Conductor”中，故障现象“failures of conductors”会造成“Electrical faults - loss of production”，它的潜在原因/机理是什么？,Operation; Internal damage: Problem in insulation material - Electrical overload,"匹配到1条记录：1) FMEA编号=DC18；项目/功能=Dynamic cable / Dynamic Cable / Conductor；失效模式=failures of conductors；失效原因=Operation; Internal damage: Problem in insulation material - Electrical overload；失效后果=Electrical faults - loss of production；建议措施=-; Monitoring (DTS/RTTR, electrical integrity tests)。",正确,1.0,14.38,确定性规则问答,1.0,1.0,0,,1,,,,,,Operation; Internal damage: Problem in insulation material - Electrical overload,,项目/功能；潜在失效模式；潜在失效后果；潜在失效原因/机理,114,
68,68,Full全量模型,无,故障原因诊断类,项目失效现象后果查原因,故障原因查询,,,简单,在项目/功能“Dynamic cable / Dynamic Cable / Dynamic Cable”中，故障现象“Fatigue Cracks”会造成“Crack may evolve in a fault of the cable - Cable weakening”，它的潜在原因/机理是什么？,Operation; Repeated stress cycles - bending motions,"匹配到1条记录：1) FMEA编号=DC19；项目/功能=Dynamic cable / Dynamic Cable / Dynamic Cable/；失效模式=Fatigue Cracks；失效原因=Operation; Repeated stress cycles - bending motions；失效后果=Crack may evolve in a fault of the cable - Cable weakening；建议措施=Monitoring: DTS/RTTR, electrical integrity tests, leak detection; -。",正确,1.0,14.49,确定性规则问答,1.0,1.0,0,,1,,,,,,Operation; Repeated stress cycles - bending motions,,项目/功能；潜在失效模式；潜在失效后果；潜在失效原因/机理,115,
69,69,Full全量模型,无,故障原因诊断类,项目失效现象后果查原因,故障原因查询,,,简单,"在项目/功能“Dynamic cable / Dynamic Cable / Dynamic Cable”中，故障现象“Geo-Hazards”会造成“Cable damage, production disruption”，它的潜在原因/机理是什么？","Design Phase; Unexpected contingency ( earthquake, seabed movement)","匹配到1条记录：1) FMEA编号=DC20；项目/功能=Dynamic cable / Dynamic Cable / Dynamic Cable/；失效模式=Geo-Hazards；失效原因=Design Phase; Unexpected contingency ( earthquake, seabed movement)；失效后果=Cable damage, production disruption；建议措施=-。",正确,1.0,14.49,确定性规则问答,1.0,1.0,0,,1,,,,,,"Design Phase; Unexpected contingency ( earthquake, seabed movement)",,项目/功能；潜在失效模式；潜在失效后果；潜在失效原因/机理,116,
70,70,Full全量模型,无,故障原因诊断类,项目失效现象后果查原因,故障原因查询,,,简单,在项目/功能“Dynamic cable / Dynamic Cable / Dynamic Cable”中，故障现象“Loss of dynamic positioning”会造成“Cables stress”，它的潜在原因/机理是什么？,Environmental conditions; Dynamic positioning system failure due to excessive environmental conditions,匹配到1条记录：1) FMEA编号=DC21；项目/功能=Dynamic cable / Dynamic Cable / Dynamic Cable/；失效模式=Loss of dynamic positioning；失效原因=Environmental conditions; Dynamic positioning system failure due to excessive environmental conditions；失效后果=Cables stress；建议措施=-。,正确,1.0,14.41,确定性规则问答,1.0,1.0,0,,1,,,,,,Environmental conditions; Dynamic positioning system failure due to excessive environmental conditions,,项目/功能；潜在失效模式；潜在失效后果；潜在失效原因/机理,117,
71,71,Full全量模型,无,故障原因诊断类,项目失效现象后果查原因,故障原因查询,,,简单,在项目/功能“Dynamic cable / Dynamic Cable / Buoyancy modules”中，故障现象“Loss of float bility (water adsorption)”会造成“未说明”，它的潜在原因/机理是什么？,Operation,失效原因是Operation。,正确,1.0,676.32,语义RAG,0.3333,1.0,0,,6,,,,,,Operation,,项目/功能；潜在失效模式；潜在失效后果；潜在失效原因/机理,118,
72,72,Full全量模型,无,故障原因诊断类,项目失效现象后果查原因,故障原因查询,,,简单,在项目/功能“Dynamic cable / Dynamic Cable / Dynamic Cable”中，故障现象“material degradation”会造成“Weakening of cable materials - loss of production”，它的潜在原因/机理是什么？,Design Phase; Underestimation of dynamic conditions - Unexpected contingency scenario ( loss of mooring line ),"匹配到1条记录：1) FMEA编号=DC23；项目/功能=Dynamic cable / Dynamic Cable / Dynamic Cable/；失效模式=material degradation；失效原因=Design Phase; Underestimation of dynamic conditions - Unexpected contingency scenario ( loss of mooring line )；失效后果=Weakening of cable materials - loss of production；建议措施=Monitoring: DTS/RTTR, electrical integrity tests, leak detection; -。",正确,1.0,23.25,确定性规则问答,1.0,1.0,0,,1,,,,,,Design Phase; Underestimation of dynamic conditions - Unexpected contingency scenario ( loss of mooring line ),,项目/功能；潜在失效模式；潜在失效后果；潜在失效原因/机理,119,
73,73,Full全量模型,无,故障原因诊断类,项目失效现象后果查原因,故障原因查询,,,简单,在项目/功能“Dynamic cable / Dynamic Cable / Fiber optic”中，故障现象“Mechanical degradation”会造成“未说明”，它的潜在原因/机理是什么？,Operation,失效原因 / FailureCause / cause / reason / 为什么 / 为啥 / 咋来的: Operation,正确,1.0,840.94,语义RAG,0.3333,1.0,0,,6,,,,,,Operation,,项目/功能；潜在失效模式；潜在失效后果；潜在失效原因/机理,120,
74,74,Full全量模型,无,故障原因诊断类,项目失效现象后果查原因,故障原因查询,,,简单,在项目/功能“Dynamic cable / Dynamic Cable / Cable Protection System”中，故障现象“Movement of CPS due to scour/seabed mobility”会造成“Cable being vulnerable to scour and need for repair or replacement”，它的潜在原因/机理是什么？,Design Phase; Design inefficiency [6],"匹配到3条记录：1) FMEA编号=DC25；项目/功能=Dynamic cable / Dynamic Cable / Cable Protection System (CPS)；失效模式=Movement of CPS due to scour/seabed mobility [6]；失效原因=Design Phase; Design inefficiency [6]；失效后果=Cable being vulnerable to scour and need for repair or replacement；建议措施=-；2) FMEA编号=DC26；项目/功能=Dynamic cable / Dynamic Cable / Cable Protection System (CPS)；失效模式=Movement of CPS due to scour/seabed mobility [6]；失效原因=Design Phase; lack of data of the deployment location [4,6]；失效后果=Cable being vulnerable to scour and need for repair or replacement；建议措施=Burial/trenching optimization; scour mitigation; as-built metrology; -；3) FMEA编号=DC27；项目/功能=Dynamic cable / Dynamic Cable / Cable Protection System (CPS)；失效模式=Movement of CPS due to scour/seabed mobility [6]；失效原因=Installation phase; incorrect installation [6]；失效后果=Cable being vulnerable to scour and need for repair or replacement；建议措施=Burial/trenching optimization; scour mitigation; as-built metrology; -。",正确,1.0,25.98,确定性规则问答,1.0,1.0,1,,3,,,6.0；6.0；6.0；6.0；6.0；6.0,,3.0；2.0；3.0,Design Phase; Design inefficiency [6],,项目/功能；潜在失效模式；潜在失效后果；潜在失效原因/机理,121,
75,75,Full全量模型,无,故障原因诊断类,项目失效现象后果查原因,故障原因查询,,,简单,"在项目/功能“Dynamic cable / Dynamic Cable / Dynamic Cable”中，故障现象“Premature damage of outer protection layer”会造成“Structural damage - cable weakening, exposure to elements”，它的潜在原因/机理是什么？",Environmental conditions; Environmental exposure - wear,"匹配到1条记录：1) FMEA编号=DC28；项目/功能=Dynamic cable / Dynamic Cable / Dynamic Cable/；失效模式=Premature damage of outer protection layer；失效原因=Environmental conditions; Environmental exposure - wear；失效后果=Structural damage - cable weakening, exposure to elements；建议措施=-。",正确,1.0,24.35,确定性规则问答,1.0,1.0,0,,1,,,,,,Environmental conditions; Environmental exposure - wear,,项目/功能；潜在失效模式；潜在失效后果；潜在失效原因/机理,124,
76,76,Full全量模型,无,故障原因诊断类,项目失效现象后果查原因,故障原因查询,,,简单,"在项目/功能“Dynamic cable / Dynamic Cable / Static cable/Export Cable”中，故障现象“Reduced sediment cover lower than designed value for protection”会造成“need for re-burial, change of cable protection requirement or even replacement of cable”，它的潜在原因/机理是什么？",Design Phase; Insufficient information for the deployment location [6],"匹配到2条记录：1) FMEA编号=DC29；项目/功能=Dynamic cable / Dynamic Cable / Static cable/Export Cable；失效模式=Reduced sediment cover lower than designed value for protection [6]；失效原因=Design Phase; Insufficient information for the deployment location [6]；失效后果=need for re-burial, change of cable protection requirement or even replacement of cable；建议措施=Burial/trenching optimization; scour mitigation; as-built metrology; Monitoring: DTS/RTTR, electrical integrity tests, leak detection; -；2) FMEA编号=DC31；项目/功能=Dynamic cable / Dynamic Cable / Static cable/Export Cable；失效模式=Reduced sediment cover lower than designed value for protection [6]；失效原因=Environmental conditions; exposure of seabed cover to extreme environmental phenomena；失效后果=need for re-burial, change of cable protection requirement or even replacement of cable；建议措施=-。",正确,1.0,24.65,确定性规则问答,1.0,1.0,1,,2,,,6.0；6.0；6.0,,2.0；2.0,Design Phase; Insufficient information for the deployment location [6],,项目/功能；潜在失效模式；潜在失效后果；潜在失效原因/机理,125,
77,77,Full全量模型,无,故障原因诊断类,项目失效现象后果查原因,故障原因查询,,,简单,"在项目/功能“Dynamic cable / Dynamic Cable / Dynamic Cable (Touchdown point)”中，故障现象“Reduced sediment cover lower than designed value for protection”会造成“need for re-burial, change of cable protection requirement or even replacement of cable”，它的潜在原因/机理是什么？",Design Phase; Insufficient information for the deployment location [6],"匹配到1条记录：1) FMEA编号=DC30；项目/功能=Dynamic cable / Dynamic Cable / Dynamic Cable (Touchdown point)；失效模式=Reduced sediment cover lower than designed value for protection [6]；失效原因=Design Phase; Insufficient information for the deployment location [6]；失效后果=need for re-burial, change of cable protection requirement or even replacement of cable；建议措施=-。",正确,1.0,24.49,确定性规则问答,1.0,1.0,0,,1,,,6.0；6.0,,,Design Phase; Insufficient information for the deployment location [6],,项目/功能；潜在失效模式；潜在失效后果；潜在失效原因/机理,126,
78,78,Full全量模型,无,故障原因诊断类,项目失效现象后果查原因,故障原因查询,,,简单,在项目/功能“Dynamic cable / Dynamic Cable / Dynamic Cable”中，故障现象“Small bending radius”会造成“Cable damage - insulation degradation”，它的潜在原因/机理是什么？,Operation; Mechanical stress - excessive bending,匹配到1条记录：1) FMEA编号=DC32；项目/功能=Dynamic cable / Dynamic Cable / Dynamic Cable/；失效模式=Small bending radius；失效原因=Operation; Mechanical stress - excessive bending；失效后果=Cable damage - insulation degradation；建议措施=Lazy-wave configuration optimization; buoyancy spacing; hang-off upgrades; -。,正确,1.0,22.56,确定性规则问答,1.0,1.0,0,,1,,,,,,Operation; Mechanical stress - excessive bending,,项目/功能；潜在失效模式；潜在失效后果；潜在失效原因/机理,128,
79,79,Full全量模型,无,故障原因诊断类,fmea_id_to_cause,故障原因查询,,,中等,FMEA编号TO1的潜在失效原因/机理是什么？,Design phase; Resonance occurs when the natural frequency of the tower or other components of the wind turbine matches the frequency of the wind or other external forces.,FMEA编号“TO1”对应的失效模式“Abnormal vibration”的潜在失效原因/机理是：Design phase; Resonance occurs when the natural frequency of the tower or other components of the wind turbine matches the frequency of the wind or other external forces.。,正确,1.0,6.92,CSV直答,1.0,1.0,0,,1,,,,,,Design phase; Resonance occurs when the natural frequency of the tower or other components of the wind turbine matches the frequency of the wind or other external forces.,,FMEA编号；潜在失效原因/机理,0,
80,80,Full全量模型,无,故障原因诊断类,fmea_id_to_cause,故障原因查询,,,简单,FMEA编号TO2这条记录，原因是什么？,Environmental condition; Resonance occurs when the natural frequency of the tower or other components of the wind turbine matches the frequency of the wind or other external forces.,FMEA编号“TO2”对应的失效模式“Abnormal vibration”的潜在失效原因/机理是：Environmental condition; Resonance occurs when the natural frequency of the tower or other components of the wind turbine matches the frequency of the wind or other external forces.。,正确,1.0,3.67,CSV直答,1.0,1.0,0,,1,,,,,,Environmental condition; Resonance occurs when the natural frequency of the tower or other components of the wind turbine matches the frequency of the wind or other external forces.,,FMEA编号；潜在失效原因/机理,1,
81,81,Full全量模型,无,故障原因诊断类,fmea_id_to_cause,故障原因查询,,,简单,查一下FMEA编号TO3对应的原因/机理。,"Installation phase; Faulty welding of Tower [10,15]","FMEA编号“TO3”对应的失效模式“Abnormal vibration”的潜在失效原因/机理是：Installation phase; Faulty welding of Tower [10,15]。",正确,1.0,3.77,CSV直答,1.0,1.0,0,,1,,,10.0；15.0,,,"Installation phase; Faulty welding of Tower [10,15]",,FMEA编号；潜在失效原因/机理,2,
82,82,Full全量模型,无,故障原因诊断类,fmea_id_to_cause,故障原因查询,,,中等,FMEA编号TO4这条FMEA里，为什么会发生这个失效？请给出原因。,"Maintenance phase; Due to poor inspection Faulty welding of Tower couldn't be detected before getting severe [10,15]","FMEA编号“TO4”对应的失效模式“Abnormal vibration”的潜在失效原因/机理是：Maintenance phase; Due to poor inspection Faulty welding of Tower couldn't be detected before getting severe [10,15]。",正确,1.0,3.62,CSV直答,1.0,1.0,0,,1,,,10.0；15.0,,,"Maintenance phase; Due to poor inspection Faulty welding of Tower couldn't be detected before getting severe [10,15]",,FMEA编号；潜在失效原因/机理,3,
83,83,Full全量模型,无,故障原因诊断类,fmea_id_to_cause,故障原因查询,,,简单,FMEA编号TO5的失效原因写的什么？,"Environmental loads; The interaction between the blades and the tower can cause pressure fluctuations, leading to cyclic fatigue [14]","FMEA编号“TO5”对应的失效模式“Cracks”的潜在失效原因/机理是：Environmental loads; The interaction between the blades and the tower can cause pressure fluctuations, leading to cyclic fatigue [14]。",正确,1.0,3.76,CSV直答,1.0,1.0,0,,1,,,14.0,,,"Environmental loads; The interaction between the blades and the tower can cause pressure fluctuations, leading to cyclic fatigue [14]",,FMEA编号；潜在失效原因/机理,4,
84,84,Full全量模型,无,故障原因诊断类,fmea_id_to_cause,故障原因查询,,,简单,FMEA编号TO6的潜在失效原因/机理是什么？,Environmental loads; Material fatigue due to high waves and high frequency of loads [1],FMEA编号“TO6”对应的失效模式“Cracks”的潜在失效原因/机理是：Environmental loads; Material fatigue due to high waves and high frequency of loads [1]。,正确,1.0,3.68,CSV直答,1.0,1.0,0,,1,,,1.0,,,Environmental loads; Material fatigue due to high waves and high frequency of loads [1],,FMEA编号；潜在失效原因/机理,5,
85,85,Full全量模型,无,故障原因诊断类,fmea_id_to_cause,故障原因查询,,,中等,FMEA编号TO7这条记录，原因是什么？,Environmental condition; Cyclic wind/wave loading (above design assumption)creates stress concentrations and fatigue. [11],FMEA编号“TO7”对应的失效模式“Cracks”的潜在失效原因/机理是：Environmental condition; Cyclic wind/wave loading (above design assumption)creates stress concentrations and fatigue. [11]。,正确,1.0,3.65,CSV直答,1.0,1.0,0,,1,,,11.0,,,Environmental condition; Cyclic wind/wave loading (above design assumption)creates stress concentrations and fatigue. [11],,FMEA编号；潜在失效原因/机理,6,
86,86,Full全量模型,无,故障原因诊断类,fmea_id_to_cause,故障原因查询,,,简单,查一下FMEA编号TO8对应的原因/机理。,"Design phase; Welding failure due to Poor design or inadequate specification of welding procedures considering harsh environmental condition [1,15]","FMEA编号“TO8”对应的失效模式“Cracks”的潜在失效原因/机理是：Design phase; Welding failure due to Poor design or inadequate specification of welding procedures considering harsh environmental condition [1,15]。",正确,1.0,3.76,CSV直答,1.0,1.0,0,,1,,,1.0；15.0,,,"Design phase; Welding failure due to Poor design or inadequate specification of welding procedures considering harsh environmental condition [1,15]",,FMEA编号；潜在失效原因/机理,7,
87,87,Full全量模型,无,故障原因诊断类,fmea_id_to_cause,故障原因查询,,,简单,FMEA编号TO9这条FMEA里，为什么会发生这个失效？请给出原因。,"Manufacturing; Welding failure due to Poor design or inadequate specification of welding procedures considering harsh environmental condition [1,15]","FMEA编号“TO9”对应的失效模式“Cracks”的潜在失效原因/机理是：Manufacturing; Welding failure due to Poor design or inadequate specification of welding procedures considering harsh environmental condition [1,15]。",正确,1.0,3.67,CSV直答,1.0,1.0,0,,1,,,1.0；15.0,,,"Manufacturing; Welding failure due to Poor design or inadequate specification of welding procedures considering harsh environmental condition [1,15]",,FMEA编号；潜在失效原因/机理,8,
88,88,Full全量模型,无,故障原因诊断类,fmea_id_to_cause,故障原因查询,,,中等,FMEA编号TO10的失效原因写的什么？,Fabrication; Material fatigue due to insufficient manufacturing quality [15],FMEA编号“TO10”对应的失效模式“Cracks”的潜在失效原因/机理是：Fabrication; Material fatigue due to insufficient manufacturing quality [15]。,正确,1.0,3.85,CSV直答,1.0,1.0,0,,1,,,15.0,,,Fabrication; Material fatigue due to insufficient manufacturing quality [15],,FMEA编号；潜在失效原因/机理,9,
89,89,Full全量模型,无,故障原因诊断类,fmea_id_to_cause,故障原因查询,,,简单,FMEA编号TO11的潜在失效原因/机理是什么？,"Fabrication; Welding failure due to Poor quality control during the welding process [1,10]","FMEA编号“TO11”对应的失效模式“Cracks”的潜在失效原因/机理是：Fabrication; Welding failure due to Poor quality control during the welding process [1,10]。",正确,1.0,3.75,CSV直答,1.0,1.0,0,,1,,,1.0；10.0,,,"Fabrication; Welding failure due to Poor quality control during the welding process [1,10]",,FMEA编号；潜在失效原因/机理,10,
90,90,Full全量模型,无,故障原因诊断类,fmea_id_to_cause,故障原因查询,,,简单,FMEA编号TO12这条记录，原因是什么？,"Installation phase; Installation phase stress/fatigue due to waves, wind, and process. Incorrect installation/error can cause stress concentration and fatigue. [11]","FMEA编号“TO12”对应的失效模式“Cracks”的潜在失效原因/机理是：Installation phase; Installation phase stress/fatigue due to waves, wind, and process. Incorrect installation/error can cause stress concentration and fatigue. [11]。",正确,1.0,3.67,CSV直答,1.0,1.0,0,,1,,,11.0,,,"Installation phase; Installation phase stress/fatigue due to waves, wind, and process. Incorrect installation/error can cause stress concentration and fatigue. [11]",,FMEA编号；潜在失效原因/机理,11,
91,91,Full全量模型,无,故障原因诊断类,fmea_id_to_cause,故障原因查询,,,中等,查一下FMEA编号TO13对应的原因/机理。,Maintenance phase; Corrosion due to lack of regular inspection and maintenance to prevent critical steps and failure [11],FMEA编号“TO13”对应的失效模式“Cracks”的潜在失效原因/机理是：Maintenance phase; Corrosion due to lack of regular inspection and maintenance to prevent critical steps and failure [11]。,正确,1.0,3.65,CSV直答,1.0,1.0,0,,1,,,11.0,,,Maintenance phase; Corrosion due to lack of regular inspection and maintenance to prevent critical steps and failure [11],,FMEA编号；潜在失效原因/机理,12,
92,92,Full全量模型,无,故障原因诊断类,fmea_id_to_cause,故障原因查询,,,简单,FMEA编号TO14这条FMEA里，为什么会发生这个失效？请给出原因。,Operation phase; Repeated or cyclic loading and unloading of the tower over a long period of time can cause cracks caused by plastic deformation [11],FMEA编号“TO14”对应的失效模式“Cracks”的潜在失效原因/机理是：Operation phase; Repeated or cyclic loading and unloading of the tower over a long period of time can cause cracks caused by plastic deformation [11]。,正确,1.0,3.8,CSV直答,1.0,1.0,0,,1,,,11.0,,,Operation phase; Repeated or cyclic loading and unloading of the tower over a long period of time can cause cracks caused by plastic deformation [11],,FMEA编号；潜在失效原因/机理,13,
93,93,Full全量模型,无,故障原因诊断类,fmea_id_to_cause,故障原因查询,,,简单,FMEA编号TO15的失效原因写的什么？,"Maintenance phase; Blade replacements, repairs, and corrosion mitigation can add stress. Improper execution can lead to damage and fatigue. [11]","FMEA编号“TO15”对应的失效模式“Cracks”的潜在失效原因/机理是：Maintenance phase; Blade replacements, repairs, and corrosion mitigation can add stress. Improper execution can lead to damage and fatigue. [11]。",正确,1.0,3.78,CSV直答,1.0,1.0,0,,1,,,11.0,,,"Maintenance phase; Blade replacements, repairs, and corrosion mitigation can add stress. Improper execution can lead to damage and fatigue. [11]",,FMEA编号；潜在失效原因/机理,14,
94,94,Full全量模型,无,故障原因诊断类,fmea_id_to_cause,故障原因查询,,,中等,FMEA编号TO16的潜在失效原因/机理是什么？,Design phase; Braking system failure due to wrong estimation of operating conditions [15],FMEA编号“TO16”对应的失效模式“Cracks”的潜在失效原因/机理是：Design phase; Braking system failure due to wrong estimation of operating conditions [15]。,正确,1.0,3.64,CSV直答,1.0,1.0,0,,1,,,15.0,,,Design phase; Braking system failure due to wrong estimation of operating conditions [15],,FMEA编号；潜在失效原因/机理,15,
95,95,Full全量模型,无,故障原因诊断类,fmea_id_to_cause,故障原因查询,,,简单,FMEA编号TO17这条记录，原因是什么？,Environmental condition; Lightning strikes[9],FMEA编号“TO17”对应的失效模式“Cracks”的潜在失效原因/机理是：Environmental condition; Lightning strikes[9]。,正确,1.0,3.74,CSV直答,1.0,1.0,0,,1,,,9.0,,,Environmental condition; Lightning strikes[9],,FMEA编号；潜在失效原因/机理,16,
96,96,Full全量模型,无,故障原因诊断类,fmea_id_to_cause,故障原因查询,,,简单,查一下FMEA编号TO18对应的原因/机理。,Design phase; Lightning strikes damages due to inefficient lightning prevention system [9],FMEA编号“TO18”对应的失效模式“Cracks”的潜在失效原因/机理是：Design phase; Lightning strikes damages due to inefficient lightning prevention system [9]。,正确,1.0,3.64,CSV直答,1.0,1.0,0,,1,,,9.0,,,Design phase; Lightning strikes damages due to inefficient lightning prevention system [9],,FMEA编号；潜在失效原因/机理,17,
97,97,Full全量模型,无,故障原因诊断类,fmea_id_to_cause,故障原因查询,,,中等,FMEA编号TO19这条FMEA里，为什么会发生这个失效？请给出原因。,Manufacturing; Hit by blades due to poor manufacturing quality control [9],FMEA编号“TO19”对应的失效模式“Cracks”的潜在失效原因/机理是：Manufacturing; Hit by blades due to poor manufacturing quality control [9]。,正确,1.0,3.64,CSV直答,1.0,1.0,0,,1,,,9.0,,,Manufacturing; Hit by blades due to poor manufacturing quality control [9],,FMEA编号；潜在失效原因/机理,18,
98,98,Full全量模型,无,故障原因诊断类,fmea_id_to_cause,故障原因查询,,,简单,FMEA编号TO20的失效原因写的什么？,Maintenance; Hit by blades due to poor maintenance and inspection leading to undetected wear and damage [15],FMEA编号“TO20”对应的失效模式“Cracks”的潜在失效原因/机理是：Maintenance; Hit by blades due to poor maintenance and inspection leading to undetected wear and damage [15]。,正确,1.0,3.71,CSV直答,1.0,1.0,0,,1,,,15.0,,,Maintenance; Hit by blades due to poor maintenance and inspection leading to undetected wear and damage [15],,FMEA编号；潜在失效原因/机理,19,
99,99,Full全量模型,无,故障原因诊断类,fmea_id_to_cause,故障原因查询,,,简单,FMEA编号TO21的潜在失效原因/机理是什么？,due to Operation; Hit by blades due to human error or operational failure [15],FMEA编号“TO21”对应的失效模式“Cracks”的潜在失效原因/机理是：due to Operation; Hit by blades due to human error or operational failure [15]。,正确,1.0,3.86,CSV直答,1.0,1.0,0,,1,,,15.0,,,due to Operation; Hit by blades due to human error or operational failure [15],,FMEA编号；潜在失效原因/机理,20,
100,100,Full全量模型,无,故障原因诊断类,fmea_id_to_cause,故障原因查询,,,中等,FMEA编号TO22这条记录，原因是什么？,"Manufacturing; Inadequate quality control during the manufacturing process may create structural weaknesses or defects in the tower, causing plastic deformation over time. [11]","FMEA编号“TO22”对应的失效模式“Plastic deformation”的潜在失效原因/机理是：Manufacturing; Inadequate quality control during the manufacturing process may create structural weaknesses or defects in the tower, causing plastic deformation over time. [11]。",正确,1.0,3.62,CSV直答,1.0,1.0,0,,1,,,11.0,,,"Manufacturing; Inadequate quality control during the manufacturing process may create structural weaknesses or defects in the tower, causing plastic deformation over time. [11]",,FMEA编号；潜在失效原因/机理,21,
101,101,Full全量模型,无,故障原因诊断类,fmea_id_to_cause,故障原因查询,,,简单,查一下FMEA编号TO23对应的原因/机理。,Design phase; Plastic deformation due to insufficient yield strength and lack of detailed stress analysis and simulations [13],FMEA编号“TO23”对应的失效模式“Plastic deformation”的潜在失效原因/机理是：Design phase; Plastic deformation due to insufficient yield strength and lack of detailed stress analysis and simulations [13]。,正确,1.0,3.71,CSV直答,1.0,1.0,0,,1,,,13.0,,,Design phase; Plastic deformation due to insufficient yield strength and lack of detailed stress analysis and simulations [13],,FMEA编号；潜在失效原因/机理,22,
102,102,Full全量模型,无,故障原因诊断类,fmea_id_to_cause,故障原因查询,,,简单,FMEA编号TO24这条FMEA里，为什么会发生这个失效？请给出原因。,Operation phase; Mooring system failure can lead to direct tower collapse [1],FMEA编号“TO24”对应的失效模式“Tower collapse”的潜在失效原因/机理是：Operation phase; Mooring system failure can lead to direct tower collapse [1]。,正确,1.0,3.64,CSV直答,1.0,1.0,0,,1,,,1.0,,,Operation phase; Mooring system failure can lead to direct tower collapse [1],,FMEA编号；潜在失效原因/机理,23,
103,103,Full全量模型,无,故障原因诊断类,fmea_id_to_cause,故障原因查询,,,中等,FMEA编号TP1的失效原因写的什么？,Design; Analysis and calculation fault due to human error [11],FMEA编号“TP1”对应的失效模式“Transition piece break”的潜在失效原因/机理是：Design; Analysis and calculation fault due to human error [11]。,正确,1.0,3.73,CSV直答,1.0,1.0,0,,1,,,11.0,,,Design; Analysis and calculation fault due to human error [11],,FMEA编号；潜在失效原因/机理,24,
104,104,Full全量模型,无,故障原因诊断类,fmea_id_to_cause,故障原因查询,,,简单,FMEA编号TP2的潜在失效原因/机理是什么？,"Operation and Maintenance; Brittle fracture due to extreme environmental temperature, leading to a shift in the ductile-to-brittle transition temperature [16]","FMEA编号“TP2”对应的失效模式“Transition piece break”的潜在失效原因/机理是：Operation and Maintenance; Brittle fracture due to extreme environmental temperature, leading to a shift in the ductile-to-brittle transition temperature [16]。",正确,1.0,3.64,CSV直答,1.0,1.0,0,,1,,,16.0,,,"Operation and Maintenance; Brittle fracture due to extreme environmental temperature, leading to a shift in the ductile-to-brittle transition temperature [16]",,FMEA编号；潜在失效原因/机理,25,
105,105,Full全量模型,无,故障原因诊断类,fmea_id_to_cause,故障原因查询,,,简单,FMEA编号TP3这条记录，原因是什么？,"Operation; Changes in wave spectra can cause increased loads, resonance, and stress concentrations, leading to plastic deformation in offshore wind turbines. [11]","FMEA编号“TP3”对应的失效模式“Structural plastic deformation”的潜在失效原因/机理是：Operation; Changes in wave spectra can cause increased loads, resonance, and stress concentrations, leading to plastic deformation in offshore wind turbines. [11]。",正确,1.0,3.62,CSV直答,1.0,1.0,0,,1,,,11.0,,,"Operation; Changes in wave spectra can cause increased loads, resonance, and stress concentrations, leading to plastic deformation in offshore wind turbines. [11]",,FMEA编号；潜在失效原因/机理,26,
106,106,Full全量模型,无,故障原因诊断类,fmea_id_to_cause,故障原因查询,,,中等,查一下FMEA编号TP4对应的原因/机理。,"Operation; Cycling loading could cause microstructural changes in the material and eventually lead to fatigue crack initiation [1,15]","FMEA编号“TP4”对应的失效模式“Cracks”的潜在失效原因/机理是：Operation; Cycling loading could cause microstructural changes in the material and eventually lead to fatigue crack initiation [1,15]。",正确,1.0,3.7,CSV直答,1.0,1.0,0,,1,,,1.0；15.0,,,"Operation; Cycling loading could cause microstructural changes in the material and eventually lead to fatigue crack initiation [1,15]",,FMEA编号；潜在失效原因/机理,27,
107,107,Full全量模型,无,故障原因诊断类,fmea_id_to_cause,故障原因查询,,,简单,FMEA编号TP5这条FMEA里，为什么会发生这个失效？请给出原因。,Environmental condition; Design parameters superseded due to climate change [11],FMEA编号“TP5”对应的失效模式“Transition piece break”的潜在失效原因/机理是：Environmental condition; Design parameters superseded due to climate change [11]。,正确,1.0,3.67,CSV直答,1.0,1.0,0,,1,,,11.0,,,Environmental condition; Design parameters superseded due to climate change [11],,FMEA编号；潜在失效原因/机理,28,
108,108,Full全量模型,无,故障原因诊断类,fmea_id_to_cause,故障原因查询,,,简单,FMEA编号TP6的失效原因写的什么？,Operation; due to unbalanced loads or wind-induced vibrations. [11],FMEA编号“TP6”对应的失效模式“Abnormal vibration”的潜在失效原因/机理是：Operation; due to unbalanced loads or wind-induced vibrations. [11]。,正确,1.0,3.62,CSV直答,1.0,1.0,0,,1,,,11.0,,,Operation; due to unbalanced loads or wind-induced vibrations. [11],,FMEA编号；潜在失效原因/机理,29,
109,109,Full全量模型,无,故障原因诊断类,fmea_id_to_cause,故障原因查询,,,中等,FMEA编号TP7的潜在失效原因/机理是什么？,"Installation; During installation, plastic deformation can occur due to processes like welding and bending [1]","FMEA编号“TP7”对应的失效模式“Structural plastic deformation”的潜在失效原因/机理是：Installation; During installation, plastic deformation can occur due to processes like welding and bending [1]。",正确,1.0,3.69,CSV直答,1.0,1.0,0,,1,,,1.0,,,"Installation; During installation, plastic deformation can occur due to processes like welding and bending [1]",,FMEA编号；潜在失效原因/机理,30,
110,110,Full全量模型,无,故障原因诊断类,fmea_id_to_cause,故障原因查询,,,简单,FMEA编号TP8这条记录，原因是什么？,Installation; During Transportation and installation transition piece may be subjected to bending and twisting loads which could lead to fatigue cracks,FMEA编号“TP8”对应的失效模式“Cracks”的潜在失效原因/机理是：Installation; During Transportation and installation transition piece may be subjected to bending and twisting loads which could lead to fatigue cracks。,正确,1.0,3.76,CSV直答,1.0,1.0,0,,1,,,,,,Installation; During Transportation and installation transition piece may be subjected to bending and twisting loads which could lead to fatigue cracks,,FMEA编号；潜在失效原因/机理,31,
111,111,Full全量模型,无,故障原因诊断类,fmea_id_to_cause,故障原因查询,,,简单,查一下FMEA编号TP9对应的原因/机理。,"Environmental Loads; Extreme environmental conditions like hurricanes or storm surges can subject the transition piece to large forces that exceed their design limits [10,11,15]","FMEA编号“TP9”对应的失效模式“Cracks”的潜在失效原因/机理是：Environmental Loads; Extreme environmental conditions like hurricanes or storm surges can subject the transition piece to large forces that exceed their design limits [10,11,15]。",正确,1.0,3.64,CSV直答,1.0,1.0,0,,1,,,10.0；11.0；15.0,,,"Environmental Loads; Extreme environmental conditions like hurricanes or storm surges can subject the transition piece to large forces that exceed their design limits [10,11,15]",,FMEA编号；潜在失效原因/机理,32,
112,112,Full全量模型,无,故障原因诊断类,fmea_id_to_cause,故障原因查询,,,中等,FMEA编号TP10这条FMEA里，为什么会发生这个失效？请给出原因。,Fabrication; Improper surface preparation before applying a protective coating or performing welding repairs like cleaning the surface with solvent and treating the surface with a rust inhibitor or primer for improving the adhesion can cause corrosion and crack propagation. [15],FMEA编号“TP10”对应的失效模式“Cracks”的潜在失效原因/机理是：Fabrication; Improper surface preparation before applying a protective coating or performing welding repairs like cleaning the surface with solvent and treating the surface with a rust inhibitor or primer for improving the adhesion can cause corrosion and crack propagation. [15]。,正确,1.0,3.77,CSV直答,1.0,1.0,0,,1,,,15.0,,,Fabrication; Improper surface preparation before applying a protective coating or performing welding repairs like cleaning the surface with solvent and treating the surface with a rust inhibitor or primer for improving the adhesion can cause corrosion and crack propagation. [15],,FMEA编号；潜在失效原因/机理,33,
113,113,Full全量模型,无,故障原因诊断类,fmea_id_to_cause,故障原因查询,,,简单,FMEA编号TP11的失效原因写的什么？,Maintenance; Misalignments or looseness in the connections between the tower and the foundation or inadequate bracing can cause abnormal vibration in the transition piece [12],FMEA编号“TP11”对应的失效模式“Abnormal vibration”的潜在失效原因/机理是：Maintenance; Misalignments or looseness in the connections between the tower and the foundation or inadequate bracing can cause abnormal vibration in the transition piece [12]。,正确,1.0,3.58,CSV直答,1.0,1.0,0,,1,,,12.0,,,Maintenance; Misalignments or looseness in the connections between the tower and the foundation or inadequate bracing can cause abnormal vibration in the transition piece [12],,FMEA编号；潜在失效原因/机理,34,
114,114,Full全量模型,无,故障原因诊断类,fmea_id_to_cause,故障原因查询,,,简单,FMEA编号TP12的潜在失效原因/机理是什么？,Maintenance; Plastic deformation can occur due to the application of excessive force or improper handling of the structure. [1],FMEA编号“TP12”对应的失效模式“Structural plastic deformation”的潜在失效原因/机理是：Maintenance; Plastic deformation can occur due to the application of excessive force or improper handling of the structure. [1]。,正确,1.0,3.62,CSV直答,1.0,1.0,0,,1,,,1.0,,,Maintenance; Plastic deformation can occur due to the application of excessive force or improper handling of the structure. [1],,FMEA编号；潜在失效原因/机理,35,
115,115,Full全量模型,无,故障原因诊断类,fmea_id_to_cause,故障原因查询,,,中等,FMEA编号TP13这条记录，原因是什么？,"Maintenance; Repairing welding during maintenance can introduce residual stresses, leading to crack initiation [11]","FMEA编号“TP13”对应的失效模式“Cracks”的潜在失效原因/机理是：Maintenance; Repairing welding during maintenance can introduce residual stresses, leading to crack initiation [11]。",正确,1.0,3.7,CSV直答,1.0,1.0,0,,1,,,11.0,,,"Maintenance; Repairing welding during maintenance can introduce residual stresses, leading to crack initiation [11]",,FMEA编号；潜在失效原因/机理,36,
116,116,Full全量模型,无,故障原因诊断类,fmea_id_to_cause,故障原因查询,,,简单,查一下FMEA编号TP14对应的原因/机理。,"Maintenance; The transition piece may be subjected to large forces from lifting and handling equipment during maintenance, which are not considered in design assumptions [11]","FMEA编号“TP14”对应的失效模式“Cracks”的潜在失效原因/机理是：Maintenance; The transition piece may be subjected to large forces from lifting and handling equipment during maintenance, which are not considered in design assumptions [11]。",正确,1.0,3.61,CSV直答,1.0,1.0,0,,1,,,11.0,,,"Maintenance; The transition piece may be subjected to large forces from lifting and handling equipment during maintenance, which are not considered in design assumptions [11]",,FMEA编号；潜在失效原因/机理,37,
117,117,Full全量模型,无,故障原因诊断类,fmea_id_to_cause,故障原因查询,,,简单,FMEA编号TP15这条FMEA里，为什么会发生这个失效？请给出原因。,"Installation; Transition piece may be subjected to large forces from wave, wind, and vessel motion during installation. [10]","FMEA编号“TP15”对应的失效模式“Cracks”的潜在失效原因/机理是：Installation; Transition piece may be subjected to large forces from wave, wind, and vessel motion during installation. [10]。",正确,1.0,3.73,CSV直答,1.0,1.0,0,,1,,,10.0,,,"Installation; Transition piece may be subjected to large forces from wave, wind, and vessel motion during installation. [10]",,FMEA编号；潜在失效原因/机理,38,
118,118,Full全量模型,无,故障原因诊断类,fmea_id_to_cause,故障原因查询,,,中等,FMEA编号TP16的失效原因写的什么？,Design; Under-designed structure/ Component due to human error/Insufficient environmental data,FMEA编号“TP16”对应的失效模式“Transition piece break”的潜在失效原因/机理是：Design; Under-designed structure/ Component due to human error/Insufficient environmental data。,正确,1.0,3.73,CSV直答,1.0,1.0,0,,1,,,,,,Design; Under-designed structure/ Component due to human error/Insufficient environmental data,,FMEA编号；潜在失效原因/机理,39,
119,119,Full全量模型,无,故障原因诊断类,fmea_id_to_cause,故障原因查询,,,简单,FMEA编号TP17的潜在失效原因/机理是什么？,Operation and Maintenance; Undetected defects and poor quality control [11],FMEA编号“TP17”对应的失效模式“Transition piece break”的潜在失效原因/机理是：Operation and Maintenance; Undetected defects and poor quality control [11]。,正确,1.0,3.64,CSV直答,1.0,1.0,0,,1,,,11.0,,,Operation and Maintenance; Undetected defects and poor quality control [11],,FMEA编号；潜在失效原因/机理,40,
120,120,Full全量模型,无,故障原因诊断类,fmea_id_to_cause,故障原因查询,,,简单,FMEA编号TP18这条记录，原因是什么？,Fabrication; Welding and heat treatment could induce fatigue cracks in fabrication process. [1],FMEA编号“TP18”对应的失效模式“Cracks”的潜在失效原因/机理是：Fabrication; Welding and heat treatment could induce fatigue cracks in fabrication process. [1]。,正确,1.0,3.7,CSV直答,1.0,1.0,0,,1,,,1.0,,,Fabrication; Welding and heat treatment could induce fatigue cracks in fabrication process. [1],,FMEA编号；潜在失效原因/机理,41,
121,121,Full全量模型,无,故障原因诊断类,fmea_id_to_cause,故障原因查询,,,中等,查一下FMEA编号TP19对应的原因/机理。,Maintenance; Welding and heat treatment during maintenance can add more residual stresses and increase the likelihood of fatigue crack in the welds and heat-affected areas. [11],FMEA编号“TP19”对应的失效模式“Cracks”的潜在失效原因/机理是：Maintenance; Welding and heat treatment during maintenance can add more residual stresses and increase the likelihood of fatigue crack in the welds and heat-affected areas. [11]。,正确,1.0,3.85,CSV直答,1.0,1.0,0,,1,,,11.0,,,Maintenance; Welding and heat treatment during maintenance can add more residual stresses and increase the likelihood of fatigue crack in the welds and heat-affected areas. [11],,FMEA编号；潜在失效原因/机理,42,
122,122,Full全量模型,无,故障原因诊断类,fmea_id_to_cause,故障原因查询,,,简单,FMEA编号TP20这条FMEA里，为什么会发生这个失效？请给出原因。,Maintenance; Welding failure due to corrosion without proper maintenance [11],FMEA编号“TP20”对应的失效模式“Cracks”的潜在失效原因/机理是：Maintenance; Welding failure due to corrosion without proper maintenance [11]。,正确,1.0,3.62,CSV直答,1.0,1.0,0,,1,,,11.0,,,Maintenance; Welding failure due to corrosion without proper maintenance [11],,FMEA编号；潜在失效原因/机理,43,
123,123,Full全量模型,无,故障原因诊断类,fmea_id_to_cause,故障原因查询,,,简单,FMEA编号TP21的失效原因写的什么？,"Installation; Welding failure due to poor performance (e.g. overheating, lack of fusion) during installation [1,10,15]","FMEA编号“TP21”对应的失效模式“Cracks”的潜在失效原因/机理是：Installation; Welding failure due to poor performance (e.g. overheating, lack of fusion) during installation [1,10,15]。",正确,1.0,3.65,CSV直答,1.0,1.0,0,,1,,,1.0；10.0；15.0,,,"Installation; Welding failure due to poor performance (e.g. overheating, lack of fusion) during installation [1,10,15]",,FMEA编号；潜在失效原因/机理,44,
124,124,Full全量模型,无,故障原因诊断类,fmea_id_to_cause,故障原因查询,,,中等,FMEA编号FF1的潜在失效原因/机理是什么？,Design; Analysis and Calculation fault due to human error,FMEA编号“FF1”对应的失效模式“Capsize [11]”的潜在失效原因/机理是：Design; Analysis and Calculation fault due to human error。,正确,1.0,3.73,CSV直答,1.0,1.0,0,,1,,,,,,Design; Analysis and Calculation fault due to human error,,FMEA编号；潜在失效原因/机理,45,
125,125,Full全量模型,无,故障原因诊断类,fmea_id_to_cause,故障原因查询,,,简单,FMEA编号FF2这条记录，原因是什么？,Design; Analysis and Calculation fault due to human error [11],FMEA编号“FF2”对应的失效模式“Capsize [11]”的潜在失效原因/机理是：Design; Analysis and Calculation fault due to human error [11]。,正确,1.0,3.62,CSV直答,1.0,1.0,0,,1,,,11.0；11.0,,,Design; Analysis and Calculation fault due to human error [11],,FMEA编号；潜在失效原因/机理,46,
126,126,Full全量模型,无,故障原因诊断类,fmea_id_to_cause,故障原因查询,,,简单,查一下FMEA编号FF3对应的原因/机理。,"Operation; Bilge piping/pumps fail [1,12]","FMEA编号“FF3”对应的失效模式“Additional Structures Failures”的潜在失效原因/机理是：Operation; Bilge piping/pumps fail [1,12]。",正确,1.0,3.78,CSV直答,1.0,1.0,0,,1,,,1.0；12.0,,,"Operation; Bilge piping/pumps fail [1,12]",,FMEA编号；潜在失效原因/机理,47,
127,127,Full全量模型,无,故障原因诊断类,fmea_id_to_cause,故障原因查询,,,中等,FMEA编号FF4这条FMEA里，为什么会发生这个失效？请给出原因。,Operation; Biological collision,"FMEA编号“FF4”对应的失效模式“Hit by dropped objects [1,9]”的潜在失效原因/机理是：Operation; Biological collision。",正确,1.0,3.63,CSV直答,1.0,1.0,0,,1,,,,,,Operation; Biological collision,,FMEA编号；潜在失效原因/机理,48,
128,128,Full全量模型,无,故障原因诊断类,fmea_id_to_cause,故障原因查询,,,简单,FMEA编号FF5的失效原因写的什么？,Environmental condition; Design parameter superseded due to climate change [11],FMEA编号“FF5”对应的失效模式“Structural break [11]”的潜在失效原因/机理是：Environmental condition; Design parameter superseded due to climate change [11]。,正确,1.0,3.57,CSV直答,1.0,1.0,0,,1,,,11.0；11.0,,,Environmental condition; Design parameter superseded due to climate change [11],,FMEA编号；潜在失效原因/机理,49,
129,129,Full全量模型,无,故障原因诊断类,fmea_id_to_cause,故障原因查询,,,简单,FMEA编号FF6的潜在失效原因/机理是什么？,"Operation; Dynamic umbilical connection/cable fail [1,12]","FMEA编号“FF6”对应的失效模式“Additional Structures Failures”的潜在失效原因/机理是：Operation; Dynamic umbilical connection/cable fail [1,12]。",正确,1.0,3.7,CSV直答,1.0,1.0,0,,1,,,1.0；12.0,,,"Operation; Dynamic umbilical connection/cable fail [1,12]",,FMEA编号；潜在失效原因/机理,50,
130,130,Full全量模型,无,故障原因诊断类,fmea_id_to_cause,故障原因查询,,,中等,FMEA编号FF7这条记录，原因是什么？,Installation; Excessive fatigue life consumption due to installation/ transportation [19],FMEA编号“FF7”对应的失效模式“Cracks [11]”的潜在失效原因/机理是：Installation; Excessive fatigue life consumption due to installation/ transportation [19]。,正确,1.0,3.66,CSV直答,1.0,1.0,0,,1,,,19.0,,,Installation; Excessive fatigue life consumption due to installation/ transportation [19],,FMEA编号；潜在失效原因/机理,51,
131,131,Full全量模型,无,故障原因诊断类,fmea_id_to_cause,故障原因查询,,,简单,查一下FMEA编号FF8对应的原因/机理。,Environmental condition; Extreme horizontal oscillatory force,FMEA编号“FF8”对应的失效模式“Capsize [11]”的潜在失效原因/机理是：Environmental condition; Extreme horizontal oscillatory force。,正确,1.0,3.72,CSV直答,1.0,1.0,0,,1,,,,,,Environmental condition; Extreme horizontal oscillatory force,,FMEA编号；潜在失效原因/机理,52,
132,132,Full全量模型,无,故障原因诊断类,fmea_id_to_cause,故障原因查询,,,简单,FMEA编号FF9这条FMEA里，为什么会发生这个失效？请给出原因。,Operation; Fatigue due to continuous vibrations/resonance [11],FMEA编号“FF9”对应的失效模式“Cracks [11]”的潜在失效原因/机理是：Operation; Fatigue due to continuous vibrations/resonance [11]。,正确,1.0,3.6,CSV直答,1.0,1.0,0,,1,,,11.0；11.0,,,Operation; Fatigue due to continuous vibrations/resonance [11],,FMEA编号；潜在失效原因/机理,53,
133,133,Full全量模型,无,故障原因诊断类,fmea_id_to_cause,故障原因查询,,,中等,FMEA编号FF10的失效原因写的什么？,Design; Fatigue due to underestimation of steel thickness and/or environmental loads,FMEA编号“FF10”对应的失效模式“Cracks [11]”的潜在失效原因/机理是：Design; Fatigue due to underestimation of steel thickness and/or environmental loads。,正确,1.0,3.85,CSV直答,1.0,1.0,0,,1,,,,,,Design; Fatigue due to underestimation of steel thickness and/or environmental loads,,FMEA编号；潜在失效原因/机理,54,
134,134,Full全量模型,无,故障原因诊断类,fmea_id_to_cause,故障原因查询,,,简单,FMEA编号FF11的潜在失效原因/机理是什么？,"Operation; Handrails Corrosion [1,12]","FMEA编号“FF11”对应的失效模式“Additional Structures Failures”的潜在失效原因/机理是：Operation; Handrails Corrosion [1,12]。",正确,1.0,3.84,CSV直答,1.0,1.0,0,,1,,,1.0；12.0,,,"Operation; Handrails Corrosion [1,12]",,FMEA编号；潜在失效原因/机理,55,
135,135,Full全量模型,无,故障原因诊断类,fmea_id_to_cause,故障原因查询,,,简单,FMEA编号FF12这条记录，原因是什么？,"Operation; Helicopter assistance equipment fail [1,12]","FMEA编号“FF12”对应的失效模式“Additional Structures Failures”的潜在失效原因/机理是：Operation; Helicopter assistance equipment fail [1,12]。",正确,1.0,3.91,CSV直答,1.0,1.0,0,,1,,,12.0；1.0；12.0,,,"Operation; Helicopter assistance equipment fail [1,12]",,FMEA编号；潜在失效原因/机理,56,
136,136,Full全量模型,无,故障原因诊断类,fmea_id_to_cause,故障原因查询,,,中等,查一下FMEA编号FF13对应的原因/机理。,Maintenance; Inefficient detection [1],FMEA编号“FF13”对应的失效模式“Watertight fault [1]”的潜在失效原因/机理是：Maintenance; Inefficient detection [1]。,正确,1.0,3.82,CSV直答,1.0,1.0,0,,1,,,1.0；1.0,,,Maintenance; Inefficient detection [1],,FMEA编号；潜在失效原因/机理,57,
137,137,Full全量模型,无,故障原因诊断类,fmea_id_to_cause,故障原因查询,,,简单,FMEA编号FF14这条FMEA里，为什么会发生这个失效？请给出原因。,Design; Insufficient structural strength and cracks on the floater resulting in water ingress to the support structure,FMEA编号“FF14”对应的失效模式“Floater unit sinkage”的潜在失效原因/机理是：Design; Insufficient structural strength and cracks on the floater resulting in water ingress to the support structure。,正确,1.0,3.89,CSV直答,1.0,1.0,0,,1,,,,,,Design; Insufficient structural strength and cracks on the floater resulting in water ingress to the support structure,,FMEA编号；潜在失效原因/机理,58,
138,138,Full全量模型,无,故障原因诊断类,fmea_id_to_cause,故障原因查询,,,简单,FMEA编号FF15的失效原因写的什么？,Operation and Maintenance; Insufficient structural strength due to ship collision,FMEA编号“FF15”对应的失效模式“Structural plastic deformation [11]”的潜在失效原因/机理是：Operation and Maintenance; Insufficient structural strength due to ship collision。,正确,1.0,4.01,CSV直答,1.0,1.0,0,,1,,,,,,Operation and Maintenance; Insufficient structural strength due to ship collision,,FMEA编号；潜在失效原因/机理,59,
139,139,Full全量模型,无,故障原因诊断类,fmea_id_to_cause,故障原因查询,,,中等,FMEA编号FF16的潜在失效原因/机理是什么？,Maintenance; Insufficient structural strength due to ship collision [11],FMEA编号“FF16”对应的失效模式“Watertight fault [1]”的潜在失效原因/机理是：Maintenance; Insufficient structural strength due to ship collision [11]。,正确,1.0,3.84,CSV直答,1.0,1.0,0,,1,,,11.0,,,Maintenance; Insufficient structural strength due to ship collision [11],,FMEA编号；潜在失效原因/机理,60,
140,140,Full全量模型,无,故障原因诊断类,fmea_id_to_cause,故障原因查询,,,简单,FMEA编号FF17这条记录，原因是什么？,"Operation; Ladders Corrosion [1,12]","FMEA编号“FF17”对应的失效模式“Additional Structures Failures”的潜在失效原因/机理是：Operation; Ladders Corrosion [1,12]。",正确,1.0,3.77,CSV直答,1.0,1.0,0,,1,,,1.0；12.0,,,"Operation; Ladders Corrosion [1,12]",,FMEA编号；潜在失效原因/机理,61,
141,141,Full全量模型,无,故障原因诊断类,fmea_id_to_cause,故障原因查询,,,简单,查一下FMEA编号FF18对应的原因/机理。,"Environmental condition; Marine growth under water can add additional weight and stress for the material, which can lead to cracks in the outer hull","FMEA编号“FF18”对应的失效模式“Watertight fault [1]”的潜在失效原因/机理是：Environmental condition; Marine growth under water can add additional weight and stress for the material, which can lead to cracks in the outer hull。",正确,1.0,3.96,CSV直答,1.0,1.0,0,,1,,,,,,"Environmental condition; Marine growth under water can add additional weight and stress for the material, which can lead to cracks in the outer hull",,FMEA编号；潜在失效原因/机理,62,
142,142,Full全量模型,无,故障原因诊断类,fmea_id_to_cause,故障原因查询,,,中等,FMEA编号FF19这条FMEA里，为什么会发生这个失效？请给出原因。,"Operation; Navigation and work lights fail [1,12]","FMEA编号“FF19”对应的失效模式“Additional Structures Failures”的潜在失效原因/机理是：Operation; Navigation and work lights fail [1,12]。",正确,1.0,3.87,CSV直答,1.0,1.0,0,,1,,,1.0；12.0,,,"Operation; Navigation and work lights fail [1,12]",,FMEA编号；潜在失效原因/机理,63,
143,143,Full全量模型,无,故障原因诊断类,fmea_id_to_cause,故障原因查询,,,简单,FMEA编号FF20的失效原因写的什么？,Operation; Plane crush,"FMEA编号“FF20”对应的失效模式“Hit by dropped objects [1,9]”的潜在失效原因/机理是：Operation; Plane crush。",正确,1.0,4.01,CSV直答,1.0,1.0,0,,1,,,,,,Operation; Plane crush,,FMEA编号；潜在失效原因/机理,64,
144,144,Full全量模型,无,故障原因诊断类,fmea_id_to_cause,故障原因查询,,,简单,FMEA编号FF21的潜在失效原因/机理是什么？,"Operation; Sensors for platform monitoring fail [1,12]","FMEA编号“FF21”对应的失效模式“Additional Structures Failures”的潜在失效原因/机理是：Operation; Sensors for platform monitoring fail [1,12]。",正确,1.0,4.0,CSV直答,1.0,1.0,0,,1,,,1.0；12.0,,,"Operation; Sensors for platform monitoring fail [1,12]",,FMEA编号；潜在失效原因/机理,65,
145,145,Full全量模型,无,故障原因诊断类,fmea_id_to_cause,故障原因查询,,,中等,FMEA编号FF22这条记录，原因是什么？,Operation and Maintenance; Structural component degradation due to corrosion [12],FMEA编号“FF22”对应的失效模式“Structural break [11]”的潜在失效原因/机理是：Operation and Maintenance; Structural component degradation due to corrosion [12]。,正确,1.0,3.81,CSV直答,1.0,1.0,0,,1,,,12.0,,,Operation and Maintenance; Structural component degradation due to corrosion [12],,FMEA编号；潜在失效原因/机理,66,
146,146,Full全量模型,无,故障原因诊断类,fmea_id_to_cause,故障原因查询,,,简单,查一下FMEA编号FF23对应的原因/机理。,Operation and Maintenance; Structural degradation due to corrosion [11],FMEA编号“FF23”对应的失效模式“Structural break [11]”的潜在失效原因/机理是：Operation and Maintenance; Structural degradation due to corrosion [11]。,正确,1.0,3.86,CSV直答,1.0,1.0,0,,1,,,11.0；11.0,,,Operation and Maintenance; Structural degradation due to corrosion [11],,FMEA编号；潜在失效原因/机理,67,
147,147,Full全量模型,无,故障原因诊断类,fmea_id_to_cause,故障原因查询,,,简单,FMEA编号FF24这条FMEA里，为什么会发生这个失效？请给出原因。,Operation; Structure brittle fracture due to extreme environmental temperature,FMEA编号“FF24”对应的失效模式“Structural break [11]”的潜在失效原因/机理是：Operation; Structure brittle fracture due to extreme environmental temperature。,正确,1.0,3.92,CSV直答,1.0,1.0,0,,1,,,,,,Operation; Structure brittle fracture due to extreme environmental temperature,,FMEA编号；潜在失效原因/机理,68,
148,148,Full全量模型,无,故障原因诊断类,fmea_id_to_cause,故障原因查询,,,中等,FMEA编号FF25的失效原因写的什么？,Operation; Structures break/collapse due to collision with other FWT,FMEA编号“FF25”对应的失效模式“Floater unit sinkage”的潜在失效原因/机理是：Operation; Structures break/collapse due to collision with other FWT。,正确,1.0,3.9,CSV直答,1.0,1.0,0,,1,,,,,,Operation; Structures break/collapse due to collision with other FWT,,FMEA编号；潜在失效原因/机理,69,
149,149,Full全量模型,无,故障原因诊断类,fmea_id_to_cause,故障原因查询,,,简单,FMEA编号FF26的潜在失效原因/机理是什么？,Environmental condition; Typhoon can cause failure of the floating unit if it gets hit by dropping objects. (eg. damaged blade)(strong wind/wave),"FMEA编号“FF26”对应的失效模式“Hit by dropped objects [1,9]”的潜在失效原因/机理是：Environmental condition; Typhoon can cause failure of the floating unit if it gets hit by dropping objects. (eg. damaged blade)(strong wind/wave)。",正确,1.0,3.89,CSV直答,1.0,1.0,0,,1,,,,,,Environmental condition; Typhoon can cause failure of the floating unit if it gets hit by dropping objects. (eg. damaged blade)(strong wind/wave),,FMEA编号；潜在失效原因/机理,70,
150,150,Full全量模型,无,故障原因诊断类,fmea_id_to_cause,故障原因查询,,,简单,FMEA编号FF27这条记录，原因是什么？,Design; Underdesigned structure/Component due to insufficient environmental data,FMEA编号“FF27”对应的失效模式“Structural break [11]”的潜在失效原因/机理是：Design; Underdesigned structure/Component due to insufficient environmental data。,正确,1.0,3.91,CSV直答,1.0,1.0,0,,1,,,,,,Design; Underdesigned structure/Component due to insufficient environmental data,,FMEA编号；潜在失效原因/机理,71,
151,151,Full全量模型,无,故障原因诊断类,fmea_id_to_cause,故障原因查询,,,中等,查一下FMEA编号FF28对应的原因/机理。,Maintenance; Undetected defects due to poor quality control,FMEA编号“FF28”对应的失效模式“Structural break [11]”的潜在失效原因/机理是：Maintenance; Undetected defects due to poor quality control。,正确,1.0,3.89,CSV直答,1.0,1.0,0,,1,,,,,,Maintenance; Undetected defects due to poor quality control,,FMEA编号；潜在失效原因/机理,72,
152,152,Full全量模型,无,故障原因诊断类,fmea_id_to_cause,故障原因查询,,,简单,FMEA编号FF29这条FMEA里，为什么会发生这个失效？请给出原因。,Manufacturing and Installation; Ventilation heads/Manholes failure due to Manufacturing defect/Welding defect,FMEA编号“FF29”对应的失效模式“Watertight fault [1]”的潜在失效原因/机理是：Manufacturing and Installation; Ventilation heads/Manholes failure due to Manufacturing defect/Welding defect。,正确,1.0,4.05,CSV直答,1.0,1.0,0,,1,,,,,,Manufacturing and Installation; Ventilation heads/Manholes failure due to Manufacturing defect/Welding defect,,FMEA编号；潜在失效原因/机理,73,
153,153,Full全量模型,无,故障原因诊断类,fmea_id_to_cause,故障原因查询,,,简单,FMEA编号FF30的失效原因写的什么？,Manufacturing; Welding failure,FMEA编号“FF30”对应的失效模式“Cracks [11]”的潜在失效原因/机理是：Manufacturing; Welding failure。,正确,1.0,3.83,CSV直答,1.0,1.0,0,,1,,,,,,Manufacturing; Welding failure,,FMEA编号；潜在失效原因/机理,74,
154,154,Full全量模型,无,故障原因诊断类,fmea_id_to_cause,故障原因查询,,,中等,FMEA编号SKS1的潜在失效原因/机理是什么？,Operation; Abnormal working conditions,"FMEA编号“SKS1”对应的失效模式“Anchor failure [1], [17]”的潜在失效原因/机理是：Operation; Abnormal working conditions。",正确,1.0,3.96,CSV直答,1.0,1.0,0,,1,,,,,,Operation; Abnormal working conditions,,FMEA编号；潜在失效原因/机理,75,
155,155,Full全量模型,无,故障原因诊断类,fmea_id_to_cause,故障原因查询,,,简单,FMEA编号SKS2这条记录，原因是什么？,Operation; Cyclic degradation,"FMEA编号“SKS2”对应的失效模式“Anchor failure [1], [17]”的潜在失效原因/机理是：Operation; Cyclic degradation。",正确,1.0,4.03,CSV直答,1.0,1.0,0,,1,,,,,,Operation; Cyclic degradation,,FMEA编号；潜在失效原因/机理,76,
156,156,Full全量模型,无,故障原因诊断类,fmea_id_to_cause,故障原因查询,,,简单,查一下FMEA编号SKS3对应的原因/机理。,Operation,FMEA编号“SKS3”对应的失效模式“Failure in buoyancy element”的潜在失效原因/机理是：Operation。,正确,1.0,4.1,CSV直答,1.0,1.0,0,,1,,,,,,Operation,,FMEA编号；潜在失效原因/机理,77,
157,157,Full全量模型,无,故障原因诊断类,fmea_id_to_cause,故障原因查询,,,中等,FMEA编号SKS4这条FMEA里，为什么会发生这个失效？请给出原因。,Operation,FMEA编号“SKS4”对应的失效模式“Failure in clump weight”的潜在失效原因/机理是：Operation。,正确,1.0,3.88,CSV直答,1.0,1.0,0,,1,,,,,,Operation,,FMEA编号；潜在失效原因/机理,78,
158,158,Full全量模型,无,故障原因诊断类,fmea_id_to_cause,故障原因查询,,,简单,FMEA编号SKS5的失效原因写的什么？,Operation; Fairlead fatigue,"FMEA编号“SKS5”对应的失效模式“Fairlead failure [1], [17]”的潜在失效原因/机理是：Operation; Fairlead fatigue。",正确,1.0,3.93,CSV直答,1.0,1.0,0,,1,,,,,,Operation; Fairlead fatigue,,FMEA编号；潜在失效原因/机理,79,
159,159,Full全量模型,无,故障原因诊断类,fmea_id_to_cause,故障原因查询,,,简单,FMEA编号SKS6的潜在失效原因/机理是什么？,Operation; Fairlead corrosion,"FMEA编号“SKS6”对应的失效模式“Fairlead failure [1],[17]”的潜在失效原因/机理是：Operation; Fairlead corrosion。",正确,1.0,3.87,CSV直答,1.0,1.0,0,,1,,,,,,Operation; Fairlead corrosion,,FMEA编号；潜在失效原因/机理,80,
160,160,Full全量模型,无,故障原因诊断类,fmea_id_to_cause,故障原因查询,,,中等,FMEA编号SKS7这条记录，原因是什么？,Operation,FMEA编号“SKS7”对应的失效模式“Monitoring system fails”的潜在失效原因/机理是：Operation。,正确,1.0,3.79,CSV直答,1.0,1.0,0,,1,,,,,,Operation,,FMEA编号；潜在失效原因/机理,81,
161,161,Full全量模型,无,故障原因诊断类,fmea_id_to_cause,故障原因查询,,,简单,查一下FMEA编号SKS8对应的原因/机理。,Manufacturing; Poor splice quality/ workmanship/qualification,FMEA编号“SKS8”对应的失效模式“Mooring line breakage [8]”的潜在失效原因/机理是：Manufacturing; Poor splice quality/ workmanship/qualification。,正确,1.0,3.94,CSV直答,1.0,1.0,0,,1,,,,,,Manufacturing; Poor splice quality/ workmanship/qualification,,FMEA编号；潜在失效原因/机理,82,
162,162,Full全量模型,无,故障原因诊断类,fmea_id_to_cause,故障原因查询,,,简单,FMEA编号SKS9这条FMEA里，为什么会发生这个失效？请给出原因。,Environmental condition; Abnormal stress due to mooring lines wear caused by unexpected seismic loads/ The tension overpassing the limit value can cause the mooring line to instantaneously break [18],FMEA编号“SKS9”对应的失效模式“Mooring line breakage[8]”的潜在失效原因/机理是：Environmental condition; Abnormal stress due to mooring lines wear caused by unexpected seismic loads/ The tension overpassing the limit value can cause the mooring line to instantaneously break [18]。,正确,1.0,3.84,CSV直答,1.0,1.0,0,,1,,,18.0,,,Environmental condition; Abnormal stress due to mooring lines wear caused by unexpected seismic loads/ The tension overpassing the limit value can cause the mooring line to instantaneously break [18],,FMEA编号；潜在失效原因/机理,83,
163,163,Full全量模型,无,故障原因诊断类,fmea_id_to_cause,故障原因查询,,,中等,FMEA编号SKS10的失效原因写的什么？,Environmental condition; Mooring lines wear caused by unexpected external damage (from e.g. overtrawling)/particulate ingress/UV light,FMEA编号“SKS10”对应的失效模式“Mooring line breakage[8]”的潜在失效原因/机理是：Environmental condition; Mooring lines wear caused by unexpected external damage (from e.g. overtrawling)/particulate ingress/UV light。,正确,1.0,3.79,CSV直答,1.0,1.0,0,,1,,,,,,Environmental condition; Mooring lines wear caused by unexpected external damage (from e.g. overtrawling)/particulate ingress/UV light,,FMEA编号；潜在失效原因/机理,84,
164,164,Full全量模型,无,故障原因诊断类,fmea_id_to_cause,故障原因查询,,,简单,FMEA编号SKS11的潜在失效原因/机理是什么？,Maintenance; Mooring lines corrosion due to improper maintenance of the corroded components,FMEA编号“SKS11”对应的失效模式“Mooring Line Corrosion [1]”的潜在失效原因/机理是：Maintenance; Mooring lines corrosion due to improper maintenance of the corroded components。,正确,1.0,3.92,CSV直答,1.0,1.0,0,,1,,,,,,Maintenance; Mooring lines corrosion due to improper maintenance of the corroded components,,FMEA编号；潜在失效原因/机理,85,
165,165,Full全量模型,无,故障原因诊断类,fmea_id_to_cause,故障原因查询,,,简单,FMEA编号SKS12这条记录，原因是什么？,"Maintenance; Mooring line fatigue due to Lack of proper maintenance, including inspection, monitoring, and replacement of the mooring lines.","FMEA编号“SKS12”对应的失效模式“Mooring Line Fatigue [1]”的潜在失效原因/机理是：Maintenance; Mooring line fatigue due to Lack of proper maintenance, including inspection, monitoring, and replacement of the mooring lines.。",正确,1.0,3.95,CSV直答,1.0,1.0,0,,1,,,,,,"Maintenance; Mooring line fatigue due to Lack of proper maintenance, including inspection, monitoring, and replacement of the mooring lines.",,FMEA编号；潜在失效原因/机理,86,
166,166,Full全量模型,无,故障原因诊断类,fmea_id_to_cause,故障原因查询,,,中等,查一下FMEA编号SKS13对应的原因/机理。,"Operation; Mooring line fatigue due to Improper operational procedures, such as excessive loading, bending or twisting.","FMEA编号“SKS13”对应的失效模式“Mooring Line Fatigue [1]”的潜在失效原因/机理是：Operation; Mooring line fatigue due to Improper operational procedures, such as excessive loading, bending or twisting.。",正确,1.0,3.82,CSV直答,1.0,1.0,0,,1,,,,,,"Operation; Mooring line fatigue due to Improper operational procedures, such as excessive loading, bending or twisting.",,FMEA编号；潜在失效原因/机理,87,
167,167,Full全量模型,无,故障原因诊断类,fmea_id_to_cause,故障原因查询,,,简单,FMEA编号SKS14这条FMEA里，为什么会发生这个失效？请给出原因。,Manufacturing; Mooring lines wear due to poor quality during fabrication,FMEA编号“SKS14”对应的失效模式“Mooring line wear [1]”的潜在失效原因/机理是：Manufacturing; Mooring lines wear due to poor quality during fabrication。,正确,1.0,4.06,CSV直答,1.0,1.0,0,,1,,,,,,Manufacturing; Mooring lines wear due to poor quality during fabrication,,FMEA编号；潜在失效原因/机理,88,
168,168,Full全量模型,无,故障原因诊断类,fmea_id_to_cause,故障原因查询,,,简单,FMEA编号SKS15的失效原因写的什么？,Design; Mooring lines wear due to underestimation of seisemic events during design or due to rope compression not considered,FMEA编号“SKS15”对应的失效模式“Mooring line wear [1]”的潜在失效原因/机理是：Design; Mooring lines wear due to underestimation of seisemic events during design or due to rope compression not considered。,正确,1.0,3.87,CSV直答,1.0,1.0,0,,1,,,,,,Design; Mooring lines wear due to underestimation of seisemic events during design or due to rope compression not considered,,FMEA编号；潜在失效原因/机理,89,
169,169,Full全量模型,无,故障原因诊断类,fmea_id_to_cause,故障原因查询,,,中等,FMEA编号SKS16的潜在失效原因/机理是什么？,"Operation; Mooring lines wear due to Improper handling, such as excessive tension, bending, or twisting of the mooring lines.","FMEA编号“SKS16”对应的失效模式“Mooring line wear [1]”的潜在失效原因/机理是：Operation; Mooring lines wear due to Improper handling, such as excessive tension, bending, or twisting of the mooring lines.。",正确,1.0,3.82,CSV直答,1.0,1.0,0,,1,,,,,,"Operation; Mooring lines wear due to Improper handling, such as excessive tension, bending, or twisting of the mooring lines.",,FMEA编号；潜在失效原因/机理,90,
170,170,Full全量模型,无,故障原因诊断类,fmea_id_to_cause,故障原因查询,,,简单,FMEA编号SKS17这条记录，原因是什么？,Operation; Transitional chain wear due to repeated loading and unloading cycles over time,"FMEA编号“SKS17”对应的失效模式“Mooring lines broken [1,3]”的潜在失效原因/机理是：Operation; Transitional chain wear due to repeated loading and unloading cycles over time。",正确,1.0,3.87,CSV直答,1.0,1.0,0,,1,,,,,,Operation; Transitional chain wear due to repeated loading and unloading cycles over time,,FMEA编号；潜在失效原因/机理,91,
171,171,Full全量模型,无,故障原因诊断类,fmea_id_to_cause,故障原因查询,,,简单,查一下FMEA编号SKS18对应的原因/机理。,Maintenance; Transitional chain wear due to improper inspection and maintenance,"FMEA编号“SKS18”对应的失效模式“Mooring lines broken [1,3]”的潜在失效原因/机理是：Maintenance; Transitional chain wear due to improper inspection and maintenance。",正确,1.0,3.8,CSV直答,1.0,1.0,0,,1,,,,,,Maintenance; Transitional chain wear due to improper inspection and maintenance,,FMEA编号；潜在失效原因/机理,92,
172,172,Full全量模型,无,故障原因诊断类,fmea_id_to_cause,故障原因查询,,,中等,FMEA编号SKS19这条FMEA里，为什么会发生这个失效？请给出原因。,"Operation; Friction chain wear due to significant movement and tension due to the forces of wind, waves","FMEA编号“SKS19”对应的失效模式“Mooring lines broken [1,3]”的潜在失效原因/机理是：Operation; Friction chain wear due to significant movement and tension due to the forces of wind, waves。",正确,1.0,3.78,CSV直答,1.0,1.0,0,,1,,,,,,"Operation; Friction chain wear due to significant movement and tension due to the forces of wind, waves",,FMEA编号；潜在失效原因/机理,93,
173,173,Full全量模型,无,故障原因诊断类,fmea_id_to_cause,故障原因查询,,,简单,FMEA编号SKS20的失效原因写的什么？,Operation; Mooring line wear due to hysteretic heating or wet-dry cycling,"FMEA编号“SKS20”对应的失效模式“Mooring lines broken [1,3]”的潜在失效原因/机理是：Operation; Mooring line wear due to hysteretic heating or wet-dry cycling。",正确,1.0,3.93,CSV直答,1.0,1.0,0,,1,,,,,,Operation; Mooring line wear due to hysteretic heating or wet-dry cycling,,FMEA编号；潜在失效原因/机理,94,
174,174,Full全量模型,无,故障原因诊断类,fmea_id_to_cause,故障原因查询,,,简单,FMEA编号SKS21的潜在失效原因/机理是什么？,Design; Mooring winch failure due to understimation of loads during design phase,FMEA编号“SKS21”对应的失效模式“Mooring winch failure [1]”的潜在失效原因/机理是：Design; Mooring winch failure due to understimation of loads during design phase。,正确,1.0,3.81,CSV直答,1.0,1.0,0,,1,,,,,,Design; Mooring winch failure due to understimation of loads during design phase,,FMEA编号；潜在失效原因/机理,95,
175,175,Full全量模型,无,故障原因诊断类,fmea_id_to_cause,故障原因查询,,,中等,FMEA编号SKS22这条记录，原因是什么？,Maintenance; Mooring winch failure due to undetected hazard during operation,FMEA编号“SKS22”对应的失效模式“Mooring winch failure [1]”的潜在失效原因/机理是：Maintenance; Mooring winch failure due to undetected hazard during operation。,正确,1.0,3.78,CSV直答,1.0,1.0,0,,1,,,,,,Maintenance; Mooring winch failure due to undetected hazard during operation,,FMEA编号；潜在失效原因/机理,96,
176,176,Full全量模型,无,故障原因诊断类,fmea_id_to_cause,故障原因查询,,,简单,查一下FMEA编号DC1对应的原因/机理。,Design Phase; Underestimation of dynamic conditions - Unexpected contingency scenario ( loss of mooring line ) - unexpected dynamic loads,FMEA编号“DC1”对应的失效模式“accelerated mechanical fatigue”的潜在失效原因/机理是：Design Phase; Underestimation of dynamic conditions - Unexpected contingency scenario ( loss of mooring line ) - unexpected dynamic loads。,正确,1.0,4.01,CSV直答,1.0,1.0,0,,1,,,,,,Design Phase; Underestimation of dynamic conditions - Unexpected contingency scenario ( loss of mooring line ) - unexpected dynamic loads,,FMEA编号；潜在失效原因/机理,97,
177,177,Full全量模型,无,故障原因诊断类,fmea_id_to_cause,故障原因查询,,,简单,FMEA编号DC2这条FMEA里，为什么会发生这个失效？请给出原因。,Environmental conditions; Anchor impacts - seabed movement,FMEA编号“DC2”对应的失效模式“anchoring damages”的潜在失效原因/机理是：Environmental conditions; Anchor impacts - seabed movement。,正确,1.0,3.84,CSV直答,1.0,1.0,0,,1,,,,,,Environmental conditions; Anchor impacts - seabed movement,,FMEA编号；潜在失效原因/机理,98,
178,178,Full全量模型,无,故障原因诊断类,fmea_id_to_cause,故障原因查询,,,中等,FMEA编号DC3的失效原因写的什么？,"Operation; Mechanical stress - cable motion,Bending and motion","FMEA编号“DC3”对应的失效模式“Cable Damage”的潜在失效原因/机理是：Operation; Mechanical stress - cable motion,Bending and motion。",正确,1.0,3.97,CSV直答,1.0,1.0,0,,1,,,,,,"Operation; Mechanical stress - cable motion,Bending and motion",,FMEA编号；潜在失效原因/机理,99,
179,179,Full全量模型,无,故障原因诊断类,fmea_id_to_cause,故障原因查询,,,简单,FMEA编号DC4的潜在失效原因/机理是什么？,"Installation phase; Seawater exposure, environmental conditions due to failure of corrosion protection anodes","FMEA编号“DC4”对应的失效模式“Corrosion of J-tube [6]”的潜在失效原因/机理是：Installation phase; Seawater exposure, environmental conditions due to failure of corrosion protection anodes。",正确,1.0,3.79,CSV直答,1.0,1.0,0,,1,,,,,,"Installation phase; Seawater exposure, environmental conditions due to failure of corrosion protection anodes",,FMEA编号；潜在失效原因/机理,100,
180,180,Full全量模型,无,故障原因诊断类,fmea_id_to_cause,故障原因查询,,,简单,FMEA编号DC5这条记录，原因是什么？,"Design Phase; Seawater exposure, environmental conditions due to insufficient coating","FMEA编号“DC5”对应的失效模式“Corrosion of J-tube [6]”的潜在失效原因/机理是：Design Phase; Seawater exposure, environmental conditions due to insufficient coating。",正确,1.0,3.79,CSV直答,1.0,1.0,0,,1,,,,,,"Design Phase; Seawater exposure, environmental conditions due to insufficient coating",,FMEA编号；潜在失效原因/机理,101,
181,181,Full全量模型,无,故障原因诊断类,fmea_id_to_cause,故障原因查询,,,中等,查一下FMEA编号DC6对应的原因/机理。,Design Phase; Excessive mechanical load - equipment interraction,FMEA编号“DC6”对应的失效模式“Crushing or deformation”的潜在失效原因/机理是：Design Phase; Excessive mechanical load - equipment interraction。,正确,1.0,4.09,CSV直答,1.0,1.0,0,,1,,,,,,Design Phase; Excessive mechanical load - equipment interraction,,FMEA编号；潜在失效原因/机理,102,
182,182,Full全量模型,无,故障原因诊断类,fmea_id_to_cause,故障原因查询,,,简单,FMEA编号DC7这条FMEA里，为什么会发生这个失效？请给出原因。,Design Phase; Wrong design/execution of the isolation material,FMEA编号“DC7”对应的失效模式“damage and corrosion of mechanical parts”的潜在失效原因/机理是：Design Phase; Wrong design/execution of the isolation material。,正确,1.0,3.87,CSV直答,1.0,1.0,0,,1,,,,,,Design Phase; Wrong design/execution of the isolation material,,FMEA编号；潜在失效原因/机理,103,
183,183,Full全量模型,无,故障原因诊断类,fmea_id_to_cause,故障原因查询,,,简单,FMEA编号DC8的失效原因写的什么？,Environmental conditions; Floating debris - marine activities,FMEA编号“DC8”对应的失效模式“Debris disturbance”的潜在失效原因/机理是：Environmental conditions; Floating debris - marine activities。,正确,1.0,3.79,CSV直答,1.0,1.0,0,,1,,,,,,Environmental conditions; Floating debris - marine activities,,FMEA编号；潜在失效原因/机理,104,
184,184,Full全量模型,无,故障原因诊断类,fmea_id_to_cause,故障原因查询,,,中等,FMEA编号DC9的潜在失效原因/机理是什么？,Operation; Connector failure - Mechanical stress,FMEA编号“DC9”对应的失效模式“Detachment”的潜在失效原因/机理是：Operation; Connector failure - Mechanical stress。,正确,1.0,4.0,CSV直答,1.0,1.0,0,,1,,,,,,Operation; Connector failure - Mechanical stress,,FMEA编号；潜在失效原因/机理,105,
185,185,Full全量模型,无,故障原因诊断类,fmea_id_to_cause,故障原因查询,,,简单,FMEA编号DC10这条记录，原因是什么？,Manufacturing; Poor quality components [6],FMEA编号“DC10”对应的失效模式“Failure of end termination [6]”的潜在失效原因/机理是：Manufacturing; Poor quality components [6]。,正确,1.0,3.86,CSV直答,1.0,1.0,0,,1,,,6.0；6.0,,,Manufacturing; Poor quality components [6],,FMEA编号；潜在失效原因/机理,106,
186,186,Full全量模型,无,故障原因诊断类,fmea_id_to_cause,故障原因查询,,,简单,查一下FMEA编号DC11对应的原因/机理。,Manufacturing; Poor quality of insulating fluids [6],FMEA编号“DC11”对应的失效模式“Failure of end termination [6]”的潜在失效原因/机理是：Manufacturing; Poor quality of insulating fluids [6]。,正确,1.0,3.81,CSV直答,1.0,1.0,0,,1,,,6.0；6.0,,,Manufacturing; Poor quality of insulating fluids [6],,FMEA编号；潜在失效原因/机理,107,
187,187,Full全量模型,无,故障原因诊断类,fmea_id_to_cause,故障原因查询,,,中等,FMEA编号DC12这条FMEA里，为什么会发生这个失效？请给出原因。,Manufacturing; Quality of workmanship [6],FMEA编号“DC12”对应的失效模式“Failure of end termination [6]”的潜在失效原因/机理是：Manufacturing; Quality of workmanship [6]。,正确,1.0,4.14,CSV直答,1.0,1.0,0,,1,,,6.0；6.0,,,Manufacturing; Quality of workmanship [6],,FMEA编号；潜在失效原因/机理,108,
188,188,Full全量模型,无,故障原因诊断类,fmea_id_to_cause,故障原因查询,,,简单,FMEA编号DC13的失效原因写的什么？,Operation; Mechanical stress,FMEA编号“DC13”对应的失效模式“Failure of fixing clamps”的潜在失效原因/机理是：Operation; Mechanical stress。,正确,1.0,3.82,CSV直答,1.0,1.0,0,,1,,,,,,Operation; Mechanical stress,,FMEA编号；潜在失效原因/机理,109,
189,189,Full全量模型,无,故障原因诊断类,fmea_id_to_cause,故障原因查询,,,简单,FMEA编号DC14的潜在失效原因/机理是什么？,Design Phase; Inproper design : need quality insulation materials and protection,FMEA编号“DC14”对应的失效模式“Failure of insulations”的潜在失效原因/机理是：Design Phase; Inproper design : need quality insulation materials and protection。,正确,1.0,3.77,CSV直答,1.0,1.0,0,,1,,,,,,Design Phase; Inproper design : need quality insulation materials and protection,,FMEA编号；潜在失效原因/机理,110,
190,190,Full全量模型,无,故障原因诊断类,fmea_id_to_cause,故障原因查询,,,中等,FMEA编号DC15这条记录，原因是什么？,Operation; Mechanical and thermal stress,FMEA编号“DC15”对应的失效模式“Failure of sheath”的潜在失效原因/机理是：Operation; Mechanical and thermal stress。,正确,1.0,3.93,CSV直答,1.0,1.0,0,,1,,,,,,Operation; Mechanical and thermal stress,,FMEA编号；潜在失效原因/机理,111,
191,191,Full全量模型,无,故障原因诊断类,fmea_id_to_cause,故障原因查询,,,简单,查一下FMEA编号DC16对应的原因/机理。,Manufacturing; Errors or defects during manufacturing,FMEA编号“DC16”对应的失效模式“Failure of watertightness”的潜在失效原因/机理是：Manufacturing; Errors or defects during manufacturing。,正确,1.0,3.8,CSV直答,1.0,1.0,0,,1,,,,,,Manufacturing; Errors or defects during manufacturing,,FMEA编号；潜在失效原因/机理,112,
192,192,Full全量模型,无,故障原因诊断类,fmea_id_to_cause,故障原因查询,,,简单,FMEA编号DC17这条FMEA里，为什么会发生这个失效？请给出原因。,Operation; Damage on the cable due to extreme environmental events,FMEA编号“DC17”对应的失效模式“Failure of watertightness”的潜在失效原因/机理是：Operation; Damage on the cable due to extreme environmental events。,正确,1.0,3.81,CSV直答,1.0,1.0,0,,1,,,,,,Operation; Damage on the cable due to extreme environmental events,,FMEA编号；潜在失效原因/机理,113,
193,193,Full全量模型,无,故障原因诊断类,fmea_id_to_cause,故障原因查询,,,中等,FMEA编号DC18的失效原因写的什么？,Operation; Internal damage: Problem in insulation material - Electrical overload,FMEA编号“DC18”对应的失效模式“failures of conductors”的潜在失效原因/机理是：Operation; Internal damage: Problem in insulation material - Electrical overload。,正确,1.0,3.76,CSV直答,1.0,1.0,0,,1,,,,,,Operation; Internal damage: Problem in insulation material - Electrical overload,,FMEA编号；潜在失效原因/机理,114,
194,194,Full全量模型,无,故障原因诊断类,fmea_id_to_cause,故障原因查询,,,简单,FMEA编号DC19的潜在失效原因/机理是什么？,Operation; Repeated stress cycles - bending motions,FMEA编号“DC19”对应的失效模式“Fatigue Cracks”的潜在失效原因/机理是：Operation; Repeated stress cycles - bending motions。,正确,1.0,3.79,CSV直答,1.0,1.0,0,,1,,,,,,Operation; Repeated stress cycles - bending motions,,FMEA编号；潜在失效原因/机理,115,
195,195,Full全量模型,无,故障原因诊断类,fmea_id_to_cause,故障原因查询,,,简单,FMEA编号DC20这条记录，原因是什么？,"Design Phase; Unexpected contingency ( earthquake, seabed movement)","FMEA编号“DC20”对应的失效模式“Geo-Hazards”的潜在失效原因/机理是：Design Phase; Unexpected contingency ( earthquake, seabed movement)。",正确,1.0,3.77,CSV直答,1.0,1.0,0,,1,,,,,,"Design Phase; Unexpected contingency ( earthquake, seabed movement)",,FMEA编号；潜在失效原因/机理,116,
196,196,Full全量模型,无,故障原因诊断类,fmea_id_to_cause,故障原因查询,,,中等,查一下FMEA编号DC21对应的原因/机理。,Environmental conditions; Dynamic positioning system failure due to excessive environmental conditions,FMEA编号“DC21”对应的失效模式“Loss of dynamic positioning”的潜在失效原因/机理是：Environmental conditions; Dynamic positioning system failure due to excessive environmental conditions。,正确,1.0,3.8,CSV直答,1.0,1.0,0,,1,,,,,,Environmental conditions; Dynamic positioning system failure due to excessive environmental conditions,,FMEA编号；潜在失效原因/机理,117,
197,197,Full全量模型,无,故障原因诊断类,fmea_id_to_cause,故障原因查询,,,简单,FMEA编号DC22这条FMEA里，为什么会发生这个失效？请给出原因。,Operation,FMEA编号“DC22”对应的失效模式“Loss of float bility (water adsorption)”的潜在失效原因/机理是：Operation。,正确,1.0,3.84,CSV直答,1.0,1.0,0,,1,,,,,,Operation,,FMEA编号；潜在失效原因/机理,118,
198,198,Full全量模型,无,故障原因诊断类,fmea_id_to_cause,故障原因查询,,,简单,FMEA编号DC23的失效原因写的什么？,Design Phase; Underestimation of dynamic conditions - Unexpected contingency scenario ( loss of mooring line ),FMEA编号“DC23”对应的失效模式“material degradation”的潜在失效原因/机理是：Design Phase; Underestimation of dynamic conditions - Unexpected contingency scenario ( loss of mooring line )。,正确,1.0,3.92,CSV直答,1.0,1.0,0,,1,,,,,,Design Phase; Underestimation of dynamic conditions - Unexpected contingency scenario ( loss of mooring line ),,FMEA编号；潜在失效原因/机理,119,
199,199,Full全量模型,无,故障原因诊断类,fmea_id_to_cause,故障原因查询,,,中等,FMEA编号DC24的潜在失效原因/机理是什么？,Operation,FMEA编号“DC24”对应的失效模式“Mechanical degradation [20]”的潜在失效原因/机理是：Operation。,正确,1.0,3.76,CSV直答,1.0,1.0,0,,1,,,,,,Operation,,FMEA编号；潜在失效原因/机理,120,
200,200,Full全量模型,无,故障原因诊断类,fmea_id_to_cause,故障原因查询,,,简单,FMEA编号DC25这条记录，原因是什么？,Design Phase; Design inefficiency [6],FMEA编号“DC25”对应的失效模式“Movement of CPS due to scour/seabed mobility [6]”的潜在失效原因/机理是：Design Phase; Design inefficiency [6]。,正确,1.0,3.79,CSV直答,1.0,1.0,0,,1,,,6.0；6.0,,,Design Phase; Design inefficiency [6],,FMEA编号；潜在失效原因/机理,121,
201,201,Full全量模型,无,故障原因诊断类,fmea_id_to_cause,故障原因查询,,,简单,查一下FMEA编号DC26对应的原因/机理。,"Design Phase; lack of data of the deployment location [4,6]","FMEA编号“DC26”对应的失效模式“Movement of CPS due to scour/seabed mobility [6]”的潜在失效原因/机理是：Design Phase; lack of data of the deployment location [4,6]。",正确,1.0,3.78,CSV直答,1.0,1.0,0,,1,,,6.0；4.0；6.0,,,"Design Phase; lack of data of the deployment location [4,6]",,FMEA编号；潜在失效原因/机理,122,
202,202,Full全量模型,无,故障原因诊断类,fmea_id_to_cause,故障原因查询,,,中等,FMEA编号DC27这条FMEA里，为什么会发生这个失效？请给出原因。,Installation phase; incorrect installation [6],FMEA编号“DC27”对应的失效模式“Movement of CPS due to scour/seabed mobility [6]”的潜在失效原因/机理是：Installation phase; incorrect installation [6]。,正确,1.0,3.82,CSV直答,1.0,1.0,0,,1,,,6.0；6.0,,,Installation phase; incorrect installation [6],,FMEA编号；潜在失效原因/机理,123,
203,203,Full全量模型,无,故障原因诊断类,fmea_id_to_cause,故障原因查询,,,简单,FMEA编号DC28的失效原因写的什么？,Environmental conditions; Environmental exposure - wear,FMEA编号“DC28”对应的失效模式“Premature damage of outer protection layer”的潜在失效原因/机理是：Environmental conditions; Environmental exposure - wear。,正确,1.0,3.77,CSV直答,1.0,1.0,0,,1,,,,,,Environmental conditions; Environmental exposure - wear,,FMEA编号；潜在失效原因/机理,124,
204,204,Full全量模型,无,故障原因诊断类,fmea_id_to_cause,故障原因查询,,,简单,FMEA编号DC29的潜在失效原因/机理是什么？,Design Phase; Insufficient information for the deployment location [6],FMEA编号“DC29”对应的失效模式“Reduced sediment cover lower than designed value for protection [6]”的潜在失效原因/机理是：Design Phase; Insufficient information for the deployment location [6]。,正确,1.0,3.79,CSV直答,1.0,1.0,0,,1,,,6.0；6.0,,,Design Phase; Insufficient information for the deployment location [6],,FMEA编号；潜在失效原因/机理,125,
205,205,Full全量模型,无,故障原因诊断类,fmea_id_to_cause,故障原因查询,,,中等,FMEA编号DC30这条记录，原因是什么？,Design Phase; Insufficient information for the deployment location [6],FMEA编号“DC30”对应的失效模式“Reduced sediment cover lower than designed value for protection [6]”的潜在失效原因/机理是：Design Phase; Insufficient information for the deployment location [6]。,正确,1.0,3.76,CSV直答,1.0,1.0,0,,1,,,6.0；6.0,,,Design Phase; Insufficient information for the deployment location [6],,FMEA编号；潜在失效原因/机理,126,
206,206,Full全量模型,无,故障原因诊断类,fmea_id_to_cause,故障原因查询,,,简单,查一下FMEA编号DC31对应的原因/机理。,Environmental conditions; exposure of seabed cover to extreme environmental phenomena,FMEA编号“DC31”对应的失效模式“Reduced sediment cover lower than designed value for protection [6]”的潜在失效原因/机理是：Environmental conditions; exposure of seabed cover to extreme environmental phenomena。,正确,1.0,3.77,CSV直答,1.0,1.0,0,,1,,,,,,Environmental conditions; exposure of seabed cover to extreme environmental phenomena,,FMEA编号；潜在失效原因/机理,127,
207,207,Full全量模型,无,故障原因诊断类,fmea_id_to_cause,故障原因查询,,,简单,FMEA编号DC32这条FMEA里，为什么会发生这个失效？请给出原因。,Operation; Mechanical stress - excessive bending,FMEA编号“DC32”对应的失效模式“Small bending radius”的潜在失效原因/机理是：Operation; Mechanical stress - excessive bending。,正确,1.0,3.8,CSV直答,1.0,1.0,0,,1,,,,,,Operation; Mechanical stress - excessive bending,,FMEA编号；潜在失效原因/机理,128,
208,208,Full全量模型,无,故障原因诊断类,fmea_id_to_cause,故障原因查询,,,中等,FMEA编号TO1的失效原因写的什么？,Design phase; Resonance occurs when the natural frequency of the tower or other components of the wind turbine matches the frequency of the wind or other external forces.,FMEA编号“TO1”对应的失效模式“Abnormal vibration”的潜在失效原因/机理是：Design phase; Resonance occurs when the natural frequency of the tower or other components of the wind turbine matches the frequency of the wind or other external forces.。,正确,1.0,3.77,CSV直答,1.0,1.0,0,,1,,,,,,Design phase; Resonance occurs when the natural frequency of the tower or other components of the wind turbine matches the frequency of the wind or other external forces.,,FMEA编号；潜在失效原因/机理,0,
209,209,Full全量模型,无,故障原因诊断类,fmea_id_to_cause,故障原因查询,,,简单,FMEA编号TO2的潜在失效原因/机理是什么？,Environmental condition; Resonance occurs when the natural frequency of the tower or other components of the wind turbine matches the frequency of the wind or other external forces.,FMEA编号“TO2”对应的失效模式“Abnormal vibration”的潜在失效原因/机理是：Environmental condition; Resonance occurs when the natural frequency of the tower or other components of the wind turbine matches the frequency of the wind or other external forces.。,正确,1.0,3.93,CSV直答,1.0,1.0,0,,1,,,,,,Environmental condition; Resonance occurs when the natural frequency of the tower or other components of the wind turbine matches the frequency of the wind or other external forces.,,FMEA编号；潜在失效原因/机理,1,
210,210,Full全量模型,无,故障原因诊断类,fmea_id_to_cause,故障原因查询,,,简单,FMEA编号TO3这条记录，原因是什么？,"Installation phase; Faulty welding of Tower [10,15]","FMEA编号“TO3”对应的失效模式“Abnormal vibration”的潜在失效原因/机理是：Installation phase; Faulty welding of Tower [10,15]。",正确,1.0,3.8,CSV直答,1.0,1.0,0,,1,,,10.0；15.0,,,"Installation phase; Faulty welding of Tower [10,15]",,FMEA编号；潜在失效原因/机理,2,
211,211,Full全量模型,无,故障原因诊断类,fmea_id_to_cause,故障原因查询,,,中等,查一下FMEA编号TO4对应的原因/机理。,"Maintenance phase; Due to poor inspection Faulty welding of Tower couldn't be detected before getting severe [10,15]","FMEA编号“TO4”对应的失效模式“Abnormal vibration”的潜在失效原因/机理是：Maintenance phase; Due to poor inspection Faulty welding of Tower couldn't be detected before getting severe [10,15]。",正确,1.0,3.79,CSV直答,1.0,1.0,0,,1,,,10.0；15.0,,,"Maintenance phase; Due to poor inspection Faulty welding of Tower couldn't be detected before getting severe [10,15]",,FMEA编号；潜在失效原因/机理,3,
212,212,Full全量模型,无,故障原因诊断类,fmea_id_to_cause,故障原因查询,,,简单,FMEA编号TO5这条FMEA里，为什么会发生这个失效？请给出原因。,"Environmental loads; The interaction between the blades and the tower can cause pressure fluctuations, leading to cyclic fatigue [14]","FMEA编号“TO5”对应的失效模式“Cracks”的潜在失效原因/机理是：Environmental loads; The interaction between the blades and the tower can cause pressure fluctuations, leading to cyclic fatigue [14]。",正确,1.0,3.81,CSV直答,1.0,1.0,0,,1,,,14.0,,,"Environmental loads; The interaction between the blades and the tower can cause pressure fluctuations, leading to cyclic fatigue [14]",,FMEA编号；潜在失效原因/机理,4,
213,213,Full全量模型,无,故障原因诊断类,fmea_id_to_cause,故障原因查询,,,简单,FMEA编号TO6的失效原因写的什么？,Environmental loads; Material fatigue due to high waves and high frequency of loads [1],FMEA编号“TO6”对应的失效模式“Cracks”的潜在失效原因/机理是：Environmental loads; Material fatigue due to high waves and high frequency of loads [1]。,正确,1.0,3.79,CSV直答,1.0,1.0,0,,1,,,1.0,,,Environmental loads; Material fatigue due to high waves and high frequency of loads [1],,FMEA编号；潜在失效原因/机理,5,
214,214,Full全量模型,无,故障原因诊断类,fmea_id_to_cause,故障原因查询,,,中等,FMEA编号TO7的潜在失效原因/机理是什么？,Environmental condition; Cyclic wind/wave loading (above design assumption)creates stress concentrations and fatigue. [11],FMEA编号“TO7”对应的失效模式“Cracks”的潜在失效原因/机理是：Environmental condition; Cyclic wind/wave loading (above design assumption)creates stress concentrations and fatigue. [11]。,正确,1.0,3.82,CSV直答,1.0,1.0,0,,1,,,11.0,,,Environmental condition; Cyclic wind/wave loading (above design assumption)creates stress concentrations and fatigue. [11],,FMEA编号；潜在失效原因/机理,6,
215,215,Full全量模型,无,故障原因诊断类,fmea_id_to_cause,故障原因查询,,,简单,FMEA编号TO8这条记录，原因是什么？,"Design phase; Welding failure due to Poor design or inadequate specification of welding procedures considering harsh environmental condition [1,15]","FMEA编号“TO8”对应的失效模式“Cracks”的潜在失效原因/机理是：Design phase; Welding failure due to Poor design or inadequate specification of welding procedures considering harsh environmental condition [1,15]。",正确,1.0,3.74,CSV直答,1.0,1.0,0,,1,,,1.0；15.0,,,"Design phase; Welding failure due to Poor design or inadequate specification of welding procedures considering harsh environmental condition [1,15]",,FMEA编号；潜在失效原因/机理,7,
216,216,Full全量模型,无,故障原因诊断类,fmea_id_to_cause,故障原因查询,,,简单,查一下FMEA编号TO9对应的原因/机理。,"Manufacturing; Welding failure due to Poor design or inadequate specification of welding procedures considering harsh environmental condition [1,15]","FMEA编号“TO9”对应的失效模式“Cracks”的潜在失效原因/机理是：Manufacturing; Welding failure due to Poor design or inadequate specification of welding procedures considering harsh environmental condition [1,15]。",正确,1.0,3.78,CSV直答,1.0,1.0,0,,1,,,1.0；15.0,,,"Manufacturing; Welding failure due to Poor design or inadequate specification of welding procedures considering harsh environmental condition [1,15]",,FMEA编号；潜在失效原因/机理,8,
217,217,Full全量模型,无,故障原因诊断类,fmea_id_to_cause,故障原因查询,,,中等,FMEA编号TO10这条FMEA里，为什么会发生这个失效？请给出原因。,Fabrication; Material fatigue due to insufficient manufacturing quality [15],FMEA编号“TO10”对应的失效模式“Cracks”的潜在失效原因/机理是：Fabrication; Material fatigue due to insufficient manufacturing quality [15]。,正确,1.0,3.79,CSV直答,1.0,1.0,0,,1,,,15.0,,,Fabrication; Material fatigue due to insufficient manufacturing quality [15],,FMEA编号；潜在失效原因/机理,9,
218,218,Full全量模型,无,故障原因诊断类,fmea_id_to_cause,故障原因查询,,,简单,FMEA编号TO11的失效原因写的什么？,"Fabrication; Welding failure due to Poor quality control during the welding process [1,10]","FMEA编号“TO11”对应的失效模式“Cracks”的潜在失效原因/机理是：Fabrication; Welding failure due to Poor quality control during the welding process [1,10]。",正确,1.0,3.74,CSV直答,1.0,1.0,0,,1,,,1.0；10.0,,,"Fabrication; Welding failure due to Poor quality control during the welding process [1,10]",,FMEA编号；潜在失效原因/机理,10,
219,219,Full全量模型,无,故障原因诊断类,fmea_id_to_cause,故障原因查询,,,简单,FMEA编号TO12的潜在失效原因/机理是什么？,"Installation phase; Installation phase stress/fatigue due to waves, wind, and process. Incorrect installation/error can cause stress concentration and fatigue. [11]","FMEA编号“TO12”对应的失效模式“Cracks”的潜在失效原因/机理是：Installation phase; Installation phase stress/fatigue due to waves, wind, and process. Incorrect installation/error can cause stress concentration and fatigue. [11]。",正确,1.0,3.52,CSV直答,1.0,1.0,0,,1,,,11.0,,,"Installation phase; Installation phase stress/fatigue due to waves, wind, and process. Incorrect installation/error can cause stress concentration and fatigue. [11]",,FMEA编号；潜在失效原因/机理,11,
220,220,Full全量模型,无,故障原因诊断类,fmea_id_to_cause,故障原因查询,,,中等,FMEA编号TO13这条记录，原因是什么？,Maintenance phase; Corrosion due to lack of regular inspection and maintenance to prevent critical steps and failure [11],FMEA编号“TO13”对应的失效模式“Cracks”的潜在失效原因/机理是：Maintenance phase; Corrosion due to lack of regular inspection and maintenance to prevent critical steps and failure [11]。,正确,1.0,4.22,CSV直答,1.0,1.0,0,,1,,,11.0,,,Maintenance phase; Corrosion due to lack of regular inspection and maintenance to prevent critical steps and failure [11],,FMEA编号；潜在失效原因/机理,12,
221,221,Full全量模型,无,故障原因诊断类,fmea_id_to_cause,故障原因查询,,,简单,查一下FMEA编号TO14对应的原因/机理。,Operation phase; Repeated or cyclic loading and unloading of the tower over a long period of time can cause cracks caused by plastic deformation [11],FMEA编号“TO14”对应的失效模式“Cracks”的潜在失效原因/机理是：Operation phase; Repeated or cyclic loading and unloading of the tower over a long period of time can cause cracks caused by plastic deformation [11]。,正确,1.0,4.05,CSV直答,1.0,1.0,0,,1,,,11.0,,,Operation phase; Repeated or cyclic loading and unloading of the tower over a long period of time can cause cracks caused by plastic deformation [11],,FMEA编号；潜在失效原因/机理,13,
222,222,Full全量模型,无,故障原因诊断类,fmea_id_to_cause,故障原因查询,,,简单,FMEA编号TO15这条FMEA里，为什么会发生这个失效？请给出原因。,"Maintenance phase; Blade replacements, repairs, and corrosion mitigation can add stress. Improper execution can lead to damage and fatigue. [11]","FMEA编号“TO15”对应的失效模式“Cracks”的潜在失效原因/机理是：Maintenance phase; Blade replacements, repairs, and corrosion mitigation can add stress. Improper execution can lead to damage and fatigue. [11]。",正确,1.0,4.04,CSV直答,1.0,1.0,0,,1,,,11.0,,,"Maintenance phase; Blade replacements, repairs, and corrosion mitigation can add stress. Improper execution can lead to damage and fatigue. [11]",,FMEA编号；潜在失效原因/机理,14,
223,223,Full全量模型,无,故障原因诊断类,fmea_id_to_cause,故障原因查询,,,中等,FMEA编号TO16的失效原因写的什么？,Design phase; Braking system failure due to wrong estimation of operating conditions [15],FMEA编号“TO16”对应的失效模式“Cracks”的潜在失效原因/机理是：Design phase; Braking system failure due to wrong estimation of operating conditions [15]。,正确,1.0,4.04,CSV直答,1.0,1.0,0,,1,,,15.0,,,Design phase; Braking system failure due to wrong estimation of operating conditions [15],,FMEA编号；潜在失效原因/机理,15,
224,224,Full全量模型,无,故障原因诊断类,fmea_id_to_cause,故障原因查询,,,简单,FMEA编号TO17的潜在失效原因/机理是什么？,Environmental condition; Lightning strikes[9],FMEA编号“TO17”对应的失效模式“Cracks”的潜在失效原因/机理是：Environmental condition; Lightning strikes[9]。,正确,1.0,4.0,CSV直答,1.0,1.0,0,,1,,,9.0,,,Environmental condition; Lightning strikes[9],,FMEA编号；潜在失效原因/机理,16,
225,225,Full全量模型,无,故障原因诊断类,fmea_id_to_cause,故障原因查询,,,简单,FMEA编号TO18这条记录，原因是什么？,Design phase; Lightning strikes damages due to inefficient lightning prevention system [9],FMEA编号“TO18”对应的失效模式“Cracks”的潜在失效原因/机理是：Design phase; Lightning strikes damages due to inefficient lightning prevention system [9]。,正确,1.0,4.03,CSV直答,1.0,1.0,0,,1,,,9.0,,,Design phase; Lightning strikes damages due to inefficient lightning prevention system [9],,FMEA编号；潜在失效原因/机理,17,
226,226,Full全量模型,无,故障原因诊断类,fmea_id_to_cause,故障原因查询,,,中等,查一下FMEA编号TO19对应的原因/机理。,Manufacturing; Hit by blades due to poor manufacturing quality control [9],FMEA编号“TO19”对应的失效模式“Cracks”的潜在失效原因/机理是：Manufacturing; Hit by blades due to poor manufacturing quality control [9]。,正确,1.0,4.03,CSV直答,1.0,1.0,0,,1,,,9.0,,,Manufacturing; Hit by blades due to poor manufacturing quality control [9],,FMEA编号；潜在失效原因/机理,18,
227,227,Full全量模型,无,故障原因诊断类,fmea_id_to_cause,故障原因查询,,,简单,FMEA编号TO20这条FMEA里，为什么会发生这个失效？请给出原因。,Maintenance; Hit by blades due to poor maintenance and inspection leading to undetected wear and damage [15],FMEA编号“TO20”对应的失效模式“Cracks”的潜在失效原因/机理是：Maintenance; Hit by blades due to poor maintenance and inspection leading to undetected wear and damage [15]。,正确,1.0,4.02,CSV直答,1.0,1.0,0,,1,,,15.0,,,Maintenance; Hit by blades due to poor maintenance and inspection leading to undetected wear and damage [15],,FMEA编号；潜在失效原因/机理,19,
228,228,Full全量模型,无,故障原因诊断类,fmea_id_to_cause,故障原因查询,,,简单,FMEA编号TO21的失效原因写的什么？,due to Operation; Hit by blades due to human error or operational failure [15],FMEA编号“TO21”对应的失效模式“Cracks”的潜在失效原因/机理是：due to Operation; Hit by blades due to human error or operational failure [15]。,正确,1.0,4.0,CSV直答,1.0,1.0,0,,1,,,15.0,,,due to Operation; Hit by blades due to human error or operational failure [15],,FMEA编号；潜在失效原因/机理,20,
229,229,Full全量模型,无,故障原因诊断类,fmea_id_to_cause,故障原因查询,,,中等,FMEA编号TO22的潜在失效原因/机理是什么？,"Manufacturing; Inadequate quality control during the manufacturing process may create structural weaknesses or defects in the tower, causing plastic deformation over time. [11]","FMEA编号“TO22”对应的失效模式“Plastic deformation”的潜在失效原因/机理是：Manufacturing; Inadequate quality control during the manufacturing process may create structural weaknesses or defects in the tower, causing plastic deformation over time. [11]。",正确,1.0,4.0,CSV直答,1.0,1.0,0,,1,,,11.0,,,"Manufacturing; Inadequate quality control during the manufacturing process may create structural weaknesses or defects in the tower, causing plastic deformation over time. [11]",,FMEA编号；潜在失效原因/机理,21,
230,230,Full全量模型,无,故障原因诊断类,fmea_id_to_cause,故障原因查询,,,简单,FMEA编号TO23这条记录，原因是什么？,Design phase; Plastic deformation due to insufficient yield strength and lack of detailed stress analysis and simulations [13],FMEA编号“TO23”对应的失效模式“Plastic deformation”的潜在失效原因/机理是：Design phase; Plastic deformation due to insufficient yield strength and lack of detailed stress analysis and simulations [13]。,正确,1.0,4.04,CSV直答,1.0,1.0,0,,1,,,13.0,,,Design phase; Plastic deformation due to insufficient yield strength and lack of detailed stress analysis and simulations [13],,FMEA编号；潜在失效原因/机理,22,
231,231,Full全量模型,无,故障原因诊断类,fmea_id_to_cause,故障原因查询,,,简单,查一下FMEA编号TO24对应的原因/机理。,Operation phase; Mooring system failure can lead to direct tower collapse [1],FMEA编号“TO24”对应的失效模式“Tower collapse”的潜在失效原因/机理是：Operation phase; Mooring system failure can lead to direct tower collapse [1]。,正确,1.0,4.2,CSV直答,1.0,1.0,0,,1,,,1.0,,,Operation phase; Mooring system failure can lead to direct tower collapse [1],,FMEA编号；潜在失效原因/机理,23,
232,232,Full全量模型,无,故障原因诊断类,fmea_id_to_cause,故障原因查询,,,中等,FMEA编号TP1这条FMEA里，为什么会发生这个失效？请给出原因。,Design; Analysis and calculation fault due to human error [11],FMEA编号“TP1”对应的失效模式“Transition piece break”的潜在失效原因/机理是：Design; Analysis and calculation fault due to human error [11]。,正确,1.0,4.12,CSV直答,1.0,1.0,0,,1,,,11.0,,,Design; Analysis and calculation fault due to human error [11],,FMEA编号；潜在失效原因/机理,24,
233,233,Full全量模型,无,故障原因诊断类,fmea_id_to_cause,故障原因查询,,,简单,FMEA编号TP2的失效原因写的什么？,"Operation and Maintenance; Brittle fracture due to extreme environmental temperature, leading to a shift in the ductile-to-brittle transition temperature [16]","FMEA编号“TP2”对应的失效模式“Transition piece break”的潜在失效原因/机理是：Operation and Maintenance; Brittle fracture due to extreme environmental temperature, leading to a shift in the ductile-to-brittle transition temperature [16]。",正确,1.0,4.03,CSV直答,1.0,1.0,0,,1,,,16.0,,,"Operation and Maintenance; Brittle fracture due to extreme environmental temperature, leading to a shift in the ductile-to-brittle transition temperature [16]",,FMEA编号；潜在失效原因/机理,25,
234,234,Full全量模型,无,故障原因诊断类,fmea_id_to_cause,故障原因查询,,,简单,FMEA编号TP3的潜在失效原因/机理是什么？,"Operation; Changes in wave spectra can cause increased loads, resonance, and stress concentrations, leading to plastic deformation in offshore wind turbines. [11]","FMEA编号“TP3”对应的失效模式“Structural plastic deformation”的潜在失效原因/机理是：Operation; Changes in wave spectra can cause increased loads, resonance, and stress concentrations, leading to plastic deformation in offshore wind turbines. [11]。",正确,1.0,4.04,CSV直答,1.0,1.0,0,,1,,,11.0,,,"Operation; Changes in wave spectra can cause increased loads, resonance, and stress concentrations, leading to plastic deformation in offshore wind turbines. [11]",,FMEA编号；潜在失效原因/机理,26,
235,235,Full全量模型,无,故障原因诊断类,fmea_id_to_cause,故障原因查询,,,中等,FMEA编号TP4这条记录，原因是什么？,"Operation; Cycling loading could cause microstructural changes in the material and eventually lead to fatigue crack initiation [1,15]","FMEA编号“TP4”对应的失效模式“Cracks”的潜在失效原因/机理是：Operation; Cycling loading could cause microstructural changes in the material and eventually lead to fatigue crack initiation [1,15]。",正确,1.0,4.1,CSV直答,1.0,1.0,0,,1,,,1.0；15.0,,,"Operation; Cycling loading could cause microstructural changes in the material and eventually lead to fatigue crack initiation [1,15]",,FMEA编号；潜在失效原因/机理,27,
236,236,Full全量模型,无,故障原因诊断类,fmea_id_to_cause,故障原因查询,,,简单,查一下FMEA编号TP5对应的原因/机理。,Environmental condition; Design parameters superseded due to climate change [11],FMEA编号“TP5”对应的失效模式“Transition piece break”的潜在失效原因/机理是：Environmental condition; Design parameters superseded due to climate change [11]。,正确,1.0,4.06,CSV直答,1.0,1.0,0,,1,,,11.0,,,Environmental condition; Design parameters superseded due to climate change [11],,FMEA编号；潜在失效原因/机理,28,
237,237,Full全量模型,无,故障原因诊断类,fmea_id_to_cause,故障原因查询,,,简单,FMEA编号TP6这条FMEA里，为什么会发生这个失效？请给出原因。,Operation; due to unbalanced loads or wind-induced vibrations. [11],FMEA编号“TP6”对应的失效模式“Abnormal vibration”的潜在失效原因/机理是：Operation; due to unbalanced loads or wind-induced vibrations. [11]。,正确,1.0,4.04,CSV直答,1.0,1.0,0,,1,,,11.0,,,Operation; due to unbalanced loads or wind-induced vibrations. [11],,FMEA编号；潜在失效原因/机理,29,
238,238,Full全量模型,无,故障原因诊断类,fmea_id_to_cause,故障原因查询,,,中等,FMEA编号TP7的失效原因写的什么？,"Installation; During installation, plastic deformation can occur due to processes like welding and bending [1]","FMEA编号“TP7”对应的失效模式“Structural plastic deformation”的潜在失效原因/机理是：Installation; During installation, plastic deformation can occur due to processes like welding and bending [1]。",正确,1.0,4.06,CSV直答,1.0,1.0,0,,1,,,1.0,,,"Installation; During installation, plastic deformation can occur due to processes like welding and bending [1]",,FMEA编号；潜在失效原因/机理,30,
239,239,Full全量模型,无,故障原因诊断类,fmea_id_to_cause,故障原因查询,,,简单,FMEA编号TP8的潜在失效原因/机理是什么？,Installation; During Transportation and installation transition piece may be subjected to bending and twisting loads which could lead to fatigue cracks,FMEA编号“TP8”对应的失效模式“Cracks”的潜在失效原因/机理是：Installation; During Transportation and installation transition piece may be subjected to bending and twisting loads which could lead to fatigue cracks。,正确,1.0,4.02,CSV直答,1.0,1.0,0,,1,,,,,,Installation; During Transportation and installation transition piece may be subjected to bending and twisting loads which could lead to fatigue cracks,,FMEA编号；潜在失效原因/机理,31,
240,240,Full全量模型,无,故障原因诊断类,fmea_id_to_cause,故障原因查询,,,简单,FMEA编号TP9这条记录，原因是什么？,"Environmental Loads; Extreme environmental conditions like hurricanes or storm surges can subject the transition piece to large forces that exceed their design limits [10,11,15]","FMEA编号“TP9”对应的失效模式“Cracks”的潜在失效原因/机理是：Environmental Loads; Extreme environmental conditions like hurricanes or storm surges can subject the transition piece to large forces that exceed their design limits [10,11,15]。",正确,1.0,4.04,CSV直答,1.0,1.0,0,,1,,,10.0；11.0；15.0,,,"Environmental Loads; Extreme environmental conditions like hurricanes or storm surges can subject the transition piece to large forces that exceed their design limits [10,11,15]",,FMEA编号；潜在失效原因/机理,32,
241,241,Full全量模型,无,故障原因诊断类,fmea_id_to_cause,故障原因查询,,,中等,查一下FMEA编号TP10对应的原因/机理。,Fabrication; Improper surface preparation before applying a protective coating or performing welding repairs like cleaning the surface with solvent and treating the surface with a rust inhibitor or primer for improving the adhesion can cause corrosion and crack propagation. [15],FMEA编号“TP10”对应的失效模式“Cracks”的潜在失效原因/机理是：Fabrication; Improper surface preparation before applying a protective coating or performing welding repairs like cleaning the surface with solvent and treating the surface with a rust inhibitor or primer for improving the adhesion can cause corrosion and crack propagation. [15]。,正确,1.0,4.02,CSV直答,1.0,1.0,0,,1,,,15.0,,,Fabrication; Improper surface preparation before applying a protective coating or performing welding repairs like cleaning the surface with solvent and treating the surface with a rust inhibitor or primer for improving the adhesion can cause corrosion and crack propagation. [15],,FMEA编号；潜在失效原因/机理,33,
242,242,Full全量模型,无,故障原因诊断类,fmea_id_to_cause,故障原因查询,,,简单,FMEA编号TP11这条FMEA里，为什么会发生这个失效？请给出原因。,Maintenance; Misalignments or looseness in the connections between the tower and the foundation or inadequate bracing can cause abnormal vibration in the transition piece [12],FMEA编号“TP11”对应的失效模式“Abnormal vibration”的潜在失效原因/机理是：Maintenance; Misalignments or looseness in the connections between the tower and the foundation or inadequate bracing can cause abnormal vibration in the transition piece [12]。,正确,1.0,4.2,CSV直答,1.0,1.0,0,,1,,,12.0,,,Maintenance; Misalignments or looseness in the connections between the tower and the foundation or inadequate bracing can cause abnormal vibration in the transition piece [12],,FMEA编号；潜在失效原因/机理,34,
243,243,Full全量模型,无,故障原因诊断类,fmea_id_to_cause,故障原因查询,,,简单,FMEA编号TP12的失效原因写的什么？,Maintenance; Plastic deformation can occur due to the application of excessive force or improper handling of the structure. [1],FMEA编号“TP12”对应的失效模式“Structural plastic deformation”的潜在失效原因/机理是：Maintenance; Plastic deformation can occur due to the application of excessive force or improper handling of the structure. [1]。,正确,1.0,4.04,CSV直答,1.0,1.0,0,,1,,,1.0,,,Maintenance; Plastic deformation can occur due to the application of excessive force or improper handling of the structure. [1],,FMEA编号；潜在失效原因/机理,35,
244,244,Full全量模型,无,故障原因诊断类,fmea_id_to_cause,故障原因查询,,,中等,FMEA编号TP13的潜在失效原因/机理是什么？,"Maintenance; Repairing welding during maintenance can introduce residual stresses, leading to crack initiation [11]","FMEA编号“TP13”对应的失效模式“Cracks”的潜在失效原因/机理是：Maintenance; Repairing welding during maintenance can introduce residual stresses, leading to crack initiation [11]。",正确,1.0,4.04,CSV直答,1.0,1.0,0,,1,,,11.0,,,"Maintenance; Repairing welding during maintenance can introduce residual stresses, leading to crack initiation [11]",,FMEA编号；潜在失效原因/机理,36,
245,245,Full全量模型,无,故障原因诊断类,fmea_id_to_cause,故障原因查询,,,简单,FMEA编号TP14这条记录，原因是什么？,"Maintenance; The transition piece may be subjected to large forces from lifting and handling equipment during maintenance, which are not considered in design assumptions [11]","FMEA编号“TP14”对应的失效模式“Cracks”的潜在失效原因/机理是：Maintenance; The transition piece may be subjected to large forces from lifting and handling equipment during maintenance, which are not considered in design assumptions [11]。",正确,1.0,4.03,CSV直答,1.0,1.0,0,,1,,,11.0,,,"Maintenance; The transition piece may be subjected to large forces from lifting and handling equipment during maintenance, which are not considered in design assumptions [11]",,FMEA编号；潜在失效原因/机理,37,
246,246,Full全量模型,无,故障原因诊断类,项目失效现象风险指标查原因,项目范围原因查询,,,困难,在“Floating support structure / Floating Support structure / All structures”下，如果失效模式是“Hit by dropped objects”，且S/O/D分别为3.57/2.17/4.14，应追溯到什么原因？,Operation; Biological collision,"匹配到1条记录：1) FMEA编号=FF4；项目/功能=Floating support structure / Floating Support structure / All structures；失效模式=Hit by dropped objects [1,9]；失效原因=Operation; Biological collision；失效后果=Damage to the facility, vast economic loses；S=3.57；O=2.17；D=4.14；RPN=24.86；建议措施=-。",正确,1.0,28.19,确定性规则问答,1.0,1.0,0,1.0,1,,,,,,Operation; Biological collision,,项目/功能；潜在失效模式；严酷度(S)；发生度(O)；可探测度(D)；潜在失效原因/机理,48,
247,247,Full全量模型,无,故障原因诊断类,项目失效现象风险指标查原因,项目范围原因查询,,,困难,在“Floating support structure / Floating Support structure / All structures”下，如果失效模式是“Structural break”，且S/O/D分别为4.33/1.67/3.5，应追溯到什么原因？,Environmental condition; Design parameter superseded due to climate change [11],匹配到1条记录：1) FMEA编号=FF5；项目/功能=Floating support structure / Floating Support structure / All structures；失效模式=Structural break [11]；失效原因=Environmental condition; Design parameter superseded due to climate change [11]；失效后果=Structural reassessment；S=4.33；O=1.67；D=3.5；RPN=25；建议措施=Expanded design load cases (including typhoon/hurricane scenarios); -。,正确,1.0,23.61,确定性规则问答,1.0,1.0,0,1.0,1,,,11.0；11.0,,,Environmental condition; Design parameter superseded due to climate change [11],,项目/功能；潜在失效模式；严酷度(S)；发生度(O)；可探测度(D)；潜在失效原因/机理,49,
248,248,Full全量模型,无,故障原因诊断类,项目失效现象风险指标查原因,项目范围原因查询,,,困难,在“Floating support structure / Floating Support structure / Secondary structure”下，如果失效模式是“Additional Structures Failures”，且S/O/D分别为3.83/2.6/4，应追溯到什么原因？,"Operation; Dynamic umbilical connection/cable fail [1,12]","匹配到1条记录：1) FMEA编号=FF6；项目/功能=Floating support structure / Floating Support structure / Secondary structure；失效模式=Additional Structures Failures；失效原因=Operation; Dynamic umbilical connection/cable fail [1,12]；失效后果=Potential failure；S=3.83；O=2.6；D=4；RPN=25.83；建议措施=Freeboard margin increase and water-tight compartmentalization; -; Expanded design load cases (including typhoon/hurricane scenarios); Improved cable mechnical design。",正确,1.0,21.55,确定性规则问答,1.0,1.0,0,1.0,1,,,1.0；1.0；1.0；12.0,,,"Operation; Dynamic umbilical connection/cable fail [1,12]",,项目/功能；潜在失效模式；严酷度(S)；发生度(O)；可探测度(D)；潜在失效原因/机理,50,
249,249,Full全量模型,无,故障原因诊断类,项目失效现象风险指标查原因,项目范围原因查询,,,困难,在“Floating support structure / Floating Support structure / Primary Structure”下，如果失效模式是“Cracks”，且S/O/D分别为4.17/2.83/3.5，应追溯到什么原因？,Installation; Excessive fatigue life consumption due to installation/ transportation [19],匹配到1条记录：1) FMEA编号=FF7；项目/功能=Floating support structure / Floating Support structure / Primary Structure；失效模式=Cracks [11]；失效原因=Installation; Excessive fatigue life consumption due to installation/ transportation [19]；失效后果=Structural failure；S=4.17；O=2.83；D=3.5；RPN=30.57；建议措施=-。,正确,1.0,19.79,确定性规则问答,1.0,1.0,0,1.0,1,,,19.0,,,Installation; Excessive fatigue life consumption due to installation/ transportation [19],,项目/功能；潜在失效模式；严酷度(S)；发生度(O)；可探测度(D)；潜在失效原因/机理,51,
250,250,Full全量模型,无,故障原因诊断类,项目失效现象风险指标查原因,项目范围原因查询,,,困难,在“Floating support structure / Floating Support structure / Primary structure & Welding”下，如果失效模式是“Capsize”，且S/O/D分别为4.8/1.8/3.2，应追溯到什么原因？,Environmental condition; Extreme horizontal oscillatory force,"匹配到1条记录：1) FMEA编号=FF8；项目/功能=Floating support structure / Floating Support structure / Primary structure & Welding；失效模式=Capsize [11]；失效原因=Environmental condition; Extreme horizontal oscillatory force；失效后果=Asset damage Energy production loss；S=4.8；O=1.8；D=3.2；RPN=34.5；建议措施=Expanded design load cases (including typhoon/hurricane scenarios); Operational limits: weather windows, alarm thresholds for motions; Resonance avoidance via structural tuning/damping。",正确,1.0,24.83,确定性规则问答,1.0,1.0,0,1.0,1,,,,,,Environmental condition; Extreme horizontal oscillatory force,,项目/功能；潜在失效模式；严酷度(S)；发生度(O)；可探测度(D)；潜在失效原因/机理,52,
251,251,Full全量模型,无,故障原因诊断类,项目失效现象风险指标查原因,项目范围原因查询,,,困难,在“Floating support structure / Floating Support structure / Primary structure & Welding”下，如果失效模式是“Cracks”，且S/O/D分别为4.14/2.86/3.57，应追溯到什么原因？,Operation; Fatigue due to continuous vibrations/resonance [11],匹配到1条记录：1) FMEA编号=FF9；项目/功能=Floating support structure / Floating Support structure / Primary structure & Welding；失效模式=Cracks [11]；失效原因=Operation; Fatigue due to continuous vibrations/resonance [11]；失效后果=Structural failure；S=4.14；O=2.86；D=3.57；RPN=22.67；建议措施=Expanded design load cases (including typhoon/hurricane scenarios); Resonance avoidance via structural tuning/damping; High-fidelity coupled aero-hydro-elastic simulation in design updates。,正确,1.0,21.03,确定性规则问答,1.0,1.0,0,1.0,1,,,11.0；11.0,,,Operation; Fatigue due to continuous vibrations/resonance [11],,项目/功能；潜在失效模式；严酷度(S)；发生度(O)；可探测度(D)；潜在失效原因/机理,53,
252,252,Full全量模型,无,故障原因诊断类,项目失效现象风险指标查原因,项目范围原因查询,,,困难,在“Floating support structure / Floating Support structure / All structures”下，如果失效模式是“Cracks”，且S/O/D分别为3.83/2.5/3.5，应追溯到什么原因？,Design; Fatigue due to underestimation of steel thickness and/or environmental loads,匹配到1条记录：1) FMEA编号=FF10；项目/功能=Floating support structure / Floating Support structure / All structures；失效模式=Cracks [11]；失效原因=Design; Fatigue due to underestimation of steel thickness and/or environmental loads；失效后果=Structural failure；S=3.83；O=2.5；D=3.5；RPN=34；建议措施=-。,正确,1.0,19.42,确定性规则问答,1.0,1.0,0,1.0,1,,,,,,Design; Fatigue due to underestimation of steel thickness and/or environmental loads,,项目/功能；潜在失效模式；严酷度(S)；发生度(O)；可探测度(D)；潜在失效原因/机理,54,
253,253,Full全量模型,无,故障原因诊断类,项目失效现象风险指标查原因,项目范围原因查询,,,困难,在“Floating support structure / Floating Support structure / Secondary structure”下，如果失效模式是“Additional Structures Failures”，且S/O/D分别为3.86/3/2.71，应追溯到什么原因？,"Operation; Handrails Corrosion [1,12]","匹配到1条记录：1) FMEA编号=FF11；项目/功能=Floating support structure / Floating Support structure / Secondary structure；失效模式=Additional Structures Failures；失效原因=Operation; Handrails Corrosion [1,12]；失效后果=Potential failure；S=3.86；O=3；D=2.71；RPN=32；建议措施=-。",正确,1.0,16.91,确定性规则问答,1.0,1.0,0,1.0,1,,,1.0；1.0；1.0；12.0,,,"Operation; Handrails Corrosion [1,12]",,项目/功能；潜在失效模式；严酷度(S)；发生度(O)；可探测度(D)；潜在失效原因/机理,55,
254,254,Full全量模型,无,故障原因诊断类,项目失效现象风险指标查原因,项目范围原因查询,,,困难,在“Floating support structure / Floating Support structure / Secondary structure”下，如果失效模式是“Additional Structures Failures”，且S/O/D分别为4.17/1.83/2.83，应追溯到什么原因？,"Operation; Helicopter assistance equipment fail [1,12]","匹配到1条记录：1) FMEA编号=FF12；项目/功能=Floating support structure / Floating Support structure / Secondary structure；失效模式=Additional Structures Failures；失效原因=Operation; Helicopter assistance equipment fail [1,12]；失效后果=Potential failure of landing platform；S=4.17；O=1.83；D=2.83；RPN=31.83；建议措施=-。",正确,1.0,14.17,确定性规则问答,1.0,1.0,0,1.0,1,,,1.0；1.0；12.0；1.0；12.0,,,"Operation; Helicopter assistance equipment fail [1,12]",,项目/功能；潜在失效模式；严酷度(S)；发生度(O)；可探测度(D)；潜在失效原因/机理,56,
255,255,Full全量模型,无,故障原因诊断类,项目失效现象风险指标查原因,项目范围原因查询,,,困难,在“Floating support structure / Floating Support structure / Secondary structure”下，如果失效模式是“Watertight fault”，且S/O/D分别为3.83/2.83/3.33，应追溯到什么原因？,Maintenance; Inefficient detection [1],匹配到1条记录：1) FMEA编号=FF13；项目/功能=Floating support structure / Floating Support structure / Secondary structure；失效模式=Watertight fault [1]；失效原因=Maintenance; Inefficient detection [1]；失效后果=Potential Failure/Asset damage Energy production loss；S=3.83；O=2.83；D=3.33；RPN=31.2；建议措施=-。,正确,1.0,14.64,确定性规则问答,1.0,1.0,0,1.0,1,,,1.0；1.0；1.0；1.0,,,Maintenance; Inefficient detection [1],,项目/功能；潜在失效模式；严酷度(S)；发生度(O)；可探测度(D)；潜在失效原因/机理,57,
256,256,Full全量模型,无,故障原因诊断类,项目失效现象风险指标查原因,项目范围原因查询,,,困难,在“Floating support structure / Floating Support structure / Secondary structure”下，如果失效模式是“Floater unit sinkage”，且S/O/D分别为4.83/1.83/3.4，应追溯到什么原因？,Design; Insufficient structural strength and cracks on the floater resulting in water ingress to the support structure,匹配到1条记录：1) FMEA编号=FF14；项目/功能=Floating support structure / Floating Support structure / Secondary structure；失效模式=Floater unit sinkage；失效原因=Design; Insufficient structural strength and cracks on the floater resulting in water ingress to the support structure；失效后果=Potential Failure/Asset damage Energy production loss；S=4.83；O=1.83；D=3.4；RPN=26.86；建议措施=Ballast redundancy and automated ballast management; Freeboard margin increase and water-tight compartmentalization; Expanded design load cases (including typhoon/hurricane scenarios)。,正确,1.0,14.35,确定性规则问答,1.0,1.0,0,1.0,1,,,,,,Design; Insufficient structural strength and cracks on the floater resulting in water ingress to the support structure,,项目/功能；潜在失效模式；严酷度(S)；发生度(O)；可探测度(D)；潜在失效原因/机理,58,
257,257,Full全量模型,无,故障原因诊断类,项目失效现象风险指标查原因,项目范围原因查询,,,困难,在“Floating support structure / Floating Support structure / All structures”下，如果失效模式是“Structural plastic deformation”，且S/O/D分别为4.43/2/3，应追溯到什么原因？,Operation and Maintenance; Insufficient structural strength due to ship collision,匹配到1条记录：1) FMEA编号=FF15；项目/功能=Floating support structure / Floating Support structure / All structures；失效模式=Structural plastic deformation [11]；失效原因=Operation and Maintenance; Insufficient structural strength due to ship collision；失效后果=Local stress accumulation；S=4.43；O=2；D=3；RPN=24.17；建议措施=-。,正确,1.0,14.32,确定性规则问答,1.0,1.0,0,1.0,1,,,,,,Operation and Maintenance; Insufficient structural strength due to ship collision,,项目/功能；潜在失效模式；严酷度(S)；发生度(O)；可探测度(D)；潜在失效原因/机理,59,
258,258,Full全量模型,无,故障原因诊断类,项目失效现象风险指标查原因,项目范围原因查询,,,困难,在“Floating support structure / Floating Support structure / Secondary structure”下，如果失效模式是“Watertight fault”，且S/O/D分别为4.5/2.33/3，应追溯到什么原因？,Maintenance; Insufficient structural strength due to ship collision [11],匹配到1条记录：1) FMEA编号=FF16；项目/功能=Floating support structure / Floating Support structure / Secondary structure；失效模式=Watertight fault [1]；失效原因=Maintenance; Insufficient structural strength due to ship collision [11]；失效后果=Asset damage Energy production loss/reduced stability；S=4.5；O=2.33；D=3；RPN=37.2；建议措施=-。,正确,1.0,14.7,确定性规则问答,1.0,1.0,0,1.0,1,,,11.0,,,Maintenance; Insufficient structural strength due to ship collision [11],,项目/功能；潜在失效模式；严酷度(S)；发生度(O)；可探测度(D)；潜在失效原因/机理,60,
259,259,Full全量模型,无,故障原因诊断类,项目失效现象风险指标查原因,项目范围原因查询,,,困难,在“Floating support structure / Floating Support structure / Secondary structure”下，如果失效模式是“Additional Structures Failures”，且S/O/D分别为3.86/2.71/2.57，应追溯到什么原因？,"Operation; Ladders Corrosion [1,12]","匹配到1条记录：1) FMEA编号=FF17；项目/功能=Floating support structure / Floating Support structure / Secondary structure；失效模式=Additional Structures Failures；失效原因=Operation; Ladders Corrosion [1,12]；失效后果=Potential failure；S=3.86；O=2.71；D=2.57；RPN=23.5；建议措施=-。",正确,1.0,14.7,确定性规则问答,1.0,1.0,0,1.0,1,,,1.0；1.0；1.0；12.0,,,"Operation; Ladders Corrosion [1,12]",,项目/功能；潜在失效模式；严酷度(S)；发生度(O)；可探测度(D)；潜在失效原因/机理,61,
260,260,Full全量模型,无,故障原因诊断类,项目失效现象风险指标查原因,项目范围原因查询,,,困难,在“Floating support structure / Floating Support structure / All structures”下，如果失效模式是“Watertight fault”，且S/O/D分别为4/2.2/3.25，应追溯到什么原因？,"Environmental condition; Marine growth under water can add additional weight and stress for the material, which can lead to cracks in the outer hull","匹配到1条记录：1) FMEA编号=FF18；项目/功能=Floating support structure / Floating Support structure / All structures；失效模式=Watertight fault [1]；失效原因=Environmental condition; Marine growth under water can add additional weight and stress for the material, which can lead to cracks in the outer hull；失效后果=If these cracks propagate through the wall and lie under water or within the splash zone, then they constitute a risk to the watertightness.；S=4；O=2.2；D=3.25；RPN=30.8；建议措施=-。",正确,1.0,14.65,确定性规则问答,1.0,1.0,0,1.0,1,,,,,,"Environmental condition; Marine growth under water can add additional weight and stress for the material, which can lead to cracks in the outer hull",,项目/功能；潜在失效模式；严酷度(S)；发生度(O)；可探测度(D)；潜在失效原因/机理,62,
261,261,Full全量模型,无,故障原因诊断类,项目失效现象风险指标查原因,项目范围原因查询,,,困难,在“Floating support structure / Floating Support structure / Secondary structure”下，如果失效模式是“Additional Structures Failures”，且S/O/D分别为4/3/2，应追溯到什么原因？,"Operation; Navigation and work lights fail [1,12]","匹配到1条记录：1) FMEA编号=FF19；项目/功能=Floating support structure / Floating Support structure / Secondary structure；失效模式=Additional Structures Failures；失效原因=Operation; Navigation and work lights fail [1,12]；失效后果=Increased risk of collision, potential damage to the floater；S=4；O=3；D=2；RPN=36.5；建议措施=-。",正确,1.0,14.49,确定性规则问答,1.0,1.0,0,1.0,1,,,1.0；1.0；1.0；12.0,,,"Operation; Navigation and work lights fail [1,12]",,项目/功能；潜在失效模式；严酷度(S)；发生度(O)；可探测度(D)；潜在失效原因/机理,63,
262,262,Full全量模型,无,故障原因诊断类,项目失效现象风险指标查原因,项目范围原因查询,,,困难,在“Floating support structure / Floating Support structure / All structures”下，如果失效模式是“Hit by dropped objects”，且S/O/D分别为4.83/1.17/4.67，应追溯到什么原因？,Operation; Plane crush,"匹配到1条记录：1) FMEA编号=FF20；项目/功能=Floating support structure / Floating Support structure / All structures；失效模式=Hit by dropped objects [1,9]；失效原因=Operation; Plane crush；失效后果=Damage to the facility, vast economic loses；S=4.83；O=1.17；D=4.67；RPN=31.75；建议措施=-。",正确,1.0,14.8,确定性规则问答,1.0,1.0,0,1.0,1,,,,,,Operation; Plane crush,,项目/功能；潜在失效模式；严酷度(S)；发生度(O)；可探测度(D)；潜在失效原因/机理,64,
263,263,Full全量模型,无,故障原因诊断类,项目失效现象风险指标查原因,项目范围原因查询,,,困难,在“Floating support structure / Floating Support structure / Secondary structure”下，如果失效模式是“Additional Structures Failures”，且S/O/D分别为2/3/3，应追溯到什么原因？,"Operation; Sensors for platform monitoring fail [1,12]","匹配到1条记录：1) FMEA编号=FF21；项目/功能=Floating support structure / Floating Support structure / Secondary structure；失效模式=Additional Structures Failures；失效原因=Operation; Sensors for platform monitoring fail [1,12]；失效后果=Potential failure；S=2；O=3；D=3；RPN=41.17；建议措施=-。",正确,1.0,14.49,确定性规则问答,1.0,1.0,0,1.0,1,,,1.0；1.0；1.0；12.0,,,"Operation; Sensors for platform monitoring fail [1,12]",,项目/功能；潜在失效模式；严酷度(S)；发生度(O)；可探测度(D)；潜在失效原因/机理,65,
264,264,Full全量模型,无,故障原因诊断类,项目失效现象风险指标查原因,项目范围原因查询,,,困难,在“Floating support structure / Floating Support structure / Secondary structure”下，如果失效模式是“Structural break”，且S/O/D分别为4/2.6/3.25，应追溯到什么原因？,Operation and Maintenance; Structural component degradation due to corrosion [12],匹配到1条记录：1) FMEA编号=FF22；项目/功能=Floating support structure / Floating Support structure / Secondary structure；失效模式=Structural break [11]；失效原因=Operation and Maintenance; Structural component degradation due to corrosion [12]；失效后果=Asset damage Energy production loss/reduced stability；S=4；O=2.6；D=3.25；RPN=18.8；建议措施=-。,正确,1.0,14.53,确定性规则问答,1.0,1.0,0,1.0,1,,,12.0,,,Operation and Maintenance; Structural component degradation due to corrosion [12],,项目/功能；潜在失效模式；严酷度(S)；发生度(O)；可探测度(D)；潜在失效原因/机理,66,
265,265,Full全量模型,无,故障原因诊断类,项目失效现象风险指标查原因,项目范围原因查询,,,困难,在“Floating support structure / Floating Support structure / All structures”下，如果失效模式是“Structural break”，且S/O/D分别为4.17/2.67/3.2，应追溯到什么原因？,Operation and Maintenance; Structural degradation due to corrosion [11],"匹配到1条记录：1) FMEA编号=FF23；项目/功能=Floating support structure / Floating Support structure / All structures；失效模式=Structural break [11]；失效原因=Operation and Maintenance; Structural degradation due to corrosion [11]；失效后果=Watertight fault, Potential Floater Unit sinkage；S=4.17；O=2.67；D=3.2；RPN=36；建议措施=-。",正确,1.0,14.9,确定性规则问答,1.0,1.0,0,1.0,1,,,11.0；11.0,,,Operation and Maintenance; Structural degradation due to corrosion [11],,项目/功能；潜在失效模式；严酷度(S)；发生度(O)；可探测度(D)；潜在失效原因/机理,67,
266,266,Full全量模型,无,故障原因诊断类,项目失效现象风险指标查原因,项目范围原因查询,,,困难,在“Floating support structure / Floating Support structure / Primary structure & Welding”下，如果失效模式是“Structural break”，且S/O/D分别为4.67/1.33/3.6，应追溯到什么原因？,Operation; Structure brittle fracture due to extreme environmental temperature,"匹配到1条记录：1) FMEA编号=FF24；项目/功能=Floating support structure / Floating Support structure / Primary structure & Welding；失效模式=Structural break [11]；失效原因=Operation; Structure brittle fracture due to extreme environmental temperature；失效后果=Tower collapse；S=4.67；O=1.33；D=3.6；RPN=33.4；建议措施=Operational limits: weather windows, alarm thresholds for motions; Other- Specify; Expanded design load cases (including typhoon/hurricane scenarios); Better understanding of temperature ranges。",正确,1.0,14.82,确定性规则问答,1.0,1.0,0,1.0,1,,,,,,Operation; Structure brittle fracture due to extreme environmental temperature,,项目/功能；潜在失效模式；严酷度(S)；发生度(O)；可探测度(D)；潜在失效原因/机理,68,
267,267,Full全量模型,无,故障原因诊断类,项目失效现象风险指标查原因,项目范围原因查询,,,困难,在“Floating support structure / Floating Support structure / All structures”下，如果失效模式是“Floater unit sinkage”，且S/O/D分别为5/1.33/2.6，应追溯到什么原因？,Operation; Structures break/collapse due to collision with other FWT,"匹配到1条记录：1) FMEA编号=FF25；项目/功能=Floating support structure / Floating Support structure / All structures；失效模式=Floater unit sinkage；失效原因=Operation; Structures break/collapse due to collision with other FWT；失效后果=Potential Failure/Asset damage Energy production loss；S=5；O=1.33；D=2.6；RPN=30.8；建议措施=Operational limits: weather windows, alarm thresholds for motions; -; Expanded design load cases (including typhoon/hurricane scenarios); Freeboard margin increase and water-tight compartmentalization。",正确,1.0,14.64,确定性规则问答,1.0,1.0,0,1.0,1,,,,,,Operation; Structures break/collapse due to collision with other FWT,,项目/功能；潜在失效模式；严酷度(S)；发生度(O)；可探测度(D)；潜在失效原因/机理,69,
268,268,Full全量模型,无,故障原因诊断类,项目失效现象风险指标查原因,项目范围原因查询,,,困难,在“Floating support structure / Floating Support structure / All structures”下，如果失效模式是“Hit by dropped objects”，且S/O/D分别为4.83/1.67/3.17，应追溯到什么原因？,Environmental condition; Typhoon can cause failure of the floating unit if it gets hit by dropping objects. (eg. damaged blade)(strong wind/wave),"匹配到1条记录：1) FMEA编号=FF26；项目/功能=Floating support structure / Floating Support structure / All structures；失效模式=Hit by dropped objects [1,9]；失效原因=Environmental condition; Typhoon can cause failure of the floating unit if it gets hit by dropping objects. (eg. damaged blade)(strong wind/wave)；失效后果=Damage to the facility, vast economic loses；S=4.83；O=1.67；D=3.17；RPN=25；建议措施=Expanded design load cases (including typhoon/hurricane scenarios); High-fidelity coupled aero-hydro-elastic simulation in design updates; -。",正确,1.0,14.84,确定性规则问答,1.0,1.0,0,1.0,1,,,,,,Environmental condition; Typhoon can cause failure of the floating unit if it gets hit by dropping objects. (eg. damaged blade)(strong wind/wave),,项目/功能；潜在失效模式；严酷度(S)；发生度(O)；可探测度(D)；潜在失效原因/机理,70,
269,269,Full全量模型,无,故障原因诊断类,项目失效现象风险指标查原因,项目范围原因查询,,,困难,在“Floating support structure / Floating Support structure / All structures”下，如果失效模式是“Structural break”，且S/O/D分别为4.67/2.33/3，应追溯到什么原因？,Design; Underdesigned structure/Component due to insufficient environmental data,"匹配到1条记录：1) FMEA编号=FF27；项目/功能=Floating support structure / Floating Support structure / All structures；失效模式=Structural break [11]；失效原因=Design; Underdesigned structure/Component due to insufficient environmental data；失效后果=Watertight fault, Potential Floater Unit sinkage；S=4.67；O=2.33；D=3；RPN=22.4；建议措施=Expanded design load cases (including typhoon/hurricane scenarios); High-fidelity coupled aero-hydro-elastic simulation in design updates。",正确,1.0,14.64,确定性规则问答,1.0,1.0,0,1.0,1,,,,,,Design; Underdesigned structure/Component due to insufficient environmental data,,项目/功能；潜在失效模式；严酷度(S)；发生度(O)；可探测度(D)；潜在失效原因/机理,71,
270,270,Full全量模型,无,故障原因诊断类,项目失效现象风险指标查原因,项目范围原因查询,,,困难,在“Floating support structure / Floating Support structure / All structures & Welding”下，如果失效模式是“Structural break”，且S/O/D分别为4.5/2.33/3.6，应追溯到什么原因？,Maintenance; Undetected defects due to poor quality control,"匹配到1条记录：1) FMEA编号=FF28；项目/功能=Floating support structure / Floating Support structure / All structures & Welding；失效模式=Structural break [11]；失效原因=Maintenance; Undetected defects due to poor quality control；失效后果=Watertight fault, Potential Floater Unit sinkage；S=4.5；O=2.33；D=3.6；RPN=19；建议措施=Operational limits: weather windows, alarm thresholds for motions; Other- Specify; -; Welding quality assurance and NDT enhancement (phased-array UT)。",正确,1.0,14.85,确定性规则问答,1.0,1.0,0,1.0,1,,,,,,Maintenance; Undetected defects due to poor quality control,,项目/功能；潜在失效模式；严酷度(S)；发生度(O)；可探测度(D)；潜在失效原因/机理,72,
271,271,Full全量模型,无,故障原因诊断类,项目失效现象风险指标查原因,项目范围原因查询,,,困难,在“Floating support structure / Floating Support structure / Secondary structure & Welding”下，如果失效模式是“Watertight fault”，且S/O/D分别为3.6/2.33/3.6，应追溯到什么原因？,Manufacturing and Installation; Ventilation heads/Manholes failure due to Manufacturing defect/Welding defect,匹配到1条记录：1) FMEA编号=FF29；项目/功能=Floating support structure / Floating Support structure / Secondary structure & Welding；失效模式=Watertight fault [1]；失效原因=Manufacturing and Installation; Ventilation heads/Manholes failure due to Manufacturing defect/Welding defect；失效后果=Reduced stability；S=3.6；O=2.33；D=3.6；RPN=36；建议措施=-。,正确,1.0,14.83,确定性规则问答,1.0,1.0,0,1.0,1,,,,,,Manufacturing and Installation; Ventilation heads/Manholes failure due to Manufacturing defect/Welding defect,,项目/功能；潜在失效模式；严酷度(S)；发生度(O)；可探测度(D)；潜在失效原因/机理,73,
272,272,Full全量模型,无,故障原因诊断类,项目失效现象风险指标查原因,项目范围原因查询,,,困难,在“Floating support structure / Floating Support structure / Welding”下，如果失效模式是“Cracks”，且S/O/D分别为3.6/3/3.2，应追溯到什么原因？,Manufacturing; Welding failure,匹配到1条记录：1) FMEA编号=FF30；项目/功能=Floating support structure / Floating Support structure / Welding；失效模式=Cracks [11]；失效原因=Manufacturing; Welding failure；失效后果=Watertight fault；S=3.6；O=3；D=3.2；RPN=31.2；建议措施=-。,正确,1.0,14.27,确定性规则问答,1.0,1.0,0,1.0,1,,,,,,Manufacturing; Welding failure,,项目/功能；潜在失效模式；严酷度(S)；发生度(O)；可探测度(D)；潜在失效原因/机理,74,
273,273,Full全量模型,无,故障原因诊断类,项目失效现象风险指标查原因,项目范围原因查询,,,困难,在“Station keeping / Anchor”下，如果失效模式是“Anchor failure”，且S/O/D分别为4.2/2.2/3.8，应追溯到什么原因？,Operation; Abnormal working conditions,"匹配到2条记录：1) FMEA编号=SKS1；项目/功能=Station keeping / Anchor (AC)；失效模式=Anchor failure [1], [17]；失效原因=Operation; Abnormal working conditions；失效后果=Anchor failure；S=4.2；O=2.2；D=3.8；RPN=34；建议措施=Continuous tension and vibration monitoring; thresholds for intervention; Procedural controls: load management, operational envelopes; Better design by expanded load case matrix including more failure modes; -；2) FMEA编号=SKS2；项目/功能=Station keeping / Anchor (AC)；失效模式=Anchor failure [1], [17]；失效原因=Operation; Cyclic degradation；失效后果=Anchor failure；S=4.2；O=2.2；D=3.8；RPN=34；建议措施=Continuous tension and vibration monitoring; thresholds for intervention; Procedural controls: load management, operational envelopes; Better design by expanded load case matrix including more failure modes; -。",正确,1.0,14.26,确定性规则问答,1.0,1.0,0,1.0,2,,,,,,Operation; Abnormal working conditions,,项目/功能；潜在失效模式；严酷度(S)；发生度(O)；可探测度(D)；潜在失效原因/机理,75,
274,274,Full全量模型,无,故障原因诊断类,项目失效现象风险指标查原因,项目范围原因查询,,,困难,在“Station keeping / Mooring Lines / Buoyancy element”下，如果失效模式是“Failure in buoyancy element”，且S/O/D分别为3/3/3.25，应追溯到什么原因？,Operation,匹配到1条记录：1) FMEA编号=SKS3；项目/功能=Station keeping / Mooring Lines (ML) / Buoyancy element；失效模式=Failure in buoyancy element；失效原因=Operation；S=3；O=3；D=3.25；RPN=29.25；建议措施=-。,正确,1.0,14.46,确定性规则问答,1.0,1.0,0,1.0,1,,,,,,Operation,,项目/功能；潜在失效模式；严酷度(S)；发生度(O)；可探测度(D)；潜在失效原因/机理,77,
275,275,Full全量模型,无,故障原因诊断类,项目失效现象风险指标查原因,项目范围原因查询,,,困难,在“Station keeping / Mooring Lines / Clump weight”下，如果失效模式是“Failure in clump weight”，且S/O/D分别为3/2.75/3.5，应追溯到什么原因？,Operation,匹配到1条记录：1) FMEA编号=SKS4；项目/功能=Station keeping / Mooring Lines (ML) / Clump weight；失效模式=Failure in clump weight；失效原因=Operation；S=3；O=2.75；D=3.5；RPN=28.5；建议措施=-。,正确,1.0,14.26,确定性规则问答,1.0,1.0,0,1.0,1,,,,,,Operation,,项目/功能；潜在失效模式；严酷度(S)；发生度(O)；可探测度(D)；潜在失效原因/机理,78,
276,276,Full全量模型,无,故障原因诊断类,项目失效现象风险指标查原因,项目范围原因查询,,,困难,在“Station keeping / Fairlead”下，如果失效模式是“Fairlead failure”，且S/O/D分别为3.8/2.8/3，应追溯到什么原因？,Operation; Fairlead fatigue,"匹配到2条记录：1) FMEA编号=SKS5；项目/功能=Station keeping / Fairlead (FL)；失效模式=Fairlead failure [1], [17]；失效原因=Operation; Fairlead fatigue；失效后果=The anchor cannot be dropped and lift；S=3.8；O=2.8；D=3；RPN=30；建议措施=Continuous tension and vibration monitoring; thresholds for intervention; Fairlead geometry improvements and low-wear lining; Optimized chain/wire/rope selection and fatigue margins (design); -；2) FMEA编号=SKS6；项目/功能=Station keeping / Fairlead (FL)；失效模式=Fairlead failure [1],[17]；失效原因=Operation; Fairlead corrosion；失效后果=The anchor cannot be dropped and lift；S=3.8；O=2.8；D=3；RPN=30；建议措施=Cathodic protection and corrosion monitoring regimes; -。",正确,1.0,14.5,确定性规则问答,1.0,1.0,1,1.0,2,,,,,2.0；2.0,Operation; Fairlead fatigue,,项目/功能；潜在失效模式；严酷度(S)；发生度(O)；可探测度(D)；潜在失效原因/机理,79,
277,277,Full全量模型,无,故障原因诊断类,项目失效现象风险指标查原因,项目范围原因查询,,,困难,在“Station keeping / Monitoring System”下，如果失效模式是“Monitoring system fails”，且S/O/D分别为2.6/3.2/2，应追溯到什么原因？,Operation,匹配到1条记录：1) FMEA编号=SKS7；项目/功能=Station keeping / Monitoring System；失效模式=Monitoring system fails；失效原因=Operation；失效后果=Unable to monitor tension in the mooring lines；S=2.6；O=3.2；D=2；RPN=13.5；建议措施=-。,正确,1.0,14.12,确定性规则问答,1.0,1.0,0,1.0,1,,,,,,Operation,,项目/功能；潜在失效模式；严酷度(S)；发生度(O)；可探测度(D)；潜在失效原因/机理,81,
278,278,Full全量模型,无,故障原因诊断类,项目失效现象风险指标查原因,项目范围原因查询,,,困难,在“Station keeping / Mooring Lines / Mooring lines”下，如果失效模式是“Mooring line breakage”，且S/O/D分别为4/2.4/3.2，应追溯到什么原因？,Manufacturing; Poor splice quality/ workmanship/qualification,匹配到1条记录：1) FMEA编号=SKS8；项目/功能=Station keeping / Mooring Lines (ML) / Mooring lines；失效模式=Mooring line breakage [8]；失效原因=Manufacturing; Poor splice quality/ workmanship/qualification；失效后果=Mooring line strength decrease or broken；S=4；O=2.4；D=3.2；RPN=28.8；建议措施=ROV visual inspections; targeted maintenance on wear zones; Diversity in materials/vendors to reduce common-cause risks; -。,正确,1.0,14.77,确定性规则问答,1.0,1.0,0,1.0,1,,,,,,Manufacturing; Poor splice quality/ workmanship/qualification,,项目/功能；潜在失效模式；严酷度(S)；发生度(O)；可探测度(D)；潜在失效原因/机理,82,
279,279,Full全量模型,无,故障原因诊断类,项目失效现象风险指标查原因,项目范围原因查询,,,困难,在“Station keeping / Mooring Lines / Mooring lines”下，如果失效模式是“Mooring line breakage”，且S/O/D分别为4/2/2.6，应追溯到什么原因？,Environmental condition; Abnormal stress due to mooring lines wear caused by unexpected seismic loads/ The tension overpassing the limit value can cause the mooring line to instantaneously break [18],匹配到1条记录：1) FMEA编号=SKS9；项目/功能=Station keeping / Mooring Lines (ML) / Mooring lines；失效模式=Mooring line breakage[8]；失效原因=Environmental condition; Abnormal stress due to mooring lines wear caused by unexpected seismic loads/ The tension overpassing the limit value can cause the mooring line to instantaneously break [18]；失效后果=Mooring line strength decrease or broken；S=4；O=2；D=2.6；RPN=20；建议措施=Continuous tension and vibration monitoring; thresholds for intervention; -。,正确,1.0,14.95,确定性规则问答,1.0,1.0,0,1.0,1,,,18.0,,,Environmental condition; Abnormal stress due to mooring lines wear caused by unexpected seismic loads/ The tension overpassing the limit value can cause the mooring line to instantaneously break [18],,项目/功能；潜在失效模式；严酷度(S)；发生度(O)；可探测度(D)；潜在失效原因/机理,83,
280,280,Full全量模型,无,故障原因诊断类,项目失效现象风险指标查原因,项目范围原因查询,,,困难,在“Station keeping / Mooring Lines / Mooring lines”下，如果失效模式是“Mooring line breakage”，且S/O/D分别为4/2/3，应追溯到什么原因？,Environmental condition; Mooring lines wear caused by unexpected external damage (from e.g. overtrawling)/particulate ingress/UV light,匹配到1条记录：1) FMEA编号=SKS10；项目/功能=Station keeping / Mooring Lines (ML) / Mooring lines；失效模式=Mooring line breakage[8]；失效原因=Environmental condition; Mooring lines wear caused by unexpected external damage (from e.g. overtrawling)/particulate ingress/UV light；失效后果=Mooring line strength decrease or broken；S=4；O=2；D=3；RPN=24；建议措施=Continuous tension and vibration monitoring; thresholds for intervention; -。,正确,1.0,14.77,确定性规则问答,1.0,1.0,0,1.0,1,,,,,,Environmental condition; Mooring lines wear caused by unexpected external damage (from e.g. overtrawling)/particulate ingress/UV light,,项目/功能；潜在失效模式；严酷度(S)；发生度(O)；可探测度(D)；潜在失效原因/机理,84,
281,281,Full全量模型,无,故障原因诊断类,项目失效现象风险指标查原因,项目范围原因查询,,,困难,在“Station keeping / Mooring Lines / Mooring lines”下，如果失效模式是“Mooring Line Corrosion”，且S/O/D分别为3.6/2.8/3，应追溯到什么原因？,Maintenance; Mooring lines corrosion due to improper maintenance of the corroded components,匹配到1条记录：1) FMEA编号=SKS11；项目/功能=Station keeping / Mooring Lines (ML) / Mooring lines；失效模式=Mooring Line Corrosion [1]；失效原因=Maintenance; Mooring lines corrosion due to improper maintenance of the corroded components；失效后果=Mooring line strength decrease or broken；S=3.6；O=2.8；D=3；RPN=29.2；建议措施=Continuous tension and vibration monitoring; thresholds for intervention; Optimized chain/wire/rope selection and fatigue margins (design); -。,正确,1.0,14.47,确定性规则问答,1.0,1.0,0,1.0,1,,,,,,Maintenance; Mooring lines corrosion due to improper maintenance of the corroded components,,项目/功能；潜在失效模式；严酷度(S)；发生度(O)；可探测度(D)；潜在失效原因/机理,85,
282,282,Full全量模型,无,故障原因诊断类,项目失效现象风险指标查原因,项目范围原因查询,,,困难,在“Station keeping / Mooring Lines / Mooring lines”下，如果失效模式是“Mooring Line Fatigue”，且S/O/D分别为3.6/2.8/3，应追溯到什么原因？,"Maintenance; Mooring line fatigue due to Lack of proper maintenance, including inspection, monitoring, and replacement of the mooring lines.","匹配到1条记录：1) FMEA编号=SKS12；项目/功能=Station keeping / Mooring Lines (ML) / Mooring lines；失效模式=Mooring Line Fatigue [1]；失效原因=Maintenance; Mooring line fatigue due to Lack of proper maintenance, including inspection, monitoring, and replacement of the mooring lines.；失效后果=Mooring line strength decrease or broken；S=3.6；O=2.8；D=3；RPN=29.6；建议措施=-。",正确,1.0,14.71,确定性规则问答,1.0,1.0,0,1.0,1,,,,,,"Maintenance; Mooring line fatigue due to Lack of proper maintenance, including inspection, monitoring, and replacement of the mooring lines.",,项目/功能；潜在失效模式；严酷度(S)；发生度(O)；可探测度(D)；潜在失效原因/机理,86,
283,283,Full全量模型,无,故障原因诊断类,项目失效现象风险指标查原因,项目范围原因查询,,,困难,在“Station keeping / Mooring Lines / Mooring lines”下，如果失效模式是“Mooring Line Fatigue”，且S/O/D分别为3.6/3/3，应追溯到什么原因？,"Operation; Mooring line fatigue due to Improper operational procedures, such as excessive loading, bending or twisting.","匹配到1条记录：1) FMEA编号=SKS13；项目/功能=Station keeping / Mooring Lines (ML) / Mooring lines；失效模式=Mooring Line Fatigue [1]；失效原因=Operation; Mooring line fatigue due to Improper operational procedures, such as excessive loading, bending or twisting.；失效后果=Mooring line strength decrease or broken；S=3.6；O=3；D=3；RPN=31.6；建议措施=Continuous tension and vibration monitoring; thresholds for intervention; Optimized chain/wire/rope selection and fatigue margins (design); -。",正确,1.0,14.78,确定性规则问答,1.0,1.0,0,1.0,1,,,,,,"Operation; Mooring line fatigue due to Improper operational procedures, such as excessive loading, bending or twisting.",,项目/功能；潜在失效模式；严酷度(S)；发生度(O)；可探测度(D)；潜在失效原因/机理,87,
284,284,Full全量模型,无,故障原因诊断类,项目失效现象风险指标查原因,项目范围原因查询,,,困难,在“Station keeping / Mooring Lines / Mooring lines”下，如果失效模式是“Mooring line wear”，且S/O/D分别为3.6/2.8/3.6，应追溯到什么原因？,Manufacturing; Mooring lines wear due to poor quality during fabrication,匹配到1条记录：1) FMEA编号=SKS14；项目/功能=Station keeping / Mooring Lines (ML) / Mooring lines；失效模式=Mooring line wear [1]；失效原因=Manufacturing; Mooring lines wear due to poor quality during fabrication；失效后果=Mooring line strength decrease or broken；S=3.6；O=2.8；D=3.6；RPN=35.6；建议措施=-。,正确,1.0,14.48,确定性规则问答,1.0,1.0,0,1.0,1,,,,,,Manufacturing; Mooring lines wear due to poor quality during fabrication,,项目/功能；潜在失效模式；严酷度(S)；发生度(O)；可探测度(D)；潜在失效原因/机理,88,
285,285,Full全量模型,无,故障原因诊断类,项目失效现象风险指标查原因,项目范围原因查询,,,困难,在“Station keeping / Mooring Lines / Mooring lines”下，如果失效模式是“Mooring line wear”，且S/O/D分别为3.6/2/3.6，应追溯到什么原因？,Design; Mooring lines wear due to underestimation of seisemic events during design or due to rope compression not considered,匹配到1条记录：1) FMEA编号=SKS15；项目/功能=Station keeping / Mooring Lines (ML) / Mooring lines；失效模式=Mooring line wear [1]；失效原因=Design; Mooring lines wear due to underestimation of seisemic events during design or due to rope compression not considered；失效后果=Mooring line strength decrease or broken；S=3.6；O=2；D=3.6；RPN=26.4；建议措施=-。,正确,1.0,14.87,确定性规则问答,1.0,1.0,0,1.0,1,,,,,,Design; Mooring lines wear due to underestimation of seisemic events during design or due to rope compression not considered,,项目/功能；潜在失效模式；严酷度(S)；发生度(O)；可探测度(D)；潜在失效原因/机理,89,
286,286,Full全量模型,无,故障原因诊断类,项目失效现象风险指标查原因,项目范围原因查询,,,困难,在“Station keeping / Mooring Lines / Mooring lines”下，如果失效模式是“Mooring line wear”，且S/O/D分别为3.6/2.4/3.6，应追溯到什么原因？,"Operation; Mooring lines wear due to Improper handling, such as excessive tension, bending, or twisting of the mooring lines.","匹配到1条记录：1) FMEA编号=SKS16；项目/功能=Station keeping / Mooring Lines (ML) / Mooring lines；失效模式=Mooring line wear [1]；失效原因=Operation; Mooring lines wear due to Improper handling, such as excessive tension, bending, or twisting of the mooring lines.；失效后果=Mooring line strength decrease or broken；S=3.6；O=2.4；D=3.6；RPN=31.6；建议措施=-。",正确,1.0,14.59,确定性规则问答,1.0,1.0,0,1.0,1,,,,,,"Operation; Mooring lines wear due to Improper handling, such as excessive tension, bending, or twisting of the mooring lines.",,项目/功能；潜在失效模式；严酷度(S)；发生度(O)；可探测度(D)；潜在失效原因/机理,90,
287,287,Full全量模型,无,故障原因诊断类,项目失效现象风险指标查原因,项目范围原因查询,,,困难,在“Station keeping / Mooring lines / Mooring lines”下，如果失效模式是“Mooring lines broken”，且S/O/D分别为4/2.4/2.6，应追溯到什么原因？,Operation; Transitional chain wear due to repeated loading and unloading cycles over time,"匹配到1条记录：1) FMEA编号=SKS17；项目/功能=Station keeping / Mooring lines (ML) / Mooring lines；失效模式=Mooring lines broken [1,3]；失效原因=Operation; Transitional chain wear due to repeated loading and unloading cycles over time；失效后果=Asset not in correct location or position；S=4；O=2.4；D=2.6；RPN=24.8；建议措施=ROV visual inspections; targeted maintenance on wear zones; Optimized chain/wire/rope selection and fatigue margins (design); Only chain and wire above MSL, keep fiber ropes wet; -。",正确,1.0,14.59,确定性规则问答,1.0,1.0,0,1.0,1,,,,,,Operation; Transitional chain wear due to repeated loading and unloading cycles over time,,项目/功能；潜在失效模式；严酷度(S)；发生度(O)；可探测度(D)；潜在失效原因/机理,91,
288,288,Full全量模型,无,故障原因诊断类,项目失效现象风险指标查原因,项目范围原因查询,,,困难,在“Station keeping / Mooring lines / Mooring lines”下，如果失效模式是“Mooring lines broken”，且S/O/D分别为4/2/2.6，应追溯到什么原因？,Maintenance; Transitional chain wear due to improper inspection and maintenance,"匹配到1条记录：1) FMEA编号=SKS18；项目/功能=Station keeping / Mooring lines (ML) / Mooring lines；失效模式=Mooring lines broken [1,3]；失效原因=Maintenance; Transitional chain wear due to improper inspection and maintenance；失效后果=Asset not in correct location or position；S=4；O=2；D=2.6；RPN=20；建议措施=ROV visual inspections; targeted maintenance on wear zones; Optimized chain/wire/rope selection and fatigue margins (design); Only chain and wire above MSL, keep fiber ropes wet; -。",正确,1.0,14.91,确定性规则问答,1.0,1.0,0,1.0,1,,,,,,Maintenance; Transitional chain wear due to improper inspection and maintenance,,项目/功能；潜在失效模式；严酷度(S)；发生度(O)；可探测度(D)；潜在失效原因/机理,92,
289,289,Full全量模型,无,故障原因诊断类,项目失效现象风险指标查原因,项目范围原因查询,,,困难,在“Station keeping / Mooring lines / Mooring lines”下，如果失效模式是“Mooring lines broken”，且S/O/D分别为4/2.2/2.6，应追溯到什么原因？,"Operation; Friction chain wear due to significant movement and tension due to the forces of wind, waves","匹配到1条记录：1) FMEA编号=SKS19；项目/功能=Station keeping / Mooring lines (ML) / Mooring lines；失效模式=Mooring lines broken [1,3]；失效原因=Operation; Friction chain wear due to significant movement and tension due to the forces of wind, waves；失效后果=Asset not in correct location or position；S=4；O=2.2；D=2.6；RPN=22.4；建议措施=ROV visual inspections; targeted maintenance on wear zones; Optimized chain/wire/rope selection and fatigue margins (design); Only chain and wire above MSL, keep fiber ropes wet; -。",正确,1.0,14.64,确定性规则问答,1.0,1.0,0,1.0,1,,,,,,"Operation; Friction chain wear due to significant movement and tension due to the forces of wind, waves",,项目/功能；潜在失效模式；严酷度(S)；发生度(O)；可探测度(D)；潜在失效原因/机理,93,
290,290,Full全量模型,无,故障原因诊断类,项目失效现象风险指标查原因,项目范围原因查询,,,困难,在“Station keeping / Mooring lines / Mooring lines”下，如果失效模式是“Mooring lines broken”，且S/O/D分别为4/2.2/3，应追溯到什么原因？,Operation; Mooring line wear due to hysteretic heating or wet-dry cycling,"匹配到1条记录：1) FMEA编号=SKS20；项目/功能=Station keeping / Mooring lines (ML) / Mooring lines；失效模式=Mooring lines broken [1,3]；失效原因=Operation; Mooring line wear due to hysteretic heating or wet-dry cycling；失效后果=Asset not in correct location or position；S=4；O=2.2；D=3；RPN=28；建议措施=ROV visual inspections; targeted maintenance on wear zones; -。",正确,1.0,14.45,确定性规则问答,1.0,1.0,0,1.0,1,,,,,,Operation; Mooring line wear due to hysteretic heating or wet-dry cycling,,项目/功能；潜在失效模式；严酷度(S)；发生度(O)；可探测度(D)；潜在失效原因/机理,94,
291,291,Full全量模型,无,故障原因诊断类,项目失效现象风险指标查原因,项目范围原因查询,,,困难,在“Station keeping / Mooring lines / Mooring winch”下，如果失效模式是“Mooring winch failure”，且S/O/D分别为4/2/2.8，应追溯到什么原因？,Design; Mooring winch failure due to understimation of loads during design phase,匹配到1条记录：1) FMEA编号=SKS21；项目/功能=Station keeping / Mooring lines (ML) / Mooring winch；失效模式=Mooring winch failure [1]；失效原因=Design; Mooring winch failure due to understimation of loads during design phase；失效后果=Asset not in correct location or position；S=4；O=2；D=2.8；RPN=21.6；建议措施=-。,正确,1.0,14.56,确定性规则问答,1.0,1.0,0,1.0,1,,,,,,Design; Mooring winch failure due to understimation of loads during design phase,,项目/功能；潜在失效模式；严酷度(S)；发生度(O)；可探测度(D)；潜在失效原因/机理,95,
292,292,Full全量模型,无,故障原因诊断类,项目失效现象风险指标查原因,项目范围原因查询,,,困难,在“Station keeping / Mooring lines / Mooring winch”下，如果失效模式是“Mooring winch failure”，且S/O/D分别为4/2/3.2，应追溯到什么原因？,Maintenance; Mooring winch failure due to undetected hazard during operation,"匹配到1条记录：1) FMEA编号=SKS22；项目/功能=Station keeping / Mooring lines (ML) / Mooring winch；失效模式=Mooring winch failure [1]；失效原因=Maintenance; Mooring winch failure due to undetected hazard during operation；失效后果=Asset not in correct location or position；S=4；O=2；D=3.2；RPN=25.6；建议措施=Continuous tension and vibration monitoring; thresholds for intervention; Procedural controls: load management, operational envelopes; -。",正确,1.0,14.47,确定性规则问答,1.0,1.0,0,1.0,1,,,,,,Maintenance; Mooring winch failure due to undetected hazard during operation,,项目/功能；潜在失效模式；严酷度(S)；发生度(O)；可探测度(D)；潜在失效原因/机理,96,
293,293,Full全量模型,无,故障原因诊断类,项目失效现象风险指标查原因,项目范围原因查询,,,困难,在“Dynamic cable / Dynamic Cable / Dynamic Cable”下，如果失效模式是“accelerated mechanical fatigue”，且S/O/D分别为4.2/2.2/3.75，应追溯到什么原因？,Design Phase; Underestimation of dynamic conditions - Unexpected contingency scenario ( loss of mooring line ) - unexpected dynamic loads,"匹配到1条记录：1) FMEA编号=DC1；项目/功能=Dynamic cable / Dynamic Cable / Dynamic Cable/；失效模式=accelerated mechanical fatigue；失效原因=Design Phase; Underestimation of dynamic conditions - Unexpected contingency scenario ( loss of mooring line ) - unexpected dynamic loads；失效后果=Structural damage - cable composition weakening；S=4.2；O=2.2；D=3.75；RPN=30.25；建议措施=Monitoring: DTS/RTTR, electrical integrity tests, leak detection; Lazy-wave configuration optimization; buoyancy spacing; hang-off upgrades; -。",正确,1.0,14.22,确定性规则问答,1.0,1.0,0,1.0,1,,,,,,Design Phase; Underestimation of dynamic conditions - Unexpected contingency scenario ( loss of mooring line ) - unexpected dynamic loads,,项目/功能；潜在失效模式；严酷度(S)；发生度(O)；可探测度(D)；潜在失效原因/机理,97,
294,294,Full全量模型,无,故障原因诊断类,项目失效现象风险指标查原因,项目范围原因查询,,,困难,在“Dynamic cable / Dynamic Cable / Dynamic Cable”下，如果失效模式是“anchoring damages”，且S/O/D分别为4.2/1.6/2.4，应追溯到什么原因？,Environmental conditions; Anchor impacts - seabed movement,匹配到1条记录：1) FMEA编号=DC2；项目/功能=Dynamic cable / Dynamic Cable / Dynamic Cable/；失效模式=anchoring damages；失效原因=Environmental conditions; Anchor impacts - seabed movement；失效后果=Structural integrity damage - extra stress on cables；S=4.2；O=1.6；D=2.4；RPN=20；建议措施=-。,正确,1.0,14.46,确定性规则问答,1.0,1.0,0,1.0,1,,,,,,Environmental conditions; Anchor impacts - seabed movement,,项目/功能；潜在失效模式；严酷度(S)；发生度(O)；可探测度(D)；潜在失效原因/机理,98,
295,295,Full全量模型,无,故障原因诊断类,项目失效现象风险指标查原因,项目范围原因查询,,,困难,在“Dynamic cable / Dynamic Cable / Dynamic Cable”下，如果失效模式是“Cable Damage”，且S/O/D分别为2.67/3/3，应追溯到什么原因？,"Operation; Mechanical stress - cable motion,Bending and motion","匹配到1条记录：1) FMEA编号=DC3；项目/功能=Dynamic cable / Dynamic Cable / Dynamic Cable/；失效模式=Cable Damage；失效原因=Operation; Mechanical stress - cable motion,Bending and motion；失效后果=Operational disruption；S=2.67；O=3；D=3；RPN=32；建议措施=-。",正确,1.0,14.13,确定性规则问答,1.0,1.0,0,1.0,1,,,,,,"Operation; Mechanical stress - cable motion,Bending and motion",,项目/功能；潜在失效模式；严酷度(S)；发生度(O)；可探测度(D)；潜在失效原因/机理,99,
296,296,Full全量模型,无,故障原因诊断类,项目失效现象风险指标查原因,项目范围原因查询,,,困难,在“Dynamic cable / Dynamic Cable / J-tube”下，如果失效模式是“Corrosion of J-tube”，且S/O/D分别为2.8/2.8/3.2，应追溯到什么原因？,"Installation phase; Seawater exposure, environmental conditions due to failure of corrosion protection anodes","匹配到1条记录：1) FMEA编号=DC4；项目/功能=Dynamic cable / Dynamic Cable / J-tube；失效模式=Corrosion of J-tube [6]；失效原因=Installation phase; Seawater exposure, environmental conditions due to failure of corrosion protection anodes；失效后果=J-tube degradation affecting cable integrity；S=2.8；O=2.8；D=3.2；RPN=22.5；建议措施=-。",正确,1.0,14.37,确定性规则问答,1.0,1.0,0,1.0,1,,,,,,"Installation phase; Seawater exposure, environmental conditions due to failure of corrosion protection anodes",,项目/功能；潜在失效模式；严酷度(S)；发生度(O)；可探测度(D)；潜在失效原因/机理,100,
297,297,Full全量模型,无,故障原因诊断类,项目失效现象风险指标查原因,项目范围原因查询,,,困难,在“Dynamic cable / Dynamic Cable / J-tube”下，如果失效模式是“Corrosion of J-tube”，且S/O/D分别为3.2/2/3.4，应追溯到什么原因？,"Design Phase; Seawater exposure, environmental conditions due to insufficient coating","匹配到1条记录：1) FMEA编号=DC5；项目/功能=Dynamic cable / Dynamic Cable / J-tube；失效模式=Corrosion of J-tube [6]；失效原因=Design Phase; Seawater exposure, environmental conditions due to insufficient coating；失效后果=J-tube degradation affecting cable integrity；S=3.2；O=2；D=3.4；RPN=15；建议措施=-; Cathodic protection; coating improvements。",正确,1.0,14.7,确定性规则问答,1.0,1.0,0,1.0,1,,,,,,"Design Phase; Seawater exposure, environmental conditions due to insufficient coating",,项目/功能；潜在失效模式；严酷度(S)；发生度(O)；可探测度(D)；潜在失效原因/机理,101,
298,298,Full全量模型,无,故障原因诊断类,项目失效现象风险指标查原因,项目范围原因查询,,,困难,在“Dynamic cable / Dynamic Cable / Dynamic Cable”下，如果失效模式是“Crushing or deformation”，且S/O/D分别为3.8/1.8/3.2，应追溯到什么原因？,Design Phase; Excessive mechanical load - equipment interraction,匹配到1条记录：1) FMEA编号=DC6；项目/功能=Dynamic cable / Dynamic Cable / Dynamic Cable/；失效模式=Crushing or deformation；失效原因=Design Phase; Excessive mechanical load - equipment interraction；失效后果=Structural damage - cable weakening；S=3.8；O=1.8；D=3.2；RPN=24；建议措施=-。,正确,1.0,14.58,确定性规则问答,1.0,1.0,0,1.0,1,,,,,,Design Phase; Excessive mechanical load - equipment interraction,,项目/功能；潜在失效模式；严酷度(S)；发生度(O)；可探测度(D)；潜在失效原因/机理,102,
299,299,Full全量模型,无,故障原因诊断类,项目失效现象风险指标查原因,项目范围原因查询,,,困难,在“Dynamic cable / Dynamic Cable / Hang-off”下，如果失效模式是“damage and corrosion of mechanical parts”，且S/O/D分别为3.2/1.75/3.5，应追溯到什么原因？,Design Phase; Wrong design/execution of the isolation material,匹配到1条记录：1) FMEA编号=DC7；项目/功能=Dynamic cable / Dynamic Cable / Hang-off；失效模式=damage and corrosion of mechanical parts；失效原因=Design Phase; Wrong design/execution of the isolation material；失效后果=High risk of fault on the cable - total loss of the line Prodution loss on the string；S=3.2；O=1.75；D=3.5；RPN=24；建议措施=-; Design review; improved material selection。,正确,1.0,14.1,确定性规则问答,1.0,1.0,0,1.0,1,,,,,,Design Phase; Wrong design/execution of the isolation material,,项目/功能；潜在失效模式；严酷度(S)；发生度(O)；可探测度(D)；潜在失效原因/机理,103,
300,300,Full全量模型,无,故障原因诊断类,项目失效现象风险指标查原因,项目范围原因查询,,,困难,在“Dynamic cable / Dynamic Cable / Dynamic Cable”下，如果失效模式是“Debris disturbance”，且S/O/D分别为3.2/2/3.2，应追溯到什么原因？,Environmental conditions; Floating debris - marine activities,匹配到1条记录：1) FMEA编号=DC8；项目/功能=Dynamic cable / Dynamic Cable / Dynamic Cable/；失效模式=Debris disturbance；失效原因=Environmental conditions; Floating debris - marine activities；失效后果=Cable damage - operational disruption；S=3.2；O=2；D=3.2；RPN=16；建议措施=-; Environmental protections; debris management。,正确,1.0,14.54,确定性规则问答,1.0,1.0,0,1.0,1,,,,,,Environmental conditions; Floating debris - marine activities,,项目/功能；潜在失效模式；严酷度(S)；发生度(O)；可探测度(D)；潜在失效原因/机理,104,
301,301,Full全量模型,无,故障原因诊断类,项目失效现象风险指标查原因,项目范围原因查询,,,困难,在“Dynamic cable / Dynamic Cable / Dynamic Cable”下，如果失效模式是“Detachment”，且S/O/D分别为4.4/2/2.4，应追溯到什么原因？,Operation; Connector failure - Mechanical stress,匹配到1条记录：1) FMEA编号=DC9；项目/功能=Dynamic cable / Dynamic Cable / Dynamic Cable/；失效模式=Detachment；失效原因=Operation; Connector failure - Mechanical stress；失效后果=cable disconnection - water penetration - Power loss；S=4.4；O=2；D=2.4；RPN=18.5；建议措施=-; Design review; improved material selection。,正确,1.0,14.28,确定性规则问答,1.0,1.0,0,1.0,1,,,,,,Operation; Connector failure - Mechanical stress,,项目/功能；潜在失效模式；严酷度(S)；发生度(O)；可探测度(D)；潜在失效原因/机理,105,
302,302,Full全量模型,无,故障原因诊断类,项目失效现象风险指标查原因,项目范围原因查询,,,困难,在“Dynamic cable / Dynamic Cable / Joints and terminations”下，如果失效模式是“Failure of end termination”，且S/O/D分别为3.6/2.6/2.8，应追溯到什么原因？,Manufacturing; Poor quality components [6],匹配到1条记录：1) FMEA编号=DC10；项目/功能=Dynamic cable / Dynamic Cable / Joints and terminations；失效模式=Failure of end termination [6]；失效原因=Manufacturing; Poor quality components [6]；失效后果=breakdown of insulation；S=3.6；O=2.6；D=2.8；RPN=25.2；建议措施=-。,正确,1.0,14.66,确定性规则问答,1.0,1.0,0,1.0,1,,,6.0；6.0,,,Manufacturing; Poor quality components [6],,项目/功能；潜在失效模式；严酷度(S)；发生度(O)；可探测度(D)；潜在失效原因/机理,106,
303,303,Full全量模型,无,故障原因诊断类,项目失效现象风险指标查原因,项目范围原因查询,,,困难,在“Dynamic cable / Dynamic Cable / Joints and terminations”下，如果失效模式是“Failure of end termination”，且S/O/D分别为3.8/2.6/3.2，应追溯到什么原因？,Manufacturing; Poor quality of insulating fluids [6],匹配到1条记录：1) FMEA编号=DC11；项目/功能=Dynamic cable / Dynamic Cable / Joints and terminations；失效模式=Failure of end termination [6]；失效原因=Manufacturing; Poor quality of insulating fluids [6]；失效后果=breakdown of insulation；S=3.8；O=2.6；D=3.2；RPN=28.6；建议措施=-; Design improvements; enhanced termination QA。,正确,1.0,14.48,确定性规则问答,1.0,1.0,0,1.0,1,,,6.0；6.0,,,Manufacturing; Poor quality of insulating fluids [6],,项目/功能；潜在失效模式；严酷度(S)；发生度(O)；可探测度(D)；潜在失效原因/机理,107,
304,304,Full全量模型,无,故障原因诊断类,项目失效现象风险指标查原因,项目范围原因查询,,,困难,在“Dynamic cable / Dynamic Cable / Joints and terminations”下，如果失效模式是“Failure of end termination”，且S/O/D分别为3.6/2.8/2.8，应追溯到什么原因？,Manufacturing; Quality of workmanship [6],匹配到1条记录：1) FMEA编号=DC12；项目/功能=Dynamic cable / Dynamic Cable / Joints and terminations；失效模式=Failure of end termination [6]；失效原因=Manufacturing; Quality of workmanship [6]；失效后果=breakdown of insulation；S=3.6；O=2.8；D=2.8；RPN=27.6；建议措施=-。,正确,1.0,14.58,确定性规则问答,1.0,1.0,0,1.0,1,,,6.0；6.0,,,Manufacturing; Quality of workmanship [6],,项目/功能；潜在失效模式；严酷度(S)；发生度(O)；可探测度(D)；潜在失效原因/机理,108,
305,305,Full全量模型,无,故障原因诊断类,项目失效现象风险指标查原因,项目范围原因查询,,,困难,在“Dynamic cable / Dynamic Cable / Dynamic Cable”下，如果失效模式是“Failure of fixing clamps”，且S/O/D分别为3.6/2.6/3，应追溯到什么原因？,Operation; Mechanical stress,匹配到1条记录：1) FMEA编号=DC13；项目/功能=Dynamic cable / Dynamic Cable / Dynamic Cable/；失效模式=Failure of fixing clamps；失效原因=Operation; Mechanical stress；失效后果=Cable damage - exposure to elements；S=3.6；O=2.6；D=3；RPN=28；建议措施=-。,正确,1.0,14.53,确定性规则问答,1.0,1.0,0,1.0,1,,,,,,Operation; Mechanical stress,,项目/功能；潜在失效模式；严酷度(S)；发生度(O)；可探测度(D)；潜在失效原因/机理,109,
306,306,Full全量模型,无,故障原因诊断类,项目失效现象风险指标查原因,项目范围原因查询,,,困难,在“Dynamic cable / Dynamic Cable / Insulation”下，如果失效模式是“Failure of insulations”，且S/O/D分别为4.4/2.2/2.8，应追溯到什么原因？,Design Phase; Inproper design : need quality insulation materials and protection,匹配到1条记录：1) FMEA编号=DC14；项目/功能=Dynamic cable / Dynamic Cable / Insulation；失效模式=Failure of insulations；失效原因=Design Phase; Inproper design : need quality insulation materials and protection；失效后果=Fault in the cable - power disruption；S=4.4；O=2.2；D=2.8；RPN=25.6；建议措施=-。,正确,1.0,14.34,确定性规则问答,1.0,1.0,0,1.0,1,,,,,,Design Phase; Inproper design : need quality insulation materials and protection,,项目/功能；潜在失效模式；严酷度(S)；发生度(O)；可探测度(D)；潜在失效原因/机理,110,
307,307,Full全量模型,无,故障原因诊断类,项目失效现象风险指标查原因,项目范围原因查询,,,困难,在“Dynamic cable / Dynamic Cable / Sheath”下，如果失效模式是“Failure of sheath”，且S/O/D分别为4.2/2.4/3，应追溯到什么原因？,Operation; Mechanical and thermal stress,匹配到1条记录：1) FMEA编号=DC15；项目/功能=Dynamic cable / Dynamic Cable / Sheath；失效模式=Failure of sheath；失效原因=Operation; Mechanical and thermal stress；失效后果=Fault in the cable - exposure to elements；S=4.2；O=2.4；D=3；RPN=31.6；建议措施=-。,正确,1.0,14.2,确定性规则问答,1.0,1.0,0,1.0,1,,,,,,Operation; Mechanical and thermal stress,,项目/功能；潜在失效模式；严酷度(S)；发生度(O)；可探测度(D)；潜在失效原因/机理,111,
308,308,Full全量模型,无,故障原因诊断类,项目失效现象风险指标查原因,项目范围原因查询,,,困难,在“Dynamic cable / Dynamic Cable / Dynamic Cable”下，如果失效模式是“Failure of watertightness”，且S/O/D分别为4.2/2.6/3，应追溯到什么原因？,Manufacturing; Errors or defects during manufacturing,"匹配到1条记录：1) FMEA编号=DC16；项目/功能=Dynamic cable / Dynamic Cable / Dynamic Cable/；失效模式=Failure of watertightness；失效原因=Manufacturing; Errors or defects during manufacturing；失效后果=Reduced or interupted electricity flow；S=4.2；O=2.6；D=3；RPN=30.2；建议措施=Installation QA/QC: pull-in tension verification, handling procedures; Watertightness assurance: enhanced sealing tests; end termination QA; -。",正确,1.0,14.48,确定性规则问答,1.0,1.0,0,1.0,1,,,,,,Manufacturing; Errors or defects during manufacturing,,项目/功能；潜在失效模式；严酷度(S)；发生度(O)；可探测度(D)；潜在失效原因/机理,112,
309,309,Full全量模型,无,故障原因诊断类,项目失效现象风险指标查原因,项目范围原因查询,,,困难,在“Dynamic cable / Dynamic Cable / Dynamic Cable”下，如果失效模式是“Failure of watertightness”，且S/O/D分别为4.2/2/3.6，应追溯到什么原因？,Operation; Damage on the cable due to extreme environmental events,匹配到1条记录：1) FMEA编号=DC17；项目/功能=Dynamic cable / Dynamic Cable / Dynamic Cable/；失效模式=Failure of watertightness；失效原因=Operation; Damage on the cable due to extreme environmental events；失效后果=Reduced or interupted electricity flow；S=4.2；O=2；D=3.6；RPN=27.8；建议措施=Watertightness assurance: enhanced sealing tests; end termination QA; -。,正确,1.0,14.49,确定性规则问答,1.0,1.0,0,1.0,1,,,,,,Operation; Damage on the cable due to extreme environmental events,,项目/功能；潜在失效模式；严酷度(S)；发生度(O)；可探测度(D)；潜在失效原因/机理,113,
310,310,Full全量模型,无,故障原因诊断类,项目失效现象风险指标查原因,项目范围原因查询,,,困难,在“Dynamic cable / Dynamic Cable / Conductor”下，如果失效模式是“failures of conductors”，且S/O/D分别为4.2/2.4/2.4，应追溯到什么原因？,Operation; Internal damage: Problem in insulation material - Electrical overload,"匹配到1条记录：1) FMEA编号=DC18；项目/功能=Dynamic cable / Dynamic Cable / Conductor；失效模式=failures of conductors；失效原因=Operation; Internal damage: Problem in insulation material - Electrical overload；失效后果=Electrical faults - loss of production；S=4.2；O=2.4；D=2.4；RPN=25；建议措施=-; Monitoring (DTS/RTTR, electrical integrity tests)。",正确,1.0,14.21,确定性规则问答,1.0,1.0,0,1.0,1,,,,,,Operation; Internal damage: Problem in insulation material - Electrical overload,,项目/功能；潜在失效模式；严酷度(S)；发生度(O)；可探测度(D)；潜在失效原因/机理,114,
311,311,Full全量模型,无,故障原因诊断类,项目失效现象风险指标查原因,项目范围原因查询,,,困难,在“Dynamic cable / Dynamic Cable / Dynamic Cable”下，如果失效模式是“Fatigue Cracks”，且S/O/D分别为4.2/2.4/3.6，应追溯到什么原因？,Operation; Repeated stress cycles - bending motions,"匹配到1条记录：1) FMEA编号=DC19；项目/功能=Dynamic cable / Dynamic Cable / Dynamic Cable/；失效模式=Fatigue Cracks；失效原因=Operation; Repeated stress cycles - bending motions；失效后果=Crack may evolve in a fault of the cable - Cable weakening；S=4.2；O=2.4；D=3.6；RPN=35.6；建议措施=Monitoring: DTS/RTTR, electrical integrity tests, leak detection; -。",正确,1.0,14.35,确定性规则问答,1.0,1.0,0,1.0,1,,,,,,Operation; Repeated stress cycles - bending motions,,项目/功能；潜在失效模式；严酷度(S)；发生度(O)；可探测度(D)；潜在失效原因/机理,115,
312,312,Full全量模型,无,故障原因诊断类,项目失效现象风险指标查原因,项目范围原因查询,,,困难,在“Dynamic cable / Dynamic Cable / Dynamic Cable”下，如果失效模式是“Geo-Hazards”，且S/O/D分别为4.6/1.4/3.5，应追溯到什么原因？,"Design Phase; Unexpected contingency ( earthquake, seabed movement)","匹配到1条记录：1) FMEA编号=DC20；项目/功能=Dynamic cable / Dynamic Cable / Dynamic Cable/；失效模式=Geo-Hazards；失效原因=Design Phase; Unexpected contingency ( earthquake, seabed movement)；失效后果=Cable damage, production disruption；S=4.6；O=1.4；D=3.5；RPN=32；建议措施=-。",正确,1.0,14.25,确定性规则问答,1.0,1.0,0,1.0,1,,,,,,"Design Phase; Unexpected contingency ( earthquake, seabed movement)",,项目/功能；潜在失效模式；严酷度(S)；发生度(O)；可探测度(D)；潜在失效原因/机理,116,
313,313,Full全量模型,无,故障原因诊断类,项目失效现象风险指标查原因,项目范围原因查询,,,困难,在“Dynamic cable / Dynamic Cable / Dynamic Cable”下，如果失效模式是“Loss of dynamic positioning”，且S/O/D分别为3.4/2.6/3，应追溯到什么原因？,Environmental conditions; Dynamic positioning system failure due to excessive environmental conditions,匹配到1条记录：1) FMEA编号=DC21；项目/功能=Dynamic cable / Dynamic Cable / Dynamic Cable/；失效模式=Loss of dynamic positioning；失效原因=Environmental conditions; Dynamic positioning system failure due to excessive environmental conditions；失效后果=Cables stress；S=3.4；O=2.6；D=3；RPN=26；建议措施=-。,正确,1.0,14.24,确定性规则问答,1.0,1.0,0,1.0,1,,,,,,Environmental conditions; Dynamic positioning system failure due to excessive environmental conditions,,项目/功能；潜在失效模式；严酷度(S)；发生度(O)；可探测度(D)；潜在失效原因/机理,117,
314,314,Full全量模型,无,故障原因诊断类,项目失效现象风险指标查原因,项目范围原因查询,,,困难,在“Dynamic cable / Dynamic Cable / Buoyancy modules”下，如果失效模式是“Loss of float bility (water adsorption)”，且S/O/D分别为3.5/2.5/3，应追溯到什么原因？,Operation,匹配到1条记录：1) FMEA编号=DC22；项目/功能=Dynamic cable / Dynamic Cable / Buoyancy modules；失效模式=Loss of float bility (water adsorption)；失效原因=Operation；S=3.5；O=2.5；D=3；RPN=24；建议措施=-。,正确,1.0,14.52,确定性规则问答,1.0,1.0,0,1.0,1,,,,,,Operation,,项目/功能；潜在失效模式；严酷度(S)；发生度(O)；可探测度(D)；潜在失效原因/机理,118,
315,315,Full全量模型,无,故障原因诊断类,项目失效现象风险指标查原因,项目范围原因查询,,,困难,在“Dynamic cable / Dynamic Cable / Dynamic Cable”下，如果失效模式是“material degradation”，且S/O/D分别为4.4/1.8/3，应追溯到什么原因？,Design Phase; Underestimation of dynamic conditions - Unexpected contingency scenario ( loss of mooring line ),"匹配到1条记录：1) FMEA编号=DC23；项目/功能=Dynamic cable / Dynamic Cable / Dynamic Cable/；失效模式=material degradation；失效原因=Design Phase; Underestimation of dynamic conditions - Unexpected contingency scenario ( loss of mooring line )；失效后果=Weakening of cable materials - loss of production；S=4.4；O=1.8；D=3；RPN=18.5；建议措施=Monitoring: DTS/RTTR, electrical integrity tests, leak detection; -。",正确,1.0,14.72,确定性规则问答,1.0,1.0,0,1.0,1,,,,,,Design Phase; Underestimation of dynamic conditions - Unexpected contingency scenario ( loss of mooring line ),,项目/功能；潜在失效模式；严酷度(S)；发生度(O)；可探测度(D)；潜在失效原因/机理,119,
316,316,Full全量模型,无,故障原因诊断类,项目失效现象风险指标查原因,项目范围原因查询,,,困难,在“Dynamic cable / Dynamic Cable / Fiber optic”下，如果失效模式是“Mechanical degradation”，且S/O/D分别为2.5/1.75/2.5，应追溯到什么原因？,Operation,匹配到1条记录：1) FMEA编号=DC24；项目/功能=Dynamic cable / Dynamic Cable / Fiber optic；失效模式=Mechanical degradation [20]；失效原因=Operation；S=2.5；O=1.75；D=2.5；RPN=12；建议措施=-。,正确,1.0,14.6,确定性规则问答,1.0,1.0,0,1.0,1,,,,,,Operation,,项目/功能；潜在失效模式；严酷度(S)；发生度(O)；可探测度(D)；潜在失效原因/机理,120,
317,317,Full全量模型,无,故障原因诊断类,项目失效现象风险指标查原因,项目范围原因查询,,,困难,在“Dynamic cable / Dynamic Cable / Cable Protection System”下，如果失效模式是“Movement of CPS due to scour/seabed mobility”，且S/O/D分别为3.8/2.2/4.4，应追溯到什么原因？,Design Phase; Design inefficiency [6],匹配到1条记录：1) FMEA编号=DC25；项目/功能=Dynamic cable / Dynamic Cable / Cable Protection System (CPS)；失效模式=Movement of CPS due to scour/seabed mobility [6]；失效原因=Design Phase; Design inefficiency [6]；失效后果=Cable being vulnerable to scour and need for repair or replacement；S=3.8；O=2.2；D=4.4；RPN=38.4；建议措施=-。,正确,1.0,15.04,确定性规则问答,1.0,1.0,0,1.0,1,,,6.0；6.0,,,Design Phase; Design inefficiency [6],,项目/功能；潜在失效模式；严酷度(S)；发生度(O)；可探测度(D)；潜在失效原因/机理,121,
318,318,Full全量模型,无,故障原因诊断类,项目失效现象风险指标查原因,项目范围原因查询,,,困难,在“Dynamic cable / Dynamic Cable / Cable Protection System”下，如果失效模式是“Movement of CPS due to scour/seabed mobility”，且S/O/D分别为3.8/2.6/4.4，应追溯到什么原因？,"Design Phase; lack of data of the deployment location [4,6]","匹配到1条记录：1) FMEA编号=DC26；项目/功能=Dynamic cable / Dynamic Cable / Cable Protection System (CPS)；失效模式=Movement of CPS due to scour/seabed mobility [6]；失效原因=Design Phase; lack of data of the deployment location [4,6]；失效后果=Cable being vulnerable to scour and need for repair or replacement；S=3.8；O=2.6；D=4.4；RPN=44；建议措施=Burial/trenching optimization; scour mitigation; as-built metrology; -。",正确,1.0,14.94,确定性规则问答,1.0,1.0,0,1.0,1,,,6.0；4.0；6.0,,,"Design Phase; lack of data of the deployment location [4,6]",,项目/功能；潜在失效模式；严酷度(S)；发生度(O)；可探测度(D)；潜在失效原因/机理,122,
319,319,Full全量模型,无,故障原因诊断类,项目失效现象风险指标查原因,项目范围原因查询,,,困难,在“Dynamic cable / Dynamic Cable / Cable Protection System”下，如果失效模式是“Movement of CPS due to scour/seabed mobility”，且S/O/D分别为3.8/2.8/4，应追溯到什么原因？,Installation phase; incorrect installation [6],匹配到1条记录：1) FMEA编号=DC27；项目/功能=Dynamic cable / Dynamic Cable / Cable Protection System (CPS)；失效模式=Movement of CPS due to scour/seabed mobility [6]；失效原因=Installation phase; incorrect installation [6]；失效后果=Cable being vulnerable to scour and need for repair or replacement；S=3.8；O=2.8；D=4；RPN=41.6；建议措施=Burial/trenching optimization; scour mitigation; as-built metrology; -。,正确,1.0,14.71,确定性规则问答,1.0,1.0,0,1.0,1,,,6.0；6.0,,,Installation phase; incorrect installation [6],,项目/功能；潜在失效模式；严酷度(S)；发生度(O)；可探测度(D)；潜在失效原因/机理,123,
320,320,Full全量模型,无,故障原因诊断类,项目失效现象风险指标查原因,项目范围原因查询,,,困难,在“Dynamic cable / Dynamic Cable / Dynamic Cable”下，如果失效模式是“Premature damage of outer protection layer”，且S/O/D分别为3.6/2.2/3.75，应追溯到什么原因？,Environmental conditions; Environmental exposure - wear,"匹配到1条记录：1) FMEA编号=DC28；项目/功能=Dynamic cable / Dynamic Cable / Dynamic Cable/；失效模式=Premature damage of outer protection layer；失效原因=Environmental conditions; Environmental exposure - wear；失效后果=Structural damage - cable weakening, exposure to elements；S=3.6；O=2.2；D=3.75；RPN=29；建议措施=-。",正确,1.0,14.69,确定性规则问答,1.0,1.0,0,1.0,1,,,,,,Environmental conditions; Environmental exposure - wear,,项目/功能；潜在失效模式；严酷度(S)；发生度(O)；可探测度(D)；潜在失效原因/机理,124,
321,321,Full全量模型,无,故障原因诊断类,项目失效现象风险指标查原因,项目范围原因查询,,,困难,在“Dynamic cable / Dynamic Cable / Static cable/Export Cable”下，如果失效模式是“Reduced sediment cover lower than designed value for protection”，且S/O/D分别为3.6/2.4/3.8，应追溯到什么原因？,Design Phase; Insufficient information for the deployment location [6],"匹配到1条记录：1) FMEA编号=DC29；项目/功能=Dynamic cable / Dynamic Cable / Static cable/Export Cable；失效模式=Reduced sediment cover lower than designed value for protection [6]；失效原因=Design Phase; Insufficient information for the deployment location [6]；失效后果=need for re-burial, change of cable protection requirement or even replacement of cable；S=3.6；O=2.4；D=3.8；RPN=28.6；建议措施=Burial/trenching optimization; scour mitigation; as-built metrology; Monitoring: DTS/RTTR, electrical integrity tests, leak detection; -。",正确,1.0,14.87,确定性规则问答,1.0,1.0,0,1.0,1,,,6.0；6.0,,,Design Phase; Insufficient information for the deployment location [6],,项目/功能；潜在失效模式；严酷度(S)；发生度(O)；可探测度(D)；潜在失效原因/机理,125,
322,322,Full全量模型,无,故障原因诊断类,项目失效现象风险指标查原因,项目范围原因查询,,,困难,在“Dynamic cable / Dynamic Cable / Dynamic Cable (Touchdown point)”下，如果失效模式是“Reduced sediment cover lower than designed value for protection”，且S/O/D分别为4/2/3.5，应追溯到什么原因？,Design Phase; Insufficient information for the deployment location [6],"匹配到1条记录：1) FMEA编号=DC30；项目/功能=Dynamic cable / Dynamic Cable / Dynamic Cable (Touchdown point)；失效模式=Reduced sediment cover lower than designed value for protection [6]；失效原因=Design Phase; Insufficient information for the deployment location [6]；失效后果=need for re-burial, change of cable protection requirement or even replacement of cable；S=4；O=2；D=3.5；RPN=0；建议措施=-。",正确,1.0,14.99,确定性规则问答,1.0,1.0,0,1.0,1,,,6.0；6.0,,,Design Phase; Insufficient information for the deployment location [6],,项目/功能；潜在失效模式；严酷度(S)；发生度(O)；可探测度(D)；潜在失效原因/机理,126,
323,323,Full全量模型,无,故障原因诊断类,项目失效现象风险指标查原因,项目范围原因查询,,,困难,在“Dynamic cable / Dynamic Cable / Static cable/Export Cable”下，如果失效模式是“Reduced sediment cover lower than designed value for protection”，且S/O/D分别为3.6/2.2/4.2，应追溯到什么原因？,Environmental conditions; exposure of seabed cover to extreme environmental phenomena,"匹配到1条记录：1) FMEA编号=DC31；项目/功能=Dynamic cable / Dynamic Cable / Static cable/Export Cable；失效模式=Reduced sediment cover lower than designed value for protection [6]；失效原因=Environmental conditions; exposure of seabed cover to extreme environmental phenomena；失效后果=need for re-burial, change of cable protection requirement or even replacement of cable；S=3.6；O=2.2；D=4.2；RPN=29.6；建议措施=-。",正确,1.0,14.99,确定性规则问答,1.0,1.0,0,1.0,1,,,,,,Environmental conditions; exposure of seabed cover to extreme environmental phenomena,,项目/功能；潜在失效模式；严酷度(S)；发生度(O)；可探测度(D)；潜在失效原因/机理,127,
324,324,Full全量模型,无,故障原因诊断类,项目失效现象风险指标查原因,项目范围原因查询,,,困难,在“Dynamic cable / Dynamic Cable / Dynamic Cable”下，如果失效模式是“Small bending radius”，且S/O/D分别为3.4/2.6/3.2，应追溯到什么原因？,Operation; Mechanical stress - excessive bending,匹配到1条记录：1) FMEA编号=DC32；项目/功能=Dynamic cable / Dynamic Cable / Dynamic Cable/；失效模式=Small bending radius；失效原因=Operation; Mechanical stress - excessive bending；失效后果=Cable damage - insulation degradation；S=3.4；O=2.6；D=3.2；RPN=28.6；建议措施=Lazy-wave configuration optimization; buoyancy spacing; hang-off upgrades; -。,正确,1.0,14.43,确定性规则问答,1.0,1.0,0,1.0,1,,,,,,Operation; Mechanical stress - excessive bending,,项目/功能；潜在失效模式；严酷度(S)；发生度(O)；可探测度(D)；潜在失效原因/机理,128,
325,325,Full全量模型,无,故障原因诊断类,后果探测度查原因,后果到原因推理,,,困难,某条FMEA记录显示：“Abnormal vibration”会导致“Excessive Fatigue Life Consumption”，现行探测难度D为2.5；请判断其潜在原因。,Design phase; Resonance occurs when the natural frequency of the tower or other components of the wind turbine matches the frequency of the wind or other external forces.,匹配到2条记录：1) FMEA编号=TO1；项目/功能=Tower / Tower (TO) / Primary steelwork；失效模式=Abnormal vibration；失效原因=Design phase; Resonance occurs when the natural frequency of the tower or other components of the wind turbine matches the frequency of the wind or other external forces.；失效后果=Excessive Fatigue Life Consumption；S=4.4；O=3；D=2.5；RPN=33.33；建议措施=-；2) FMEA编号=TO2；项目/功能=Tower / Tower (TO) / Primary steelwork；失效模式=Abnormal vibration；失效原因=Environmental condition; Resonance occurs when the natural frequency of the tower or other components of the wind turbine matches the frequency of the wind or other external forces.；失效后果=Excessive Fatigue Life Consumption；S=4.4；O=3；D=2.5；RPN=33.33；建议措施=-。,正确,1.0,13.36,确定性规则问答,1.0,1.0,0,1.0,2,,,,,,Design phase; Resonance occurs when the natural frequency of the tower or other components of the wind turbine matches the frequency of the wind or other external forces.,,潜在失效模式；潜在失效后果；可探测度(D)；潜在失效原因/机理,0,
326,326,Full全量模型,无,故障原因诊断类,后果探测度查原因,后果到原因推理,,,困难,某条FMEA记录显示：“Abnormal vibration”会导致“Potential collapse”，现行探测难度D为3；请判断其潜在原因。,"Installation phase; Faulty welding of Tower [10,15]","匹配到2条记录：1) FMEA编号=TO3；项目/功能=Tower / Tower (TO) / Primary steelwork；失效模式=Abnormal vibration；失效原因=Installation phase; Faulty welding of Tower [10,15]；失效后果=Potential collapse；S=3.75；O=2.2；D=3；RPN=12.67；建议措施=-；2) FMEA编号=TO4；项目/功能=Tower / Tower (TO) / Primary steelwork；失效模式=Abnormal vibration；失效原因=Maintenance phase; Due to poor inspection Faulty welding of Tower couldn't be detected before getting severe [10,15]；失效后果=Potential collapse；S=4.2；O=2；D=3；RPN=31；建议措施=-。",正确,1.0,13.39,确定性规则问答,1.0,1.0,0,1.0,2,,,10.0；15.0；10.0；15.0,,,"Installation phase; Faulty welding of Tower [10,15]",,潜在失效模式；潜在失效后果；可探测度(D)；潜在失效原因/机理,2,
327,327,Full全量模型,无,故障原因诊断类,后果探测度查原因,后果到原因推理,,,困难,某条FMEA记录显示：“Cracks”会导致“Failure of whole facility and vast economic loses”，现行探测难度D为3；请判断其潜在原因。,"Environmental loads; The interaction between the blades and the tower can cause pressure fluctuations, leading to cyclic fatigue [14]","匹配到2条记录：1) FMEA编号=TO16；项目/功能=Tower / Tower (TO) / Primary steelwork；失效模式=Cracks；失效原因=Design phase; Braking system failure due to wrong estimation of operating conditions [15]；失效后果=Failure of whole facility and vast economic loses；S=4.25；O=1.75；D=3；RPN=26；建议措施=-；2) FMEA编号=TO5；项目/功能=Tower / Tower (TO) / Primary steelwork；失效模式=Cracks；失效原因=Environmental loads; The interaction between the blades and the tower can cause pressure fluctuations, leading to cyclic fatigue [14]；失效后果=Failure of whole facility and vast economic loses；S=3.8；O=2；D=3；RPN=26；建议措施=High-fidelity coupled aero-hydro-elastic simulation in design updates; Thicker shell sections / local reinforcement。",正确,1.0,13.51,确定性规则问答,1.0,1.0,0,1.0,2,,,14.0,,,"Environmental loads; The interaction between the blades and the tower can cause pressure fluctuations, leading to cyclic fatigue [14]",,潜在失效模式；潜在失效后果；可探测度(D)；潜在失效原因/机理,4,
328,328,Full全量模型,无,故障原因诊断类,后果探测度查原因,后果到原因推理,,,困难,某条FMEA记录显示：“Cracks”会导致“Failure of whole facility and vast economic loses”，现行探测难度D为3.2；请判断其潜在原因。,Environmental loads; Material fatigue due to high waves and high frequency of loads [1],"匹配到1条记录：1) FMEA编号=TO6；项目/功能=Tower / Tower (TO) / Primary steelwork；失效模式=Cracks；失效原因=Environmental loads; Material fatigue due to high waves and high frequency of loads [1]；失效后果=Failure of whole facility and vast economic loses；S=4.4；O=2.6；D=3.2；RPN=25.25；建议措施=Enhanced SHM: acoustic emission, strain gauges, modal monitoring; -; High-fidelity coupled aero-hydro-elastic simulation in design updates; Weld detail optimization and hotspot redesign。",正确,1.0,13.56,确定性规则问答,1.0,1.0,0,1.0,1,,,1.0；1.0；1.0,,,Environmental loads; Material fatigue due to high waves and high frequency of loads [1],,潜在失效模式；潜在失效后果；可探测度(D)；潜在失效原因/机理,5,
329,329,Full全量模型,无,故障原因诊断类,后果探测度查原因,后果到原因推理,,,困难,某条FMEA记录显示：“Cracks”会导致“Potential collapse”，现行探测难度D为3.2；请判断其潜在原因。,Environmental condition; Cyclic wind/wave loading (above design assumption)creates stress concentrations and fatigue. [11],"匹配到1条记录：1) FMEA编号=TO7；项目/功能=Tower / Tower (TO) / Primary steelwork；失效模式=Cracks；失效原因=Environmental condition; Cyclic wind/wave loading (above design assumption)creates stress concentrations and fatigue. [11]；失效后果=Potential collapse；S=4.4；O=2.8；D=3.2；RPN=30；建议措施=Weld detail optimization and hotspot redesign; Enhanced SHM: acoustic emission, strain gauges, modal monitoring; Thicker shell sections / local reinforcement; High-fidelity coupled aero-hydro-elastic simulation in design updates。",正确,1.0,13.51,确定性规则问答,1.0,1.0,0,1.0,1,,,11.0,,,Environmental condition; Cyclic wind/wave loading (above design assumption)creates stress concentrations and fatigue. [11],,潜在失效模式；潜在失效后果；可探测度(D)；潜在失效原因/机理,6,
330,330,Full全量模型,无,故障原因诊断类,后果探测度查原因,后果到原因推理,,,困难,某条FMEA记录显示：“Cracks”会导致“Potential collapse”，现行探测难度D为3.67；请判断其潜在原因。,"Design phase; Welding failure due to Poor design or inadequate specification of welding procedures considering harsh environmental condition [1,15]","匹配到4条记录：1) FMEA编号=TO10；项目/功能=Tower / Tower (TO) / Primary steelwork；失效模式=Cracks；失效原因=Fabrication; Material fatigue due to insufficient manufacturing quality [15]；失效后果=Potential collapse；S=4；O=2.25；D=3.67；RPN=40；建议措施=-；2) FMEA编号=TO11；项目/功能=Tower / Tower (TO) / Welding；失效模式=Cracks；失效原因=Fabrication; Welding failure due to Poor quality control during the welding process [1,10]；失效后果=Potential collapse；S=4；O=2.25；D=3.67；RPN=33.33；建议措施=-；3) FMEA编号=TO8；项目/功能=Tower / Tower (TO) / Primary structure & welding；失效模式=Cracks；失效原因=Design phase; Welding failure due to Poor design or inadequate specification of welding procedures considering harsh environmental condition [1,15]；失效后果=Potential collapse；S=4；O=2.25；D=3.67；RPN=21.8；建议措施=-；4) FMEA编号=TO9；项目/功能=Tower / Tower (TO) / Primary structure & welding；失效模式=Cracks；失效原因=Manufacturing; Welding failure due to Poor design or inadequate specification of welding procedures considering harsh environmental condition [1,15]；失效后果=Potential collapse；S=4；O=2.25；D=3.67；RPN=38；建议措施=-。",正确,1.0,13.52,确定性规则问答,1.0,1.0,1,1.0,4,,,1.0；15.0；1.0；1.0；15.0；1.0；15.0,,2.0；3.0,"Design phase; Welding failure due to Poor design or inadequate specification of welding procedures considering harsh environmental condition [1,15]",,潜在失效模式；潜在失效后果；可探测度(D)；潜在失效原因/机理,7,
331,331,Full全量模型,无,故障原因诊断类,后果探测度查原因,后果到原因推理,,,困难,某条FMEA记录显示：“Cracks”会导致“Potential collapse”，现行探测难度D为3.75；请判断其潜在原因。,"Installation phase; Installation phase stress/fatigue due to waves, wind, and process. Incorrect installation/error can cause stress concentration and fatigue. [11]","匹配到1条记录：1) FMEA编号=TO12；项目/功能=Tower / Tower (TO) / Primary steelwork；失效模式=Cracks；失效原因=Installation phase; Installation phase stress/fatigue due to waves, wind, and process. Incorrect installation/error can cause stress concentration and fatigue. [11]；失效后果=Potential collapse；S=4；O=2.8；D=3.75；RPN=30；建议措施=-。",正确,1.0,13.43,确定性规则问答,1.0,1.0,0,1.0,1,,,11.0,,,"Installation phase; Installation phase stress/fatigue due to waves, wind, and process. Incorrect installation/error can cause stress concentration and fatigue. [11]",,潜在失效模式；潜在失效后果；可探测度(D)；潜在失效原因/机理,11,
332,332,Full全量模型,无,故障原因诊断类,后果探测度查原因,后果到原因推理,,,困难,某条FMEA记录显示：“Cracks”会导致“Potential collapse”，现行探测难度D为2.67；请判断其潜在原因。,Maintenance phase; Corrosion due to lack of regular inspection and maintenance to prevent critical steps and failure [11],匹配到2条记录：1) FMEA编号=TO13；项目/功能=Tower / Tower (TO) / Primary steelwork；失效模式=Cracks；失效原因=Maintenance phase; Corrosion due to lack of regular inspection and maintenance to prevent critical steps and failure [11]；失效后果=Potential collapse；S=3.75；O=3；D=2.67；RPN=40.75；建议措施=-；2) FMEA编号=TO14；项目/功能=Tower / Tower (TO) / Primary steelwork；失效模式=Cracks；失效原因=Operation phase; Repeated or cyclic loading and unloading of the tower over a long period of time can cause cracks caused by plastic deformation [11]；失效后果=Potential collapse；S=4.33；O=2；D=2.67；RPN=33.5；建议措施=-。,正确,1.0,13.49,确定性规则问答,1.0,1.0,0,1.0,2,,,11.0；11.0,,,Maintenance phase; Corrosion due to lack of regular inspection and maintenance to prevent critical steps and failure [11],,潜在失效模式；潜在失效后果；可探测度(D)；潜在失效原因/机理,12,
333,333,Full全量模型,无,故障原因诊断类,后果探测度查原因,后果到原因推理,,,困难,某条FMEA记录显示：“Cracks”会导致“Potential collapse”，现行探测难度D为3；请判断其潜在原因。,"Maintenance phase; Blade replacements, repairs, and corrosion mitigation can add stress. Improper execution can lead to damage and fatigue. [11]","匹配到1条记录：1) FMEA编号=TO15；项目/功能=Tower / Tower (TO) / Primary steelwork；失效模式=Cracks；失效原因=Maintenance phase; Blade replacements, repairs, and corrosion mitigation can add stress. Improper execution can lead to damage and fatigue. [11]；失效后果=Potential collapse；S=3.67；O=2.33；D=3；RPN=30；建议措施=-。",正确,1.0,13.32,确定性规则问答,1.0,1.0,0,1.0,1,,,11.0,,,"Maintenance phase; Blade replacements, repairs, and corrosion mitigation can add stress. Improper execution can lead to damage and fatigue. [11]",,潜在失效模式；潜在失效后果；可探测度(D)；潜在失效原因/机理,14,
334,334,Full全量模型,无,故障原因诊断类,后果探测度查原因,后果到原因推理,,,困难,某条FMEA记录显示：“Cracks”会导致“Failure of the WTG/Major repair campaign/Structure reassessment”，现行探测难度D为3；请判断其潜在原因。,Environmental condition; Lightning strikes[9],匹配到1条记录：1) FMEA编号=TO17；项目/功能=Tower / Tower (TO) / Primary steelwork；失效模式=Cracks；失效原因=Environmental condition; Lightning strikes[9]；失效后果=Failure of the WTG/Major repair campaign/Structure reassessment；S=3.8；O=2.4；D=3；RPN=25.5；建议措施=-。,正确,1.0,13.68,确定性规则问答,1.0,1.0,0,1.0,1,,,9.0,,,Environmental condition; Lightning strikes[9],,潜在失效模式；潜在失效后果；可探测度(D)；潜在失效原因/机理,16,
335,335,Full全量模型,无,故障原因诊断类,后果探测度查原因,后果到原因推理,,,困难,某条FMEA记录显示：“Cracks”会导致“Failure of whole facility and vast economic loses”，现行探测难度D为3.25；请判断其潜在原因。,Design phase; Lightning strikes damages due to inefficient lightning prevention system [9],匹配到1条记录：1) FMEA编号=TO18；项目/功能=Tower / Tower (TO) / Primary steelwork；失效模式=Cracks；失效原因=Design phase; Lightning strikes damages due to inefficient lightning prevention system [9]；失效后果=Failure of whole facility and vast economic loses；S=4；O=2.4；D=3.25；RPN=33.33；建议措施=-。,正确,1.0,13.41,确定性规则问答,1.0,1.0,0,1.0,1,,,9.0,,,Design phase; Lightning strikes damages due to inefficient lightning prevention system [9],,潜在失效模式；潜在失效后果；可探测度(D)；潜在失效原因/机理,17,
336,336,Full全量模型,无,故障原因诊断类,后果探测度查原因,后果到原因推理,,,困难,某条FMEA记录显示：“Cracks”会导致“Failure of whole facility and vast economic loses”，现行探测难度D为2.67；请判断其潜在原因。,Manufacturing; Hit by blades due to poor manufacturing quality control [9],匹配到2条记录：1) FMEA编号=TO19；项目/功能=Tower / Tower (TO) / Primary steelwork；失效模式=Cracks；失效原因=Manufacturing; Hit by blades due to poor manufacturing quality control [9]；失效后果=Failure of whole facility and vast economic loses；S=4；O=1.5；D=2.67；RPN=23.33；建议措施=-；2) FMEA编号=TO20；项目/功能=Tower / Tower (TO) / Primary steelwork；失效模式=Cracks；失效原因=Maintenance; Hit by blades due to poor maintenance and inspection leading to undetected wear and damage [15]；失效后果=Failure of whole facility and vast economic loses；S=4；O=2；D=2.67；RPN=26.5；建议措施=-。,正确,1.0,13.49,确定性规则问答,1.0,1.0,0,1.0,2,,,9.0,,,Manufacturing; Hit by blades due to poor manufacturing quality control [9],,潜在失效模式；潜在失效后果；可探测度(D)；潜在失效原因/机理,18,
337,337,Full全量模型,无,故障原因诊断类,后果探测度查原因,后果到原因推理,,,困难,某条FMEA记录显示：“Cracks”会导致“Failure of whole facility and vast economic loses”，现行探测难度D为3.33；请判断其潜在原因。,due to Operation; Hit by blades due to human error or operational failure [15],匹配到1条记录：1) FMEA编号=TO21；项目/功能=Tower / Tower (TO) / Primary steelwork；失效模式=Cracks；失效原因=due to Operation; Hit by blades due to human error or operational failure [15]；失效后果=Failure of whole facility and vast economic loses；S=4.25；O=1.5；D=3.33；RPN=27；建议措施=-。,正确,1.0,13.69,确定性规则问答,1.0,1.0,0,1.0,1,,,15.0,,,due to Operation; Hit by blades due to human error or operational failure [15],,潜在失效模式；潜在失效后果；可探测度(D)；潜在失效原因/机理,20,
338,338,Full全量模型,无,故障原因诊断类,后果探测度查原因,后果到原因推理,,,困难,某条FMEA记录显示：“Plastic deformation”会导致“Potential collapse”，现行探测难度D为3；请判断其潜在原因。,"Manufacturing; Inadequate quality control during the manufacturing process may create structural weaknesses or defects in the tower, causing plastic deformation over time. [11]","匹配到1条记录：1) FMEA编号=TO22；项目/功能=Tower / Tower (TO) / Primary steelwork；失效模式=Plastic deformation；失效原因=Manufacturing; Inadequate quality control during the manufacturing process may create structural weaknesses or defects in the tower, causing plastic deformation over time. [11]；失效后果=Potential collapse；S=4；O=2.25；D=3；RPN=25.67；建议措施=-。",正确,1.0,13.19,确定性规则问答,1.0,1.0,0,1.0,1,,,11.0,,,"Manufacturing; Inadequate quality control during the manufacturing process may create structural weaknesses or defects in the tower, causing plastic deformation over time. [11]",,潜在失效模式；潜在失效后果；可探测度(D)；潜在失效原因/机理,21,
339,339,Full全量模型,无,故障原因诊断类,后果探测度查原因,后果到原因推理,,,困难,某条FMEA记录显示：“Plastic deformation”会导致“Potential collapse”，现行探测难度D为2.8；请判断其潜在原因。,Design phase; Plastic deformation due to insufficient yield strength and lack of detailed stress analysis and simulations [13],匹配到1条记录：1) FMEA编号=TO23；项目/功能=Tower / Tower (TO) / Primary steelwork；失效模式=Plastic deformation；失效原因=Design phase; Plastic deformation due to insufficient yield strength and lack of detailed stress analysis and simulations [13]；失效后果=Potential collapse；S=4.4；O=2.2；D=2.8；RPN=18；建议措施=Operational limits & control strategies for extreme motions; Blade–tower clearance and control optimization for extreme motions; High-fidelity coupled aero-hydro-elastic simulation in design updates。,正确,1.0,13.17,确定性规则问答,1.0,1.0,0,1.0,1,,,13.0,,,Design phase; Plastic deformation due to insufficient yield strength and lack of detailed stress analysis and simulations [13],,潜在失效模式；潜在失效后果；可探测度(D)；潜在失效原因/机理,22,
340,340,Full全量模型,无,故障原因诊断类,后果探测度查原因,后果到原因推理,,,困难,某条FMEA记录显示：“Tower collapse”会导致“Failure of whole facility and vast economic loses”，现行探测难度D为3.33；请判断其潜在原因。,Operation phase; Mooring system failure can lead to direct tower collapse [1],匹配到1条记录：1) FMEA编号=TO24；项目/功能=Tower / Tower (TO) / Primary steelwork；失效模式=Tower collapse；失效原因=Operation phase; Mooring system failure can lead to direct tower collapse [1]；失效后果=Failure of whole facility and vast economic loses；S=5；O=1.5；D=3.33；RPN=21.33；建议措施=-。,正确,1.0,13.27,确定性规则问答,1.0,1.0,0,1.0,1,,,1.0；1.0；1.0,,,Operation phase; Mooring system failure can lead to direct tower collapse [1],,潜在失效模式；潜在失效后果；可探测度(D)；潜在失效原因/机理,23,
341,341,Full全量模型,无,故障原因诊断类,后果探测度查原因,后果到原因推理,,,困难,"某条FMEA记录显示：“Transition piece break”会导致“Tower Unit collapse, Floater Unit damage”，现行探测难度D为3；请判断其潜在原因。",Design; Analysis and calculation fault due to human error [11],"匹配到1条记录：1) FMEA编号=TP1；项目/功能=Transition piece / Transition Piece (TP) / Primary structure & welding；失效模式=Transition piece break；失效原因=Design; Analysis and calculation fault due to human error [11]；失效后果=Tower Unit collapse, Floater Unit damage；S=4.75；O=2.5；D=3；RPN=36.5；建议措施=Interface redesign to reduce stress concentrations (fillets, radii); High-fidelity coupled analysis of TP–tower–floater interaction; Improve engineering skills。",正确,1.0,13.29,确定性规则问答,1.0,1.0,0,1.0,1,,,11.0,,,Design; Analysis and calculation fault due to human error [11],,潜在失效模式；潜在失效后果；可探测度(D)；潜在失效原因/机理,24,
342,342,Full全量模型,无,故障原因诊断类,后果探测度查原因,后果到原因推理,,,困难,"某条FMEA记录显示：“Transition piece break”会导致“tension failure (rupture), buckling of the transition piece/ Tower unit damage”，现行探测难度D为3.25；请判断其潜在原因。","Operation and Maintenance; Brittle fracture due to extreme environmental temperature, leading to a shift in the ductile-to-brittle transition temperature [16]","匹配到1条记录：1) FMEA编号=TP2；项目/功能=Transition piece / Transition Piece (TP) / Primary structure；失效模式=Transition piece break；失效原因=Operation and Maintenance; Brittle fracture due to extreme environmental temperature, leading to a shift in the ductile-to-brittle transition temperature [16]；失效后果=tension failure (rupture), buckling of the transition piece/ Tower unit damage；S=4.25；O=2.25；D=3.25；RPN=33；建议措施=SHM for TP connections (strain gauges, acoustic emission, bolt preload monitoring); Design requalification for extreme storms (updated metocean; load cases); -。",正确,1.0,13.31,确定性规则问答,1.0,1.0,0,1.0,1,,,16.0,,,"Operation and Maintenance; Brittle fracture due to extreme environmental temperature, leading to a shift in the ductile-to-brittle transition temperature [16]",,潜在失效模式；潜在失效后果；可探测度(D)；潜在失效原因/机理,25,
343,343,Full全量模型,无,故障原因诊断类,后果探测度查原因,后果到原因推理,,,困难,某条FMEA记录显示：“Structural plastic deformation”会导致“Local stress accumulation”，现行探测难度D为3；请判断其潜在原因。,"Operation; Changes in wave spectra can cause increased loads, resonance, and stress concentrations, leading to plastic deformation in offshore wind turbines. [11]","匹配到3条记录：1) FMEA编号=TP12；项目/功能=Transition piece / Transition Piece (TP) / Primary stucture；失效模式=Structural plastic deformation；失效原因=Maintenance; Plastic deformation can occur due to the application of excessive force or improper handling of the structure. [1]；失效后果=Local stress accumulation；S=3.67；O=2.33；D=3；RPN=28；建议措施=-；2) FMEA编号=TP3；项目/功能=Transition piece / Transition Piece (TP) / Primary stucture；失效模式=Structural plastic deformation；失效原因=Operation; Changes in wave spectra can cause increased loads, resonance, and stress concentrations, leading to plastic deformation in offshore wind turbines. [11]；失效后果=Local stress accumulation；S=4；O=2.5；D=3；RPN=32；建议措施=SHM for TP connections (strain gauges, acoustic emission, bolt preload monitoring); Design requalification for extreme storms (updated metocean; load cases); High-fidelity coupled analysis of TP–tower–floater interaction; -；3) FMEA编号=TP7；项目/功能=Transition piece / Transition Piece (TP) / Primary stucture；失效模式=Structural plastic deformation；失效原因=Installation; During installation, plastic deformation can occur due to processes like welding and bending [1]；失效后果=Local stress accumulation；S=3.67；O=2.67；D=3；RPN=24；建议措施=-。",正确,1.0,13.57,确定性规则问答,1.0,1.0,1,1.0,3,,,11.0,,2.0,"Operation; Changes in wave spectra can cause increased loads, resonance, and stress concentrations, leading to plastic deformation in offshore wind turbines. [11]",,潜在失效模式；潜在失效后果；可探测度(D)；潜在失效原因/机理,26,
344,344,Full全量模型,无,故障原因诊断类,后果探测度查原因,后果到原因推理,,,困难,某条FMEA记录显示：“Cracks”会导致“Tower transition piece connections failure / resonance”，现行探测难度D为3.75；请判断其潜在原因。,"Operation; Cycling loading could cause microstructural changes in the material and eventually lead to fatigue crack initiation [1,15]","匹配到1条记录：1) FMEA编号=TP4；项目/功能=Transition piece / Transition Piece (TP) / Primary structure & welding；失效模式=Cracks；失效原因=Operation; Cycling loading could cause microstructural changes in the material and eventually lead to fatigue crack initiation [1,15]；失效后果=Tower transition piece connections failure / resonance；S=3.5；O=2.5；D=3.75；RPN=29；建议措施=-。",正确,1.0,13.39,确定性规则问答,1.0,1.0,0,1.0,1,,,1.0；1.0；1.0；15.0,,,"Operation; Cycling loading could cause microstructural changes in the material and eventually lead to fatigue crack initiation [1,15]",,潜在失效模式；潜在失效后果；可探测度(D)；潜在失效原因/机理,27,
345,345,Full全量模型,无,故障原因诊断类,后果探测度查原因,后果到原因推理,,,困难,"某条FMEA记录显示：“Transition piece break”会导致“Tower Unit collapse, Floater Unit damage”，现行探测难度D为2.67；请判断其潜在原因。",Environmental condition; Design parameters superseded due to climate change [11],"匹配到2条记录：1) FMEA编号=TP16；项目/功能=Transition piece / Transition Piece (TP) / Primary structure & welding；失效模式=Transition piece break；失效原因=Design; Under-designed structure/ Component due to human error/Insufficient environmental data；失效后果=Tower Unit collapse, Floater Unit damage；S=5；O=1.67；D=2.67；RPN=25.67；建议措施=High-fidelity coupled analysis of TP–tower–floater interaction; Design requalification for extreme storms (updated metocean; load cases); High-fidelity coupled aero-hydro-elastic simulation in design updates；2) FMEA编号=TP5；项目/功能=Transition piece / Transition Piece (TP) / Primary structure & welding；失效模式=Transition piece break；失效原因=Environmental condition; Design parameters superseded due to climate change [11]；失效后果=Tower Unit collapse, Floater Unit damage；S=5；O=2；D=2.67；RPN=31；建议措施=High-fidelity coupled analysis of TP–tower–floater interaction; Design requalification for extreme storms (updated metocean; load cases); Improved metocean data measurements。",正确,1.0,13.35,确定性规则问答,1.0,1.0,0,1.0,2,,,11.0,,,Environmental condition; Design parameters superseded due to climate change [11],,潜在失效模式；潜在失效后果；可探测度(D)；潜在失效原因/机理,28,
346,346,Full全量模型,无,故障原因诊断类,后果探测度查原因,后果到原因推理,,,困难,某条FMEA记录显示：“Abnormal vibration”会导致“potential tower connections failure”，现行探测难度D为3；请判断其潜在原因。,Operation; due to unbalanced loads or wind-induced vibrations. [11],匹配到1条记录：1) FMEA编号=TP6；项目/功能=Transition piece / Transition Piece (TP) / Primary structure & welding；失效模式=Abnormal vibration；失效原因=Operation; due to unbalanced loads or wind-induced vibrations. [11]；失效后果=potential tower connections failure；S=4.25；O=2.75；D=3；RPN=35.25；建议措施=-。,正确,1.0,13.39,确定性规则问答,1.0,1.0,0,1.0,1,,,11.0,,,Operation; due to unbalanced loads or wind-induced vibrations. [11],,潜在失效模式；潜在失效后果；可探测度(D)；潜在失效原因/机理,29,
347,347,Full全量模型,无,故障原因诊断类,后果探测度查原因,后果到原因推理,,,困难,某条FMEA记录显示：“Cracks”会导致“Tower transition piece connections failure”，现行探测难度D为3.25；请判断其潜在原因。,Installation; During Transportation and installation transition piece may be subjected to bending and twisting loads which could lead to fatigue cracks,匹配到1条记录：1) FMEA编号=TP8；项目/功能=Transition piece / Transition Piece (TP) / Primary structure；失效模式=Cracks；失效原因=Installation; During Transportation and installation transition piece may be subjected to bending and twisting loads which could lead to fatigue cracks；失效后果=Tower transition piece connections failure；S=3.75；O=2.5；D=3.25；RPN=21.67；建议措施=-。,正确,1.0,13.31,确定性规则问答,1.0,1.0,0,1.0,1,,,,,,Installation; During Transportation and installation transition piece may be subjected to bending and twisting loads which could lead to fatigue cracks,,潜在失效模式；潜在失效后果；可探测度(D)；潜在失效原因/机理,31,
348,348,Full全量模型,无,故障原因诊断类,后果探测度查原因,后果到原因推理,,,困难,某条FMEA记录显示：“Cracks”会导致“Tower transition piece connections failure/ displacement variations between tower end”，现行探测难度D为3；请判断其潜在原因。,"Environmental Loads; Extreme environmental conditions like hurricanes or storm surges can subject the transition piece to large forces that exceed their design limits [10,11,15]","匹配到1条记录：1) FMEA编号=TP9；项目/功能=Transition piece / Transition Piece (TP) / Primary structure & welding；失效模式=Cracks；失效原因=Environmental Loads; Extreme environmental conditions like hurricanes or storm surges can subject the transition piece to large forces that exceed their design limits [10,11,15]；失效后果=Tower transition piece connections failure/ displacement variations between tower end；S=4；O=2.5；D=3；RPN=38；建议措施=Design requalification for extreme storms (updated metocean; load cases); High-fidelity coupled aero-hydro-elastic simulation in design updates。",正确,1.0,13.68,确定性规则问答,1.0,1.0,0,1.0,1,,,10.0；11.0；15.0,,,"Environmental Loads; Extreme environmental conditions like hurricanes or storm surges can subject the transition piece to large forces that exceed their design limits [10,11,15]",,潜在失效模式；潜在失效后果；可探测度(D)；潜在失效原因/机理,32,
349,349,Full全量模型,无,故障原因诊断类,后果探测度查原因,后果到原因推理,,,困难,某条FMEA记录显示：“Cracks”会导致“potential tower connections failure”，现行探测难度D为2.67；请判断其潜在原因。,Fabrication; Improper surface preparation before applying a protective coating or performing welding repairs like cleaning the surface with solvent and treating the surface with a rust inhibitor or primer for improving the adhesion can cause corrosion and crack propagation. [15],匹配到1条记录：1) FMEA编号=TP10；项目/功能=Transition piece / Transition Piece (TP) / Welding；失效模式=Cracks；失效原因=Fabrication; Improper surface preparation before applying a protective coating or performing welding repairs like cleaning the surface with solvent and treating the surface with a rust inhibitor or primer for improving the adhesion can cause corrosion and crack propagation. [15]；失效后果=potential tower connections failure；S=3；O=3；D=2.67；RPN=24.67；建议措施=-。,正确,1.0,13.46,确定性规则问答,1.0,1.0,0,1.0,1,,,15.0,,,Fabrication; Improper surface preparation before applying a protective coating or performing welding repairs like cleaning the surface with solvent and treating the surface with a rust inhibitor or primer for improving the adhesion can cause corrosion and crack propagation. [15],,潜在失效模式；潜在失效后果；可探测度(D)；潜在失效原因/机理,33,
350,350,Full全量模型,无,故障原因诊断类,后果探测度查原因,后果到原因推理,,,困难,某条FMEA记录显示：“Abnormal vibration”会导致“potential tower connections failure”，现行探测难度D为2.67；请判断其潜在原因。,Maintenance; Misalignments or looseness in the connections between the tower and the foundation or inadequate bracing can cause abnormal vibration in the transition piece [12],匹配到1条记录：1) FMEA编号=TP11；项目/功能=Transition piece / Transition Piece (TP) / Primary structure & welding；失效模式=Abnormal vibration；失效原因=Maintenance; Misalignments or looseness in the connections between the tower and the foundation or inadequate bracing can cause abnormal vibration in the transition piece [12]；失效后果=potential tower connections failure；S=4；O=2.33；D=2.67；RPN=24.67；建议措施=-。,正确,1.0,13.26,确定性规则问答,1.0,1.0,0,1.0,1,,,12.0,,,Maintenance; Misalignments or looseness in the connections between the tower and the foundation or inadequate bracing can cause abnormal vibration in the transition piece [12],,潜在失效模式；潜在失效后果；可探测度(D)；潜在失效原因/机理,34,
351,351,Full全量模型,无,故障原因诊断类,后果探测度查原因,后果到原因推理,,,困难,某条FMEA记录显示：“Cracks”会导致“Tower transition piece connections failure”，现行探测难度D为3；请判断其潜在原因。,"Maintenance; Repairing welding during maintenance can introduce residual stresses, leading to crack initiation [11]","匹配到3条记录：1) FMEA编号=TP13；项目/功能=Transition piece / Transition Piece (TP) / Welding；失效模式=Cracks；失效原因=Maintenance; Repairing welding during maintenance can introduce residual stresses, leading to crack initiation [11]；失效后果=Tower transition piece connections failure；S=3.33；O=2.67；D=3；RPN=26；建议措施=-；2) FMEA编号=TP20；项目/功能=Transition piece / Transition Piece (TP) / Welding；失效模式=Cracks；失效原因=Maintenance; Welding failure due to corrosion without proper maintenance [11]；失效后果=Tower transition piece connections failure；S=3.33；O=2.67；D=3；RPN=24.67；建议措施=-；3) FMEA编号=TP21；项目/功能=Transition piece / Transition Piece (TP) / Welding；失效模式=Cracks；失效原因=Installation; Welding failure due to poor performance (e.g. overheating, lack of fusion) during installation [1,10,15]；失效后果=Tower transition piece connections failure；S=3.33；O=3；D=3；RPN=26.67；建议措施=-。",正确,1.0,13.65,确定性规则问答,1.0,1.0,1,1.0,3,,,11.0；11.0,,2.0,"Maintenance; Repairing welding during maintenance can introduce residual stresses, leading to crack initiation [11]",,潜在失效模式；潜在失效后果；可探测度(D)；潜在失效原因/机理,36,
352,352,Full全量模型,无,故障原因诊断类,后果探测度查原因,后果到原因推理,,,困难,某条FMEA记录显示：“Cracks”会导致“Tower transition piece connections failure”，现行探测难度D为3.67；请判断其潜在原因。,"Maintenance; The transition piece may be subjected to large forces from lifting and handling equipment during maintenance, which are not considered in design assumptions [11]","匹配到1条记录：1) FMEA编号=TP14；项目/功能=Transition piece / Transition Piece (TP) / Primary structure & welding；失效模式=Cracks；失效原因=Maintenance; The transition piece may be subjected to large forces from lifting and handling equipment during maintenance, which are not considered in design assumptions [11]；失效后果=Tower transition piece connections failure；S=3.33；O=2；D=3.67；RPN=23.33；建议措施=-。",正确,1.0,13.61,确定性规则问答,1.0,1.0,0,1.0,1,,,11.0,,,"Maintenance; The transition piece may be subjected to large forces from lifting and handling equipment during maintenance, which are not considered in design assumptions [11]",,潜在失效模式；潜在失效后果；可探测度(D)；潜在失效原因/机理,37,
353,353,Full全量模型,无,故障原因诊断类,后果探测度查原因,后果到原因推理,,,困难,某条FMEA记录显示：“Cracks”会导致“Tower transition piece connections failure/ displacement variations between tower end”，现行探测难度D为3.33；请判断其潜在原因。,"Installation; Transition piece may be subjected to large forces from wave, wind, and vessel motion during installation. [10]","匹配到1条记录：1) FMEA编号=TP15；项目/功能=Transition piece / Transition Piece (TP) / Primary structure & welding；失效模式=Cracks；失效原因=Installation; Transition piece may be subjected to large forces from wave, wind, and vessel motion during installation. [10]；失效后果=Tower transition piece connections failure/ displacement variations between tower end；S=3.33；O=2.33；D=3.33；RPN=26；建议措施=-。",正确,1.0,13.64,确定性规则问答,1.0,1.0,0,1.0,1,,,10.0,,,"Installation; Transition piece may be subjected to large forces from wave, wind, and vessel motion during installation. [10]",,潜在失效模式；潜在失效后果；可探测度(D)；潜在失效原因/机理,38,
354,354,Full全量模型,无,故障原因诊断类,后果探测度查原因,后果到原因推理,,,困难,"某条FMEA记录显示：“Transition piece break”会导致“Tower Unit collapse, Floater Unit damage”，现行探测难度D为3.33；请判断其潜在原因。",Operation and Maintenance; Undetected defects and poor quality control [11],"匹配到1条记录：1) FMEA编号=TP17；项目/功能=Transition piece / Transition Piece (TP) / Primary structure & welding；失效模式=Transition piece break；失效原因=Operation and Maintenance; Undetected defects and poor quality control [11]；失效后果=Tower Unit collapse, Floater Unit damage；S=4.67；O=1.67；D=3.33；RPN=37.5；建议措施=SHM for TP connections (strain gauges, acoustic emission, bolt preload monitoring); Welding quality assurance and NDT enhancement (phased-array UT)。",正确,1.0,13.35,确定性规则问答,1.0,1.0,0,1.0,1,,,11.0,,,Operation and Maintenance; Undetected defects and poor quality control [11],,潜在失效模式；潜在失效后果；可探测度(D)；潜在失效原因/机理,40,
355,355,Full全量模型,无,故障原因诊断类,后果探测度查原因,后果到原因推理,,,困难,某条FMEA记录显示：“Cracks”会导致“Tower transition piece connections failure”，现行探测难度D为3.33；请判断其潜在原因。,Fabrication; Welding and heat treatment could induce fatigue cracks in fabrication process. [1],匹配到1条记录：1) FMEA编号=TP18；项目/功能=Transition piece / Transition Piece (TP) / Primary structure & welding；失效模式=Cracks；失效原因=Fabrication; Welding and heat treatment could induce fatigue cracks in fabrication process. [1]；失效后果=Tower transition piece connections failure；S=3.33；O=2.33；D=3.33；RPN=24；建议措施=-。,正确,1.0,13.3,确定性规则问答,1.0,1.0,0,1.0,1,,,1.0；1.0；1.0,,,Fabrication; Welding and heat treatment could induce fatigue cracks in fabrication process. [1],,潜在失效模式；潜在失效后果；可探测度(D)；潜在失效原因/机理,41,
356,356,Full全量模型,无,故障原因诊断类,后果探测度查原因,后果到原因推理,,,困难,某条FMEA记录显示：“Cracks”会导致“Tower transition piece connections failure”，现行探测难度D为4；请判断其潜在原因。,Maintenance; Welding and heat treatment during maintenance can add more residual stresses and increase the likelihood of fatigue crack in the welds and heat-affected areas. [11],匹配到1条记录：1) FMEA编号=TP19；项目/功能=Transition piece / Transition Piece (TP) / Welding；失效模式=Cracks；失效原因=Maintenance; Welding and heat treatment during maintenance can add more residual stresses and increase the likelihood of fatigue crack in the welds and heat-affected areas. [11]；失效后果=Tower transition piece connections failure；S=3.5；O=2.5；D=4；RPN=30.25；建议措施=-。,正确,1.0,13.41,确定性规则问答,1.0,1.0,0,1.0,1,,,11.0,,,Maintenance; Welding and heat treatment during maintenance can add more residual stresses and increase the likelihood of fatigue crack in the welds and heat-affected areas. [11],,潜在失效模式；潜在失效后果；可探测度(D)；潜在失效原因/机理,42,
357,357,Full全量模型,无,故障原因诊断类,后果探测度查原因,后果到原因推理,,,困难,"某条FMEA记录显示：“Capsize”会导致“Watertight fault, Potential Floater Unit sinkage”，现行探测难度D为3.86；请判断其潜在原因。",Design; Analysis and Calculation fault due to human error,"匹配到1条记录：1) FMEA编号=FF1；项目/功能=Floating support structure / Floating Support structure / All structures；失效模式=Capsize [11]；失效原因=Design; Analysis and Calculation fault due to human error；失效后果=Watertight fault, Potential Floater Unit sinkage；S=4.57；O=2.29；D=3.86；RPN=27.2；建议措施=Expanded design load cases (including typhoon/hurricane scenarios); Freeboard margin increase and water-tight compartmentalization; Improve engineering skills。",正确,1.0,13.48,确定性规则问答,1.0,1.0,0,1.0,1,,,,,,Design; Analysis and Calculation fault due to human error,,潜在失效模式；潜在失效后果；可探测度(D)；潜在失效原因/机理,45,
358,358,Full全量模型,无,故障原因诊断类,后果探测度查原因,后果到原因推理,,,困难,某条FMEA记录显示：“Capsize”会导致“Project cancellation”，现行探测难度D为3；请判断其潜在原因。,Design; Analysis and Calculation fault due to human error [11],匹配到1条记录：1) FMEA编号=FF2；项目/功能=Floating support structure / Floating Support structure / Primary structure；失效模式=Capsize [11]；失效原因=Design; Analysis and Calculation fault due to human error [11]；失效后果=Project cancellation；S=5；O=1.67；D=3；RPN=42.71；建议措施=Expanded design load cases (including typhoon/hurricane scenarios); -; Improved engineering skills。,正确,1.0,13.26,确定性规则问答,1.0,1.0,0,1.0,1,,,11.0；11.0,,,Design; Analysis and Calculation fault due to human error [11],,潜在失效模式；潜在失效后果；可探测度(D)；潜在失效原因/机理,46,
359,359,Full全量模型,无,故障原因诊断类,后果探测度查原因,后果到原因推理,,,困难,某条FMEA记录显示：“Additional Structures Failures”会导致“Potential failure”，现行探测难度D为3.17；请判断其潜在原因。,"Operation; Bilge piping/pumps fail [1,12]","匹配到1条记录：1) FMEA编号=FF3；项目/功能=Floating support structure / Floating Support structure / Secondary structure；失效模式=Additional Structures Failures；失效原因=Operation; Bilge piping/pumps fail [1,12]；失效后果=Potential failure；S=3.43；O=2.86；D=3.17；RPN=40.14；建议措施=-。",正确,1.0,13.4,确定性规则问答,1.0,1.0,0,1.0,1,,,1.0；1.0；1.0；12.0,,,"Operation; Bilge piping/pumps fail [1,12]",,潜在失效模式；潜在失效后果；可探测度(D)；潜在失效原因/机理,47,
360,360,Full全量模型,无,故障原因诊断类,后果探测度查原因,后果到原因推理,,,困难,"某条FMEA记录显示：“Hit by dropped objects”会导致“Damage to the facility, vast economic loses”，现行探测难度D为4.14；请判断其潜在原因。",Operation; Biological collision,"匹配到1条记录：1) FMEA编号=FF4；项目/功能=Floating support structure / Floating Support structure / All structures；失效模式=Hit by dropped objects [1,9]；失效原因=Operation; Biological collision；失效后果=Damage to the facility, vast economic loses；S=3.57；O=2.17；D=4.14；RPN=24.86；建议措施=-。",正确,1.0,13.34,确定性规则问答,1.0,1.0,0,1.0,1,,,,,,Operation; Biological collision,,潜在失效模式；潜在失效后果；可探测度(D)；潜在失效原因/机理,48,
361,361,Full全量模型,无,故障原因诊断类,后果探测度查原因,后果到原因推理,,,困难,某条FMEA记录显示：“Structural break”会导致“Structural reassessment”，现行探测难度D为3.5；请判断其潜在原因。,Environmental condition; Design parameter superseded due to climate change [11],匹配到1条记录：1) FMEA编号=FF5；项目/功能=Floating support structure / Floating Support structure / All structures；失效模式=Structural break [11]；失效原因=Environmental condition; Design parameter superseded due to climate change [11]；失效后果=Structural reassessment；S=4.33；O=1.67；D=3.5；RPN=25；建议措施=Expanded design load cases (including typhoon/hurricane scenarios); -。,正确,1.0,13.19,确定性规则问答,1.0,1.0,0,1.0,1,,,11.0；11.0,,,Environmental condition; Design parameter superseded due to climate change [11],,潜在失效模式；潜在失效后果；可探测度(D)；潜在失效原因/机理,49,
362,362,Full全量模型,无,故障原因诊断类,后果探测度查原因,后果到原因推理,,,困难,某条FMEA记录显示：“Additional Structures Failures”会导致“Potential failure”，现行探测难度D为4；请判断其潜在原因。,"Operation; Dynamic umbilical connection/cable fail [1,12]","匹配到1条记录：1) FMEA编号=FF6；项目/功能=Floating support structure / Floating Support structure / Secondary structure；失效模式=Additional Structures Failures；失效原因=Operation; Dynamic umbilical connection/cable fail [1,12]；失效后果=Potential failure；S=3.83；O=2.6；D=4；RPN=25.83；建议措施=Freeboard margin increase and water-tight compartmentalization; -; Expanded design load cases (including typhoon/hurricane scenarios); Improved cable mechnical design。",正确,1.0,13.16,确定性规则问答,1.0,1.0,0,1.0,1,,,1.0；1.0；1.0；12.0,,,"Operation; Dynamic umbilical connection/cable fail [1,12]",,潜在失效模式；潜在失效后果；可探测度(D)；潜在失效原因/机理,50,
363,363,Full全量模型,无,故障原因诊断类,后果探测度查原因,后果到原因推理,,,困难,某条FMEA记录显示：“Cracks”会导致“Structural failure”，现行探测难度D为3.5；请判断其潜在原因。,Installation; Excessive fatigue life consumption due to installation/ transportation [19],匹配到2条记录：1) FMEA编号=FF10；项目/功能=Floating support structure / Floating Support structure / All structures；失效模式=Cracks [11]；失效原因=Design; Fatigue due to underestimation of steel thickness and/or environmental loads；失效后果=Structural failure；S=3.83；O=2.5；D=3.5；RPN=34；建议措施=-；2) FMEA编号=FF7；项目/功能=Floating support structure / Floating Support structure / Primary Structure；失效模式=Cracks [11]；失效原因=Installation; Excessive fatigue life consumption due to installation/ transportation [19]；失效后果=Structural failure；S=4.17；O=2.83；D=3.5；RPN=30.57；建议措施=-。,正确,1.0,13.64,确定性规则问答,1.0,1.0,1,1.0,2,,,19.0,,2.0；2.0,Installation; Excessive fatigue life consumption due to installation/ transportation [19],,潜在失效模式；潜在失效后果；可探测度(D)；潜在失效原因/机理,51,
364,364,Full全量模型,无,故障原因诊断类,后果探测度查原因,后果到原因推理,,,困难,某条FMEA记录显示：“Capsize”会导致“Asset damage Energy production loss”，现行探测难度D为3.2；请判断其潜在原因。,Environmental condition; Extreme horizontal oscillatory force,"匹配到1条记录：1) FMEA编号=FF8；项目/功能=Floating support structure / Floating Support structure / Primary structure & Welding；失效模式=Capsize [11]；失效原因=Environmental condition; Extreme horizontal oscillatory force；失效后果=Asset damage Energy production loss；S=4.8；O=1.8；D=3.2；RPN=34.5；建议措施=Expanded design load cases (including typhoon/hurricane scenarios); Operational limits: weather windows, alarm thresholds for motions; Resonance avoidance via structural tuning/damping。",正确,1.0,13.17,确定性规则问答,1.0,1.0,0,1.0,1,,,,,,Environmental condition; Extreme horizontal oscillatory force,,潜在失效模式；潜在失效后果；可探测度(D)；潜在失效原因/机理,52,
365,365,Full全量模型,无,故障原因诊断类,后果探测度查原因,后果到原因推理,,,困难,某条FMEA记录显示：“Cracks”会导致“Structural failure”，现行探测难度D为3.57；请判断其潜在原因。,Operation; Fatigue due to continuous vibrations/resonance [11],匹配到1条记录：1) FMEA编号=FF9；项目/功能=Floating support structure / Floating Support structure / Primary structure & Welding；失效模式=Cracks [11]；失效原因=Operation; Fatigue due to continuous vibrations/resonance [11]；失效后果=Structural failure；S=4.14；O=2.86；D=3.57；RPN=22.67；建议措施=Expanded design load cases (including typhoon/hurricane scenarios); Resonance avoidance via structural tuning/damping; High-fidelity coupled aero-hydro-elastic simulation in design updates。,正确,1.0,13.24,确定性规则问答,1.0,1.0,0,1.0,1,,,11.0；11.0,,,Operation; Fatigue due to continuous vibrations/resonance [11],,潜在失效模式；潜在失效后果；可探测度(D)；潜在失效原因/机理,53,
366,366,Full全量模型,无,故障原因诊断类,后果探测度查原因,后果到原因推理,,,困难,某条FMEA记录显示：“Additional Structures Failures”会导致“Potential failure”，现行探测难度D为2.71；请判断其潜在原因。,"Operation; Handrails Corrosion [1,12]","匹配到1条记录：1) FMEA编号=FF11；项目/功能=Floating support structure / Floating Support structure / Secondary structure；失效模式=Additional Structures Failures；失效原因=Operation; Handrails Corrosion [1,12]；失效后果=Potential failure；S=3.86；O=3；D=2.71；RPN=32；建议措施=-。",正确,1.0,13.46,确定性规则问答,1.0,1.0,0,1.0,1,,,1.0；1.0；1.0；12.0,,,"Operation; Handrails Corrosion [1,12]",,潜在失效模式；潜在失效后果；可探测度(D)；潜在失效原因/机理,55,
367,367,Full全量模型,无,故障原因诊断类,后果探测度查原因,后果到原因推理,,,困难,某条FMEA记录显示：“Additional Structures Failures”会导致“Potential failure of landing platform”，现行探测难度D为2.83；请判断其潜在原因。,"Operation; Helicopter assistance equipment fail [1,12]","匹配到1条记录：1) FMEA编号=FF12；项目/功能=Floating support structure / Floating Support structure / Secondary structure；失效模式=Additional Structures Failures；失效原因=Operation; Helicopter assistance equipment fail [1,12]；失效后果=Potential failure of landing platform；S=4.17；O=1.83；D=2.83；RPN=31.83；建议措施=-。",正确,1.0,13.37,确定性规则问答,1.0,1.0,0,1.0,1,,,1.0；1.0；12.0；1.0；12.0,,,"Operation; Helicopter assistance equipment fail [1,12]",,潜在失效模式；潜在失效后果；可探测度(D)；潜在失效原因/机理,56,
368,368,Full全量模型,无,故障原因诊断类,后果探测度查原因,后果到原因推理,,,困难,某条FMEA记录显示：“Watertight fault”会导致“Potential Failure/Asset damage Energy production loss”，现行探测难度D为3.33；请判断其潜在原因。,Maintenance; Inefficient detection [1],匹配到1条记录：1) FMEA编号=FF13；项目/功能=Floating support structure / Floating Support structure / Secondary structure；失效模式=Watertight fault [1]；失效原因=Maintenance; Inefficient detection [1]；失效后果=Potential Failure/Asset damage Energy production loss；S=3.83；O=2.83；D=3.33；RPN=31.2；建议措施=-。,正确,1.0,13.25,确定性规则问答,1.0,1.0,0,1.0,1,,,1.0；1.0；1.0；1.0,,,Maintenance; Inefficient detection [1],,潜在失效模式；潜在失效后果；可探测度(D)；潜在失效原因/机理,57,
369,369,Full全量模型,无,故障原因诊断类,后果探测度查原因,后果到原因推理,,,困难,某条FMEA记录显示：“Floater unit sinkage”会导致“Potential Failure/Asset damage Energy production loss”，现行探测难度D为3.4；请判断其潜在原因。,Design; Insufficient structural strength and cracks on the floater resulting in water ingress to the support structure,匹配到1条记录：1) FMEA编号=FF14；项目/功能=Floating support structure / Floating Support structure / Secondary structure；失效模式=Floater unit sinkage；失效原因=Design; Insufficient structural strength and cracks on the floater resulting in water ingress to the support structure；失效后果=Potential Failure/Asset damage Energy production loss；S=4.83；O=1.83；D=3.4；RPN=26.86；建议措施=Ballast redundancy and automated ballast management; Freeboard margin increase and water-tight compartmentalization; Expanded design load cases (including typhoon/hurricane scenarios)。,正确,1.0,13.22,确定性规则问答,1.0,1.0,0,1.0,1,,,,,,Design; Insufficient structural strength and cracks on the floater resulting in water ingress to the support structure,,潜在失效模式；潜在失效后果；可探测度(D)；潜在失效原因/机理,58,
370,370,Full全量模型,无,故障原因诊断类,后果探测度查原因,后果到原因推理,,,困难,某条FMEA记录显示：“Watertight fault”会导致“Asset damage Energy production loss/reduced stability”，现行探测难度D为3；请判断其潜在原因。,Maintenance; Insufficient structural strength due to ship collision [11],匹配到1条记录：1) FMEA编号=FF16；项目/功能=Floating support structure / Floating Support structure / Secondary structure；失效模式=Watertight fault [1]；失效原因=Maintenance; Insufficient structural strength due to ship collision [11]；失效后果=Asset damage Energy production loss/reduced stability；S=4.5；O=2.33；D=3；RPN=37.2；建议措施=-。,正确,1.0,13.32,确定性规则问答,1.0,1.0,0,1.0,1,,,11.0,,,Maintenance; Insufficient structural strength due to ship collision [11],,潜在失效模式；潜在失效后果；可探测度(D)；潜在失效原因/机理,60,
371,371,Full全量模型,无,故障原因诊断类,后果探测度查原因,后果到原因推理,,,困难,某条FMEA记录显示：“Additional Structures Failures”会导致“Potential failure”，现行探测难度D为2.57；请判断其潜在原因。,"Operation; Ladders Corrosion [1,12]","匹配到1条记录：1) FMEA编号=FF17；项目/功能=Floating support structure / Floating Support structure / Secondary structure；失效模式=Additional Structures Failures；失效原因=Operation; Ladders Corrosion [1,12]；失效后果=Potential failure；S=3.86；O=2.71；D=2.57；RPN=23.5；建议措施=-。",正确,1.0,13.12,确定性规则问答,1.0,1.0,0,1.0,1,,,1.0；1.0；1.0；12.0,,,"Operation; Ladders Corrosion [1,12]",,潜在失效模式；潜在失效后果；可探测度(D)；潜在失效原因/机理,61,
372,372,Full全量模型,无,故障原因诊断类,后果探测度查原因,后果到原因推理,,,困难,"某条FMEA记录显示：“Watertight fault”会导致“If these cracks propagate through the wall and lie under water or within the splash zone, then they constitute a risk to the watertightness.”，现行探测难度D为3.25；请判断其潜在原因。","Environmental condition; Marine growth under water can add additional weight and stress for the material, which can lead to cracks in the outer hull","匹配到1条记录：1) FMEA编号=FF18；项目/功能=Floating support structure / Floating Support structure / All structures；失效模式=Watertight fault [1]；失效原因=Environmental condition; Marine growth under water can add additional weight and stress for the material, which can lead to cracks in the outer hull；失效后果=If these cracks propagate through the wall and lie under water or within the splash zone, then they constitute a risk to the watertightness.；S=4；O=2.2；D=3.25；RPN=30.8；建议措施=-。",正确,1.0,13.62,确定性规则问答,1.0,1.0,0,1.0,1,,,,,,"Environmental condition; Marine growth under water can add additional weight and stress for the material, which can lead to cracks in the outer hull",,潜在失效模式；潜在失效后果；可探测度(D)；潜在失效原因/机理,62,
373,373,Full全量模型,无,故障原因诊断类,后果探测度查原因,后果到原因推理,,,困难,"某条FMEA记录显示：“Additional Structures Failures”会导致“Increased risk of collision, potential damage to the floater”，现行探测难度D为2；请判断其潜在原因。","Operation; Navigation and work lights fail [1,12]","匹配到1条记录：1) FMEA编号=FF19；项目/功能=Floating support structure / Floating Support structure / Secondary structure；失效模式=Additional Structures Failures；失效原因=Operation; Navigation and work lights fail [1,12]；失效后果=Increased risk of collision, potential damage to the floater；S=4；O=3；D=2；RPN=36.5；建议措施=-。",正确,1.0,13.32,确定性规则问答,1.0,1.0,0,1.0,1,,,1.0；1.0；1.0；12.0,,,"Operation; Navigation and work lights fail [1,12]",,潜在失效模式；潜在失效后果；可探测度(D)；潜在失效原因/机理,63,
374,374,Full全量模型,无,故障原因诊断类,后果探测度查原因,后果到原因推理,,,困难,"某条FMEA记录显示：“Hit by dropped objects”会导致“Damage to the facility, vast economic loses”，现行探测难度D为4.67；请判断其潜在原因。",Operation; Plane crush,"匹配到1条记录：1) FMEA编号=FF20；项目/功能=Floating support structure / Floating Support structure / All structures；失效模式=Hit by dropped objects [1,9]；失效原因=Operation; Plane crush；失效后果=Damage to the facility, vast economic loses；S=4.83；O=1.17；D=4.67；RPN=31.75；建议措施=-。",正确,1.0,13.36,确定性规则问答,1.0,1.0,0,1.0,1,,,,,,Operation; Plane crush,,潜在失效模式；潜在失效后果；可探测度(D)；潜在失效原因/机理,64,
375,375,Full全量模型,无,故障原因诊断类,后果探测度查原因,后果到原因推理,,,困难,某条FMEA记录显示：“Additional Structures Failures”会导致“Potential failure”，现行探测难度D为3；请判断其潜在原因。,"Operation; Sensors for platform monitoring fail [1,12]","匹配到1条记录：1) FMEA编号=FF21；项目/功能=Floating support structure / Floating Support structure / Secondary structure；失效模式=Additional Structures Failures；失效原因=Operation; Sensors for platform monitoring fail [1,12]；失效后果=Potential failure；S=2；O=3；D=3；RPN=41.17；建议措施=-。",正确,1.0,13.21,确定性规则问答,1.0,1.0,0,1.0,1,,,1.0；1.0；1.0；12.0,,,"Operation; Sensors for platform monitoring fail [1,12]",,潜在失效模式；潜在失效后果；可探测度(D)；潜在失效原因/机理,65,
376,376,Full全量模型,无,故障原因诊断类,后果探测度查原因,后果到原因推理,,,困难,某条FMEA记录显示：“Structural break”会导致“Asset damage Energy production loss/reduced stability”，现行探测难度D为3.25；请判断其潜在原因。,Operation and Maintenance; Structural component degradation due to corrosion [12],匹配到1条记录：1) FMEA编号=FF22；项目/功能=Floating support structure / Floating Support structure / Secondary structure；失效模式=Structural break [11]；失效原因=Operation and Maintenance; Structural component degradation due to corrosion [12]；失效后果=Asset damage Energy production loss/reduced stability；S=4；O=2.6；D=3.25；RPN=18.8；建议措施=-。,正确,1.0,13.3,确定性规则问答,1.0,1.0,0,1.0,1,,,12.0,,,Operation and Maintenance; Structural component degradation due to corrosion [12],,潜在失效模式；潜在失效后果；可探测度(D)；潜在失效原因/机理,66,
377,377,Full全量模型,无,故障原因诊断类,后果探测度查原因,后果到原因推理,,,困难,"某条FMEA记录显示：“Structural break”会导致“Watertight fault, Potential Floater Unit sinkage”，现行探测难度D为3.2；请判断其潜在原因。",Operation and Maintenance; Structural degradation due to corrosion [11],"匹配到1条记录：1) FMEA编号=FF23；项目/功能=Floating support structure / Floating Support structure / All structures；失效模式=Structural break [11]；失效原因=Operation and Maintenance; Structural degradation due to corrosion [11]；失效后果=Watertight fault, Potential Floater Unit sinkage；S=4.17；O=2.67；D=3.2；RPN=36；建议措施=-。",正确,1.0,52.44,确定性规则问答,1.0,1.0,0,1.0,1,,,11.0；11.0,,,Operation and Maintenance; Structural degradation due to corrosion [11],,潜在失效模式；潜在失效后果；可探测度(D)；潜在失效原因/机理,67,
378,378,Full全量模型,无,故障原因诊断类,后果探测度查原因,后果到原因推理,,,困难,某条FMEA记录显示：“Structural break”会导致“Tower collapse”，现行探测难度D为3.6；请判断其潜在原因。,Operation; Structure brittle fracture due to extreme environmental temperature,"匹配到1条记录：1) FMEA编号=FF24；项目/功能=Floating support structure / Floating Support structure / Primary structure & Welding；失效模式=Structural break [11]；失效原因=Operation; Structure brittle fracture due to extreme environmental temperature；失效后果=Tower collapse；S=4.67；O=1.33；D=3.6；RPN=33.4；建议措施=Operational limits: weather windows, alarm thresholds for motions; Other- Specify; Expanded design load cases (including typhoon/hurricane scenarios); Better understanding of temperature ranges。",正确,1.0,13.45,确定性规则问答,1.0,1.0,0,1.0,1,,,,,,Operation; Structure brittle fracture due to extreme environmental temperature,,潜在失效模式；潜在失效后果；可探测度(D)；潜在失效原因/机理,68,
379,379,Full全量模型,无,故障原因诊断类,后果探测度查原因,后果到原因推理,,,困难,某条FMEA记录显示：“Floater unit sinkage”会导致“Potential Failure/Asset damage Energy production loss”，现行探测难度D为2.6；请判断其潜在原因。,Operation; Structures break/collapse due to collision with other FWT,"匹配到1条记录：1) FMEA编号=FF25；项目/功能=Floating support structure / Floating Support structure / All structures；失效模式=Floater unit sinkage；失效原因=Operation; Structures break/collapse due to collision with other FWT；失效后果=Potential Failure/Asset damage Energy production loss；S=5；O=1.33；D=2.6；RPN=30.8；建议措施=Operational limits: weather windows, alarm thresholds for motions; -; Expanded design load cases (including typhoon/hurricane scenarios); Freeboard margin increase and water-tight compartmentalization。",正确,1.0,13.42,确定性规则问答,1.0,1.0,0,1.0,1,,,,,,Operation; Structures break/collapse due to collision with other FWT,,潜在失效模式；潜在失效后果；可探测度(D)；潜在失效原因/机理,69,
380,380,Full全量模型,无,故障原因诊断类,后果探测度查原因,后果到原因推理,,,困难,"某条FMEA记录显示：“Hit by dropped objects”会导致“Damage to the facility, vast economic loses”，现行探测难度D为3.17；请判断其潜在原因。",Environmental condition; Typhoon can cause failure of the floating unit if it gets hit by dropping objects. (eg. damaged blade)(strong wind/wave),"匹配到1条记录：1) FMEA编号=FF26；项目/功能=Floating support structure / Floating Support structure / All structures；失效模式=Hit by dropped objects [1,9]；失效原因=Environmental condition; Typhoon can cause failure of the floating unit if it gets hit by dropping objects. (eg. damaged blade)(strong wind/wave)；失效后果=Damage to the facility, vast economic loses；S=4.83；O=1.67；D=3.17；RPN=25；建议措施=Expanded design load cases (including typhoon/hurricane scenarios); High-fidelity coupled aero-hydro-elastic simulation in design updates; -。",正确,1.0,13.56,确定性规则问答,1.0,1.0,0,1.0,1,,,,,,Environmental condition; Typhoon can cause failure of the floating unit if it gets hit by dropping objects. (eg. damaged blade)(strong wind/wave),,潜在失效模式；潜在失效后果；可探测度(D)；潜在失效原因/机理,70,
381,381,Full全量模型,无,故障原因诊断类,后果探测度查原因,后果到原因推理,,,困难,"某条FMEA记录显示：“Structural break”会导致“Watertight fault, Potential Floater Unit sinkage”，现行探测难度D为3；请判断其潜在原因。",Design; Underdesigned structure/Component due to insufficient environmental data,"匹配到1条记录：1) FMEA编号=FF27；项目/功能=Floating support structure / Floating Support structure / All structures；失效模式=Structural break [11]；失效原因=Design; Underdesigned structure/Component due to insufficient environmental data；失效后果=Watertight fault, Potential Floater Unit sinkage；S=4.67；O=2.33；D=3；RPN=22.4；建议措施=Expanded design load cases (including typhoon/hurricane scenarios); High-fidelity coupled aero-hydro-elastic simulation in design updates。",正确,1.0,13.34,确定性规则问答,1.0,1.0,0,1.0,1,,,,,,Design; Underdesigned structure/Component due to insufficient environmental data,,潜在失效模式；潜在失效后果；可探测度(D)；潜在失效原因/机理,71,
382,382,Full全量模型,无,故障原因诊断类,后果探测度查原因,后果到原因推理,,,困难,"某条FMEA记录显示：“Structural break”会导致“Watertight fault, Potential Floater Unit sinkage”，现行探测难度D为3.6；请判断其潜在原因。",Maintenance; Undetected defects due to poor quality control,"匹配到1条记录：1) FMEA编号=FF28；项目/功能=Floating support structure / Floating Support structure / All structures & Welding；失效模式=Structural break [11]；失效原因=Maintenance; Undetected defects due to poor quality control；失效后果=Watertight fault, Potential Floater Unit sinkage；S=4.5；O=2.33；D=3.6；RPN=19；建议措施=Operational limits: weather windows, alarm thresholds for motions; Other- Specify; -; Welding quality assurance and NDT enhancement (phased-array UT)。",正确,1.0,13.21,确定性规则问答,1.0,1.0,0,1.0,1,,,,,,Maintenance; Undetected defects due to poor quality control,,潜在失效模式；潜在失效后果；可探测度(D)；潜在失效原因/机理,72,
383,383,Full全量模型,无,故障原因诊断类,后果探测度查原因,后果到原因推理,,,困难,某条FMEA记录显示：“Watertight fault”会导致“Reduced stability”，现行探测难度D为3.6；请判断其潜在原因。,Manufacturing and Installation; Ventilation heads/Manholes failure due to Manufacturing defect/Welding defect,匹配到1条记录：1) FMEA编号=FF29；项目/功能=Floating support structure / Floating Support structure / Secondary structure & Welding；失效模式=Watertight fault [1]；失效原因=Manufacturing and Installation; Ventilation heads/Manholes failure due to Manufacturing defect/Welding defect；失效后果=Reduced stability；S=3.6；O=2.33；D=3.6；RPN=36；建议措施=-。,正确,1.0,13.22,确定性规则问答,1.0,1.0,0,1.0,1,,,,,,Manufacturing and Installation; Ventilation heads/Manholes failure due to Manufacturing defect/Welding defect,,潜在失效模式；潜在失效后果；可探测度(D)；潜在失效原因/机理,73,
384,384,Full全量模型,无,故障原因诊断类,后果探测度查原因,后果到原因推理,,,困难,某条FMEA记录显示：“Cracks”会导致“Watertight fault”，现行探测难度D为3.2；请判断其潜在原因。,Manufacturing; Welding failure,匹配到1条记录：1) FMEA编号=FF30；项目/功能=Floating support structure / Floating Support structure / Welding；失效模式=Cracks [11]；失效原因=Manufacturing; Welding failure；失效后果=Watertight fault；S=3.6；O=3；D=3.2；RPN=31.2；建议措施=-。,正确,1.0,13.38,确定性规则问答,1.0,1.0,0,1.0,1,,,,,,Manufacturing; Welding failure,,潜在失效模式；潜在失效后果；可探测度(D)；潜在失效原因/机理,74,
385,385,Full全量模型,无,故障原因诊断类,后果探测度查原因,后果到原因推理,,,困难,某条FMEA记录显示：“Anchor failure”会导致“Anchor failure”，现行探测难度D为3.8；请判断其潜在原因。,Operation; Abnormal working conditions,"匹配到2条记录：1) FMEA编号=SKS1；项目/功能=Station keeping / Anchor (AC)；失效模式=Anchor failure [1], [17]；失效原因=Operation; Abnormal working conditions；失效后果=Anchor failure；S=4.2；O=2.2；D=3.8；RPN=34；建议措施=Continuous tension and vibration monitoring; thresholds for intervention; Procedural controls: load management, operational envelopes; Better design by expanded load case matrix including more failure modes; -；2) FMEA编号=SKS2；项目/功能=Station keeping / Anchor (AC)；失效模式=Anchor failure [1], [17]；失效原因=Operation; Cyclic degradation；失效后果=Anchor failure；S=4.2；O=2.2；D=3.8；RPN=34；建议措施=Continuous tension and vibration monitoring; thresholds for intervention; Procedural controls: load management, operational envelopes; Better design by expanded load case matrix including more failure modes; -。",正确,1.0,13.18,确定性规则问答,1.0,1.0,0,1.0,2,,,,,,Operation; Abnormal working conditions,,潜在失效模式；潜在失效后果；可探测度(D)；潜在失效原因/机理,75,
386,386,Full全量模型,无,故障原因诊断类,后果探测度查原因,后果到原因推理,,,困难,某条FMEA记录显示：“Failure in buoyancy element”会导致“未说明”，现行探测难度D为3.25；请判断其潜在原因。,Operation,Operation,正确,1.0,627.76,语义RAG,0.3333,1.0,0,1.0,6,,,,,,Operation,,潜在失效模式；潜在失效后果；可探测度(D)；潜在失效原因/机理,77,
387,387,Full全量模型,无,故障原因诊断类,后果探测度查原因,后果到原因推理,,,困难,某条FMEA记录显示：“Failure in clump weight”会导致“未说明”，现行探测难度D为3.5；请判断其潜在原因。,Operation,失效原因 / FailureCause / cause / reason / 为什么 / 为啥 / 咋来的: Operation,正确,1.0,816.63,语义RAG,0.3333,1.0,0,1.0,6,,,,,,Operation,,潜在失效模式；潜在失效后果；可探测度(D)；潜在失效原因/机理,78,
388,388,Full全量模型,无,故障原因诊断类,后果探测度查原因,后果到原因推理,,,困难,某条FMEA记录显示：“Fairlead failure”会导致“The anchor cannot be dropped and lift”，现行探测难度D为3；请判断其潜在原因。,Operation; Fairlead fatigue,"匹配到2条记录：1) FMEA编号=SKS5；项目/功能=Station keeping / Fairlead (FL)；失效模式=Fairlead failure [1], [17]；失效原因=Operation; Fairlead fatigue；失效后果=The anchor cannot be dropped and lift；S=3.8；O=2.8；D=3；RPN=30；建议措施=Continuous tension and vibration monitoring; thresholds for intervention; Fairlead geometry improvements and low-wear lining; Optimized chain/wire/rope selection and fatigue margins (design); -；2) FMEA编号=SKS6；项目/功能=Station keeping / Fairlead (FL)；失效模式=Fairlead failure [1],[17]；失效原因=Operation; Fairlead corrosion；失效后果=The anchor cannot be dropped and lift；S=3.8；O=2.8；D=3；RPN=30；建议措施=Cathodic protection and corrosion monitoring regimes; -。",正确,1.0,23.35,确定性规则问答,1.0,1.0,1,1.0,2,,,,,2.0；2.0,Operation; Fairlead fatigue,,潜在失效模式；潜在失效后果；可探测度(D)；潜在失效原因/机理,79,
389,389,Full全量模型,无,故障原因诊断类,后果探测度查原因,后果到原因推理,,,困难,某条FMEA记录显示：“Monitoring system fails”会导致“Unable to monitor tension in the mooring lines”，现行探测难度D为2；请判断其潜在原因。,Operation,匹配到1条记录：1) FMEA编号=SKS7；项目/功能=Station keeping / Monitoring System；失效模式=Monitoring system fails；失效原因=Operation；失效后果=Unable to monitor tension in the mooring lines；S=2.6；O=3.2；D=2；RPN=13.5；建议措施=-。,正确,1.0,22.43,确定性规则问答,1.0,1.0,0,1.0,1,,,,,,Operation,,潜在失效模式；潜在失效后果；可探测度(D)；潜在失效原因/机理,81,
390,390,Full全量模型,无,故障原因诊断类,后果探测度查原因,后果到原因推理,,,困难,某条FMEA记录显示：“Mooring line breakage”会导致“Mooring line strength decrease or broken”，现行探测难度D为3.2；请判断其潜在原因。,Manufacturing; Poor splice quality/ workmanship/qualification,匹配到1条记录：1) FMEA编号=SKS8；项目/功能=Station keeping / Mooring Lines (ML) / Mooring lines；失效模式=Mooring line breakage [8]；失效原因=Manufacturing; Poor splice quality/ workmanship/qualification；失效后果=Mooring line strength decrease or broken；S=4；O=2.4；D=3.2；RPN=28.8；建议措施=ROV visual inspections; targeted maintenance on wear zones; Diversity in materials/vendors to reduce common-cause risks; -。,正确,1.0,22.21,确定性规则问答,1.0,1.0,0,1.0,1,,,,,,Manufacturing; Poor splice quality/ workmanship/qualification,,潜在失效模式；潜在失效后果；可探测度(D)；潜在失效原因/机理,82,
391,391,Full全量模型,无,故障原因诊断类,后果探测度查原因,后果到原因推理,,,困难,某条FMEA记录显示：“Mooring line breakage”会导致“Mooring line strength decrease or broken”，现行探测难度D为2.6；请判断其潜在原因。,Environmental condition; Abnormal stress due to mooring lines wear caused by unexpected seismic loads/ The tension overpassing the limit value can cause the mooring line to instantaneously break [18],匹配到1条记录：1) FMEA编号=SKS9；项目/功能=Station keeping / Mooring Lines (ML) / Mooring lines；失效模式=Mooring line breakage[8]；失效原因=Environmental condition; Abnormal stress due to mooring lines wear caused by unexpected seismic loads/ The tension overpassing the limit value can cause the mooring line to instantaneously break [18]；失效后果=Mooring line strength decrease or broken；S=4；O=2；D=2.6；RPN=20；建议措施=Continuous tension and vibration monitoring; thresholds for intervention; -。,正确,1.0,21.66,确定性规则问答,1.0,1.0,0,1.0,1,,,18.0,,,Environmental condition; Abnormal stress due to mooring lines wear caused by unexpected seismic loads/ The tension overpassing the limit value can cause the mooring line to instantaneously break [18],,潜在失效模式；潜在失效后果；可探测度(D)；潜在失效原因/机理,83,
392,392,Full全量模型,无,故障原因诊断类,后果探测度查原因,后果到原因推理,,,困难,某条FMEA记录显示：“Mooring line breakage”会导致“Mooring line strength decrease or broken”，现行探测难度D为3；请判断其潜在原因。,Environmental condition; Mooring lines wear caused by unexpected external damage (from e.g. overtrawling)/particulate ingress/UV light,匹配到1条记录：1) FMEA编号=SKS10；项目/功能=Station keeping / Mooring Lines (ML) / Mooring lines；失效模式=Mooring line breakage[8]；失效原因=Environmental condition; Mooring lines wear caused by unexpected external damage (from e.g. overtrawling)/particulate ingress/UV light；失效后果=Mooring line strength decrease or broken；S=4；O=2；D=3；RPN=24；建议措施=Continuous tension and vibration monitoring; thresholds for intervention; -。,正确,1.0,21.88,确定性规则问答,1.0,1.0,0,1.0,1,,,,,,Environmental condition; Mooring lines wear caused by unexpected external damage (from e.g. overtrawling)/particulate ingress/UV light,,潜在失效模式；潜在失效后果；可探测度(D)；潜在失效原因/机理,84,
393,393,Full全量模型,无,故障原因诊断类,后果探测度查原因,后果到原因推理,,,困难,某条FMEA记录显示：“Mooring Line Corrosion”会导致“Mooring line strength decrease or broken”，现行探测难度D为3；请判断其潜在原因。,Maintenance; Mooring lines corrosion due to improper maintenance of the corroded components,匹配到1条记录：1) FMEA编号=SKS11；项目/功能=Station keeping / Mooring Lines (ML) / Mooring lines；失效模式=Mooring Line Corrosion [1]；失效原因=Maintenance; Mooring lines corrosion due to improper maintenance of the corroded components；失效后果=Mooring line strength decrease or broken；S=3.6；O=2.8；D=3；RPN=29.2；建议措施=Continuous tension and vibration monitoring; thresholds for intervention; Optimized chain/wire/rope selection and fatigue margins (design); -。,正确,1.0,21.5,确定性规则问答,1.0,1.0,0,1.0,1,,,,,,Maintenance; Mooring lines corrosion due to improper maintenance of the corroded components,,潜在失效模式；潜在失效后果；可探测度(D)；潜在失效原因/机理,85,
394,394,Full全量模型,无,故障原因诊断类,后果探测度查原因,后果到原因推理,,,困难,某条FMEA记录显示：“Mooring Line Fatigue”会导致“Mooring line strength decrease or broken”，现行探测难度D为3；请判断其潜在原因。,"Maintenance; Mooring line fatigue due to Lack of proper maintenance, including inspection, monitoring, and replacement of the mooring lines.","匹配到2条记录：1) FMEA编号=SKS12；项目/功能=Station keeping / Mooring Lines (ML) / Mooring lines；失效模式=Mooring Line Fatigue [1]；失效原因=Maintenance; Mooring line fatigue due to Lack of proper maintenance, including inspection, monitoring, and replacement of the mooring lines.；失效后果=Mooring line strength decrease or broken；S=3.6；O=2.8；D=3；RPN=29.6；建议措施=-；2) FMEA编号=SKS13；项目/功能=Station keeping / Mooring Lines (ML) / Mooring lines；失效模式=Mooring Line Fatigue [1]；失效原因=Operation; Mooring line fatigue due to Improper operational procedures, such as excessive loading, bending or twisting.；失效后果=Mooring line strength decrease or broken；S=3.6；O=3；D=3；RPN=31.6；建议措施=Continuous tension and vibration monitoring; thresholds for intervention; Optimized chain/wire/rope selection and fatigue margins (design); -。",正确,1.0,21.43,确定性规则问答,1.0,1.0,1,1.0,2,,,,,2.0；2.0,"Maintenance; Mooring line fatigue due to Lack of proper maintenance, including inspection, monitoring, and replacement of the mooring lines.",,潜在失效模式；潜在失效后果；可探测度(D)；潜在失效原因/机理,86,
395,395,Full全量模型,无,故障原因诊断类,后果探测度查原因,后果到原因推理,,,困难,某条FMEA记录显示：“Mooring line wear”会导致“Mooring line strength decrease or broken”，现行探测难度D为3.6；请判断其潜在原因。,Manufacturing; Mooring lines wear due to poor quality during fabrication,"匹配到3条记录：1) FMEA编号=SKS14；项目/功能=Station keeping / Mooring Lines (ML) / Mooring lines；失效模式=Mooring line wear [1]；失效原因=Manufacturing; Mooring lines wear due to poor quality during fabrication；失效后果=Mooring line strength decrease or broken；S=3.6；O=2.8；D=3.6；RPN=35.6；建议措施=-；2) FMEA编号=SKS15；项目/功能=Station keeping / Mooring Lines (ML) / Mooring lines；失效模式=Mooring line wear [1]；失效原因=Design; Mooring lines wear due to underestimation of seisemic events during design or due to rope compression not considered；失效后果=Mooring line strength decrease or broken；S=3.6；O=2；D=3.6；RPN=26.4；建议措施=-；3) FMEA编号=SKS16；项目/功能=Station keeping / Mooring Lines (ML) / Mooring lines；失效模式=Mooring line wear [1]；失效原因=Operation; Mooring lines wear due to Improper handling, such as excessive tension, bending, or twisting of the mooring lines.；失效后果=Mooring line strength decrease or broken；S=3.6；O=2.4；D=3.6；RPN=31.6；建议措施=-。",正确,1.0,20.23,确定性规则问答,1.0,1.0,1,1.0,3,,,,,3.0；3.0,Manufacturing; Mooring lines wear due to poor quality during fabrication,,潜在失效模式；潜在失效后果；可探测度(D)；潜在失效原因/机理,88,
396,396,Full全量模型,无,故障原因诊断类,后果探测度查原因,后果到原因推理,,,困难,某条FMEA记录显示：“Mooring lines broken”会导致“Asset not in correct location or position”，现行探测难度D为2.6；请判断其潜在原因。,Operation; Transitional chain wear due to repeated loading and unloading cycles over time,"匹配到3条记录：1) FMEA编号=SKS17；项目/功能=Station keeping / Mooring lines (ML) / Mooring lines；失效模式=Mooring lines broken [1,3]；失效原因=Operation; Transitional chain wear due to repeated loading and unloading cycles over time；失效后果=Asset not in correct location or position；S=4；O=2.4；D=2.6；RPN=24.8；建议措施=ROV visual inspections; targeted maintenance on wear zones; Optimized chain/wire/rope selection and fatigue margins (design); Only chain and wire above MSL, keep fiber ropes wet; -；2) FMEA编号=SKS18；项目/功能=Station keeping / Mooring lines (ML) / Mooring lines；失效模式=Mooring lines broken [1,3]；失效原因=Maintenance; Transitional chain wear due to improper inspection and maintenance；失效后果=Asset not in correct location or position；S=4；O=2；D=2.6；RPN=20；建议措施=ROV visual inspections; targeted maintenance on wear zones; Optimized chain/wire/rope selection and fatigue margins (design); Only chain and wire above MSL, keep fiber ropes wet; -；3) FMEA编号=SKS19；项目/功能=Station keeping / Mooring lines (ML) / Mooring lines；失效模式=Mooring lines broken [1,3]；失效原因=Operation; Friction chain wear due to significant movement and tension due to the forces of wind, waves；失效后果=Asset not in correct location or position；S=4；O=2.2；D=2.6；RPN=22.4；建议措施=ROV visual inspections; targeted maintenance on wear zones; Optimized chain/wire/rope selection and fatigue margins (design); Only chain and wire above MSL, keep fiber ropes wet; -。",正确,1.0,19.67,确定性规则问答,1.0,1.0,0,1.0,3,,,,,,Operation; Transitional chain wear due to repeated loading and unloading cycles over time,,潜在失效模式；潜在失效后果；可探测度(D)；潜在失效原因/机理,91,
397,397,Full全量模型,无,故障原因诊断类,后果探测度查原因,后果到原因推理,,,困难,某条FMEA记录显示：“Mooring lines broken”会导致“Asset not in correct location or position”，现行探测难度D为3；请判断其潜在原因。,Operation; Mooring line wear due to hysteretic heating or wet-dry cycling,"匹配到1条记录：1) FMEA编号=SKS20；项目/功能=Station keeping / Mooring lines (ML) / Mooring lines；失效模式=Mooring lines broken [1,3]；失效原因=Operation; Mooring line wear due to hysteretic heating or wet-dry cycling；失效后果=Asset not in correct location or position；S=4；O=2.2；D=3；RPN=28；建议措施=ROV visual inspections; targeted maintenance on wear zones; -。",正确,1.0,17.96,确定性规则问答,1.0,1.0,0,1.0,1,,,,,,Operation; Mooring line wear due to hysteretic heating or wet-dry cycling,,潜在失效模式；潜在失效后果；可探测度(D)；潜在失效原因/机理,94,
398,398,Full全量模型,无,故障原因诊断类,后果探测度查原因,后果到原因推理,,,困难,某条FMEA记录显示：“Mooring winch failure”会导致“Asset not in correct location or position”，现行探测难度D为2.8；请判断其潜在原因。,Design; Mooring winch failure due to understimation of loads during design phase,匹配到1条记录：1) FMEA编号=SKS21；项目/功能=Station keeping / Mooring lines (ML) / Mooring winch；失效模式=Mooring winch failure [1]；失效原因=Design; Mooring winch failure due to understimation of loads during design phase；失效后果=Asset not in correct location or position；S=4；O=2；D=2.8；RPN=21.6；建议措施=-。,正确,1.0,17.93,确定性规则问答,1.0,1.0,0,1.0,1,,,,,,Design; Mooring winch failure due to understimation of loads during design phase,,潜在失效模式；潜在失效后果；可探测度(D)；潜在失效原因/机理,95,
399,399,Full全量模型,无,故障原因诊断类,后果探测度查原因,后果到原因推理,,,困难,某条FMEA记录显示：“Mooring winch failure”会导致“Asset not in correct location or position”，现行探测难度D为3.2；请判断其潜在原因。,Maintenance; Mooring winch failure due to undetected hazard during operation,"匹配到1条记录：1) FMEA编号=SKS22；项目/功能=Station keeping / Mooring lines (ML) / Mooring winch；失效模式=Mooring winch failure [1]；失效原因=Maintenance; Mooring winch failure due to undetected hazard during operation；失效后果=Asset not in correct location or position；S=4；O=2；D=3.2；RPN=25.6；建议措施=Continuous tension and vibration monitoring; thresholds for intervention; Procedural controls: load management, operational envelopes; -。",正确,1.0,17.65,确定性规则问答,1.0,1.0,0,1.0,1,,,,,,Maintenance; Mooring winch failure due to undetected hazard during operation,,潜在失效模式；潜在失效后果；可探测度(D)；潜在失效原因/机理,96,
400,400,Full全量模型,无,故障原因诊断类,后果探测度查原因,后果到原因推理,,,困难,某条FMEA记录显示：“accelerated mechanical fatigue”会导致“Structural damage - cable composition weakening”，现行探测难度D为3.75；请判断其潜在原因。,Design Phase; Underestimation of dynamic conditions - Unexpected contingency scenario ( loss of mooring line ) - unexpected dynamic loads,"匹配到1条记录：1) FMEA编号=DC1；项目/功能=Dynamic cable / Dynamic Cable / Dynamic Cable/；失效模式=accelerated mechanical fatigue；失效原因=Design Phase; Underestimation of dynamic conditions - Unexpected contingency scenario ( loss of mooring line ) - unexpected dynamic loads；失效后果=Structural damage - cable composition weakening；S=4.2；O=2.2；D=3.75；RPN=30.25；建议措施=Monitoring: DTS/RTTR, electrical integrity tests, leak detection; Lazy-wave configuration optimization; buoyancy spacing; hang-off upgrades; -。",正确,1.0,17.06,确定性规则问答,1.0,1.0,0,1.0,1,,,,,,Design Phase; Underestimation of dynamic conditions - Unexpected contingency scenario ( loss of mooring line ) - unexpected dynamic loads,,潜在失效模式；潜在失效后果；可探测度(D)；潜在失效原因/机理,97,
401,401,Full全量模型,无,故障原因诊断类,后果探测度查原因,后果到原因推理,,,困难,某条FMEA记录显示：“anchoring damages”会导致“Structural integrity damage - extra stress on cables”，现行探测难度D为2.4；请判断其潜在原因。,Environmental conditions; Anchor impacts - seabed movement,匹配到1条记录：1) FMEA编号=DC2；项目/功能=Dynamic cable / Dynamic Cable / Dynamic Cable/；失效模式=anchoring damages；失效原因=Environmental conditions; Anchor impacts - seabed movement；失效后果=Structural integrity damage - extra stress on cables；S=4.2；O=1.6；D=2.4；RPN=20；建议措施=-。,正确,1.0,15.98,确定性规则问答,1.0,1.0,0,1.0,1,,,,,,Environmental conditions; Anchor impacts - seabed movement,,潜在失效模式；潜在失效后果；可探测度(D)；潜在失效原因/机理,98,
402,402,Full全量模型,无,故障原因诊断类,后果探测度查原因,后果到原因推理,,,困难,某条FMEA记录显示：“Cable Damage”会导致“Operational disruption”，现行探测难度D为3；请判断其潜在原因。,"Operation; Mechanical stress - cable motion,Bending and motion","匹配到1条记录：1) FMEA编号=DC3；项目/功能=Dynamic cable / Dynamic Cable / Dynamic Cable/；失效模式=Cable Damage；失效原因=Operation; Mechanical stress - cable motion,Bending and motion；失效后果=Operational disruption；S=2.67；O=3；D=3；RPN=32；建议措施=-。",正确,1.0,12.63,确定性规则问答,1.0,1.0,0,1.0,1,,,,,,"Operation; Mechanical stress - cable motion,Bending and motion",,潜在失效模式；潜在失效后果；可探测度(D)；潜在失效原因/机理,99,
403,403,Full全量模型,无,故障原因诊断类,后果探测度查原因,后果到原因推理,,,困难,某条FMEA记录显示：“Corrosion of J-tube”会导致“J-tube degradation affecting cable integrity”，现行探测难度D为3.2；请判断其潜在原因。,"Installation phase; Seawater exposure, environmental conditions due to failure of corrosion protection anodes","匹配到1条记录：1) FMEA编号=DC4；项目/功能=Dynamic cable / Dynamic Cable / J-tube；失效模式=Corrosion of J-tube [6]；失效原因=Installation phase; Seawater exposure, environmental conditions due to failure of corrosion protection anodes；失效后果=J-tube degradation affecting cable integrity；S=2.8；O=2.8；D=3.2；RPN=22.5；建议措施=-。",正确,1.0,12.9,确定性规则问答,1.0,1.0,0,1.0,1,,,,,,"Installation phase; Seawater exposure, environmental conditions due to failure of corrosion protection anodes",,潜在失效模式；潜在失效后果；可探测度(D)；潜在失效原因/机理,100,
404,404,Full全量模型,无,故障原因诊断类,后果探测度查原因,后果到原因推理,,,困难,某条FMEA记录显示：“Corrosion of J-tube”会导致“J-tube degradation affecting cable integrity”，现行探测难度D为3.4；请判断其潜在原因。,"Design Phase; Seawater exposure, environmental conditions due to insufficient coating","匹配到1条记录：1) FMEA编号=DC5；项目/功能=Dynamic cable / Dynamic Cable / J-tube；失效模式=Corrosion of J-tube [6]；失效原因=Design Phase; Seawater exposure, environmental conditions due to insufficient coating；失效后果=J-tube degradation affecting cable integrity；S=3.2；O=2；D=3.4；RPN=15；建议措施=-; Cathodic protection; coating improvements。",正确,1.0,12.95,确定性规则问答,1.0,1.0,0,1.0,1,,,,,,"Design Phase; Seawater exposure, environmental conditions due to insufficient coating",,潜在失效模式；潜在失效后果；可探测度(D)；潜在失效原因/机理,101,
405,405,Full全量模型,无,故障原因诊断类,后果探测度查原因,后果到原因推理,,,困难,某条FMEA记录显示：“Crushing or deformation”会导致“Structural damage - cable weakening”，现行探测难度D为3.2；请判断其潜在原因。,Design Phase; Excessive mechanical load - equipment interraction,匹配到1条记录：1) FMEA编号=DC6；项目/功能=Dynamic cable / Dynamic Cable / Dynamic Cable/；失效模式=Crushing or deformation；失效原因=Design Phase; Excessive mechanical load - equipment interraction；失效后果=Structural damage - cable weakening；S=3.8；O=1.8；D=3.2；RPN=24；建议措施=-。,正确,1.0,12.97,确定性规则问答,1.0,1.0,0,1.0,1,,,,,,Design Phase; Excessive mechanical load - equipment interraction,,潜在失效模式；潜在失效后果；可探测度(D)；潜在失效原因/机理,102,
406,406,Full全量模型,无,故障原因诊断类,后果探测度查原因,后果到原因推理,,,困难,某条FMEA记录显示：“damage and corrosion of mechanical parts”会导致“High risk of fault on the cable - total loss of the line Prodution loss on the string”，现行探测难度D为3.5；请判断其潜在原因。,Design Phase; Wrong design/execution of the isolation material,匹配到1条记录：1) FMEA编号=DC7；项目/功能=Dynamic cable / Dynamic Cable / Hang-off；失效模式=damage and corrosion of mechanical parts；失效原因=Design Phase; Wrong design/execution of the isolation material；失效后果=High risk of fault on the cable - total loss of the line Prodution loss on the string；S=3.2；O=1.75；D=3.5；RPN=24；建议措施=-; Design review; improved material selection。,正确,1.0,13.35,确定性规则问答,1.0,1.0,0,1.0,1,,,,,,Design Phase; Wrong design/execution of the isolation material,,潜在失效模式；潜在失效后果；可探测度(D)；潜在失效原因/机理,103,
407,407,Full全量模型,无,故障原因诊断类,后果探测度查原因,后果到原因推理,,,困难,某条FMEA记录显示：“Debris disturbance”会导致“Cable damage - operational disruption”，现行探测难度D为3.2；请判断其潜在原因。,Environmental conditions; Floating debris - marine activities,匹配到1条记录：1) FMEA编号=DC8；项目/功能=Dynamic cable / Dynamic Cable / Dynamic Cable/；失效模式=Debris disturbance；失效原因=Environmental conditions; Floating debris - marine activities；失效后果=Cable damage - operational disruption；S=3.2；O=2；D=3.2；RPN=16；建议措施=-; Environmental protections; debris management。,正确,1.0,13.07,确定性规则问答,1.0,1.0,0,1.0,1,,,,,,Environmental conditions; Floating debris - marine activities,,潜在失效模式；潜在失效后果；可探测度(D)；潜在失效原因/机理,104,
408,408,Full全量模型,无,故障原因诊断类,后果探测度查原因,后果到原因推理,,,困难,某条FMEA记录显示：“Detachment”会导致“cable disconnection - water penetration - Power loss”，现行探测难度D为2.4；请判断其潜在原因。,Operation; Connector failure - Mechanical stress,匹配到1条记录：1) FMEA编号=DC9；项目/功能=Dynamic cable / Dynamic Cable / Dynamic Cable/；失效模式=Detachment；失效原因=Operation; Connector failure - Mechanical stress；失效后果=cable disconnection - water penetration - Power loss；S=4.4；O=2；D=2.4；RPN=18.5；建议措施=-; Design review; improved material selection。,正确,1.0,12.86,确定性规则问答,1.0,1.0,0,1.0,1,,,,,,Operation; Connector failure - Mechanical stress,,潜在失效模式；潜在失效后果；可探测度(D)；潜在失效原因/机理,105,
409,409,Full全量模型,无,故障原因诊断类,后果探测度查原因,后果到原因推理,,,困难,某条FMEA记录显示：“Failure of end termination”会导致“breakdown of insulation”，现行探测难度D为2.8；请判断其潜在原因。,Manufacturing; Poor quality components [6],匹配到2条记录：1) FMEA编号=DC10；项目/功能=Dynamic cable / Dynamic Cable / Joints and terminations；失效模式=Failure of end termination [6]；失效原因=Manufacturing; Poor quality components [6]；失效后果=breakdown of insulation；S=3.6；O=2.6；D=2.8；RPN=25.2；建议措施=-；2) FMEA编号=DC12；项目/功能=Dynamic cable / Dynamic Cable / Joints and terminations；失效模式=Failure of end termination [6]；失效原因=Manufacturing; Quality of workmanship [6]；失效后果=breakdown of insulation；S=3.6；O=2.8；D=2.8；RPN=27.6；建议措施=-。,正确,1.0,13.06,确定性规则问答,1.0,1.0,1,1.0,2,,,6.0；6.0；6.0；6.0,,2.0；2.0,Manufacturing; Poor quality components [6],,潜在失效模式；潜在失效后果；可探测度(D)；潜在失效原因/机理,106,
410,410,Full全量模型,无,故障原因诊断类,后果探测度查原因,后果到原因推理,,,困难,某条FMEA记录显示：“Failure of end termination”会导致“breakdown of insulation”，现行探测难度D为3.2；请判断其潜在原因。,Manufacturing; Poor quality of insulating fluids [6],匹配到1条记录：1) FMEA编号=DC11；项目/功能=Dynamic cable / Dynamic Cable / Joints and terminations；失效模式=Failure of end termination [6]；失效原因=Manufacturing; Poor quality of insulating fluids [6]；失效后果=breakdown of insulation；S=3.8；O=2.6；D=3.2；RPN=28.6；建议措施=-; Design improvements; enhanced termination QA。,正确,1.0,13.05,确定性规则问答,1.0,1.0,0,1.0,1,,,6.0；6.0,,,Manufacturing; Poor quality of insulating fluids [6],,潜在失效模式；潜在失效后果；可探测度(D)；潜在失效原因/机理,107,
411,411,Full全量模型,无,故障原因诊断类,后果探测度查原因,后果到原因推理,,,困难,某条FMEA记录显示：“Failure of fixing clamps”会导致“Cable damage - exposure to elements”，现行探测难度D为3；请判断其潜在原因。,Operation; Mechanical stress,匹配到1条记录：1) FMEA编号=DC13；项目/功能=Dynamic cable / Dynamic Cable / Dynamic Cable/；失效模式=Failure of fixing clamps；失效原因=Operation; Mechanical stress；失效后果=Cable damage - exposure to elements；S=3.6；O=2.6；D=3；RPN=28；建议措施=-。,正确,1.0,12.99,确定性规则问答,1.0,1.0,0,1.0,1,,,,,,Operation; Mechanical stress,,潜在失效模式；潜在失效后果；可探测度(D)；潜在失效原因/机理,109,
412,412,Full全量模型,无,故障原因诊断类,后果探测度查原因,后果到原因推理,,,困难,某条FMEA记录显示：“Failure of insulations”会导致“Fault in the cable - power disruption”，现行探测难度D为2.8；请判断其潜在原因。,Design Phase; Inproper design : need quality insulation materials and protection,匹配到1条记录：1) FMEA编号=DC14；项目/功能=Dynamic cable / Dynamic Cable / Insulation；失效模式=Failure of insulations；失效原因=Design Phase; Inproper design : need quality insulation materials and protection；失效后果=Fault in the cable - power disruption；S=4.4；O=2.2；D=2.8；RPN=25.6；建议措施=-。,正确,1.0,12.91,确定性规则问答,1.0,1.0,0,1.0,1,,,,,,Design Phase; Inproper design : need quality insulation materials and protection,,潜在失效模式；潜在失效后果；可探测度(D)；潜在失效原因/机理,110,
413,413,Full全量模型,无,故障原因诊断类,后果探测度查原因,后果到原因推理,,,困难,某条FMEA记录显示：“Failure of sheath”会导致“Fault in the cable - exposure to elements”，现行探测难度D为3；请判断其潜在原因。,Operation; Mechanical and thermal stress,匹配到1条记录：1) FMEA编号=DC15；项目/功能=Dynamic cable / Dynamic Cable / Sheath；失效模式=Failure of sheath；失效原因=Operation; Mechanical and thermal stress；失效后果=Fault in the cable - exposure to elements；S=4.2；O=2.4；D=3；RPN=31.6；建议措施=-。,正确,1.0,13.0,确定性规则问答,1.0,1.0,0,1.0,1,,,,,,Operation; Mechanical and thermal stress,,潜在失效模式；潜在失效后果；可探测度(D)；潜在失效原因/机理,111,
414,414,Full全量模型,无,故障原因诊断类,后果探测度查原因,后果到原因推理,,,困难,某条FMEA记录显示：“Failure of watertightness”会导致“Reduced or interupted electricity flow”，现行探测难度D为3；请判断其潜在原因。,Manufacturing; Errors or defects during manufacturing,"匹配到1条记录：1) FMEA编号=DC16；项目/功能=Dynamic cable / Dynamic Cable / Dynamic Cable/；失效模式=Failure of watertightness；失效原因=Manufacturing; Errors or defects during manufacturing；失效后果=Reduced or interupted electricity flow；S=4.2；O=2.6；D=3；RPN=30.2；建议措施=Installation QA/QC: pull-in tension verification, handling procedures; Watertightness assurance: enhanced sealing tests; end termination QA; -。",正确,1.0,13.11,确定性规则问答,1.0,1.0,0,1.0,1,,,,,,Manufacturing; Errors or defects during manufacturing,,潜在失效模式；潜在失效后果；可探测度(D)；潜在失效原因/机理,112,
415,415,Full全量模型,无,故障原因诊断类,后果探测度查原因,后果到原因推理,,,困难,某条FMEA记录显示：“Failure of watertightness”会导致“Reduced or interupted electricity flow”，现行探测难度D为3.6；请判断其潜在原因。,Operation; Damage on the cable due to extreme environmental events,匹配到1条记录：1) FMEA编号=DC17；项目/功能=Dynamic cable / Dynamic Cable / Dynamic Cable/；失效模式=Failure of watertightness；失效原因=Operation; Damage on the cable due to extreme environmental events；失效后果=Reduced or interupted electricity flow；S=4.2；O=2；D=3.6；RPN=27.8；建议措施=Watertightness assurance: enhanced sealing tests; end termination QA; -。,正确,1.0,13.05,确定性规则问答,1.0,1.0,0,1.0,1,,,,,,Operation; Damage on the cable due to extreme environmental events,,潜在失效模式；潜在失效后果；可探测度(D)；潜在失效原因/机理,113,
416,416,Full全量模型,无,故障原因诊断类,后果探测度查原因,后果到原因推理,,,困难,某条FMEA记录显示：“failures of conductors”会导致“Electrical faults - loss of production”，现行探测难度D为2.4；请判断其潜在原因。,Operation; Internal damage: Problem in insulation material - Electrical overload,"匹配到1条记录：1) FMEA编号=DC18；项目/功能=Dynamic cable / Dynamic Cable / Conductor；失效模式=failures of conductors；失效原因=Operation; Internal damage: Problem in insulation material - Electrical overload；失效后果=Electrical faults - loss of production；S=4.2；O=2.4；D=2.4；RPN=25；建议措施=-; Monitoring (DTS/RTTR, electrical integrity tests)。",正确,1.0,13.18,确定性规则问答,1.0,1.0,0,1.0,1,,,,,,Operation; Internal damage: Problem in insulation material - Electrical overload,,潜在失效模式；潜在失效后果；可探测度(D)；潜在失效原因/机理,114,
417,417,Full全量模型,无,故障原因诊断类,后果探测度查原因,后果到原因推理,,,困难,某条FMEA记录显示：“Fatigue Cracks”会导致“Crack may evolve in a fault of the cable - Cable weakening”，现行探测难度D为3.6；请判断其潜在原因。,Operation; Repeated stress cycles - bending motions,"匹配到1条记录：1) FMEA编号=DC19；项目/功能=Dynamic cable / Dynamic Cable / Dynamic Cable/；失效模式=Fatigue Cracks；失效原因=Operation; Repeated stress cycles - bending motions；失效后果=Crack may evolve in a fault of the cable - Cable weakening；S=4.2；O=2.4；D=3.6；RPN=35.6；建议措施=Monitoring: DTS/RTTR, electrical integrity tests, leak detection; -。",正确,1.0,13.5,确定性规则问答,1.0,1.0,0,1.0,1,,,,,,Operation; Repeated stress cycles - bending motions,,潜在失效模式；潜在失效后果；可探测度(D)；潜在失效原因/机理,115,
418,418,Full全量模型,无,故障原因诊断类,后果探测度查原因,后果到原因推理,,,困难,"某条FMEA记录显示：“Geo-Hazards”会导致“Cable damage, production disruption”，现行探测难度D为3.5；请判断其潜在原因。","Design Phase; Unexpected contingency ( earthquake, seabed movement)","匹配到1条记录：1) FMEA编号=DC20；项目/功能=Dynamic cable / Dynamic Cable / Dynamic Cable/；失效模式=Geo-Hazards；失效原因=Design Phase; Unexpected contingency ( earthquake, seabed movement)；失效后果=Cable damage, production disruption；S=4.6；O=1.4；D=3.5；RPN=32；建议措施=-。",正确,1.0,12.79,确定性规则问答,1.0,1.0,0,1.0,1,,,,,,"Design Phase; Unexpected contingency ( earthquake, seabed movement)",,潜在失效模式；潜在失效后果；可探测度(D)；潜在失效原因/机理,116,
419,419,Full全量模型,无,故障原因诊断类,后果探测度查原因,后果到原因推理,,,困难,某条FMEA记录显示：“Loss of dynamic positioning”会导致“Cables stress”，现行探测难度D为3；请判断其潜在原因。,Environmental conditions; Dynamic positioning system failure due to excessive environmental conditions,匹配到1条记录：1) FMEA编号=DC21；项目/功能=Dynamic cable / Dynamic Cable / Dynamic Cable/；失效模式=Loss of dynamic positioning；失效原因=Environmental conditions; Dynamic positioning system failure due to excessive environmental conditions；失效后果=Cables stress；S=3.4；O=2.6；D=3；RPN=26；建议措施=-。,正确,1.0,13.01,确定性规则问答,1.0,1.0,0,1.0,1,,,,,,Environmental conditions; Dynamic positioning system failure due to excessive environmental conditions,,潜在失效模式；潜在失效后果；可探测度(D)；潜在失效原因/机理,117,
420,420,Full全量模型,无,故障原因诊断类,后果探测度查原因,后果到原因推理,,,困难,某条FMEA记录显示：“Loss of float bility (water adsorption)”会导致“未说明”，现行探测难度D为3；请判断其潜在原因。,Operation,Operation,正确,1.0,568.62,语义RAG,0.3333,1.0,0,1.0,6,,,,,,Operation,,潜在失效模式；潜在失效后果；可探测度(D)；潜在失效原因/机理,118,
421,421,Full全量模型,无,故障原因诊断类,后果探测度查原因,后果到原因推理,,,困难,某条FMEA记录显示：“material degradation”会导致“Weakening of cable materials - loss of production”，现行探测难度D为3；请判断其潜在原因。,Design Phase; Underestimation of dynamic conditions - Unexpected contingency scenario ( loss of mooring line ),"匹配到1条记录：1) FMEA编号=DC23；项目/功能=Dynamic cable / Dynamic Cable / Dynamic Cable/；失效模式=material degradation；失效原因=Design Phase; Underestimation of dynamic conditions - Unexpected contingency scenario ( loss of mooring line )；失效后果=Weakening of cable materials - loss of production；S=4.4；O=1.8；D=3；RPN=18.5；建议措施=Monitoring: DTS/RTTR, electrical integrity tests, leak detection; -。",正确,1.0,23.08,确定性规则问答,1.0,1.0,0,1.0,1,,,,,,Design Phase; Underestimation of dynamic conditions - Unexpected contingency scenario ( loss of mooring line ),,潜在失效模式；潜在失效后果；可探测度(D)；潜在失效原因/机理,119,
422,422,Full全量模型,无,故障原因诊断类,后果探测度查原因,后果到原因推理,,,困难,某条FMEA记录显示：“Mechanical degradation”会导致“未说明”，现行探测难度D为2.5；请判断其潜在原因。,Operation,失效原因 / FailureCause / cause / reason / 为什么 / 为啥 / 咋来的: Operation,正确,1.0,866.4,语义RAG,0.1667,1.0,0,1.0,6,,,,,,Operation,,潜在失效模式；潜在失效后果；可探测度(D)；潜在失效原因/机理,120,
423,423,Full全量模型,无,故障原因诊断类,后果探测度查原因,后果到原因推理,,,困难,某条FMEA记录显示：“Movement of CPS due to scour/seabed mobility”会导致“Cable being vulnerable to scour and need for repair or replacement”，现行探测难度D为4.4；请判断其潜在原因。,Design Phase; Design inefficiency [6],"匹配到2条记录：1) FMEA编号=DC25；项目/功能=Dynamic cable / Dynamic Cable / Cable Protection System (CPS)；失效模式=Movement of CPS due to scour/seabed mobility [6]；失效原因=Design Phase; Design inefficiency [6]；失效后果=Cable being vulnerable to scour and need for repair or replacement；S=3.8；O=2.2；D=4.4；RPN=38.4；建议措施=-；2) FMEA编号=DC26；项目/功能=Dynamic cable / Dynamic Cable / Cable Protection System (CPS)；失效模式=Movement of CPS due to scour/seabed mobility [6]；失效原因=Design Phase; lack of data of the deployment location [4,6]；失效后果=Cable being vulnerable to scour and need for repair or replacement；S=3.8；O=2.6；D=4.4；RPN=44；建议措施=Burial/trenching optimization; scour mitigation; as-built metrology; -。",正确,1.0,24.58,确定性规则问答,1.0,1.0,1,1.0,2,,,6.0；6.0；6.0；6.0,,2.0；2.0,Design Phase; Design inefficiency [6],,潜在失效模式；潜在失效后果；可探测度(D)；潜在失效原因/机理,121,
424,424,Full全量模型,无,故障原因诊断类,后果探测度查原因,后果到原因推理,,,困难,某条FMEA记录显示：“Movement of CPS due to scour/seabed mobility”会导致“Cable being vulnerable to scour and need for repair or replacement”，现行探测难度D为4；请判断其潜在原因。,Installation phase; incorrect installation [6],匹配到1条记录：1) FMEA编号=DC27；项目/功能=Dynamic cable / Dynamic Cable / Cable Protection System (CPS)；失效模式=Movement of CPS due to scour/seabed mobility [6]；失效原因=Installation phase; incorrect installation [6]；失效后果=Cable being vulnerable to scour and need for repair or replacement；S=3.8；O=2.8；D=4；RPN=41.6；建议措施=Burial/trenching optimization; scour mitigation; as-built metrology; -。,正确,1.0,22.54,确定性规则问答,1.0,1.0,0,1.0,1,,,6.0；6.0,,,Installation phase; incorrect installation [6],,潜在失效模式；潜在失效后果；可探测度(D)；潜在失效原因/机理,123,
425,425,Full全量模型,无,故障原因诊断类,后果探测度查原因,后果到原因推理,,,困难,"某条FMEA记录显示：“Premature damage of outer protection layer”会导致“Structural damage - cable weakening, exposure to elements”，现行探测难度D为3.75；请判断其潜在原因。",Environmental conditions; Environmental exposure - wear,"匹配到1条记录：1) FMEA编号=DC28；项目/功能=Dynamic cable / Dynamic Cable / Dynamic Cable/；失效模式=Premature damage of outer protection layer；失效原因=Environmental conditions; Environmental exposure - wear；失效后果=Structural damage - cable weakening, exposure to elements；S=3.6；O=2.2；D=3.75；RPN=29；建议措施=-。",正确,1.0,22.37,确定性规则问答,1.0,1.0,0,1.0,1,,,,,,Environmental conditions; Environmental exposure - wear,,潜在失效模式；潜在失效后果；可探测度(D)；潜在失效原因/机理,124,
426,426,Full全量模型,无,故障原因诊断类,后果探测度查原因,后果到原因推理,,,困难,"某条FMEA记录显示：“Reduced sediment cover lower than designed value for protection”会导致“need for re-burial, change of cable protection requirement or even replacement of cable”，现行探测难度D为3.8；请判断其潜在原因。",Design Phase; Insufficient information for the deployment location [6],"匹配到1条记录：1) FMEA编号=DC29；项目/功能=Dynamic cable / Dynamic Cable / Static cable/Export Cable；失效模式=Reduced sediment cover lower than designed value for protection [6]；失效原因=Design Phase; Insufficient information for the deployment location [6]；失效后果=need for re-burial, change of cable protection requirement or even replacement of cable；S=3.6；O=2.4；D=3.8；RPN=28.6；建议措施=Burial/trenching optimization; scour mitigation; as-built metrology; Monitoring: DTS/RTTR, electrical integrity tests, leak detection; -。",正确,1.0,22.78,确定性规则问答,1.0,1.0,0,1.0,1,,,6.0；6.0,,,Design Phase; Insufficient information for the deployment location [6],,潜在失效模式；潜在失效后果；可探测度(D)；潜在失效原因/机理,125,
427,427,Full全量模型,无,故障原因诊断类,后果探测度查原因,后果到原因推理,,,困难,"某条FMEA记录显示：“Reduced sediment cover lower than designed value for protection”会导致“need for re-burial, change of cable protection requirement or even replacement of cable”，现行探测难度D为3.5；请判断其潜在原因。",Design Phase; Insufficient information for the deployment location [6],"匹配到1条记录：1) FMEA编号=DC30；项目/功能=Dynamic cable / Dynamic Cable / Dynamic Cable (Touchdown point)；失效模式=Reduced sediment cover lower than designed value for protection [6]；失效原因=Design Phase; Insufficient information for the deployment location [6]；失效后果=need for re-burial, change of cable protection requirement or even replacement of cable；S=4；O=2；D=3.5；RPN=0；建议措施=-。",正确,1.0,21.52,确定性规则问答,1.0,1.0,0,1.0,1,,,6.0；6.0,,,Design Phase; Insufficient information for the deployment location [6],,潜在失效模式；潜在失效后果；可探测度(D)；潜在失效原因/机理,126,
428,428,Full全量模型,无,故障原因诊断类,后果探测度查原因,后果到原因推理,,,困难,"某条FMEA记录显示：“Reduced sediment cover lower than designed value for protection”会导致“need for re-burial, change of cable protection requirement or even replacement of cable”，现行探测难度D为4.2；请判断其潜在原因。",Environmental conditions; exposure of seabed cover to extreme environmental phenomena,"匹配到1条记录：1) FMEA编号=DC31；项目/功能=Dynamic cable / Dynamic Cable / Static cable/Export Cable；失效模式=Reduced sediment cover lower than designed value for protection [6]；失效原因=Environmental conditions; exposure of seabed cover to extreme environmental phenomena；失效后果=need for re-burial, change of cable protection requirement or even replacement of cable；S=3.6；O=2.2；D=4.2；RPN=29.6；建议措施=-。",正确,1.0,20.67,确定性规则问答,1.0,1.0,0,1.0,1,,,,,,Environmental conditions; exposure of seabed cover to extreme environmental phenomena,,潜在失效模式；潜在失效后果；可探测度(D)；潜在失效原因/机理,127,
429,429,Full全量模型,无,故障原因诊断类,后果探测度查原因,后果到原因推理,,,困难,某条FMEA记录显示：“Small bending radius”会导致“Cable damage - insulation degradation”，现行探测难度D为3.2；请判断其潜在原因。,Operation; Mechanical stress - excessive bending,匹配到1条记录：1) FMEA编号=DC32；项目/功能=Dynamic cable / Dynamic Cable / Dynamic Cable/；失效模式=Small bending radius；失效原因=Operation; Mechanical stress - excessive bending；失效后果=Cable damage - insulation degradation；S=3.4；O=2.6；D=3.2；RPN=28.6；建议措施=Lazy-wave configuration optimization; buoyancy spacing; hang-off upgrades; -。,正确,1.0,18.75,确定性规则问答,1.0,1.0,0,1.0,1,,,,,,Operation; Mechanical stress - excessive bending,,潜在失效模式；潜在失效后果；可探测度(D)；潜在失效原因/机理,128,
430,430,Full全量模型,无,故障原因诊断类,项目失效现象发生度查原因,项目范围原因查询,,,中等,结合项目/功能“Tower / Tower / Primary steelwork”，当“Abnormal vibration”的发生度O为3时，故障原因/机理是哪一项？,Design phase; Resonance occurs when the natural frequency of the tower or other components of the wind turbine matches the frequency of the wind or other external forces.,匹配到2条记录：1) FMEA编号=TO1；项目/功能=Tower / Tower (TO) / Primary steelwork；失效模式=Abnormal vibration；失效原因=Design phase; Resonance occurs when the natural frequency of the tower or other components of the wind turbine matches the frequency of the wind or other external forces.；失效后果=Excessive Fatigue Life Consumption；S=4.4；O=3；D=2.5；RPN=33.33；建议措施=-；2) FMEA编号=TO2；项目/功能=Tower / Tower (TO) / Primary steelwork；失效模式=Abnormal vibration；失效原因=Environmental condition; Resonance occurs when the natural frequency of the tower or other components of the wind turbine matches the frequency of the wind or other external forces.；失效后果=Excessive Fatigue Life Consumption；S=4.4；O=3；D=2.5；RPN=33.33；建议措施=-。,正确,1.0,19.34,确定性规则问答,1.0,1.0,0,,2,,,,,,Design phase; Resonance occurs when the natural frequency of the tower or other components of the wind turbine matches the frequency of the wind or other external forces.,,项目/功能；潜在失效模式；发生度(O)；潜在失效原因/机理,0,
431,431,Full全量模型,无,故障原因诊断类,项目失效现象发生度查原因,项目范围原因查询,,,中等,结合项目/功能“Tower / Tower / Primary steelwork”，当“Abnormal vibration”的发生度O为2.2时，故障原因/机理是哪一项？,"Installation phase; Faulty welding of Tower [10,15]","匹配到1条记录：1) FMEA编号=TO3；项目/功能=Tower / Tower (TO) / Primary steelwork；失效模式=Abnormal vibration；失效原因=Installation phase; Faulty welding of Tower [10,15]；失效后果=Potential collapse；S=3.75；O=2.2；D=3；RPN=12.67；建议措施=-。",正确,1.0,19.35,确定性规则问答,1.0,1.0,0,,1,,,10.0；15.0,,,"Installation phase; Faulty welding of Tower [10,15]",,项目/功能；潜在失效模式；发生度(O)；潜在失效原因/机理,2,
432,432,Full全量模型,无,故障原因诊断类,项目失效现象发生度查原因,项目范围原因查询,,,中等,结合项目/功能“Tower / Tower / Primary steelwork”，当“Abnormal vibration”的发生度O为2时，故障原因/机理是哪一项？,"Maintenance phase; Due to poor inspection Faulty welding of Tower couldn't be detected before getting severe [10,15]","匹配到1条记录：1) FMEA编号=TO4；项目/功能=Tower / Tower (TO) / Primary steelwork；失效模式=Abnormal vibration；失效原因=Maintenance phase; Due to poor inspection Faulty welding of Tower couldn't be detected before getting severe [10,15]；失效后果=Potential collapse；S=4.2；O=2；D=3；RPN=31；建议措施=-。",正确,1.0,18.71,确定性规则问答,1.0,1.0,0,,1,,,10.0；15.0,,,"Maintenance phase; Due to poor inspection Faulty welding of Tower couldn't be detected before getting severe [10,15]",,项目/功能；潜在失效模式；发生度(O)；潜在失效原因/机理,3,
433,433,Full全量模型,无,故障原因诊断类,项目失效现象发生度查原因,项目范围原因查询,,,中等,结合项目/功能“Tower / Tower / Primary steelwork”，当“Cracks”的发生度O为2时，故障原因/机理是哪一项？,"Environmental loads; The interaction between the blades and the tower can cause pressure fluctuations, leading to cyclic fatigue [14]","匹配到3条记录：1) FMEA编号=TO14；项目/功能=Tower / Tower (TO) / Primary steelwork；失效模式=Cracks；失效原因=Operation phase; Repeated or cyclic loading and unloading of the tower over a long period of time can cause cracks caused by plastic deformation [11]；失效后果=Potential collapse；S=4.33；O=2；D=2.67；RPN=33.5；建议措施=-；2) FMEA编号=TO20；项目/功能=Tower / Tower (TO) / Primary steelwork；失效模式=Cracks；失效原因=Maintenance; Hit by blades due to poor maintenance and inspection leading to undetected wear and damage [15]；失效后果=Failure of whole facility and vast economic loses；S=4；O=2；D=2.67；RPN=26.5；建议措施=-；3) FMEA编号=TO5；项目/功能=Tower / Tower (TO) / Primary steelwork；失效模式=Cracks；失效原因=Environmental loads; The interaction between the blades and the tower can cause pressure fluctuations, leading to cyclic fatigue [14]；失效后果=Failure of whole facility and vast economic loses；S=3.8；O=2；D=3；RPN=26；建议措施=High-fidelity coupled aero-hydro-elastic simulation in design updates; Thicker shell sections / local reinforcement。",正确,1.0,17.57,确定性规则问答,1.0,1.0,0,,3,,,14.0；14.0,,,"Environmental loads; The interaction between the blades and the tower can cause pressure fluctuations, leading to cyclic fatigue [14]",,项目/功能；潜在失效模式；发生度(O)；潜在失效原因/机理,4,
434,434,Full全量模型,无,故障原因诊断类,项目失效现象发生度查原因,项目范围原因查询,,,中等,结合项目/功能“Tower / Tower / Primary steelwork”，当“Cracks”的发生度O为2.6时，故障原因/机理是哪一项？,Environmental loads; Material fatigue due to high waves and high frequency of loads [1],"匹配到1条记录：1) FMEA编号=TO6；项目/功能=Tower / Tower (TO) / Primary steelwork；失效模式=Cracks；失效原因=Environmental loads; Material fatigue due to high waves and high frequency of loads [1]；失效后果=Failure of whole facility and vast economic loses；S=4.4；O=2.6；D=3.2；RPN=25.25；建议措施=Enhanced SHM: acoustic emission, strain gauges, modal monitoring; -; High-fidelity coupled aero-hydro-elastic simulation in design updates; Weld detail optimization and hotspot redesign。",正确,1.0,16.52,确定性规则问答,1.0,1.0,0,,1,,,1.0；1.0；1.0,,,Environmental loads; Material fatigue due to high waves and high frequency of loads [1],,项目/功能；潜在失效模式；发生度(O)；潜在失效原因/机理,5,
435,435,Full全量模型,无,故障原因诊断类,项目失效现象发生度查原因,项目范围原因查询,,,中等,结合项目/功能“Tower / Tower / Primary steelwork”，当“Cracks”的发生度O为2.8时，故障原因/机理是哪一项？,Environmental condition; Cyclic wind/wave loading (above design assumption)creates stress concentrations and fatigue. [11],"匹配到2条记录：1) FMEA编号=TO12；项目/功能=Tower / Tower (TO) / Primary steelwork；失效模式=Cracks；失效原因=Installation phase; Installation phase stress/fatigue due to waves, wind, and process. Incorrect installation/error can cause stress concentration and fatigue. [11]；失效后果=Potential collapse；S=4；O=2.8；D=3.75；RPN=30；建议措施=-；2) FMEA编号=TO7；项目/功能=Tower / Tower (TO) / Primary steelwork；失效模式=Cracks；失效原因=Environmental condition; Cyclic wind/wave loading (above design assumption)creates stress concentrations and fatigue. [11]；失效后果=Potential collapse；S=4.4；O=2.8；D=3.2；RPN=30；建议措施=Weld detail optimization and hotspot redesign; Enhanced SHM: acoustic emission, strain gauges, modal monitoring; Thicker shell sections / local reinforcement; High-fidelity coupled aero-hydro-elastic simulation in design updates。",正确,1.0,14.0,确定性规则问答,1.0,1.0,1,,2,,,11.0；11.0,,2.0；2.0,Environmental condition; Cyclic wind/wave loading (above design assumption)creates stress concentrations and fatigue. [11],,项目/功能；潜在失效模式；发生度(O)；潜在失效原因/机理,6,
436,436,Full全量模型,无,故障原因诊断类,项目失效现象发生度查原因,项目范围原因查询,,,中等,结合项目/功能“Tower / Tower / Primary structure & welding”，当“Cracks”的发生度O为2.25时，故障原因/机理是哪一项？,"Design phase; Welding failure due to Poor design or inadequate specification of welding procedures considering harsh environmental condition [1,15]","匹配到2条记录：1) FMEA编号=TO8；项目/功能=Tower / Tower (TO) / Primary structure & welding；失效模式=Cracks；失效原因=Design phase; Welding failure due to Poor design or inadequate specification of welding procedures considering harsh environmental condition [1,15]；失效后果=Potential collapse；S=4；O=2.25；D=3.67；RPN=21.8；建议措施=-；2) FMEA编号=TO9；项目/功能=Tower / Tower (TO) / Primary structure & welding；失效模式=Cracks；失效原因=Manufacturing; Welding failure due to Poor design or inadequate specification of welding procedures considering harsh environmental condition [1,15]；失效后果=Potential collapse；S=4；O=2.25；D=3.67；RPN=38；建议措施=-。",正确,1.0,13.89,确定性规则问答,1.0,1.0,1,,2,,,1.0；1.0；15.0；1.0；15.0,,2.0；2.0,"Design phase; Welding failure due to Poor design or inadequate specification of welding procedures considering harsh environmental condition [1,15]",,项目/功能；潜在失效模式；发生度(O)；潜在失效原因/机理,7,
437,437,Full全量模型,无,故障原因诊断类,项目失效现象发生度查原因,项目范围原因查询,,,中等,结合项目/功能“Tower / Tower / Primary steelwork”，当“Cracks”的发生度O为2.25时，故障原因/机理是哪一项？,Fabrication; Material fatigue due to insufficient manufacturing quality [15],匹配到1条记录：1) FMEA编号=TO10；项目/功能=Tower / Tower (TO) / Primary steelwork；失效模式=Cracks；失效原因=Fabrication; Material fatigue due to insufficient manufacturing quality [15]；失效后果=Potential collapse；S=4；O=2.25；D=3.67；RPN=40；建议措施=-。,正确,1.0,14.0,确定性规则问答,1.0,1.0,0,,1,,,15.0,,,Fabrication; Material fatigue due to insufficient manufacturing quality [15],,项目/功能；潜在失效模式；发生度(O)；潜在失效原因/机理,9,
438,438,Full全量模型,无,故障原因诊断类,项目失效现象发生度查原因,项目范围原因查询,,,中等,结合项目/功能“Tower / Tower / Welding”，当“Cracks”的发生度O为2.25时，故障原因/机理是哪一项？,"Fabrication; Welding failure due to Poor quality control during the welding process [1,10]","匹配到1条记录：1) FMEA编号=TO11；项目/功能=Tower / Tower (TO) / Welding；失效模式=Cracks；失效原因=Fabrication; Welding failure due to Poor quality control during the welding process [1,10]；失效后果=Potential collapse；S=4；O=2.25；D=3.67；RPN=33.33；建议措施=-。",正确,1.0,13.89,确定性规则问答,1.0,1.0,0,,1,,,1.0；1.0；1.0；10.0,,,"Fabrication; Welding failure due to Poor quality control during the welding process [1,10]",,项目/功能；潜在失效模式；发生度(O)；潜在失效原因/机理,10,
439,439,Full全量模型,无,故障原因诊断类,项目失效现象发生度查原因,项目范围原因查询,,,中等,结合项目/功能“Tower / Tower / Primary steelwork”，当“Cracks”的发生度O为3时，故障原因/机理是哪一项？,Maintenance phase; Corrosion due to lack of regular inspection and maintenance to prevent critical steps and failure [11],匹配到1条记录：1) FMEA编号=TO13；项目/功能=Tower / Tower (TO) / Primary steelwork；失效模式=Cracks；失效原因=Maintenance phase; Corrosion due to lack of regular inspection and maintenance to prevent critical steps and failure [11]；失效后果=Potential collapse；S=3.75；O=3；D=2.67；RPN=40.75；建议措施=-。,正确,1.0,13.95,确定性规则问答,1.0,1.0,0,,1,,,11.0,,,Maintenance phase; Corrosion due to lack of regular inspection and maintenance to prevent critical steps and failure [11],,项目/功能；潜在失效模式；发生度(O)；潜在失效原因/机理,12,
440,440,Full全量模型,无,故障原因诊断类,项目失效现象发生度查原因,项目范围原因查询,,,中等,结合项目/功能“Tower / Tower / Primary steelwork”，当“Cracks”的发生度O为2.33时，故障原因/机理是哪一项？,"Maintenance phase; Blade replacements, repairs, and corrosion mitigation can add stress. Improper execution can lead to damage and fatigue. [11]","匹配到1条记录：1) FMEA编号=TO15；项目/功能=Tower / Tower (TO) / Primary steelwork；失效模式=Cracks；失效原因=Maintenance phase; Blade replacements, repairs, and corrosion mitigation can add stress. Improper execution can lead to damage and fatigue. [11]；失效后果=Potential collapse；S=3.67；O=2.33；D=3；RPN=30；建议措施=-。",正确,1.0,13.98,确定性规则问答,1.0,1.0,0,,1,,,11.0,,,"Maintenance phase; Blade replacements, repairs, and corrosion mitigation can add stress. Improper execution can lead to damage and fatigue. [11]",,项目/功能；潜在失效模式；发生度(O)；潜在失效原因/机理,14,
441,441,Full全量模型,无,故障原因诊断类,项目失效现象发生度查原因,项目范围原因查询,,,中等,结合项目/功能“Tower / Tower / Primary steelwork”，当“Cracks”的发生度O为1.75时，故障原因/机理是哪一项？,Design phase; Braking system failure due to wrong estimation of operating conditions [15],匹配到1条记录：1) FMEA编号=TO16；项目/功能=Tower / Tower (TO) / Primary steelwork；失效模式=Cracks；失效原因=Design phase; Braking system failure due to wrong estimation of operating conditions [15]；失效后果=Failure of whole facility and vast economic loses；S=4.25；O=1.75；D=3；RPN=26；建议措施=-。,正确,1.0,13.8,确定性规则问答,1.0,1.0,0,,1,,,15.0,,,Design phase; Braking system failure due to wrong estimation of operating conditions [15],,项目/功能；潜在失效模式；发生度(O)；潜在失效原因/机理,15,
442,442,Full全量模型,无,故障原因诊断类,项目失效现象发生度查原因,项目范围原因查询,,,中等,结合项目/功能“Tower / Tower / Primary steelwork”，当“Cracks”的发生度O为2.4时，故障原因/机理是哪一项？,Environmental condition; Lightning strikes[9],匹配到2条记录：1) FMEA编号=TO17；项目/功能=Tower / Tower (TO) / Primary steelwork；失效模式=Cracks；失效原因=Environmental condition; Lightning strikes[9]；失效后果=Failure of the WTG/Major repair campaign/Structure reassessment；S=3.8；O=2.4；D=3；RPN=25.5；建议措施=-；2) FMEA编号=TO18；项目/功能=Tower / Tower (TO) / Primary steelwork；失效模式=Cracks；失效原因=Design phase; Lightning strikes damages due to inefficient lightning prevention system [9]；失效后果=Failure of whole facility and vast economic loses；S=4；O=2.4；D=3.25；RPN=33.33；建议措施=-。,正确,1.0,14.55,确定性规则问答,1.0,1.0,1,,2,,,9.0；9.0,,2.0；2.0,Environmental condition; Lightning strikes[9],,项目/功能；潜在失效模式；发生度(O)；潜在失效原因/机理,16,
443,443,Full全量模型,无,故障原因诊断类,项目失效现象发生度查原因,项目范围原因查询,,,中等,结合项目/功能“Tower / Tower / Primary steelwork”，当“Cracks”的发生度O为1.5时，故障原因/机理是哪一项？,Manufacturing; Hit by blades due to poor manufacturing quality control [9],匹配到2条记录：1) FMEA编号=TO19；项目/功能=Tower / Tower (TO) / Primary steelwork；失效模式=Cracks；失效原因=Manufacturing; Hit by blades due to poor manufacturing quality control [9]；失效后果=Failure of whole facility and vast economic loses；S=4；O=1.5；D=2.67；RPN=23.33；建议措施=-；2) FMEA编号=TO21；项目/功能=Tower / Tower (TO) / Primary steelwork；失效模式=Cracks；失效原因=due to Operation; Hit by blades due to human error or operational failure [15]；失效后果=Failure of whole facility and vast economic loses；S=4.25；O=1.5；D=3.33；RPN=27；建议措施=-。,正确,1.0,15.36,确定性规则问答,1.0,1.0,1,,2,,,9.0,,2.0；2.0,Manufacturing; Hit by blades due to poor manufacturing quality control [9],,项目/功能；潜在失效模式；发生度(O)；潜在失效原因/机理,18,
444,444,Full全量模型,无,故障原因诊断类,项目失效现象发生度查原因,项目范围原因查询,,,中等,结合项目/功能“Tower / Tower / Primary steelwork”，当“Plastic deformation”的发生度O为2.25时，故障原因/机理是哪一项？,"Manufacturing; Inadequate quality control during the manufacturing process may create structural weaknesses or defects in the tower, causing plastic deformation over time. [11]","匹配到1条记录：1) FMEA编号=TO22；项目/功能=Tower / Tower (TO) / Primary steelwork；失效模式=Plastic deformation；失效原因=Manufacturing; Inadequate quality control during the manufacturing process may create structural weaknesses or defects in the tower, causing plastic deformation over time. [11]；失效后果=Potential collapse；S=4；O=2.25；D=3；RPN=25.67；建议措施=-。",正确,1.0,18.71,确定性规则问答,1.0,1.0,0,,1,,,11.0,,,"Manufacturing; Inadequate quality control during the manufacturing process may create structural weaknesses or defects in the tower, causing plastic deformation over time. [11]",,项目/功能；潜在失效模式；发生度(O)；潜在失效原因/机理,21,
445,445,Full全量模型,无,故障原因诊断类,项目失效现象发生度查原因,项目范围原因查询,,,中等,结合项目/功能“Tower / Tower / Primary steelwork”，当“Plastic deformation”的发生度O为2.2时，故障原因/机理是哪一项？,Design phase; Plastic deformation due to insufficient yield strength and lack of detailed stress analysis and simulations [13],匹配到1条记录：1) FMEA编号=TO23；项目/功能=Tower / Tower (TO) / Primary steelwork；失效模式=Plastic deformation；失效原因=Design phase; Plastic deformation due to insufficient yield strength and lack of detailed stress analysis and simulations [13]；失效后果=Potential collapse；S=4.4；O=2.2；D=2.8；RPN=18；建议措施=Operational limits & control strategies for extreme motions; Blade–tower clearance and control optimization for extreme motions; High-fidelity coupled aero-hydro-elastic simulation in design updates。,正确,1.0,24.4,确定性规则问答,1.0,1.0,0,,1,,,13.0,,,Design phase; Plastic deformation due to insufficient yield strength and lack of detailed stress analysis and simulations [13],,项目/功能；潜在失效模式；发生度(O)；潜在失效原因/机理,22,
446,446,Full全量模型,无,故障原因诊断类,项目失效现象发生度查原因,项目范围原因查询,,,中等,结合项目/功能“Tower / Tower / Primary steelwork”，当“Tower collapse”的发生度O为1.5时，故障原因/机理是哪一项？,Operation phase; Mooring system failure can lead to direct tower collapse [1],匹配到1条记录：1) FMEA编号=TO24；项目/功能=Tower / Tower (TO) / Primary steelwork；失效模式=Tower collapse；失效原因=Operation phase; Mooring system failure can lead to direct tower collapse [1]；失效后果=Failure of whole facility and vast economic loses；S=5；O=1.5；D=3.33；RPN=21.33；建议措施=-。,正确,1.0,16.47,确定性规则问答,1.0,1.0,0,,1,,,1.0；1.0；1.0,,,Operation phase; Mooring system failure can lead to direct tower collapse [1],,项目/功能；潜在失效模式；发生度(O)；潜在失效原因/机理,23,
447,447,Full全量模型,无,故障原因诊断类,项目失效现象发生度查原因,项目范围原因查询,,,中等,结合项目/功能“Transition piece / Transition Piece / Primary structure & welding”，当“Transition piece break”的发生度O为2.5时，故障原因/机理是哪一项？,Design; Analysis and calculation fault due to human error [11],"匹配到1条记录：1) FMEA编号=TP1；项目/功能=Transition piece / Transition Piece (TP) / Primary structure & welding；失效模式=Transition piece break；失效原因=Design; Analysis and calculation fault due to human error [11]；失效后果=Tower Unit collapse, Floater Unit damage；S=4.75；O=2.5；D=3；RPN=36.5；建议措施=Interface redesign to reduce stress concentrations (fillets, radii); High-fidelity coupled analysis of TP–tower–floater interaction; Improve engineering skills。",正确,1.0,13.93,确定性规则问答,1.0,1.0,0,,1,,,11.0,,,Design; Analysis and calculation fault due to human error [11],,项目/功能；潜在失效模式；发生度(O)；潜在失效原因/机理,24,
448,448,Full全量模型,无,故障原因诊断类,项目失效现象发生度查原因,项目范围原因查询,,,中等,结合项目/功能“Transition piece / Transition Piece / Primary structure”，当“Transition piece break”的发生度O为2.25时，故障原因/机理是哪一项？,"Operation and Maintenance; Brittle fracture due to extreme environmental temperature, leading to a shift in the ductile-to-brittle transition temperature [16]","匹配到1条记录：1) FMEA编号=TP2；项目/功能=Transition piece / Transition Piece (TP) / Primary structure；失效模式=Transition piece break；失效原因=Operation and Maintenance; Brittle fracture due to extreme environmental temperature, leading to a shift in the ductile-to-brittle transition temperature [16]；失效后果=tension failure (rupture), buckling of the transition piece/ Tower unit damage；S=4.25；O=2.25；D=3.25；RPN=33；建议措施=SHM for TP connections (strain gauges, acoustic emission, bolt preload monitoring); Design requalification for extreme storms (updated metocean; load cases); -。",正确,1.0,13.98,确定性规则问答,1.0,1.0,0,,1,,,16.0,,,"Operation and Maintenance; Brittle fracture due to extreme environmental temperature, leading to a shift in the ductile-to-brittle transition temperature [16]",,项目/功能；潜在失效模式；发生度(O)；潜在失效原因/机理,25,
449,449,Full全量模型,无,故障原因诊断类,项目失效现象发生度查原因,项目范围原因查询,,,中等,结合项目/功能“Transition piece / Transition Piece / Primary stucture”，当“Structural plastic deformation”的发生度O为2.5时，故障原因/机理是哪一项？,"Operation; Changes in wave spectra can cause increased loads, resonance, and stress concentrations, leading to plastic deformation in offshore wind turbines. [11]","匹配到1条记录：1) FMEA编号=TP3；项目/功能=Transition piece / Transition Piece (TP) / Primary stucture；失效模式=Structural plastic deformation；失效原因=Operation; Changes in wave spectra can cause increased loads, resonance, and stress concentrations, leading to plastic deformation in offshore wind turbines. [11]；失效后果=Local stress accumulation；S=4；O=2.5；D=3；RPN=32；建议措施=SHM for TP connections (strain gauges, acoustic emission, bolt preload monitoring); Design requalification for extreme storms (updated metocean; load cases); High-fidelity coupled analysis of TP–tower–floater interaction; -。",正确,1.0,15.37,确定性规则问答,1.0,1.0,0,,1,,,11.0,,,"Operation; Changes in wave spectra can cause increased loads, resonance, and stress concentrations, leading to plastic deformation in offshore wind turbines. [11]",,项目/功能；潜在失效模式；发生度(O)；潜在失效原因/机理,26,
450,450,Full全量模型,无,故障原因诊断类,项目失效现象发生度查原因,项目范围原因查询,,,中等,结合项目/功能“Transition piece / Transition Piece / Primary structure & welding”，当“Cracks”的发生度O为2.5时，故障原因/机理是哪一项？,"Operation; Cycling loading could cause microstructural changes in the material and eventually lead to fatigue crack initiation [1,15]","匹配到2条记录：1) FMEA编号=TP4；项目/功能=Transition piece / Transition Piece (TP) / Primary structure & welding；失效模式=Cracks；失效原因=Operation; Cycling loading could cause microstructural changes in the material and eventually lead to fatigue crack initiation [1,15]；失效后果=Tower transition piece connections failure / resonance；S=3.5；O=2.5；D=3.75；RPN=29；建议措施=-；2) FMEA编号=TP9；项目/功能=Transition piece / Transition Piece (TP) / Primary structure & welding；失效模式=Cracks；失效原因=Environmental Loads; Extreme environmental conditions like hurricanes or storm surges can subject the transition piece to large forces that exceed their design limits [10,11,15]；失效后果=Tower transition piece connections failure/ displacement variations between tower end；S=4；O=2.5；D=3；RPN=38；建议措施=Design requalification for extreme storms (updated metocean; load cases); High-fidelity coupled aero-hydro-elastic simulation in design updates。",正确,1.0,15.5,确定性规则问答,1.0,1.0,1,,2,,,1.0；1.0；15.0；15.0,,2.0；2.0,"Operation; Cycling loading could cause microstructural changes in the material and eventually lead to fatigue crack initiation [1,15]",,项目/功能；潜在失效模式；发生度(O)；潜在失效原因/机理,27,
451,451,Full全量模型,无,故障原因诊断类,项目失效现象发生度查原因,项目范围原因查询,,,中等,结合项目/功能“Transition piece / Transition Piece / Primary structure & welding”，当“Transition piece break”的发生度O为2时，故障原因/机理是哪一项？,Environmental condition; Design parameters superseded due to climate change [11],"匹配到1条记录：1) FMEA编号=TP5；项目/功能=Transition piece / Transition Piece (TP) / Primary structure & welding；失效模式=Transition piece break；失效原因=Environmental condition; Design parameters superseded due to climate change [11]；失效后果=Tower Unit collapse, Floater Unit damage；S=5；O=2；D=2.67；RPN=31；建议措施=High-fidelity coupled analysis of TP–tower–floater interaction; Design requalification for extreme storms (updated metocean; load cases); Improved metocean data measurements。",正确,1.0,15.38,确定性规则问答,1.0,1.0,0,,1,,,11.0,,,Environmental condition; Design parameters superseded due to climate change [11],,项目/功能；潜在失效模式；发生度(O)；潜在失效原因/机理,28,
452,452,Full全量模型,无,故障原因诊断类,项目失效现象发生度查原因,项目范围原因查询,,,中等,结合项目/功能“Transition piece / Transition Piece / Primary structure & welding”，当“Abnormal vibration”的发生度O为2.75时，故障原因/机理是哪一项？,Operation; due to unbalanced loads or wind-induced vibrations. [11],匹配到1条记录：1) FMEA编号=TP6；项目/功能=Transition piece / Transition Piece (TP) / Primary structure & welding；失效模式=Abnormal vibration；失效原因=Operation; due to unbalanced loads or wind-induced vibrations. [11]；失效后果=potential tower connections failure；S=4.25；O=2.75；D=3；RPN=35.25；建议措施=-。,正确,1.0,14.48,确定性规则问答,1.0,1.0,0,,1,,,11.0,,,Operation; due to unbalanced loads or wind-induced vibrations. [11],,项目/功能；潜在失效模式；发生度(O)；潜在失效原因/机理,29,
453,453,Full全量模型,无,故障原因诊断类,项目失效现象发生度查原因,项目范围原因查询,,,中等,结合项目/功能“Transition piece / Transition Piece / Primary stucture”，当“Structural plastic deformation”的发生度O为2.67时，故障原因/机理是哪一项？,"Installation; During installation, plastic deformation can occur due to processes like welding and bending [1]","匹配到1条记录：1) FMEA编号=TP7；项目/功能=Transition piece / Transition Piece (TP) / Primary stucture；失效模式=Structural plastic deformation；失效原因=Installation; During installation, plastic deformation can occur due to processes like welding and bending [1]；失效后果=Local stress accumulation；S=3.67；O=2.67；D=3；RPN=24；建议措施=-。",正确,1.0,13.35,确定性规则问答,1.0,1.0,0,,1,,,1.0；1.0；1.0,,,"Installation; During installation, plastic deformation can occur due to processes like welding and bending [1]",,项目/功能；潜在失效模式；发生度(O)；潜在失效原因/机理,30,
454,454,Full全量模型,无,故障原因诊断类,项目失效现象发生度查原因,项目范围原因查询,,,中等,结合项目/功能“Transition piece / Transition Piece / Primary structure”，当“Cracks”的发生度O为2.5时，故障原因/机理是哪一项？,Installation; During Transportation and installation transition piece may be subjected to bending and twisting loads which could lead to fatigue cracks,匹配到1条记录：1) FMEA编号=TP8；项目/功能=Transition piece / Transition Piece (TP) / Primary structure；失效模式=Cracks；失效原因=Installation; During Transportation and installation transition piece may be subjected to bending and twisting loads which could lead to fatigue cracks；失效后果=Tower transition piece connections failure；S=3.75；O=2.5；D=3.25；RPN=21.67；建议措施=-。,正确,1.0,13.31,确定性规则问答,1.0,1.0,0,,1,,,,,,Installation; During Transportation and installation transition piece may be subjected to bending and twisting loads which could lead to fatigue cracks,,项目/功能；潜在失效模式；发生度(O)；潜在失效原因/机理,31,
455,455,Full全量模型,无,故障原因诊断类,项目失效现象发生度查原因,项目范围原因查询,,,中等,结合项目/功能“Transition piece / Transition Piece / Welding”，当“Cracks”的发生度O为3时，故障原因/机理是哪一项？,Fabrication; Improper surface preparation before applying a protective coating or performing welding repairs like cleaning the surface with solvent and treating the surface with a rust inhibitor or primer for improving the adhesion can cause corrosion and crack propagation. [15],"匹配到2条记录：1) FMEA编号=TP10；项目/功能=Transition piece / Transition Piece (TP) / Welding；失效模式=Cracks；失效原因=Fabrication; Improper surface preparation before applying a protective coating or performing welding repairs like cleaning the surface with solvent and treating the surface with a rust inhibitor or primer for improving the adhesion can cause corrosion and crack propagation. [15]；失效后果=potential tower connections failure；S=3；O=3；D=2.67；RPN=24.67；建议措施=-；2) FMEA编号=TP21；项目/功能=Transition piece / Transition Piece (TP) / Welding；失效模式=Cracks；失效原因=Installation; Welding failure due to poor performance (e.g. overheating, lack of fusion) during installation [1,10,15]；失效后果=Tower transition piece connections failure；S=3.33；O=3；D=3；RPN=26.67；建议措施=-。",正确,1.0,13.17,确定性规则问答,1.0,1.0,1,,2,,,15.0；15.0,,2.0；2.0,Fabrication; Improper surface preparation before applying a protective coating or performing welding repairs like cleaning the surface with solvent and treating the surface with a rust inhibitor or primer for improving the adhesion can cause corrosion and crack propagation. [15],,项目/功能；潜在失效模式；发生度(O)；潜在失效原因/机理,33,
456,456,Full全量模型,无,故障原因诊断类,项目失效现象发生度查原因,项目范围原因查询,,,中等,结合项目/功能“Transition piece / Transition Piece / Primary structure & welding”，当“Abnormal vibration”的发生度O为2.33时，故障原因/机理是哪一项？,Maintenance; Misalignments or looseness in the connections between the tower and the foundation or inadequate bracing can cause abnormal vibration in the transition piece [12],匹配到1条记录：1) FMEA编号=TP11；项目/功能=Transition piece / Transition Piece (TP) / Primary structure & welding；失效模式=Abnormal vibration；失效原因=Maintenance; Misalignments or looseness in the connections between the tower and the foundation or inadequate bracing can cause abnormal vibration in the transition piece [12]；失效后果=potential tower connections failure；S=4；O=2.33；D=2.67；RPN=24.67；建议措施=-。,正确,1.0,13.16,确定性规则问答,1.0,1.0,0,,1,,,12.0,,,Maintenance; Misalignments or looseness in the connections between the tower and the foundation or inadequate bracing can cause abnormal vibration in the transition piece [12],,项目/功能；潜在失效模式；发生度(O)；潜在失效原因/机理,34,
457,457,Full全量模型,无,故障原因诊断类,项目失效现象发生度查原因,项目范围原因查询,,,中等,结合项目/功能“Transition piece / Transition Piece / Primary stucture”，当“Structural plastic deformation”的发生度O为2.33时，故障原因/机理是哪一项？,Maintenance; Plastic deformation can occur due to the application of excessive force or improper handling of the structure. [1],匹配到1条记录：1) FMEA编号=TP12；项目/功能=Transition piece / Transition Piece (TP) / Primary stucture；失效模式=Structural plastic deformation；失效原因=Maintenance; Plastic deformation can occur due to the application of excessive force or improper handling of the structure. [1]；失效后果=Local stress accumulation；S=3.67；O=2.33；D=3；RPN=28；建议措施=-。,正确,1.0,13.35,确定性规则问答,1.0,1.0,0,,1,,,1.0；1.0；1.0,,,Maintenance; Plastic deformation can occur due to the application of excessive force or improper handling of the structure. [1],,项目/功能；潜在失效模式；发生度(O)；潜在失效原因/机理,35,
458,458,Full全量模型,无,故障原因诊断类,项目失效现象发生度查原因,项目范围原因查询,,,中等,结合项目/功能“Transition piece / Transition Piece / Welding”，当“Cracks”的发生度O为2.67时，故障原因/机理是哪一项？,"Maintenance; Repairing welding during maintenance can introduce residual stresses, leading to crack initiation [11]","匹配到2条记录：1) FMEA编号=TP13；项目/功能=Transition piece / Transition Piece (TP) / Welding；失效模式=Cracks；失效原因=Maintenance; Repairing welding during maintenance can introduce residual stresses, leading to crack initiation [11]；失效后果=Tower transition piece connections failure；S=3.33；O=2.67；D=3；RPN=26；建议措施=-；2) FMEA编号=TP20；项目/功能=Transition piece / Transition Piece (TP) / Welding；失效模式=Cracks；失效原因=Maintenance; Welding failure due to corrosion without proper maintenance [11]；失效后果=Tower transition piece connections failure；S=3.33；O=2.67；D=3；RPN=24.67；建议措施=-。",正确,1.0,13.11,确定性规则问答,1.0,1.0,1,,2,,,11.0；11.0,,2.0；2.0,"Maintenance; Repairing welding during maintenance can introduce residual stresses, leading to crack initiation [11]",,项目/功能；潜在失效模式；发生度(O)；潜在失效原因/机理,36,
459,459,Full全量模型,无,故障原因诊断类,项目失效现象发生度查原因,项目范围原因查询,,,中等,结合项目/功能“Transition piece / Transition Piece / Primary structure & welding”，当“Cracks”的发生度O为2时，故障原因/机理是哪一项？,"Maintenance; The transition piece may be subjected to large forces from lifting and handling equipment during maintenance, which are not considered in design assumptions [11]","匹配到1条记录：1) FMEA编号=TP14；项目/功能=Transition piece / Transition Piece (TP) / Primary structure & welding；失效模式=Cracks；失效原因=Maintenance; The transition piece may be subjected to large forces from lifting and handling equipment during maintenance, which are not considered in design assumptions [11]；失效后果=Tower transition piece connections failure；S=3.33；O=2；D=3.67；RPN=23.33；建议措施=-。",正确,1.0,13.18,确定性规则问答,1.0,1.0,0,,1,,,11.0,,,"Maintenance; The transition piece may be subjected to large forces from lifting and handling equipment during maintenance, which are not considered in design assumptions [11]",,项目/功能；潜在失效模式；发生度(O)；潜在失效原因/机理,37,
460,460,Full全量模型,无,故障原因诊断类,项目失效现象发生度查原因,项目范围原因查询,,,中等,结合项目/功能“Transition piece / Transition Piece / Primary structure & welding”，当“Cracks”的发生度O为2.33时，故障原因/机理是哪一项？,"Installation; Transition piece may be subjected to large forces from wave, wind, and vessel motion during installation. [10]","匹配到2条记录：1) FMEA编号=TP15；项目/功能=Transition piece / Transition Piece (TP) / Primary structure & welding；失效模式=Cracks；失效原因=Installation; Transition piece may be subjected to large forces from wave, wind, and vessel motion during installation. [10]；失效后果=Tower transition piece connections failure/ displacement variations between tower end；S=3.33；O=2.33；D=3.33；RPN=26；建议措施=-；2) FMEA编号=TP18；项目/功能=Transition piece / Transition Piece (TP) / Primary structure & welding；失效模式=Cracks；失效原因=Fabrication; Welding and heat treatment could induce fatigue cracks in fabrication process. [1]；失效后果=Tower transition piece connections failure；S=3.33；O=2.33；D=3.33；RPN=24；建议措施=-。",正确,1.0,14.52,确定性规则问答,1.0,1.0,1,,2,,,10.0,,2.0；2.0,"Installation; Transition piece may be subjected to large forces from wave, wind, and vessel motion during installation. [10]",,项目/功能；潜在失效模式；发生度(O)；潜在失效原因/机理,38,
461,461,Full全量模型,无,故障原因诊断类,项目失效现象发生度查原因,项目范围原因查询,,,中等,结合项目/功能“Transition piece / Transition Piece / Primary structure & welding”，当“Transition piece break”的发生度O为1.67时，故障原因/机理是哪一项？,Design; Under-designed structure/ Component due to human error/Insufficient environmental data,"匹配到2条记录：1) FMEA编号=TP16；项目/功能=Transition piece / Transition Piece (TP) / Primary structure & welding；失效模式=Transition piece break；失效原因=Design; Under-designed structure/ Component due to human error/Insufficient environmental data；失效后果=Tower Unit collapse, Floater Unit damage；S=5；O=1.67；D=2.67；RPN=25.67；建议措施=High-fidelity coupled analysis of TP–tower–floater interaction; Design requalification for extreme storms (updated metocean; load cases); High-fidelity coupled aero-hydro-elastic simulation in design updates；2) FMEA编号=TP17；项目/功能=Transition piece / Transition Piece (TP) / Primary structure & welding；失效模式=Transition piece break；失效原因=Operation and Maintenance; Undetected defects and poor quality control [11]；失效后果=Tower Unit collapse, Floater Unit damage；S=4.67；O=1.67；D=3.33；RPN=37.5；建议措施=SHM for TP connections (strain gauges, acoustic emission, bolt preload monitoring); Welding quality assurance and NDT enhancement (phased-array UT)。",正确,1.0,14.55,确定性规则问答,1.0,1.0,1,,2,,,,,2.0；2.0,Design; Under-designed structure/ Component due to human error/Insufficient environmental data,,项目/功能；潜在失效模式；发生度(O)；潜在失效原因/机理,39,
462,462,Full全量模型,无,故障原因诊断类,项目失效现象发生度查原因,项目范围原因查询,,,中等,结合项目/功能“Transition piece / Transition Piece / Welding”，当“Cracks”的发生度O为2.5时，故障原因/机理是哪一项？,Maintenance; Welding and heat treatment during maintenance can add more residual stresses and increase the likelihood of fatigue crack in the welds and heat-affected areas. [11],匹配到1条记录：1) FMEA编号=TP19；项目/功能=Transition piece / Transition Piece (TP) / Welding；失效模式=Cracks；失效原因=Maintenance; Welding and heat treatment during maintenance can add more residual stresses and increase the likelihood of fatigue crack in the welds and heat-affected areas. [11]；失效后果=Tower transition piece connections failure；S=3.5；O=2.5；D=4；RPN=30.25；建议措施=-。,正确,1.0,14.24,确定性规则问答,1.0,1.0,0,,1,,,11.0,,,Maintenance; Welding and heat treatment during maintenance can add more residual stresses and increase the likelihood of fatigue crack in the welds and heat-affected areas. [11],,项目/功能；潜在失效模式；发生度(O)；潜在失效原因/机理,42,
463,463,Full全量模型,无,故障原因诊断类,项目失效现象发生度查原因,项目范围原因查询,,,中等,结合项目/功能“Floating support structure / Floating Support structure / All structures”，当“Capsize”的发生度O为2.29时，故障原因/机理是哪一项？,Design; Analysis and Calculation fault due to human error,"匹配到1条记录：1) FMEA编号=FF1；项目/功能=Floating support structure / Floating Support structure / All structures；失效模式=Capsize [11]；失效原因=Design; Analysis and Calculation fault due to human error；失效后果=Watertight fault, Potential Floater Unit sinkage；S=4.57；O=2.29；D=3.86；RPN=27.2；建议措施=Expanded design load cases (including typhoon/hurricane scenarios); Freeboard margin increase and water-tight compartmentalization; Improve engineering skills。",正确,1.0,14.51,确定性规则问答,1.0,1.0,0,,1,,,,,,Design; Analysis and Calculation fault due to human error,,项目/功能；潜在失效模式；发生度(O)；潜在失效原因/机理,45,
464,464,Full全量模型,无,故障原因诊断类,项目失效现象发生度查原因,项目范围原因查询,,,中等,结合项目/功能“Floating support structure / Floating Support structure / Primary structure”，当“Capsize”的发生度O为1.67时，故障原因/机理是哪一项？,Design; Analysis and Calculation fault due to human error [11],匹配到1条记录：1) FMEA编号=FF2；项目/功能=Floating support structure / Floating Support structure / Primary structure；失效模式=Capsize [11]；失效原因=Design; Analysis and Calculation fault due to human error [11]；失效后果=Project cancellation；S=5；O=1.67；D=3；RPN=42.71；建议措施=Expanded design load cases (including typhoon/hurricane scenarios); -; Improved engineering skills。,正确,1.0,13.82,确定性规则问答,1.0,1.0,0,,1,,,11.0；11.0,,,Design; Analysis and Calculation fault due to human error [11],,项目/功能；潜在失效模式；发生度(O)；潜在失效原因/机理,46,
465,465,Full全量模型,无,故障原因诊断类,项目失效现象发生度查原因,项目范围原因查询,,,中等,结合项目/功能“Floating support structure / Floating Support structure / Secondary structure”，当“Additional Structures Failures”的发生度O为2.86时，故障原因/机理是哪一项？,"Operation; Bilge piping/pumps fail [1,12]","匹配到1条记录：1) FMEA编号=FF3；项目/功能=Floating support structure / Floating Support structure / Secondary structure；失效模式=Additional Structures Failures；失效原因=Operation; Bilge piping/pumps fail [1,12]；失效后果=Potential failure；S=3.43；O=2.86；D=3.17；RPN=40.14；建议措施=-。",正确,1.0,13.45,确定性规则问答,1.0,1.0,0,,1,,,1.0；1.0；1.0；12.0,,,"Operation; Bilge piping/pumps fail [1,12]",,项目/功能；潜在失效模式；发生度(O)；潜在失效原因/机理,47,
466,466,Full全量模型,无,故障原因诊断类,项目失效现象发生度查原因,项目范围原因查询,,,中等,结合项目/功能“Floating support structure / Floating Support structure / All structures”，当“Hit by dropped objects”的发生度O为2.17时，故障原因/机理是哪一项？,Operation; Biological collision,"匹配到1条记录：1) FMEA编号=FF4；项目/功能=Floating support structure / Floating Support structure / All structures；失效模式=Hit by dropped objects [1,9]；失效原因=Operation; Biological collision；失效后果=Damage to the facility, vast economic loses；S=3.57；O=2.17；D=4.14；RPN=24.86；建议措施=-。",正确,1.0,14.25,确定性规则问答,1.0,1.0,0,,1,,,,,,Operation; Biological collision,,项目/功能；潜在失效模式；发生度(O)；潜在失效原因/机理,48,
467,467,Full全量模型,无,故障原因诊断类,项目失效现象发生度查原因,项目范围原因查询,,,中等,结合项目/功能“Floating support structure / Floating Support structure / All structures”，当“Structural break”的发生度O为1.67时，故障原因/机理是哪一项？,Environmental condition; Design parameter superseded due to climate change [11],匹配到1条记录：1) FMEA编号=FF5；项目/功能=Floating support structure / Floating Support structure / All structures；失效模式=Structural break [11]；失效原因=Environmental condition; Design parameter superseded due to climate change [11]；失效后果=Structural reassessment；S=4.33；O=1.67；D=3.5；RPN=25；建议措施=Expanded design load cases (including typhoon/hurricane scenarios); -。,正确,1.0,12.78,确定性规则问答,1.0,1.0,0,,1,,,11.0；11.0,,,Environmental condition; Design parameter superseded due to climate change [11],,项目/功能；潜在失效模式；发生度(O)；潜在失效原因/机理,49,
468,468,Full全量模型,无,故障原因诊断类,项目失效现象发生度查原因,项目范围原因查询,,,中等,结合项目/功能“Floating support structure / Floating Support structure / Secondary structure”，当“Additional Structures Failures”的发生度O为2.6时，故障原因/机理是哪一项？,"Operation; Dynamic umbilical connection/cable fail [1,12]","匹配到1条记录：1) FMEA编号=FF6；项目/功能=Floating support structure / Floating Support structure / Secondary structure；失效模式=Additional Structures Failures；失效原因=Operation; Dynamic umbilical connection/cable fail [1,12]；失效后果=Potential failure；S=3.83；O=2.6；D=4；RPN=25.83；建议措施=Freeboard margin increase and water-tight compartmentalization; -; Expanded design load cases (including typhoon/hurricane scenarios); Improved cable mechnical design。",正确,1.0,12.65,确定性规则问答,1.0,1.0,0,,1,,,1.0；1.0；1.0；12.0,,,"Operation; Dynamic umbilical connection/cable fail [1,12]",,项目/功能；潜在失效模式；发生度(O)；潜在失效原因/机理,50,
469,469,Full全量模型,无,故障原因诊断类,项目失效现象发生度查原因,项目范围原因查询,,,中等,结合项目/功能“Floating support structure / Floating Support structure / Primary Structure”，当“Cracks”的发生度O为2.83时，故障原因/机理是哪一项？,Installation; Excessive fatigue life consumption due to installation/ transportation [19],匹配到1条记录：1) FMEA编号=FF7；项目/功能=Floating support structure / Floating Support structure / Primary Structure；失效模式=Cracks [11]；失效原因=Installation; Excessive fatigue life consumption due to installation/ transportation [19]；失效后果=Structural failure；S=4.17；O=2.83；D=3.5；RPN=30.57；建议措施=-。,正确,1.0,13.35,确定性规则问答,1.0,1.0,0,,1,,,19.0,,,Installation; Excessive fatigue life consumption due to installation/ transportation [19],,项目/功能；潜在失效模式；发生度(O)；潜在失效原因/机理,51,
470,470,Full全量模型,无,故障原因诊断类,项目失效现象发生度查原因,项目范围原因查询,,,中等,结合项目/功能“Floating support structure / Floating Support structure / Primary structure & Welding”，当“Capsize”的发生度O为1.8时，故障原因/机理是哪一项？,Environmental condition; Extreme horizontal oscillatory force,"匹配到1条记录：1) FMEA编号=FF8；项目/功能=Floating support structure / Floating Support structure / Primary structure & Welding；失效模式=Capsize [11]；失效原因=Environmental condition; Extreme horizontal oscillatory force；失效后果=Asset damage Energy production loss；S=4.8；O=1.8；D=3.2；RPN=34.5；建议措施=Expanded design load cases (including typhoon/hurricane scenarios); Operational limits: weather windows, alarm thresholds for motions; Resonance avoidance via structural tuning/damping。",正确,1.0,13.58,确定性规则问答,1.0,1.0,0,,1,,,,,,Environmental condition; Extreme horizontal oscillatory force,,项目/功能；潜在失效模式；发生度(O)；潜在失效原因/机理,52,
471,471,Full全量模型,无,故障原因诊断类,项目失效现象发生度查原因,项目范围原因查询,,,中等,结合项目/功能“Floating support structure / Floating Support structure / Primary structure & Welding”，当“Cracks”的发生度O为2.86时，故障原因/机理是哪一项？,Operation; Fatigue due to continuous vibrations/resonance [11],匹配到1条记录：1) FMEA编号=FF9；项目/功能=Floating support structure / Floating Support structure / Primary structure & Welding；失效模式=Cracks [11]；失效原因=Operation; Fatigue due to continuous vibrations/resonance [11]；失效后果=Structural failure；S=4.14；O=2.86；D=3.57；RPN=22.67；建议措施=Expanded design load cases (including typhoon/hurricane scenarios); Resonance avoidance via structural tuning/damping; High-fidelity coupled aero-hydro-elastic simulation in design updates。,正确,1.0,13.85,确定性规则问答,1.0,1.0,0,,1,,,11.0；11.0,,,Operation; Fatigue due to continuous vibrations/resonance [11],,项目/功能；潜在失效模式；发生度(O)；潜在失效原因/机理,53,
472,472,Full全量模型,无,故障原因诊断类,项目失效现象发生度查原因,项目范围原因查询,,,中等,结合项目/功能“Floating support structure / Floating Support structure / All structures”，当“Cracks”的发生度O为2.5时，故障原因/机理是哪一项？,Design; Fatigue due to underestimation of steel thickness and/or environmental loads,匹配到1条记录：1) FMEA编号=FF10；项目/功能=Floating support structure / Floating Support structure / All structures；失效模式=Cracks [11]；失效原因=Design; Fatigue due to underestimation of steel thickness and/or environmental loads；失效后果=Structural failure；S=3.83；O=2.5；D=3.5；RPN=34；建议措施=-。,正确,1.0,12.96,确定性规则问答,1.0,1.0,0,,1,,,,,,Design; Fatigue due to underestimation of steel thickness and/or environmental loads,,项目/功能；潜在失效模式；发生度(O)；潜在失效原因/机理,54,
473,473,Full全量模型,无,故障原因诊断类,项目失效现象发生度查原因,项目范围原因查询,,,中等,结合项目/功能“Floating support structure / Floating Support structure / Secondary structure”，当“Additional Structures Failures”的发生度O为3时，故障原因/机理是哪一项？,"Operation; Handrails Corrosion [1,12]","匹配到3条记录：1) FMEA编号=FF11；项目/功能=Floating support structure / Floating Support structure / Secondary structure；失效模式=Additional Structures Failures；失效原因=Operation; Handrails Corrosion [1,12]；失效后果=Potential failure；S=3.86；O=3；D=2.71；RPN=32；建议措施=-；2) FMEA编号=FF19；项目/功能=Floating support structure / Floating Support structure / Secondary structure；失效模式=Additional Structures Failures；失效原因=Operation; Navigation and work lights fail [1,12]；失效后果=Increased risk of collision, potential damage to the floater；S=4；O=3；D=2；RPN=36.5；建议措施=-；3) FMEA编号=FF21；项目/功能=Floating support structure / Floating Support structure / Secondary structure；失效模式=Additional Structures Failures；失效原因=Operation; Sensors for platform monitoring fail [1,12]；失效后果=Potential failure；S=2；O=3；D=3；RPN=41.17；建议措施=-。",正确,1.0,12.9,确定性规则问答,1.0,1.0,0,,3,,,1.0；1.0；12.0；1.0；12.0；1.0；12.0,,,"Operation; Handrails Corrosion [1,12]",,项目/功能；潜在失效模式；发生度(O)；潜在失效原因/机理,55,
474,474,Full全量模型,无,故障原因诊断类,项目失效现象发生度查原因,项目范围原因查询,,,中等,结合项目/功能“Floating support structure / Floating Support structure / Secondary structure”，当“Additional Structures Failures”的发生度O为1.83时，故障原因/机理是哪一项？,"Operation; Helicopter assistance equipment fail [1,12]","匹配到1条记录：1) FMEA编号=FF12；项目/功能=Floating support structure / Floating Support structure / Secondary structure；失效模式=Additional Structures Failures；失效原因=Operation; Helicopter assistance equipment fail [1,12]；失效后果=Potential failure of landing platform；S=4.17；O=1.83；D=2.83；RPN=31.83；建议措施=-。",正确,1.0,12.57,确定性规则问答,1.0,1.0,0,,1,,,1.0；1.0；12.0；1.0；12.0,,,"Operation; Helicopter assistance equipment fail [1,12]",,项目/功能；潜在失效模式；发生度(O)；潜在失效原因/机理,56,
475,475,Full全量模型,无,故障原因诊断类,项目失效现象发生度查原因,项目范围原因查询,,,中等,结合项目/功能“Floating support structure / Floating Support structure / Secondary structure”，当“Watertight fault”的发生度O为2.83时，故障原因/机理是哪一项？,Maintenance; Inefficient detection [1],匹配到1条记录：1) FMEA编号=FF13；项目/功能=Floating support structure / Floating Support structure / Secondary structure；失效模式=Watertight fault [1]；失效原因=Maintenance; Inefficient detection [1]；失效后果=Potential Failure/Asset damage Energy production loss；S=3.83；O=2.83；D=3.33；RPN=31.2；建议措施=-。,正确,1.0,12.62,确定性规则问答,1.0,1.0,0,,1,,,1.0；1.0；1.0；1.0,,,Maintenance; Inefficient detection [1],,项目/功能；潜在失效模式；发生度(O)；潜在失效原因/机理,57,
476,476,Full全量模型,无,故障原因诊断类,项目失效现象发生度查原因,项目范围原因查询,,,中等,结合项目/功能“Floating support structure / Floating Support structure / Secondary structure”，当“Floater unit sinkage”的发生度O为1.83时，故障原因/机理是哪一项？,Design; Insufficient structural strength and cracks on the floater resulting in water ingress to the support structure,匹配到1条记录：1) FMEA编号=FF14；项目/功能=Floating support structure / Floating Support structure / Secondary structure；失效模式=Floater unit sinkage；失效原因=Design; Insufficient structural strength and cracks on the floater resulting in water ingress to the support structure；失效后果=Potential Failure/Asset damage Energy production loss；S=4.83；O=1.83；D=3.4；RPN=26.86；建议措施=Ballast redundancy and automated ballast management; Freeboard margin increase and water-tight compartmentalization; Expanded design load cases (including typhoon/hurricane scenarios)。,正确,1.0,12.62,确定性规则问答,1.0,1.0,0,,1,,,,,,Design; Insufficient structural strength and cracks on the floater resulting in water ingress to the support structure,,项目/功能；潜在失效模式；发生度(O)；潜在失效原因/机理,58,
477,477,Full全量模型,无,故障原因诊断类,项目失效现象发生度查原因,项目范围原因查询,,,中等,结合项目/功能“Floating support structure / Floating Support structure / All structures”，当“Structural plastic deformation”的发生度O为2时，故障原因/机理是哪一项？,Operation and Maintenance; Insufficient structural strength due to ship collision,匹配到1条记录：1) FMEA编号=FF15；项目/功能=Floating support structure / Floating Support structure / All structures；失效模式=Structural plastic deformation [11]；失效原因=Operation and Maintenance; Insufficient structural strength due to ship collision；失效后果=Local stress accumulation；S=4.43；O=2；D=3；RPN=24.17；建议措施=-。,正确,1.0,12.59,确定性规则问答,1.0,1.0,0,,1,,,,,,Operation and Maintenance; Insufficient structural strength due to ship collision,,项目/功能；潜在失效模式；发生度(O)；潜在失效原因/机理,59,
478,478,Full全量模型,无,故障原因诊断类,项目失效现象发生度查原因,项目范围原因查询,,,中等,结合项目/功能“Floating support structure / Floating Support structure / Secondary structure”，当“Watertight fault”的发生度O为2.33时，故障原因/机理是哪一项？,Maintenance; Insufficient structural strength due to ship collision [11],匹配到1条记录：1) FMEA编号=FF16；项目/功能=Floating support structure / Floating Support structure / Secondary structure；失效模式=Watertight fault [1]；失效原因=Maintenance; Insufficient structural strength due to ship collision [11]；失效后果=Asset damage Energy production loss/reduced stability；S=4.5；O=2.33；D=3；RPN=37.2；建议措施=-。,正确,1.0,12.66,确定性规则问答,1.0,1.0,0,,1,,,11.0,,,Maintenance; Insufficient structural strength due to ship collision [11],,项目/功能；潜在失效模式；发生度(O)；潜在失效原因/机理,60,
479,479,Full全量模型,无,故障原因诊断类,项目失效现象发生度查原因,项目范围原因查询,,,中等,结合项目/功能“Floating support structure / Floating Support structure / Secondary structure”，当“Additional Structures Failures”的发生度O为2.71时，故障原因/机理是哪一项？,"Operation; Ladders Corrosion [1,12]","匹配到1条记录：1) FMEA编号=FF17；项目/功能=Floating support structure / Floating Support structure / Secondary structure；失效模式=Additional Structures Failures；失效原因=Operation; Ladders Corrosion [1,12]；失效后果=Potential failure；S=3.86；O=2.71；D=2.57；RPN=23.5；建议措施=-。",正确,1.0,12.73,确定性规则问答,1.0,1.0,0,,1,,,1.0；1.0；1.0；12.0,,,"Operation; Ladders Corrosion [1,12]",,项目/功能；潜在失效模式；发生度(O)；潜在失效原因/机理,61,
480,480,Full全量模型,无,故障原因诊断类,项目失效现象发生度查原因,项目范围原因查询,,,中等,结合项目/功能“Floating support structure / Floating Support structure / All structures”，当“Watertight fault”的发生度O为2.2时，故障原因/机理是哪一项？,"Environmental condition; Marine growth under water can add additional weight and stress for the material, which can lead to cracks in the outer hull","匹配到1条记录：1) FMEA编号=FF18；项目/功能=Floating support structure / Floating Support structure / All structures；失效模式=Watertight fault [1]；失效原因=Environmental condition; Marine growth under water can add additional weight and stress for the material, which can lead to cracks in the outer hull；失效后果=If these cracks propagate through the wall and lie under water or within the splash zone, then they constitute a risk to the watertightness.；S=4；O=2.2；D=3.25；RPN=30.8；建议措施=-。",正确,1.0,12.82,确定性规则问答,1.0,1.0,0,,1,,,,,,"Environmental condition; Marine growth under water can add additional weight and stress for the material, which can lead to cracks in the outer hull",,项目/功能；潜在失效模式；发生度(O)；潜在失效原因/机理,62,
481,481,Full全量模型,无,故障原因诊断类,项目失效现象发生度查原因,项目范围原因查询,,,中等,结合项目/功能“Floating support structure / Floating Support structure / All structures”，当“Hit by dropped objects”的发生度O为1.17时，故障原因/机理是哪一项？,Operation; Plane crush,"匹配到1条记录：1) FMEA编号=FF20；项目/功能=Floating support structure / Floating Support structure / All structures；失效模式=Hit by dropped objects [1,9]；失效原因=Operation; Plane crush；失效后果=Damage to the facility, vast economic loses；S=4.83；O=1.17；D=4.67；RPN=31.75；建议措施=-。",正确,1.0,12.76,确定性规则问答,1.0,1.0,0,,1,,,,,,Operation; Plane crush,,项目/功能；潜在失效模式；发生度(O)；潜在失效原因/机理,64,
482,482,Full全量模型,无,故障原因诊断类,项目失效现象发生度查原因,项目范围原因查询,,,中等,结合项目/功能“Floating support structure / Floating Support structure / Secondary structure”，当“Structural break”的发生度O为2.6时，故障原因/机理是哪一项？,Operation and Maintenance; Structural component degradation due to corrosion [12],匹配到1条记录：1) FMEA编号=FF22；项目/功能=Floating support structure / Floating Support structure / Secondary structure；失效模式=Structural break [11]；失效原因=Operation and Maintenance; Structural component degradation due to corrosion [12]；失效后果=Asset damage Energy production loss/reduced stability；S=4；O=2.6；D=3.25；RPN=18.8；建议措施=-。,正确,1.0,12.62,确定性规则问答,1.0,1.0,0,,1,,,12.0,,,Operation and Maintenance; Structural component degradation due to corrosion [12],,项目/功能；潜在失效模式；发生度(O)；潜在失效原因/机理,66,
483,483,Full全量模型,无,故障原因诊断类,项目失效现象发生度查原因,项目范围原因查询,,,中等,结合项目/功能“Floating support structure / Floating Support structure / All structures”，当“Structural break”的发生度O为2.67时，故障原因/机理是哪一项？,Operation and Maintenance; Structural degradation due to corrosion [11],"匹配到1条记录：1) FMEA编号=FF23；项目/功能=Floating support structure / Floating Support structure / All structures；失效模式=Structural break [11]；失效原因=Operation and Maintenance; Structural degradation due to corrosion [11]；失效后果=Watertight fault, Potential Floater Unit sinkage；S=4.17；O=2.67；D=3.2；RPN=36；建议措施=-。",正确,1.0,12.71,确定性规则问答,1.0,1.0,0,,1,,,11.0；11.0,,,Operation and Maintenance; Structural degradation due to corrosion [11],,项目/功能；潜在失效模式；发生度(O)；潜在失效原因/机理,67,
484,484,Full全量模型,无,故障原因诊断类,项目失效现象发生度查原因,项目范围原因查询,,,中等,结合项目/功能“Floating support structure / Floating Support structure / Primary structure & Welding”，当“Structural break”的发生度O为1.33时，故障原因/机理是哪一项？,Operation; Structure brittle fracture due to extreme environmental temperature,"匹配到1条记录：1) FMEA编号=FF24；项目/功能=Floating support structure / Floating Support structure / Primary structure & Welding；失效模式=Structural break [11]；失效原因=Operation; Structure brittle fracture due to extreme environmental temperature；失效后果=Tower collapse；S=4.67；O=1.33；D=3.6；RPN=33.4；建议措施=Operational limits: weather windows, alarm thresholds for motions; Other- Specify; Expanded design load cases (including typhoon/hurricane scenarios); Better understanding of temperature ranges。",正确,1.0,12.71,确定性规则问答,1.0,1.0,0,,1,,,,,,Operation; Structure brittle fracture due to extreme environmental temperature,,项目/功能；潜在失效模式；发生度(O)；潜在失效原因/机理,68,
485,485,Full全量模型,无,故障原因诊断类,项目失效现象发生度查原因,项目范围原因查询,,,中等,结合项目/功能“Floating support structure / Floating Support structure / All structures”，当“Floater unit sinkage”的发生度O为1.33时，故障原因/机理是哪一项？,Operation; Structures break/collapse due to collision with other FWT,"匹配到1条记录：1) FMEA编号=FF25；项目/功能=Floating support structure / Floating Support structure / All structures；失效模式=Floater unit sinkage；失效原因=Operation; Structures break/collapse due to collision with other FWT；失效后果=Potential Failure/Asset damage Energy production loss；S=5；O=1.33；D=2.6；RPN=30.8；建议措施=Operational limits: weather windows, alarm thresholds for motions; -; Expanded design load cases (including typhoon/hurricane scenarios); Freeboard margin increase and water-tight compartmentalization。",正确,1.0,12.85,确定性规则问答,1.0,1.0,0,,1,,,,,,Operation; Structures break/collapse due to collision with other FWT,,项目/功能；潜在失效模式；发生度(O)；潜在失效原因/机理,69,
486,486,Full全量模型,无,故障原因诊断类,项目失效现象发生度查原因,项目范围原因查询,,,中等,结合项目/功能“Floating support structure / Floating Support structure / All structures”，当“Hit by dropped objects”的发生度O为1.67时，故障原因/机理是哪一项？,Environmental condition; Typhoon can cause failure of the floating unit if it gets hit by dropping objects. (eg. damaged blade)(strong wind/wave),"匹配到1条记录：1) FMEA编号=FF26；项目/功能=Floating support structure / Floating Support structure / All structures；失效模式=Hit by dropped objects [1,9]；失效原因=Environmental condition; Typhoon can cause failure of the floating unit if it gets hit by dropping objects. (eg. damaged blade)(strong wind/wave)；失效后果=Damage to the facility, vast economic loses；S=4.83；O=1.67；D=3.17；RPN=25；建议措施=Expanded design load cases (including typhoon/hurricane scenarios); High-fidelity coupled aero-hydro-elastic simulation in design updates; -。",正确,1.0,12.74,确定性规则问答,1.0,1.0,0,,1,,,,,,Environmental condition; Typhoon can cause failure of the floating unit if it gets hit by dropping objects. (eg. damaged blade)(strong wind/wave),,项目/功能；潜在失效模式；发生度(O)；潜在失效原因/机理,70,
487,487,Full全量模型,无,故障原因诊断类,项目失效现象发生度查原因,项目范围原因查询,,,中等,结合项目/功能“Floating support structure / Floating Support structure / All structures”，当“Structural break”的发生度O为2.33时，故障原因/机理是哪一项？,Design; Underdesigned structure/Component due to insufficient environmental data,"匹配到1条记录：1) FMEA编号=FF27；项目/功能=Floating support structure / Floating Support structure / All structures；失效模式=Structural break [11]；失效原因=Design; Underdesigned structure/Component due to insufficient environmental data；失效后果=Watertight fault, Potential Floater Unit sinkage；S=4.67；O=2.33；D=3；RPN=22.4；建议措施=Expanded design load cases (including typhoon/hurricane scenarios); High-fidelity coupled aero-hydro-elastic simulation in design updates。",正确,1.0,12.57,确定性规则问答,1.0,1.0,0,,1,,,,,,Design; Underdesigned structure/Component due to insufficient environmental data,,项目/功能；潜在失效模式；发生度(O)；潜在失效原因/机理,71,
488,488,Full全量模型,无,故障原因诊断类,项目失效现象发生度查原因,项目范围原因查询,,,中等,结合项目/功能“Floating support structure / Floating Support structure / All structures & Welding”，当“Structural break”的发生度O为2.33时，故障原因/机理是哪一项？,Maintenance; Undetected defects due to poor quality control,"匹配到1条记录：1) FMEA编号=FF28；项目/功能=Floating support structure / Floating Support structure / All structures & Welding；失效模式=Structural break [11]；失效原因=Maintenance; Undetected defects due to poor quality control；失效后果=Watertight fault, Potential Floater Unit sinkage；S=4.5；O=2.33；D=3.6；RPN=19；建议措施=Operational limits: weather windows, alarm thresholds for motions; Other- Specify; -; Welding quality assurance and NDT enhancement (phased-array UT)。",正确,1.0,14.62,确定性规则问答,1.0,1.0,0,,1,,,,,,Maintenance; Undetected defects due to poor quality control,,项目/功能；潜在失效模式；发生度(O)；潜在失效原因/机理,72,
489,489,Full全量模型,无,故障原因诊断类,项目失效现象发生度查原因,项目范围原因查询,,,中等,结合项目/功能“Floating support structure / Floating Support structure / Secondary structure & Welding”，当“Watertight fault”的发生度O为2.33时，故障原因/机理是哪一项？,Manufacturing and Installation; Ventilation heads/Manholes failure due to Manufacturing defect/Welding defect,匹配到1条记录：1) FMEA编号=FF29；项目/功能=Floating support structure / Floating Support structure / Secondary structure & Welding；失效模式=Watertight fault [1]；失效原因=Manufacturing and Installation; Ventilation heads/Manholes failure due to Manufacturing defect/Welding defect；失效后果=Reduced stability；S=3.6；O=2.33；D=3.6；RPN=36；建议措施=-。,正确,1.0,14.77,确定性规则问答,1.0,1.0,0,,1,,,,,,Manufacturing and Installation; Ventilation heads/Manholes failure due to Manufacturing defect/Welding defect,,项目/功能；潜在失效模式；发生度(O)；潜在失效原因/机理,73,
490,490,Full全量模型,无,故障原因诊断类,项目失效现象发生度查原因,项目范围原因查询,,,中等,结合项目/功能“Floating support structure / Floating Support structure / Welding”，当“Cracks”的发生度O为3时，故障原因/机理是哪一项？,Manufacturing; Welding failure,匹配到1条记录：1) FMEA编号=FF30；项目/功能=Floating support structure / Floating Support structure / Welding；失效模式=Cracks [11]；失效原因=Manufacturing; Welding failure；失效后果=Watertight fault；S=3.6；O=3；D=3.2；RPN=31.2；建议措施=-。,正确,1.0,13.31,确定性规则问答,1.0,1.0,0,,1,,,,,,Manufacturing; Welding failure,,项目/功能；潜在失效模式；发生度(O)；潜在失效原因/机理,74,
491,491,Full全量模型,无,故障原因诊断类,项目失效现象发生度查原因,项目范围原因查询,,,中等,结合项目/功能“Station keeping / Anchor”，当“Anchor failure”的发生度O为2.2时，故障原因/机理是哪一项？,Operation; Abnormal working conditions,"匹配到2条记录：1) FMEA编号=SKS1；项目/功能=Station keeping / Anchor (AC)；失效模式=Anchor failure [1], [17]；失效原因=Operation; Abnormal working conditions；失效后果=Anchor failure；S=4.2；O=2.2；D=3.8；RPN=34；建议措施=Continuous tension and vibration monitoring; thresholds for intervention; Procedural controls: load management, operational envelopes; Better design by expanded load case matrix including more failure modes; -；2) FMEA编号=SKS2；项目/功能=Station keeping / Anchor (AC)；失效模式=Anchor failure [1], [17]；失效原因=Operation; Cyclic degradation；失效后果=Anchor failure；S=4.2；O=2.2；D=3.8；RPN=34；建议措施=Continuous tension and vibration monitoring; thresholds for intervention; Procedural controls: load management, operational envelopes; Better design by expanded load case matrix including more failure modes; -。",正确,1.0,12.97,确定性规则问答,1.0,1.0,0,,2,,,,,,Operation; Abnormal working conditions,,项目/功能；潜在失效模式；发生度(O)；潜在失效原因/机理,75,
492,492,Full全量模型,无,故障原因诊断类,项目失效现象发生度查原因,项目范围原因查询,,,中等,结合项目/功能“Station keeping / Mooring Lines / Buoyancy element”，当“Failure in buoyancy element”的发生度O为3时，故障原因/机理是哪一项？,Operation,匹配到1条记录：1) FMEA编号=SKS3；项目/功能=Station keeping / Mooring Lines (ML) / Buoyancy element；失效模式=Failure in buoyancy element；失效原因=Operation；S=3；O=3；D=3.25；RPN=29.25；建议措施=-。,正确,1.0,13.23,确定性规则问答,1.0,1.0,0,,1,,,,,,Operation,,项目/功能；潜在失效模式；发生度(O)；潜在失效原因/机理,77,
493,493,Full全量模型,无,故障原因诊断类,项目失效现象发生度查原因,项目范围原因查询,,,中等,结合项目/功能“Station keeping / Mooring Lines / Clump weight”，当“Failure in clump weight”的发生度O为2.75时，故障原因/机理是哪一项？,Operation,匹配到1条记录：1) FMEA编号=SKS4；项目/功能=Station keeping / Mooring Lines (ML) / Clump weight；失效模式=Failure in clump weight；失效原因=Operation；S=3；O=2.75；D=3.5；RPN=28.5；建议措施=-。,正确,1.0,13.12,确定性规则问答,1.0,1.0,0,,1,,,,,,Operation,,项目/功能；潜在失效模式；发生度(O)；潜在失效原因/机理,78,
494,494,Full全量模型,无,故障原因诊断类,项目失效现象发生度查原因,项目范围原因查询,,,中等,结合项目/功能“Station keeping / Fairlead”，当“Fairlead failure”的发生度O为2.8时，故障原因/机理是哪一项？,Operation; Fairlead fatigue,"匹配到2条记录：1) FMEA编号=SKS5；项目/功能=Station keeping / Fairlead (FL)；失效模式=Fairlead failure [1], [17]；失效原因=Operation; Fairlead fatigue；失效后果=The anchor cannot be dropped and lift；S=3.8；O=2.8；D=3；RPN=30；建议措施=Continuous tension and vibration monitoring; thresholds for intervention; Fairlead geometry improvements and low-wear lining; Optimized chain/wire/rope selection and fatigue margins (design); -；2) FMEA编号=SKS6；项目/功能=Station keeping / Fairlead (FL)；失效模式=Fairlead failure [1],[17]；失效原因=Operation; Fairlead corrosion；失效后果=The anchor cannot be dropped and lift；S=3.8；O=2.8；D=3；RPN=30；建议措施=Cathodic protection and corrosion monitoring regimes; -。",正确,1.0,13.01,确定性规则问答,1.0,1.0,1,,2,,,,,2.0；2.0,Operation; Fairlead fatigue,,项目/功能；潜在失效模式；发生度(O)；潜在失效原因/机理,79,
495,495,Full全量模型,无,故障原因诊断类,项目失效现象发生度查原因,项目范围原因查询,,,中等,结合项目/功能“Station keeping / Monitoring System”，当“Monitoring system fails”的发生度O为3.2时，故障原因/机理是哪一项？,Operation,匹配到1条记录：1) FMEA编号=SKS7；项目/功能=Station keeping / Monitoring System；失效模式=Monitoring system fails；失效原因=Operation；失效后果=Unable to monitor tension in the mooring lines；S=2.6；O=3.2；D=2；RPN=13.5；建议措施=-。,正确,1.0,13.13,确定性规则问答,1.0,1.0,0,,1,,,,,,Operation,,项目/功能；潜在失效模式；发生度(O)；潜在失效原因/机理,81,
496,496,Full全量模型,无,故障原因诊断类,项目失效现象发生度查原因,项目范围原因查询,,,中等,结合项目/功能“Station keeping / Mooring Lines / Mooring lines”，当“Mooring line breakage”的发生度O为2.4时，故障原因/机理是哪一项？,Manufacturing; Poor splice quality/ workmanship/qualification,匹配到1条记录：1) FMEA编号=SKS8；项目/功能=Station keeping / Mooring Lines (ML) / Mooring lines；失效模式=Mooring line breakage [8]；失效原因=Manufacturing; Poor splice quality/ workmanship/qualification；失效后果=Mooring line strength decrease or broken；S=4；O=2.4；D=3.2；RPN=28.8；建议措施=ROV visual inspections; targeted maintenance on wear zones; Diversity in materials/vendors to reduce common-cause risks; -。,正确,1.0,14.22,确定性规则问答,1.0,1.0,0,,1,,,,,,Manufacturing; Poor splice quality/ workmanship/qualification,,项目/功能；潜在失效模式；发生度(O)；潜在失效原因/机理,82,
497,497,Full全量模型,无,故障原因诊断类,项目失效现象发生度查原因,项目范围原因查询,,,中等,结合项目/功能“Station keeping / Mooring Lines / Mooring lines”，当“Mooring line breakage”的发生度O为2时，故障原因/机理是哪一项？,Environmental condition; Abnormal stress due to mooring lines wear caused by unexpected seismic loads/ The tension overpassing the limit value can cause the mooring line to instantaneously break [18],匹配到2条记录：1) FMEA编号=SKS10；项目/功能=Station keeping / Mooring Lines (ML) / Mooring lines；失效模式=Mooring line breakage[8]；失效原因=Environmental condition; Mooring lines wear caused by unexpected external damage (from e.g. overtrawling)/particulate ingress/UV light；失效后果=Mooring line strength decrease or broken；S=4；O=2；D=3；RPN=24；建议措施=Continuous tension and vibration monitoring; thresholds for intervention; -；2) FMEA编号=SKS9；项目/功能=Station keeping / Mooring Lines (ML) / Mooring lines；失效模式=Mooring line breakage[8]；失效原因=Environmental condition; Abnormal stress due to mooring lines wear caused by unexpected seismic loads/ The tension overpassing the limit value can cause the mooring line to instantaneously break [18]；失效后果=Mooring line strength decrease or broken；S=4；O=2；D=2.6；RPN=20；建议措施=Continuous tension and vibration monitoring; thresholds for intervention; -。,正确,1.0,13.44,确定性规则问答,1.0,1.0,0,,2,,,18.0,,,Environmental condition; Abnormal stress due to mooring lines wear caused by unexpected seismic loads/ The tension overpassing the limit value can cause the mooring line to instantaneously break [18],,项目/功能；潜在失效模式；发生度(O)；潜在失效原因/机理,83,
498,498,Full全量模型,无,故障原因诊断类,项目失效现象发生度查原因,项目范围原因查询,,,中等,结合项目/功能“Station keeping / Mooring Lines / Mooring lines”，当“Mooring Line Corrosion”的发生度O为2.8时，故障原因/机理是哪一项？,Maintenance; Mooring lines corrosion due to improper maintenance of the corroded components,匹配到1条记录：1) FMEA编号=SKS11；项目/功能=Station keeping / Mooring Lines (ML) / Mooring lines；失效模式=Mooring Line Corrosion [1]；失效原因=Maintenance; Mooring lines corrosion due to improper maintenance of the corroded components；失效后果=Mooring line strength decrease or broken；S=3.6；O=2.8；D=3；RPN=29.2；建议措施=Continuous tension and vibration monitoring; thresholds for intervention; Optimized chain/wire/rope selection and fatigue margins (design); -。,正确,1.0,13.25,确定性规则问答,1.0,1.0,0,,1,,,,,,Maintenance; Mooring lines corrosion due to improper maintenance of the corroded components,,项目/功能；潜在失效模式；发生度(O)；潜在失效原因/机理,85,
499,499,Full全量模型,无,故障原因诊断类,项目失效现象发生度查原因,项目范围原因查询,,,中等,结合项目/功能“Station keeping / Mooring Lines / Mooring lines”，当“Mooring Line Fatigue”的发生度O为2.8时，故障原因/机理是哪一项？,"Maintenance; Mooring line fatigue due to Lack of proper maintenance, including inspection, monitoring, and replacement of the mooring lines.","匹配到1条记录：1) FMEA编号=SKS12；项目/功能=Station keeping / Mooring Lines (ML) / Mooring lines；失效模式=Mooring Line Fatigue [1]；失效原因=Maintenance; Mooring line fatigue due to Lack of proper maintenance, including inspection, monitoring, and replacement of the mooring lines.；失效后果=Mooring line strength decrease or broken；S=3.6；O=2.8；D=3；RPN=29.6；建议措施=-。",正确,1.0,13.34,确定性规则问答,1.0,1.0,0,,1,,,,,,"Maintenance; Mooring line fatigue due to Lack of proper maintenance, including inspection, monitoring, and replacement of the mooring lines.",,项目/功能；潜在失效模式；发生度(O)；潜在失效原因/机理,86,
500,500,Full全量模型,无,故障原因诊断类,项目失效现象发生度查原因,项目范围原因查询,,,中等,结合项目/功能“Station keeping / Mooring Lines / Mooring lines”，当“Mooring Line Fatigue”的发生度O为3时，故障原因/机理是哪一项？,"Operation; Mooring line fatigue due to Improper operational procedures, such as excessive loading, bending or twisting.","匹配到1条记录：1) FMEA编号=SKS13；项目/功能=Station keeping / Mooring Lines (ML) / Mooring lines；失效模式=Mooring Line Fatigue [1]；失效原因=Operation; Mooring line fatigue due to Improper operational procedures, such as excessive loading, bending or twisting.；失效后果=Mooring line strength decrease or broken；S=3.6；O=3；D=3；RPN=31.6；建议措施=Continuous tension and vibration monitoring; thresholds for intervention; Optimized chain/wire/rope selection and fatigue margins (design); -。",正确,1.0,13.89,确定性规则问答,1.0,1.0,0,,1,,,,,,"Operation; Mooring line fatigue due to Improper operational procedures, such as excessive loading, bending or twisting.",,项目/功能；潜在失效模式；发生度(O)；潜在失效原因/机理,87,
501,501,Full全量模型,无,故障措施推荐类,项目失效现象查措施,故障措施查询,,,简单,在项目/功能“Tower / Tower / Primary steelwork”中，失效模式“Cracks”建议采取什么措施？,High-fidelity coupled aero-hydro-elastic simulation in design updates; Thicker shell sections / local reinforcement,"项目/功能=Tower / Tower (TO) / Primary steelwork；失效模式=Cracks；建议措施=-；High-fidelity coupled aero-hydro-elastic simulation in design updates; Thicker shell sections / local reinforcement；Enhanced SHM: acoustic emission, strain gauges, modal monitoring; -; High-fidelity coupled aero-hydro-elastic simulation in design updates; Weld detail optimization and hotspot redesign；Weld detail optimization and hotspot redesign; Enhanced SHM: acoustic emission, strain gauges, modal monitoring; Thicker shell sections / local reinforcement; High-fidelity coupled aero-hydro-elastic simulation in design updates。",正确,1.0,15.16,确定性规则问答,1.0,1.0,0,,14,,,,,,High-fidelity coupled aero-hydro-elastic simulation in design updates; Thicker shell sections / local reinforcement,,项目/功能；潜在失效模式；建议措施,4,
502,502,Full全量模型,无,故障措施推荐类,项目失效现象查措施,故障措施查询,,,简单,在项目/功能“Tower / Tower / Primary steelwork”中，失效模式“Plastic deformation”建议采取什么措施？,Operational limits & control strategies for extreme motions; Blade–tower clearance and control optimization for extreme motions; High-fidelity coupled aero-hydro-elastic simulation in design updates,项目/功能=Tower / Tower (TO) / Primary steelwork；失效模式=Plastic deformation；建议措施=-；Operational limits & control strategies for extreme motions; Blade–tower clearance and control optimization for extreme motions; High-fidelity coupled aero-hydro-elastic simulation in design updates。,正确,1.0,15.4,确定性规则问答,1.0,1.0,0,,2,,,,,,Operational limits & control strategies for extreme motions; Blade–tower clearance and control optimization for extreme motions; High-fidelity coupled aero-hydro-elastic simulation in design updates,,项目/功能；潜在失效模式；建议措施,22,
503,503,Full全量模型,无,故障措施推荐类,项目失效现象查措施,故障措施查询,,,简单,在项目/功能“Transition piece / Transition Piece / Primary structure & welding”中，失效模式“Transition piece break”建议采取什么措施？,"Interface redesign to reduce stress concentrations (fillets, radii); High-fidelity coupled analysis of TP–tower–floater interaction; Improve engineering skills","项目/功能=Transition piece / Transition Piece (TP) / Primary structure & welding；失效模式=Transition piece break；建议措施=Interface redesign to reduce stress concentrations (fillets, radii); High-fidelity coupled analysis of TP–tower–floater interaction; Improve engineering skills；High-fidelity coupled analysis of TP–tower–floater interaction; Design requalification for extreme storms (updated metocean; load cases); High-fidelity coupled aero-hydro-elastic simulation in design updates；SHM for TP connections (strain gauges, acoustic emission, bolt preload monitoring); Welding quality assurance and NDT enhancement (phased-array UT)；High-fidelity coupled analysis of TP–tower–floater interaction; Design requalification for extreme storms (updated metocean; load cases); Improved metocean data measurements。",正确,1.0,14.74,确定性规则问答,1.0,1.0,0,,4,,,,,,"Interface redesign to reduce stress concentrations (fillets, radii); High-fidelity coupled analysis of TP–tower–floater interaction; Improve engineering skills",,项目/功能；潜在失效模式；建议措施,24,
504,504,Full全量模型,无,故障措施推荐类,项目失效现象查措施,故障措施查询,,,简单,在项目/功能“Transition piece / Transition Piece / Primary structure”中，失效模式“Transition piece break”建议采取什么措施？,"SHM for TP connections (strain gauges, acoustic emission, bolt preload monitoring); Design requalification for extreme storms (updated metocean; load cases); -","项目/功能=Transition piece / Transition Piece (TP) / Primary structure；失效模式=Transition piece break；建议措施=SHM for TP connections (strain gauges, acoustic emission, bolt preload monitoring); Design requalification for extreme storms (updated metocean; load cases); -。",正确,1.0,14.36,确定性规则问答,1.0,1.0,0,,1,,,,,,"SHM for TP connections (strain gauges, acoustic emission, bolt preload monitoring); Design requalification for extreme storms (updated metocean; load cases); -",,项目/功能；潜在失效模式；建议措施,25,
505,505,Full全量模型,无,故障措施推荐类,项目失效现象查措施,故障措施查询,,,简单,在项目/功能“Transition piece / Transition Piece / Primary stucture”中，失效模式“Structural plastic deformation”建议采取什么措施？,"SHM for TP connections (strain gauges, acoustic emission, bolt preload monitoring); Design requalification for extreme storms (updated metocean; load cases); High-fidelity coupled analysis of TP–tower–floater interaction; -","项目/功能=Transition piece / Transition Piece (TP) / Primary stucture；失效模式=Structural plastic deformation；建议措施=-；SHM for TP connections (strain gauges, acoustic emission, bolt preload monitoring); Design requalification for extreme storms (updated metocean; load cases); High-fidelity coupled analysis of TP–tower–floater interaction; -。",正确,1.0,14.67,确定性规则问答,1.0,1.0,0,,3,,,,,,"SHM for TP connections (strain gauges, acoustic emission, bolt preload monitoring); Design requalification for extreme storms (updated metocean; load cases); High-fidelity coupled analysis of TP–tower–floater interaction; -",,项目/功能；潜在失效模式；建议措施,26,
506,506,Full全量模型,无,故障措施推荐类,项目失效现象查措施,故障措施查询,,,简单,在项目/功能“Transition piece / Transition Piece / Primary structure & welding”中，失效模式“Cracks”建议采取什么措施？,Design requalification for extreme storms (updated metocean; load cases); High-fidelity coupled aero-hydro-elastic simulation in design updates,项目/功能=Transition piece / Transition Piece (TP) / Primary structure & welding；失效模式=Cracks；建议措施=-；Design requalification for extreme storms (updated metocean; load cases); High-fidelity coupled aero-hydro-elastic simulation in design updates。,正确,1.0,14.75,确定性规则问答,1.0,1.0,0,,5,,,,,,Design requalification for extreme storms (updated metocean; load cases); High-fidelity coupled aero-hydro-elastic simulation in design updates,,项目/功能；潜在失效模式；建议措施,32,
507,507,Full全量模型,无,故障措施推荐类,项目失效现象查措施,故障措施查询,,,简单,在项目/功能“Floating support structure / Floating Support structure / All structures”中，失效模式“Capsize”建议采取什么措施？,Expanded design load cases (including typhoon/hurricane scenarios); Freeboard margin increase and water-tight compartmentalization; Improve engineering skills,项目/功能=Floating support structure / Floating Support structure / All structures；失效模式=Capsize [11]；建议措施=Expanded design load cases (including typhoon/hurricane scenarios); Freeboard margin increase and water-tight compartmentalization; Improve engineering skills。,正确,1.0,15.04,确定性规则问答,1.0,1.0,0,,1,,,,,,Expanded design load cases (including typhoon/hurricane scenarios); Freeboard margin increase and water-tight compartmentalization; Improve engineering skills,,项目/功能；潜在失效模式；建议措施,45,
508,508,Full全量模型,无,故障措施推荐类,项目失效现象查措施,故障措施查询,,,简单,在项目/功能“Floating support structure / Floating Support structure / Primary structure”中，失效模式“Capsize”建议采取什么措施？,Expanded design load cases (including typhoon/hurricane scenarios); -; Improved engineering skills,项目/功能=Floating support structure / Floating Support structure / Primary structure；失效模式=Capsize [11]；建议措施=Expanded design load cases (including typhoon/hurricane scenarios); -; Improved engineering skills。,正确,1.0,16.11,确定性规则问答,1.0,1.0,0,,1,,,,,,Expanded design load cases (including typhoon/hurricane scenarios); -; Improved engineering skills,,项目/功能；潜在失效模式；建议措施,46,
509,509,Full全量模型,无,故障措施推荐类,项目失效现象查措施,故障措施查询,,,简单,在项目/功能“Floating support structure / Floating Support structure / All structures”中，失效模式“Structural break”建议采取什么措施？,Expanded design load cases (including typhoon/hurricane scenarios); -,项目/功能=Floating support structure / Floating Support structure / All structures；失效模式=Structural break [11]；建议措施=-；Expanded design load cases (including typhoon/hurricane scenarios); High-fidelity coupled aero-hydro-elastic simulation in design updates；Expanded design load cases (including typhoon/hurricane scenarios); -。,正确,1.0,15.27,确定性规则问答,1.0,1.0,0,,3,,,,,,Expanded design load cases (including typhoon/hurricane scenarios); -,,项目/功能；潜在失效模式；建议措施,49,
510,510,Full全量模型,无,故障措施推荐类,项目失效现象查措施,故障措施查询,,,简单,在项目/功能“Floating support structure / Floating Support structure / Secondary structure”中，失效模式“Additional Structures Failures”建议采取什么措施？,Freeboard margin increase and water-tight compartmentalization; -; Expanded design load cases (including typhoon/hurricane scenarios); Improved cable mechnical design,项目/功能=Floating support structure / Floating Support structure / Secondary structure；失效模式=Additional Structures Failures；建议措施=-；Freeboard margin increase and water-tight compartmentalization; -; Expanded design load cases (including typhoon/hurricane scenarios); Improved cable mechnical design。,正确,1.0,14.62,确定性规则问答,1.0,1.0,0,,7,,,,,,Freeboard margin increase and water-tight compartmentalization; -; Expanded design load cases (including typhoon/hurricane scenarios); Improved cable mechnical design,,项目/功能；潜在失效模式；建议措施,50,
511,511,Full全量模型,无,故障措施推荐类,项目失效现象查措施,故障措施查询,,,简单,在项目/功能“Floating support structure / Floating Support structure / Primary structure & Welding”中，失效模式“Capsize”建议采取什么措施？,"Expanded design load cases (including typhoon/hurricane scenarios); Operational limits: weather windows, alarm thresholds for motions; Resonance avoidance via structural tuning/damping","项目/功能=Floating support structure / Floating Support structure / Primary structure & Welding；失效模式=Capsize [11]；建议措施=Expanded design load cases (including typhoon/hurricane scenarios); Operational limits: weather windows, alarm thresholds for motions; Resonance avoidance via structural tuning/damping。",正确,1.0,14.85,确定性规则问答,1.0,1.0,0,,1,,,,,,"Expanded design load cases (including typhoon/hurricane scenarios); Operational limits: weather windows, alarm thresholds for motions; Resonance avoidance via structural tuning/damping",,项目/功能；潜在失效模式；建议措施,52,
512,512,Full全量模型,无,故障措施推荐类,项目失效现象查措施,故障措施查询,,,简单,在项目/功能“Floating support structure / Floating Support structure / Primary structure & Welding”中，失效模式“Cracks”建议采取什么措施？,Expanded design load cases (including typhoon/hurricane scenarios); Resonance avoidance via structural tuning/damping; High-fidelity coupled aero-hydro-elastic simulation in design updates,项目/功能=Floating support structure / Floating Support structure / Primary structure & Welding；失效模式=Cracks [11]；建议措施=Expanded design load cases (including typhoon/hurricane scenarios); Resonance avoidance via structural tuning/damping; High-fidelity coupled aero-hydro-elastic simulation in design updates。,正确,1.0,16.0,确定性规则问答,1.0,1.0,0,,1,,,,,,Expanded design load cases (including typhoon/hurricane scenarios); Resonance avoidance via structural tuning/damping; High-fidelity coupled aero-hydro-elastic simulation in design updates,,项目/功能；潜在失效模式；建议措施,53,
513,513,Full全量模型,无,故障措施推荐类,项目失效现象查措施,故障措施查询,,,简单,在项目/功能“Floating support structure / Floating Support structure / Secondary structure”中，失效模式“Floater unit sinkage”建议采取什么措施？,Ballast redundancy and automated ballast management; Freeboard margin increase and water-tight compartmentalization; Expanded design load cases (including typhoon/hurricane scenarios),项目/功能=Floating support structure / Floating Support structure / Secondary structure；失效模式=Floater unit sinkage；建议措施=Ballast redundancy and automated ballast management; Freeboard margin increase and water-tight compartmentalization; Expanded design load cases (including typhoon/hurricane scenarios)。,正确,1.0,15.46,确定性规则问答,1.0,1.0,0,,1,,,,,,Ballast redundancy and automated ballast management; Freeboard margin increase and water-tight compartmentalization; Expanded design load cases (including typhoon/hurricane scenarios),,项目/功能；潜在失效模式；建议措施,58,
514,514,Full全量模型,无,故障措施推荐类,项目失效现象查措施,故障措施查询,,,简单,在项目/功能“Floating support structure / Floating Support structure / Primary structure & Welding”中，失效模式“Structural break”建议采取什么措施？,"Operational limits: weather windows, alarm thresholds for motions; Other- Specify; Expanded design load cases (including typhoon/hurricane scenarios); Better understanding of temperature ranges","项目/功能=Floating support structure / Floating Support structure / Primary structure & Welding；失效模式=Structural break [11]；建议措施=Operational limits: weather windows, alarm thresholds for motions; Other- Specify; Expanded design load cases (including typhoon/hurricane scenarios); Better understanding of temperature ranges。",正确,1.0,14.84,确定性规则问答,1.0,1.0,0,,1,,,,,,"Operational limits: weather windows, alarm thresholds for motions; Other- Specify; Expanded design load cases (including typhoon/hurricane scenarios); Better understanding of temperature ranges",,项目/功能；潜在失效模式；建议措施,68,
515,515,Full全量模型,无,故障措施推荐类,项目失效现象查措施,故障措施查询,,,简单,在项目/功能“Floating support structure / Floating Support structure / All structures”中，失效模式“Floater unit sinkage”建议采取什么措施？,"Operational limits: weather windows, alarm thresholds for motions; -; Expanded design load cases (including typhoon/hurricane scenarios); Freeboard margin increase and water-tight compartmentalization","项目/功能=Floating support structure / Floating Support structure / All structures；失效模式=Floater unit sinkage；建议措施=Operational limits: weather windows, alarm thresholds for motions; -; Expanded design load cases (including typhoon/hurricane scenarios); Freeboard margin increase and water-tight compartmentalization。",正确,1.0,14.87,确定性规则问答,1.0,1.0,0,,1,,,,,,"Operational limits: weather windows, alarm thresholds for motions; -; Expanded design load cases (including typhoon/hurricane scenarios); Freeboard margin increase and water-tight compartmentalization",,项目/功能；潜在失效模式；建议措施,69,
516,516,Full全量模型,无,故障措施推荐类,项目失效现象查措施,故障措施查询,,,简单,在项目/功能“Floating support structure / Floating Support structure / All structures”中，失效模式“Hit by dropped objects”建议采取什么措施？,Expanded design load cases (including typhoon/hurricane scenarios); High-fidelity coupled aero-hydro-elastic simulation in design updates; -,"项目/功能=Floating support structure / Floating Support structure / All structures；失效模式=Hit by dropped objects [1,9]；建议措施=-；Expanded design load cases (including typhoon/hurricane scenarios); High-fidelity coupled aero-hydro-elastic simulation in design updates; -。",正确,1.0,15.35,确定性规则问答,1.0,1.0,0,,3,,,,,,Expanded design load cases (including typhoon/hurricane scenarios); High-fidelity coupled aero-hydro-elastic simulation in design updates; -,,项目/功能；潜在失效模式；建议措施,70,
517,517,Full全量模型,无,故障措施推荐类,项目失效现象查措施,故障措施查询,,,简单,在项目/功能“Floating support structure / Floating Support structure / All structures & Welding”中，失效模式“Structural break”建议采取什么措施？,"Operational limits: weather windows, alarm thresholds for motions; Other- Specify; -; Welding quality assurance and NDT enhancement (phased-array UT)","项目/功能=Floating support structure / Floating Support structure / All structures & Welding；失效模式=Structural break [11]；建议措施=Operational limits: weather windows, alarm thresholds for motions; Other- Specify; -; Welding quality assurance and NDT enhancement (phased-array UT)。",正确,1.0,15.07,确定性规则问答,1.0,1.0,0,,1,,,,,,"Operational limits: weather windows, alarm thresholds for motions; Other- Specify; -; Welding quality assurance and NDT enhancement (phased-array UT)",,项目/功能；潜在失效模式；建议措施,72,
518,518,Full全量模型,无,故障措施推荐类,项目失效现象查措施,故障措施查询,,,简单,在项目/功能“Station keeping / Anchor”中，失效模式“Anchor failure”建议采取什么措施？,"Continuous tension and vibration monitoring; thresholds for intervention; Procedural controls: load management, operational envelopes; Better design by expanded load case matrix including more failure modes; -","项目/功能=Station keeping / Anchor (AC)；失效模式=Anchor failure [1], [17]；建议措施=Continuous tension and vibration monitoring; thresholds for intervention; Procedural controls: load management, operational envelopes; Better design by expanded load case matrix including more failure modes; -。",正确,1.0,15.87,确定性规则问答,1.0,1.0,0,,2,,,,,,"Continuous tension and vibration monitoring; thresholds for intervention; Procedural controls: load management, operational envelopes; Better design by expanded load case matrix including more failure modes; -",,项目/功能；潜在失效模式；建议措施,75,
519,519,Full全量模型,无,故障措施推荐类,项目失效现象查措施,故障措施查询,,,简单,在项目/功能“Station keeping / Fairlead”中，失效模式“Fairlead failure”建议采取什么措施？,Continuous tension and vibration monitoring; thresholds for intervention; Fairlead geometry improvements and low-wear lining; Optimized chain/wire/rope selection and fatigue margins (design); -,"项目/功能=Station keeping / Fairlead (FL)；失效模式=Fairlead failure [1], [17]；建议措施=Continuous tension and vibration monitoring; thresholds for intervention; Fairlead geometry improvements and low-wear lining; Optimized chain/wire/rope selection and fatigue margins (design); -；Cathodic protection and corrosion monitoring regimes; -。",正确,1.0,15.09,确定性规则问答,1.0,1.0,0,,2,,,,,,Continuous tension and vibration monitoring; thresholds for intervention; Fairlead geometry improvements and low-wear lining; Optimized chain/wire/rope selection and fatigue margins (design); -,,项目/功能；潜在失效模式；建议措施,79,
520,520,Full全量模型,无,故障措施推荐类,项目失效现象查措施,故障措施查询,,,简单,在项目/功能“Station keeping / Mooring Lines / Mooring lines”中，失效模式“Mooring line breakage”建议采取什么措施？,ROV visual inspections; targeted maintenance on wear zones; Diversity in materials/vendors to reduce common-cause risks; -,项目/功能=Station keeping / Mooring Lines (ML) / Mooring lines；失效模式=Mooring line breakage[8]；建议措施=Continuous tension and vibration monitoring; thresholds for intervention; -；ROV visual inspections; targeted maintenance on wear zones; Diversity in materials/vendors to reduce common-cause risks; -。,正确,1.0,14.87,确定性规则问答,1.0,1.0,0,,3,,,,,,ROV visual inspections; targeted maintenance on wear zones; Diversity in materials/vendors to reduce common-cause risks; -,,项目/功能；潜在失效模式；建议措施,82,
521,521,Full全量模型,无,故障措施推荐类,项目失效现象查措施,故障措施查询,,,简单,在项目/功能“Station keeping / Mooring Lines / Mooring lines”中，失效模式“Mooring Line Corrosion”建议采取什么措施？,Continuous tension and vibration monitoring; thresholds for intervention; Optimized chain/wire/rope selection and fatigue margins (design); -,项目/功能=Station keeping / Mooring Lines (ML) / Mooring lines；失效模式=Mooring Line Corrosion [1]；建议措施=Continuous tension and vibration monitoring; thresholds for intervention; Optimized chain/wire/rope selection and fatigue margins (design); -。,正确,1.0,14.77,确定性规则问答,1.0,1.0,0,,1,,,,,,Continuous tension and vibration monitoring; thresholds for intervention; Optimized chain/wire/rope selection and fatigue margins (design); -,,项目/功能；潜在失效模式；建议措施,85,
522,522,Full全量模型,无,故障措施推荐类,项目失效现象查措施,故障措施查询,,,简单,在项目/功能“Station keeping / Mooring Lines / Mooring lines”中，失效模式“Mooring Line Fatigue”建议采取什么措施？,Continuous tension and vibration monitoring; thresholds for intervention; Optimized chain/wire/rope selection and fatigue margins (design); -,项目/功能=Station keeping / Mooring Lines (ML) / Mooring lines；失效模式=Mooring Line Fatigue [1]；建议措施=-；Continuous tension and vibration monitoring; thresholds for intervention; Optimized chain/wire/rope selection and fatigue margins (design); -。,正确,1.0,14.63,确定性规则问答,1.0,1.0,0,,2,,,,,,Continuous tension and vibration monitoring; thresholds for intervention; Optimized chain/wire/rope selection and fatigue margins (design); -,,项目/功能；潜在失效模式；建议措施,87,
523,523,Full全量模型,无,故障措施推荐类,项目失效现象查措施,故障措施查询,,,简单,在项目/功能“Station keeping / Mooring lines / Mooring lines”中，失效模式“Mooring lines broken”建议采取什么措施？,"ROV visual inspections; targeted maintenance on wear zones; Optimized chain/wire/rope selection and fatigue margins (design); Only chain and wire above MSL, keep fiber ropes wet; -","项目/功能=Station keeping / Mooring lines (ML) / Mooring lines；失效模式=Mooring lines broken [1,3]；建议措施=ROV visual inspections; targeted maintenance on wear zones; Optimized chain/wire/rope selection and fatigue margins (design); Only chain and wire above MSL, keep fiber ropes wet; -；ROV visual inspections; targeted maintenance on wear zones; -。",正确,1.0,16.23,确定性规则问答,1.0,1.0,0,,4,,,,,,"ROV visual inspections; targeted maintenance on wear zones; Optimized chain/wire/rope selection and fatigue margins (design); Only chain and wire above MSL, keep fiber ropes wet; -",,项目/功能；潜在失效模式；建议措施,91,
524,524,Full全量模型,无,故障措施推荐类,项目失效现象查措施,故障措施查询,,,简单,在项目/功能“Station keeping / Mooring lines / Mooring winch”中，失效模式“Mooring winch failure”建议采取什么措施？,"Continuous tension and vibration monitoring; thresholds for intervention; Procedural controls: load management, operational envelopes; -","项目/功能=Station keeping / Mooring lines (ML) / Mooring winch；失效模式=Mooring winch failure [1]；建议措施=-；Continuous tension and vibration monitoring; thresholds for intervention; Procedural controls: load management, operational envelopes; -。",正确,1.0,14.81,确定性规则问答,1.0,1.0,0,,2,,,,,,"Continuous tension and vibration monitoring; thresholds for intervention; Procedural controls: load management, operational envelopes; -",,项目/功能；潜在失效模式；建议措施,96,
525,525,Full全量模型,无,故障措施推荐类,项目失效现象查措施,故障措施查询,,,简单,在项目/功能“Dynamic cable / Dynamic Cable / Dynamic Cable”中，失效模式“accelerated mechanical fatigue”建议采取什么措施？,"Monitoring: DTS/RTTR, electrical integrity tests, leak detection; Lazy-wave configuration optimization; buoyancy spacing; hang-off upgrades; -","项目/功能=Dynamic cable / Dynamic Cable / Dynamic Cable/；失效模式=accelerated mechanical fatigue；建议措施=Monitoring: DTS/RTTR, electrical integrity tests, leak detection; Lazy-wave configuration optimization; buoyancy spacing; hang-off upgrades; -。",正确,1.0,14.7,确定性规则问答,1.0,1.0,0,,1,,,,,,"Monitoring: DTS/RTTR, electrical integrity tests, leak detection; Lazy-wave configuration optimization; buoyancy spacing; hang-off upgrades; -",,项目/功能；潜在失效模式；建议措施,97,
526,526,Full全量模型,无,故障措施推荐类,项目失效现象查措施,故障措施查询,,,简单,在项目/功能“Dynamic cable / Dynamic Cable / J-tube”中，失效模式“Corrosion of J-tube”建议采取什么措施？,-; Cathodic protection; coating improvements,项目/功能=Dynamic cable / Dynamic Cable / J-tube；失效模式=Corrosion of J-tube [6]；建议措施=-；-; Cathodic protection; coating improvements。,正确,1.0,14.84,确定性规则问答,1.0,1.0,0,,2,,,,,,-; Cathodic protection; coating improvements,,项目/功能；潜在失效模式；建议措施,101,
527,527,Full全量模型,无,故障措施推荐类,项目失效现象查措施,故障措施查询,,,简单,在项目/功能“Dynamic cable / Dynamic Cable / Hang-off”中，失效模式“damage and corrosion of mechanical parts”建议采取什么措施？,-; Design review; improved material selection,项目/功能=Dynamic cable / Dynamic Cable / Hang-off；失效模式=damage and corrosion of mechanical parts；建议措施=-; Design review; improved material selection。,正确,1.0,14.65,确定性规则问答,1.0,1.0,0,,1,,,,,,-; Design review; improved material selection,,项目/功能；潜在失效模式；建议措施,103,
528,528,Full全量模型,无,故障措施推荐类,项目失效现象查措施,故障措施查询,,,简单,在项目/功能“Dynamic cable / Dynamic Cable / Dynamic Cable”中，失效模式“Debris disturbance”建议采取什么措施？,-; Environmental protections; debris management,项目/功能=Dynamic cable / Dynamic Cable / Dynamic Cable/；失效模式=Debris disturbance；建议措施=-; Environmental protections; debris management。,正确,1.0,14.61,确定性规则问答,1.0,1.0,0,,1,,,,,,-; Environmental protections; debris management,,项目/功能；潜在失效模式；建议措施,104,
529,529,Full全量模型,无,故障措施推荐类,项目失效现象查措施,故障措施查询,,,简单,在项目/功能“Dynamic cable / Dynamic Cable / Dynamic Cable”中，失效模式“Detachment”建议采取什么措施？,-; Design review; improved material selection,项目/功能=Dynamic cable / Dynamic Cable / Dynamic Cable/；失效模式=Detachment；建议措施=-; Design review; improved material selection。,正确,1.0,14.51,确定性规则问答,1.0,1.0,0,,1,,,,,,-; Design review; improved material selection,,项目/功能；潜在失效模式；建议措施,105,
530,530,Full全量模型,无,故障措施推荐类,项目失效现象查措施,故障措施查询,,,简单,在项目/功能“Dynamic cable / Dynamic Cable / Joints and terminations”中，失效模式“Failure of end termination”建议采取什么措施？,-; Design improvements; enhanced termination QA,项目/功能=Dynamic cable / Dynamic Cable / Joints and terminations；失效模式=Failure of end termination [6]；建议措施=-；-; Design improvements; enhanced termination QA。,正确,1.0,14.64,确定性规则问答,1.0,1.0,0,,3,,,,,,-; Design improvements; enhanced termination QA,,项目/功能；潜在失效模式；建议措施,107,
531,531,Full全量模型,无,故障措施推荐类,项目失效现象查措施,故障措施查询,,,简单,在项目/功能“Dynamic cable / Dynamic Cable / Dynamic Cable”中，失效模式“Failure of watertightness”建议采取什么措施？,"Installation QA/QC: pull-in tension verification, handling procedures; Watertightness assurance: enhanced sealing tests; end termination QA; -","项目/功能=Dynamic cable / Dynamic Cable / Dynamic Cable/；失效模式=Failure of watertightness；建议措施=Installation QA/QC: pull-in tension verification, handling procedures; Watertightness assurance: enhanced sealing tests; end termination QA; -；Watertightness assurance: enhanced sealing tests; end termination QA; -。",正确,1.0,14.32,确定性规则问答,1.0,1.0,0,,2,,,,,,"Installation QA/QC: pull-in tension verification, handling procedures; Watertightness assurance: enhanced sealing tests; end termination QA; -",,项目/功能；潜在失效模式；建议措施,112,
532,532,Full全量模型,无,故障措施推荐类,项目失效现象查措施,故障措施查询,,,简单,在项目/功能“Dynamic cable / Dynamic Cable / Conductor”中，失效模式“failures of conductors”建议采取什么措施？,"-; Monitoring (DTS/RTTR, electrical integrity tests)","项目/功能=Dynamic cable / Dynamic Cable / Conductor；失效模式=failures of conductors；建议措施=-; Monitoring (DTS/RTTR, electrical integrity tests)。",正确,1.0,14.38,确定性规则问答,1.0,1.0,0,,1,,,,,,"-; Monitoring (DTS/RTTR, electrical integrity tests)",,项目/功能；潜在失效模式；建议措施,114,
533,533,Full全量模型,无,故障措施推荐类,项目失效现象查措施,故障措施查询,,,简单,在项目/功能“Dynamic cable / Dynamic Cable / Dynamic Cable”中，失效模式“Fatigue Cracks”建议采取什么措施？,"Monitoring: DTS/RTTR, electrical integrity tests, leak detection; -","项目/功能=Dynamic cable / Dynamic Cable / Dynamic Cable/；失效模式=Fatigue Cracks；建议措施=Monitoring: DTS/RTTR, electrical integrity tests, leak detection; -。",正确,1.0,15.41,确定性规则问答,1.0,1.0,0,,1,,,,,,"Monitoring: DTS/RTTR, electrical integrity tests, leak detection; -",,项目/功能；潜在失效模式；建议措施,115,
534,534,Full全量模型,无,故障措施推荐类,项目失效现象查措施,故障措施查询,,,简单,在项目/功能“Dynamic cable / Dynamic Cable / Dynamic Cable”中，失效模式“material degradation”建议采取什么措施？,"Monitoring: DTS/RTTR, electrical integrity tests, leak detection; -","项目/功能=Dynamic cable / Dynamic Cable / Dynamic Cable/；失效模式=material degradation；建议措施=Monitoring: DTS/RTTR, electrical integrity tests, leak detection; -。",正确,1.0,14.48,确定性规则问答,1.0,1.0,0,,1,,,,,,"Monitoring: DTS/RTTR, electrical integrity tests, leak detection; -",,项目/功能；潜在失效模式；建议措施,119,
535,535,Full全量模型,无,故障措施推荐类,项目失效现象查措施,故障措施查询,,,简单,在项目/功能“Dynamic cable / Dynamic Cable / Cable Protection System”中，失效模式“Movement of CPS due to scour/seabed mobility”建议采取什么措施？,Burial/trenching optimization; scour mitigation; as-built metrology; -,项目/功能=Dynamic cable / Dynamic Cable / Cable Protection System (CPS)；失效模式=Movement of CPS due to scour/seabed mobility [6]；建议措施=-；Burial/trenching optimization; scour mitigation; as-built metrology; -。,正确,1.0,14.9,确定性规则问答,1.0,1.0,0,,3,,,,,,Burial/trenching optimization; scour mitigation; as-built metrology; -,,项目/功能；潜在失效模式；建议措施,122,
536,536,Full全量模型,无,故障措施推荐类,项目失效现象查措施,故障措施查询,,,简单,在项目/功能“Dynamic cable / Dynamic Cable / Static cable/Export Cable”中，失效模式“Reduced sediment cover lower than designed value for protection”建议采取什么措施？,"Burial/trenching optimization; scour mitigation; as-built metrology; Monitoring: DTS/RTTR, electrical integrity tests, leak detection; -","项目/功能=Dynamic cable / Dynamic Cable / Static cable/Export Cable；失效模式=Reduced sediment cover lower than designed value for protection [6]；建议措施=Burial/trenching optimization; scour mitigation; as-built metrology; Monitoring: DTS/RTTR, electrical integrity tests, leak detection; -；-。",正确,1.0,15.09,确定性规则问答,1.0,1.0,0,,2,,,,,,"Burial/trenching optimization; scour mitigation; as-built metrology; Monitoring: DTS/RTTR, electrical integrity tests, leak detection; -",,项目/功能；潜在失效模式；建议措施,125,
537,537,Full全量模型,无,故障措施推荐类,项目失效现象查措施,故障措施查询,,,简单,在项目/功能“Dynamic cable / Dynamic Cable / Dynamic Cable”中，失效模式“Small bending radius”建议采取什么措施？,Lazy-wave configuration optimization; buoyancy spacing; hang-off upgrades; -,项目/功能=Dynamic cable / Dynamic Cable / Dynamic Cable/；失效模式=Small bending radius；建议措施=Lazy-wave configuration optimization; buoyancy spacing; hang-off upgrades; -。,正确,1.0,14.53,确定性规则问答,1.0,1.0,0,,1,,,,,,Lazy-wave configuration optimization; buoyancy spacing; hang-off upgrades; -,,项目/功能；潜在失效模式；建议措施,128,
538,538,Full全量模型,无,故障措施推荐类,fmea_id_to_action,故障措施查询,,,中等,FMEA编号TO5的建议措施是什么？,High-fidelity coupled aero-hydro-elastic simulation in design updates; Thicker shell sections / local reinforcement,FMEA编号“TO5”对应的失效模式“Cracks”的建议措施是：High-fidelity coupled aero-hydro-elastic simulation in design updates; Thicker shell sections / local reinforcement。,正确,1.0,2.86,CSV直答,1.0,1.0,0,,1,,,,,,High-fidelity coupled aero-hydro-elastic simulation in design updates; Thicker shell sections / local reinforcement,,FMEA编号；建议措施,4,
539,539,Full全量模型,无,故障措施推荐类,fmea_id_to_action,故障措施查询,,,简单,FMEA编号TO6这条风险，建议怎么处理？,"Enhanced SHM: acoustic emission, strain gauges, modal monitoring; -; High-fidelity coupled aero-hydro-elastic simulation in design updates; Weld detail optimization and hotspot redesign","FMEA编号“TO6”对应的失效模式“Cracks”的建议措施是：Enhanced SHM: acoustic emission, strain gauges, modal monitoring; -; High-fidelity coupled aero-hydro-elastic simulation in design updates; Weld detail optimization and hotspot redesign。",正确,1.0,2.81,CSV直答,1.0,1.0,0,,1,,,,,,"Enhanced SHM: acoustic emission, strain gauges, modal monitoring; -; High-fidelity coupled aero-hydro-elastic simulation in design updates; Weld detail optimization and hotspot redesign",,FMEA编号；建议措施,5,
540,540,Full全量模型,无,故障措施推荐类,fmea_id_to_action,故障措施查询,,,简单,查一下FMEA编号TO7对应的处理措施。,"Weld detail optimization and hotspot redesign; Enhanced SHM: acoustic emission, strain gauges, modal monitoring; Thicker shell sections / local reinforcement; High-fidelity coupled aero-hydro-elastic simulation in design updates","FMEA编号“TO7”对应的失效模式“Cracks”的建议措施是：Weld detail optimization and hotspot redesign; Enhanced SHM: acoustic emission, strain gauges, modal monitoring; Thicker shell sections / local reinforcement; High-fidelity coupled aero-hydro-elastic simulation in design updates。",正确,1.0,2.74,CSV直答,1.0,1.0,0,,1,,,,,,"Weld detail optimization and hotspot redesign; Enhanced SHM: acoustic emission, strain gauges, modal monitoring; Thicker shell sections / local reinforcement; High-fidelity coupled aero-hydro-elastic simulation in design updates",,FMEA编号；建议措施,6,
541,541,Full全量模型,无,故障措施推荐类,fmea_id_to_action,故障措施查询,,,中等,FMEA编号TO23这条FMEA记录，需要采取什么建议措施？,Operational limits & control strategies for extreme motions; Blade–tower clearance and control optimization for extreme motions; High-fidelity coupled aero-hydro-elastic simulation in design updates,FMEA编号“TO23”对应的失效模式“Plastic deformation”的建议措施是：Operational limits & control strategies for extreme motions; Blade–tower clearance and control optimization for extreme motions; High-fidelity coupled aero-hydro-elastic simulation in design updates。,正确,1.0,2.93,CSV直答,1.0,1.0,0,,1,,,,,,Operational limits & control strategies for extreme motions; Blade–tower clearance and control optimization for extreme motions; High-fidelity coupled aero-hydro-elastic simulation in design updates,,FMEA编号；建议措施,22,
542,542,Full全量模型,无,故障措施推荐类,fmea_id_to_action,故障措施查询,,,简单,FMEA编号TP1的后续改进措施写了什么？,"Interface redesign to reduce stress concentrations (fillets, radii); High-fidelity coupled analysis of TP–tower–floater interaction; Improve engineering skills","FMEA编号“TP1”对应的失效模式“Transition piece break”的建议措施是：Interface redesign to reduce stress concentrations (fillets, radii); High-fidelity coupled analysis of TP–tower–floater interaction; Improve engineering skills。",正确,1.0,2.76,CSV直答,1.0,1.0,0,,1,,,,,,"Interface redesign to reduce stress concentrations (fillets, radii); High-fidelity coupled analysis of TP–tower–floater interaction; Improve engineering skills",,FMEA编号；建议措施,24,
543,543,Full全量模型,无,故障措施推荐类,fmea_id_to_action,故障措施查询,,,简单,FMEA编号TP2的建议措施是什么？,"SHM for TP connections (strain gauges, acoustic emission, bolt preload monitoring); Design requalification for extreme storms (updated metocean; load cases); -","FMEA编号“TP2”对应的失效模式“Transition piece break”的建议措施是：SHM for TP connections (strain gauges, acoustic emission, bolt preload monitoring); Design requalification for extreme storms (updated metocean; load cases); -。",正确,1.0,2.81,CSV直答,1.0,1.0,0,,1,,,,,,"SHM for TP connections (strain gauges, acoustic emission, bolt preload monitoring); Design requalification for extreme storms (updated metocean; load cases); -",,FMEA编号；建议措施,25,
544,544,Full全量模型,无,故障措施推荐类,fmea_id_to_action,故障措施查询,,,中等,FMEA编号TP3这条风险，建议怎么处理？,"SHM for TP connections (strain gauges, acoustic emission, bolt preload monitoring); Design requalification for extreme storms (updated metocean; load cases); High-fidelity coupled analysis of TP–tower–floater interaction; -","FMEA编号“TP3”对应的失效模式“Structural plastic deformation”的建议措施是：SHM for TP connections (strain gauges, acoustic emission, bolt preload monitoring); Design requalification for extreme storms (updated metocean; load cases); High-fidelity coupled analysis of TP–tower–floater interaction; -。",正确,1.0,2.79,CSV直答,1.0,1.0,0,,1,,,,,,"SHM for TP connections (strain gauges, acoustic emission, bolt preload monitoring); Design requalification for extreme storms (updated metocean; load cases); High-fidelity coupled analysis of TP–tower–floater interaction; -",,FMEA编号；建议措施,26,
545,545,Full全量模型,无,故障措施推荐类,fmea_id_to_action,故障措施查询,,,简单,查一下FMEA编号TP5对应的处理措施。,High-fidelity coupled analysis of TP–tower–floater interaction; Design requalification for extreme storms (updated metocean; load cases); Improved metocean data measurements,FMEA编号“TP5”对应的失效模式“Transition piece break”的建议措施是：High-fidelity coupled analysis of TP–tower–floater interaction; Design requalification for extreme storms (updated metocean; load cases); Improved metocean data measurements。,正确,1.0,2.75,CSV直答,1.0,1.0,0,,1,,,,,,High-fidelity coupled analysis of TP–tower–floater interaction; Design requalification for extreme storms (updated metocean; load cases); Improved metocean data measurements,,FMEA编号；建议措施,28,
546,546,Full全量模型,无,故障措施推荐类,fmea_id_to_action,故障措施查询,,,简单,FMEA编号TP9这条FMEA记录，需要采取什么建议措施？,Design requalification for extreme storms (updated metocean; load cases); High-fidelity coupled aero-hydro-elastic simulation in design updates,FMEA编号“TP9”对应的失效模式“Cracks”的建议措施是：Design requalification for extreme storms (updated metocean; load cases); High-fidelity coupled aero-hydro-elastic simulation in design updates。,正确,1.0,2.81,CSV直答,1.0,1.0,0,,1,,,,,,Design requalification for extreme storms (updated metocean; load cases); High-fidelity coupled aero-hydro-elastic simulation in design updates,,FMEA编号；建议措施,32,
547,547,Full全量模型,无,故障措施推荐类,fmea_id_to_action,故障措施查询,,,中等,FMEA编号TP16的后续改进措施写了什么？,High-fidelity coupled analysis of TP–tower–floater interaction; Design requalification for extreme storms (updated metocean; load cases); High-fidelity coupled aero-hydro-elastic simulation in design updates,FMEA编号“TP16”对应的失效模式“Transition piece break”的建议措施是：High-fidelity coupled analysis of TP–tower–floater interaction; Design requalification for extreme storms (updated metocean; load cases); High-fidelity coupled aero-hydro-elastic simulation in design updates。,正确,1.0,2.88,CSV直答,1.0,1.0,0,,1,,,,,,High-fidelity coupled analysis of TP–tower–floater interaction; Design requalification for extreme storms (updated metocean; load cases); High-fidelity coupled aero-hydro-elastic simulation in design updates,,FMEA编号；建议措施,39,
548,548,Full全量模型,无,故障措施推荐类,fmea_id_to_action,故障措施查询,,,简单,FMEA编号TP17的建议措施是什么？,"SHM for TP connections (strain gauges, acoustic emission, bolt preload monitoring); Welding quality assurance and NDT enhancement (phased-array UT)","FMEA编号“TP17”对应的失效模式“Transition piece break”的建议措施是：SHM for TP connections (strain gauges, acoustic emission, bolt preload monitoring); Welding quality assurance and NDT enhancement (phased-array UT)。",正确,1.0,2.75,CSV直答,1.0,1.0,0,,1,,,,,,"SHM for TP connections (strain gauges, acoustic emission, bolt preload monitoring); Welding quality assurance and NDT enhancement (phased-array UT)",,FMEA编号；建议措施,40,
549,549,Full全量模型,无,故障措施推荐类,fmea_id_to_action,故障措施查询,,,简单,FMEA编号FF1这条风险，建议怎么处理？,Expanded design load cases (including typhoon/hurricane scenarios); Freeboard margin increase and water-tight compartmentalization; Improve engineering skills,FMEA编号“FF1”对应的失效模式“Capsize [11]”的建议措施是：Expanded design load cases (including typhoon/hurricane scenarios); Freeboard margin increase and water-tight compartmentalization; Improve engineering skills。,正确,1.0,2.78,CSV直答,1.0,1.0,0,,1,,,,,,Expanded design load cases (including typhoon/hurricane scenarios); Freeboard margin increase and water-tight compartmentalization; Improve engineering skills,,FMEA编号；建议措施,45,
550,550,Full全量模型,无,故障措施推荐类,fmea_id_to_action,故障措施查询,,,中等,查一下FMEA编号FF2对应的处理措施。,Expanded design load cases (including typhoon/hurricane scenarios); -; Improved engineering skills,FMEA编号“FF2”对应的失效模式“Capsize [11]”的建议措施是：Expanded design load cases (including typhoon/hurricane scenarios); -; Improved engineering skills。,正确,1.0,2.82,CSV直答,1.0,1.0,0,,1,,,,,,Expanded design load cases (including typhoon/hurricane scenarios); -; Improved engineering skills,,FMEA编号；建议措施,46,
551,551,Full全量模型,无,故障措施推荐类,fmea_id_to_action,故障措施查询,,,简单,FMEA编号FF5这条FMEA记录，需要采取什么建议措施？,Expanded design load cases (including typhoon/hurricane scenarios); -,FMEA编号“FF5”对应的失效模式“Structural break [11]”的建议措施是：Expanded design load cases (including typhoon/hurricane scenarios); -。,正确,1.0,2.76,CSV直答,1.0,1.0,0,,1,,,,,,Expanded design load cases (including typhoon/hurricane scenarios); -,,FMEA编号；建议措施,49,
552,552,Full全量模型,无,故障措施推荐类,fmea_id_to_action,故障措施查询,,,简单,FMEA编号FF6的后续改进措施写了什么？,Freeboard margin increase and water-tight compartmentalization; -; Expanded design load cases (including typhoon/hurricane scenarios); Improved cable mechnical design,FMEA编号“FF6”对应的失效模式“Additional Structures Failures”的建议措施是：Freeboard margin increase and water-tight compartmentalization; -; Expanded design load cases (including typhoon/hurricane scenarios); Improved cable mechnical design。,正确,1.0,2.77,CSV直答,1.0,1.0,0,,1,,,,,,Freeboard margin increase and water-tight compartmentalization; -; Expanded design load cases (including typhoon/hurricane scenarios); Improved cable mechnical design,,FMEA编号；建议措施,50,
553,553,Full全量模型,无,故障措施推荐类,fmea_id_to_action,故障措施查询,,,中等,FMEA编号FF8的建议措施是什么？,"Expanded design load cases (including typhoon/hurricane scenarios); Operational limits: weather windows, alarm thresholds for motions; Resonance avoidance via structural tuning/damping","FMEA编号“FF8”对应的失效模式“Capsize [11]”的建议措施是：Expanded design load cases (including typhoon/hurricane scenarios); Operational limits: weather windows, alarm thresholds for motions; Resonance avoidance via structural tuning/damping。",正确,1.0,2.74,CSV直答,1.0,1.0,0,,1,,,,,,"Expanded design load cases (including typhoon/hurricane scenarios); Operational limits: weather windows, alarm thresholds for motions; Resonance avoidance via structural tuning/damping",,FMEA编号；建议措施,52,
554,554,Full全量模型,无,故障措施推荐类,fmea_id_to_action,故障措施查询,,,简单,FMEA编号FF9这条风险，建议怎么处理？,Expanded design load cases (including typhoon/hurricane scenarios); Resonance avoidance via structural tuning/damping; High-fidelity coupled aero-hydro-elastic simulation in design updates,FMEA编号“FF9”对应的失效模式“Cracks [11]”的建议措施是：Expanded design load cases (including typhoon/hurricane scenarios); Resonance avoidance via structural tuning/damping; High-fidelity coupled aero-hydro-elastic simulation in design updates。,正确,1.0,2.76,CSV直答,1.0,1.0,0,,1,,,,,,Expanded design load cases (including typhoon/hurricane scenarios); Resonance avoidance via structural tuning/damping; High-fidelity coupled aero-hydro-elastic simulation in design updates,,FMEA编号；建议措施,53,
555,555,Full全量模型,无,故障措施推荐类,fmea_id_to_action,故障措施查询,,,简单,查一下FMEA编号FF14对应的处理措施。,Ballast redundancy and automated ballast management; Freeboard margin increase and water-tight compartmentalization; Expanded design load cases (including typhoon/hurricane scenarios),FMEA编号“FF14”对应的失效模式“Floater unit sinkage”的建议措施是：Ballast redundancy and automated ballast management; Freeboard margin increase and water-tight compartmentalization; Expanded design load cases (including typhoon/hurricane scenarios)。,正确,1.0,2.75,CSV直答,1.0,1.0,0,,1,,,,,,Ballast redundancy and automated ballast management; Freeboard margin increase and water-tight compartmentalization; Expanded design load cases (including typhoon/hurricane scenarios),,FMEA编号；建议措施,58,
556,556,Full全量模型,无,故障措施推荐类,fmea_id_to_action,故障措施查询,,,中等,FMEA编号FF24这条FMEA记录，需要采取什么建议措施？,"Operational limits: weather windows, alarm thresholds for motions; Other- Specify; Expanded design load cases (including typhoon/hurricane scenarios); Better understanding of temperature ranges","FMEA编号“FF24”对应的失效模式“Structural break [11]”的建议措施是：Operational limits: weather windows, alarm thresholds for motions; Other- Specify; Expanded design load cases (including typhoon/hurricane scenarios); Better understanding of temperature ranges。",正确,1.0,2.87,CSV直答,1.0,1.0,0,,1,,,,,,"Operational limits: weather windows, alarm thresholds for motions; Other- Specify; Expanded design load cases (including typhoon/hurricane scenarios); Better understanding of temperature ranges",,FMEA编号；建议措施,68,
557,557,Full全量模型,无,故障措施推荐类,fmea_id_to_action,故障措施查询,,,简单,FMEA编号FF25的后续改进措施写了什么？,"Operational limits: weather windows, alarm thresholds for motions; -; Expanded design load cases (including typhoon/hurricane scenarios); Freeboard margin increase and water-tight compartmentalization","FMEA编号“FF25”对应的失效模式“Floater unit sinkage”的建议措施是：Operational limits: weather windows, alarm thresholds for motions; -; Expanded design load cases (including typhoon/hurricane scenarios); Freeboard margin increase and water-tight compartmentalization。",正确,1.0,2.73,CSV直答,1.0,1.0,0,,1,,,,,,"Operational limits: weather windows, alarm thresholds for motions; -; Expanded design load cases (including typhoon/hurricane scenarios); Freeboard margin increase and water-tight compartmentalization",,FMEA编号；建议措施,69,
558,558,Full全量模型,无,故障措施推荐类,fmea_id_to_action,故障措施查询,,,简单,FMEA编号FF26的建议措施是什么？,Expanded design load cases (including typhoon/hurricane scenarios); High-fidelity coupled aero-hydro-elastic simulation in design updates; -,"FMEA编号“FF26”对应的失效模式“Hit by dropped objects [1,9]”的建议措施是：Expanded design load cases (including typhoon/hurricane scenarios); High-fidelity coupled aero-hydro-elastic simulation in design updates; -。",正确,1.0,2.84,CSV直答,1.0,1.0,0,,1,,,,,,Expanded design load cases (including typhoon/hurricane scenarios); High-fidelity coupled aero-hydro-elastic simulation in design updates; -,,FMEA编号；建议措施,70,
559,559,Full全量模型,无,故障措施推荐类,fmea_id_to_action,故障措施查询,,,中等,FMEA编号FF27这条风险，建议怎么处理？,Expanded design load cases (including typhoon/hurricane scenarios); High-fidelity coupled aero-hydro-elastic simulation in design updates,FMEA编号“FF27”对应的失效模式“Structural break [11]”的建议措施是：Expanded design load cases (including typhoon/hurricane scenarios); High-fidelity coupled aero-hydro-elastic simulation in design updates。,正确,1.0,2.71,CSV直答,1.0,1.0,0,,1,,,,,,Expanded design load cases (including typhoon/hurricane scenarios); High-fidelity coupled aero-hydro-elastic simulation in design updates,,FMEA编号；建议措施,71,
560,560,Full全量模型,无,故障措施推荐类,fmea_id_to_action,故障措施查询,,,简单,查一下FMEA编号FF28对应的处理措施。,"Operational limits: weather windows, alarm thresholds for motions; Other- Specify; -; Welding quality assurance and NDT enhancement (phased-array UT)","FMEA编号“FF28”对应的失效模式“Structural break [11]”的建议措施是：Operational limits: weather windows, alarm thresholds for motions; Other- Specify; -; Welding quality assurance and NDT enhancement (phased-array UT)。",正确,1.0,2.73,CSV直答,1.0,1.0,0,,1,,,,,,"Operational limits: weather windows, alarm thresholds for motions; Other- Specify; -; Welding quality assurance and NDT enhancement (phased-array UT)",,FMEA编号；建议措施,72,
561,561,Full全量模型,无,故障措施推荐类,fmea_id_to_action,故障措施查询,,,简单,FMEA编号SKS1这条FMEA记录，需要采取什么建议措施？,"Continuous tension and vibration monitoring; thresholds for intervention; Procedural controls: load management, operational envelopes; Better design by expanded load case matrix including more failure modes; -","FMEA编号“SKS1”对应的失效模式“Anchor failure [1], [17]”的建议措施是：Continuous tension and vibration monitoring; thresholds for intervention; Procedural controls: load management, operational envelopes; Better design by expanded load case matrix including more failure modes; -。",正确,1.0,2.76,CSV直答,1.0,1.0,0,,1,,,,,,"Continuous tension and vibration monitoring; thresholds for intervention; Procedural controls: load management, operational envelopes; Better design by expanded load case matrix including more failure modes; -",,FMEA编号；建议措施,75,
562,562,Full全量模型,无,故障措施推荐类,fmea_id_to_action,故障措施查询,,,中等,FMEA编号SKS2的后续改进措施写了什么？,"Continuous tension and vibration monitoring; thresholds for intervention; Procedural controls: load management, operational envelopes; Better design by expanded load case matrix including more failure modes; -","FMEA编号“SKS2”对应的失效模式“Anchor failure [1], [17]”的建议措施是：Continuous tension and vibration monitoring; thresholds for intervention; Procedural controls: load management, operational envelopes; Better design by expanded load case matrix including more failure modes; -。",正确,1.0,2.75,CSV直答,1.0,1.0,0,,1,,,,,,"Continuous tension and vibration monitoring; thresholds for intervention; Procedural controls: load management, operational envelopes; Better design by expanded load case matrix including more failure modes; -",,FMEA编号；建议措施,76,
563,563,Full全量模型,无,故障措施推荐类,fmea_id_to_action,故障措施查询,,,简单,FMEA编号SKS5的建议措施是什么？,Continuous tension and vibration monitoring; thresholds for intervention; Fairlead geometry improvements and low-wear lining; Optimized chain/wire/rope selection and fatigue margins (design); -,"FMEA编号“SKS5”对应的失效模式“Fairlead failure [1], [17]”的建议措施是：Continuous tension and vibration monitoring; thresholds for intervention; Fairlead geometry improvements and low-wear lining; Optimized chain/wire/rope selection and fatigue margins (design); -。",正确,1.0,2.73,CSV直答,1.0,1.0,0,,1,,,,,,Continuous tension and vibration monitoring; thresholds for intervention; Fairlead geometry improvements and low-wear lining; Optimized chain/wire/rope selection and fatigue margins (design); -,,FMEA编号；建议措施,79,
564,564,Full全量模型,无,故障措施推荐类,fmea_id_to_action,故障措施查询,,,简单,FMEA编号SKS6这条风险，建议怎么处理？,Cathodic protection and corrosion monitoring regimes; -,"FMEA编号“SKS6”对应的失效模式“Fairlead failure [1],[17]”的建议措施是：Cathodic protection and corrosion monitoring regimes; -。",正确,1.0,2.72,CSV直答,1.0,1.0,0,,1,,,,,,Cathodic protection and corrosion monitoring regimes; -,,FMEA编号；建议措施,80,
565,565,Full全量模型,无,故障措施推荐类,fmea_id_to_action,故障措施查询,,,中等,查一下FMEA编号SKS8对应的处理措施。,ROV visual inspections; targeted maintenance on wear zones; Diversity in materials/vendors to reduce common-cause risks; -,FMEA编号“SKS8”对应的失效模式“Mooring line breakage [8]”的建议措施是：ROV visual inspections; targeted maintenance on wear zones; Diversity in materials/vendors to reduce common-cause risks; -。,正确,1.0,2.73,CSV直答,1.0,1.0,0,,1,,,,,,ROV visual inspections; targeted maintenance on wear zones; Diversity in materials/vendors to reduce common-cause risks; -,,FMEA编号；建议措施,82,
566,566,Full全量模型,无,故障措施推荐类,fmea_id_to_action,故障措施查询,,,简单,FMEA编号SKS9这条FMEA记录，需要采取什么建议措施？,Continuous tension and vibration monitoring; thresholds for intervention; -,FMEA编号“SKS9”对应的失效模式“Mooring line breakage[8]”的建议措施是：Continuous tension and vibration monitoring; thresholds for intervention; -。,正确,1.0,2.84,CSV直答,1.0,1.0,0,,1,,,,,,Continuous tension and vibration monitoring; thresholds for intervention; -,,FMEA编号；建议措施,83,
567,567,Full全量模型,无,故障措施推荐类,fmea_id_to_action,故障措施查询,,,简单,FMEA编号SKS10的后续改进措施写了什么？,Continuous tension and vibration monitoring; thresholds for intervention; -,FMEA编号“SKS10”对应的失效模式“Mooring line breakage[8]”的建议措施是：Continuous tension and vibration monitoring; thresholds for intervention; -。,正确,1.0,2.73,CSV直答,1.0,1.0,0,,1,,,,,,Continuous tension and vibration monitoring; thresholds for intervention; -,,FMEA编号；建议措施,84,
568,568,Full全量模型,无,故障措施推荐类,fmea_id_to_action,故障措施查询,,,中等,FMEA编号SKS11的建议措施是什么？,Continuous tension and vibration monitoring; thresholds for intervention; Optimized chain/wire/rope selection and fatigue margins (design); -,FMEA编号“SKS11”对应的失效模式“Mooring Line Corrosion [1]”的建议措施是：Continuous tension and vibration monitoring; thresholds for intervention; Optimized chain/wire/rope selection and fatigue margins (design); -。,正确,1.0,2.72,CSV直答,1.0,1.0,0,,1,,,,,,Continuous tension and vibration monitoring; thresholds for intervention; Optimized chain/wire/rope selection and fatigue margins (design); -,,FMEA编号；建议措施,85,
569,569,Full全量模型,无,故障措施推荐类,fmea_id_to_action,故障措施查询,,,简单,FMEA编号SKS13这条风险，建议怎么处理？,Continuous tension and vibration monitoring; thresholds for intervention; Optimized chain/wire/rope selection and fatigue margins (design); -,FMEA编号“SKS13”对应的失效模式“Mooring Line Fatigue [1]”的建议措施是：Continuous tension and vibration monitoring; thresholds for intervention; Optimized chain/wire/rope selection and fatigue margins (design); -。,正确,1.0,2.83,CSV直答,1.0,1.0,0,,1,,,,,,Continuous tension and vibration monitoring; thresholds for intervention; Optimized chain/wire/rope selection and fatigue margins (design); -,,FMEA编号；建议措施,87,
570,570,Full全量模型,无,故障措施推荐类,fmea_id_to_action,故障措施查询,,,简单,查一下FMEA编号SKS17对应的处理措施。,"ROV visual inspections; targeted maintenance on wear zones; Optimized chain/wire/rope selection and fatigue margins (design); Only chain and wire above MSL, keep fiber ropes wet; -","FMEA编号“SKS17”对应的失效模式“Mooring lines broken [1,3]”的建议措施是：ROV visual inspections; targeted maintenance on wear zones; Optimized chain/wire/rope selection and fatigue margins (design); Only chain and wire above MSL, keep fiber ropes wet; -。",正确,1.0,2.83,CSV直答,1.0,1.0,0,,1,,,,,,"ROV visual inspections; targeted maintenance on wear zones; Optimized chain/wire/rope selection and fatigue margins (design); Only chain and wire above MSL, keep fiber ropes wet; -",,FMEA编号；建议措施,91,
571,571,Full全量模型,无,故障措施推荐类,fmea_id_to_action,故障措施查询,,,中等,FMEA编号SKS18这条FMEA记录，需要采取什么建议措施？,"ROV visual inspections; targeted maintenance on wear zones; Optimized chain/wire/rope selection and fatigue margins (design); Only chain and wire above MSL, keep fiber ropes wet; -","FMEA编号“SKS18”对应的失效模式“Mooring lines broken [1,3]”的建议措施是：ROV visual inspections; targeted maintenance on wear zones; Optimized chain/wire/rope selection and fatigue margins (design); Only chain and wire above MSL, keep fiber ropes wet; -。",正确,1.0,3.05,CSV直答,1.0,1.0,0,,1,,,,,,"ROV visual inspections; targeted maintenance on wear zones; Optimized chain/wire/rope selection and fatigue margins (design); Only chain and wire above MSL, keep fiber ropes wet; -",,FMEA编号；建议措施,92,
572,572,Full全量模型,无,故障措施推荐类,fmea_id_to_action,故障措施查询,,,简单,FMEA编号SKS19的后续改进措施写了什么？,"ROV visual inspections; targeted maintenance on wear zones; Optimized chain/wire/rope selection and fatigue margins (design); Only chain and wire above MSL, keep fiber ropes wet; -","FMEA编号“SKS19”对应的失效模式“Mooring lines broken [1,3]”的建议措施是：ROV visual inspections; targeted maintenance on wear zones; Optimized chain/wire/rope selection and fatigue margins (design); Only chain and wire above MSL, keep fiber ropes wet; -。",正确,1.0,3.19,CSV直答,1.0,1.0,0,,1,,,,,,"ROV visual inspections; targeted maintenance on wear zones; Optimized chain/wire/rope selection and fatigue margins (design); Only chain and wire above MSL, keep fiber ropes wet; -",,FMEA编号；建议措施,93,
573,573,Full全量模型,无,故障措施推荐类,fmea_id_to_action,故障措施查询,,,简单,FMEA编号SKS20的建议措施是什么？,ROV visual inspections; targeted maintenance on wear zones; -,"FMEA编号“SKS20”对应的失效模式“Mooring lines broken [1,3]”的建议措施是：ROV visual inspections; targeted maintenance on wear zones; -。",正确,1.0,2.73,CSV直答,1.0,1.0,0,,1,,,,,,ROV visual inspections; targeted maintenance on wear zones; -,,FMEA编号；建议措施,94,
574,574,Full全量模型,无,故障措施推荐类,fmea_id_to_action,故障措施查询,,,中等,FMEA编号SKS22这条风险，建议怎么处理？,"Continuous tension and vibration monitoring; thresholds for intervention; Procedural controls: load management, operational envelopes; -","FMEA编号“SKS22”对应的失效模式“Mooring winch failure [1]”的建议措施是：Continuous tension and vibration monitoring; thresholds for intervention; Procedural controls: load management, operational envelopes; -。",正确,1.0,3.29,CSV直答,1.0,1.0,0,,1,,,,,,"Continuous tension and vibration monitoring; thresholds for intervention; Procedural controls: load management, operational envelopes; -",,FMEA编号；建议措施,96,
575,575,Full全量模型,无,故障措施推荐类,fmea_id_to_action,故障措施查询,,,简单,查一下FMEA编号DC1对应的处理措施。,"Monitoring: DTS/RTTR, electrical integrity tests, leak detection; Lazy-wave configuration optimization; buoyancy spacing; hang-off upgrades; -","FMEA编号“DC1”对应的失效模式“accelerated mechanical fatigue”的建议措施是：Monitoring: DTS/RTTR, electrical integrity tests, leak detection; Lazy-wave configuration optimization; buoyancy spacing; hang-off upgrades; -。",正确,1.0,3.31,CSV直答,1.0,1.0,0,,1,,,,,,"Monitoring: DTS/RTTR, electrical integrity tests, leak detection; Lazy-wave configuration optimization; buoyancy spacing; hang-off upgrades; -",,FMEA编号；建议措施,97,
576,576,Full全量模型,无,故障措施推荐类,fmea_id_to_action,故障措施查询,,,简单,FMEA编号DC5这条FMEA记录，需要采取什么建议措施？,-; Cathodic protection; coating improvements,FMEA编号“DC5”对应的失效模式“Corrosion of J-tube [6]”的建议措施是：-; Cathodic protection; coating improvements。,正确,1.0,3.34,CSV直答,1.0,1.0,0,,1,,,,,,-; Cathodic protection; coating improvements,,FMEA编号；建议措施,101,
577,577,Full全量模型,无,故障措施推荐类,fmea_id_to_action,故障措施查询,,,中等,FMEA编号DC7的后续改进措施写了什么？,-; Design review; improved material selection,FMEA编号“DC7”对应的失效模式“damage and corrosion of mechanical parts”的建议措施是：-; Design review; improved material selection。,正确,1.0,3.31,CSV直答,1.0,1.0,0,,1,,,,,,-; Design review; improved material selection,,FMEA编号；建议措施,103,
578,578,Full全量模型,无,故障措施推荐类,fmea_id_to_action,故障措施查询,,,简单,FMEA编号DC8的建议措施是什么？,-; Environmental protections; debris management,FMEA编号“DC8”对应的失效模式“Debris disturbance”的建议措施是：-; Environmental protections; debris management。,正确,1.0,3.29,CSV直答,1.0,1.0,0,,1,,,,,,-; Environmental protections; debris management,,FMEA编号；建议措施,104,
579,579,Full全量模型,无,故障措施推荐类,fmea_id_to_action,故障措施查询,,,简单,FMEA编号DC9这条风险，建议怎么处理？,-; Design review; improved material selection,FMEA编号“DC9”对应的失效模式“Detachment”的建议措施是：-; Design review; improved material selection。,正确,1.0,3.31,CSV直答,1.0,1.0,0,,1,,,,,,-; Design review; improved material selection,,FMEA编号；建议措施,105,
580,580,Full全量模型,无,故障措施推荐类,fmea_id_to_action,故障措施查询,,,中等,查一下FMEA编号DC11对应的处理措施。,-; Design improvements; enhanced termination QA,FMEA编号“DC11”对应的失效模式“Failure of end termination [6]”的建议措施是：-; Design improvements; enhanced termination QA。,正确,1.0,3.45,CSV直答,1.0,1.0,0,,1,,,,,,-; Design improvements; enhanced termination QA,,FMEA编号；建议措施,107,
581,581,Full全量模型,无,故障措施推荐类,fmea_id_to_action,故障措施查询,,,简单,FMEA编号DC16这条FMEA记录，需要采取什么建议措施？,"Installation QA/QC: pull-in tension verification, handling procedures; Watertightness assurance: enhanced sealing tests; end termination QA; -","FMEA编号“DC16”对应的失效模式“Failure of watertightness”的建议措施是：Installation QA/QC: pull-in tension verification, handling procedures; Watertightness assurance: enhanced sealing tests; end termination QA; -。",正确,1.0,3.34,CSV直答,1.0,1.0,0,,1,,,,,,"Installation QA/QC: pull-in tension verification, handling procedures; Watertightness assurance: enhanced sealing tests; end termination QA; -",,FMEA编号；建议措施,112,
582,582,Full全量模型,无,故障措施推荐类,fmea_id_to_action,故障措施查询,,,简单,FMEA编号DC17的后续改进措施写了什么？,Watertightness assurance: enhanced sealing tests; end termination QA; -,FMEA编号“DC17”对应的失效模式“Failure of watertightness”的建议措施是：Watertightness assurance: enhanced sealing tests; end termination QA; -。,正确,1.0,3.32,CSV直答,1.0,1.0,0,,1,,,,,,Watertightness assurance: enhanced sealing tests; end termination QA; -,,FMEA编号；建议措施,113,
583,583,Full全量模型,无,故障措施推荐类,fmea_id_to_action,故障措施查询,,,中等,FMEA编号DC18的建议措施是什么？,"-; Monitoring (DTS/RTTR, electrical integrity tests)","FMEA编号“DC18”对应的失效模式“failures of conductors”的建议措施是：-; Monitoring (DTS/RTTR, electrical integrity tests)。",正确,1.0,3.33,CSV直答,1.0,1.0,0,,1,,,,,,"-; Monitoring (DTS/RTTR, electrical integrity tests)",,FMEA编号；建议措施,114,
584,584,Full全量模型,无,故障措施推荐类,fmea_id_to_action,故障措施查询,,,简单,FMEA编号DC19这条风险，建议怎么处理？,"Monitoring: DTS/RTTR, electrical integrity tests, leak detection; -","FMEA编号“DC19”对应的失效模式“Fatigue Cracks”的建议措施是：Monitoring: DTS/RTTR, electrical integrity tests, leak detection; -。",正确,1.0,3.34,CSV直答,1.0,1.0,0,,1,,,,,,"Monitoring: DTS/RTTR, electrical integrity tests, leak detection; -",,FMEA编号；建议措施,115,
585,585,Full全量模型,无,故障措施推荐类,fmea_id_to_action,故障措施查询,,,简单,查一下FMEA编号DC23对应的处理措施。,"Monitoring: DTS/RTTR, electrical integrity tests, leak detection; -","FMEA编号“DC23”对应的失效模式“material degradation”的建议措施是：Monitoring: DTS/RTTR, electrical integrity tests, leak detection; -。",正确,1.0,3.27,CSV直答,1.0,1.0,0,,1,,,,,,"Monitoring: DTS/RTTR, electrical integrity tests, leak detection; -",,FMEA编号；建议措施,119,
586,586,Full全量模型,无,故障措施推荐类,fmea_id_to_action,故障措施查询,,,中等,FMEA编号DC26这条FMEA记录，需要采取什么建议措施？,Burial/trenching optimization; scour mitigation; as-built metrology; -,FMEA编号“DC26”对应的失效模式“Movement of CPS due to scour/seabed mobility [6]”的建议措施是：Burial/trenching optimization; scour mitigation; as-built metrology; -。,正确,1.0,3.32,CSV直答,1.0,1.0,0,,1,,,,,,Burial/trenching optimization; scour mitigation; as-built metrology; -,,FMEA编号；建议措施,122,
587,587,Full全量模型,无,故障措施推荐类,fmea_id_to_action,故障措施查询,,,简单,FMEA编号DC27的后续改进措施写了什么？,Burial/trenching optimization; scour mitigation; as-built metrology; -,FMEA编号“DC27”对应的失效模式“Movement of CPS due to scour/seabed mobility [6]”的建议措施是：Burial/trenching optimization; scour mitigation; as-built metrology; -。,正确,1.0,3.29,CSV直答,1.0,1.0,0,,1,,,,,,Burial/trenching optimization; scour mitigation; as-built metrology; -,,FMEA编号；建议措施,123,
588,588,Full全量模型,无,故障措施推荐类,fmea_id_to_action,故障措施查询,,,简单,FMEA编号DC29的建议措施是什么？,"Burial/trenching optimization; scour mitigation; as-built metrology; Monitoring: DTS/RTTR, electrical integrity tests, leak detection; -","FMEA编号“DC29”对应的失效模式“Reduced sediment cover lower than designed value for protection [6]”的建议措施是：Burial/trenching optimization; scour mitigation; as-built metrology; Monitoring: DTS/RTTR, electrical integrity tests, leak detection; -。",正确,1.0,3.28,CSV直答,1.0,1.0,0,,1,,,,,,"Burial/trenching optimization; scour mitigation; as-built metrology; Monitoring: DTS/RTTR, electrical integrity tests, leak detection; -",,FMEA编号；建议措施,125,
589,589,Full全量模型,无,故障措施推荐类,后果查措施,后果到措施推理,,,困难,故障现象“Cracks”可能导致“Failure of whole facility and vast economic loses”，应采取哪项建议措施？,High-fidelity coupled aero-hydro-elastic simulation in design updates; Thicker shell sections / local reinforcement,"项目/功能=Tower / Tower (TO) / Primary steelwork；失效模式=Cracks；建议措施=-；High-fidelity coupled aero-hydro-elastic simulation in design updates; Thicker shell sections / local reinforcement；Enhanced SHM: acoustic emission, strain gauges, modal monitoring; -; High-fidelity coupled aero-hydro-elastic simulation in design updates; Weld detail optimization and hotspot redesign。",正确,1.0,19.57,确定性规则问答,1.0,1.0,0,1.0,7,,,,,,High-fidelity coupled aero-hydro-elastic simulation in design updates; Thicker shell sections / local reinforcement,,潜在失效后果；建议措施,4,
590,590,Full全量模型,无,故障措施推荐类,后果查措施,后果到措施推理,,,困难,故障现象“Cracks”可能导致“Potential collapse”，应采取哪项建议措施？,"Weld detail optimization and hotspot redesign; Enhanced SHM: acoustic emission, strain gauges, modal monitoring; Thicker shell sections / local reinforcement; High-fidelity coupled aero-hydro-elastic simulation in design updates","项目/功能=Tower / Tower (TO) / Primary steelwork；失效模式=Cracks；建议措施=-；Weld detail optimization and hotspot redesign; Enhanced SHM: acoustic emission, strain gauges, modal monitoring; Thicker shell sections / local reinforcement; High-fidelity coupled aero-hydro-elastic simulation in design updates。",正确,1.0,18.79,确定性规则问答,1.0,1.0,0,1.0,9,,,,,,"Weld detail optimization and hotspot redesign; Enhanced SHM: acoustic emission, strain gauges, modal monitoring; Thicker shell sections / local reinforcement; High-fidelity coupled aero-hydro-elastic simulation in design updates",,潜在失效后果；建议措施,6,
591,591,Full全量模型,无,故障措施推荐类,后果查措施,后果到措施推理,,,困难,故障现象“Plastic deformation”可能导致“Potential collapse”，应采取哪项建议措施？,Operational limits & control strategies for extreme motions; Blade–tower clearance and control optimization for extreme motions; High-fidelity coupled aero-hydro-elastic simulation in design updates,项目/功能=Tower / Tower (TO) / Primary steelwork；失效模式=Plastic deformation；建议措施=-；Operational limits & control strategies for extreme motions; Blade–tower clearance and control optimization for extreme motions; High-fidelity coupled aero-hydro-elastic simulation in design updates。,正确,1.0,16.41,确定性规则问答,1.0,1.0,0,1.0,2,,,,,,Operational limits & control strategies for extreme motions; Blade–tower clearance and control optimization for extreme motions; High-fidelity coupled aero-hydro-elastic simulation in design updates,,潜在失效后果；建议措施,22,
592,592,Full全量模型,无,故障措施推荐类,后果查措施,后果到措施推理,,,困难,"故障现象“Transition piece break”可能导致“Tower Unit collapse, Floater Unit damage”，应采取哪项建议措施？","Interface redesign to reduce stress concentrations (fillets, radii); High-fidelity coupled analysis of TP–tower–floater interaction; Improve engineering skills","项目/功能=Transition piece / Transition Piece (TP) / Primary structure & welding；失效模式=Transition piece break；建议措施=Interface redesign to reduce stress concentrations (fillets, radii); High-fidelity coupled analysis of TP–tower–floater interaction; Improve engineering skills；High-fidelity coupled analysis of TP–tower–floater interaction; Design requalification for extreme storms (updated metocean; load cases); High-fidelity coupled aero-hydro-elastic simulation in design updates；SHM for TP connections (strain gauges, acoustic emission, bolt preload monitoring); Welding quality assurance and NDT enhancement (phased-array UT)；High-fidelity coupled analysis of TP–tower–floater interaction; Design requalification for extreme storms (updated metocean; load cases); Improved metocean data measurements。",正确,1.0,14.39,确定性规则问答,1.0,1.0,0,1.0,4,,,,,,"Interface redesign to reduce stress concentrations (fillets, radii); High-fidelity coupled analysis of TP–tower–floater interaction; Improve engineering skills",,潜在失效后果；建议措施,24,
593,593,Full全量模型,无,故障措施推荐类,后果查措施,后果到措施推理,,,困难,"故障现象“Transition piece break”可能导致“tension failure (rupture), buckling of the transition piece/ Tower unit damage”，应采取哪项建议措施？","SHM for TP connections (strain gauges, acoustic emission, bolt preload monitoring); Design requalification for extreme storms (updated metocean; load cases); -","项目/功能=Transition piece / Transition Piece (TP) / Primary structure；失效模式=Transition piece break；建议措施=SHM for TP connections (strain gauges, acoustic emission, bolt preload monitoring); Design requalification for extreme storms (updated metocean; load cases); -。",正确,1.0,15.7,确定性规则问答,1.0,1.0,0,1.0,1,,,,,,"SHM for TP connections (strain gauges, acoustic emission, bolt preload monitoring); Design requalification for extreme storms (updated metocean; load cases); -",,潜在失效后果；建议措施,25,
594,594,Full全量模型,无,故障措施推荐类,后果查措施,后果到措施推理,,,困难,故障现象“Structural plastic deformation”可能导致“Local stress accumulation”，应采取哪项建议措施？,"SHM for TP connections (strain gauges, acoustic emission, bolt preload monitoring); Design requalification for extreme storms (updated metocean; load cases); High-fidelity coupled analysis of TP–tower–floater interaction; -","项目/功能=Transition piece / Transition Piece (TP) / Primary stucture；失效模式=Structural plastic deformation；建议措施=-；SHM for TP connections (strain gauges, acoustic emission, bolt preload monitoring); Design requalification for extreme storms (updated metocean; load cases); High-fidelity coupled analysis of TP–tower–floater interaction; -。",正确,1.0,15.46,确定性规则问答,1.0,1.0,0,1.0,3,,,,,,"SHM for TP connections (strain gauges, acoustic emission, bolt preload monitoring); Design requalification for extreme storms (updated metocean; load cases); High-fidelity coupled analysis of TP–tower–floater interaction; -",,潜在失效后果；建议措施,26,
595,595,Full全量模型,无,故障措施推荐类,后果查措施,后果到措施推理,,,困难,故障现象“Cracks”可能导致“Tower transition piece connections failure/ displacement variations between tower end”，应采取哪项建议措施？,Design requalification for extreme storms (updated metocean; load cases); High-fidelity coupled aero-hydro-elastic simulation in design updates,项目/功能=Transition piece / Transition Piece (TP) / Primary structure & welding；失效模式=Cracks；建议措施=-；Design requalification for extreme storms (updated metocean; load cases); High-fidelity coupled aero-hydro-elastic simulation in design updates。,正确,1.0,15.27,确定性规则问答,1.0,1.0,0,1.0,2,,,,,,Design requalification for extreme storms (updated metocean; load cases); High-fidelity coupled aero-hydro-elastic simulation in design updates,,潜在失效后果；建议措施,32,
596,596,Full全量模型,无,故障措施推荐类,后果查措施,后果到措施推理,,,困难,"故障现象“Capsize”可能导致“Watertight fault, Potential Floater Unit sinkage”，应采取哪项建议措施？",Expanded design load cases (including typhoon/hurricane scenarios); Freeboard margin increase and water-tight compartmentalization; Improve engineering skills,项目/功能=Floating support structure / Floating Support structure / All structures；失效模式=Capsize [11]；建议措施=Expanded design load cases (including typhoon/hurricane scenarios); Freeboard margin increase and water-tight compartmentalization; Improve engineering skills。,正确,1.0,13.47,确定性规则问答,1.0,1.0,0,1.0,1,,,,,,Expanded design load cases (including typhoon/hurricane scenarios); Freeboard margin increase and water-tight compartmentalization; Improve engineering skills,,潜在失效后果；建议措施,45,
597,597,Full全量模型,无,故障措施推荐类,后果查措施,后果到措施推理,,,困难,故障现象“Capsize”可能导致“Project cancellation”，应采取哪项建议措施？,Expanded design load cases (including typhoon/hurricane scenarios); -; Improved engineering skills,项目/功能=Floating support structure / Floating Support structure / Primary structure；失效模式=Capsize [11]；建议措施=Expanded design load cases (including typhoon/hurricane scenarios); -; Improved engineering skills。,正确,1.0,13.71,确定性规则问答,1.0,1.0,0,1.0,1,,,,,,Expanded design load cases (including typhoon/hurricane scenarios); -; Improved engineering skills,,潜在失效后果；建议措施,46,
598,598,Full全量模型,无,故障措施推荐类,后果查措施,后果到措施推理,,,困难,故障现象“Structural break”可能导致“Structural reassessment”，应采取哪项建议措施？,Expanded design load cases (including typhoon/hurricane scenarios); -,项目/功能=Floating support structure / Floating Support structure / All structures；失效模式=Structural break [11]；建议措施=Expanded design load cases (including typhoon/hurricane scenarios); -。,正确,1.0,13.73,确定性规则问答,1.0,1.0,0,1.0,1,,,,,,Expanded design load cases (including typhoon/hurricane scenarios); -,,潜在失效后果；建议措施,49,
599,599,Full全量模型,无,故障措施推荐类,后果查措施,后果到措施推理,,,困难,故障现象“Additional Structures Failures”可能导致“Potential failure”，应采取哪项建议措施？,Freeboard margin increase and water-tight compartmentalization; -; Expanded design load cases (including typhoon/hurricane scenarios); Improved cable mechnical design,项目/功能=Floating support structure / Floating Support structure / Secondary structure；失效模式=Additional Structures Failures；建议措施=-；Freeboard margin increase and water-tight compartmentalization; -; Expanded design load cases (including typhoon/hurricane scenarios); Improved cable mechnical design。,正确,1.0,14.58,确定性规则问答,1.0,1.0,0,1.0,5,,,,,,Freeboard margin increase and water-tight compartmentalization; -; Expanded design load cases (including typhoon/hurricane scenarios); Improved cable mechnical design,,潜在失效后果；建议措施,50,
600,600,Full全量模型,无,故障措施推荐类,后果查措施,后果到措施推理,,,困难,故障现象“Capsize”可能导致“Asset damage Energy production loss”，应采取哪项建议措施？,"Expanded design load cases (including typhoon/hurricane scenarios); Operational limits: weather windows, alarm thresholds for motions; Resonance avoidance via structural tuning/damping","项目/功能=Floating support structure / Floating Support structure / Primary structure & Welding；失效模式=Capsize [11]；建议措施=Expanded design load cases (including typhoon/hurricane scenarios); Operational limits: weather windows, alarm thresholds for motions; Resonance avoidance via structural tuning/damping。",正确,1.0,14.83,确定性规则问答,1.0,1.0,0,1.0,1,,,,,,"Expanded design load cases (including typhoon/hurricane scenarios); Operational limits: weather windows, alarm thresholds for motions; Resonance avoidance via structural tuning/damping",,潜在失效后果；建议措施,52,
601,601,Full全量模型,无,故障措施推荐类,后果查措施,后果到措施推理,,,困难,故障现象“Cracks”可能导致“Structural failure”，应采取哪项建议措施？,Expanded design load cases (including typhoon/hurricane scenarios); Resonance avoidance via structural tuning/damping; High-fidelity coupled aero-hydro-elastic simulation in design updates,项目/功能=Floating support structure / Floating Support structure / All structures；失效模式=Cracks [11]；建议措施=-；Expanded design load cases (including typhoon/hurricane scenarios); Resonance avoidance via structural tuning/damping; High-fidelity coupled aero-hydro-elastic simulation in design updates。,正确,1.0,15.74,确定性规则问答,1.0,1.0,0,1.0,3,,,,,,Expanded design load cases (including typhoon/hurricane scenarios); Resonance avoidance via structural tuning/damping; High-fidelity coupled aero-hydro-elastic simulation in design updates,,潜在失效后果；建议措施,53,
602,602,Full全量模型,无,故障措施推荐类,后果查措施,后果到措施推理,,,困难,故障现象“Floater unit sinkage”可能导致“Potential Failure/Asset damage Energy production loss”，应采取哪项建议措施？,Ballast redundancy and automated ballast management; Freeboard margin increase and water-tight compartmentalization; Expanded design load cases (including typhoon/hurricane scenarios),"项目/功能=Floating support structure / Floating Support structure / Secondary structure；失效模式=Floater unit sinkage；建议措施=Ballast redundancy and automated ballast management; Freeboard margin increase and water-tight compartmentalization; Expanded design load cases (including typhoon/hurricane scenarios)；Operational limits: weather windows, alarm thresholds for motions; -; Expanded design load cases (including typhoon/hurricane scenarios); Freeboard margin increase and water-tight compartmentalization。",正确,1.0,15.94,确定性规则问答,1.0,1.0,0,1.0,2,,,,,,Ballast redundancy and automated ballast management; Freeboard margin increase and water-tight compartmentalization; Expanded design load cases (including typhoon/hurricane scenarios),,潜在失效后果；建议措施,58,
603,603,Full全量模型,无,故障措施推荐类,后果查措施,后果到措施推理,,,困难,故障现象“Structural break”可能导致“Tower collapse”，应采取哪项建议措施？,"Operational limits: weather windows, alarm thresholds for motions; Other- Specify; Expanded design load cases (including typhoon/hurricane scenarios); Better understanding of temperature ranges","项目/功能=Floating support structure / Floating Support structure / Primary structure & Welding；失效模式=Structural break [11]；建议措施=Operational limits: weather windows, alarm thresholds for motions; Other- Specify; Expanded design load cases (including typhoon/hurricane scenarios); Better understanding of temperature ranges。",正确,1.0,15.73,确定性规则问答,1.0,1.0,0,1.0,1,,,,,,"Operational limits: weather windows, alarm thresholds for motions; Other- Specify; Expanded design load cases (including typhoon/hurricane scenarios); Better understanding of temperature ranges",,潜在失效后果；建议措施,68,
604,604,Full全量模型,无,故障措施推荐类,后果查措施,后果到措施推理,,,困难,"故障现象“Hit by dropped objects”可能导致“Damage to the facility, vast economic loses”，应采取哪项建议措施？",Expanded design load cases (including typhoon/hurricane scenarios); High-fidelity coupled aero-hydro-elastic simulation in design updates; -,"项目/功能=Floating support structure / Floating Support structure / All structures；失效模式=Hit by dropped objects [1,9]；建议措施=-；Expanded design load cases (including typhoon/hurricane scenarios); High-fidelity coupled aero-hydro-elastic simulation in design updates; -。",正确,1.0,14.43,确定性规则问答,1.0,1.0,0,1.0,3,,,,,,Expanded design load cases (including typhoon/hurricane scenarios); High-fidelity coupled aero-hydro-elastic simulation in design updates; -,,潜在失效后果；建议措施,70,
605,605,Full全量模型,无,故障措施推荐类,后果查措施,后果到措施推理,,,困难,"故障现象“Structural break”可能导致“Watertight fault, Potential Floater Unit sinkage”，应采取哪项建议措施？",Expanded design load cases (including typhoon/hurricane scenarios); High-fidelity coupled aero-hydro-elastic simulation in design updates,"项目/功能=Floating support structure / Floating Support structure / All structures；失效模式=Structural break [11]；建议措施=-；Expanded design load cases (including typhoon/hurricane scenarios); High-fidelity coupled aero-hydro-elastic simulation in design updates；Operational limits: weather windows, alarm thresholds for motions; Other- Specify; -; Welding quality assurance and NDT enhancement (phased-array UT)。",正确,1.0,15.24,确定性规则问答,1.0,1.0,0,1.0,3,,,,,,Expanded design load cases (including typhoon/hurricane scenarios); High-fidelity coupled aero-hydro-elastic simulation in design updates,,潜在失效后果；建议措施,71,
606,606,Full全量模型,无,故障措施推荐类,后果查措施,后果到措施推理,,,困难,故障现象“Anchor failure”可能导致“Anchor failure”，应采取哪项建议措施？,"Continuous tension and vibration monitoring; thresholds for intervention; Procedural controls: load management, operational envelopes; Better design by expanded load case matrix including more failure modes; -","项目/功能=Station keeping / Anchor (AC)；失效模式=Anchor failure [1], [17]；建议措施=Continuous tension and vibration monitoring; thresholds for intervention; Procedural controls: load management, operational envelopes; Better design by expanded load case matrix including more failure modes; -。",正确,1.0,14.07,确定性规则问答,1.0,1.0,0,1.0,2,,,,,,"Continuous tension and vibration monitoring; thresholds for intervention; Procedural controls: load management, operational envelopes; Better design by expanded load case matrix including more failure modes; -",,潜在失效后果；建议措施,75,
607,607,Full全量模型,无,故障措施推荐类,后果查措施,后果到措施推理,,,困难,故障现象“Fairlead failure”可能导致“The anchor cannot be dropped and lift”，应采取哪项建议措施？,Continuous tension and vibration monitoring; thresholds for intervention; Fairlead geometry improvements and low-wear lining; Optimized chain/wire/rope selection and fatigue margins (design); -,"项目/功能=Station keeping / Fairlead (FL)；失效模式=Fairlead failure [1], [17]；建议措施=Continuous tension and vibration monitoring; thresholds for intervention; Fairlead geometry improvements and low-wear lining; Optimized chain/wire/rope selection and fatigue margins (design); -；Cathodic protection and corrosion monitoring regimes; -。",正确,1.0,14.09,确定性规则问答,1.0,1.0,0,1.0,2,,,,,,Continuous tension and vibration monitoring; thresholds for intervention; Fairlead geometry improvements and low-wear lining; Optimized chain/wire/rope selection and fatigue margins (design); -,,潜在失效后果；建议措施,79,
608,608,Full全量模型,无,故障措施推荐类,后果查措施,后果到措施推理,,,困难,故障现象“Mooring line breakage”可能导致“Mooring line strength decrease or broken”，应采取哪项建议措施？,ROV visual inspections; targeted maintenance on wear zones; Diversity in materials/vendors to reduce common-cause risks; -,项目/功能=Station keeping / Mooring Lines (ML) / Mooring lines；失效模式=Mooring line breakage[8]；建议措施=Continuous tension and vibration monitoring; thresholds for intervention; -；ROV visual inspections; targeted maintenance on wear zones; Diversity in materials/vendors to reduce common-cause risks; -。,正确,1.0,14.52,确定性规则问答,1.0,1.0,0,1.0,3,,,,,,ROV visual inspections; targeted maintenance on wear zones; Diversity in materials/vendors to reduce common-cause risks; -,,潜在失效后果；建议措施,82,
609,609,Full全量模型,无,故障措施推荐类,后果查措施,后果到措施推理,,,困难,故障现象“Mooring Line Corrosion”可能导致“Mooring line strength decrease or broken”，应采取哪项建议措施？,Continuous tension and vibration monitoring; thresholds for intervention; Optimized chain/wire/rope selection and fatigue margins (design); -,项目/功能=Station keeping / Mooring Lines (ML) / Mooring lines；失效模式=Mooring Line Corrosion [1]；建议措施=Continuous tension and vibration monitoring; thresholds for intervention; Optimized chain/wire/rope selection and fatigue margins (design); -。,正确,1.0,14.22,确定性规则问答,1.0,1.0,0,1.0,1,,,,,,Continuous tension and vibration monitoring; thresholds for intervention; Optimized chain/wire/rope selection and fatigue margins (design); -,,潜在失效后果；建议措施,85,
610,610,Full全量模型,无,故障措施推荐类,后果查措施,后果到措施推理,,,困难,故障现象“Mooring Line Fatigue”可能导致“Mooring line strength decrease or broken”，应采取哪项建议措施？,Continuous tension and vibration monitoring; thresholds for intervention; Optimized chain/wire/rope selection and fatigue margins (design); -,项目/功能=Station keeping / Mooring Lines (ML) / Mooring lines；失效模式=Mooring Line Fatigue [1]；建议措施=-；Continuous tension and vibration monitoring; thresholds for intervention; Optimized chain/wire/rope selection and fatigue margins (design); -。,正确,1.0,14.14,确定性规则问答,1.0,1.0,0,1.0,2,,,,,,Continuous tension and vibration monitoring; thresholds for intervention; Optimized chain/wire/rope selection and fatigue margins (design); -,,潜在失效后果；建议措施,87,
611,611,Full全量模型,无,故障措施推荐类,后果查措施,后果到措施推理,,,困难,故障现象“Mooring lines broken”可能导致“Asset not in correct location or position”，应采取哪项建议措施？,"ROV visual inspections; targeted maintenance on wear zones; Optimized chain/wire/rope selection and fatigue margins (design); Only chain and wire above MSL, keep fiber ropes wet; -","项目/功能=Station keeping / Mooring lines (ML) / Mooring lines；失效模式=Mooring lines broken [1,3]；建议措施=ROV visual inspections; targeted maintenance on wear zones; Optimized chain/wire/rope selection and fatigue margins (design); Only chain and wire above MSL, keep fiber ropes wet; -；ROV visual inspections; targeted maintenance on wear zones; -。",正确,1.0,14.5,确定性规则问答,1.0,1.0,0,1.0,4,,,,,,"ROV visual inspections; targeted maintenance on wear zones; Optimized chain/wire/rope selection and fatigue margins (design); Only chain and wire above MSL, keep fiber ropes wet; -",,潜在失效后果；建议措施,91,
612,612,Full全量模型,无,故障措施推荐类,后果查措施,后果到措施推理,,,困难,故障现象“Mooring winch failure”可能导致“Asset not in correct location or position”，应采取哪项建议措施？,"Continuous tension and vibration monitoring; thresholds for intervention; Procedural controls: load management, operational envelopes; -","项目/功能=Station keeping / Mooring lines (ML) / Mooring winch；失效模式=Mooring winch failure [1]；建议措施=-；Continuous tension and vibration monitoring; thresholds for intervention; Procedural controls: load management, operational envelopes; -。",正确,1.0,14.13,确定性规则问答,1.0,1.0,0,1.0,2,,,,,,"Continuous tension and vibration monitoring; thresholds for intervention; Procedural controls: load management, operational envelopes; -",,潜在失效后果；建议措施,96,
613,613,Full全量模型,无,故障措施推荐类,后果查措施,后果到措施推理,,,困难,故障现象“accelerated mechanical fatigue”可能导致“Structural damage - cable composition weakening”，应采取哪项建议措施？,"Monitoring: DTS/RTTR, electrical integrity tests, leak detection; Lazy-wave configuration optimization; buoyancy spacing; hang-off upgrades; -","项目/功能=Dynamic cable / Dynamic Cable / Dynamic Cable/；失效模式=accelerated mechanical fatigue；建议措施=Monitoring: DTS/RTTR, electrical integrity tests, leak detection; Lazy-wave configuration optimization; buoyancy spacing; hang-off upgrades; -。",正确,1.0,13.98,确定性规则问答,1.0,1.0,0,1.0,1,,,,,,"Monitoring: DTS/RTTR, electrical integrity tests, leak detection; Lazy-wave configuration optimization; buoyancy spacing; hang-off upgrades; -",,潜在失效后果；建议措施,97,
614,614,Full全量模型,无,故障措施推荐类,后果查措施,后果到措施推理,,,困难,故障现象“Corrosion of J-tube”可能导致“J-tube degradation affecting cable integrity”，应采取哪项建议措施？,-; Cathodic protection; coating improvements,项目/功能=Dynamic cable / Dynamic Cable / J-tube；失效模式=Corrosion of J-tube [6]；建议措施=-；-; Cathodic protection; coating improvements。,正确,1.0,14.2,确定性规则问答,1.0,1.0,0,1.0,2,,,,,,-; Cathodic protection; coating improvements,,潜在失效后果；建议措施,101,
615,615,Full全量模型,无,故障措施推荐类,后果查措施,后果到措施推理,,,困难,故障现象“damage and corrosion of mechanical parts”可能导致“High risk of fault on the cable - total loss of the line Prodution loss on the string”，应采取哪项建议措施？,-; Design review; improved material selection,项目/功能=Dynamic cable / Dynamic Cable / Hang-off；失效模式=damage and corrosion of mechanical parts；建议措施=-; Design review; improved material selection。,正确,1.0,14.05,确定性规则问答,1.0,1.0,0,1.0,1,,,,,,-; Design review; improved material selection,,潜在失效后果；建议措施,103,
616,616,Full全量模型,无,故障措施推荐类,后果查措施,后果到措施推理,,,困难,故障现象“Debris disturbance”可能导致“Cable damage - operational disruption”，应采取哪项建议措施？,-; Environmental protections; debris management,项目/功能=Dynamic cable / Dynamic Cable / Dynamic Cable/；失效模式=Debris disturbance；建议措施=-; Environmental protections; debris management。,正确,1.0,14.05,确定性规则问答,1.0,1.0,0,1.0,1,,,,,,-; Environmental protections; debris management,,潜在失效后果；建议措施,104,
617,617,Full全量模型,无,故障措施推荐类,后果查措施,后果到措施推理,,,困难,故障现象“Detachment”可能导致“cable disconnection - water penetration - Power loss”，应采取哪项建议措施？,-; Design review; improved material selection,项目/功能=Dynamic cable / Dynamic Cable / Dynamic Cable/；失效模式=Detachment；建议措施=-; Design review; improved material selection。,正确,1.0,13.73,确定性规则问答,1.0,1.0,0,1.0,1,,,,,,-; Design review; improved material selection,,潜在失效后果；建议措施,105,
618,618,Full全量模型,无,故障措施推荐类,后果查措施,后果到措施推理,,,困难,故障现象“Failure of end termination”可能导致“breakdown of insulation”，应采取哪项建议措施？,-; Design improvements; enhanced termination QA,项目/功能=Dynamic cable / Dynamic Cable / Joints and terminations；失效模式=Failure of end termination [6]；建议措施=-；-; Design improvements; enhanced termination QA。,正确,1.0,14.36,确定性规则问答,1.0,1.0,0,1.0,3,,,,,,-; Design improvements; enhanced termination QA,,潜在失效后果；建议措施,107,
619,619,Full全量模型,无,故障措施推荐类,后果查措施,后果到措施推理,,,困难,故障现象“Failure of watertightness”可能导致“Reduced or interupted electricity flow”，应采取哪项建议措施？,"Installation QA/QC: pull-in tension verification, handling procedures; Watertightness assurance: enhanced sealing tests; end termination QA; -","项目/功能=Dynamic cable / Dynamic Cable / Dynamic Cable/；失效模式=Failure of watertightness；建议措施=Installation QA/QC: pull-in tension verification, handling procedures; Watertightness assurance: enhanced sealing tests; end termination QA; -；Watertightness assurance: enhanced sealing tests; end termination QA; -。",正确,1.0,13.88,确定性规则问答,1.0,1.0,0,1.0,2,,,,,,"Installation QA/QC: pull-in tension verification, handling procedures; Watertightness assurance: enhanced sealing tests; end termination QA; -",,潜在失效后果；建议措施,112,
620,620,Full全量模型,无,故障措施推荐类,后果查措施,后果到措施推理,,,困难,故障现象“failures of conductors”可能导致“Electrical faults - loss of production”，应采取哪项建议措施？,"-; Monitoring (DTS/RTTR, electrical integrity tests)","项目/功能=Dynamic cable / Dynamic Cable / Conductor；失效模式=failures of conductors；建议措施=-; Monitoring (DTS/RTTR, electrical integrity tests)。",正确,1.0,13.89,确定性规则问答,1.0,1.0,0,1.0,1,,,,,,"-; Monitoring (DTS/RTTR, electrical integrity tests)",,潜在失效后果；建议措施,114,
621,621,Full全量模型,无,故障措施推荐类,后果查措施,后果到措施推理,,,困难,故障现象“Fatigue Cracks”可能导致“Crack may evolve in a fault of the cable - Cable weakening”，应采取哪项建议措施？,"Monitoring: DTS/RTTR, electrical integrity tests, leak detection; -","项目/功能=Dynamic cable / Dynamic Cable / Dynamic Cable/；失效模式=Fatigue Cracks；建议措施=Monitoring: DTS/RTTR, electrical integrity tests, leak detection; -。",正确,1.0,14.06,确定性规则问答,1.0,1.0,0,1.0,1,,,,,,"Monitoring: DTS/RTTR, electrical integrity tests, leak detection; -",,潜在失效后果；建议措施,115,
622,622,Full全量模型,无,故障措施推荐类,后果查措施,后果到措施推理,,,困难,故障现象“material degradation”可能导致“Weakening of cable materials - loss of production”，应采取哪项建议措施？,"Monitoring: DTS/RTTR, electrical integrity tests, leak detection; -","项目/功能=Dynamic cable / Dynamic Cable / Dynamic Cable/；失效模式=material degradation；建议措施=Monitoring: DTS/RTTR, electrical integrity tests, leak detection; -。",正确,1.0,13.96,确定性规则问答,1.0,1.0,0,1.0,1,,,,,,"Monitoring: DTS/RTTR, electrical integrity tests, leak detection; -",,潜在失效后果；建议措施,119,
623,623,Full全量模型,无,故障措施推荐类,后果查措施,后果到措施推理,,,困难,故障现象“Movement of CPS due to scour/seabed mobility”可能导致“Cable being vulnerable to scour and need for repair or replacement”，应采取哪项建议措施？,Burial/trenching optimization; scour mitigation; as-built metrology; -,项目/功能=Dynamic cable / Dynamic Cable / Cable Protection System (CPS)；失效模式=Movement of CPS due to scour/seabed mobility [6]；建议措施=-；Burial/trenching optimization; scour mitigation; as-built metrology; -。,正确,1.0,14.42,确定性规则问答,1.0,1.0,0,1.0,3,,,,,,Burial/trenching optimization; scour mitigation; as-built metrology; -,,潜在失效后果；建议措施,122,
624,624,Full全量模型,无,故障措施推荐类,后果查措施,后果到措施推理,,,困难,"故障现象“Reduced sediment cover lower than designed value for protection”可能导致“need for re-burial, change of cable protection requirement or even replacement of cable”，应采取哪项建议措施？","Burial/trenching optimization; scour mitigation; as-built metrology; Monitoring: DTS/RTTR, electrical integrity tests, leak detection; -","项目/功能=Dynamic cable / Dynamic Cable / Static cable/Export Cable；失效模式=Reduced sediment cover lower than designed value for protection [6]；建议措施=Burial/trenching optimization; scour mitigation; as-built metrology; Monitoring: DTS/RTTR, electrical integrity tests, leak detection; -；-。",正确,1.0,14.54,确定性规则问答,1.0,1.0,0,1.0,3,,,,,,"Burial/trenching optimization; scour mitigation; as-built metrology; Monitoring: DTS/RTTR, electrical integrity tests, leak detection; -",,潜在失效后果；建议措施,125,
625,625,Full全量模型,无,故障措施推荐类,后果查措施,后果到措施推理,,,困难,故障现象“Small bending radius”可能导致“Cable damage - insulation degradation”，应采取哪项建议措施？,Lazy-wave configuration optimization; buoyancy spacing; hang-off upgrades; -,项目/功能=Dynamic cable / Dynamic Cable / Dynamic Cable/；失效模式=Small bending radius；建议措施=Lazy-wave configuration optimization; buoyancy spacing; hang-off upgrades; -。,正确,1.0,14.24,确定性规则问答,1.0,1.0,0,1.0,1,,,,,,Lazy-wave configuration optimization; buoyancy spacing; hang-off upgrades; -,,潜在失效后果；建议措施,128,
626,626,Full全量模型,无,故障措施推荐类,fmea_id_to_action,故障措施查询,,,中等,FMEA编号DC32这条风险，建议怎么处理？,Lazy-wave configuration optimization; buoyancy spacing; hang-off upgrades; -,FMEA编号“DC32”对应的失效模式“Small bending radius”的建议措施是：Lazy-wave configuration optimization; buoyancy spacing; hang-off upgrades; -。,正确,1.0,3.1,CSV直答,1.0,1.0,0,,1,,,,,,Lazy-wave configuration optimization; buoyancy spacing; hang-off upgrades; -,,FMEA编号；建议措施,128,
627,627,Full全量模型,无,故障措施推荐类,fmea_id_to_action,故障措施查询,,,简单,查一下FMEA编号TO5对应的处理措施。,High-fidelity coupled aero-hydro-elastic simulation in design updates; Thicker shell sections / local reinforcement,FMEA编号“TO5”对应的失效模式“Cracks”的建议措施是：High-fidelity coupled aero-hydro-elastic simulation in design updates; Thicker shell sections / local reinforcement。,正确,1.0,2.77,CSV直答,1.0,1.0,0,,1,,,,,,High-fidelity coupled aero-hydro-elastic simulation in design updates; Thicker shell sections / local reinforcement,,FMEA编号；建议措施,4,
628,628,Full全量模型,无,故障措施推荐类,fmea_id_to_action,故障措施查询,,,简单,FMEA编号TO6这条FMEA记录，需要采取什么建议措施？,"Enhanced SHM: acoustic emission, strain gauges, modal monitoring; -; High-fidelity coupled aero-hydro-elastic simulation in design updates; Weld detail optimization and hotspot redesign","FMEA编号“TO6”对应的失效模式“Cracks”的建议措施是：Enhanced SHM: acoustic emission, strain gauges, modal monitoring; -; High-fidelity coupled aero-hydro-elastic simulation in design updates; Weld detail optimization and hotspot redesign。",正确,1.0,2.85,CSV直答,1.0,1.0,0,,1,,,,,,"Enhanced SHM: acoustic emission, strain gauges, modal monitoring; -; High-fidelity coupled aero-hydro-elastic simulation in design updates; Weld detail optimization and hotspot redesign",,FMEA编号；建议措施,5,
629,629,Full全量模型,无,故障措施推荐类,fmea_id_to_action,故障措施查询,,,中等,FMEA编号TO7的后续改进措施写了什么？,"Weld detail optimization and hotspot redesign; Enhanced SHM: acoustic emission, strain gauges, modal monitoring; Thicker shell sections / local reinforcement; High-fidelity coupled aero-hydro-elastic simulation in design updates","FMEA编号“TO7”对应的失效模式“Cracks”的建议措施是：Weld detail optimization and hotspot redesign; Enhanced SHM: acoustic emission, strain gauges, modal monitoring; Thicker shell sections / local reinforcement; High-fidelity coupled aero-hydro-elastic simulation in design updates。",正确,1.0,2.81,CSV直答,1.0,1.0,0,,1,,,,,,"Weld detail optimization and hotspot redesign; Enhanced SHM: acoustic emission, strain gauges, modal monitoring; Thicker shell sections / local reinforcement; High-fidelity coupled aero-hydro-elastic simulation in design updates",,FMEA编号；建议措施,6,
630,630,Full全量模型,无,故障措施推荐类,fmea_id_to_action,故障措施查询,,,简单,FMEA编号TO23的建议措施是什么？,Operational limits & control strategies for extreme motions; Blade–tower clearance and control optimization for extreme motions; High-fidelity coupled aero-hydro-elastic simulation in design updates,FMEA编号“TO23”对应的失效模式“Plastic deformation”的建议措施是：Operational limits & control strategies for extreme motions; Blade–tower clearance and control optimization for extreme motions; High-fidelity coupled aero-hydro-elastic simulation in design updates。,正确,1.0,2.75,CSV直答,1.0,1.0,0,,1,,,,,,Operational limits & control strategies for extreme motions; Blade–tower clearance and control optimization for extreme motions; High-fidelity coupled aero-hydro-elastic simulation in design updates,,FMEA编号；建议措施,22,
631,631,Full全量模型,无,故障措施推荐类,fmea_id_to_action,故障措施查询,,,简单,FMEA编号TP1这条风险，建议怎么处理？,"Interface redesign to reduce stress concentrations (fillets, radii); High-fidelity coupled analysis of TP–tower–floater interaction; Improve engineering skills","FMEA编号“TP1”对应的失效模式“Transition piece break”的建议措施是：Interface redesign to reduce stress concentrations (fillets, radii); High-fidelity coupled analysis of TP–tower–floater interaction; Improve engineering skills。",正确,1.0,2.8,CSV直答,1.0,1.0,0,,1,,,,,,"Interface redesign to reduce stress concentrations (fillets, radii); High-fidelity coupled analysis of TP–tower–floater interaction; Improve engineering skills",,FMEA编号；建议措施,24,
632,632,Full全量模型,无,故障措施推荐类,fmea_id_to_action,故障措施查询,,,中等,查一下FMEA编号TP2对应的处理措施。,"SHM for TP connections (strain gauges, acoustic emission, bolt preload monitoring); Design requalification for extreme storms (updated metocean; load cases); -","FMEA编号“TP2”对应的失效模式“Transition piece break”的建议措施是：SHM for TP connections (strain gauges, acoustic emission, bolt preload monitoring); Design requalification for extreme storms (updated metocean; load cases); -。",正确,1.0,2.8,CSV直答,1.0,1.0,0,,1,,,,,,"SHM for TP connections (strain gauges, acoustic emission, bolt preload monitoring); Design requalification for extreme storms (updated metocean; load cases); -",,FMEA编号；建议措施,25,
633,633,Full全量模型,无,故障措施推荐类,fmea_id_to_action,故障措施查询,,,简单,FMEA编号TP3这条FMEA记录，需要采取什么建议措施？,"SHM for TP connections (strain gauges, acoustic emission, bolt preload monitoring); Design requalification for extreme storms (updated metocean; load cases); High-fidelity coupled analysis of TP–tower–floater interaction; -","FMEA编号“TP3”对应的失效模式“Structural plastic deformation”的建议措施是：SHM for TP connections (strain gauges, acoustic emission, bolt preload monitoring); Design requalification for extreme storms (updated metocean; load cases); High-fidelity coupled analysis of TP–tower–floater interaction; -。",正确,1.0,2.74,CSV直答,1.0,1.0,0,,1,,,,,,"SHM for TP connections (strain gauges, acoustic emission, bolt preload monitoring); Design requalification for extreme storms (updated metocean; load cases); High-fidelity coupled analysis of TP–tower–floater interaction; -",,FMEA编号；建议措施,26,
634,634,Full全量模型,无,故障措施推荐类,fmea_id_to_action,故障措施查询,,,简单,FMEA编号TP5的后续改进措施写了什么？,High-fidelity coupled analysis of TP–tower–floater interaction; Design requalification for extreme storms (updated metocean; load cases); Improved metocean data measurements,FMEA编号“TP5”对应的失效模式“Transition piece break”的建议措施是：High-fidelity coupled analysis of TP–tower–floater interaction; Design requalification for extreme storms (updated metocean; load cases); Improved metocean data measurements。,正确,1.0,2.8,CSV直答,1.0,1.0,0,,1,,,,,,High-fidelity coupled analysis of TP–tower–floater interaction; Design requalification for extreme storms (updated metocean; load cases); Improved metocean data measurements,,FMEA编号；建议措施,28,
635,635,Full全量模型,无,故障措施推荐类,fmea_id_to_action,故障措施查询,,,中等,FMEA编号TP9的建议措施是什么？,Design requalification for extreme storms (updated metocean; load cases); High-fidelity coupled aero-hydro-elastic simulation in design updates,FMEA编号“TP9”对应的失效模式“Cracks”的建议措施是：Design requalification for extreme storms (updated metocean; load cases); High-fidelity coupled aero-hydro-elastic simulation in design updates。,正确,1.0,2.76,CSV直答,1.0,1.0,0,,1,,,,,,Design requalification for extreme storms (updated metocean; load cases); High-fidelity coupled aero-hydro-elastic simulation in design updates,,FMEA编号；建议措施,32,
636,636,Full全量模型,无,故障措施推荐类,fmea_id_to_action,故障措施查询,,,简单,FMEA编号TP16这条风险，建议怎么处理？,High-fidelity coupled analysis of TP–tower–floater interaction; Design requalification for extreme storms (updated metocean; load cases); High-fidelity coupled aero-hydro-elastic simulation in design updates,FMEA编号“TP16”对应的失效模式“Transition piece break”的建议措施是：High-fidelity coupled analysis of TP–tower–floater interaction; Design requalification for extreme storms (updated metocean; load cases); High-fidelity coupled aero-hydro-elastic simulation in design updates。,正确,1.0,2.83,CSV直答,1.0,1.0,0,,1,,,,,,High-fidelity coupled analysis of TP–tower–floater interaction; Design requalification for extreme storms (updated metocean; load cases); High-fidelity coupled aero-hydro-elastic simulation in design updates,,FMEA编号；建议措施,39,
637,637,Full全量模型,无,故障措施推荐类,fmea_id_to_action,故障措施查询,,,简单,查一下FMEA编号TP17对应的处理措施。,"SHM for TP connections (strain gauges, acoustic emission, bolt preload monitoring); Welding quality assurance and NDT enhancement (phased-array UT)","FMEA编号“TP17”对应的失效模式“Transition piece break”的建议措施是：SHM for TP connections (strain gauges, acoustic emission, bolt preload monitoring); Welding quality assurance and NDT enhancement (phased-array UT)。",正确,1.0,2.82,CSV直答,1.0,1.0,0,,1,,,,,,"SHM for TP connections (strain gauges, acoustic emission, bolt preload monitoring); Welding quality assurance and NDT enhancement (phased-array UT)",,FMEA编号；建议措施,40,
638,638,Full全量模型,无,故障措施推荐类,fmea_id_to_action,故障措施查询,,,中等,FMEA编号FF1这条FMEA记录，需要采取什么建议措施？,Expanded design load cases (including typhoon/hurricane scenarios); Freeboard margin increase and water-tight compartmentalization; Improve engineering skills,FMEA编号“FF1”对应的失效模式“Capsize [11]”的建议措施是：Expanded design load cases (including typhoon/hurricane scenarios); Freeboard margin increase and water-tight compartmentalization; Improve engineering skills。,正确,1.0,2.8,CSV直答,1.0,1.0,0,,1,,,,,,Expanded design load cases (including typhoon/hurricane scenarios); Freeboard margin increase and water-tight compartmentalization; Improve engineering skills,,FMEA编号；建议措施,45,
639,639,Full全量模型,无,故障措施推荐类,项目失效现象风险查措施,项目范围措施查询,,,中等,当“Floating support structure / Floating Support structure / All structures”出现“Structural break”且RPN为25时，建议如何处置？,Expanded design load cases (including typhoon/hurricane scenarios); -,"项目/功能=Dynamic cable / Dynamic Cable / Conductor；失效模式=failures of conductors；建议措施=-; Monitoring (DTS/RTTR, electrical integrity tests)；Expanded design load cases (including typhoon/hurricane scenarios); High-fidelity coupled aero-hydro-elastic simulation in design updates; -；Expanded design load cases (including typhoon/hurricane scenarios); -。",正确,1.0,12.9,确定性规则问答,0.6667,1.0,0,,3,,,,,,Expanded design load cases (including typhoon/hurricane scenarios); -,,项目/功能；潜在失效模式；风险优先数(RPN)；建议措施,49,
640,640,Full全量模型,无,故障措施推荐类,项目失效现象风险查措施,项目范围措施查询,,,中等,当“Floating support structure / Floating Support structure / Secondary structure”出现“Additional Structures Failures”且RPN为25.83时，建议如何处置？,Freeboard margin increase and water-tight compartmentalization; -; Expanded design load cases (including typhoon/hurricane scenarios); Improved cable mechnical design,项目/功能=Floating support structure / Floating Support structure / Secondary structure；失效模式=Additional Structures Failures；建议措施=Freeboard margin increase and water-tight compartmentalization; -; Expanded design load cases (including typhoon/hurricane scenarios); Improved cable mechnical design。,正确,1.0,12.8,确定性规则问答,1.0,1.0,0,,1,,,,,,Freeboard margin increase and water-tight compartmentalization; -; Expanded design load cases (including typhoon/hurricane scenarios); Improved cable mechnical design,,项目/功能；潜在失效模式；风险优先数(RPN)；建议措施,50,
641,641,Full全量模型,无,故障措施推荐类,项目失效现象风险查措施,项目范围措施查询,,,中等,当“Floating support structure / Floating Support structure / Primary structure & Welding”出现“Capsize”且RPN为34.5时，建议如何处置？,"Expanded design load cases (including typhoon/hurricane scenarios); Operational limits: weather windows, alarm thresholds for motions; Resonance avoidance via structural tuning/damping","项目/功能=Floating support structure / Floating Support structure / Primary structure & Welding；失效模式=Capsize [11]；建议措施=Expanded design load cases (including typhoon/hurricane scenarios); Operational limits: weather windows, alarm thresholds for motions; Resonance avoidance via structural tuning/damping。",正确,1.0,12.94,确定性规则问答,1.0,1.0,0,,1,,,,,,"Expanded design load cases (including typhoon/hurricane scenarios); Operational limits: weather windows, alarm thresholds for motions; Resonance avoidance via structural tuning/damping",,项目/功能；潜在失效模式；风险优先数(RPN)；建议措施,52,
642,642,Full全量模型,无,故障措施推荐类,项目失效现象风险查措施,项目范围措施查询,,,中等,当“Floating support structure / Floating Support structure / Primary structure & Welding”出现“Cracks”且RPN为22.67时，建议如何处置？,Expanded design load cases (including typhoon/hurricane scenarios); Resonance avoidance via structural tuning/damping; High-fidelity coupled aero-hydro-elastic simulation in design updates,项目/功能=Floating support structure / Floating Support structure / Primary structure & Welding；失效模式=Cracks [11]；建议措施=Expanded design load cases (including typhoon/hurricane scenarios); Resonance avoidance via structural tuning/damping; High-fidelity coupled aero-hydro-elastic simulation in design updates。,正确,1.0,12.72,确定性规则问答,1.0,1.0,0,,1,,,,,,Expanded design load cases (including typhoon/hurricane scenarios); Resonance avoidance via structural tuning/damping; High-fidelity coupled aero-hydro-elastic simulation in design updates,,项目/功能；潜在失效模式；风险优先数(RPN)；建议措施,53,
643,643,Full全量模型,无,故障措施推荐类,项目失效现象风险查措施,项目范围措施查询,,,中等,当“Floating support structure / Floating Support structure / Secondary structure”出现“Floater unit sinkage”且RPN为26.86时，建议如何处置？,Ballast redundancy and automated ballast management; Freeboard margin increase and water-tight compartmentalization; Expanded design load cases (including typhoon/hurricane scenarios),项目/功能=Floating support structure / Floating Support structure / Secondary structure；失效模式=Floater unit sinkage；建议措施=Ballast redundancy and automated ballast management; Freeboard margin increase and water-tight compartmentalization; Expanded design load cases (including typhoon/hurricane scenarios)。,正确,1.0,12.64,确定性规则问答,1.0,1.0,0,,1,,,,,,Ballast redundancy and automated ballast management; Freeboard margin increase and water-tight compartmentalization; Expanded design load cases (including typhoon/hurricane scenarios),,项目/功能；潜在失效模式；风险优先数(RPN)；建议措施,58,
644,644,Full全量模型,无,故障措施推荐类,项目失效现象风险查措施,项目范围措施查询,,,中等,当“Floating support structure / Floating Support structure / Primary structure & Welding”出现“Structural break”且RPN为33.4时，建议如何处置？,"Operational limits: weather windows, alarm thresholds for motions; Other- Specify; Expanded design load cases (including typhoon/hurricane scenarios); Better understanding of temperature ranges","项目/功能=Floating support structure / Floating Support structure / Primary structure & Welding；失效模式=Structural break [11]；建议措施=Operational limits: weather windows, alarm thresholds for motions; Other- Specify; Expanded design load cases (including typhoon/hurricane scenarios); Better understanding of temperature ranges。",正确,1.0,12.78,确定性规则问答,1.0,1.0,0,,1,,,,,,"Operational limits: weather windows, alarm thresholds for motions; Other- Specify; Expanded design load cases (including typhoon/hurricane scenarios); Better understanding of temperature ranges",,项目/功能；潜在失效模式；风险优先数(RPN)；建议措施,68,
645,645,Full全量模型,无,故障措施推荐类,项目失效现象风险查措施,项目范围措施查询,,,中等,当“Floating support structure / Floating Support structure / All structures”出现“Floater unit sinkage”且RPN为30.8时，建议如何处置？,"Operational limits: weather windows, alarm thresholds for motions; -; Expanded design load cases (including typhoon/hurricane scenarios); Freeboard margin increase and water-tight compartmentalization","项目/功能=Floating support structure / Floating Support structure / All structures；失效模式=Watertight fault [1]；建议措施=-；Operational limits: weather windows, alarm thresholds for motions; -; Expanded design load cases (including typhoon/hurricane scenarios); Freeboard margin increase and water-tight compartmentalization。",正确,1.0,13.8,确定性规则问答,1.0,1.0,0,,2,,,,,,"Operational limits: weather windows, alarm thresholds for motions; -; Expanded design load cases (including typhoon/hurricane scenarios); Freeboard margin increase and water-tight compartmentalization",,项目/功能；潜在失效模式；风险优先数(RPN)；建议措施,69,
646,646,Full全量模型,无,故障措施推荐类,项目失效现象风险查措施,项目范围措施查询,,,中等,当“Floating support structure / Floating Support structure / All structures”出现“Hit by dropped objects”且RPN为25时，建议如何处置？,Expanded design load cases (including typhoon/hurricane scenarios); High-fidelity coupled aero-hydro-elastic simulation in design updates; -,"项目/功能=Dynamic cable / Dynamic Cable / Conductor；失效模式=failures of conductors；建议措施=-; Monitoring (DTS/RTTR, electrical integrity tests)；Expanded design load cases (including typhoon/hurricane scenarios); High-fidelity coupled aero-hydro-elastic simulation in design updates; -；Expanded design load cases (including typhoon/hurricane scenarios); -。",正确,1.0,12.84,确定性规则问答,0.6667,1.0,0,,3,,,,,,Expanded design load cases (including typhoon/hurricane scenarios); High-fidelity coupled aero-hydro-elastic simulation in design updates; -,,项目/功能；潜在失效模式；风险优先数(RPN)；建议措施,70,
647,647,Full全量模型,无,故障措施推荐类,项目失效现象风险查措施,项目范围措施查询,,,中等,当“Floating support structure / Floating Support structure / All structures”出现“Structural break”且RPN为22.4时，建议如何处置？,Expanded design load cases (including typhoon/hurricane scenarios); High-fidelity coupled aero-hydro-elastic simulation in design updates,"项目/功能=Floating support structure / Floating Support structure / All structures；失效模式=Structural break [11]；建议措施=Expanded design load cases (including typhoon/hurricane scenarios); High-fidelity coupled aero-hydro-elastic simulation in design updates；ROV visual inspections; targeted maintenance on wear zones; Optimized chain/wire/rope selection and fatigue margins (design); Only chain and wire above MSL, keep fiber ropes wet; -。",正确,1.0,12.69,确定性规则问答,0.5,1.0,0,,2,,,,,,Expanded design load cases (including typhoon/hurricane scenarios); High-fidelity coupled aero-hydro-elastic simulation in design updates,,项目/功能；潜在失效模式；风险优先数(RPN)；建议措施,71,
648,648,Full全量模型,无,故障措施推荐类,项目失效现象风险查措施,项目范围措施查询,,,中等,当“Floating support structure / Floating Support structure / All structures & Welding”出现“Structural break”且RPN为19时，建议如何处置？,"Operational limits: weather windows, alarm thresholds for motions; Other- Specify; -; Welding quality assurance and NDT enhancement (phased-array UT)","项目/功能=Floating support structure / Floating Support structure / All structures & Welding；失效模式=Structural break [11]；建议措施=Operational limits: weather windows, alarm thresholds for motions; Other- Specify; -; Welding quality assurance and NDT enhancement (phased-array UT)。",正确,1.0,12.81,确定性规则问答,1.0,1.0,0,,1,,,,,,"Operational limits: weather windows, alarm thresholds for motions; Other- Specify; -; Welding quality assurance and NDT enhancement (phased-array UT)",,项目/功能；潜在失效模式；风险优先数(RPN)；建议措施,72,
649,649,Full全量模型,无,故障措施推荐类,项目失效现象风险查措施,项目范围措施查询,,,中等,当“Station keeping / Anchor”出现“Anchor failure”且RPN为34时，建议如何处置？,"Continuous tension and vibration monitoring; thresholds for intervention; Procedural controls: load management, operational envelopes; Better design by expanded load case matrix including more failure modes; -","项目/功能=Floating support structure / Floating Support structure / All structures；失效模式=Cracks [11]；建议措施=-；Continuous tension and vibration monitoring; thresholds for intervention; Procedural controls: load management, operational envelopes; Better design by expanded load case matrix including more failure modes; -。",正确,1.0,12.35,确定性规则问答,0.6667,1.0,0,,3,,,,,,"Continuous tension and vibration monitoring; thresholds for intervention; Procedural controls: load management, operational envelopes; Better design by expanded load case matrix including more failure modes; -",,项目/功能；潜在失效模式；风险优先数(RPN)；建议措施,75,
650,650,Full全量模型,无,故障措施推荐类,项目失效现象风险查措施,项目范围措施查询,,,中等,当“Station keeping / Fairlead”出现“Fairlead failure”且RPN为30时，建议如何处置？,Continuous tension and vibration monitoring; thresholds for intervention; Fairlead geometry improvements and low-wear lining; Optimized chain/wire/rope selection and fatigue margins (design); -,"项目/功能=Station keeping / Fairlead (FL)；失效模式=Fairlead failure [1], [17]；建议措施=Continuous tension and vibration monitoring; thresholds for intervention; Fairlead geometry improvements and low-wear lining; Optimized chain/wire/rope selection and fatigue margins (design); -；Cathodic protection and corrosion monitoring regimes; -；-；Weld detail optimization and hotspot redesign; Enhanced SHM: acoustic emission, strain gauges, modal monitoring; Thicker shell sections / local reinforcement; High-fidelity coupled aero-hydro-elastic simulation in design updates。",正确,1.0,12.52,确定性规则问答,0.4,1.0,0,,5,,,,,,Continuous tension and vibration monitoring; thresholds for intervention; Fairlead geometry improvements and low-wear lining; Optimized chain/wire/rope selection and fatigue margins (design); -,,项目/功能；潜在失效模式；风险优先数(RPN)；建议措施,79,
651,651,Full全量模型,无,故障措施推荐类,项目失效现象风险查措施,项目范围措施查询,,,中等,当“Station keeping / Mooring Lines / Mooring lines”出现“Mooring line breakage”且RPN为28.8时，建议如何处置？,ROV visual inspections; targeted maintenance on wear zones; Diversity in materials/vendors to reduce common-cause risks; -,项目/功能=Station keeping / Mooring Lines (ML) / Mooring lines；失效模式=Mooring line breakage [8]；建议措施=ROV visual inspections; targeted maintenance on wear zones; Diversity in materials/vendors to reduce common-cause risks; -。,正确,1.0,12.5,确定性规则问答,1.0,1.0,0,,1,,,,,,ROV visual inspections; targeted maintenance on wear zones; Diversity in materials/vendors to reduce common-cause risks; -,,项目/功能；潜在失效模式；风险优先数(RPN)；建议措施,82,
652,652,Full全量模型,无,故障措施推荐类,项目失效现象风险查措施,项目范围措施查询,,,中等,当“Station keeping / Mooring Lines / Mooring lines”出现“Mooring line breakage”且RPN为20时，建议如何处置？,Continuous tension and vibration monitoring; thresholds for intervention; -,"项目/功能=Dynamic cable / Dynamic Cable / Dynamic Cable/；失效模式=anchoring damages；建议措施=-；ROV visual inspections; targeted maintenance on wear zones; Optimized chain/wire/rope selection and fatigue margins (design); Only chain and wire above MSL, keep fiber ropes wet; -；Continuous tension and vibration monitoring; thresholds for intervention; -。",正确,1.0,12.25,确定性规则问答,0.3333,1.0,0,,3,,,,,,Continuous tension and vibration monitoring; thresholds for intervention; -,,项目/功能；潜在失效模式；风险优先数(RPN)；建议措施,83,
653,653,Full全量模型,无,故障措施推荐类,项目失效现象风险查措施,项目范围措施查询,,,中等,当“Station keeping / Mooring Lines / Mooring lines”出现“Mooring line breakage”且RPN为24时，建议如何处置？,Continuous tension and vibration monitoring; thresholds for intervention; -,项目/功能=Dynamic cable / Dynamic Cable / Buoyancy modules；失效模式=Loss of float bility (water adsorption)；建议措施=-；-; Design review; improved material selection；Continuous tension and vibration monitoring; thresholds for intervention; -。,正确,1.0,12.26,确定性规则问答,0.1667,1.0,0,,6,,,,,,Continuous tension and vibration monitoring; thresholds for intervention; -,,项目/功能；潜在失效模式；风险优先数(RPN)；建议措施,84,
654,654,Full全量模型,无,故障措施推荐类,项目失效现象风险查措施,项目范围措施查询,,,中等,当“Station keeping / Mooring Lines / Mooring lines”出现“Mooring Line Corrosion”且RPN为29.2时，建议如何处置？,Continuous tension and vibration monitoring; thresholds for intervention; Optimized chain/wire/rope selection and fatigue margins (design); -,项目/功能=Station keeping / Mooring Lines (ML) / Mooring lines；失效模式=Mooring Line Corrosion [1]；建议措施=Continuous tension and vibration monitoring; thresholds for intervention; Optimized chain/wire/rope selection and fatigue margins (design); -。,正确,1.0,12.24,确定性规则问答,1.0,1.0,0,,1,,,,,,Continuous tension and vibration monitoring; thresholds for intervention; Optimized chain/wire/rope selection and fatigue margins (design); -,,项目/功能；潜在失效模式；风险优先数(RPN)；建议措施,85,
655,655,Full全量模型,无,故障措施推荐类,项目失效现象风险查措施,项目范围措施查询,,,中等,当“Station keeping / Mooring Lines / Mooring lines”出现“Mooring Line Fatigue”且RPN为31.6时，建议如何处置？,Continuous tension and vibration monitoring; thresholds for intervention; Optimized chain/wire/rope selection and fatigue margins (design); -,项目/功能=Dynamic cable / Dynamic Cable / Sheath；失效模式=Failure of sheath；建议措施=-；Continuous tension and vibration monitoring; thresholds for intervention; Optimized chain/wire/rope selection and fatigue margins (design); -。,正确,1.0,12.21,确定性规则问答,0.3333,1.0,0,,3,,,,,,Continuous tension and vibration monitoring; thresholds for intervention; Optimized chain/wire/rope selection and fatigue margins (design); -,,项目/功能；潜在失效模式；风险优先数(RPN)；建议措施,87,
656,656,Full全量模型,无,故障措施推荐类,项目失效现象风险查措施,项目范围措施查询,,,中等,当“Station keeping / Mooring lines / Mooring lines”出现“Mooring lines broken”且RPN为24.8时，建议如何处置？,"ROV visual inspections; targeted maintenance on wear zones; Optimized chain/wire/rope selection and fatigue margins (design); Only chain and wire above MSL, keep fiber ropes wet; -","项目/功能=Station keeping / Mooring lines (ML) / Mooring lines；失效模式=Mooring lines broken [1,3]；建议措施=ROV visual inspections; targeted maintenance on wear zones; Optimized chain/wire/rope selection and fatigue margins (design); Only chain and wire above MSL, keep fiber ropes wet; -。",正确,1.0,12.7,确定性规则问答,1.0,1.0,0,,1,,,,,,"ROV visual inspections; targeted maintenance on wear zones; Optimized chain/wire/rope selection and fatigue margins (design); Only chain and wire above MSL, keep fiber ropes wet; -",,项目/功能；潜在失效模式；风险优先数(RPN)；建议措施,91,
657,657,Full全量模型,无,故障措施推荐类,项目失效现象风险查措施,项目范围措施查询,,,中等,当“Station keeping / Mooring lines / Mooring lines”出现“Mooring lines broken”且RPN为20时，建议如何处置？,"ROV visual inspections; targeted maintenance on wear zones; Optimized chain/wire/rope selection and fatigue margins (design); Only chain and wire above MSL, keep fiber ropes wet; -","项目/功能=Dynamic cable / Dynamic Cable / Dynamic Cable/；失效模式=anchoring damages；建议措施=-；ROV visual inspections; targeted maintenance on wear zones; Optimized chain/wire/rope selection and fatigue margins (design); Only chain and wire above MSL, keep fiber ropes wet; -；Continuous tension and vibration monitoring; thresholds for intervention; -。",正确,1.0,12.77,确定性规则问答,0.3333,1.0,0,,3,,,,,,"ROV visual inspections; targeted maintenance on wear zones; Optimized chain/wire/rope selection and fatigue margins (design); Only chain and wire above MSL, keep fiber ropes wet; -",,项目/功能；潜在失效模式；风险优先数(RPN)；建议措施,92,
658,658,Full全量模型,无,故障措施推荐类,项目失效现象风险查措施,项目范围措施查询,,,中等,当“Station keeping / Mooring lines / Mooring lines”出现“Mooring lines broken”且RPN为22.4时，建议如何处置？,"ROV visual inspections; targeted maintenance on wear zones; Optimized chain/wire/rope selection and fatigue margins (design); Only chain and wire above MSL, keep fiber ropes wet; -","项目/功能=Floating support structure / Floating Support structure / All structures；失效模式=Structural break [11]；建议措施=Expanded design load cases (including typhoon/hurricane scenarios); High-fidelity coupled aero-hydro-elastic simulation in design updates；ROV visual inspections; targeted maintenance on wear zones; Optimized chain/wire/rope selection and fatigue margins (design); Only chain and wire above MSL, keep fiber ropes wet; -。",正确,1.0,12.38,确定性规则问答,0.5,1.0,0,,2,,,,,,"ROV visual inspections; targeted maintenance on wear zones; Optimized chain/wire/rope selection and fatigue margins (design); Only chain and wire above MSL, keep fiber ropes wet; -",,项目/功能；潜在失效模式；风险优先数(RPN)；建议措施,93,
659,659,Full全量模型,无,故障措施推荐类,项目失效现象风险查措施,项目范围措施查询,,,中等,当“Station keeping / Mooring lines / Mooring lines”出现“Mooring lines broken”且RPN为28时，建议如何处置？,ROV visual inspections; targeted maintenance on wear zones; -,项目/功能=Dynamic cable / Dynamic Cable / Dynamic Cable/；失效模式=Failure of fixing clamps；建议措施=-；ROV visual inspections; targeted maintenance on wear zones; -。,正确,1.0,12.25,确定性规则问答,0.3333,1.0,0,,3,,,,,,ROV visual inspections; targeted maintenance on wear zones; -,,项目/功能；潜在失效模式；风险优先数(RPN)；建议措施,94,
660,660,Full全量模型,无,故障措施推荐类,项目失效现象风险查措施,项目范围措施查询,,,中等,当“Station keeping / Mooring lines / Mooring winch”出现“Mooring winch failure”且RPN为25.6时，建议如何处置？,"Continuous tension and vibration monitoring; thresholds for intervention; Procedural controls: load management, operational envelopes; -","项目/功能=Dynamic cable / Dynamic Cable / Insulation；失效模式=Failure of insulations；建议措施=-；Continuous tension and vibration monitoring; thresholds for intervention; Procedural controls: load management, operational envelopes; -。",正确,1.0,12.32,确定性规则问答,0.5,1.0,0,,2,,,,,,"Continuous tension and vibration monitoring; thresholds for intervention; Procedural controls: load management, operational envelopes; -",,项目/功能；潜在失效模式；风险优先数(RPN)；建议措施,96,
661,661,Full全量模型,无,故障措施推荐类,项目失效现象风险查措施,项目范围措施查询,,,中等,当“Dynamic cable / Dynamic Cable / Dynamic Cable”出现“accelerated mechanical fatigue”且RPN为30.25时，建议如何处置？,"Monitoring: DTS/RTTR, electrical integrity tests, leak detection; Lazy-wave configuration optimization; buoyancy spacing; hang-off upgrades; -","项目/功能=Dynamic cable / Dynamic Cable / Dynamic Cable/；失效模式=accelerated mechanical fatigue；建议措施=Monitoring: DTS/RTTR, electrical integrity tests, leak detection; Lazy-wave configuration optimization; buoyancy spacing; hang-off upgrades; -；-。",正确,1.0,12.31,确定性规则问答,0.5,1.0,0,,2,,,,,,"Monitoring: DTS/RTTR, electrical integrity tests, leak detection; Lazy-wave configuration optimization; buoyancy spacing; hang-off upgrades; -",,项目/功能；潜在失效模式；风险优先数(RPN)；建议措施,97,
662,662,Full全量模型,无,故障措施推荐类,项目失效现象风险查措施,项目范围措施查询,,,中等,当“Dynamic cable / Dynamic Cable / J-tube”出现“Corrosion of J-tube”且RPN为15时，建议如何处置？,-; Cathodic protection; coating improvements,项目/功能=Dynamic cable / Dynamic Cable / J-tube；失效模式=Corrosion of J-tube [6]；建议措施=-; Cathodic protection; coating improvements。,正确,1.0,12.41,确定性规则问答,1.0,1.0,0,,1,,,,,,-; Cathodic protection; coating improvements,,项目/功能；潜在失效模式；风险优先数(RPN)；建议措施,101,
663,663,Full全量模型,无,故障措施推荐类,项目失效现象风险查措施,项目范围措施查询,,,中等,当“Dynamic cable / Dynamic Cable / Hang-off”出现“damage and corrosion of mechanical parts”且RPN为24时，建议如何处置？,-; Design review; improved material selection,项目/功能=Dynamic cable / Dynamic Cable / Buoyancy modules；失效模式=Loss of float bility (water adsorption)；建议措施=-；-; Design review; improved material selection；Continuous tension and vibration monitoring; thresholds for intervention; -。,正确,1.0,12.75,确定性规则问答,0.1667,1.0,0,,6,,,,,,-; Design review; improved material selection,,项目/功能；潜在失效模式；风险优先数(RPN)；建议措施,103,
664,664,Full全量模型,无,故障措施推荐类,项目失效现象风险查措施,项目范围措施查询,,,中等,当“Dynamic cable / Dynamic Cable / Dynamic Cable”出现“Debris disturbance”且RPN为16时，建议如何处置？,-; Environmental protections; debris management,项目/功能=Dynamic cable / Dynamic Cable / Dynamic Cable/；失效模式=Debris disturbance；建议措施=-; Environmental protections; debris management。,正确,1.0,12.37,确定性规则问答,1.0,1.0,0,,1,,,,,,-; Environmental protections; debris management,,项目/功能；潜在失效模式；风险优先数(RPN)；建议措施,104,
665,665,Full全量模型,无,故障措施推荐类,项目失效现象风险查措施,项目范围措施查询,,,中等,当“Dynamic cable / Dynamic Cable / Dynamic Cable”出现“Detachment”且RPN为18.5时，建议如何处置？,-; Design review; improved material selection,"项目/功能=Dynamic cable / Dynamic Cable / Dynamic Cable/；失效模式=material degradation；建议措施=Monitoring: DTS/RTTR, electrical integrity tests, leak detection; -；-; Design review; improved material selection。",正确,1.0,12.51,确定性规则问答,1.0,1.0,0,,2,,,,,,-; Design review; improved material selection,,项目/功能；潜在失效模式；风险优先数(RPN)；建议措施,105,
666,666,Full全量模型,无,故障措施推荐类,项目失效现象风险查措施,项目范围措施查询,,,中等,当“Dynamic cable / Dynamic Cable / Joints and terminations”出现“Failure of end termination”且RPN为28.6时，建议如何处置？,-; Design improvements; enhanced termination QA,"项目/功能=Dynamic cable / Dynamic Cable / Joints and terminations；失效模式=Failure of end termination [6]；建议措施=-; Design improvements; enhanced termination QA；Burial/trenching optimization; scour mitigation; as-built metrology; Monitoring: DTS/RTTR, electrical integrity tests, leak detection; -；Lazy-wave configuration optimization; buoyancy spacing; hang-off upgrades; -。",正确,1.0,12.41,确定性规则问答,0.3333,1.0,0,,3,,,,,,-; Design improvements; enhanced termination QA,,项目/功能；潜在失效模式；风险优先数(RPN)；建议措施,107,
667,667,Full全量模型,无,故障措施推荐类,项目失效现象风险查措施,项目范围措施查询,,,中等,当“Dynamic cable / Dynamic Cable / Dynamic Cable”出现“Failure of watertightness”且RPN为30.2时，建议如何处置？,"Installation QA/QC: pull-in tension verification, handling procedures; Watertightness assurance: enhanced sealing tests; end termination QA; -","项目/功能=Dynamic cable / Dynamic Cable / Dynamic Cable/；失效模式=Failure of watertightness；建议措施=Installation QA/QC: pull-in tension verification, handling procedures; Watertightness assurance: enhanced sealing tests; end termination QA; -。",正确,1.0,12.38,确定性规则问答,1.0,1.0,0,,1,,,,,,"Installation QA/QC: pull-in tension verification, handling procedures; Watertightness assurance: enhanced sealing tests; end termination QA; -",,项目/功能；潜在失效模式；风险优先数(RPN)；建议措施,112,
668,668,Full全量模型,无,故障措施推荐类,项目失效现象风险查措施,项目范围措施查询,,,中等,当“Dynamic cable / Dynamic Cable / Dynamic Cable”出现“Failure of watertightness”且RPN为27.8时，建议如何处置？,Watertightness assurance: enhanced sealing tests; end termination QA; -,项目/功能=Dynamic cable / Dynamic Cable / Dynamic Cable/；失效模式=Failure of watertightness；建议措施=Watertightness assurance: enhanced sealing tests; end termination QA; -。,正确,1.0,12.42,确定性规则问答,1.0,1.0,0,,1,,,,,,Watertightness assurance: enhanced sealing tests; end termination QA; -,,项目/功能；潜在失效模式；风险优先数(RPN)；建议措施,113,
669,669,Full全量模型,无,故障措施推荐类,项目失效现象风险查措施,项目范围措施查询,,,中等,当“Dynamic cable / Dynamic Cable / Conductor”出现“failures of conductors”且RPN为25时，建议如何处置？,"-; Monitoring (DTS/RTTR, electrical integrity tests)","项目/功能=Dynamic cable / Dynamic Cable / Conductor；失效模式=failures of conductors；建议措施=-; Monitoring (DTS/RTTR, electrical integrity tests)；Expanded design load cases (including typhoon/hurricane scenarios); High-fidelity coupled aero-hydro-elastic simulation in design updates; -；Expanded design load cases (including typhoon/hurricane scenarios); -。",正确,1.0,12.33,确定性规则问答,0.3333,1.0,0,,3,,,,,,"-; Monitoring (DTS/RTTR, electrical integrity tests)",,项目/功能；潜在失效模式；风险优先数(RPN)；建议措施,114,
670,670,Full全量模型,无,故障措施推荐类,项目失效现象风险查措施,项目范围措施查询,,,中等,当“Dynamic cable / Dynamic Cable / Dynamic Cable”出现“Fatigue Cracks”且RPN为35.6时，建议如何处置？,"Monitoring: DTS/RTTR, electrical integrity tests, leak detection; -","项目/功能=Dynamic cable / Dynamic Cable / Dynamic Cable/；失效模式=Fatigue Cracks；建议措施=Monitoring: DTS/RTTR, electrical integrity tests, leak detection; -；-。",正确,1.0,12.34,确定性规则问答,0.5,1.0,0,,2,,,,,,"Monitoring: DTS/RTTR, electrical integrity tests, leak detection; -",,项目/功能；潜在失效模式；风险优先数(RPN)；建议措施,115,
671,671,Full全量模型,无,故障措施推荐类,项目失效现象风险查措施,项目范围措施查询,,,中等,当“Dynamic cable / Dynamic Cable / Dynamic Cable”出现“material degradation”且RPN为18.5时，建议如何处置？,"Monitoring: DTS/RTTR, electrical integrity tests, leak detection; -","项目/功能=Dynamic cable / Dynamic Cable / Dynamic Cable/；失效模式=material degradation；建议措施=Monitoring: DTS/RTTR, electrical integrity tests, leak detection; -；-; Design review; improved material selection。",正确,1.0,12.33,确定性规则问答,1.0,1.0,0,,2,,,,,,"Monitoring: DTS/RTTR, electrical integrity tests, leak detection; -",,项目/功能；潜在失效模式；风险优先数(RPN)；建议措施,119,
672,672,Full全量模型,无,故障措施推荐类,项目失效现象风险查措施,项目范围措施查询,,,中等,当“Dynamic cable / Dynamic Cable / Cable Protection System”出现“Movement of CPS due to scour/seabed mobility”且RPN为44时，建议如何处置？,Burial/trenching optimization; scour mitigation; as-built metrology; -,项目/功能=Dynamic cable / Dynamic Cable / Cable Protection System (CPS)；失效模式=Movement of CPS due to scour/seabed mobility [6]；建议措施=Burial/trenching optimization; scour mitigation; as-built metrology; -。,正确,1.0,12.37,确定性规则问答,1.0,1.0,0,,1,,,,,,Burial/trenching optimization; scour mitigation; as-built metrology; -,,项目/功能；潜在失效模式；风险优先数(RPN)；建议措施,122,
673,673,Full全量模型,无,故障措施推荐类,项目失效现象风险查措施,项目范围措施查询,,,中等,当“Dynamic cable / Dynamic Cable / Cable Protection System”出现“Movement of CPS due to scour/seabed mobility”且RPN为41.6时，建议如何处置？,Burial/trenching optimization; scour mitigation; as-built metrology; -,项目/功能=Dynamic cable / Dynamic Cable / Cable Protection System (CPS)；失效模式=Movement of CPS due to scour/seabed mobility [6]；建议措施=Burial/trenching optimization; scour mitigation; as-built metrology; -。,正确,1.0,12.37,确定性规则问答,1.0,1.0,0,,1,,,,,,Burial/trenching optimization; scour mitigation; as-built metrology; -,,项目/功能；潜在失效模式；风险优先数(RPN)；建议措施,123,
674,674,Full全量模型,无,故障措施推荐类,项目失效现象风险查措施,项目范围措施查询,,,中等,当“Dynamic cable / Dynamic Cable / Static cable/Export Cable”出现“Reduced sediment cover lower than designed value for protection”且RPN为28.6时，建议如何处置？,"Burial/trenching optimization; scour mitigation; as-built metrology; Monitoring: DTS/RTTR, electrical integrity tests, leak detection; -","项目/功能=Dynamic cable / Dynamic Cable / Joints and terminations；失效模式=Failure of end termination [6]；建议措施=-; Design improvements; enhanced termination QA；Burial/trenching optimization; scour mitigation; as-built metrology; Monitoring: DTS/RTTR, electrical integrity tests, leak detection; -；Lazy-wave configuration optimization; buoyancy spacing; hang-off upgrades; -。",正确,1.0,12.51,确定性规则问答,0.3333,1.0,0,,3,,,,,,"Burial/trenching optimization; scour mitigation; as-built metrology; Monitoring: DTS/RTTR, electrical integrity tests, leak detection; -",,项目/功能；潜在失效模式；风险优先数(RPN)；建议措施,125,
675,675,Full全量模型,无,故障措施推荐类,项目失效现象风险查措施,项目范围措施查询,,,中等,当“Dynamic cable / Dynamic Cable / Dynamic Cable”出现“Small bending radius”且RPN为28.6时，建议如何处置？,Lazy-wave configuration optimization; buoyancy spacing; hang-off upgrades; -,"项目/功能=Dynamic cable / Dynamic Cable / Joints and terminations；失效模式=Failure of end termination [6]；建议措施=-; Design improvements; enhanced termination QA；Burial/trenching optimization; scour mitigation; as-built metrology; Monitoring: DTS/RTTR, electrical integrity tests, leak detection; -；Lazy-wave configuration optimization; buoyancy spacing; hang-off upgrades; -。",正确,1.0,12.36,确定性规则问答,0.3333,1.0,0,,3,,,,,,Lazy-wave configuration optimization; buoyancy spacing; hang-off upgrades; -,,项目/功能；潜在失效模式；风险优先数(RPN)；建议措施,128,
676,676,Full全量模型,无,故障措施推荐类,fmea_id_to_action,故障措施查询,,,简单,FMEA编号FF2的后续改进措施写了什么？,Expanded design load cases (including typhoon/hurricane scenarios); -; Improved engineering skills,FMEA编号“FF2”对应的失效模式“Capsize [11]”的建议措施是：Expanded design load cases (including typhoon/hurricane scenarios); -; Improved engineering skills。,正确,1.0,3.1,CSV直答,1.0,1.0,0,,1,,,,,,Expanded design load cases (including typhoon/hurricane scenarios); -; Improved engineering skills,,FMEA编号；建议措施,46,
677,677,Full全量模型,无,故障措施推荐类,fmea_id_to_action,故障措施查询,,,简单,FMEA编号FF5的建议措施是什么？,Expanded design load cases (including typhoon/hurricane scenarios); -,FMEA编号“FF5”对应的失效模式“Structural break [11]”的建议措施是：Expanded design load cases (including typhoon/hurricane scenarios); -。,正确,1.0,2.8,CSV直答,1.0,1.0,0,,1,,,,,,Expanded design load cases (including typhoon/hurricane scenarios); -,,FMEA编号；建议措施,49,
678,678,Full全量模型,无,故障措施推荐类,fmea_id_to_action,故障措施查询,,,中等,FMEA编号FF6这条风险，建议怎么处理？,Freeboard margin increase and water-tight compartmentalization; -; Expanded design load cases (including typhoon/hurricane scenarios); Improved cable mechnical design,FMEA编号“FF6”对应的失效模式“Additional Structures Failures”的建议措施是：Freeboard margin increase and water-tight compartmentalization; -; Expanded design load cases (including typhoon/hurricane scenarios); Improved cable mechnical design。,正确,1.0,2.73,CSV直答,1.0,1.0,0,,1,,,,,,Freeboard margin increase and water-tight compartmentalization; -; Expanded design load cases (including typhoon/hurricane scenarios); Improved cable mechnical design,,FMEA编号；建议措施,50,
679,679,Full全量模型,无,故障措施推荐类,fmea_id_to_action,故障措施查询,,,简单,查一下FMEA编号FF8对应的处理措施。,"Expanded design load cases (including typhoon/hurricane scenarios); Operational limits: weather windows, alarm thresholds for motions; Resonance avoidance via structural tuning/damping","FMEA编号“FF8”对应的失效模式“Capsize [11]”的建议措施是：Expanded design load cases (including typhoon/hurricane scenarios); Operational limits: weather windows, alarm thresholds for motions; Resonance avoidance via structural tuning/damping。",正确,1.0,2.71,CSV直答,1.0,1.0,0,,1,,,,,,"Expanded design load cases (including typhoon/hurricane scenarios); Operational limits: weather windows, alarm thresholds for motions; Resonance avoidance via structural tuning/damping",,FMEA编号；建议措施,52,
680,680,Full全量模型,无,故障措施推荐类,fmea_id_to_action,故障措施查询,,,简单,FMEA编号FF9这条FMEA记录，需要采取什么建议措施？,Expanded design load cases (including typhoon/hurricane scenarios); Resonance avoidance via structural tuning/damping; High-fidelity coupled aero-hydro-elastic simulation in design updates,FMEA编号“FF9”对应的失效模式“Cracks [11]”的建议措施是：Expanded design load cases (including typhoon/hurricane scenarios); Resonance avoidance via structural tuning/damping; High-fidelity coupled aero-hydro-elastic simulation in design updates。,正确,1.0,2.7,CSV直答,1.0,1.0,0,,1,,,,,,Expanded design load cases (including typhoon/hurricane scenarios); Resonance avoidance via structural tuning/damping; High-fidelity coupled aero-hydro-elastic simulation in design updates,,FMEA编号；建议措施,53,
681,681,Full全量模型,无,故障措施推荐类,fmea_id_to_action,故障措施查询,,,中等,FMEA编号FF14的后续改进措施写了什么？,Ballast redundancy and automated ballast management; Freeboard margin increase and water-tight compartmentalization; Expanded design load cases (including typhoon/hurricane scenarios),FMEA编号“FF14”对应的失效模式“Floater unit sinkage”的建议措施是：Ballast redundancy and automated ballast management; Freeboard margin increase and water-tight compartmentalization; Expanded design load cases (including typhoon/hurricane scenarios)。,正确,1.0,2.67,CSV直答,1.0,1.0,0,,1,,,,,,Ballast redundancy and automated ballast management; Freeboard margin increase and water-tight compartmentalization; Expanded design load cases (including typhoon/hurricane scenarios),,FMEA编号；建议措施,58,
682,682,Full全量模型,无,故障措施推荐类,fmea_id_to_action,故障措施查询,,,简单,FMEA编号FF24的建议措施是什么？,"Operational limits: weather windows, alarm thresholds for motions; Other- Specify; Expanded design load cases (including typhoon/hurricane scenarios); Better understanding of temperature ranges","FMEA编号“FF24”对应的失效模式“Structural break [11]”的建议措施是：Operational limits: weather windows, alarm thresholds for motions; Other- Specify; Expanded design load cases (including typhoon/hurricane scenarios); Better understanding of temperature ranges。",正确,1.0,2.76,CSV直答,1.0,1.0,0,,1,,,,,,"Operational limits: weather windows, alarm thresholds for motions; Other- Specify; Expanded design load cases (including typhoon/hurricane scenarios); Better understanding of temperature ranges",,FMEA编号；建议措施,68,
683,683,Full全量模型,无,故障措施推荐类,fmea_id_to_action,故障措施查询,,,简单,FMEA编号FF25这条风险，建议怎么处理？,"Operational limits: weather windows, alarm thresholds for motions; -; Expanded design load cases (including typhoon/hurricane scenarios); Freeboard margin increase and water-tight compartmentalization","FMEA编号“FF25”对应的失效模式“Floater unit sinkage”的建议措施是：Operational limits: weather windows, alarm thresholds for motions; -; Expanded design load cases (including typhoon/hurricane scenarios); Freeboard margin increase and water-tight compartmentalization。",正确,1.0,2.71,CSV直答,1.0,1.0,0,,1,,,,,,"Operational limits: weather windows, alarm thresholds for motions; -; Expanded design load cases (including typhoon/hurricane scenarios); Freeboard margin increase and water-tight compartmentalization",,FMEA编号；建议措施,69,
684,684,Full全量模型,无,故障措施推荐类,fmea_id_to_action,故障措施查询,,,中等,查一下FMEA编号FF26对应的处理措施。,Expanded design load cases (including typhoon/hurricane scenarios); High-fidelity coupled aero-hydro-elastic simulation in design updates; -,"FMEA编号“FF26”对应的失效模式“Hit by dropped objects [1,9]”的建议措施是：Expanded design load cases (including typhoon/hurricane scenarios); High-fidelity coupled aero-hydro-elastic simulation in design updates; -。",正确,1.0,2.7,CSV直答,1.0,1.0,0,,1,,,,,,Expanded design load cases (including typhoon/hurricane scenarios); High-fidelity coupled aero-hydro-elastic simulation in design updates; -,,FMEA编号；建议措施,70,
685,685,Full全量模型,无,故障措施推荐类,fmea_id_to_action,故障措施查询,,,简单,FMEA编号FF27这条FMEA记录，需要采取什么建议措施？,Expanded design load cases (including typhoon/hurricane scenarios); High-fidelity coupled aero-hydro-elastic simulation in design updates,FMEA编号“FF27”对应的失效模式“Structural break [11]”的建议措施是：Expanded design load cases (including typhoon/hurricane scenarios); High-fidelity coupled aero-hydro-elastic simulation in design updates。,正确,1.0,2.73,CSV直答,1.0,1.0,0,,1,,,,,,Expanded design load cases (including typhoon/hurricane scenarios); High-fidelity coupled aero-hydro-elastic simulation in design updates,,FMEA编号；建议措施,71,
686,686,Full全量模型,无,故障措施推荐类,fmea_id_to_action,故障措施查询,,,简单,FMEA编号FF28的后续改进措施写了什么？,"Operational limits: weather windows, alarm thresholds for motions; Other- Specify; -; Welding quality assurance and NDT enhancement (phased-array UT)","FMEA编号“FF28”对应的失效模式“Structural break [11]”的建议措施是：Operational limits: weather windows, alarm thresholds for motions; Other- Specify; -; Welding quality assurance and NDT enhancement (phased-array UT)。",正确,1.0,2.83,CSV直答,1.0,1.0,0,,1,,,,,,"Operational limits: weather windows, alarm thresholds for motions; Other- Specify; -; Welding quality assurance and NDT enhancement (phased-array UT)",,FMEA编号；建议措施,72,
687,687,Full全量模型,无,故障措施推荐类,fmea_id_to_action,故障措施查询,,,中等,FMEA编号SKS1的建议措施是什么？,"Continuous tension and vibration monitoring; thresholds for intervention; Procedural controls: load management, operational envelopes; Better design by expanded load case matrix including more failure modes; -","FMEA编号“SKS1”对应的失效模式“Anchor failure [1], [17]”的建议措施是：Continuous tension and vibration monitoring; thresholds for intervention; Procedural controls: load management, operational envelopes; Better design by expanded load case matrix including more failure modes; -。",正确,1.0,2.67,CSV直答,1.0,1.0,0,,1,,,,,,"Continuous tension and vibration monitoring; thresholds for intervention; Procedural controls: load management, operational envelopes; Better design by expanded load case matrix including more failure modes; -",,FMEA编号；建议措施,75,
688,688,Full全量模型,无,故障措施推荐类,fmea_id_to_action,故障措施查询,,,简单,FMEA编号SKS2这条风险，建议怎么处理？,"Continuous tension and vibration monitoring; thresholds for intervention; Procedural controls: load management, operational envelopes; Better design by expanded load case matrix including more failure modes; -","FMEA编号“SKS2”对应的失效模式“Anchor failure [1], [17]”的建议措施是：Continuous tension and vibration monitoring; thresholds for intervention; Procedural controls: load management, operational envelopes; Better design by expanded load case matrix including more failure modes; -。",正确,1.0,2.7,CSV直答,1.0,1.0,0,,1,,,,,,"Continuous tension and vibration monitoring; thresholds for intervention; Procedural controls: load management, operational envelopes; Better design by expanded load case matrix including more failure modes; -",,FMEA编号；建议措施,76,
689,689,Full全量模型,无,故障措施推荐类,fmea_id_to_action,故障措施查询,,,简单,查一下FMEA编号SKS5对应的处理措施。,Continuous tension and vibration monitoring; thresholds for intervention; Fairlead geometry improvements and low-wear lining; Optimized chain/wire/rope selection and fatigue margins (design); -,"FMEA编号“SKS5”对应的失效模式“Fairlead failure [1], [17]”的建议措施是：Continuous tension and vibration monitoring; thresholds for intervention; Fairlead geometry improvements and low-wear lining; Optimized chain/wire/rope selection and fatigue margins (design); -。",正确,1.0,2.68,CSV直答,1.0,1.0,0,,1,,,,,,Continuous tension and vibration monitoring; thresholds for intervention; Fairlead geometry improvements and low-wear lining; Optimized chain/wire/rope selection and fatigue margins (design); -,,FMEA编号；建议措施,79,
690,690,Full全量模型,无,故障措施推荐类,fmea_id_to_action,故障措施查询,,,中等,FMEA编号SKS6这条FMEA记录，需要采取什么建议措施？,Cathodic protection and corrosion monitoring regimes; -,"FMEA编号“SKS6”对应的失效模式“Fairlead failure [1],[17]”的建议措施是：Cathodic protection and corrosion monitoring regimes; -。",正确,1.0,2.7,CSV直答,1.0,1.0,0,,1,,,,,,Cathodic protection and corrosion monitoring regimes; -,,FMEA编号；建议措施,80,
691,691,Full全量模型,无,故障措施推荐类,fmea_id_to_action,故障措施查询,,,简单,FMEA编号SKS8的后续改进措施写了什么？,ROV visual inspections; targeted maintenance on wear zones; Diversity in materials/vendors to reduce common-cause risks; -,FMEA编号“SKS8”对应的失效模式“Mooring line breakage [8]”的建议措施是：ROV visual inspections; targeted maintenance on wear zones; Diversity in materials/vendors to reduce common-cause risks; -。,正确,1.0,2.75,CSV直答,1.0,1.0,0,,1,,,,,,ROV visual inspections; targeted maintenance on wear zones; Diversity in materials/vendors to reduce common-cause risks; -,,FMEA编号；建议措施,82,
692,692,Full全量模型,无,故障措施推荐类,fmea_id_to_action,故障措施查询,,,简单,FMEA编号SKS9的建议措施是什么？,Continuous tension and vibration monitoring; thresholds for intervention; -,FMEA编号“SKS9”对应的失效模式“Mooring line breakage[8]”的建议措施是：Continuous tension and vibration monitoring; thresholds for intervention; -。,正确,1.0,2.7,CSV直答,1.0,1.0,0,,1,,,,,,Continuous tension and vibration monitoring; thresholds for intervention; -,,FMEA编号；建议措施,83,
693,693,Full全量模型,无,故障措施推荐类,fmea_id_to_action,故障措施查询,,,中等,FMEA编号SKS10这条风险，建议怎么处理？,Continuous tension and vibration monitoring; thresholds for intervention; -,FMEA编号“SKS10”对应的失效模式“Mooring line breakage[8]”的建议措施是：Continuous tension and vibration monitoring; thresholds for intervention; -。,正确,1.0,2.67,CSV直答,1.0,1.0,0,,1,,,,,,Continuous tension and vibration monitoring; thresholds for intervention; -,,FMEA编号；建议措施,84,
694,694,Full全量模型,无,故障措施推荐类,fmea_id_to_action,故障措施查询,,,简单,查一下FMEA编号SKS11对应的处理措施。,Continuous tension and vibration monitoring; thresholds for intervention; Optimized chain/wire/rope selection and fatigue margins (design); -,FMEA编号“SKS11”对应的失效模式“Mooring Line Corrosion [1]”的建议措施是：Continuous tension and vibration monitoring; thresholds for intervention; Optimized chain/wire/rope selection and fatigue margins (design); -。,正确,1.0,2.75,CSV直答,1.0,1.0,0,,1,,,,,,Continuous tension and vibration monitoring; thresholds for intervention; Optimized chain/wire/rope selection and fatigue margins (design); -,,FMEA编号；建议措施,85,
695,695,Full全量模型,无,故障措施推荐类,fmea_id_to_action,故障措施查询,,,简单,FMEA编号SKS13这条FMEA记录，需要采取什么建议措施？,Continuous tension and vibration monitoring; thresholds for intervention; Optimized chain/wire/rope selection and fatigue margins (design); -,FMEA编号“SKS13”对应的失效模式“Mooring Line Fatigue [1]”的建议措施是：Continuous tension and vibration monitoring; thresholds for intervention; Optimized chain/wire/rope selection and fatigue margins (design); -。,正确,1.0,2.71,CSV直答,1.0,1.0,0,,1,,,,,,Continuous tension and vibration monitoring; thresholds for intervention; Optimized chain/wire/rope selection and fatigue margins (design); -,,FMEA编号；建议措施,87,
696,696,Full全量模型,无,故障措施推荐类,fmea_id_to_action,故障措施查询,,,中等,FMEA编号SKS17的后续改进措施写了什么？,"ROV visual inspections; targeted maintenance on wear zones; Optimized chain/wire/rope selection and fatigue margins (design); Only chain and wire above MSL, keep fiber ropes wet; -","FMEA编号“SKS17”对应的失效模式“Mooring lines broken [1,3]”的建议措施是：ROV visual inspections; targeted maintenance on wear zones; Optimized chain/wire/rope selection and fatigue margins (design); Only chain and wire above MSL, keep fiber ropes wet; -。",正确,1.0,2.68,CSV直答,1.0,1.0,0,,1,,,,,,"ROV visual inspections; targeted maintenance on wear zones; Optimized chain/wire/rope selection and fatigue margins (design); Only chain and wire above MSL, keep fiber ropes wet; -",,FMEA编号；建议措施,91,
697,697,Full全量模型,无,故障措施推荐类,fmea_id_to_action,故障措施查询,,,简单,FMEA编号SKS18的建议措施是什么？,"ROV visual inspections; targeted maintenance on wear zones; Optimized chain/wire/rope selection and fatigue margins (design); Only chain and wire above MSL, keep fiber ropes wet; -","FMEA编号“SKS18”对应的失效模式“Mooring lines broken [1,3]”的建议措施是：ROV visual inspections; targeted maintenance on wear zones; Optimized chain/wire/rope selection and fatigue margins (design); Only chain and wire above MSL, keep fiber ropes wet; -。",正确,1.0,2.82,CSV直答,1.0,1.0,0,,1,,,,,,"ROV visual inspections; targeted maintenance on wear zones; Optimized chain/wire/rope selection and fatigue margins (design); Only chain and wire above MSL, keep fiber ropes wet; -",,FMEA编号；建议措施,92,
698,698,Full全量模型,无,故障措施推荐类,fmea_id_to_action,故障措施查询,,,简单,FMEA编号SKS19这条风险，建议怎么处理？,"ROV visual inspections; targeted maintenance on wear zones; Optimized chain/wire/rope selection and fatigue margins (design); Only chain and wire above MSL, keep fiber ropes wet; -","FMEA编号“SKS19”对应的失效模式“Mooring lines broken [1,3]”的建议措施是：ROV visual inspections; targeted maintenance on wear zones; Optimized chain/wire/rope selection and fatigue margins (design); Only chain and wire above MSL, keep fiber ropes wet; -。",正确,1.0,2.7,CSV直答,1.0,1.0,0,,1,,,,,,"ROV visual inspections; targeted maintenance on wear zones; Optimized chain/wire/rope selection and fatigue margins (design); Only chain and wire above MSL, keep fiber ropes wet; -",,FMEA编号；建议措施,93,
699,699,Full全量模型,无,故障措施推荐类,fmea_id_to_action,故障措施查询,,,中等,查一下FMEA编号SKS20对应的处理措施。,ROV visual inspections; targeted maintenance on wear zones; -,"FMEA编号“SKS20”对应的失效模式“Mooring lines broken [1,3]”的建议措施是：ROV visual inspections; targeted maintenance on wear zones; -。",正确,1.0,2.67,CSV直答,1.0,1.0,0,,1,,,,,,ROV visual inspections; targeted maintenance on wear zones; -,,FMEA编号；建议措施,94,
700,700,Full全量模型,无,故障措施推荐类,fmea_id_to_action,故障措施查询,,,简单,FMEA编号SKS22这条FMEA记录，需要采取什么建议措施？,"Continuous tension and vibration monitoring; thresholds for intervention; Procedural controls: load management, operational envelopes; -","FMEA编号“SKS22”对应的失效模式“Mooring winch failure [1]”的建议措施是：Continuous tension and vibration monitoring; thresholds for intervention; Procedural controls: load management, operational envelopes; -。",正确,1.0,2.96,CSV直答,1.0,1.0,0,,1,,,,,,"Continuous tension and vibration monitoring; thresholds for intervention; Procedural controls: load management, operational envelopes; -",,FMEA编号；建议措施,96,
701,701,Full全量模型,无,故障措施推荐类,fmea_id_to_action,故障措施查询,,,简单,FMEA编号DC1的后续改进措施写了什么？,"Monitoring: DTS/RTTR, electrical integrity tests, leak detection; Lazy-wave configuration optimization; buoyancy spacing; hang-off upgrades; -","FMEA编号“DC1”对应的失效模式“accelerated mechanical fatigue”的建议措施是：Monitoring: DTS/RTTR, electrical integrity tests, leak detection; Lazy-wave configuration optimization; buoyancy spacing; hang-off upgrades; -。",正确,1.0,2.72,CSV直答,1.0,1.0,0,,1,,,,,,"Monitoring: DTS/RTTR, electrical integrity tests, leak detection; Lazy-wave configuration optimization; buoyancy spacing; hang-off upgrades; -",,FMEA编号；建议措施,97,
702,702,Full全量模型,无,故障措施推荐类,fmea_id_to_action,故障措施查询,,,中等,FMEA编号DC5的建议措施是什么？,-; Cathodic protection; coating improvements,FMEA编号“DC5”对应的失效模式“Corrosion of J-tube [6]”的建议措施是：-; Cathodic protection; coating improvements。,正确,1.0,2.74,CSV直答,1.0,1.0,0,,1,,,,,,-; Cathodic protection; coating improvements,,FMEA编号；建议措施,101,
703,703,Full全量模型,无,故障措施推荐类,fmea_id_to_action,故障措施查询,,,简单,FMEA编号DC7这条风险，建议怎么处理？,-; Design review; improved material selection,FMEA编号“DC7”对应的失效模式“damage and corrosion of mechanical parts”的建议措施是：-; Design review; improved material selection。,正确,1.0,3.34,CSV直答,1.0,1.0,0,,1,,,,,,-; Design review; improved material selection,,FMEA编号；建议措施,103,
704,704,Full全量模型,无,故障措施推荐类,fmea_id_to_action,故障措施查询,,,简单,查一下FMEA编号DC8对应的处理措施。,-; Environmental protections; debris management,FMEA编号“DC8”对应的失效模式“Debris disturbance”的建议措施是：-; Environmental protections; debris management。,正确,1.0,3.3,CSV直答,1.0,1.0,0,,1,,,,,,-; Environmental protections; debris management,,FMEA编号；建议措施,104,
705,705,Full全量模型,无,故障措施推荐类,fmea_id_to_action,故障措施查询,,,中等,FMEA编号DC9这条FMEA记录，需要采取什么建议措施？,-; Design review; improved material selection,FMEA编号“DC9”对应的失效模式“Detachment”的建议措施是：-; Design review; improved material selection。,正确,1.0,3.35,CSV直答,1.0,1.0,0,,1,,,,,,-; Design review; improved material selection,,FMEA编号；建议措施,105,
706,706,Full全量模型,无,故障措施推荐类,fmea_id_to_action,故障措施查询,,,简单,FMEA编号DC11的后续改进措施写了什么？,-; Design improvements; enhanced termination QA,FMEA编号“DC11”对应的失效模式“Failure of end termination [6]”的建议措施是：-; Design improvements; enhanced termination QA。,正确,1.0,3.29,CSV直答,1.0,1.0,0,,1,,,,,,-; Design improvements; enhanced termination QA,,FMEA编号；建议措施,107,
707,707,Full全量模型,无,故障措施推荐类,fmea_id_to_action,故障措施查询,,,简单,FMEA编号DC16的建议措施是什么？,"Installation QA/QC: pull-in tension verification, handling procedures; Watertightness assurance: enhanced sealing tests; end termination QA; -","FMEA编号“DC16”对应的失效模式“Failure of watertightness”的建议措施是：Installation QA/QC: pull-in tension verification, handling procedures; Watertightness assurance: enhanced sealing tests; end termination QA; -。",正确,1.0,3.25,CSV直答,1.0,1.0,0,,1,,,,,,"Installation QA/QC: pull-in tension verification, handling procedures; Watertightness assurance: enhanced sealing tests; end termination QA; -",,FMEA编号；建议措施,112,
708,708,Full全量模型,无,故障措施推荐类,fmea_id_to_action,故障措施查询,,,中等,FMEA编号DC17这条风险，建议怎么处理？,Watertightness assurance: enhanced sealing tests; end termination QA; -,FMEA编号“DC17”对应的失效模式“Failure of watertightness”的建议措施是：Watertightness assurance: enhanced sealing tests; end termination QA; -。,正确,1.0,3.44,CSV直答,1.0,1.0,0,,1,,,,,,Watertightness assurance: enhanced sealing tests; end termination QA; -,,FMEA编号；建议措施,113,
709,709,Full全量模型,无,故障措施推荐类,fmea_id_to_action,故障措施查询,,,简单,查一下FMEA编号DC18对应的处理措施。,"-; Monitoring (DTS/RTTR, electrical integrity tests)","FMEA编号“DC18”对应的失效模式“failures of conductors”的建议措施是：-; Monitoring (DTS/RTTR, electrical integrity tests)。",正确,1.0,3.32,CSV直答,1.0,1.0,0,,1,,,,,,"-; Monitoring (DTS/RTTR, electrical integrity tests)",,FMEA编号；建议措施,114,
710,710,Full全量模型,无,故障措施推荐类,fmea_id_to_action,故障措施查询,,,简单,FMEA编号DC19这条FMEA记录，需要采取什么建议措施？,"Monitoring: DTS/RTTR, electrical integrity tests, leak detection; -","FMEA编号“DC19”对应的失效模式“Fatigue Cracks”的建议措施是：Monitoring: DTS/RTTR, electrical integrity tests, leak detection; -。",正确,1.0,3.27,CSV直答,1.0,1.0,0,,1,,,,,,"Monitoring: DTS/RTTR, electrical integrity tests, leak detection; -",,FMEA编号；建议措施,115,
711,711,Full全量模型,无,故障措施推荐类,fmea_id_to_action,故障措施查询,,,中等,FMEA编号DC23的后续改进措施写了什么？,"Monitoring: DTS/RTTR, electrical integrity tests, leak detection; -","FMEA编号“DC23”对应的失效模式“material degradation”的建议措施是：Monitoring: DTS/RTTR, electrical integrity tests, leak detection; -。",正确,1.0,3.32,CSV直答,1.0,1.0,0,,1,,,,,,"Monitoring: DTS/RTTR, electrical integrity tests, leak detection; -",,FMEA编号；建议措施,119,
712,712,Full全量模型,无,故障措施推荐类,fmea_id_to_action,故障措施查询,,,简单,FMEA编号DC26的建议措施是什么？,Burial/trenching optimization; scour mitigation; as-built metrology; -,FMEA编号“DC26”对应的失效模式“Movement of CPS due to scour/seabed mobility [6]”的建议措施是：Burial/trenching optimization; scour mitigation; as-built metrology; -。,正确,1.0,3.3,CSV直答,1.0,1.0,0,,1,,,,,,Burial/trenching optimization; scour mitigation; as-built metrology; -,,FMEA编号；建议措施,122,
713,713,Full全量模型,无,故障措施推荐类,fmea_id_to_action,故障措施查询,,,简单,FMEA编号DC27这条风险，建议怎么处理？,Burial/trenching optimization; scour mitigation; as-built metrology; -,FMEA编号“DC27”对应的失效模式“Movement of CPS due to scour/seabed mobility [6]”的建议措施是：Burial/trenching optimization; scour mitigation; as-built metrology; -。,正确,1.0,3.28,CSV直答,1.0,1.0,0,,1,,,,,,Burial/trenching optimization; scour mitigation; as-built metrology; -,,FMEA编号；建议措施,123,
714,714,Full全量模型,无,故障措施推荐类,fmea_id_to_action,故障措施查询,,,中等,查一下FMEA编号DC29对应的处理措施。,"Burial/trenching optimization; scour mitigation; as-built metrology; Monitoring: DTS/RTTR, electrical integrity tests, leak detection; -","FMEA编号“DC29”对应的失效模式“Reduced sediment cover lower than designed value for protection [6]”的建议措施是：Burial/trenching optimization; scour mitigation; as-built metrology; Monitoring: DTS/RTTR, electrical integrity tests, leak detection; -。",正确,1.0,3.32,CSV直答,1.0,1.0,0,,1,,,,,,"Burial/trenching optimization; scour mitigation; as-built metrology; Monitoring: DTS/RTTR, electrical integrity tests, leak detection; -",,FMEA编号；建议措施,125,
715,715,Full全量模型,无,故障措施推荐类,fmea_id_to_action,故障措施查询,,,简单,FMEA编号DC32这条FMEA记录，需要采取什么建议措施？,Lazy-wave configuration optimization; buoyancy spacing; hang-off upgrades; -,FMEA编号“DC32”对应的失效模式“Small bending radius”的建议措施是：Lazy-wave configuration optimization; buoyancy spacing; hang-off upgrades; -。,正确,1.0,3.29,CSV直答,1.0,1.0,0,,1,,,,,,Lazy-wave configuration optimization; buoyancy spacing; hang-off upgrades; -,,FMEA编号；建议措施,128,
716,716,Full全量模型,无,故障措施推荐类,fmea_id_to_action,故障措施查询,,,简单,FMEA编号TO5的后续改进措施写了什么？,High-fidelity coupled aero-hydro-elastic simulation in design updates; Thicker shell sections / local reinforcement,FMEA编号“TO5”对应的失效模式“Cracks”的建议措施是：High-fidelity coupled aero-hydro-elastic simulation in design updates; Thicker shell sections / local reinforcement。,正确,1.0,3.25,CSV直答,1.0,1.0,0,,1,,,,,,High-fidelity coupled aero-hydro-elastic simulation in design updates; Thicker shell sections / local reinforcement,,FMEA编号；建议措施,4,
717,717,Full全量模型,无,故障措施推荐类,fmea_id_to_action,故障措施查询,,,中等,FMEA编号TO6的建议措施是什么？,"Enhanced SHM: acoustic emission, strain gauges, modal monitoring; -; High-fidelity coupled aero-hydro-elastic simulation in design updates; Weld detail optimization and hotspot redesign","FMEA编号“TO6”对应的失效模式“Cracks”的建议措施是：Enhanced SHM: acoustic emission, strain gauges, modal monitoring; -; High-fidelity coupled aero-hydro-elastic simulation in design updates; Weld detail optimization and hotspot redesign。",正确,1.0,3.27,CSV直答,1.0,1.0,0,,1,,,,,,"Enhanced SHM: acoustic emission, strain gauges, modal monitoring; -; High-fidelity coupled aero-hydro-elastic simulation in design updates; Weld detail optimization and hotspot redesign",,FMEA编号；建议措施,5,
718,718,Full全量模型,无,故障措施推荐类,fmea_id_to_action,故障措施查询,,,简单,FMEA编号TO7这条风险，建议怎么处理？,"Weld detail optimization and hotspot redesign; Enhanced SHM: acoustic emission, strain gauges, modal monitoring; Thicker shell sections / local reinforcement; High-fidelity coupled aero-hydro-elastic simulation in design updates","FMEA编号“TO7”对应的失效模式“Cracks”的建议措施是：Weld detail optimization and hotspot redesign; Enhanced SHM: acoustic emission, strain gauges, modal monitoring; Thicker shell sections / local reinforcement; High-fidelity coupled aero-hydro-elastic simulation in design updates。",正确,1.0,3.27,CSV直答,1.0,1.0,0,,1,,,,,,"Weld detail optimization and hotspot redesign; Enhanced SHM: acoustic emission, strain gauges, modal monitoring; Thicker shell sections / local reinforcement; High-fidelity coupled aero-hydro-elastic simulation in design updates",,FMEA编号；建议措施,6,
719,719,Full全量模型,无,故障措施推荐类,fmea_id_to_action,故障措施查询,,,简单,查一下FMEA编号TO23对应的处理措施。,Operational limits & control strategies for extreme motions; Blade–tower clearance and control optimization for extreme motions; High-fidelity coupled aero-hydro-elastic simulation in design updates,FMEA编号“TO23”对应的失效模式“Plastic deformation”的建议措施是：Operational limits & control strategies for extreme motions; Blade–tower clearance and control optimization for extreme motions; High-fidelity coupled aero-hydro-elastic simulation in design updates。,正确,1.0,3.5,CSV直答,1.0,1.0,0,,1,,,,,,Operational limits & control strategies for extreme motions; Blade–tower clearance and control optimization for extreme motions; High-fidelity coupled aero-hydro-elastic simulation in design updates,,FMEA编号；建议措施,22,
720,720,Full全量模型,无,故障措施推荐类,fmea_id_to_action,故障措施查询,,,中等,FMEA编号TP1这条FMEA记录，需要采取什么建议措施？,"Interface redesign to reduce stress concentrations (fillets, radii); High-fidelity coupled analysis of TP–tower–floater interaction; Improve engineering skills","FMEA编号“TP1”对应的失效模式“Transition piece break”的建议措施是：Interface redesign to reduce stress concentrations (fillets, radii); High-fidelity coupled analysis of TP–tower–floater interaction; Improve engineering skills。",正确,1.0,3.62,CSV直答,1.0,1.0,0,,1,,,,,,"Interface redesign to reduce stress concentrations (fillets, radii); High-fidelity coupled analysis of TP–tower–floater interaction; Improve engineering skills",,FMEA编号；建议措施,24,
721,721,Full全量模型,无,故障措施推荐类,fmea_id_to_action,故障措施查询,,,简单,FMEA编号TP2的后续改进措施写了什么？,"SHM for TP connections (strain gauges, acoustic emission, bolt preload monitoring); Design requalification for extreme storms (updated metocean; load cases); -","FMEA编号“TP2”对应的失效模式“Transition piece break”的建议措施是：SHM for TP connections (strain gauges, acoustic emission, bolt preload monitoring); Design requalification for extreme storms (updated metocean; load cases); -。",正确,1.0,3.43,CSV直答,1.0,1.0,0,,1,,,,,,"SHM for TP connections (strain gauges, acoustic emission, bolt preload monitoring); Design requalification for extreme storms (updated metocean; load cases); -",,FMEA编号；建议措施,25,
722,722,Full全量模型,无,故障措施推荐类,fmea_id_to_action,故障措施查询,,,简单,FMEA编号TP3的建议措施是什么？,"SHM for TP connections (strain gauges, acoustic emission, bolt preload monitoring); Design requalification for extreme storms (updated metocean; load cases); High-fidelity coupled analysis of TP–tower–floater interaction; -","FMEA编号“TP3”对应的失效模式“Structural plastic deformation”的建议措施是：SHM for TP connections (strain gauges, acoustic emission, bolt preload monitoring); Design requalification for extreme storms (updated metocean; load cases); High-fidelity coupled analysis of TP–tower–floater interaction; -。",正确,1.0,3.49,CSV直答,1.0,1.0,0,,1,,,,,,"SHM for TP connections (strain gauges, acoustic emission, bolt preload monitoring); Design requalification for extreme storms (updated metocean; load cases); High-fidelity coupled analysis of TP–tower–floater interaction; -",,FMEA编号；建议措施,26,
723,723,Full全量模型,无,故障措施推荐类,fmea_id_to_action,故障措施查询,,,中等,FMEA编号TP5这条风险，建议怎么处理？,High-fidelity coupled analysis of TP–tower–floater interaction; Design requalification for extreme storms (updated metocean; load cases); Improved metocean data measurements,FMEA编号“TP5”对应的失效模式“Transition piece break”的建议措施是：High-fidelity coupled analysis of TP–tower–floater interaction; Design requalification for extreme storms (updated metocean; load cases); Improved metocean data measurements。,正确,1.0,3.39,CSV直答,1.0,1.0,0,,1,,,,,,High-fidelity coupled analysis of TP–tower–floater interaction; Design requalification for extreme storms (updated metocean; load cases); Improved metocean data measurements,,FMEA编号；建议措施,28,
724,724,Full全量模型,无,故障措施推荐类,fmea_id_to_action,故障措施查询,,,简单,查一下FMEA编号TP9对应的处理措施。,Design requalification for extreme storms (updated metocean; load cases); High-fidelity coupled aero-hydro-elastic simulation in design updates,FMEA编号“TP9”对应的失效模式“Cracks”的建议措施是：Design requalification for extreme storms (updated metocean; load cases); High-fidelity coupled aero-hydro-elastic simulation in design updates。,正确,1.0,3.4,CSV直答,1.0,1.0,0,,1,,,,,,Design requalification for extreme storms (updated metocean; load cases); High-fidelity coupled aero-hydro-elastic simulation in design updates,,FMEA编号；建议措施,32,
725,725,Full全量模型,无,故障措施推荐类,fmea_id_to_action,故障措施查询,,,简单,FMEA编号TP16这条FMEA记录，需要采取什么建议措施？,High-fidelity coupled analysis of TP–tower–floater interaction; Design requalification for extreme storms (updated metocean; load cases); High-fidelity coupled aero-hydro-elastic simulation in design updates,FMEA编号“TP16”对应的失效模式“Transition piece break”的建议措施是：High-fidelity coupled analysis of TP–tower–floater interaction; Design requalification for extreme storms (updated metocean; load cases); High-fidelity coupled aero-hydro-elastic simulation in design updates。,正确,1.0,3.84,CSV直答,1.0,1.0,0,,1,,,,,,High-fidelity coupled analysis of TP–tower–floater interaction; Design requalification for extreme storms (updated metocean; load cases); High-fidelity coupled aero-hydro-elastic simulation in design updates,,FMEA编号；建议措施,39,
726,726,Full全量模型,无,故障措施推荐类,fmea_id_to_action,故障措施查询,,,中等,FMEA编号TP17的后续改进措施写了什么？,"SHM for TP connections (strain gauges, acoustic emission, bolt preload monitoring); Welding quality assurance and NDT enhancement (phased-array UT)","FMEA编号“TP17”对应的失效模式“Transition piece break”的建议措施是：SHM for TP connections (strain gauges, acoustic emission, bolt preload monitoring); Welding quality assurance and NDT enhancement (phased-array UT)。",正确,1.0,3.74,CSV直答,1.0,1.0,0,,1,,,,,,"SHM for TP connections (strain gauges, acoustic emission, bolt preload monitoring); Welding quality assurance and NDT enhancement (phased-array UT)",,FMEA编号；建议措施,40,
727,727,Full全量模型,无,故障措施推荐类,风险画像查措施,故障措施查询,,,中等,在S/O/D为3.8/2/3的风险画像下，失效模式“Cracks”的建议措施是什么？,High-fidelity coupled aero-hydro-elastic simulation in design updates; Thicker shell sections / local reinforcement,项目/功能=Tower / Tower (TO) / Primary steelwork；失效模式=Cracks；建议措施=High-fidelity coupled aero-hydro-elastic simulation in design updates; Thicker shell sections / local reinforcement。,正确,1.0,18.08,确定性规则问答,1.0,1.0,0,,1,,,,,,High-fidelity coupled aero-hydro-elastic simulation in design updates; Thicker shell sections / local reinforcement,,严酷度(S)；发生度(O)；可探测度(D)；潜在失效模式；建议措施,4,
728,728,Full全量模型,无,故障措施推荐类,风险画像查措施,故障措施查询,,,中等,在S/O/D为4.4/2.6/3.2的风险画像下，失效模式“Cracks”的建议措施是什么？,"Enhanced SHM: acoustic emission, strain gauges, modal monitoring; -; High-fidelity coupled aero-hydro-elastic simulation in design updates; Weld detail optimization and hotspot redesign","项目/功能=Tower / Tower (TO) / Primary steelwork；失效模式=Cracks；建议措施=Enhanced SHM: acoustic emission, strain gauges, modal monitoring; -; High-fidelity coupled aero-hydro-elastic simulation in design updates; Weld detail optimization and hotspot redesign。",正确,1.0,16.33,确定性规则问答,1.0,1.0,0,,1,,,,,,"Enhanced SHM: acoustic emission, strain gauges, modal monitoring; -; High-fidelity coupled aero-hydro-elastic simulation in design updates; Weld detail optimization and hotspot redesign",,严酷度(S)；发生度(O)；可探测度(D)；潜在失效模式；建议措施,5,
729,729,Full全量模型,无,故障措施推荐类,风险画像查措施,故障措施查询,,,中等,在S/O/D为4.4/2.8/3.2的风险画像下，失效模式“Cracks”的建议措施是什么？,"Weld detail optimization and hotspot redesign; Enhanced SHM: acoustic emission, strain gauges, modal monitoring; Thicker shell sections / local reinforcement; High-fidelity coupled aero-hydro-elastic simulation in design updates","项目/功能=Tower / Tower (TO) / Primary steelwork；失效模式=Cracks；建议措施=Weld detail optimization and hotspot redesign; Enhanced SHM: acoustic emission, strain gauges, modal monitoring; Thicker shell sections / local reinforcement; High-fidelity coupled aero-hydro-elastic simulation in design updates。",正确,1.0,16.34,确定性规则问答,1.0,1.0,0,,1,,,,,,"Weld detail optimization and hotspot redesign; Enhanced SHM: acoustic emission, strain gauges, modal monitoring; Thicker shell sections / local reinforcement; High-fidelity coupled aero-hydro-elastic simulation in design updates",,严酷度(S)；发生度(O)；可探测度(D)；潜在失效模式；建议措施,6,
730,730,Full全量模型,无,故障措施推荐类,风险画像查措施,故障措施查询,,,中等,在S/O/D为4.4/2.2/2.8的风险画像下，失效模式“Plastic deformation”的建议措施是什么？,Operational limits & control strategies for extreme motions; Blade–tower clearance and control optimization for extreme motions; High-fidelity coupled aero-hydro-elastic simulation in design updates,项目/功能=Dynamic cable / Dynamic Cable / Insulation；失效模式=Failure of insulations；建议措施=-；Operational limits & control strategies for extreme motions; Blade–tower clearance and control optimization for extreme motions; High-fidelity coupled aero-hydro-elastic simulation in design updates。,正确,1.0,16.68,确定性规则问答,0.5,1.0,0,,2,,,,,,Operational limits & control strategies for extreme motions; Blade–tower clearance and control optimization for extreme motions; High-fidelity coupled aero-hydro-elastic simulation in design updates,,严酷度(S)；发生度(O)；可探测度(D)；潜在失效模式；建议措施,22,
731,731,Full全量模型,无,故障措施推荐类,风险画像查措施,故障措施查询,,,中等,在S/O/D为4.75/2.5/3的风险画像下，失效模式“Transition piece break”的建议措施是什么？,"Interface redesign to reduce stress concentrations (fillets, radii); High-fidelity coupled analysis of TP–tower–floater interaction; Improve engineering skills","项目/功能=Transition piece / Transition Piece (TP) / Primary structure & welding；失效模式=Transition piece break；建议措施=Interface redesign to reduce stress concentrations (fillets, radii); High-fidelity coupled analysis of TP–tower–floater interaction; Improve engineering skills。",正确,1.0,16.48,确定性规则问答,1.0,1.0,0,,1,,,,,,"Interface redesign to reduce stress concentrations (fillets, radii); High-fidelity coupled analysis of TP–tower–floater interaction; Improve engineering skills",,严酷度(S)；发生度(O)；可探测度(D)；潜在失效模式；建议措施,24,
732,732,Full全量模型,无,故障措施推荐类,风险画像查措施,故障措施查询,,,中等,在S/O/D为4.25/2.25/3.25的风险画像下，失效模式“Transition piece break”的建议措施是什么？,"SHM for TP connections (strain gauges, acoustic emission, bolt preload monitoring); Design requalification for extreme storms (updated metocean; load cases); -","项目/功能=Transition piece / Transition Piece (TP) / Primary structure；失效模式=Transition piece break；建议措施=SHM for TP connections (strain gauges, acoustic emission, bolt preload monitoring); Design requalification for extreme storms (updated metocean; load cases); -。",正确,1.0,16.34,确定性规则问答,1.0,1.0,0,,1,,,,,,"SHM for TP connections (strain gauges, acoustic emission, bolt preload monitoring); Design requalification for extreme storms (updated metocean; load cases); -",,严酷度(S)；发生度(O)；可探测度(D)；潜在失效模式；建议措施,25,
733,733,Full全量模型,无,故障措施推荐类,风险画像查措施,故障措施查询,,,中等,在S/O/D为4/2.5/3的风险画像下，失效模式“Structural plastic deformation”的建议措施是什么？,"SHM for TP connections (strain gauges, acoustic emission, bolt preload monitoring); Design requalification for extreme storms (updated metocean; load cases); High-fidelity coupled analysis of TP–tower–floater interaction; -","项目/功能=Transition piece / Transition Piece (TP) / Primary stucture；失效模式=Structural plastic deformation；建议措施=SHM for TP connections (strain gauges, acoustic emission, bolt preload monitoring); Design requalification for extreme storms (updated metocean; load cases); High-fidelity coupled analysis of TP–tower–floater interaction; -；Design requalification for extreme storms (updated metocean; load cases); High-fidelity coupled aero-hydro-elastic simulation in design updates。",正确,1.0,15.32,确定性规则问答,0.5,1.0,0,,2,,,,,,"SHM for TP connections (strain gauges, acoustic emission, bolt preload monitoring); Design requalification for extreme storms (updated metocean; load cases); High-fidelity coupled analysis of TP–tower–floater interaction; -",,严酷度(S)；发生度(O)；可探测度(D)；潜在失效模式；建议措施,26,
734,734,Full全量模型,无,故障措施推荐类,风险画像查措施,故障措施查询,,,中等,在S/O/D为5/2/2.67的风险画像下，失效模式“Transition piece break”的建议措施是什么？,High-fidelity coupled analysis of TP–tower–floater interaction; Design requalification for extreme storms (updated metocean; load cases); Improved metocean data measurements,项目/功能=Transition piece / Transition Piece (TP) / Primary structure & welding；失效模式=Transition piece break；建议措施=High-fidelity coupled analysis of TP–tower–floater interaction; Design requalification for extreme storms (updated metocean; load cases); Improved metocean data measurements。,正确,1.0,14.88,确定性规则问答,1.0,1.0,0,,1,,,,,,High-fidelity coupled analysis of TP–tower–floater interaction; Design requalification for extreme storms (updated metocean; load cases); Improved metocean data measurements,,严酷度(S)；发生度(O)；可探测度(D)；潜在失效模式；建议措施,28,
735,735,Full全量模型,无,故障措施推荐类,风险画像查措施,故障措施查询,,,中等,在S/O/D为4/2.5/3的风险画像下，失效模式“Cracks”的建议措施是什么？,Design requalification for extreme storms (updated metocean; load cases); High-fidelity coupled aero-hydro-elastic simulation in design updates,"项目/功能=Transition piece / Transition Piece (TP) / Primary stucture；失效模式=Structural plastic deformation；建议措施=SHM for TP connections (strain gauges, acoustic emission, bolt preload monitoring); Design requalification for extreme storms (updated metocean; load cases); High-fidelity coupled analysis of TP–tower–floater interaction; -；Design requalification for extreme storms (updated metocean; load cases); High-fidelity coupled aero-hydro-elastic simulation in design updates。",正确,1.0,14.36,确定性规则问答,0.5,1.0,0,,2,,,,,,Design requalification for extreme storms (updated metocean; load cases); High-fidelity coupled aero-hydro-elastic simulation in design updates,,严酷度(S)；发生度(O)；可探测度(D)；潜在失效模式；建议措施,32,
736,736,Full全量模型,无,故障措施推荐类,风险画像查措施,故障措施查询,,,中等,在S/O/D为5/1.67/2.67的风险画像下，失效模式“Transition piece break”的建议措施是什么？,High-fidelity coupled analysis of TP–tower–floater interaction; Design requalification for extreme storms (updated metocean; load cases); High-fidelity coupled aero-hydro-elastic simulation in design updates,项目/功能=Transition piece / Transition Piece (TP) / Primary structure & welding；失效模式=Transition piece break；建议措施=High-fidelity coupled analysis of TP–tower–floater interaction; Design requalification for extreme storms (updated metocean; load cases); High-fidelity coupled aero-hydro-elastic simulation in design updates。,正确,1.0,11.34,确定性规则问答,1.0,1.0,0,,1,,,,,,High-fidelity coupled analysis of TP–tower–floater interaction; Design requalification for extreme storms (updated metocean; load cases); High-fidelity coupled aero-hydro-elastic simulation in design updates,,严酷度(S)；发生度(O)；可探测度(D)；潜在失效模式；建议措施,39,
737,737,Full全量模型,无,故障措施推荐类,风险画像查措施,故障措施查询,,,中等,在S/O/D为4.67/1.67/3.33的风险画像下，失效模式“Transition piece break”的建议措施是什么？,"SHM for TP connections (strain gauges, acoustic emission, bolt preload monitoring); Welding quality assurance and NDT enhancement (phased-array UT)","项目/功能=Transition piece / Transition Piece (TP) / Primary structure & welding；失效模式=Transition piece break；建议措施=SHM for TP connections (strain gauges, acoustic emission, bolt preload monitoring); Welding quality assurance and NDT enhancement (phased-array UT)。",正确,1.0,11.02,确定性规则问答,1.0,1.0,0,,1,,,,,,"SHM for TP connections (strain gauges, acoustic emission, bolt preload monitoring); Welding quality assurance and NDT enhancement (phased-array UT)",,严酷度(S)；发生度(O)；可探测度(D)；潜在失效模式；建议措施,40,
738,738,Full全量模型,无,故障措施推荐类,风险画像查措施,故障措施查询,,,中等,在S/O/D为4.57/2.29/3.86的风险画像下，失效模式“Capsize”的建议措施是什么？,Expanded design load cases (including typhoon/hurricane scenarios); Freeboard margin increase and water-tight compartmentalization; Improve engineering skills,项目/功能=Floating support structure / Floating Support structure / All structures；失效模式=Capsize [11]；建议措施=Expanded design load cases (including typhoon/hurricane scenarios); Freeboard margin increase and water-tight compartmentalization; Improve engineering skills。,正确,1.0,11.08,确定性规则问答,1.0,1.0,0,,1,,,,,,Expanded design load cases (including typhoon/hurricane scenarios); Freeboard margin increase and water-tight compartmentalization; Improve engineering skills,,严酷度(S)；发生度(O)；可探测度(D)；潜在失效模式；建议措施,45,
739,739,Full全量模型,无,故障措施推荐类,风险画像查措施,故障措施查询,,,中等,在S/O/D为5/1.67/3的风险画像下，失效模式“Capsize”的建议措施是什么？,Expanded design load cases (including typhoon/hurricane scenarios); -; Improved engineering skills,项目/功能=Floating support structure / Floating Support structure / Primary structure；失效模式=Capsize [11]；建议措施=Expanded design load cases (including typhoon/hurricane scenarios); -; Improved engineering skills。,正确,1.0,11.1,确定性规则问答,1.0,1.0,0,,1,,,,,,Expanded design load cases (including typhoon/hurricane scenarios); -; Improved engineering skills,,严酷度(S)；发生度(O)；可探测度(D)；潜在失效模式；建议措施,46,
740,740,Full全量模型,无,故障措施推荐类,风险画像查措施,故障措施查询,,,中等,在S/O/D为4.33/1.67/3.5的风险画像下，失效模式“Structural break”的建议措施是什么？,Expanded design load cases (including typhoon/hurricane scenarios); -,项目/功能=Floating support structure / Floating Support structure / All structures；失效模式=Structural break [11]；建议措施=Expanded design load cases (including typhoon/hurricane scenarios); -。,正确,1.0,11.07,确定性规则问答,1.0,1.0,0,,1,,,,,,Expanded design load cases (including typhoon/hurricane scenarios); -,,严酷度(S)；发生度(O)；可探测度(D)；潜在失效模式；建议措施,49,
741,741,Full全量模型,无,故障措施推荐类,风险画像查措施,故障措施查询,,,中等,在S/O/D为3.83/2.6/4的风险画像下，失效模式“Additional Structures Failures”的建议措施是什么？,Freeboard margin increase and water-tight compartmentalization; -; Expanded design load cases (including typhoon/hurricane scenarios); Improved cable mechnical design,项目/功能=Floating support structure / Floating Support structure / Secondary structure；失效模式=Additional Structures Failures；建议措施=Freeboard margin increase and water-tight compartmentalization; -; Expanded design load cases (including typhoon/hurricane scenarios); Improved cable mechnical design。,正确,1.0,11.2,确定性规则问答,1.0,1.0,0,,1,,,,,,Freeboard margin increase and water-tight compartmentalization; -; Expanded design load cases (including typhoon/hurricane scenarios); Improved cable mechnical design,,严酷度(S)；发生度(O)；可探测度(D)；潜在失效模式；建议措施,50,
742,742,Full全量模型,无,故障措施推荐类,风险画像查措施,故障措施查询,,,中等,在S/O/D为4.8/1.8/3.2的风险画像下，失效模式“Capsize”的建议措施是什么？,"Expanded design load cases (including typhoon/hurricane scenarios); Operational limits: weather windows, alarm thresholds for motions; Resonance avoidance via structural tuning/damping","项目/功能=Floating support structure / Floating Support structure / Primary structure & Welding；失效模式=Capsize [11]；建议措施=Expanded design load cases (including typhoon/hurricane scenarios); Operational limits: weather windows, alarm thresholds for motions; Resonance avoidance via structural tuning/damping。",正确,1.0,11.15,确定性规则问答,1.0,1.0,0,,1,,,,,,"Expanded design load cases (including typhoon/hurricane scenarios); Operational limits: weather windows, alarm thresholds for motions; Resonance avoidance via structural tuning/damping",,严酷度(S)；发生度(O)；可探测度(D)；潜在失效模式；建议措施,52,
743,743,Full全量模型,无,故障措施推荐类,风险画像查措施,故障措施查询,,,中等,在S/O/D为4.14/2.86/3.57的风险画像下，失效模式“Cracks”的建议措施是什么？,Expanded design load cases (including typhoon/hurricane scenarios); Resonance avoidance via structural tuning/damping; High-fidelity coupled aero-hydro-elastic simulation in design updates,项目/功能=Floating support structure / Floating Support structure / Primary structure & Welding；失效模式=Cracks [11]；建议措施=Expanded design load cases (including typhoon/hurricane scenarios); Resonance avoidance via structural tuning/damping; High-fidelity coupled aero-hydro-elastic simulation in design updates。,正确,1.0,11.26,确定性规则问答,1.0,1.0,0,,1,,,,,,Expanded design load cases (including typhoon/hurricane scenarios); Resonance avoidance via structural tuning/damping; High-fidelity coupled aero-hydro-elastic simulation in design updates,,严酷度(S)；发生度(O)；可探测度(D)；潜在失效模式；建议措施,53,
744,744,Full全量模型,无,故障措施推荐类,风险画像查措施,故障措施查询,,,中等,在S/O/D为4.83/1.83/3.4的风险画像下，失效模式“Floater unit sinkage”的建议措施是什么？,Ballast redundancy and automated ballast management; Freeboard margin increase and water-tight compartmentalization; Expanded design load cases (including typhoon/hurricane scenarios),项目/功能=Floating support structure / Floating Support structure / Secondary structure；失效模式=Floater unit sinkage；建议措施=Ballast redundancy and automated ballast management; Freeboard margin increase and water-tight compartmentalization; Expanded design load cases (including typhoon/hurricane scenarios)。,正确,1.0,11.17,确定性规则问答,1.0,1.0,0,,1,,,,,,Ballast redundancy and automated ballast management; Freeboard margin increase and water-tight compartmentalization; Expanded design load cases (including typhoon/hurricane scenarios),,严酷度(S)；发生度(O)；可探测度(D)；潜在失效模式；建议措施,58,
745,745,Full全量模型,无,故障措施推荐类,风险画像查措施,故障措施查询,,,中等,在S/O/D为4.67/1.33/3.6的风险画像下，失效模式“Structural break”的建议措施是什么？,"Operational limits: weather windows, alarm thresholds for motions; Other- Specify; Expanded design load cases (including typhoon/hurricane scenarios); Better understanding of temperature ranges","项目/功能=Floating support structure / Floating Support structure / Primary structure & Welding；失效模式=Structural break [11]；建议措施=Operational limits: weather windows, alarm thresholds for motions; Other- Specify; Expanded design load cases (including typhoon/hurricane scenarios); Better understanding of temperature ranges。",正确,1.0,11.25,确定性规则问答,1.0,1.0,0,,1,,,,,,"Operational limits: weather windows, alarm thresholds for motions; Other- Specify; Expanded design load cases (including typhoon/hurricane scenarios); Better understanding of temperature ranges",,严酷度(S)；发生度(O)；可探测度(D)；潜在失效模式；建议措施,68,
746,746,Full全量模型,无,故障措施推荐类,风险画像查措施,故障措施查询,,,中等,在S/O/D为5/1.33/2.6的风险画像下，失效模式“Floater unit sinkage”的建议措施是什么？,"Operational limits: weather windows, alarm thresholds for motions; -; Expanded design load cases (including typhoon/hurricane scenarios); Freeboard margin increase and water-tight compartmentalization","项目/功能=Floating support structure / Floating Support structure / All structures；失效模式=Floater unit sinkage；建议措施=Operational limits: weather windows, alarm thresholds for motions; -; Expanded design load cases (including typhoon/hurricane scenarios); Freeboard margin increase and water-tight compartmentalization。",正确,1.0,12.55,确定性规则问答,1.0,1.0,0,,1,,,,,,"Operational limits: weather windows, alarm thresholds for motions; -; Expanded design load cases (including typhoon/hurricane scenarios); Freeboard margin increase and water-tight compartmentalization",,严酷度(S)；发生度(O)；可探测度(D)；潜在失效模式；建议措施,69,
747,747,Full全量模型,无,故障措施推荐类,风险画像查措施,故障措施查询,,,中等,在S/O/D为4.83/1.67/3.17的风险画像下，失效模式“Hit by dropped objects”的建议措施是什么？,Expanded design load cases (including typhoon/hurricane scenarios); High-fidelity coupled aero-hydro-elastic simulation in design updates; -,"项目/功能=Floating support structure / Floating Support structure / All structures；失效模式=Hit by dropped objects [1,9]；建议措施=Expanded design load cases (including typhoon/hurricane scenarios); High-fidelity coupled aero-hydro-elastic simulation in design updates; -。",正确,1.0,12.61,确定性规则问答,1.0,1.0,0,,1,,,,,,Expanded design load cases (including typhoon/hurricane scenarios); High-fidelity coupled aero-hydro-elastic simulation in design updates; -,,严酷度(S)；发生度(O)；可探测度(D)；潜在失效模式；建议措施,70,
748,748,Full全量模型,无,故障措施推荐类,风险画像查措施,故障措施查询,,,中等,在S/O/D为4.67/2.33/3的风险画像下，失效模式“Structural break”的建议措施是什么？,Expanded design load cases (including typhoon/hurricane scenarios); High-fidelity coupled aero-hydro-elastic simulation in design updates,项目/功能=Floating support structure / Floating Support structure / All structures；失效模式=Structural break [11]；建议措施=Expanded design load cases (including typhoon/hurricane scenarios); High-fidelity coupled aero-hydro-elastic simulation in design updates。,正确,1.0,12.7,确定性规则问答,1.0,1.0,0,,1,,,,,,Expanded design load cases (including typhoon/hurricane scenarios); High-fidelity coupled aero-hydro-elastic simulation in design updates,,严酷度(S)；发生度(O)；可探测度(D)；潜在失效模式；建议措施,71,
749,749,Full全量模型,无,故障措施推荐类,风险画像查措施,故障措施查询,,,中等,在S/O/D为4.5/2.33/3.6的风险画像下，失效模式“Structural break”的建议措施是什么？,"Operational limits: weather windows, alarm thresholds for motions; Other- Specify; -; Welding quality assurance and NDT enhancement (phased-array UT)","项目/功能=Floating support structure / Floating Support structure / All structures & Welding；失效模式=Structural break [11]；建议措施=Operational limits: weather windows, alarm thresholds for motions; Other- Specify; -; Welding quality assurance and NDT enhancement (phased-array UT)。",正确,1.0,12.54,确定性规则问答,1.0,1.0,0,,1,,,,,,"Operational limits: weather windows, alarm thresholds for motions; Other- Specify; -; Welding quality assurance and NDT enhancement (phased-array UT)",,严酷度(S)；发生度(O)；可探测度(D)；潜在失效模式；建议措施,72,
750,750,Full全量模型,无,故障措施推荐类,风险画像查措施,故障措施查询,,,中等,在S/O/D为4.2/2.2/3.8的风险画像下，失效模式“Anchor failure”的建议措施是什么？,"Continuous tension and vibration monitoring; thresholds for intervention; Procedural controls: load management, operational envelopes; Better design by expanded load case matrix including more failure modes; -","项目/功能=Station keeping / Anchor (AC)；失效模式=Anchor failure [1], [17]；建议措施=Continuous tension and vibration monitoring; thresholds for intervention; Procedural controls: load management, operational envelopes; Better design by expanded load case matrix including more failure modes; -。",正确,1.0,12.75,确定性规则问答,1.0,1.0,0,,2,,,,,,"Continuous tension and vibration monitoring; thresholds for intervention; Procedural controls: load management, operational envelopes; Better design by expanded load case matrix including more failure modes; -",,严酷度(S)；发生度(O)；可探测度(D)；潜在失效模式；建议措施,75,
751,751,Full全量模型,无,故障措施推荐类,风险画像查措施,故障措施查询,,,中等,在S/O/D为3.8/2.8/3的风险画像下，失效模式“Fairlead failure”的建议措施是什么？,Continuous tension and vibration monitoring; thresholds for intervention; Fairlead geometry improvements and low-wear lining; Optimized chain/wire/rope selection and fatigue margins (design); -,"项目/功能=Station keeping / Fairlead (FL)；失效模式=Fairlead failure [1], [17]；建议措施=Continuous tension and vibration monitoring; thresholds for intervention; Fairlead geometry improvements and low-wear lining; Optimized chain/wire/rope selection and fatigue margins (design); -；Cathodic protection and corrosion monitoring regimes; -。",正确,1.0,12.73,确定性规则问答,1.0,1.0,0,,2,,,,,,Continuous tension and vibration monitoring; thresholds for intervention; Fairlead geometry improvements and low-wear lining; Optimized chain/wire/rope selection and fatigue margins (design); -,,严酷度(S)；发生度(O)；可探测度(D)；潜在失效模式；建议措施,79,
752,752,Full全量模型,无,故障措施推荐类,风险画像查措施,故障措施查询,,,中等,在S/O/D为4/2.4/3.2的风险画像下，失效模式“Mooring line breakage”的建议措施是什么？,ROV visual inspections; targeted maintenance on wear zones; Diversity in materials/vendors to reduce common-cause risks; -,项目/功能=Station keeping / Mooring Lines (ML) / Mooring lines；失效模式=Mooring line breakage [8]；建议措施=ROV visual inspections; targeted maintenance on wear zones; Diversity in materials/vendors to reduce common-cause risks; -。,正确,1.0,12.53,确定性规则问答,1.0,1.0,0,,1,,,,,,ROV visual inspections; targeted maintenance on wear zones; Diversity in materials/vendors to reduce common-cause risks; -,,严酷度(S)；发生度(O)；可探测度(D)；潜在失效模式；建议措施,82,
753,753,Full全量模型,无,故障措施推荐类,风险画像查措施,故障措施查询,,,中等,在S/O/D为4/2/2.6的风险画像下，失效模式“Mooring line breakage”的建议措施是什么？,Continuous tension and vibration monitoring; thresholds for intervention; -,"项目/功能=Station keeping / Mooring lines (ML) / Mooring lines；失效模式=Mooring lines broken [1,3]；建议措施=ROV visual inspections; targeted maintenance on wear zones; Optimized chain/wire/rope selection and fatigue margins (design); Only chain and wire above MSL, keep fiber ropes wet; -；Continuous tension and vibration monitoring; thresholds for intervention; -。",正确,1.0,12.7,确定性规则问答,0.5,1.0,0,,2,,,,,,Continuous tension and vibration monitoring; thresholds for intervention; -,,严酷度(S)；发生度(O)；可探测度(D)；潜在失效模式；建议措施,83,
754,754,Full全量模型,无,故障措施推荐类,风险画像查措施,故障措施查询,,,中等,在S/O/D为4/2/3的风险画像下，失效模式“Mooring line breakage”的建议措施是什么？,Continuous tension and vibration monitoring; thresholds for intervention; -,项目/功能=Station keeping / Mooring Lines (ML) / Mooring lines；失效模式=Mooring line breakage[8]；建议措施=Continuous tension and vibration monitoring; thresholds for intervention; -。,正确,1.0,12.66,确定性规则问答,1.0,1.0,0,,1,,,,,,Continuous tension and vibration monitoring; thresholds for intervention; -,,严酷度(S)；发生度(O)；可探测度(D)；潜在失效模式；建议措施,84,
755,755,Full全量模型,无,故障措施推荐类,风险画像查措施,故障措施查询,,,中等,在S/O/D为3.6/2.8/3的风险画像下，失效模式“Mooring Line Corrosion”的建议措施是什么？,Continuous tension and vibration monitoring; thresholds for intervention; Optimized chain/wire/rope selection and fatigue margins (design); -,项目/功能=Station keeping / Mooring Lines (ML) / Mooring lines；失效模式=Mooring Line Corrosion [1]；建议措施=Continuous tension and vibration monitoring; thresholds for intervention; Optimized chain/wire/rope selection and fatigue margins (design); -；-。,正确,1.0,12.5,确定性规则问答,0.5,1.0,0,,2,,,,,,Continuous tension and vibration monitoring; thresholds for intervention; Optimized chain/wire/rope selection and fatigue margins (design); -,,严酷度(S)；发生度(O)；可探测度(D)；潜在失效模式；建议措施,85,
756,756,Full全量模型,无,故障措施推荐类,风险画像查措施,故障措施查询,,,中等,在S/O/D为3.6/3/3的风险画像下，失效模式“Mooring Line Fatigue”的建议措施是什么？,Continuous tension and vibration monitoring; thresholds for intervention; Optimized chain/wire/rope selection and fatigue margins (design); -,项目/功能=Station keeping / Mooring Lines (ML) / Mooring lines；失效模式=Mooring Line Fatigue [1]；建议措施=Continuous tension and vibration monitoring; thresholds for intervention; Optimized chain/wire/rope selection and fatigue margins (design); -。,正确,1.0,12.82,确定性规则问答,1.0,1.0,0,,1,,,,,,Continuous tension and vibration monitoring; thresholds for intervention; Optimized chain/wire/rope selection and fatigue margins (design); -,,严酷度(S)；发生度(O)；可探测度(D)；潜在失效模式；建议措施,87,
757,757,Full全量模型,无,故障措施推荐类,风险画像查措施,故障措施查询,,,中等,在S/O/D为4/2.4/2.6的风险画像下，失效模式“Mooring lines broken”的建议措施是什么？,"ROV visual inspections; targeted maintenance on wear zones; Optimized chain/wire/rope selection and fatigue margins (design); Only chain and wire above MSL, keep fiber ropes wet; -","项目/功能=Station keeping / Mooring lines (ML) / Mooring lines；失效模式=Mooring lines broken [1,3]；建议措施=ROV visual inspections; targeted maintenance on wear zones; Optimized chain/wire/rope selection and fatigue margins (design); Only chain and wire above MSL, keep fiber ropes wet; -。",正确,1.0,12.58,确定性规则问答,1.0,1.0,0,,1,,,,,,"ROV visual inspections; targeted maintenance on wear zones; Optimized chain/wire/rope selection and fatigue margins (design); Only chain and wire above MSL, keep fiber ropes wet; -",,严酷度(S)；发生度(O)；可探测度(D)；潜在失效模式；建议措施,91,
758,758,Full全量模型,无,故障措施推荐类,风险画像查措施,故障措施查询,,,中等,在S/O/D为4/2/2.6的风险画像下，失效模式“Mooring lines broken”的建议措施是什么？,"ROV visual inspections; targeted maintenance on wear zones; Optimized chain/wire/rope selection and fatigue margins (design); Only chain and wire above MSL, keep fiber ropes wet; -","项目/功能=Station keeping / Mooring lines (ML) / Mooring lines；失效模式=Mooring lines broken [1,3]；建议措施=ROV visual inspections; targeted maintenance on wear zones; Optimized chain/wire/rope selection and fatigue margins (design); Only chain and wire above MSL, keep fiber ropes wet; -；Continuous tension and vibration monitoring; thresholds for intervention; -。",正确,1.0,12.58,确定性规则问答,0.5,1.0,0,,2,,,,,,"ROV visual inspections; targeted maintenance on wear zones; Optimized chain/wire/rope selection and fatigue margins (design); Only chain and wire above MSL, keep fiber ropes wet; -",,严酷度(S)；发生度(O)；可探测度(D)；潜在失效模式；建议措施,92,
759,759,Full全量模型,无,故障措施推荐类,风险画像查措施,故障措施查询,,,中等,在S/O/D为4/2.2/2.6的风险画像下，失效模式“Mooring lines broken”的建议措施是什么？,"ROV visual inspections; targeted maintenance on wear zones; Optimized chain/wire/rope selection and fatigue margins (design); Only chain and wire above MSL, keep fiber ropes wet; -","项目/功能=Station keeping / Mooring lines (ML) / Mooring lines；失效模式=Mooring lines broken [1,3]；建议措施=ROV visual inspections; targeted maintenance on wear zones; Optimized chain/wire/rope selection and fatigue margins (design); Only chain and wire above MSL, keep fiber ropes wet; -。",正确,1.0,12.79,确定性规则问答,1.0,1.0,0,,1,,,,,,"ROV visual inspections; targeted maintenance on wear zones; Optimized chain/wire/rope selection and fatigue margins (design); Only chain and wire above MSL, keep fiber ropes wet; -",,严酷度(S)；发生度(O)；可探测度(D)；潜在失效模式；建议措施,93,
760,760,Full全量模型,无,故障措施推荐类,风险画像查措施,故障措施查询,,,中等,在S/O/D为4/2.2/3的风险画像下，失效模式“Mooring lines broken”的建议措施是什么？,ROV visual inspections; targeted maintenance on wear zones; -,"项目/功能=Station keeping / Mooring lines (ML) / Mooring lines；失效模式=Mooring lines broken [1,3]；建议措施=ROV visual inspections; targeted maintenance on wear zones; -。",正确,1.0,12.87,确定性规则问答,1.0,1.0,0,,1,,,,,,ROV visual inspections; targeted maintenance on wear zones; -,,严酷度(S)；发生度(O)；可探测度(D)；潜在失效模式；建议措施,94,
761,761,Full全量模型,无,故障措施推荐类,风险画像查措施,故障措施查询,,,中等,在S/O/D为4/2/3.2的风险画像下，失效模式“Mooring winch failure”的建议措施是什么？,"Continuous tension and vibration monitoring; thresholds for intervention; Procedural controls: load management, operational envelopes; -","项目/功能=Station keeping / Mooring lines (ML) / Mooring winch；失效模式=Mooring winch failure [1]；建议措施=Continuous tension and vibration monitoring; thresholds for intervention; Procedural controls: load management, operational envelopes; -。",正确,1.0,17.73,确定性规则问答,1.0,1.0,0,,1,,,,,,"Continuous tension and vibration monitoring; thresholds for intervention; Procedural controls: load management, operational envelopes; -",,严酷度(S)；发生度(O)；可探测度(D)；潜在失效模式；建议措施,96,
762,762,Full全量模型,无,故障措施推荐类,风险画像查措施,故障措施查询,,,中等,在S/O/D为4.2/2.2/3.75的风险画像下，失效模式“accelerated mechanical fatigue”的建议措施是什么？,"Monitoring: DTS/RTTR, electrical integrity tests, leak detection; Lazy-wave configuration optimization; buoyancy spacing; hang-off upgrades; -","项目/功能=Dynamic cable / Dynamic Cable / Dynamic Cable/；失效模式=accelerated mechanical fatigue；建议措施=Monitoring: DTS/RTTR, electrical integrity tests, leak detection; Lazy-wave configuration optimization; buoyancy spacing; hang-off upgrades; -。",正确,1.0,12.74,确定性规则问答,1.0,1.0,0,,1,,,,,,"Monitoring: DTS/RTTR, electrical integrity tests, leak detection; Lazy-wave configuration optimization; buoyancy spacing; hang-off upgrades; -",,严酷度(S)；发生度(O)；可探测度(D)；潜在失效模式；建议措施,97,
763,763,Full全量模型,无,故障措施推荐类,风险画像查措施,故障措施查询,,,中等,在S/O/D为3.2/2/3.4的风险画像下，失效模式“Corrosion of J-tube”的建议措施是什么？,-; Cathodic protection; coating improvements,项目/功能=Dynamic cable / Dynamic Cable / J-tube；失效模式=Corrosion of J-tube [6]；建议措施=-; Cathodic protection; coating improvements。,正确,1.0,12.72,确定性规则问答,1.0,1.0,0,,1,,,,,,-; Cathodic protection; coating improvements,,严酷度(S)；发生度(O)；可探测度(D)；潜在失效模式；建议措施,101,
764,764,Full全量模型,无,故障措施推荐类,风险画像查措施,故障措施查询,,,中等,在S/O/D为3.2/1.75/3.5的风险画像下，失效模式“damage and corrosion of mechanical parts”的建议措施是什么？,-; Design review; improved material selection,项目/功能=Dynamic cable / Dynamic Cable / Hang-off；失效模式=damage and corrosion of mechanical parts；建议措施=-; Design review; improved material selection。,正确,1.0,12.78,确定性规则问答,1.0,1.0,0,,1,,,,,,-; Design review; improved material selection,,严酷度(S)；发生度(O)；可探测度(D)；潜在失效模式；建议措施,103,
765,765,Full全量模型,无,故障措施推荐类,风险画像查措施,故障措施查询,,,中等,在S/O/D为3.2/2/3.2的风险画像下，失效模式“Debris disturbance”的建议措施是什么？,-; Environmental protections; debris management,项目/功能=Dynamic cable / Dynamic Cable / Dynamic Cable/；失效模式=Debris disturbance；建议措施=-; Environmental protections; debris management。,正确,1.0,12.99,确定性规则问答,1.0,1.0,0,,1,,,,,,-; Environmental protections; debris management,,严酷度(S)；发生度(O)；可探测度(D)；潜在失效模式；建议措施,104,
766,766,Full全量模型,无,故障措施推荐类,风险画像查措施,故障措施查询,,,中等,在S/O/D为4.4/2/2.4的风险画像下，失效模式“Detachment”的建议措施是什么？,-; Design review; improved material selection,项目/功能=Dynamic cable / Dynamic Cable / Dynamic Cable/；失效模式=Detachment；建议措施=-; Design review; improved material selection。,正确,1.0,12.85,确定性规则问答,1.0,1.0,0,,1,,,,,,-; Design review; improved material selection,,严酷度(S)；发生度(O)；可探测度(D)；潜在失效模式；建议措施,105,
767,767,Full全量模型,无,故障措施推荐类,风险画像查措施,故障措施查询,,,中等,在S/O/D为3.8/2.6/3.2的风险画像下，失效模式“Failure of end termination”的建议措施是什么？,-; Design improvements; enhanced termination QA,项目/功能=Dynamic cable / Dynamic Cable / Joints and terminations；失效模式=Failure of end termination [6]；建议措施=-; Design improvements; enhanced termination QA。,正确,1.0,12.77,确定性规则问答,1.0,1.0,0,,1,,,,,,-; Design improvements; enhanced termination QA,,严酷度(S)；发生度(O)；可探测度(D)；潜在失效模式；建议措施,107,
768,768,Full全量模型,无,故障措施推荐类,风险画像查措施,故障措施查询,,,中等,在S/O/D为4.2/2.6/3的风险画像下，失效模式“Failure of watertightness”的建议措施是什么？,"Installation QA/QC: pull-in tension verification, handling procedures; Watertightness assurance: enhanced sealing tests; end termination QA; -","项目/功能=Dynamic cable / Dynamic Cable / Dynamic Cable/；失效模式=Failure of watertightness；建议措施=Installation QA/QC: pull-in tension verification, handling procedures; Watertightness assurance: enhanced sealing tests; end termination QA; -。",正确,1.0,12.56,确定性规则问答,1.0,1.0,0,,1,,,,,,"Installation QA/QC: pull-in tension verification, handling procedures; Watertightness assurance: enhanced sealing tests; end termination QA; -",,严酷度(S)；发生度(O)；可探测度(D)；潜在失效模式；建议措施,112,
769,769,Full全量模型,无,故障措施推荐类,风险画像查措施,故障措施查询,,,中等,在S/O/D为4.2/2/3.6的风险画像下，失效模式“Failure of watertightness”的建议措施是什么？,Watertightness assurance: enhanced sealing tests; end termination QA; -,项目/功能=Dynamic cable / Dynamic Cable / Dynamic Cable/；失效模式=Failure of watertightness；建议措施=Watertightness assurance: enhanced sealing tests; end termination QA; -。,正确,1.0,12.5,确定性规则问答,1.0,1.0,0,,1,,,,,,Watertightness assurance: enhanced sealing tests; end termination QA; -,,严酷度(S)；发生度(O)；可探测度(D)；潜在失效模式；建议措施,113,
770,770,Full全量模型,无,故障措施推荐类,风险画像查措施,故障措施查询,,,中等,在S/O/D为4.2/2.4/2.4的风险画像下，失效模式“failures of conductors”的建议措施是什么？,"-; Monitoring (DTS/RTTR, electrical integrity tests)","项目/功能=Dynamic cable / Dynamic Cable / Conductor；失效模式=failures of conductors；建议措施=-; Monitoring (DTS/RTTR, electrical integrity tests)。",正确,1.0,12.4,确定性规则问答,1.0,1.0,0,,1,,,,,,"-; Monitoring (DTS/RTTR, electrical integrity tests)",,严酷度(S)；发生度(O)；可探测度(D)；潜在失效模式；建议措施,114,
771,771,Full全量模型,无,故障措施推荐类,风险画像查措施,故障措施查询,,,中等,在S/O/D为4.2/2.4/3.6的风险画像下，失效模式“Fatigue Cracks”的建议措施是什么？,"Monitoring: DTS/RTTR, electrical integrity tests, leak detection; -","项目/功能=Dynamic cable / Dynamic Cable / Dynamic Cable/；失效模式=Fatigue Cracks；建议措施=Monitoring: DTS/RTTR, electrical integrity tests, leak detection; -。",正确,1.0,12.54,确定性规则问答,1.0,1.0,0,,1,,,,,,"Monitoring: DTS/RTTR, electrical integrity tests, leak detection; -",,严酷度(S)；发生度(O)；可探测度(D)；潜在失效模式；建议措施,115,
772,772,Full全量模型,无,故障措施推荐类,风险画像查措施,故障措施查询,,,中等,在S/O/D为4.4/1.8/3的风险画像下，失效模式“material degradation”的建议措施是什么？,"Monitoring: DTS/RTTR, electrical integrity tests, leak detection; -","项目/功能=Dynamic cable / Dynamic Cable / Dynamic Cable/；失效模式=material degradation；建议措施=Monitoring: DTS/RTTR, electrical integrity tests, leak detection; -。",正确,1.0,12.46,确定性规则问答,1.0,1.0,0,,1,,,,,,"Monitoring: DTS/RTTR, electrical integrity tests, leak detection; -",,严酷度(S)；发生度(O)；可探测度(D)；潜在失效模式；建议措施,119,
773,773,Full全量模型,无,故障措施推荐类,风险画像查措施,故障措施查询,,,中等,在S/O/D为3.8/2.6/4.4的风险画像下，失效模式“Movement of CPS due to scour/seabed mobility”的建议措施是什么？,Burial/trenching optimization; scour mitigation; as-built metrology; -,项目/功能=Dynamic cable / Dynamic Cable / Cable Protection System (CPS)；失效模式=Movement of CPS due to scour/seabed mobility [6]；建议措施=Burial/trenching optimization; scour mitigation; as-built metrology; -。,正确,1.0,12.7,确定性规则问答,1.0,1.0,0,,1,,,,,,Burial/trenching optimization; scour mitigation; as-built metrology; -,,严酷度(S)；发生度(O)；可探测度(D)；潜在失效模式；建议措施,122,
774,774,Full全量模型,无,故障措施推荐类,风险画像查措施,故障措施查询,,,中等,在S/O/D为3.8/2.8/4的风险画像下，失效模式“Movement of CPS due to scour/seabed mobility”的建议措施是什么？,Burial/trenching optimization; scour mitigation; as-built metrology; -,项目/功能=Dynamic cable / Dynamic Cable / Cable Protection System (CPS)；失效模式=Movement of CPS due to scour/seabed mobility [6]；建议措施=Burial/trenching optimization; scour mitigation; as-built metrology; -。,正确,1.0,12.65,确定性规则问答,1.0,1.0,0,,1,,,,,,Burial/trenching optimization; scour mitigation; as-built metrology; -,,严酷度(S)；发生度(O)；可探测度(D)；潜在失效模式；建议措施,123,
775,775,Full全量模型,无,故障措施推荐类,风险画像查措施,故障措施查询,,,中等,在S/O/D为3.6/2.4/3.8的风险画像下，失效模式“Reduced sediment cover lower than designed value for protection”的建议措施是什么？,"Burial/trenching optimization; scour mitigation; as-built metrology; Monitoring: DTS/RTTR, electrical integrity tests, leak detection; -","项目/功能=Dynamic cable / Dynamic Cable / Static cable/Export Cable；失效模式=Reduced sediment cover lower than designed value for protection [6]；建议措施=Burial/trenching optimization; scour mitigation; as-built metrology; Monitoring: DTS/RTTR, electrical integrity tests, leak detection; -。",正确,1.0,12.68,确定性规则问答,1.0,1.0,0,,1,,,,,,"Burial/trenching optimization; scour mitigation; as-built metrology; Monitoring: DTS/RTTR, electrical integrity tests, leak detection; -",,严酷度(S)；发生度(O)；可探测度(D)；潜在失效模式；建议措施,125,
776,776,Full全量模型,无,故障措施推荐类,风险画像查措施,故障措施查询,,,中等,在S/O/D为3.4/2.6/3.2的风险画像下，失效模式“Small bending radius”的建议措施是什么？,Lazy-wave configuration optimization; buoyancy spacing; hang-off upgrades; -,项目/功能=Dynamic cable / Dynamic Cable / Dynamic Cable/；失效模式=Small bending radius；建议措施=Lazy-wave configuration optimization; buoyancy spacing; hang-off upgrades; -。,正确,1.0,12.6,确定性规则问答,1.0,1.0,0,,1,,,,,,Lazy-wave configuration optimization; buoyancy spacing; hang-off upgrades; -,,严酷度(S)；发生度(O)；可探测度(D)；潜在失效模式；建议措施,128,
777,777,Full全量模型,无,故障措施推荐类,fmea_id_to_action,故障措施查询,,,简单,FMEA编号FF1的建议措施是什么？,Expanded design load cases (including typhoon/hurricane scenarios); Freeboard margin increase and water-tight compartmentalization; Improve engineering skills,FMEA编号“FF1”对应的失效模式“Capsize [11]”的建议措施是：Expanded design load cases (including typhoon/hurricane scenarios); Freeboard margin increase and water-tight compartmentalization; Improve engineering skills。,正确,1.0,3.13,CSV直答,1.0,1.0,0,,1,,,,,,Expanded design load cases (including typhoon/hurricane scenarios); Freeboard margin increase and water-tight compartmentalization; Improve engineering skills,,FMEA编号；建议措施,45,
778,778,Full全量模型,无,故障措施推荐类,fmea_id_to_action,故障措施查询,,,简单,FMEA编号FF2这条风险，建议怎么处理？,Expanded design load cases (including typhoon/hurricane scenarios); -; Improved engineering skills,FMEA编号“FF2”对应的失效模式“Capsize [11]”的建议措施是：Expanded design load cases (including typhoon/hurricane scenarios); -; Improved engineering skills。,正确,1.0,2.8,CSV直答,1.0,1.0,0,,1,,,,,,Expanded design load cases (including typhoon/hurricane scenarios); -; Improved engineering skills,,FMEA编号；建议措施,46,
779,779,Full全量模型,无,故障措施推荐类,fmea_id_to_action,故障措施查询,,,中等,查一下FMEA编号FF5对应的处理措施。,Expanded design load cases (including typhoon/hurricane scenarios); -,FMEA编号“FF5”对应的失效模式“Structural break [11]”的建议措施是：Expanded design load cases (including typhoon/hurricane scenarios); -。,正确,1.0,2.77,CSV直答,1.0,1.0,0,,1,,,,,,Expanded design load cases (including typhoon/hurricane scenarios); -,,FMEA编号；建议措施,49,
780,780,Full全量模型,无,故障措施推荐类,fmea_id_to_action,故障措施查询,,,简单,FMEA编号FF6这条FMEA记录，需要采取什么建议措施？,Freeboard margin increase and water-tight compartmentalization; -; Expanded design load cases (including typhoon/hurricane scenarios); Improved cable mechnical design,FMEA编号“FF6”对应的失效模式“Additional Structures Failures”的建议措施是：Freeboard margin increase and water-tight compartmentalization; -; Expanded design load cases (including typhoon/hurricane scenarios); Improved cable mechnical design。,正确,1.0,2.73,CSV直答,1.0,1.0,0,,1,,,,,,Freeboard margin increase and water-tight compartmentalization; -; Expanded design load cases (including typhoon/hurricane scenarios); Improved cable mechnical design,,FMEA编号；建议措施,50,
781,781,Full全量模型,无,故障措施推荐类,fmea_id_to_action,故障措施查询,,,简单,FMEA编号FF8的后续改进措施写了什么？,"Expanded design load cases (including typhoon/hurricane scenarios); Operational limits: weather windows, alarm thresholds for motions; Resonance avoidance via structural tuning/damping","FMEA编号“FF8”对应的失效模式“Capsize [11]”的建议措施是：Expanded design load cases (including typhoon/hurricane scenarios); Operational limits: weather windows, alarm thresholds for motions; Resonance avoidance via structural tuning/damping。",正确,1.0,2.76,CSV直答,1.0,1.0,0,,1,,,,,,"Expanded design load cases (including typhoon/hurricane scenarios); Operational limits: weather windows, alarm thresholds for motions; Resonance avoidance via structural tuning/damping",,FMEA编号；建议措施,52,
782,782,Full全量模型,无,故障措施推荐类,fmea_id_to_action,故障措施查询,,,中等,FMEA编号FF9的建议措施是什么？,Expanded design load cases (including typhoon/hurricane scenarios); Resonance avoidance via structural tuning/damping; High-fidelity coupled aero-hydro-elastic simulation in design updates,FMEA编号“FF9”对应的失效模式“Cracks [11]”的建议措施是：Expanded design load cases (including typhoon/hurricane scenarios); Resonance avoidance via structural tuning/damping; High-fidelity coupled aero-hydro-elastic simulation in design updates。,正确,1.0,2.79,CSV直答,1.0,1.0,0,,1,,,,,,Expanded design load cases (including typhoon/hurricane scenarios); Resonance avoidance via structural tuning/damping; High-fidelity coupled aero-hydro-elastic simulation in design updates,,FMEA编号；建议措施,53,
783,783,Full全量模型,无,故障措施推荐类,fmea_id_to_action,故障措施查询,,,简单,FMEA编号FF14这条风险，建议怎么处理？,Ballast redundancy and automated ballast management; Freeboard margin increase and water-tight compartmentalization; Expanded design load cases (including typhoon/hurricane scenarios),FMEA编号“FF14”对应的失效模式“Floater unit sinkage”的建议措施是：Ballast redundancy and automated ballast management; Freeboard margin increase and water-tight compartmentalization; Expanded design load cases (including typhoon/hurricane scenarios)。,正确,1.0,2.75,CSV直答,1.0,1.0,0,,1,,,,,,Ballast redundancy and automated ballast management; Freeboard margin increase and water-tight compartmentalization; Expanded design load cases (including typhoon/hurricane scenarios),,FMEA编号；建议措施,58,
784,784,Full全量模型,无,故障措施推荐类,fmea_id_to_action,故障措施查询,,,简单,查一下FMEA编号FF24对应的处理措施。,"Operational limits: weather windows, alarm thresholds for motions; Other- Specify; Expanded design load cases (including typhoon/hurricane scenarios); Better understanding of temperature ranges","FMEA编号“FF24”对应的失效模式“Structural break [11]”的建议措施是：Operational limits: weather windows, alarm thresholds for motions; Other- Specify; Expanded design load cases (including typhoon/hurricane scenarios); Better understanding of temperature ranges。",正确,1.0,2.75,CSV直答,1.0,1.0,0,,1,,,,,,"Operational limits: weather windows, alarm thresholds for motions; Other- Specify; Expanded design load cases (including typhoon/hurricane scenarios); Better understanding of temperature ranges",,FMEA编号；建议措施,68,
785,785,Full全量模型,无,故障措施推荐类,fmea_id_to_action,故障措施查询,,,中等,FMEA编号FF25这条FMEA记录，需要采取什么建议措施？,"Operational limits: weather windows, alarm thresholds for motions; -; Expanded design load cases (including typhoon/hurricane scenarios); Freeboard margin increase and water-tight compartmentalization","FMEA编号“FF25”对应的失效模式“Floater unit sinkage”的建议措施是：Operational limits: weather windows, alarm thresholds for motions; -; Expanded design load cases (including typhoon/hurricane scenarios); Freeboard margin increase and water-tight compartmentalization。",正确,1.0,2.8,CSV直答,1.0,1.0,0,,1,,,,,,"Operational limits: weather windows, alarm thresholds for motions; -; Expanded design load cases (including typhoon/hurricane scenarios); Freeboard margin increase and water-tight compartmentalization",,FMEA编号；建议措施,69,
786,786,Full全量模型,无,故障措施推荐类,fmea_id_to_action,故障措施查询,,,简单,FMEA编号FF26的后续改进措施写了什么？,Expanded design load cases (including typhoon/hurricane scenarios); High-fidelity coupled aero-hydro-elastic simulation in design updates; -,"FMEA编号“FF26”对应的失效模式“Hit by dropped objects [1,9]”的建议措施是：Expanded design load cases (including typhoon/hurricane scenarios); High-fidelity coupled aero-hydro-elastic simulation in design updates; -。",正确,1.0,2.75,CSV直答,1.0,1.0,0,,1,,,,,,Expanded design load cases (including typhoon/hurricane scenarios); High-fidelity coupled aero-hydro-elastic simulation in design updates; -,,FMEA编号；建议措施,70,
787,787,Full全量模型,无,故障措施推荐类,fmea_id_to_action,故障措施查询,,,简单,FMEA编号FF27的建议措施是什么？,Expanded design load cases (including typhoon/hurricane scenarios); High-fidelity coupled aero-hydro-elastic simulation in design updates,FMEA编号“FF27”对应的失效模式“Structural break [11]”的建议措施是：Expanded design load cases (including typhoon/hurricane scenarios); High-fidelity coupled aero-hydro-elastic simulation in design updates。,正确,1.0,2.86,CSV直答,1.0,1.0,0,,1,,,,,,Expanded design load cases (including typhoon/hurricane scenarios); High-fidelity coupled aero-hydro-elastic simulation in design updates,,FMEA编号；建议措施,71,
788,788,Full全量模型,无,故障措施推荐类,fmea_id_to_action,故障措施查询,,,中等,FMEA编号FF28这条风险，建议怎么处理？,"Operational limits: weather windows, alarm thresholds for motions; Other- Specify; -; Welding quality assurance and NDT enhancement (phased-array UT)","FMEA编号“FF28”对应的失效模式“Structural break [11]”的建议措施是：Operational limits: weather windows, alarm thresholds for motions; Other- Specify; -; Welding quality assurance and NDT enhancement (phased-array UT)。",正确,1.0,2.8,CSV直答,1.0,1.0,0,,1,,,,,,"Operational limits: weather windows, alarm thresholds for motions; Other- Specify; -; Welding quality assurance and NDT enhancement (phased-array UT)",,FMEA编号；建议措施,72,
789,789,Full全量模型,无,故障措施推荐类,fmea_id_to_action,故障措施查询,,,简单,查一下FMEA编号SKS1对应的处理措施。,"Continuous tension and vibration monitoring; thresholds for intervention; Procedural controls: load management, operational envelopes; Better design by expanded load case matrix including more failure modes; -","FMEA编号“SKS1”对应的失效模式“Anchor failure [1], [17]”的建议措施是：Continuous tension and vibration monitoring; thresholds for intervention; Procedural controls: load management, operational envelopes; Better design by expanded load case matrix including more failure modes; -。",正确,1.0,2.78,CSV直答,1.0,1.0,0,,1,,,,,,"Continuous tension and vibration monitoring; thresholds for intervention; Procedural controls: load management, operational envelopes; Better design by expanded load case matrix including more failure modes; -",,FMEA编号；建议措施,75,
790,790,Full全量模型,无,故障措施推荐类,fmea_id_to_action,故障措施查询,,,简单,FMEA编号SKS2这条FMEA记录，需要采取什么建议措施？,"Continuous tension and vibration monitoring; thresholds for intervention; Procedural controls: load management, operational envelopes; Better design by expanded load case matrix including more failure modes; -","FMEA编号“SKS2”对应的失效模式“Anchor failure [1], [17]”的建议措施是：Continuous tension and vibration monitoring; thresholds for intervention; Procedural controls: load management, operational envelopes; Better design by expanded load case matrix including more failure modes; -。",正确,1.0,2.77,CSV直答,1.0,1.0,0,,1,,,,,,"Continuous tension and vibration monitoring; thresholds for intervention; Procedural controls: load management, operational envelopes; Better design by expanded load case matrix including more failure modes; -",,FMEA编号；建议措施,76,
791,791,Full全量模型,无,故障措施推荐类,fmea_id_to_action,故障措施查询,,,中等,FMEA编号SKS5的后续改进措施写了什么？,Continuous tension and vibration monitoring; thresholds for intervention; Fairlead geometry improvements and low-wear lining; Optimized chain/wire/rope selection and fatigue margins (design); -,"FMEA编号“SKS5”对应的失效模式“Fairlead failure [1], [17]”的建议措施是：Continuous tension and vibration monitoring; thresholds for intervention; Fairlead geometry improvements and low-wear lining; Optimized chain/wire/rope selection and fatigue margins (design); -。",正确,1.0,2.83,CSV直答,1.0,1.0,0,,1,,,,,,Continuous tension and vibration monitoring; thresholds for intervention; Fairlead geometry improvements and low-wear lining; Optimized chain/wire/rope selection and fatigue margins (design); -,,FMEA编号；建议措施,79,
792,792,Full全量模型,无,故障措施推荐类,fmea_id_to_action,故障措施查询,,,简单,FMEA编号SKS6的建议措施是什么？,Cathodic protection and corrosion monitoring regimes; -,"FMEA编号“SKS6”对应的失效模式“Fairlead failure [1],[17]”的建议措施是：Cathodic protection and corrosion monitoring regimes; -。",正确,1.0,2.75,CSV直答,1.0,1.0,0,,1,,,,,,Cathodic protection and corrosion monitoring regimes; -,,FMEA编号；建议措施,80,
793,793,Full全量模型,无,故障措施推荐类,fmea_id_to_action,故障措施查询,,,简单,FMEA编号SKS8这条风险，建议怎么处理？,ROV visual inspections; targeted maintenance on wear zones; Diversity in materials/vendors to reduce common-cause risks; -,FMEA编号“SKS8”对应的失效模式“Mooring line breakage [8]”的建议措施是：ROV visual inspections; targeted maintenance on wear zones; Diversity in materials/vendors to reduce common-cause risks; -。,正确,1.0,2.75,CSV直答,1.0,1.0,0,,1,,,,,,ROV visual inspections; targeted maintenance on wear zones; Diversity in materials/vendors to reduce common-cause risks; -,,FMEA编号；建议措施,82,
794,794,Full全量模型,无,故障措施推荐类,fmea_id_to_action,故障措施查询,,,中等,查一下FMEA编号SKS9对应的处理措施。,Continuous tension and vibration monitoring; thresholds for intervention; -,FMEA编号“SKS9”对应的失效模式“Mooring line breakage[8]”的建议措施是：Continuous tension and vibration monitoring; thresholds for intervention; -。,正确,1.0,2.74,CSV直答,1.0,1.0,0,,1,,,,,,Continuous tension and vibration monitoring; thresholds for intervention; -,,FMEA编号；建议措施,83,
795,795,Full全量模型,无,故障措施推荐类,fmea_id_to_action,故障措施查询,,,简单,FMEA编号SKS10这条FMEA记录，需要采取什么建议措施？,Continuous tension and vibration monitoring; thresholds for intervention; -,FMEA编号“SKS10”对应的失效模式“Mooring line breakage[8]”的建议措施是：Continuous tension and vibration monitoring; thresholds for intervention; -。,正确,1.0,2.75,CSV直答,1.0,1.0,0,,1,,,,,,Continuous tension and vibration monitoring; thresholds for intervention; -,,FMEA编号；建议措施,84,
796,796,Full全量模型,无,故障措施推荐类,fmea_id_to_action,故障措施查询,,,简单,FMEA编号SKS11的后续改进措施写了什么？,Continuous tension and vibration monitoring; thresholds for intervention; Optimized chain/wire/rope selection and fatigue margins (design); -,FMEA编号“SKS11”对应的失效模式“Mooring Line Corrosion [1]”的建议措施是：Continuous tension and vibration monitoring; thresholds for intervention; Optimized chain/wire/rope selection and fatigue margins (design); -。,正确,1.0,2.72,CSV直答,1.0,1.0,0,,1,,,,,,Continuous tension and vibration monitoring; thresholds for intervention; Optimized chain/wire/rope selection and fatigue margins (design); -,,FMEA编号；建议措施,85,
797,797,Full全量模型,无,故障措施推荐类,fmea_id_to_action,故障措施查询,,,中等,FMEA编号SKS13的建议措施是什么？,Continuous tension and vibration monitoring; thresholds for intervention; Optimized chain/wire/rope selection and fatigue margins (design); -,FMEA编号“SKS13”对应的失效模式“Mooring Line Fatigue [1]”的建议措施是：Continuous tension and vibration monitoring; thresholds for intervention; Optimized chain/wire/rope selection and fatigue margins (design); -。,正确,1.0,2.8,CSV直答,1.0,1.0,0,,1,,,,,,Continuous tension and vibration monitoring; thresholds for intervention; Optimized chain/wire/rope selection and fatigue margins (design); -,,FMEA编号；建议措施,87,
798,798,Full全量模型,无,故障措施推荐类,fmea_id_to_action,故障措施查询,,,简单,FMEA编号SKS17这条风险，建议怎么处理？,"ROV visual inspections; targeted maintenance on wear zones; Optimized chain/wire/rope selection and fatigue margins (design); Only chain and wire above MSL, keep fiber ropes wet; -","FMEA编号“SKS17”对应的失效模式“Mooring lines broken [1,3]”的建议措施是：ROV visual inspections; targeted maintenance on wear zones; Optimized chain/wire/rope selection and fatigue margins (design); Only chain and wire above MSL, keep fiber ropes wet; -。",正确,1.0,2.82,CSV直答,1.0,1.0,0,,1,,,,,,"ROV visual inspections; targeted maintenance on wear zones; Optimized chain/wire/rope selection and fatigue margins (design); Only chain and wire above MSL, keep fiber ropes wet; -",,FMEA编号；建议措施,91,
799,799,Full全量模型,无,故障措施推荐类,fmea_id_to_action,故障措施查询,,,简单,查一下FMEA编号SKS18对应的处理措施。,"ROV visual inspections; targeted maintenance on wear zones; Optimized chain/wire/rope selection and fatigue margins (design); Only chain and wire above MSL, keep fiber ropes wet; -","FMEA编号“SKS18”对应的失效模式“Mooring lines broken [1,3]”的建议措施是：ROV visual inspections; targeted maintenance on wear zones; Optimized chain/wire/rope selection and fatigue margins (design); Only chain and wire above MSL, keep fiber ropes wet; -。",正确,1.0,2.76,CSV直答,1.0,1.0,0,,1,,,,,,"ROV visual inspections; targeted maintenance on wear zones; Optimized chain/wire/rope selection and fatigue margins (design); Only chain and wire above MSL, keep fiber ropes wet; -",,FMEA编号；建议措施,92,
800,800,Full全量模型,无,故障措施推荐类,fmea_id_to_action,故障措施查询,,,中等,FMEA编号SKS19这条FMEA记录，需要采取什么建议措施？,"ROV visual inspections; targeted maintenance on wear zones; Optimized chain/wire/rope selection and fatigue margins (design); Only chain and wire above MSL, keep fiber ropes wet; -","FMEA编号“SKS19”对应的失效模式“Mooring lines broken [1,3]”的建议措施是：ROV visual inspections; targeted maintenance on wear zones; Optimized chain/wire/rope selection and fatigue margins (design); Only chain and wire above MSL, keep fiber ropes wet; -。",正确,1.0,2.79,CSV直答,1.0,1.0,0,,1,,,,,,"ROV visual inspections; targeted maintenance on wear zones; Optimized chain/wire/rope selection and fatigue margins (design); Only chain and wire above MSL, keep fiber ropes wet; -",,FMEA编号；建议措施,93,
801,801,Full全量模型,无,故障措施推荐类,fmea_id_to_action,故障措施查询,,,简单,FMEA编号SKS20的后续改进措施写了什么？,ROV visual inspections; targeted maintenance on wear zones; -,"FMEA编号“SKS20”对应的失效模式“Mooring lines broken [1,3]”的建议措施是：ROV visual inspections; targeted maintenance on wear zones; -。",正确,1.0,2.73,CSV直答,1.0,1.0,0,,1,,,,,,ROV visual inspections; targeted maintenance on wear zones; -,,FMEA编号；建议措施,94,
802,802,Full全量模型,无,故障措施推荐类,fmea_id_to_action,故障措施查询,,,简单,FMEA编号SKS22的建议措施是什么？,"Continuous tension and vibration monitoring; thresholds for intervention; Procedural controls: load management, operational envelopes; -","FMEA编号“SKS22”对应的失效模式“Mooring winch failure [1]”的建议措施是：Continuous tension and vibration monitoring; thresholds for intervention; Procedural controls: load management, operational envelopes; -。",正确,1.0,2.73,CSV直答,1.0,1.0,0,,1,,,,,,"Continuous tension and vibration monitoring; thresholds for intervention; Procedural controls: load management, operational envelopes; -",,FMEA编号；建议措施,96,
803,803,Full全量模型,无,故障措施推荐类,fmea_id_to_action,故障措施查询,,,中等,FMEA编号DC1这条风险，建议怎么处理？,"Monitoring: DTS/RTTR, electrical integrity tests, leak detection; Lazy-wave configuration optimization; buoyancy spacing; hang-off upgrades; -","FMEA编号“DC1”对应的失效模式“accelerated mechanical fatigue”的建议措施是：Monitoring: DTS/RTTR, electrical integrity tests, leak detection; Lazy-wave configuration optimization; buoyancy spacing; hang-off upgrades; -。",正确,1.0,2.95,CSV直答,1.0,1.0,0,,1,,,,,,"Monitoring: DTS/RTTR, electrical integrity tests, leak detection; Lazy-wave configuration optimization; buoyancy spacing; hang-off upgrades; -",,FMEA编号；建议措施,97,
804,804,Full全量模型,无,故障措施推荐类,fmea_id_to_action,故障措施查询,,,简单,查一下FMEA编号DC5对应的处理措施。,-; Cathodic protection; coating improvements,FMEA编号“DC5”对应的失效模式“Corrosion of J-tube [6]”的建议措施是：-; Cathodic protection; coating improvements。,正确,1.0,3.32,CSV直答,1.0,1.0,0,,1,,,,,,-; Cathodic protection; coating improvements,,FMEA编号；建议措施,101,
805,805,Full全量模型,无,故障措施推荐类,fmea_id_to_action,故障措施查询,,,简单,FMEA编号DC7这条FMEA记录，需要采取什么建议措施？,-; Design review; improved material selection,FMEA编号“DC7”对应的失效模式“damage and corrosion of mechanical parts”的建议措施是：-; Design review; improved material selection。,正确,1.0,3.34,CSV直答,1.0,1.0,0,,1,,,,,,-; Design review; improved material selection,,FMEA编号；建议措施,103,
806,806,Full全量模型,无,故障措施推荐类,fmea_id_to_action,故障措施查询,,,中等,FMEA编号DC8的后续改进措施写了什么？,-; Environmental protections; debris management,FMEA编号“DC8”对应的失效模式“Debris disturbance”的建议措施是：-; Environmental protections; debris management。,正确,1.0,3.33,CSV直答,1.0,1.0,0,,1,,,,,,-; Environmental protections; debris management,,FMEA编号；建议措施,104,
807,807,Full全量模型,无,故障措施推荐类,fmea_id_to_action,故障措施查询,,,简单,FMEA编号DC9的建议措施是什么？,-; Design review; improved material selection,FMEA编号“DC9”对应的失效模式“Detachment”的建议措施是：-; Design review; improved material selection。,正确,1.0,3.32,CSV直答,1.0,1.0,0,,1,,,,,,-; Design review; improved material selection,,FMEA编号；建议措施,105,
808,808,Full全量模型,无,故障措施推荐类,fmea_id_to_action,故障措施查询,,,简单,FMEA编号DC11这条风险，建议怎么处理？,-; Design improvements; enhanced termination QA,FMEA编号“DC11”对应的失效模式“Failure of end termination [6]”的建议措施是：-; Design improvements; enhanced termination QA。,正确,1.0,3.34,CSV直答,1.0,1.0,0,,1,,,,,,-; Design improvements; enhanced termination QA,,FMEA编号；建议措施,107,
809,809,Full全量模型,无,故障措施推荐类,fmea_id_to_action,故障措施查询,,,中等,查一下FMEA编号DC16对应的处理措施。,"Installation QA/QC: pull-in tension verification, handling procedures; Watertightness assurance: enhanced sealing tests; end termination QA; -","FMEA编号“DC16”对应的失效模式“Failure of watertightness”的建议措施是：Installation QA/QC: pull-in tension verification, handling procedures; Watertightness assurance: enhanced sealing tests; end termination QA; -。",正确,1.0,3.44,CSV直答,1.0,1.0,0,,1,,,,,,"Installation QA/QC: pull-in tension verification, handling procedures; Watertightness assurance: enhanced sealing tests; end termination QA; -",,FMEA编号；建议措施,112,
810,810,Full全量模型,无,故障措施推荐类,fmea_id_to_action,故障措施查询,,,简单,FMEA编号DC17这条FMEA记录，需要采取什么建议措施？,Watertightness assurance: enhanced sealing tests; end termination QA; -,FMEA编号“DC17”对应的失效模式“Failure of watertightness”的建议措施是：Watertightness assurance: enhanced sealing tests; end termination QA; -。,正确,1.0,3.37,CSV直答,1.0,1.0,0,,1,,,,,,Watertightness assurance: enhanced sealing tests; end termination QA; -,,FMEA编号；建议措施,113,
811,811,Full全量模型,无,故障措施推荐类,fmea_id_to_action,故障措施查询,,,简单,FMEA编号DC18的后续改进措施写了什么？,"-; Monitoring (DTS/RTTR, electrical integrity tests)","FMEA编号“DC18”对应的失效模式“failures of conductors”的建议措施是：-; Monitoring (DTS/RTTR, electrical integrity tests)。",正确,1.0,3.33,CSV直答,1.0,1.0,0,,1,,,,,,"-; Monitoring (DTS/RTTR, electrical integrity tests)",,FMEA编号；建议措施,114,
812,812,Full全量模型,无,故障措施推荐类,fmea_id_to_action,故障措施查询,,,中等,FMEA编号DC19的建议措施是什么？,"Monitoring: DTS/RTTR, electrical integrity tests, leak detection; -","FMEA编号“DC19”对应的失效模式“Fatigue Cracks”的建议措施是：Monitoring: DTS/RTTR, electrical integrity tests, leak detection; -。",正确,1.0,3.34,CSV直答,1.0,1.0,0,,1,,,,,,"Monitoring: DTS/RTTR, electrical integrity tests, leak detection; -",,FMEA编号；建议措施,115,
813,813,Full全量模型,无,故障措施推荐类,fmea_id_to_action,故障措施查询,,,简单,FMEA编号DC23这条风险，建议怎么处理？,"Monitoring: DTS/RTTR, electrical integrity tests, leak detection; -","FMEA编号“DC23”对应的失效模式“material degradation”的建议措施是：Monitoring: DTS/RTTR, electrical integrity tests, leak detection; -。",正确,1.0,3.3,CSV直答,1.0,1.0,0,,1,,,,,,"Monitoring: DTS/RTTR, electrical integrity tests, leak detection; -",,FMEA编号；建议措施,119,
814,814,Full全量模型,无,故障措施推荐类,fmea_id_to_action,故障措施查询,,,简单,查一下FMEA编号DC26对应的处理措施。,Burial/trenching optimization; scour mitigation; as-built metrology; -,FMEA编号“DC26”对应的失效模式“Movement of CPS due to scour/seabed mobility [6]”的建议措施是：Burial/trenching optimization; scour mitigation; as-built metrology; -。,正确,1.0,3.34,CSV直答,1.0,1.0,0,,1,,,,,,Burial/trenching optimization; scour mitigation; as-built metrology; -,,FMEA编号；建议措施,122,
815,815,Full全量模型,无,故障措施推荐类,fmea_id_to_action,故障措施查询,,,中等,FMEA编号DC27这条FMEA记录，需要采取什么建议措施？,Burial/trenching optimization; scour mitigation; as-built metrology; -,FMEA编号“DC27”对应的失效模式“Movement of CPS due to scour/seabed mobility [6]”的建议措施是：Burial/trenching optimization; scour mitigation; as-built metrology; -。,正确,1.0,3.32,CSV直答,1.0,1.0,0,,1,,,,,,Burial/trenching optimization; scour mitigation; as-built metrology; -,,FMEA编号；建议措施,123,
816,816,Full全量模型,无,故障措施推荐类,fmea_id_to_action,故障措施查询,,,简单,FMEA编号DC29的后续改进措施写了什么？,"Burial/trenching optimization; scour mitigation; as-built metrology; Monitoring: DTS/RTTR, electrical integrity tests, leak detection; -","FMEA编号“DC29”对应的失效模式“Reduced sediment cover lower than designed value for protection [6]”的建议措施是：Burial/trenching optimization; scour mitigation; as-built metrology; Monitoring: DTS/RTTR, electrical integrity tests, leak detection; -。",正确,1.0,3.61,CSV直答,1.0,1.0,0,,1,,,,,,"Burial/trenching optimization; scour mitigation; as-built metrology; Monitoring: DTS/RTTR, electrical integrity tests, leak detection; -",,FMEA编号；建议措施,125,
817,817,Full全量模型,无,故障措施推荐类,fmea_id_to_action,故障措施查询,,,简单,FMEA编号DC32的建议措施是什么？,Lazy-wave configuration optimization; buoyancy spacing; hang-off upgrades; -,FMEA编号“DC32”对应的失效模式“Small bending radius”的建议措施是：Lazy-wave configuration optimization; buoyancy spacing; hang-off upgrades; -。,正确,1.0,3.33,CSV直答,1.0,1.0,0,,1,,,,,,Lazy-wave configuration optimization; buoyancy spacing; hang-off upgrades; -,,FMEA编号；建议措施,128,
818,818,Full全量模型,无,故障措施推荐类,fmea_id_to_action,故障措施查询,,,中等,FMEA编号TO5这条风险，建议怎么处理？,High-fidelity coupled aero-hydro-elastic simulation in design updates; Thicker shell sections / local reinforcement,FMEA编号“TO5”对应的失效模式“Cracks”的建议措施是：High-fidelity coupled aero-hydro-elastic simulation in design updates; Thicker shell sections / local reinforcement。,正确,1.0,3.31,CSV直答,1.0,1.0,0,,1,,,,,,High-fidelity coupled aero-hydro-elastic simulation in design updates; Thicker shell sections / local reinforcement,,FMEA编号；建议措施,4,
819,819,Full全量模型,无,故障措施推荐类,fmea_id_to_action,故障措施查询,,,简单,查一下FMEA编号TO6对应的处理措施。,"Enhanced SHM: acoustic emission, strain gauges, modal monitoring; -; High-fidelity coupled aero-hydro-elastic simulation in design updates; Weld detail optimization and hotspot redesign","FMEA编号“TO6”对应的失效模式“Cracks”的建议措施是：Enhanced SHM: acoustic emission, strain gauges, modal monitoring; -; High-fidelity coupled aero-hydro-elastic simulation in design updates; Weld detail optimization and hotspot redesign。",正确,1.0,3.33,CSV直答,1.0,1.0,0,,1,,,,,,"Enhanced SHM: acoustic emission, strain gauges, modal monitoring; -; High-fidelity coupled aero-hydro-elastic simulation in design updates; Weld detail optimization and hotspot redesign",,FMEA编号；建议措施,5,
820,820,Full全量模型,无,故障措施推荐类,fmea_id_to_action,故障措施查询,,,简单,FMEA编号TO7这条FMEA记录，需要采取什么建议措施？,"Weld detail optimization and hotspot redesign; Enhanced SHM: acoustic emission, strain gauges, modal monitoring; Thicker shell sections / local reinforcement; High-fidelity coupled aero-hydro-elastic simulation in design updates","FMEA编号“TO7”对应的失效模式“Cracks”的建议措施是：Weld detail optimization and hotspot redesign; Enhanced SHM: acoustic emission, strain gauges, modal monitoring; Thicker shell sections / local reinforcement; High-fidelity coupled aero-hydro-elastic simulation in design updates。",正确,1.0,3.44,CSV直答,1.0,1.0,0,,1,,,,,,"Weld detail optimization and hotspot redesign; Enhanced SHM: acoustic emission, strain gauges, modal monitoring; Thicker shell sections / local reinforcement; High-fidelity coupled aero-hydro-elastic simulation in design updates",,FMEA编号；建议措施,6,
821,821,Full全量模型,无,故障措施推荐类,fmea_id_to_action,故障措施查询,,,中等,FMEA编号TO23的后续改进措施写了什么？,Operational limits & control strategies for extreme motions; Blade–tower clearance and control optimization for extreme motions; High-fidelity coupled aero-hydro-elastic simulation in design updates,FMEA编号“TO23”对应的失效模式“Plastic deformation”的建议措施是：Operational limits & control strategies for extreme motions; Blade–tower clearance and control optimization for extreme motions; High-fidelity coupled aero-hydro-elastic simulation in design updates。,正确,1.0,3.32,CSV直答,1.0,1.0,0,,1,,,,,,Operational limits & control strategies for extreme motions; Blade–tower clearance and control optimization for extreme motions; High-fidelity coupled aero-hydro-elastic simulation in design updates,,FMEA编号；建议措施,22,
822,822,Full全量模型,无,故障措施推荐类,fmea_id_to_action,故障措施查询,,,简单,FMEA编号TP1的建议措施是什么？,"Interface redesign to reduce stress concentrations (fillets, radii); High-fidelity coupled analysis of TP–tower–floater interaction; Improve engineering skills","FMEA编号“TP1”对应的失效模式“Transition piece break”的建议措施是：Interface redesign to reduce stress concentrations (fillets, radii); High-fidelity coupled analysis of TP–tower–floater interaction; Improve engineering skills。",正确,1.0,3.34,CSV直答,1.0,1.0,0,,1,,,,,,"Interface redesign to reduce stress concentrations (fillets, radii); High-fidelity coupled analysis of TP–tower–floater interaction; Improve engineering skills",,FMEA编号；建议措施,24,
823,823,Full全量模型,无,故障措施推荐类,fmea_id_to_action,故障措施查询,,,简单,FMEA编号TP2这条风险，建议怎么处理？,"SHM for TP connections (strain gauges, acoustic emission, bolt preload monitoring); Design requalification for extreme storms (updated metocean; load cases); -","FMEA编号“TP2”对应的失效模式“Transition piece break”的建议措施是：SHM for TP connections (strain gauges, acoustic emission, bolt preload monitoring); Design requalification for extreme storms (updated metocean; load cases); -。",正确,1.0,3.36,CSV直答,1.0,1.0,0,,1,,,,,,"SHM for TP connections (strain gauges, acoustic emission, bolt preload monitoring); Design requalification for extreme storms (updated metocean; load cases); -",,FMEA编号；建议措施,25,
824,824,Full全量模型,无,故障措施推荐类,fmea_id_to_action,故障措施查询,,,中等,查一下FMEA编号TP3对应的处理措施。,"SHM for TP connections (strain gauges, acoustic emission, bolt preload monitoring); Design requalification for extreme storms (updated metocean; load cases); High-fidelity coupled analysis of TP–tower–floater interaction; -","FMEA编号“TP3”对应的失效模式“Structural plastic deformation”的建议措施是：SHM for TP connections (strain gauges, acoustic emission, bolt preload monitoring); Design requalification for extreme storms (updated metocean; load cases); High-fidelity coupled analysis of TP–tower–floater interaction; -。",正确,1.0,3.34,CSV直答,1.0,1.0,0,,1,,,,,,"SHM for TP connections (strain gauges, acoustic emission, bolt preload monitoring); Design requalification for extreme storms (updated metocean; load cases); High-fidelity coupled analysis of TP–tower–floater interaction; -",,FMEA编号；建议措施,26,
825,825,Full全量模型,无,故障措施推荐类,fmea_id_to_action,故障措施查询,,,简单,FMEA编号TP5这条FMEA记录，需要采取什么建议措施？,High-fidelity coupled analysis of TP–tower–floater interaction; Design requalification for extreme storms (updated metocean; load cases); Improved metocean data measurements,FMEA编号“TP5”对应的失效模式“Transition piece break”的建议措施是：High-fidelity coupled analysis of TP–tower–floater interaction; Design requalification for extreme storms (updated metocean; load cases); Improved metocean data measurements。,正确,1.0,3.35,CSV直答,1.0,1.0,0,,1,,,,,,High-fidelity coupled analysis of TP–tower–floater interaction; Design requalification for extreme storms (updated metocean; load cases); Improved metocean data measurements,,FMEA编号；建议措施,28,
826,826,Full全量模型,无,故障措施推荐类,fmea_id_to_action,故障措施查询,,,简单,FMEA编号TP9的后续改进措施写了什么？,Design requalification for extreme storms (updated metocean; load cases); High-fidelity coupled aero-hydro-elastic simulation in design updates,FMEA编号“TP9”对应的失效模式“Cracks”的建议措施是：Design requalification for extreme storms (updated metocean; load cases); High-fidelity coupled aero-hydro-elastic simulation in design updates。,正确,1.0,3.32,CSV直答,1.0,1.0,0,,1,,,,,,Design requalification for extreme storms (updated metocean; load cases); High-fidelity coupled aero-hydro-elastic simulation in design updates,,FMEA编号；建议措施,32,
827,827,Full全量模型,无,故障措施推荐类,fmea_id_to_action,故障措施查询,,,中等,FMEA编号TP16的建议措施是什么？,High-fidelity coupled analysis of TP–tower–floater interaction; Design requalification for extreme storms (updated metocean; load cases); High-fidelity coupled aero-hydro-elastic simulation in design updates,FMEA编号“TP16”对应的失效模式“Transition piece break”的建议措施是：High-fidelity coupled analysis of TP–tower–floater interaction; Design requalification for extreme storms (updated metocean; load cases); High-fidelity coupled aero-hydro-elastic simulation in design updates。,正确,1.0,3.37,CSV直答,1.0,1.0,0,,1,,,,,,High-fidelity coupled analysis of TP–tower–floater interaction; Design requalification for extreme storms (updated metocean; load cases); High-fidelity coupled aero-hydro-elastic simulation in design updates,,FMEA编号；建议措施,39,
828,828,Full全量模型,无,故障措施推荐类,fmea_id_to_action,故障措施查询,,,简单,FMEA编号TP17这条风险，建议怎么处理？,"SHM for TP connections (strain gauges, acoustic emission, bolt preload monitoring); Welding quality assurance and NDT enhancement (phased-array UT)","FMEA编号“TP17”对应的失效模式“Transition piece break”的建议措施是：SHM for TP connections (strain gauges, acoustic emission, bolt preload monitoring); Welding quality assurance and NDT enhancement (phased-array UT)。",正确,1.0,3.37,CSV直答,1.0,1.0,0,,1,,,,,,"SHM for TP connections (strain gauges, acoustic emission, bolt preload monitoring); Welding quality assurance and NDT enhancement (phased-array UT)",,FMEA编号；建议措施,40,
829,829,Full全量模型,无,故障措施推荐类,项目失效现象查改进动作,项目范围措施查询,,,中等,对“Tower / Tower / Primary steelwork”里的“Cracks”，如果目标是降低风险，推荐的改进动作是什么？,High-fidelity coupled aero-hydro-elastic simulation in design updates; Thicker shell sections / local reinforcement,建议措施 / RecommendedAction / action / 怎么处理 / 咋处理: - 根据多个条目显示，并没有提供具体的建议措施。,错误,0.0,953.41,语义RAG,1.0,1.0,0,,6,High-fidelity coupled aero-hydro-elastic simulation in design updates; Thicker shell sections / local reinforcement,,,,,High-fidelity coupled aero-hydro-elastic simulation in design updates; Thicker shell sections / local reinforcement,,项目/功能；潜在失效模式；建议措施,4,
830,830,Full全量模型,无,故障措施推荐类,项目失效现象查改进动作,项目范围措施查询,,,中等,对“Tower / Tower / Primary steelwork”里的“Plastic deformation”，如果目标是降低风险，推荐的改进动作是什么？,Operational limits & control strategies for extreme motions; Blade–tower clearance and control optimization for extreme motions; High-fidelity coupled aero-hydro-elastic simulation in design updates,建议措施 / RecommendedAction / action / 怎么处理 / 咋处理: Operational limits & control strategies for extreme motions; Blade–tower clearance and control optimization for extreme motions; High-fidelity coupled aero-hydro-elastic simulation in design updates,正确,1.0,1098.61,语义RAG,0.5,1.0,0,,6,,,,,,Operational limits & control strategies for extreme motions; Blade–tower clearance and control optimization for extreme motions; High-fidelity coupled aero-hydro-elastic simulation in design updates,,项目/功能；潜在失效模式；建议措施,22,
831,831,Full全量模型,无,故障措施推荐类,项目失效现象查改进动作,项目范围措施查询,,,中等,对“Transition piece / Transition Piece / Primary structure & welding”里的“Transition piece break”，如果目标是降低风险，推荐的改进动作是什么？,"Interface redesign to reduce stress concentrations (fillets, radii); High-fidelity coupled analysis of TP–tower–floater interaction; Improve engineering skills","SHM for TP connections (strain gauges, acoustic emission, bolt preload monitoring); Welding quality assurance and NDT enhancement (phased-array UT)",错误,0.0,875.16,语义RAG,0.3333,1.0,0,,6,"Interface redesign to reduce stress concentrations (fillets, radii); High-fidelity coupled analysis of TP–tower–floater interaction; Improve engineering skills",,,,,"Interface redesign to reduce stress concentrations (fillets, radii); High-fidelity coupled analysis of TP–tower–floater interaction; Improve engineering skills",,项目/功能；潜在失效模式；建议措施,24,
832,832,Full全量模型,无,故障措施推荐类,项目失效现象查改进动作,项目范围措施查询,,,中等,对“Transition piece / Transition Piece / Primary structure”里的“Transition piece break”，如果目标是降低风险，推荐的改进动作是什么？,"SHM for TP connections (strain gauges, acoustic emission, bolt preload monitoring); Design requalification for extreme storms (updated metocean; load cases); -","建议措施 / RecommendedAction / action / 怎么处理 / 咋处理: Interface redesign to reduce stress concentrations (fillets, radii); High-fidelity coupled analysis of TP–tower–floater interaction; Improve engineering skills Interface redesign to reduce stress concentrations (fillets, radii); High-fidelity coupled analysis of TP–tower–floater interaction; Improve engineering skills",错误,0.0,1321.51,语义RAG,0.6667,1.0,0,,6,"SHM for TP connections (strain gauges, acoustic emission, bolt preload monitoring); Design requalification for extreme storms (updated metocean; load cases); -",,,,,"SHM for TP connections (strain gauges, acoustic emission, bolt preload monitoring); Design requalification for extreme storms (updated metocean; load cases); -",,项目/功能；潜在失效模式；建议措施,25,
833,833,Full全量模型,无,故障措施推荐类,项目失效现象查改进动作,项目范围措施查询,,,中等,对“Transition piece / Transition Piece / Primary stucture”里的“Structural plastic deformation”，如果目标是降低风险，推荐的改进动作是什么？,"SHM for TP connections (strain gauges, acoustic emission, bolt preload monitoring); Design requalification for extreme storms (updated metocean; load cases); High-fidelity coupled analysis of TP–tower–floater interaction; -",建议措施 / RecommendedAction / action / 怎么处理 / 咋处理: -,错误,0.0,822.67,语义RAG,0.5,0.0,0,,6,"SHM for TP connections (strain gauges, acoustic emission, bolt preload monitoring); Design requalification for extreme storms (updated metocean; load cases); High-fidelity coupled analysis of TP–tower–floater interaction; -",,,,,"SHM for TP connections (strain gauges, acoustic emission, bolt preload monitoring); Design requalification for extreme storms (updated metocean; load cases); High-fidelity coupled analysis of TP–tower–floater interaction; -",,项目/功能；潜在失效模式；建议措施,26,
834,834,Full全量模型,无,故障措施推荐类,项目失效现象查改进动作,项目范围措施查询,,,中等,对“Transition piece / Transition Piece / Primary structure & welding”里的“Cracks”，如果目标是降低风险，推荐的改进动作是什么？,Design requalification for extreme storms (updated metocean; load cases); High-fidelity coupled aero-hydro-elastic simulation in design updates,"建议措施 / RecommendedAction / action / 怎么处理 / 咋处理: SHM for TP connections (strain gauges, acoustic emission, bolt preload monitoring); Welding quality assurance and NDT enhancement (phased-array UT)",错误,0.0,1079.89,语义RAG,0.8333,0.0,0,,6,Design requalification for extreme storms (updated metocean; load cases); High-fidelity coupled aero-hydro-elastic simulation in design updates,,,,,Design requalification for extreme storms (updated metocean; load cases); High-fidelity coupled aero-hydro-elastic simulation in design updates,,项目/功能；潜在失效模式；建议措施,32,
835,835,Full全量模型,无,故障措施推荐类,项目失效现象查改进动作,项目范围措施查询,,,中等,对“Floating support structure / Floating Support structure / All structures”里的“Capsize”，如果目标是降低风险，推荐的改进动作是什么？,Expanded design load cases (including typhoon/hurricane scenarios); Freeboard margin increase and water-tight compartmentalization; Improve engineering skills,Expanded design load cases (including typhoon/hurricane scenarios); Improved engineering skills.,错误,0.0,756.3,语义RAG,0.3333,0.0,0,,6,Expanded design load cases (including typhoon/hurricane scenarios); Freeboard margin increase and water-tight compartmentalization; Improve engineering skills,,,,,Expanded design load cases (including typhoon/hurricane scenarios); Freeboard margin increase and water-tight compartmentalization; Improve engineering skills,,项目/功能；潜在失效模式；建议措施,45,
836,836,Full全量模型,无,故障措施推荐类,项目失效现象查改进动作,项目范围措施查询,,,中等,对“Floating support structure / Floating Support structure / Primary structure”里的“Capsize”，如果目标是降低风险，推荐的改进动作是什么？,Expanded design load cases (including typhoon/hurricane scenarios); -; Improved engineering skills,建议措施=Expanded design load cases (including typhoon/hurricane scenarios); -; Improved engineering skills.,正确,1.0,802.66,语义RAG,0.5,1.0,0,,6,,,,,,Expanded design load cases (including typhoon/hurricane scenarios); -; Improved engineering skills,,项目/功能；潜在失效模式；建议措施,46,
837,837,Full全量模型,无,故障措施推荐类,项目失效现象查改进动作,项目范围措施查询,,,中等,对“Floating support structure / Floating Support structure / All structures”里的“Structural break”，如果目标是降低风险，推荐的改进动作是什么？,Expanded design load cases (including typhoon/hurricane scenarios); -,"根据上下文，""Floating support structure / Floating Support structure / All structures"" 并没有包含 ""Structural break"" 这一失效模式。因此，不知道推荐的改进动作是什么。",错误,0.0,953.17,语义RAG,0.1667,0.0,0,,6,Expanded design load cases (including typhoon/hurricane scenarios); -,,,,,Expanded design load cases (including typhoon/hurricane scenarios); -,,项目/功能；潜在失效模式；建议措施,49,
838,838,Full全量模型,无,故障措施推荐类,项目失效现象查改进动作,项目范围措施查询,,,中等,对“Floating support structure / Floating Support structure / Secondary structure”里的“Additional Structures Failures”，如果目标是降低风险，推荐的改进动作是什么？,Freeboard margin increase and water-tight compartmentalization; -; Expanded design load cases (including typhoon/hurricane scenarios); Improved cable mechnical design,建议措施 / RecommendedAction / action / 怎么处理 / 咋处理: Ballast redundancy and automated ballast management; Freeboard margin increase and water-tight compartmentalization; Expanded design load cases (including typhoon/hurricane scenarios),错误,0.0,1037.53,语义RAG,0.3333,0.0,0,,6,Freeboard margin increase and water-tight compartmentalization; -; Expanded design load cases (including typhoon/hurricane scenarios); Improved cable mechnical design,,,,,Freeboard margin increase and water-tight compartmentalization; -; Expanded design load cases (including typhoon/hurricane scenarios); Improved cable mechnical design,,项目/功能；潜在失效模式；建议措施,50,
839,839,Full全量模型,无,故障措施推荐类,项目失效现象查改进动作,项目范围措施查询,,,中等,对“Floating support structure / Floating Support structure / Primary structure & Welding”里的“Capsize”，如果目标是降低风险，推荐的改进动作是什么？,"Expanded design load cases (including typhoon/hurricane scenarios); Operational limits: weather windows, alarm thresholds for motions; Resonance avoidance via structural tuning/damping",建议措施=Expanded design load cases (including typhoon/hurricane scenarios); -; Improved engineering skills.,错误,0.0,775.47,语义RAG,0.1667,0.0,0,,6,"Expanded design load cases (including typhoon/hurricane scenarios); Operational limits: weather windows, alarm thresholds for motions; Resonance avoidance via structural tuning/damping",,,,,"Expanded design load cases (including typhoon/hurricane scenarios); Operational limits: weather windows, alarm thresholds for motions; Resonance avoidance via structural tuning/damping",,项目/功能；潜在失效模式；建议措施,52,
840,840,Full全量模型,无,故障措施推荐类,项目失效现象查改进动作,项目范围措施查询,,,中等,对“Floating support structure / Floating Support structure / Primary structure & Welding”里的“Cracks”，如果目标是降低风险，推荐的改进动作是什么？,Expanded design load cases (including typhoon/hurricane scenarios); Resonance avoidance via structural tuning/damping; High-fidelity coupled aero-hydro-elastic simulation in design updates,建议措施 - .,错误,0.0,584.45,语义RAG,0.5,0.0,0,,6,Expanded design load cases (including typhoon/hurricane scenarios); Resonance avoidance via structural tuning/damping; High-fidelity coupled aero-hydro-elastic simulation in design updates,,,,,Expanded design load cases (including typhoon/hurricane scenarios); Resonance avoidance via structural tuning/damping; High-fidelity coupled aero-hydro-elastic simulation in design updates,,项目/功能；潜在失效模式；建议措施,53,
841,841,Full全量模型,无,故障措施推荐类,项目失效现象查改进动作,项目范围措施查询,,,中等,对“Floating support structure / Floating Support structure / Secondary structure”里的“Floater unit sinkage”，如果目标是降低风险，推荐的改进动作是什么？,Ballast redundancy and automated ballast management; Freeboard margin increase and water-tight compartmentalization; Expanded design load cases (including typhoon/hurricane scenarios),建议措施 / RecommendedAction / action / 怎么处理 / 咋处理: Ballast redundancy and automated ballast management; Freeboard margin increase and water-tight compartmentalization; Expanded design load cases (including typhoon/hurricane scenarios),正确,1.0,1154.31,语义RAG,0.8333,1.0,0,,6,,,,,,Ballast redundancy and automated ballast management; Freeboard margin increase and water-tight compartmentalization; Expanded design load cases (including typhoon/hurricane scenarios),,项目/功能；潜在失效模式；建议措施,58,
842,842,Full全量模型,无,故障措施推荐类,项目失效现象查改进动作,项目范围措施查询,,,中等,对“Floating support structure / Floating Support structure / Primary structure & Welding”里的“Structural break”，如果目标是降低风险，推荐的改进动作是什么？,"Operational limits: weather windows, alarm thresholds for motions; Other- Specify; Expanded design load cases (including typhoon/hurricane scenarios); Better understanding of temperature ranges","根据上下文，对于“Floating support structure / Floating Support structure / Primary structure & Welding”中的“Structural break”，没有直接提到具体的FMEA编号和相关信息。但是我们可以参考相似的情况来推测可能的建议措施。 在Transition piece相关的FMEA中（如TP2和TP16），有以下建议措施： - SHM for TP connections (strain gauges, acoustic emission, bolt preload monitoring); Design requalification for extreme storms (updated metocean; load cases); 因此，如果目标是降低“Structural break”的风险，推荐的改进动作可以参考上述建议措施，具体包括： - 对连接部位进行结构健康监测（如应变计、声发射检测、螺栓预紧力监控）； - 重新对极端风暴情况进行设计资格确认（更新海洋气象数据和载荷工况）。",错误,0.0,2076.83,语义RAG,0.0,0.0,0,,6,"Operational limits: weather windows, alarm thresholds for motions; Other- Specify; Expanded design load cases (including typhoon/hurricane scenarios); Better understanding of temperature ranges",,,,,"Operational limits: weather windows, alarm thresholds for motions; Other- Specify; Expanded design load cases (including typhoon/hurricane scenarios); Better understanding of temperature ranges",,项目/功能；潜在失效模式；建议措施,68,
843,843,Full全量模型,无,故障措施推荐类,项目失效现象查改进动作,项目范围措施查询,,,中等,对“Floating support structure / Floating Support structure / All structures”里的“Floater unit sinkage”，如果目标是降低风险，推荐的改进动作是什么？,"Operational limits: weather windows, alarm thresholds for motions; -; Expanded design load cases (including typhoon/hurricane scenarios); Freeboard margin increase and water-tight compartmentalization","建议措施 / RecommendedAction / action / 怎么处理 / 咋处理: Operational limits: weather windows, alarm thresholds for motions; -; Expanded design load cases (including typhoon/hurricane scenarios); Freeboard margin increase and water-tight compartmentalization",正确,1.0,1085.9,语义RAG,1.0,1.0,0,,6,,,,,,"Operational limits: weather windows, alarm thresholds for motions; -; Expanded design load cases (including typhoon/hurricane scenarios); Freeboard margin increase and water-tight compartmentalization",,项目/功能；潜在失效模式；建议措施,69,
844,844,Full全量模型,无,故障措施推荐类,项目失效现象查改进动作,项目范围措施查询,,,中等,对“Floating support structure / Floating Support structure / All structures”里的“Hit by dropped objects”，如果目标是降低风险，推荐的改进动作是什么？,Expanded design load cases (including typhoon/hurricane scenarios); High-fidelity coupled aero-hydro-elastic simulation in design updates; -,建议措施 / RecommendedAction / action / 怎么处理 / 咋处理: Expanded design load cases (including typhoon/hurricane scenarios); High-fidelity coupled aero-hydro-elastic simulation in design updates; -,正确,1.0,1037.59,语义RAG,0.6667,1.0,0,,6,,,,,,Expanded design load cases (including typhoon/hurricane scenarios); High-fidelity coupled aero-hydro-elastic simulation in design updates; -,,项目/功能；潜在失效模式；建议措施,70,
845,845,Full全量模型,无,故障措施推荐类,项目失效现象查改进动作,项目范围措施查询,,,中等,对“Floating support structure / Floating Support structure / All structures & Welding”里的“Structural break”，如果目标是降低风险，推荐的改进动作是什么？,"Operational limits: weather windows, alarm thresholds for motions; Other- Specify; -; Welding quality assurance and NDT enhancement (phased-array UT)","根据上下文，""Floating support structure / Floating Support structure / All structures & Welding"" 并没有包含 ""Structural break"" 这一失效模式。最接近的是编号 FF15 中的 ""Structural plastic deformation [11]"" 和编号 FF16 中的 ""Watertight fault [1]""，但它们都不是 ""Structural break""。 因此，根据提供的信息，无法找到针对 ""Floating support structure / Floating Support structure / All structures & Welding"" 里的 ""Structural break"" 的推荐改进动作。",错误,0.0,1580.85,语义RAG,0.0,0.0,0,,6,"Operational limits: weather windows, alarm thresholds for motions; Other- Specify; -; Welding quality assurance and NDT enhancement (phased-array UT)",,,,,"Operational limits: weather windows, alarm thresholds for motions; Other- Specify; -; Welding quality assurance and NDT enhancement (phased-array UT)",,项目/功能；潜在失效模式；建议措施,72,
846,846,Full全量模型,无,故障措施推荐类,项目失效现象查改进动作,项目范围措施查询,,,中等,对“Station keeping / Anchor”里的“Anchor failure”，如果目标是降低风险，推荐的改进动作是什么？,"Continuous tension and vibration monitoring; thresholds for intervention; Procedural controls: load management, operational envelopes; Better design by expanded load case matrix including more failure modes; -","Continuous tension and vibration monitoring; thresholds for intervention; Procedural controls: load management, operational envelopes; Better design by expanded load case matrix including more failure modes.",正确,1.0,905.76,语义RAG,0.5,1.0,0,,6,,,,,,"Continuous tension and vibration monitoring; thresholds for intervention; Procedural controls: load management, operational envelopes; Better design by expanded load case matrix including more failure modes; -",,项目/功能；潜在失效模式；建议措施,75,
847,847,Full全量模型,无,故障措施推荐类,项目失效现象查改进动作,项目范围措施查询,,,中等,对“Station keeping / Fairlead”里的“Fairlead failure”，如果目标是降低风险，推荐的改进动作是什么？,Continuous tension and vibration monitoring; thresholds for intervention; Fairlead geometry improvements and low-wear lining; Optimized chain/wire/rope selection and fatigue margins (design); -,Cathodic protection and corrosion monitoring regimes.,错误,0.0,733.32,语义RAG,0.1667,0.0,0,,6,Continuous tension and vibration monitoring; thresholds for intervention; Fairlead geometry improvements and low-wear lining; Optimized chain/wire/rope selection and fatigue margins (design); -,,,,,Continuous tension and vibration monitoring; thresholds for intervention; Fairlead geometry improvements and low-wear lining; Optimized chain/wire/rope selection and fatigue margins (design); -,,项目/功能；潜在失效模式；建议措施,79,
848,848,Full全量模型,无,故障措施推荐类,项目失效现象查改进动作,项目范围措施查询,,,中等,对“Station keeping / Mooring Lines / Mooring lines”里的“Mooring line breakage”，如果目标是降低风险，推荐的改进动作是什么？,ROV visual inspections; targeted maintenance on wear zones; Diversity in materials/vendors to reduce common-cause risks; -,Continuous tension and vibration monitoring; thresholds for intervention; -,错误,0.0,721.54,语义RAG,0.5,1.0,0,,6,ROV visual inspections; targeted maintenance on wear zones; Diversity in materials/vendors to reduce common-cause risks; -,,,,,ROV visual inspections; targeted maintenance on wear zones; Diversity in materials/vendors to reduce common-cause risks; -,,项目/功能；潜在失效模式；建议措施,82,
849,849,Full全量模型,无,故障措施推荐类,项目失效现象查改进动作,项目范围措施查询,,,中等,对“Station keeping / Mooring Lines / Mooring lines”里的“Mooring Line Corrosion”，如果目标是降低风险，推荐的改进动作是什么？,Continuous tension and vibration monitoring; thresholds for intervention; Optimized chain/wire/rope selection and fatigue margins (design); -,现行预防控制 / PreventControl: 现行探测控制 / DetectionMeasure: 建议措施 / RecommendedAction / action / 怎么处理 / 咋处理: Continuous tension and vibration monitoring; thresholds for intervention; Optimized chain/wire/rope selection and fatigue margins (design); -,正确,1.0,1271.89,语义RAG,0.1667,1.0,0,,6,,,,,,Continuous tension and vibration monitoring; thresholds for intervention; Optimized chain/wire/rope selection and fatigue margins (design); -,,项目/功能；潜在失效模式；建议措施,85,
850,850,Full全量模型,无,故障措施推荐类,项目失效现象查改进动作,项目范围措施查询,,,中等,对“Station keeping / Mooring Lines / Mooring lines”里的“Mooring Line Fatigue”，如果目标是降低风险，推荐的改进动作是什么？,Continuous tension and vibration monitoring; thresholds for intervention; Optimized chain/wire/rope selection and fatigue margins (design); -,建议措施 / RecommendedAction / action / 怎么处理 / 咋处理: Continuous tension and vibration monitoring; thresholds for intervention; Optimized chain/wire/rope selection and fatigue margins (design); -,正确,1.0,999.92,语义RAG,0.3333,1.0,0,,6,,,,,,Continuous tension and vibration monitoring; thresholds for intervention; Optimized chain/wire/rope selection and fatigue margins (design); -,,项目/功能；潜在失效模式；建议措施,87,
851,851,Full全量模型,无,故障措施推荐类,项目失效现象查改进动作,项目范围措施查询,,,中等,对“Station keeping / Mooring lines / Mooring lines”里的“Mooring lines broken”，如果目标是降低风险，推荐的改进动作是什么？,"ROV visual inspections; targeted maintenance on wear zones; Optimized chain/wire/rope selection and fatigue margins (design); Only chain and wire above MSL, keep fiber ropes wet; -",建议措施 / RecommendedAction / action / 怎么处理 / 咋处理: ROV visual inspections; targeted maintenance on wear zones; Diversity in materials/vendors to reduce common-cause risks; -,错误,0.0,1006.52,语义RAG,0.1667,0.0,0,,6,"ROV visual inspections; targeted maintenance on wear zones; Optimized chain/wire/rope selection and fatigue margins (design); Only chain and wire above MSL, keep fiber ropes wet; -",,,,,"ROV visual inspections; targeted maintenance on wear zones; Optimized chain/wire/rope selection and fatigue margins (design); Only chain and wire above MSL, keep fiber ropes wet; -",,项目/功能；潜在失效模式；建议措施,91,
852,852,Full全量模型,无,故障措施推荐类,项目失效现象查改进动作,项目范围措施查询,,,中等,对“Station keeping / Mooring lines / Mooring winch”里的“Mooring winch failure”，如果目标是降低风险，推荐的改进动作是什么？,"Continuous tension and vibration monitoring; thresholds for intervention; Procedural controls: load management, operational envelopes; -","Continuous tension and vibration monitoring; thresholds for intervention; Procedural controls: load management, operational envelopes; -",正确,1.0,804.19,语义RAG,0.5,1.0,0,,6,,,,,,"Continuous tension and vibration monitoring; thresholds for intervention; Procedural controls: load management, operational envelopes; -",,项目/功能；潜在失效模式；建议措施,96,
853,853,Full全量模型,无,故障措施推荐类,项目失效现象查改进动作,项目范围措施查询,,,中等,对“Dynamic cable / Dynamic Cable / Dynamic Cable”里的“accelerated mechanical fatigue”，如果目标是降低风险，推荐的改进动作是什么？,"Monitoring: DTS/RTTR, electrical integrity tests, leak detection; Lazy-wave configuration optimization; buoyancy spacing; hang-off upgrades; -","Monitoring: DTS/RTTR, electrical integrity tests, leak detection; Lazy-wave configuration optimization; buoyancy spacing; hang-off upgrades; -",正确,1.0,973.7,语义RAG,0.8333,1.0,0,,6,,,,,,"Monitoring: DTS/RTTR, electrical integrity tests, leak detection; Lazy-wave configuration optimization; buoyancy spacing; hang-off upgrades; -",,项目/功能；潜在失效模式；建议措施,97,
854,854,Full全量模型,无,故障措施推荐类,项目失效现象查改进动作,项目范围措施查询,,,中等,对“Dynamic cable / Dynamic Cable / J-tube”里的“Corrosion of J-tube”，如果目标是降低风险，推荐的改进动作是什么？,-; Cathodic protection; coating improvements,Cathodic protection; coating improvements.,正确,1.0,739.09,语义RAG,0.5,1.0,0,,6,,,,,,-; Cathodic protection; coating improvements,,项目/功能；潜在失效模式；建议措施,101,
855,855,Full全量模型,无,故障措施推荐类,项目失效现象查改进动作,项目范围措施查询,,,中等,对“Dynamic cable / Dynamic Cable / Hang-off”里的“damage and corrosion of mechanical parts”，如果目标是降低风险，推荐的改进动作是什么？,-; Design review; improved material selection,建议措施 / RecommendedAction / action / 怎么处理 / 咋处理: -; Design review; improved material selection,正确,1.0,856.29,语义RAG,0.3333,1.0,0,,6,,,,,,-; Design review; improved material selection,,项目/功能；潜在失效模式；建议措施,103,
856,856,Full全量模型,无,故障措施推荐类,项目失效现象查改进动作,项目范围措施查询,,,中等,对“Dynamic cable / Dynamic Cable / Dynamic Cable”里的“Debris disturbance”，如果目标是降低风险，推荐的改进动作是什么？,-; Environmental protections; debris management,"根据上下文，""Dynamic cable / Dynamic Cable / Dynamic Cable""相关的FMEA编号为DC3、DC6、DC19、DC23和DC14。但这些编号对应的失效模式并不包含“Debris disturbance”。因此，依据提供的信息，没有找到与“Debris disturbance”相关的失效模式及推荐的改进动作。 若要降低风险，可以参考以下一般性建议措施： - 监控：使用DTS/RTTR、电气完整性测试、泄漏检测等方法； - 优化懒波配置； - 调整浮力间距； - 升级挂载装置； 但请注意这些措施并非针对“Debris disturbance”的具体建议。",错误,0.0,1870.24,语义RAG,0.8333,0.0,0,,6,-; Environmental protections; debris management,,,,,-; Environmental protections; debris management,,项目/功能；潜在失效模式；建议措施,104,
857,857,Full全量模型,无,故障措施推荐类,项目失效现象查改进动作,项目范围措施查询,,,中等,对“Dynamic cable / Dynamic Cable / Dynamic Cable”里的“Detachment”，如果目标是降低风险，推荐的改进动作是什么？,-; Design review; improved material selection,根据上下文，没有找到直接针对“Detachment”的失效模式记录。因此无法提供具体的建议措施。 但是，可以参考与之相关的最高风险条目DC7，其建议措施为： - Design review; improved material selection.,正确,1.0,976.86,语义RAG,0.3333,1.0,0,,6,,,,,,-; Design review; improved material selection,,项目/功能；潜在失效模式；建议措施,105,
858,858,Full全量模型,无,故障措施推荐类,项目失效现象查改进动作,项目范围措施查询,,,中等,对“Dynamic cable / Dynamic Cable / Joints and terminations”里的“Failure of end termination”，如果目标是降低风险，推荐的改进动作是什么？,-; Design improvements; enhanced termination QA,设计改进；增强终端质量检验（enhanced termination QA）。,错误,0.0,778.15,语义RAG,0.6667,1.0,0,,6,-; Design improvements; enhanced termination QA,,,,,-; Design improvements; enhanced termination QA,,项目/功能；潜在失效模式；建议措施,107,
859,859,Full全量模型,无,故障措施推荐类,项目失效现象查改进动作,项目范围措施查询,,,中等,对“Dynamic cable / Dynamic Cable / Dynamic Cable”里的“Failure of watertightness”，如果目标是降低风险，推荐的改进动作是什么？,"Installation QA/QC: pull-in tension verification, handling procedures; Watertightness assurance: enhanced sealing tests; end termination QA; -","建议措施 / RecommendedAction / action / 怎么处理 / 咋处理: Watertightness assurance: enhanced sealing tests; end termination QA; -; Installation QA/QC: pull-in tension verification, handling procedures;",错误,0.0,1099.82,语义RAG,1.0,1.0,0,,6,"Installation QA/QC: pull-in tension verification, handling procedures; Watertightness assurance: enhanced sealing tests; end termination QA; -",,,,,"Installation QA/QC: pull-in tension verification, handling procedures; Watertightness assurance: enhanced sealing tests; end termination QA; -",,项目/功能；潜在失效模式；建议措施,112,
860,860,Full全量模型,无,故障措施推荐类,项目失效现象查改进动作,项目范围措施查询,,,中等,对“Dynamic cable / Dynamic Cable / Conductor”里的“failures of conductors”，如果目标是降低风险，推荐的改进动作是什么？,"-; Monitoring (DTS/RTTR, electrical integrity tests)","Monitoring (DTS/RTTR, electrical integrity tests).",正确,1.0,686.81,语义RAG,0.3333,1.0,0,,6,,,,,,"-; Monitoring (DTS/RTTR, electrical integrity tests)",,项目/功能；潜在失效模式；建议措施,114,
861,861,Full全量模型,无,故障措施推荐类,项目失效现象查改进动作,项目范围措施查询,,,中等,对“Dynamic cable / Dynamic Cable / Dynamic Cable”里的“Fatigue Cracks”，如果目标是降低风险，推荐的改进动作是什么？,"Monitoring: DTS/RTTR, electrical integrity tests, leak detection; -","Monitoring: DTS/RTTR, electrical integrity tests, leak detection; -",正确,1.0,705.55,语义RAG,0.3333,1.0,0,,6,,,,,,"Monitoring: DTS/RTTR, electrical integrity tests, leak detection; -",,项目/功能；潜在失效模式；建议措施,115,
862,862,Full全量模型,无,故障措施推荐类,项目失效现象查改进动作,项目范围措施查询,,,中等,对“Dynamic cable / Dynamic Cable / Dynamic Cable”里的“material degradation”，如果目标是降低风险，推荐的改进动作是什么？,"Monitoring: DTS/RTTR, electrical integrity tests, leak detection; -","监测：DTS/RTTR, 电气完整性测试, 泄漏检测；-",错误,0.0,768.74,语义RAG,0.5,1.0,0,,6,"Monitoring: DTS/RTTR, electrical integrity tests, leak detection; -",,,,,"Monitoring: DTS/RTTR, electrical integrity tests, leak detection; -",,项目/功能；潜在失效模式；建议措施,119,
863,863,Full全量模型,无,故障措施推荐类,项目失效现象查改进动作,项目范围措施查询,,,中等,对“Dynamic cable / Dynamic Cable / Cable Protection System”里的“Movement of CPS due to scour/seabed mobility”，如果目标是降低风险，推荐的改进动作是什么？,Burial/trenching optimization; scour mitigation; as-built metrology; -,Burial/trenching optimization; scour mitigation; as-built metrology;,正确,1.0,820.96,语义RAG,0.6667,1.0,0,,6,,,,,,Burial/trenching optimization; scour mitigation; as-built metrology; -,,项目/功能；潜在失效模式；建议措施,122,
864,864,Full全量模型,无,故障措施推荐类,项目失效现象查改进动作,项目范围措施查询,,,中等,对“Dynamic cable / Dynamic Cable / Static cable/Export Cable”里的“Reduced sediment cover lower than designed value for protection”，如果目标是降低风险，推荐的改进动作是什么？,"Burial/trenching optimization; scour mitigation; as-built metrology; Monitoring: DTS/RTTR, electrical integrity tests, leak detection; -","Burial/trenching optimization; scour mitigation; as-built metrology; Monitoring: DTS/RTTR, electrical integrity tests, leak detection; -",正确,1.0,891.73,语义RAG,0.8333,1.0,0,,6,,,,,,"Burial/trenching optimization; scour mitigation; as-built metrology; Monitoring: DTS/RTTR, electrical integrity tests, leak detection; -",,项目/功能；潜在失效模式；建议措施,125,
865,865,Full全量模型,无,故障措施推荐类,项目失效现象查改进动作,项目范围措施查询,,,中等,对“Dynamic cable / Dynamic Cable / Dynamic Cable”里的“Small bending radius”，如果目标是降低风险，推荐的改进动作是什么？,Lazy-wave configuration optimization; buoyancy spacing; hang-off upgrades; -,建议措施 / RecommendedAction / action / 怎么处理 / 咋处理: Lazy-wave configuration optimization; buoyancy spacing; hang-off upgrades; -,正确,1.0,867.63,语义RAG,0.6667,1.0,0,,6,,,,,,Lazy-wave configuration optimization; buoyancy spacing; hang-off upgrades; -,,项目/功能；潜在失效模式；建议措施,128,
866,866,Full全量模型,无,故障措施推荐类,失效现象风险分查措施,故障措施查询,,,简单,失效模式“Cracks”的风险分为26，其措施推荐是什么？,High-fidelity coupled aero-hydro-elastic simulation in design updates; Thicker shell sections / local reinforcement,失效模式是：Cracks；项目/功能是：Transition piece / Transition Piece (TP) / Welding；建议措施是：-。,错误,0.0,64.2,语义RAG,0.5,0.0,0,,6,High-fidelity coupled aero-hydro-elastic simulation in design updates; Thicker shell sections / local reinforcement,,,,,High-fidelity coupled aero-hydro-elastic simulation in design updates; Thicker shell sections / local reinforcement,,潜在失效模式；风险优先数(RPN)；建议措施,4,
867,867,Full全量模型,无,故障措施推荐类,失效现象风险分查措施,故障措施查询,,,简单,失效模式“Cracks”的风险分为25.25，其措施推荐是什么？,"Enhanced SHM: acoustic emission, strain gauges, modal monitoring; -; High-fidelity coupled aero-hydro-elastic simulation in design updates; Weld detail optimization and hotspot redesign",建议措施=-.,错误,0.0,601.74,语义RAG,0.3333,0.0,0,,6,"Enhanced SHM: acoustic emission, strain gauges, modal monitoring; -; High-fidelity coupled aero-hydro-elastic simulation in design updates; Weld detail optimization and hotspot redesign",,,,,"Enhanced SHM: acoustic emission, strain gauges, modal monitoring; -; High-fidelity coupled aero-hydro-elastic simulation in design updates; Weld detail optimization and hotspot redesign",,潜在失效模式；风险优先数(RPN)；建议措施,5,
868,868,Full全量模型,无,故障措施推荐类,失效现象风险分查措施,故障措施查询,,,简单,失效模式“Cracks”的风险分为30，其措施推荐是什么？,"Weld detail optimization and hotspot redesign; Enhanced SHM: acoustic emission, strain gauges, modal monitoring; Thicker shell sections / local reinforcement; High-fidelity coupled aero-hydro-elastic simulation in design updates",建议措施 / RecommendedAction / action / 怎么处理 / 咋处理: -,错误,0.0,743.31,语义RAG,0.6667,0.0,0,,6,"Weld detail optimization and hotspot redesign; Enhanced SHM: acoustic emission, strain gauges, modal monitoring; Thicker shell sections / local reinforcement; High-fidelity coupled aero-hydro-elastic simulation in design updates",,,,,"Weld detail optimization and hotspot redesign; Enhanced SHM: acoustic emission, strain gauges, modal monitoring; Thicker shell sections / local reinforcement; High-fidelity coupled aero-hydro-elastic simulation in design updates",,潜在失效模式；风险优先数(RPN)；建议措施,6,
869,869,Full全量模型,无,故障措施推荐类,失效现象风险分查措施,故障措施查询,,,简单,失效模式“Plastic deformation”的风险分为18，其措施推荐是什么？,Operational limits & control strategies for extreme motions; Blade–tower clearance and control optimization for extreme motions; High-fidelity coupled aero-hydro-elastic simulation in design updates,失效模式是：Structural plastic deformation；项目/功能是：Transition piece / Transition Piece (TP) / Primary stucture；建议措施是：-。,错误,0.0,52.55,语义RAG,0.8333,1.0,0,,6,Operational limits & control strategies for extreme motions; Blade–tower clearance and control optimization for extreme motions; High-fidelity coupled aero-hydro-elastic simulation in design updates,,,,,Operational limits & control strategies for extreme motions; Blade–tower clearance and control optimization for extreme motions; High-fidelity coupled aero-hydro-elastic simulation in design updates,,潜在失效模式；风险优先数(RPN)；建议措施,22,
870,870,Full全量模型,无,故障措施推荐类,失效现象风险分查措施,故障措施查询,,,简单,失效模式“Transition piece break”的风险分为36.5，其措施推荐是什么？,"Interface redesign to reduce stress concentrations (fillets, radii); High-fidelity coupled analysis of TP–tower–floater interaction; Improve engineering skills","失效模式是：Transition piece break；项目/功能是：Transition piece / Transition Piece (TP) / Primary structure；建议措施是：SHM for TP connections (strain gauges, acoustic emission, bolt preload monitoring); Design requalification for extreme storms (updated metocean; load cases); -。",错误,0.0,47.71,语义RAG,0.6667,1.0,0,,6,"Interface redesign to reduce stress concentrations (fillets, radii); High-fidelity coupled analysis of TP–tower–floater interaction; Improve engineering skills",,,,,"Interface redesign to reduce stress concentrations (fillets, radii); High-fidelity coupled analysis of TP–tower–floater interaction; Improve engineering skills",,潜在失效模式；风险优先数(RPN)；建议措施,24,
871,871,Full全量模型,无,故障措施推荐类,失效现象风险分查措施,故障措施查询,,,简单,失效模式“Transition piece break”的风险分为33，其措施推荐是什么？,"SHM for TP connections (strain gauges, acoustic emission, bolt preload monitoring); Design requalification for extreme storms (updated metocean; load cases); -","失效模式是：Transition piece break；项目/功能是：Transition piece / Transition Piece (TP) / Primary structure；建议措施是：SHM for TP connections (strain gauges, acoustic emission, bolt preload monitoring); Design requalification for extreme storms (updated metocean; load cases); -。",正确,1.0,61.54,语义RAG,0.5,1.0,0,,6,,,,,,"SHM for TP connections (strain gauges, acoustic emission, bolt preload monitoring); Design requalification for extreme storms (updated metocean; load cases); -",,潜在失效模式；风险优先数(RPN)；建议措施,25,
872,872,Full全量模型,无,故障措施推荐类,失效现象风险分查措施,故障措施查询,,,简单,失效模式“Structural plastic deformation”的风险分为32，其措施推荐是什么？,"SHM for TP connections (strain gauges, acoustic emission, bolt preload monitoring); Design requalification for extreme storms (updated metocean; load cases); High-fidelity coupled analysis of TP–tower–floater interaction; -",失效模式是：Structural plastic deformation；项目/功能是：Transition piece / Transition Piece (TP) / Primary stucture；建议措施是：-。,错误,0.0,48.87,语义RAG,0.8333,1.0,0,,6,"SHM for TP connections (strain gauges, acoustic emission, bolt preload monitoring); Design requalification for extreme storms (updated metocean; load cases); High-fidelity coupled analysis of TP–tower–floater interaction; -",,,,,"SHM for TP connections (strain gauges, acoustic emission, bolt preload monitoring); Design requalification for extreme storms (updated metocean; load cases); High-fidelity coupled analysis of TP–tower–floater interaction; -",,潜在失效模式；风险优先数(RPN)；建议措施,26,
873,873,Full全量模型,无,故障措施推荐类,失效现象风险分查措施,故障措施查询,,,简单,失效模式“Transition piece break”的风险分为31，其措施推荐是什么？,High-fidelity coupled analysis of TP–tower–floater interaction; Design requalification for extreme storms (updated metocean; load cases); Improved metocean data measurements,"失效模式是：Transition piece break；项目/功能是：Transition piece / Transition Piece (TP) / Primary structure；建议措施是：SHM for TP connections (strain gauges, acoustic emission, bolt preload monitoring); Design requalification for extreme storms (updated metocean; load cases); -。",错误,0.0,45.37,语义RAG,0.5,0.0,0,,6,High-fidelity coupled analysis of TP–tower–floater interaction; Design requalification for extreme storms (updated metocean; load cases); Improved metocean data measurements,,,,,High-fidelity coupled analysis of TP–tower–floater interaction; Design requalification for extreme storms (updated metocean; load cases); Improved metocean data measurements,,潜在失效模式；风险优先数(RPN)；建议措施,28,
874,874,Full全量模型,无,故障措施推荐类,失效现象风险分查措施,故障措施查询,,,简单,失效模式“Cracks”的风险分为38，其措施推荐是什么？,Design requalification for extreme storms (updated metocean; load cases); High-fidelity coupled aero-hydro-elastic simulation in design updates,建议措施 / RecommendedAction / action / 怎么处理 / 咋处理: -,错误,0.0,686.12,语义RAG,0.3333,1.0,0,,6,Design requalification for extreme storms (updated metocean; load cases); High-fidelity coupled aero-hydro-elastic simulation in design updates,,,,,Design requalification for extreme storms (updated metocean; load cases); High-fidelity coupled aero-hydro-elastic simulation in design updates,,潜在失效模式；风险优先数(RPN)；建议措施,32,
875,875,Full全量模型,无,故障措施推荐类,失效现象风险分查措施,故障措施查询,,,简单,失效模式“Transition piece break”的风险分为25.67，其措施推荐是什么？,High-fidelity coupled analysis of TP–tower–floater interaction; Design requalification for extreme storms (updated metocean; load cases); High-fidelity coupled aero-hydro-elastic simulation in design updates,"失效模式是：Transition piece break；项目/功能是：Transition piece / Transition Piece (TP) / Primary structure；建议措施是：SHM for TP connections (strain gauges, acoustic emission, bolt preload monitoring); Design requalification for extreme storms (updated metocean; load cases); -。",错误,0.0,66.94,语义RAG,0.6667,1.0,0,,6,High-fidelity coupled analysis of TP–tower–floater interaction; Design requalification for extreme storms (updated metocean; load cases); High-fidelity coupled aero-hydro-elastic simulation in design updates,,,,,High-fidelity coupled analysis of TP–tower–floater interaction; Design requalification for extreme storms (updated metocean; load cases); High-fidelity coupled aero-hydro-elastic simulation in design updates,,潜在失效模式；风险优先数(RPN)；建议措施,39,
876,876,Full全量模型,无,故障措施推荐类,失效现象风险分查措施,故障措施查询,,,简单,失效模式“Transition piece break”的风险分为37.5，其措施推荐是什么？,"SHM for TP connections (strain gauges, acoustic emission, bolt preload monitoring); Welding quality assurance and NDT enhancement (phased-array UT)","失效模式是：Transition piece break；项目/功能是：Transition piece / Transition Piece (TP) / Primary structure；建议措施是：SHM for TP connections (strain gauges, acoustic emission, bolt preload monitoring); Design requalification for extreme storms (updated metocean; load cases); -。",错误,0.0,79.34,语义RAG,0.6667,1.0,0,,6,"SHM for TP connections (strain gauges, acoustic emission, bolt preload monitoring); Welding quality assurance and NDT enhancement (phased-array UT)",,,,,"SHM for TP connections (strain gauges, acoustic emission, bolt preload monitoring); Welding quality assurance and NDT enhancement (phased-array UT)",,潜在失效模式；风险优先数(RPN)；建议措施,40,
877,877,Full全量模型,无,故障措施推荐类,失效现象风险分查措施,故障措施查询,,,简单,失效模式“Capsize”的风险分为27.2，其措施推荐是什么？,Expanded design load cases (including typhoon/hurricane scenarios); Freeboard margin increase and water-tight compartmentalization; Improve engineering skills,建议措施=Expanded design load cases (including typhoon/hurricane scenarios); -; Improved engineering skills.,错误,0.0,815.17,语义RAG,0.3333,0.0,0,,6,Expanded design load cases (including typhoon/hurricane scenarios); Freeboard margin increase and water-tight compartmentalization; Improve engineering skills,,,,,Expanded design load cases (including typhoon/hurricane scenarios); Freeboard margin increase and water-tight compartmentalization; Improve engineering skills,,潜在失效模式；风险优先数(RPN)；建议措施,45,
878,878,Full全量模型,无,故障措施推荐类,失效现象风险分查措施,故障措施查询,,,简单,失效模式“Capsize”的风险分为42.71，其措施推荐是什么？,Expanded design load cases (including typhoon/hurricane scenarios); -; Improved engineering skills,建议措施=Expanded design load cases (including typhoon/hurricane scenarios); -; Improved engineering skills.,正确,1.0,625.03,语义RAG,0.1667,1.0,0,,6,,,,,,Expanded design load cases (including typhoon/hurricane scenarios); -; Improved engineering skills,,潜在失效模式；风险优先数(RPN)；建议措施,46,
879,879,Full全量模型,无,故障措施推荐类,失效现象风险分查措施,故障措施查询,,,简单,失效模式“Structural break”的风险分为25，其措施推荐是什么？,Expanded design load cases (including typhoon/hurricane scenarios); -,"失效模式是：Structural break [11]；项目/功能是：Floating support structure / Floating Support structure / Primary structure & Welding；建议措施是：Operational limits: weather windows, alarm thresholds for motions; Other- Specify; Expanded design load cases (including typhoon/hurricane scenarios); Better understanding of temperature ranges。",正确,1.0,78.27,语义RAG,0.1667,1.0,0,,6,,,,,,Expanded design load cases (including typhoon/hurricane scenarios); -,,潜在失效模式；风险优先数(RPN)；建议措施,49,
880,880,Full全量模型,无,故障措施推荐类,失效现象风险分查措施,故障措施查询,,,简单,失效模式“Additional Structures Failures”的风险分为25.83，其措施推荐是什么？,Freeboard margin increase and water-tight compartmentalization; -; Expanded design load cases (including typhoon/hurricane scenarios); Improved cable mechnical design,根据上下文，没有找到失效模式为“Additional Structures Failures”且风险分为25.83的相关条目。因此无法提供对应的措施推荐。,错误,0.0,792.04,语义RAG,0.0,0.0,0,,6,Freeboard margin increase and water-tight compartmentalization; -; Expanded design load cases (including typhoon/hurricane scenarios); Improved cable mechnical design,,,,,Freeboard margin increase and water-tight compartmentalization; -; Expanded design load cases (including typhoon/hurricane scenarios); Improved cable mechnical design,,潜在失效模式；风险优先数(RPN)；建议措施,50,
881,881,Full全量模型,无,故障措施推荐类,失效现象风险分查措施,故障措施查询,,,简单,失效模式“Capsize”的风险分为34.5，其措施推荐是什么？,"Expanded design load cases (including typhoon/hurricane scenarios); Operational limits: weather windows, alarm thresholds for motions; Resonance avoidance via structural tuning/damping",建议措施=Expanded design load cases (including typhoon/hurricane scenarios); -; Improved engineering skills.,错误,0.0,676.35,语义RAG,0.1667,0.0,0,,6,"Expanded design load cases (including typhoon/hurricane scenarios); Operational limits: weather windows, alarm thresholds for motions; Resonance avoidance via structural tuning/damping",,,,,"Expanded design load cases (including typhoon/hurricane scenarios); Operational limits: weather windows, alarm thresholds for motions; Resonance avoidance via structural tuning/damping",,潜在失效模式；风险优先数(RPN)；建议措施,52,
882,882,Full全量模型,无,故障措施推荐类,失效现象风险分查措施,故障措施查询,,,简单,失效模式“Cracks”的风险分为22.67，其措施推荐是什么？,Expanded design load cases (including typhoon/hurricane scenarios); Resonance avoidance via structural tuning/damping; High-fidelity coupled aero-hydro-elastic simulation in design updates,建议措施 / RecommendedAction / action / 怎么处理 / 咋处理: Expanded design load cases (including typhoon/hurricane scenarios); Resonance avoidance via structural tuning/damping; High-fidelity coupled aero-hydro-elastic simulation in design updates,正确,1.0,1020.11,语义RAG,0.3333,1.0,0,,6,,,,,,Expanded design load cases (including typhoon/hurricane scenarios); Resonance avoidance via structural tuning/damping; High-fidelity coupled aero-hydro-elastic simulation in design updates,,潜在失效模式；风险优先数(RPN)；建议措施,53,
883,883,Full全量模型,无,故障措施推荐类,失效现象风险分查措施,故障措施查询,,,简单,失效模式“Floater unit sinkage”的风险分为26.86，其措施推荐是什么？,Ballast redundancy and automated ballast management; Freeboard margin increase and water-tight compartmentalization; Expanded design load cases (including typhoon/hurricane scenarios),失效模式是：Floater unit sinkage；项目/功能是：Floating support structure / Floating Support structure / Secondary structure；建议措施是：Ballast redundancy and automated ballast management; Freeboard margin increase and water-tight compartmentalization; Expanded design load cases (including typhoon/hurricane scenarios)。,正确,1.0,52.13,语义RAG,1.0,1.0,0,,6,,,,,,Ballast redundancy and automated ballast management; Freeboard margin increase and water-tight compartmentalization; Expanded design load cases (including typhoon/hurricane scenarios),,潜在失效模式；风险优先数(RPN)；建议措施,58,
884,884,Full全量模型,无,故障措施推荐类,失效现象风险分查措施,故障措施查询,,,简单,失效模式“Structural break”的风险分为33.4，其措施推荐是什么？,"Operational limits: weather windows, alarm thresholds for motions; Other- Specify; Expanded design load cases (including typhoon/hurricane scenarios); Better understanding of temperature ranges","失效模式是：Structural break [11]；项目/功能是：Floating support structure / Floating Support structure / Primary structure & Welding；建议措施是：Operational limits: weather windows, alarm thresholds for motions; Other- Specify; Expanded design load cases (including typhoon/hurricane scenarios); Better understanding of temperature ranges。",正确,1.0,79.21,语义RAG,0.1667,1.0,0,,6,,,,,,"Operational limits: weather windows, alarm thresholds for motions; Other- Specify; Expanded design load cases (including typhoon/hurricane scenarios); Better understanding of temperature ranges",,潜在失效模式；风险优先数(RPN)；建议措施,68,
885,885,Full全量模型,无,故障措施推荐类,失效现象风险分查措施,故障措施查询,,,简单,失效模式“Floater unit sinkage”的风险分为30.8，其措施推荐是什么？,"Operational limits: weather windows, alarm thresholds for motions; -; Expanded design load cases (including typhoon/hurricane scenarios); Freeboard margin increase and water-tight compartmentalization",失效模式是：Floater unit sinkage；项目/功能是：Floating support structure / Floating Support structure / Secondary structure；建议措施是：Ballast redundancy and automated ballast management; Freeboard margin increase and water-tight compartmentalization; Expanded design load cases (including typhoon/hurricane scenarios)。,错误,0.0,62.92,语义RAG,1.0,1.0,0,,6,"Operational limits: weather windows, alarm thresholds for motions; -; Expanded design load cases (including typhoon/hurricane scenarios); Freeboard margin increase and water-tight compartmentalization",,,,,"Operational limits: weather windows, alarm thresholds for motions; -; Expanded design load cases (including typhoon/hurricane scenarios); Freeboard margin increase and water-tight compartmentalization",,潜在失效模式；风险优先数(RPN)；建议措施,69,
886,886,Full全量模型,无,故障措施推荐类,失效现象风险分查措施,故障措施查询,,,简单,失效模式“Hit by dropped objects”的风险分为25，其措施推荐是什么？,Expanded design load cases (including typhoon/hurricane scenarios); High-fidelity coupled aero-hydro-elastic simulation in design updates; -,"失效模式是：Hit by dropped objects [1,9]；项目/功能是：Floating support structure / Floating Support structure / All structures；建议措施是：Expanded design load cases (including typhoon/hurricane scenarios); High-fidelity coupled aero-hydro-elastic simulation in design updates; -。",正确,1.0,61.23,语义RAG,0.5,1.0,0,,6,,,,,,Expanded design load cases (including typhoon/hurricane scenarios); High-fidelity coupled aero-hydro-elastic simulation in design updates; -,,潜在失效模式；风险优先数(RPN)；建议措施,70,
887,887,Full全量模型,无,故障措施推荐类,失效现象风险分查措施,故障措施查询,,,简单,失效模式“Structural break”的风险分为22.4，其措施推荐是什么？,Expanded design load cases (including typhoon/hurricane scenarios); High-fidelity coupled aero-hydro-elastic simulation in design updates,"失效模式是：Structural break [11]；项目/功能是：Floating support structure / Floating Support structure / Primary structure & Welding；建议措施是：Operational limits: weather windows, alarm thresholds for motions; Other- Specify; Expanded design load cases (including typhoon/hurricane scenarios); Better understanding of temperature ranges。",错误,0.0,46.08,语义RAG,0.1667,0.0,0,,6,Expanded design load cases (including typhoon/hurricane scenarios); High-fidelity coupled aero-hydro-elastic simulation in design updates,,,,,Expanded design load cases (including typhoon/hurricane scenarios); High-fidelity coupled aero-hydro-elastic simulation in design updates,,潜在失效模式；风险优先数(RPN)；建议措施,71,
888,888,Full全量模型,无,故障措施推荐类,失效现象风险分查措施,故障措施查询,,,简单,失效模式“Structural break”的风险分为19，其措施推荐是什么？,"Operational limits: weather windows, alarm thresholds for motions; Other- Specify; -; Welding quality assurance and NDT enhancement (phased-array UT)","失效模式是：Structural break [11]；项目/功能是：Floating support structure / Floating Support structure / Primary structure & Welding；建议措施是：Operational limits: weather windows, alarm thresholds for motions; Other- Specify; Expanded design load cases (including typhoon/hurricane scenarios); Better understanding of temperature ranges。",错误,0.0,46.88,语义RAG,0.1667,0.0,0,,6,"Operational limits: weather windows, alarm thresholds for motions; Other- Specify; -; Welding quality assurance and NDT enhancement (phased-array UT)",,,,,"Operational limits: weather windows, alarm thresholds for motions; Other- Specify; -; Welding quality assurance and NDT enhancement (phased-array UT)",,潜在失效模式；风险优先数(RPN)；建议措施,72,
889,889,Full全量模型,无,故障措施推荐类,失效现象风险分查措施,故障措施查询,,,简单,失效模式“Anchor failure”的风险分为34，其措施推荐是什么？,"Continuous tension and vibration monitoring; thresholds for intervention; Procedural controls: load management, operational envelopes; Better design by expanded load case matrix including more failure modes; -","失效模式是：Anchor failure [1], [17]；项目/功能是：Station keeping / Anchor (AC)；建议措施是：Continuous tension and vibration monitoring; thresholds for intervention; Procedural controls: load management, operational envelopes; Better design by expanded load case matrix including more failure modes; -。",正确,1.0,46.94,语义RAG,0.3333,1.0,0,,6,,,,,,"Continuous tension and vibration monitoring; thresholds for intervention; Procedural controls: load management, operational envelopes; Better design by expanded load case matrix including more failure modes; -",,潜在失效模式；风险优先数(RPN)；建议措施,75,
890,890,Full全量模型,无,故障措施推荐类,失效现象风险分查措施,故障措施查询,,,简单,失效模式“Fairlead failure”的风险分为30，其措施推荐是什么？,Continuous tension and vibration monitoring; thresholds for intervention; Fairlead geometry improvements and low-wear lining; Optimized chain/wire/rope selection and fatigue margins (design); -,"失效模式是：Anchor failure [1], [17]；项目/功能是：Station keeping / Anchor (AC)；建议措施是：Continuous tension and vibration monitoring; thresholds for intervention; Procedural controls: load management, operational envelopes; Better design by expanded load case matrix including more failure modes; -。",错误,0.0,46.31,语义RAG,0.0,0.0,0,,6,Continuous tension and vibration monitoring; thresholds for intervention; Fairlead geometry improvements and low-wear lining; Optimized chain/wire/rope selection and fatigue margins (design); -,,,,,Continuous tension and vibration monitoring; thresholds for intervention; Fairlead geometry improvements and low-wear lining; Optimized chain/wire/rope selection and fatigue margins (design); -,,潜在失效模式；风险优先数(RPN)；建议措施,79,
891,891,Full全量模型,无,故障措施推荐类,失效现象风险分查措施,故障措施查询,,,简单,失效模式“Mooring line breakage”的风险分为28.8，其措施推荐是什么？,ROV visual inspections; targeted maintenance on wear zones; Diversity in materials/vendors to reduce common-cause risks; -,失效模式是：Mooring line breakage[8]；项目/功能是：Station keeping / Mooring Lines (ML) / Mooring lines；建议措施是：Continuous tension and vibration monitoring; thresholds for intervention; -。,错误,0.0,61.28,语义RAG,0.5,1.0,0,,6,ROV visual inspections; targeted maintenance on wear zones; Diversity in materials/vendors to reduce common-cause risks; -,,,,,ROV visual inspections; targeted maintenance on wear zones; Diversity in materials/vendors to reduce common-cause risks; -,,潜在失效模式；风险优先数(RPN)；建议措施,82,
892,892,Full全量模型,无,故障措施推荐类,失效现象风险分查措施,故障措施查询,,,简单,失效模式“Mooring line breakage”的风险分为20，其措施推荐是什么？,Continuous tension and vibration monitoring; thresholds for intervention; -,失效模式是：Mooring line breakage[8]；项目/功能是：Station keeping / Mooring Lines (ML) / Mooring lines；建议措施是：Continuous tension and vibration monitoring; thresholds for intervention; -。,正确,1.0,64.74,语义RAG,0.5,1.0,0,,6,,,,,,Continuous tension and vibration monitoring; thresholds for intervention; -,,潜在失效模式；风险优先数(RPN)；建议措施,83,
893,893,Full全量模型,无,故障措施推荐类,失效现象风险分查措施,故障措施查询,,,简单,失效模式“Mooring line breakage”的风险分为24，其措施推荐是什么？,Continuous tension and vibration monitoring; thresholds for intervention; -,失效模式是：Mooring line breakage[8]；项目/功能是：Station keeping / Mooring Lines (ML) / Mooring lines；建议措施是：Continuous tension and vibration monitoring; thresholds for intervention; -。,正确,1.0,63.0,语义RAG,0.5,1.0,0,,6,,,,,,Continuous tension and vibration monitoring; thresholds for intervention; -,,潜在失效模式；风险优先数(RPN)；建议措施,84,
894,894,Full全量模型,无,故障措施推荐类,失效现象风险分查措施,故障措施查询,,,简单,失效模式“Mooring Line Corrosion”的风险分为29.2，其措施推荐是什么？,Continuous tension and vibration monitoring; thresholds for intervention; Optimized chain/wire/rope selection and fatigue margins (design); -,不知道。上下文中的失效模式并未包含“Mooring Line Corrosion”。,错误,0.0,787.08,语义RAG,0.0,0.0,0,,6,Continuous tension and vibration monitoring; thresholds for intervention; Optimized chain/wire/rope selection and fatigue margins (design); -,,,,,Continuous tension and vibration monitoring; thresholds for intervention; Optimized chain/wire/rope selection and fatigue margins (design); -,,潜在失效模式；风险优先数(RPN)；建议措施,85,
895,895,Full全量模型,无,故障措施推荐类,失效现象风险分查措施,故障措施查询,,,简单,失效模式“Mooring Line Fatigue”的风险分为31.6，其措施推荐是什么？,Continuous tension and vibration monitoring; thresholds for intervention; Optimized chain/wire/rope selection and fatigue margins (design); -,不知道。上下文中的失效模式不包含“Mooring Line Fatigue”。,错误,0.0,738.54,语义RAG,0.0,0.0,0,,6,Continuous tension and vibration monitoring; thresholds for intervention; Optimized chain/wire/rope selection and fatigue margins (design); -,,,,,Continuous tension and vibration monitoring; thresholds for intervention; Optimized chain/wire/rope selection and fatigue margins (design); -,,潜在失效模式；风险优先数(RPN)；建议措施,87,
896,896,Full全量模型,无,故障措施推荐类,失效现象风险分查措施,故障措施查询,,,简单,失效模式“Mooring lines broken”的风险分为24.8，其措施推荐是什么？,"ROV visual inspections; targeted maintenance on wear zones; Optimized chain/wire/rope selection and fatigue margins (design); Only chain and wire above MSL, keep fiber ropes wet; -","失效模式是：Mooring lines broken [1,3]；项目/功能是：Station keeping / Mooring lines (ML) / Mooring lines；建议措施是：ROV visual inspections; targeted maintenance on wear zones; -。",错误,0.0,62.23,语义RAG,0.1667,0.0,0,,6,"ROV visual inspections; targeted maintenance on wear zones; Optimized chain/wire/rope selection and fatigue margins (design); Only chain and wire above MSL, keep fiber ropes wet; -",,,,,"ROV visual inspections; targeted maintenance on wear zones; Optimized chain/wire/rope selection and fatigue margins (design); Only chain and wire above MSL, keep fiber ropes wet; -",,潜在失效模式；风险优先数(RPN)；建议措施,91,
897,897,Full全量模型,无,故障措施推荐类,失效现象风险分查措施,故障措施查询,,,简单,失效模式“Mooring lines broken”的风险分为20，其措施推荐是什么？,"ROV visual inspections; targeted maintenance on wear zones; Optimized chain/wire/rope selection and fatigue margins (design); Only chain and wire above MSL, keep fiber ropes wet; -","失效模式是：Mooring lines broken [1,3]；项目/功能是：Station keeping / Mooring lines (ML) / Mooring lines；建议措施是：ROV visual inspections; targeted maintenance on wear zones; -。",错误,0.0,78.23,语义RAG,0.1667,0.0,0,,6,"ROV visual inspections; targeted maintenance on wear zones; Optimized chain/wire/rope selection and fatigue margins (design); Only chain and wire above MSL, keep fiber ropes wet; -",,,,,"ROV visual inspections; targeted maintenance on wear zones; Optimized chain/wire/rope selection and fatigue margins (design); Only chain and wire above MSL, keep fiber ropes wet; -",,潜在失效模式；风险优先数(RPN)；建议措施,92,
898,898,Full全量模型,无,故障措施推荐类,失效现象风险分查措施,故障措施查询,,,简单,失效模式“Mooring lines broken”的风险分为22.4，其措施推荐是什么？,"ROV visual inspections; targeted maintenance on wear zones; Optimized chain/wire/rope selection and fatigue margins (design); Only chain and wire above MSL, keep fiber ropes wet; -","失效模式是：Mooring lines broken [1,3]；项目/功能是：Station keeping / Mooring lines (ML) / Mooring lines；建议措施是：ROV visual inspections; targeted maintenance on wear zones; -。",错误,0.0,65.63,语义RAG,0.3333,1.0,0,,6,"ROV visual inspections; targeted maintenance on wear zones; Optimized chain/wire/rope selection and fatigue margins (design); Only chain and wire above MSL, keep fiber ropes wet; -",,,,,"ROV visual inspections; targeted maintenance on wear zones; Optimized chain/wire/rope selection and fatigue margins (design); Only chain and wire above MSL, keep fiber ropes wet; -",,潜在失效模式；风险优先数(RPN)；建议措施,93,
899,899,Full全量模型,无,故障措施推荐类,失效现象风险分查措施,故障措施查询,,,简单,失效模式“Mooring lines broken”的风险分为28，其措施推荐是什么？,ROV visual inspections; targeted maintenance on wear zones; -,"失效模式是：Mooring lines broken [1,3]；项目/功能是：Station keeping / Mooring lines (ML) / Mooring lines；建议措施是：ROV visual inspections; targeted maintenance on wear zones; -。",正确,1.0,63.94,语义RAG,0.1667,1.0,0,,6,,,,,,ROV visual inspections; targeted maintenance on wear zones; -,,潜在失效模式；风险优先数(RPN)；建议措施,94,
900,900,Full全量模型,无,故障措施推荐类,失效现象风险分查措施,故障措施查询,,,简单,失效模式“Mooring winch failure”的风险分为25.6，其措施推荐是什么？,"Continuous tension and vibration monitoring; thresholds for intervention; Procedural controls: load management, operational envelopes; -","建议措施：Continuous tension and vibration monitoring; thresholds for intervention; Procedural controls: load management, operational envelopes; -",正确,1.0,816.88,语义RAG,0.5,1.0,0,,6,,,,,,"Continuous tension and vibration monitoring; thresholds for intervention; Procedural controls: load management, operational envelopes; -",,潜在失效模式；风险优先数(RPN)；建议措施,96,
901,901,Full全量模型,无,故障措施推荐类,失效现象风险分查措施,故障措施查询,,,简单,失效模式“accelerated mechanical fatigue”的风险分为30.25，其措施推荐是什么？,"Monitoring: DTS/RTTR, electrical integrity tests, leak detection; Lazy-wave configuration optimization; buoyancy spacing; hang-off upgrades; -",根据上下文，没有找到失效模式为“accelerated mechanical fatigue”且风险分为30.25的相关记录。请确认失效模式和风险分是否正确。,错误,0.0,932.65,语义RAG,0.0,0.0,0,,6,"Monitoring: DTS/RTTR, electrical integrity tests, leak detection; Lazy-wave configuration optimization; buoyancy spacing; hang-off upgrades; -",,,,,"Monitoring: DTS/RTTR, electrical integrity tests, leak detection; Lazy-wave configuration optimization; buoyancy spacing; hang-off upgrades; -",,潜在失效模式；风险优先数(RPN)；建议措施,97,
902,902,Full全量模型,无,故障措施推荐类,失效现象风险分查措施,故障措施查询,,,简单,失效模式“Corrosion of J-tube”的风险分为15，其措施推荐是什么？,-; Cathodic protection; coating improvements,失效模式是：Corrosion of J-tube [6]；项目/功能是：Dynamic cable / Dynamic Cable / J-tube；建议措施是：-; Cathodic protection; coating improvements。,正确,1.0,59.5,语义RAG,0.5,1.0,0,,6,,,,,,-; Cathodic protection; coating improvements,,潜在失效模式；风险优先数(RPN)；建议措施,101,
903,903,Full全量模型,无,故障措施推荐类,失效现象风险分查措施,故障措施查询,,,简单,失效模式“damage and corrosion of mechanical parts”的风险分为24，其措施推荐是什么？,-; Design review; improved material selection,失效模式是：damage and corrosion of mechanical parts；项目/功能是：Dynamic cable / Dynamic Cable / Hang-off；建议措施是：-; Design review; improved material selection。,正确,1.0,66.69,语义RAG,0.1667,1.0,0,,6,,,,,,-; Design review; improved material selection,,潜在失效模式；风险优先数(RPN)；建议措施,103,
904,904,Full全量模型,无,故障措施推荐类,失效现象风险分查措施,故障措施查询,,,简单,失效模式“Debris disturbance”的风险分为16，其措施推荐是什么？,-; Environmental protections; debris management,失效模式是：Debris disturbance；项目/功能是：Dynamic cable / Dynamic Cable / Dynamic Cable/；建议措施是：-; Environmental protections; debris management。,正确,1.0,62.13,语义RAG,0.1667,1.0,0,,6,,,,,,-; Environmental protections; debris management,,潜在失效模式；风险优先数(RPN)；建议措施,104,
905,905,Full全量模型,无,故障措施推荐类,失效现象风险分查措施,故障措施查询,,,简单,失效模式“Detachment”的风险分为18.5，其措施推荐是什么？,-; Design review; improved material selection,根据上下文内容，没有找到失效模式为“Detachment”且风险分为18.5的相关条目。因此无法提供对应的措施推荐。,错误,0.0,792.21,语义RAG,0.0,0.0,0,,6,-; Design review; improved material selection,,,,,-; Design review; improved material selection,,潜在失效模式；风险优先数(RPN)；建议措施,105,
906,906,Full全量模型,无,故障措施推荐类,失效现象风险分查措施,故障措施查询,,,简单,失效模式“Failure of end termination”的风险分为28.6，其措施推荐是什么？,-; Design improvements; enhanced termination QA,建议措施 / RecommendedAction / action / 怎么处理 / 咋处理: -; Design improvements; enhanced termination QA,正确,1.0,832.02,语义RAG,0.6667,1.0,0,,6,,,,,,-; Design improvements; enhanced termination QA,,潜在失效模式；风险优先数(RPN)；建议措施,107,
907,907,Full全量模型,无,故障措施推荐类,失效现象风险分查措施,故障措施查询,,,简单,失效模式“Failure of watertightness”的风险分为30.2，其措施推荐是什么？,"Installation QA/QC: pull-in tension verification, handling procedures; Watertightness assurance: enhanced sealing tests; end termination QA; -","失效模式是：Failure of watertightness；项目/功能是：Dynamic cable / Dynamic Cable / Dynamic Cable/；建议措施是：Installation QA/QC: pull-in tension verification, handling procedures; Watertightness assurance: enhanced sealing tests; end termination QA; -。",正确,1.0,69.34,语义RAG,0.3333,1.0,0,,6,,,,,,"Installation QA/QC: pull-in tension verification, handling procedures; Watertightness assurance: enhanced sealing tests; end termination QA; -",,潜在失效模式；风险优先数(RPN)；建议措施,112,
908,908,Full全量模型,无,故障措施推荐类,失效现象风险分查措施,故障措施查询,,,简单,失效模式“Failure of watertightness”的风险分为27.8，其措施推荐是什么？,Watertightness assurance: enhanced sealing tests; end termination QA; -,"失效模式是：Failure of watertightness；项目/功能是：Dynamic cable / Dynamic Cable / Dynamic Cable/；建议措施是：Installation QA/QC: pull-in tension verification, handling procedures; Watertightness assurance: enhanced sealing tests; end termination QA; -。",正确,1.0,53.31,语义RAG,0.3333,1.0,0,,6,,,,,,Watertightness assurance: enhanced sealing tests; end termination QA; -,,潜在失效模式；风险优先数(RPN)；建议措施,113,
909,909,Full全量模型,无,故障措施推荐类,失效现象风险分查措施,故障措施查询,,,简单,失效模式“failures of conductors”的风险分为25，其措施推荐是什么？,"-; Monitoring (DTS/RTTR, electrical integrity tests)","建议措施: -; Monitoring (DTS/RTTR, electrical integrity tests).",正确,1.0,719.38,语义RAG,0.3333,1.0,0,,6,,,,,,"-; Monitoring (DTS/RTTR, electrical integrity tests)",,潜在失效模式；风险优先数(RPN)；建议措施,114,
910,910,Full全量模型,无,故障措施推荐类,失效现象风险分查措施,故障措施查询,,,简单,失效模式“Fatigue Cracks”的风险分为35.6，其措施推荐是什么？,"Monitoring: DTS/RTTR, electrical integrity tests, leak detection; -",建议措施=-.,错误,0.0,574.7,语义RAG,0.1667,0.0,0,,6,"Monitoring: DTS/RTTR, electrical integrity tests, leak detection; -",,,,,"Monitoring: DTS/RTTR, electrical integrity tests, leak detection; -",,潜在失效模式；风险优先数(RPN)；建议措施,115,
911,911,Full全量模型,无,故障措施推荐类,失效现象风险分查措施,故障措施查询,,,简单,失效模式“material degradation”的风险分为18.5，其措施推荐是什么？,"Monitoring: DTS/RTTR, electrical integrity tests, leak detection; -","失效模式是：material degradation；项目/功能是：Dynamic cable / Dynamic Cable / Dynamic Cable/；建议措施是：Monitoring: DTS/RTTR, electrical integrity tests, leak detection; -。",正确,1.0,66.74,语义RAG,0.1667,1.0,0,,6,,,,,,"Monitoring: DTS/RTTR, electrical integrity tests, leak detection; -",,潜在失效模式；风险优先数(RPN)；建议措施,119,
912,912,Full全量模型,无,故障措施推荐类,失效现象风险分查措施,故障措施查询,,,简单,失效模式“Movement of CPS due to scour/seabed mobility”的风险分为44，其措施推荐是什么？,Burial/trenching optimization; scour mitigation; as-built metrology; -,失效模式是：Movement of CPS due to scour/seabed mobility [6]；项目/功能是：Dynamic cable / Dynamic Cable / Cable Protection System (CPS)；建议措施是：Burial/trenching optimization; scour mitigation; as-built metrology; -。,正确,1.0,46.55,语义RAG,0.8333,1.0,0,,6,,,,,,Burial/trenching optimization; scour mitigation; as-built metrology; -,,潜在失效模式；风险优先数(RPN)；建议措施,122,
913,913,Full全量模型,无,故障措施推荐类,失效现象风险分查措施,故障措施查询,,,简单,失效模式“Movement of CPS due to scour/seabed mobility”的风险分为41.6，其措施推荐是什么？,Burial/trenching optimization; scour mitigation; as-built metrology; -,失效模式是：Movement of CPS due to scour/seabed mobility [6]；项目/功能是：Dynamic cable / Dynamic Cable / Cable Protection System (CPS)；建议措施是：Burial/trenching optimization; scour mitigation; as-built metrology; -。,正确,1.0,52.42,语义RAG,0.8333,1.0,0,,6,,,,,,Burial/trenching optimization; scour mitigation; as-built metrology; -,,潜在失效模式；风险优先数(RPN)；建议措施,123,
914,914,Full全量模型,无,故障措施推荐类,失效现象风险分查措施,故障措施查询,,,简单,失效模式“Reduced sediment cover lower than designed value for protection”的风险分为28.6，其措施推荐是什么？,"Burial/trenching optimization; scour mitigation; as-built metrology; Monitoring: DTS/RTTR, electrical integrity tests, leak detection; -","建议措施 / RecommendedAction / action / 怎么处理 / 咋处理: Burial/trenching optimization; scour mitigation; as-built metrology; Monitoring: DTS/RTTR, electrical integrity tests, leak detection; -",正确,1.0,1508.11,语义RAG,0.8333,1.0,0,,6,,,,,,"Burial/trenching optimization; scour mitigation; as-built metrology; Monitoring: DTS/RTTR, electrical integrity tests, leak detection; -",,潜在失效模式；风险优先数(RPN)；建议措施,125,
915,915,Full全量模型,无,故障措施推荐类,失效现象风险分查措施,故障措施查询,,,简单,失效模式“Small bending radius”的风险分为28.6，其措施推荐是什么？,Lazy-wave configuration optimization; buoyancy spacing; hang-off upgrades; -,失效模式是：Small bending radius；项目/功能是：Dynamic cable / Dynamic Cable / Dynamic Cable/；建议措施是：Lazy-wave configuration optimization; buoyancy spacing; hang-off upgrades; -。,正确,1.0,70.28,语义RAG,0.1667,1.0,0,,6,,,,,,Lazy-wave configuration optimization; buoyancy spacing; hang-off upgrades; -,,潜在失效模式；风险优先数(RPN)；建议措施,128,
916,916,Full全量模型,无,故障措施推荐类,失效现象后果查处置建议,后果到措施推理,,,困难,请给出“Cracks”导致“Failure of whole facility and vast economic loses”时的风险处置建议。,High-fidelity coupled aero-hydro-elastic simulation in design updates; Thicker shell sections / local reinforcement,失效模式是：Cracks；项目/功能是：Tower / Tower (TO) / Primary steelwork；建议措施是：-。,错误,0.0,50.99,语义RAG,0.5,0.0,0,0.0,6,High-fidelity coupled aero-hydro-elastic simulation in design updates; Thicker shell sections / local reinforcement,,,,,High-fidelity coupled aero-hydro-elastic simulation in design updates; Thicker shell sections / local reinforcement,,潜在失效模式；潜在失效后果；建议措施,4,
917,917,Full全量模型,无,故障措施推荐类,失效现象后果查处置建议,后果到措施推理,,,困难,请给出“Cracks”导致“Potential collapse”时的风险处置建议。,"Weld detail optimization and hotspot redesign; Enhanced SHM: acoustic emission, strain gauges, modal monitoring; Thicker shell sections / local reinforcement; High-fidelity coupled aero-hydro-elastic simulation in design updates",失效模式是：Cracks；项目/功能是：Tower / Tower (TO) / Primary steelwork；建议措施是：-。,错误,0.0,67.24,语义RAG,0.6667,0.0,0,0.0,6,"Weld detail optimization and hotspot redesign; Enhanced SHM: acoustic emission, strain gauges, modal monitoring; Thicker shell sections / local reinforcement; High-fidelity coupled aero-hydro-elastic simulation in design updates",,,,,"Weld detail optimization and hotspot redesign; Enhanced SHM: acoustic emission, strain gauges, modal monitoring; Thicker shell sections / local reinforcement; High-fidelity coupled aero-hydro-elastic simulation in design updates",,潜在失效模式；潜在失效后果；建议措施,6,
918,918,Full全量模型,无,故障措施推荐类,失效现象后果查处置建议,后果到措施推理,,,困难,请给出“Plastic deformation”导致“Potential collapse”时的风险处置建议。,Operational limits & control strategies for extreme motions; Blade–tower clearance and control optimization for extreme motions; High-fidelity coupled aero-hydro-elastic simulation in design updates,失效模式是：Plastic deformation；项目/功能是：Tower / Tower (TO) / Primary steelwork；建议措施是：Operational limits & control strategies for extreme motions; Blade–tower clearance and control optimization for extreme motions; High-fidelity coupled aero-hydro-elastic simulation in design updates。,正确,1.0,46.81,语义RAG,0.8333,1.0,0,1.0,6,,,,,,Operational limits & control strategies for extreme motions; Blade–tower clearance and control optimization for extreme motions; High-fidelity coupled aero-hydro-elastic simulation in design updates,,潜在失效模式；潜在失效后果；建议措施,22,
919,919,Full全量模型,无,故障措施推荐类,失效现象后果查处置建议,后果到措施推理,,,困难,"请给出“Transition piece break”导致“Tower Unit collapse, Floater Unit damage”时的风险处置建议。","Interface redesign to reduce stress concentrations (fillets, radii); High-fidelity coupled analysis of TP–tower–floater interaction; Improve engineering skills","失效模式是：Transition piece break；项目/功能是：Transition piece / Transition Piece (TP) / Primary structure & welding；建议措施是：SHM for TP connections (strain gauges, acoustic emission, bolt preload monitoring); Welding quality assurance and NDT enhancement (phased-array UT)。",错误,0.0,47.4,语义RAG,0.8333,1.0,0,1.0,6,"Interface redesign to reduce stress concentrations (fillets, radii); High-fidelity coupled analysis of TP–tower–floater interaction; Improve engineering skills",,,,,"Interface redesign to reduce stress concentrations (fillets, radii); High-fidelity coupled analysis of TP–tower–floater interaction; Improve engineering skills",,潜在失效模式；潜在失效后果；建议措施,24,
920,920,Full全量模型,无,故障措施推荐类,失效现象后果查处置建议,后果到措施推理,,,困难,"请给出“Transition piece break”导致“tension failure (rupture), buckling of the transition piece/ Tower unit damage”时的风险处置建议。","SHM for TP connections (strain gauges, acoustic emission, bolt preload monitoring); Design requalification for extreme storms (updated metocean; load cases); -","失效模式是：Transition piece break；项目/功能是：Transition piece / Transition Piece (TP) / Primary structure；建议措施是：SHM for TP connections (strain gauges, acoustic emission, bolt preload monitoring); Design requalification for extreme storms (updated metocean; load cases); -。",正确,1.0,51.88,语义RAG,0.1667,1.0,0,1.0,6,,,,,,"SHM for TP connections (strain gauges, acoustic emission, bolt preload monitoring); Design requalification for extreme storms (updated metocean; load cases); -",,潜在失效模式；潜在失效后果；建议措施,25,
921,921,Full全量模型,无,故障措施推荐类,失效现象后果查处置建议,后果到措施推理,,,困难,请给出“Structural plastic deformation”导致“Local stress accumulation”时的风险处置建议。,"SHM for TP connections (strain gauges, acoustic emission, bolt preload monitoring); Design requalification for extreme storms (updated metocean; load cases); High-fidelity coupled analysis of TP–tower–floater interaction; -",失效模式是：Structural plastic deformation；项目/功能是：Transition piece / Transition Piece (TP) / Primary stucture；建议措施是：-。,错误,0.0,62.4,语义RAG,0.8333,1.0,0,1.0,6,"SHM for TP connections (strain gauges, acoustic emission, bolt preload monitoring); Design requalification for extreme storms (updated metocean; load cases); High-fidelity coupled analysis of TP–tower–floater interaction; -",,,,,"SHM for TP connections (strain gauges, acoustic emission, bolt preload monitoring); Design requalification for extreme storms (updated metocean; load cases); High-fidelity coupled analysis of TP–tower–floater interaction; -",,潜在失效模式；潜在失效后果；建议措施,26,
922,922,Full全量模型,无,故障措施推荐类,失效现象后果查处置建议,后果到措施推理,,,困难,请给出“Cracks”导致“Tower transition piece connections failure/ displacement variations between tower end”时的风险处置建议。,Design requalification for extreme storms (updated metocean; load cases); High-fidelity coupled aero-hydro-elastic simulation in design updates,失效模式是：Cracks；项目/功能是：Transition piece / Transition Piece (TP) / Primary structure & welding；建议措施是：-。,错误,0.0,45.7,语义RAG,0.5,1.0,0,1.0,6,Design requalification for extreme storms (updated metocean; load cases); High-fidelity coupled aero-hydro-elastic simulation in design updates,,,,,Design requalification for extreme storms (updated metocean; load cases); High-fidelity coupled aero-hydro-elastic simulation in design updates,,潜在失效模式；潜在失效后果；建议措施,32,
923,923,Full全量模型,无,故障措施推荐类,失效现象后果查处置建议,后果到措施推理,,,困难,"请给出“Capsize”导致“Watertight fault, Potential Floater Unit sinkage”时的风险处置建议。",Expanded design load cases (including typhoon/hurricane scenarios); Freeboard margin increase and water-tight compartmentalization; Improve engineering skills,失效模式是：Capsize [11]；项目/功能是：Floating support structure / Floating Support structure / All structures；建议措施是：Expanded design load cases (including typhoon/hurricane scenarios); Freeboard margin increase and water-tight compartmentalization; Improve engineering skills。,正确,1.0,66.26,语义RAG,0.5,1.0,0,1.0,6,,,,,,Expanded design load cases (including typhoon/hurricane scenarios); Freeboard margin increase and water-tight compartmentalization; Improve engineering skills,,潜在失效模式；潜在失效后果；建议措施,45,
924,924,Full全量模型,无,故障措施推荐类,失效现象后果查处置建议,后果到措施推理,,,困难,请给出“Capsize”导致“Project cancellation”时的风险处置建议。,Expanded design load cases (including typhoon/hurricane scenarios); -; Improved engineering skills,建议措施=Expanded design load cases (including typhoon/hurricane scenarios); -; Improved engineering skills.,正确,1.0,795.1,语义RAG,0.3333,1.0,0,1.0,6,,,,,,Expanded design load cases (including typhoon/hurricane scenarios); -; Improved engineering skills,,潜在失效模式；潜在失效后果；建议措施,46,
925,925,Full全量模型,无,故障措施推荐类,失效现象后果查处置建议,后果到措施推理,,,困难,请给出“Structural break”导致“Structural reassessment”时的风险处置建议。,Expanded design load cases (including typhoon/hurricane scenarios); -,失效模式是：Structural break [11]；项目/功能是：Floating support structure / Floating Support structure / All structures；建议措施是：Expanded design load cases (including typhoon/hurricane scenarios); -。,正确,1.0,66.57,语义RAG,0.1667,1.0,0,1.0,6,,,,,,Expanded design load cases (including typhoon/hurricane scenarios); -,,潜在失效模式；潜在失效后果；建议措施,49,
926,926,Full全量模型,无,故障措施推荐类,失效现象后果查处置建议,后果到措施推理,,,困难,请给出“Additional Structures Failures”导致“Potential failure”时的风险处置建议。,Freeboard margin increase and water-tight compartmentalization; -; Expanded design load cases (including typhoon/hurricane scenarios); Improved cable mechnical design,失效模式是：Additional Structures Failures；项目/功能是：Floating support structure / Floating Support structure / Secondary structure；建议措施是：-。,错误,0.0,44.92,语义RAG,0.5,0.0,0,0.0,6,Freeboard margin increase and water-tight compartmentalization; -; Expanded design load cases (including typhoon/hurricane scenarios); Improved cable mechnical design,,,,,Freeboard margin increase and water-tight compartmentalization; -; Expanded design load cases (including typhoon/hurricane scenarios); Improved cable mechnical design,,潜在失效模式；潜在失效后果；建议措施,50,
927,927,Full全量模型,无,故障措施推荐类,失效现象后果查处置建议,后果到措施推理,,,困难,请给出“Capsize”导致“Asset damage Energy production loss”时的风险处置建议。,"Expanded design load cases (including typhoon/hurricane scenarios); Operational limits: weather windows, alarm thresholds for motions; Resonance avoidance via structural tuning/damping","失效模式是：Capsize [11]；项目/功能是：Floating support structure / Floating Support structure / Primary structure & Welding；建议措施是：Expanded design load cases (including typhoon/hurricane scenarios); Operational limits: weather windows, alarm thresholds for motions; Resonance avoidance via structural tuning/damping。",正确,1.0,43.96,语义RAG,0.5,1.0,0,1.0,6,,,,,,"Expanded design load cases (including typhoon/hurricane scenarios); Operational limits: weather windows, alarm thresholds for motions; Resonance avoidance via structural tuning/damping",,潜在失效模式；潜在失效后果；建议措施,52,
928,928,Full全量模型,无,故障措施推荐类,失效现象后果查处置建议,后果到措施推理,,,困难,请给出“Cracks”导致“Structural failure”时的风险处置建议。,Expanded design load cases (including typhoon/hurricane scenarios); Resonance avoidance via structural tuning/damping; High-fidelity coupled aero-hydro-elastic simulation in design updates,"失效模式是：Anchor failure [1], [17]；项目/功能是：Station keeping / Anchor (AC)；建议措施是：Continuous tension and vibration monitoring; thresholds for intervention; Procedural controls: load management, operational envelopes; Better design by expanded load case matrix including more failure modes; -。",错误,0.0,45.09,语义RAG,0.0,0.0,0,0.0,6,Expanded design load cases (including typhoon/hurricane scenarios); Resonance avoidance via structural tuning/damping; High-fidelity coupled aero-hydro-elastic simulation in design updates,,,,,Expanded design load cases (including typhoon/hurricane scenarios); Resonance avoidance via structural tuning/damping; High-fidelity coupled aero-hydro-elastic simulation in design updates,,潜在失效模式；潜在失效后果；建议措施,53,
929,929,Full全量模型,无,故障措施推荐类,失效现象后果查处置建议,后果到措施推理,,,困难,请给出“Floater unit sinkage”导致“Potential Failure/Asset damage Energy production loss”时的风险处置建议。,Ballast redundancy and automated ballast management; Freeboard margin increase and water-tight compartmentalization; Expanded design load cases (including typhoon/hurricane scenarios),失效模式是：Floater unit sinkage；项目/功能是：Floating support structure / Floating Support structure / Secondary structure；建议措施是：Ballast redundancy and automated ballast management; Freeboard margin increase and water-tight compartmentalization; Expanded design load cases (including typhoon/hurricane scenarios)。,正确,1.0,44.22,语义RAG,0.8333,1.0,0,1.0,6,,,,,,Ballast redundancy and automated ballast management; Freeboard margin increase and water-tight compartmentalization; Expanded design load cases (including typhoon/hurricane scenarios),,潜在失效模式；潜在失效后果；建议措施,58,
930,930,Full全量模型,无,故障措施推荐类,失效现象后果查处置建议,后果到措施推理,,,困难,请给出“Structural break”导致“Tower collapse”时的风险处置建议。,"Operational limits: weather windows, alarm thresholds for motions; Other- Specify; Expanded design load cases (including typhoon/hurricane scenarios); Better understanding of temperature ranges","失效模式是：Structural break [11]；项目/功能是：Floating support structure / Floating Support structure / Primary structure & Welding；建议措施是：Operational limits: weather windows, alarm thresholds for motions; Other- Specify; Expanded design load cases (including typhoon/hurricane scenarios); Better understanding of temperature ranges。",正确,1.0,52.75,语义RAG,0.3333,1.0,0,1.0,6,,,,,,"Operational limits: weather windows, alarm thresholds for motions; Other- Specify; Expanded design load cases (including typhoon/hurricane scenarios); Better understanding of temperature ranges",,潜在失效模式；潜在失效后果；建议措施,68,
931,931,Full全量模型,无,故障措施推荐类,失效现象后果查处置建议,后果到措施推理,,,困难,"请给出“Hit by dropped objects”导致“Damage to the facility, vast economic loses”时的风险处置建议。",Expanded design load cases (including typhoon/hurricane scenarios); High-fidelity coupled aero-hydro-elastic simulation in design updates; -,"失效模式是：Hit by dropped objects [1,9]；项目/功能是：Floating support structure / Floating Support structure / All structures；建议措施是：Expanded design load cases (including typhoon/hurricane scenarios); High-fidelity coupled aero-hydro-elastic simulation in design updates; -。",正确,1.0,47.13,语义RAG,0.5,1.0,0,1.0,6,,,,,,Expanded design load cases (including typhoon/hurricane scenarios); High-fidelity coupled aero-hydro-elastic simulation in design updates; -,,潜在失效模式；潜在失效后果；建议措施,70,
932,932,Full全量模型,无,故障措施推荐类,失效现象后果查处置建议,后果到措施推理,,,困难,"请给出“Structural break”导致“Watertight fault, Potential Floater Unit sinkage”时的风险处置建议。",Expanded design load cases (including typhoon/hurricane scenarios); High-fidelity coupled aero-hydro-elastic simulation in design updates,失效模式是：Structural break [11]；项目/功能是：Floating support structure / Floating Support structure / All structures；建议措施是：-。,错误,0.0,57.76,语义RAG,0.5,1.0,0,1.0,6,Expanded design load cases (including typhoon/hurricane scenarios); High-fidelity coupled aero-hydro-elastic simulation in design updates,,,,,Expanded design load cases (including typhoon/hurricane scenarios); High-fidelity coupled aero-hydro-elastic simulation in design updates,,潜在失效模式；潜在失效后果；建议措施,71,
933,933,Full全量模型,无,故障措施推荐类,失效现象后果查处置建议,后果到措施推理,,,困难,请给出“Anchor failure”导致“Anchor failure”时的风险处置建议。,"Continuous tension and vibration monitoring; thresholds for intervention; Procedural controls: load management, operational envelopes; Better design by expanded load case matrix including more failure modes; -","失效模式是：Anchor failure [1], [17]；项目/功能是：Station keeping / Anchor (AC)；建议措施是：Continuous tension and vibration monitoring; thresholds for intervention; Procedural controls: load management, operational envelopes; Better design by expanded load case matrix including more failure modes; -。",正确,1.0,50.15,语义RAG,0.3333,1.0,0,1.0,6,,,,,,"Continuous tension and vibration monitoring; thresholds for intervention; Procedural controls: load management, operational envelopes; Better design by expanded load case matrix including more failure modes; -",,潜在失效模式；潜在失效后果；建议措施,75,
934,934,Full全量模型,无,故障措施推荐类,失效现象后果查处置建议,后果到措施推理,,,困难,请给出“Fairlead failure”导致“The anchor cannot be dropped and lift”时的风险处置建议。,Continuous tension and vibration monitoring; thresholds for intervention; Fairlead geometry improvements and low-wear lining; Optimized chain/wire/rope selection and fatigue margins (design); -,"失效模式是：Fairlead failure [1],[17]；项目/功能是：Station keeping / Fairlead (FL)；建议措施是：Cathodic protection and corrosion monitoring regimes; -。",错误,0.0,46.67,语义RAG,0.3333,1.0,0,1.0,6,Continuous tension and vibration monitoring; thresholds for intervention; Fairlead geometry improvements and low-wear lining; Optimized chain/wire/rope selection and fatigue margins (design); -,,,,,Continuous tension and vibration monitoring; thresholds for intervention; Fairlead geometry improvements and low-wear lining; Optimized chain/wire/rope selection and fatigue margins (design); -,,潜在失效模式；潜在失效后果；建议措施,79,
935,935,Full全量模型,无,故障措施推荐类,失效现象后果查处置建议,后果到措施推理,,,困难,请给出“Mooring line breakage”导致“Mooring line strength decrease or broken”时的风险处置建议。,ROV visual inspections; targeted maintenance on wear zones; Diversity in materials/vendors to reduce common-cause risks; -,失效模式是：Mooring line breakage[8]；项目/功能是：Station keeping / Mooring Lines (ML) / Mooring lines；建议措施是：Continuous tension and vibration monitoring; thresholds for intervention; -。,错误,0.0,49.11,语义RAG,1.0,1.0,0,1.0,6,ROV visual inspections; targeted maintenance on wear zones; Diversity in materials/vendors to reduce common-cause risks; -,,,,,ROV visual inspections; targeted maintenance on wear zones; Diversity in materials/vendors to reduce common-cause risks; -,,潜在失效模式；潜在失效后果；建议措施,82,
936,936,Full全量模型,无,故障措施推荐类,失效现象后果查处置建议,后果到措施推理,,,困难,请给出“Mooring Line Corrosion”导致“Mooring line strength decrease or broken”时的风险处置建议。,Continuous tension and vibration monitoring; thresholds for intervention; Optimized chain/wire/rope selection and fatigue margins (design); -,失效模式是：Mooring line breakage[8]；项目/功能是：Station keeping / Mooring Lines (ML) / Mooring lines；建议措施是：Continuous tension and vibration monitoring; thresholds for intervention; -。,错误,0.0,64.64,语义RAG,1.0,1.0,0,1.0,6,Continuous tension and vibration monitoring; thresholds for intervention; Optimized chain/wire/rope selection and fatigue margins (design); -,,,,,Continuous tension and vibration monitoring; thresholds for intervention; Optimized chain/wire/rope selection and fatigue margins (design); -,,潜在失效模式；潜在失效后果；建议措施,85,
937,937,Full全量模型,无,故障措施推荐类,失效现象后果查处置建议,后果到措施推理,,,困难,请给出“Mooring Line Fatigue”导致“Mooring line strength decrease or broken”时的风险处置建议。,Continuous tension and vibration monitoring; thresholds for intervention; Optimized chain/wire/rope selection and fatigue margins (design); -,失效模式是：Mooring Line Fatigue [1]；项目/功能是：Station keeping / Mooring Lines (ML) / Mooring lines；建议措施是：-。,错误,0.0,51.42,语义RAG,1.0,1.0,0,1.0,6,Continuous tension and vibration monitoring; thresholds for intervention; Optimized chain/wire/rope selection and fatigue margins (design); -,,,,,Continuous tension and vibration monitoring; thresholds for intervention; Optimized chain/wire/rope selection and fatigue margins (design); -,,潜在失效模式；潜在失效后果；建议措施,87,
938,938,Full全量模型,无,故障措施推荐类,失效现象后果查处置建议,后果到措施推理,,,困难,请给出“Mooring lines broken”导致“Asset not in correct location or position”时的风险处置建议。,"ROV visual inspections; targeted maintenance on wear zones; Optimized chain/wire/rope selection and fatigue margins (design); Only chain and wire above MSL, keep fiber ropes wet; -","失效模式是：Mooring lines broken [1,3]；项目/功能是：Station keeping / Mooring lines (ML) / Mooring lines；建议措施是：ROV visual inspections; targeted maintenance on wear zones; -。",错误,0.0,61.48,语义RAG,0.3333,1.0,0,1.0,6,"ROV visual inspections; targeted maintenance on wear zones; Optimized chain/wire/rope selection and fatigue margins (design); Only chain and wire above MSL, keep fiber ropes wet; -",,,,,"ROV visual inspections; targeted maintenance on wear zones; Optimized chain/wire/rope selection and fatigue margins (design); Only chain and wire above MSL, keep fiber ropes wet; -",,潜在失效模式；潜在失效后果；建议措施,91,
939,939,Full全量模型,无,故障措施推荐类,失效现象后果查处置建议,后果到措施推理,,,困难,请给出“Mooring winch failure”导致“Asset not in correct location or position”时的风险处置建议。,"Continuous tension and vibration monitoring; thresholds for intervention; Procedural controls: load management, operational envelopes; -","Continuous tension and vibration monitoring; thresholds for intervention; Procedural controls: load management, operational envelopes; -",正确,1.0,802.46,语义RAG,0.5,1.0,0,1.0,6,,,,,,"Continuous tension and vibration monitoring; thresholds for intervention; Procedural controls: load management, operational envelopes; -",,潜在失效模式；潜在失效后果；建议措施,96,
940,940,Full全量模型,无,故障措施推荐类,失效现象后果查处置建议,后果到措施推理,,,困难,请给出“accelerated mechanical fatigue”导致“Structural damage - cable composition weakening”时的风险处置建议。,"Monitoring: DTS/RTTR, electrical integrity tests, leak detection; Lazy-wave configuration optimization; buoyancy spacing; hang-off upgrades; -","失效模式是：accelerated mechanical fatigue；项目/功能是：Dynamic cable / Dynamic Cable / Dynamic Cable/；建议措施是：Monitoring: DTS/RTTR, electrical integrity tests, leak detection; Lazy-wave configuration optimization; buoyancy spacing; hang-off upgrades; -。",正确,1.0,63.58,语义RAG,0.1667,1.0,0,1.0,6,,,,,,"Monitoring: DTS/RTTR, electrical integrity tests, leak detection; Lazy-wave configuration optimization; buoyancy spacing; hang-off upgrades; -",,潜在失效模式；潜在失效后果；建议措施,97,
941,941,Full全量模型,无,故障措施推荐类,失效现象后果查处置建议,后果到措施推理,,,困难,请给出“Corrosion of J-tube”导致“J-tube degradation affecting cable integrity”时的风险处置建议。,-; Cathodic protection; coating improvements,失效模式是：Corrosion of J-tube [6]；项目/功能是：Dynamic cable / Dynamic Cable / J-tube；建议措施是：-。,错误,0.0,64.65,语义RAG,0.5,1.0,0,1.0,6,-; Cathodic protection; coating improvements,,,,,-; Cathodic protection; coating improvements,,潜在失效模式；潜在失效后果；建议措施,101,
942,942,Full全量模型,无,故障措施推荐类,失效现象后果查处置建议,后果到措施推理,,,困难,请给出“damage and corrosion of mechanical parts”导致“High risk of fault on the cable - total loss of the line Prodution loss on the string”时的风险处置建议。,-; Design review; improved material selection,失效模式是：damage and corrosion of mechanical parts；项目/功能是：Dynamic cable / Dynamic Cable / Hang-off；建议措施是：-; Design review; improved material selection。,正确,1.0,53.64,语义RAG,0.3333,1.0,0,1.0,6,,,,,,-; Design review; improved material selection,,潜在失效模式；潜在失效后果；建议措施,103,
943,943,Full全量模型,无,故障措施推荐类,失效现象后果查处置建议,后果到措施推理,,,困难,请给出“Debris disturbance”导致“Cable damage - operational disruption”时的风险处置建议。,-; Environmental protections; debris management,失效模式是：Debris disturbance；项目/功能是：Dynamic cable / Dynamic Cable / Dynamic Cable/；建议措施是：-; Environmental protections; debris management。,正确,1.0,67.61,语义RAG,0.1667,1.0,0,1.0,6,,,,,,-; Environmental protections; debris management,,潜在失效模式；潜在失效后果；建议措施,104,
944,944,Full全量模型,无,故障措施推荐类,失效现象后果查处置建议,后果到措施推理,,,困难,请给出“Detachment”导致“cable disconnection - water penetration - Power loss”时的风险处置建议。,-; Design review; improved material selection,失效模式是：Detachment；项目/功能是：Dynamic cable / Dynamic Cable / Dynamic Cable/；建议措施是：-; Design review; improved material selection。,正确,1.0,46.64,语义RAG,0.1667,1.0,0,1.0,6,,,,,,-; Design review; improved material selection,,潜在失效模式；潜在失效后果；建议措施,105,
945,945,Full全量模型,无,故障措施推荐类,失效现象后果查处置建议,后果到措施推理,,,困难,请给出“Failure of end termination”导致“breakdown of insulation”时的风险处置建议。,-; Design improvements; enhanced termination QA,-; Design improvements; enhanced termination QA,正确,1.0,637.12,语义RAG,0.6667,1.0,0,1.0,6,,,,,,-; Design improvements; enhanced termination QA,,潜在失效模式；潜在失效后果；建议措施,107,
946,946,Full全量模型,无,故障措施推荐类,失效现象后果查处置建议,后果到措施推理,,,困难,请给出“Failure of watertightness”导致“Reduced or interupted electricity flow”时的风险处置建议。,"Installation QA/QC: pull-in tension verification, handling procedures; Watertightness assurance: enhanced sealing tests; end termination QA; -",失效模式是：Failure of watertightness；项目/功能是：Dynamic cable / Dynamic Cable / Dynamic Cable/；建议措施是：Watertightness assurance: enhanced sealing tests; end termination QA; -。,错误,0.0,69.02,语义RAG,0.3333,1.0,0,1.0,6,"Installation QA/QC: pull-in tension verification, handling procedures; Watertightness assurance: enhanced sealing tests; end termination QA; -",,,,,"Installation QA/QC: pull-in tension verification, handling procedures; Watertightness assurance: enhanced sealing tests; end termination QA; -",,潜在失效模式；潜在失效后果；建议措施,112,
947,947,Full全量模型,无,故障措施推荐类,失效现象后果查处置建议,后果到措施推理,,,困难,请给出“failures of conductors”导致“Electrical faults - loss of production”时的风险处置建议。,"-; Monitoring (DTS/RTTR, electrical integrity tests)","失效模式是：failures of conductors；项目/功能是：Dynamic cable / Dynamic Cable / Conductor；建议措施是：-; Monitoring (DTS/RTTR, electrical integrity tests)。",正确,1.0,64.67,语义RAG,0.3333,1.0,0,1.0,6,,,,,,"-; Monitoring (DTS/RTTR, electrical integrity tests)",,潜在失效模式；潜在失效后果；建议措施,114,
948,948,Full全量模型,无,故障措施推荐类,失效现象后果查处置建议,后果到措施推理,,,困难,请给出“Fatigue Cracks”导致“Crack may evolve in a fault of the cable - Cable weakening”时的风险处置建议。,"Monitoring: DTS/RTTR, electrical integrity tests, leak detection; -","失效模式是：Fatigue Cracks；项目/功能是：Dynamic cable / Dynamic Cable / Dynamic Cable/；建议措施是：Monitoring: DTS/RTTR, electrical integrity tests, leak detection; -。",正确,1.0,60.78,语义RAG,0.1667,1.0,0,1.0,6,,,,,,"Monitoring: DTS/RTTR, electrical integrity tests, leak detection; -",,潜在失效模式；潜在失效后果；建议措施,115,
949,949,Full全量模型,无,故障措施推荐类,失效现象后果查处置建议,后果到措施推理,,,困难,请给出“material degradation”导致“Weakening of cable materials - loss of production”时的风险处置建议。,"Monitoring: DTS/RTTR, electrical integrity tests, leak detection; -","失效模式是：material degradation；项目/功能是：Dynamic cable / Dynamic Cable / Dynamic Cable/；建议措施是：Monitoring: DTS/RTTR, electrical integrity tests, leak detection; -。",正确,1.0,55.44,语义RAG,0.1667,1.0,0,1.0,6,,,,,,"Monitoring: DTS/RTTR, electrical integrity tests, leak detection; -",,潜在失效模式；潜在失效后果；建议措施,119,
950,950,Full全量模型,无,故障措施推荐类,失效现象后果查处置建议,后果到措施推理,,,困难,请给出“Movement of CPS due to scour/seabed mobility”导致“Cable being vulnerable to scour and need for repair or replacement”时的风险处置建议。,Burial/trenching optimization; scour mitigation; as-built metrology; -,失效模式是：Movement of CPS due to scour/seabed mobility [6]；项目/功能是：Dynamic cable / Dynamic Cable / Cable Protection System (CPS)；建议措施是：Burial/trenching optimization; scour mitigation; as-built metrology; -。,正确,1.0,69.2,语义RAG,0.8333,1.0,0,1.0,6,,,,,,Burial/trenching optimization; scour mitigation; as-built metrology; -,,潜在失效模式；潜在失效后果；建议措施,122,
951,951,Full全量模型,无,故障措施推荐类,失效现象后果查处置建议,后果到措施推理,,,困难,"请给出“Reduced sediment cover lower than designed value for protection”导致“need for re-burial, change of cable protection requirement or even replacement of cable”时的风险处置建议。","Burial/trenching optimization; scour mitigation; as-built metrology; Monitoring: DTS/RTTR, electrical integrity tests, leak detection; -",-,错误,0.0,657.22,语义RAG,0.8333,1.0,0,1.0,6,"Burial/trenching optimization; scour mitigation; as-built metrology; Monitoring: DTS/RTTR, electrical integrity tests, leak detection; -",,,,,"Burial/trenching optimization; scour mitigation; as-built metrology; Monitoring: DTS/RTTR, electrical integrity tests, leak detection; -",,潜在失效模式；潜在失效后果；建议措施,125,
952,952,Full全量模型,无,故障措施推荐类,失效现象后果查处置建议,后果到措施推理,,,困难,请给出“Small bending radius”导致“Cable damage - insulation degradation”时的风险处置建议。,Lazy-wave configuration optimization; buoyancy spacing; hang-off upgrades; -,失效模式是：Small bending radius；项目/功能是：Dynamic cable / Dynamic Cable / Dynamic Cable/；建议措施是：Lazy-wave configuration optimization; buoyancy spacing; hang-off upgrades; -。,正确,1.0,63.1,语义RAG,0.1667,1.0,0,1.0,6,,,,,,Lazy-wave configuration optimization; buoyancy spacing; hang-off upgrades; -,,潜在失效模式；潜在失效后果；建议措施,128,
953,953,Full全量模型,无,故障措施推荐类,原因后果查建议措施,原因到措施推理,,,困难,"依据FMEA，若“Environmental loads; The interaction between the blades and the tower can cause pressure fluctuations, leading to cyclic fatigue”造成“Failure of whole facility and vast economic loses”，对应的建议措施是什么？",High-fidelity coupled aero-hydro-elastic simulation in design updates; Thicker shell sections / local reinforcement,失效模式是：Cracks；项目/功能是：Tower / Tower (TO) / Primary steelwork；建议措施是：High-fidelity coupled aero-hydro-elastic simulation in design updates; Thicker shell sections / local reinforcement。,正确,1.0,46.02,语义RAG,0.3333,1.0,0,1.0,6,,,,,,High-fidelity coupled aero-hydro-elastic simulation in design updates; Thicker shell sections / local reinforcement,,潜在失效原因/机理；潜在失效后果；建议措施,4,
954,954,Full全量模型,无,故障措施推荐类,原因后果查建议措施,原因到措施推理,,,困难,依据FMEA，若“Environmental loads; Material fatigue due to high waves and high frequency of loads”造成“Failure of whole facility and vast economic loses”，对应的建议措施是什么？,"Enhanced SHM: acoustic emission, strain gauges, modal monitoring; -; High-fidelity coupled aero-hydro-elastic simulation in design updates; Weld detail optimization and hotspot redesign","失效模式是：Cracks；项目/功能是：Tower / Tower (TO) / Primary steelwork；建议措施是：Enhanced SHM: acoustic emission, strain gauges, modal monitoring; -; High-fidelity coupled aero-hydro-elastic simulation in design updates; Weld detail optimization and hotspot redesign。",正确,1.0,65.43,语义RAG,0.3333,1.0,0,1.0,6,,,,,,"Enhanced SHM: acoustic emission, strain gauges, modal monitoring; -; High-fidelity coupled aero-hydro-elastic simulation in design updates; Weld detail optimization and hotspot redesign",,潜在失效原因/机理；潜在失效后果；建议措施,5,
955,955,Full全量模型,无,故障措施推荐类,原因后果查建议措施,原因到措施推理,,,困难,依据FMEA，若“Environmental condition; Cyclic wind/wave loading (above design assumption)creates stress concentrations and fatigue.”造成“Potential collapse”，对应的建议措施是什么？,"Weld detail optimization and hotspot redesign; Enhanced SHM: acoustic emission, strain gauges, modal monitoring; Thicker shell sections / local reinforcement; High-fidelity coupled aero-hydro-elastic simulation in design updates","失效模式是：Cracks；项目/功能是：Tower / Tower (TO) / Primary steelwork；建议措施是：Weld detail optimization and hotspot redesign; Enhanced SHM: acoustic emission, strain gauges, modal monitoring; Thicker shell sections / local reinforcement; High-fidelity coupled aero-hydro-elastic simulation in design updates。",正确,1.0,63.53,语义RAG,0.3333,1.0,0,1.0,6,,,,,,"Weld detail optimization and hotspot redesign; Enhanced SHM: acoustic emission, strain gauges, modal monitoring; Thicker shell sections / local reinforcement; High-fidelity coupled aero-hydro-elastic simulation in design updates",,潜在失效原因/机理；潜在失效后果；建议措施,6,
956,956,Full全量模型,无,故障措施推荐类,原因后果查建议措施,原因到措施推理,,,困难,依据FMEA，若“Design phase; Plastic deformation due to insufficient yield strength and lack of detailed stress analysis and simulations”造成“Potential collapse”，对应的建议措施是什么？,Operational limits & control strategies for extreme motions; Blade–tower clearance and control optimization for extreme motions; High-fidelity coupled aero-hydro-elastic simulation in design updates,失效模式是：Plastic deformation；项目/功能是：Tower / Tower (TO) / Primary steelwork；建议措施是：Operational limits & control strategies for extreme motions; Blade–tower clearance and control optimization for extreme motions; High-fidelity coupled aero-hydro-elastic simulation in design updates。,正确,1.0,67.34,语义RAG,0.5,1.0,0,1.0,6,,,,,,Operational limits & control strategies for extreme motions; Blade–tower clearance and control optimization for extreme motions; High-fidelity coupled aero-hydro-elastic simulation in design updates,,潜在失效原因/机理；潜在失效后果；建议措施,22,
957,957,Full全量模型,无,故障措施推荐类,原因后果查建议措施,原因到措施推理,,,困难,"依据FMEA，若“Design; Analysis and calculation fault due to human error”造成“Tower Unit collapse, Floater Unit damage”，对应的建议措施是什么？","Interface redesign to reduce stress concentrations (fillets, radii); High-fidelity coupled analysis of TP–tower–floater interaction; Improve engineering skills","失效模式是：Transition piece break；项目/功能是：Transition piece / Transition Piece (TP) / Primary structure & welding；建议措施是：Interface redesign to reduce stress concentrations (fillets, radii); High-fidelity coupled analysis of TP–tower–floater interaction; Improve engineering skills。",正确,1.0,63.24,语义RAG,0.5,1.0,0,1.0,6,,,,,,"Interface redesign to reduce stress concentrations (fillets, radii); High-fidelity coupled analysis of TP–tower–floater interaction; Improve engineering skills",,潜在失效原因/机理；潜在失效后果；建议措施,24,
958,958,Full全量模型,无,故障措施推荐类,原因后果查建议措施,原因到措施推理,,,困难,"依据FMEA，若“Operation and Maintenance; Brittle fracture due to extreme environmental temperature, leading to a shift in the ductile-to-brittle transition temperature”造成“tension failure (rupture), buckling of the transition piece/ Tower unit damage”，对应的建议措施是什么？","SHM for TP connections (strain gauges, acoustic emission, bolt preload monitoring); Design requalification for extreme storms (updated metocean; load cases); -","失效模式是：Transition piece break；项目/功能是：Transition piece / Transition Piece (TP) / Primary structure；建议措施是：SHM for TP connections (strain gauges, acoustic emission, bolt preload monitoring); Design requalification for extreme storms (updated metocean; load cases); -。",正确,1.0,63.39,语义RAG,0.3333,1.0,0,1.0,6,,,,,,"SHM for TP connections (strain gauges, acoustic emission, bolt preload monitoring); Design requalification for extreme storms (updated metocean; load cases); -",,潜在失效原因/机理；潜在失效后果；建议措施,25,
959,959,Full全量模型,无,故障措施推荐类,原因后果查建议措施,原因到措施推理,,,困难,"依据FMEA，若“Operation; Changes in wave spectra can cause increased loads, resonance, and stress concentrations, leading to plastic deformation in offshore wind turbines.”造成“Local stress accumulation”，对应的建议措施是什么？","SHM for TP connections (strain gauges, acoustic emission, bolt preload monitoring); Design requalification for extreme storms (updated metocean; load cases); High-fidelity coupled analysis of TP–tower–floater interaction; -","失效模式是：Structural plastic deformation；项目/功能是：Transition piece / Transition Piece (TP) / Primary stucture；建议措施是：SHM for TP connections (strain gauges, acoustic emission, bolt preload monitoring); Design requalification for extreme storms (updated metocean; load cases); High-fidelity coupled analysis of TP–tower–floater interaction; -。",正确,1.0,78.24,语义RAG,0.3333,1.0,0,1.0,6,,,,,,"SHM for TP connections (strain gauges, acoustic emission, bolt preload monitoring); Design requalification for extreme storms (updated metocean; load cases); High-fidelity coupled analysis of TP–tower–floater interaction; -",,潜在失效原因/机理；潜在失效后果；建议措施,26,
960,960,Full全量模型,无,故障措施推荐类,原因后果查建议措施,原因到措施推理,,,困难,"依据FMEA，若“Environmental condition; Design parameters superseded due to climate change”造成“Tower Unit collapse, Floater Unit damage”，对应的建议措施是什么？",High-fidelity coupled analysis of TP–tower–floater interaction; Design requalification for extreme storms (updated metocean; load cases); Improved metocean data measurements,失效模式是：Transition piece break；项目/功能是：Transition piece / Transition Piece (TP) / Primary structure & welding；建议措施是：High-fidelity coupled analysis of TP–tower–floater interaction; Design requalification for extreme storms (updated metocean; load cases); Improved metocean data measurements。,正确,1.0,62.73,语义RAG,0.3333,1.0,0,1.0,6,,,,,,High-fidelity coupled analysis of TP–tower–floater interaction; Design requalification for extreme storms (updated metocean; load cases); Improved metocean data measurements,,潜在失效原因/机理；潜在失效后果；建议措施,28,
961,961,Full全量模型,无,故障措施推荐类,原因后果查建议措施,原因到措施推理,,,困难,依据FMEA，若“Environmental Loads; Extreme environmental conditions like hurricanes or storm surges can subject the transition piece to large forces that exceed their design limits”造成“Tower transition piece connections failure/ displacement variations between tower end”，对应的建议措施是什么？,Design requalification for extreme storms (updated metocean; load cases); High-fidelity coupled aero-hydro-elastic simulation in design updates,失效模式是：Cracks；项目/功能是：Transition piece / Transition Piece (TP) / Primary structure & welding；建议措施是：Design requalification for extreme storms (updated metocean; load cases); High-fidelity coupled aero-hydro-elastic simulation in design updates。,正确,1.0,65.01,语义RAG,0.5,1.0,0,1.0,6,,,,,,Design requalification for extreme storms (updated metocean; load cases); High-fidelity coupled aero-hydro-elastic simulation in design updates,,潜在失效原因/机理；潜在失效后果；建议措施,32,
962,962,Full全量模型,无,故障措施推荐类,原因后果查建议措施,原因到措施推理,,,困难,"依据FMEA，若“Design; Under-designed structure/ Component due to human error/Insufficient environmental data”造成“Tower Unit collapse, Floater Unit damage”，对应的建议措施是什么？",High-fidelity coupled analysis of TP–tower–floater interaction; Design requalification for extreme storms (updated metocean; load cases); High-fidelity coupled aero-hydro-elastic simulation in design updates,失效模式是：Transition piece break；项目/功能是：Transition piece / Transition Piece (TP) / Primary structure & welding；建议措施是：High-fidelity coupled analysis of TP–tower–floater interaction; Design requalification for extreme storms (updated metocean; load cases); High-fidelity coupled aero-hydro-elastic simulation in design updates。,正确,1.0,71.62,语义RAG,0.3333,1.0,0,1.0,6,,,,,,High-fidelity coupled analysis of TP–tower–floater interaction; Design requalification for extreme storms (updated metocean; load cases); High-fidelity coupled aero-hydro-elastic simulation in design updates,,潜在失效原因/机理；潜在失效后果；建议措施,39,
963,963,Full全量模型,无,故障措施推荐类,原因后果查建议措施,原因到措施推理,,,困难,"依据FMEA，若“Operation and Maintenance; Undetected defects and poor quality control”造成“Tower Unit collapse, Floater Unit damage”，对应的建议措施是什么？","SHM for TP connections (strain gauges, acoustic emission, bolt preload monitoring); Welding quality assurance and NDT enhancement (phased-array UT)","失效模式是：Transition piece break；项目/功能是：Transition piece / Transition Piece (TP) / Primary structure & welding；建议措施是：SHM for TP connections (strain gauges, acoustic emission, bolt preload monitoring); Welding quality assurance and NDT enhancement (phased-array UT)。",正确,1.0,72.74,语义RAG,0.1667,1.0,0,1.0,6,,,,,,"SHM for TP connections (strain gauges, acoustic emission, bolt preload monitoring); Welding quality assurance and NDT enhancement (phased-array UT)",,潜在失效原因/机理；潜在失效后果；建议措施,40,
964,964,Full全量模型,无,故障措施推荐类,原因后果查建议措施,原因到措施推理,,,困难,"依据FMEA，若“Design; Analysis and Calculation fault due to human error”造成“Watertight fault, Potential Floater Unit sinkage”，对应的建议措施是什么？",Expanded design load cases (including typhoon/hurricane scenarios); Freeboard margin increase and water-tight compartmentalization; Improve engineering skills,失效模式是：Capsize [11]；项目/功能是：Floating support structure / Floating Support structure / All structures；建议措施是：Expanded design load cases (including typhoon/hurricane scenarios); Freeboard margin increase and water-tight compartmentalization; Improve engineering skills。,正确,1.0,65.66,语义RAG,0.6667,1.0,0,1.0,6,,,,,,Expanded design load cases (including typhoon/hurricane scenarios); Freeboard margin increase and water-tight compartmentalization; Improve engineering skills,,潜在失效原因/机理；潜在失效后果；建议措施,45,
965,965,Full全量模型,无,故障措施推荐类,原因后果查建议措施,原因到措施推理,,,困难,依据FMEA，若“Design; Analysis and Calculation fault due to human error”造成“Project cancellation”，对应的建议措施是什么？,Expanded design load cases (including typhoon/hurricane scenarios); -; Improved engineering skills,失效模式是：Capsize [11]；项目/功能是：Floating support structure / Floating Support structure / Primary structure；建议措施是：Expanded design load cases (including typhoon/hurricane scenarios); -; Improved engineering skills。,正确,1.0,60.39,语义RAG,0.5,1.0,0,1.0,6,,,,,,Expanded design load cases (including typhoon/hurricane scenarios); -; Improved engineering skills,,潜在失效原因/机理；潜在失效后果；建议措施,46,
966,966,Full全量模型,无,故障措施推荐类,原因后果查建议措施,原因到措施推理,,,困难,依据FMEA，若“Environmental condition; Design parameter superseded due to climate change”造成“Structural reassessment”，对应的建议措施是什么？,Expanded design load cases (including typhoon/hurricane scenarios); -,失效模式是：Structural break [11]；项目/功能是：Floating support structure / Floating Support structure / All structures；建议措施是：Expanded design load cases (including typhoon/hurricane scenarios); -。,正确,1.0,63.61,语义RAG,0.1667,1.0,0,1.0,6,,,,,,Expanded design load cases (including typhoon/hurricane scenarios); -,,潜在失效原因/机理；潜在失效后果；建议措施,49,
967,967,Full全量模型,无,故障措施推荐类,原因后果查建议措施,原因到措施推理,,,困难,依据FMEA，若“Operation; Dynamic umbilical connection/cable fail”造成“Potential failure”，对应的建议措施是什么？,Freeboard margin increase and water-tight compartmentalization; -; Expanded design load cases (including typhoon/hurricane scenarios); Improved cable mechnical design,失效模式是：Additional Structures Failures；项目/功能是：Floating support structure / Floating Support structure / Secondary structure；建议措施是：Freeboard margin increase and water-tight compartmentalization; -; Expanded design load cases (including typhoon/hurricane scenarios); Improved cable mechnical design。,正确,1.0,53.94,语义RAG,0.1667,1.0,0,1.0,6,,,,,,Freeboard margin increase and water-tight compartmentalization; -; Expanded design load cases (including typhoon/hurricane scenarios); Improved cable mechnical design,,潜在失效原因/机理；潜在失效后果；建议措施,50,
968,968,Full全量模型,无,故障措施推荐类,原因后果查建议措施,原因到措施推理,,,困难,依据FMEA，若“Environmental condition; Extreme horizontal oscillatory force”造成“Asset damage Energy production loss”，对应的建议措施是什么？,"Expanded design load cases (including typhoon/hurricane scenarios); Operational limits: weather windows, alarm thresholds for motions; Resonance avoidance via structural tuning/damping","失效模式是：Capsize [11]；项目/功能是：Floating support structure / Floating Support structure / Primary structure & Welding；建议措施是：Expanded design load cases (including typhoon/hurricane scenarios); Operational limits: weather windows, alarm thresholds for motions; Resonance avoidance via structural tuning/damping。",正确,1.0,55.03,语义RAG,0.1667,1.0,0,1.0,6,,,,,,"Expanded design load cases (including typhoon/hurricane scenarios); Operational limits: weather windows, alarm thresholds for motions; Resonance avoidance via structural tuning/damping",,潜在失效原因/机理；潜在失效后果；建议措施,52,
969,969,Full全量模型,无,故障措施推荐类,原因后果查建议措施,原因到措施推理,,,困难,依据FMEA，若“Operation; Fatigue due to continuous vibrations/resonance”造成“Structural failure”，对应的建议措施是什么？,Expanded design load cases (including typhoon/hurricane scenarios); Resonance avoidance via structural tuning/damping; High-fidelity coupled aero-hydro-elastic simulation in design updates,失效模式是：Cracks [11]；项目/功能是：Floating support structure / Floating Support structure / Primary structure & Welding；建议措施是：Expanded design load cases (including typhoon/hurricane scenarios); Resonance avoidance via structural tuning/damping; High-fidelity coupled aero-hydro-elastic simulation in design updates。,正确,1.0,62.75,语义RAG,0.1667,1.0,0,1.0,6,,,,,,Expanded design load cases (including typhoon/hurricane scenarios); Resonance avoidance via structural tuning/damping; High-fidelity coupled aero-hydro-elastic simulation in design updates,,潜在失效原因/机理；潜在失效后果；建议措施,53,
970,970,Full全量模型,无,故障措施推荐类,原因后果查建议措施,原因到措施推理,,,困难,依据FMEA，若“Design; Insufficient structural strength and cracks on the floater resulting in water ingress to the support structure”造成“Potential Failure/Asset damage Energy production loss”，对应的建议措施是什么？,Ballast redundancy and automated ballast management; Freeboard margin increase and water-tight compartmentalization; Expanded design load cases (including typhoon/hurricane scenarios),失效模式是：Floater unit sinkage；项目/功能是：Floating support structure / Floating Support structure / Secondary structure；建议措施是：Ballast redundancy and automated ballast management; Freeboard margin increase and water-tight compartmentalization; Expanded design load cases (including typhoon/hurricane scenarios)。,正确,1.0,50.95,语义RAG,0.3333,1.0,0,1.0,6,,,,,,Ballast redundancy and automated ballast management; Freeboard margin increase and water-tight compartmentalization; Expanded design load cases (including typhoon/hurricane scenarios),,潜在失效原因/机理；潜在失效后果；建议措施,58,
971,971,Full全量模型,无,故障措施推荐类,原因后果查建议措施,原因到措施推理,,,困难,依据FMEA，若“Operation; Structure brittle fracture due to extreme environmental temperature”造成“Tower collapse”，对应的建议措施是什么？,"Operational limits: weather windows, alarm thresholds for motions; Other- Specify; Expanded design load cases (including typhoon/hurricane scenarios); Better understanding of temperature ranges","失效模式是：Structural break [11]；项目/功能是：Floating support structure / Floating Support structure / Primary structure & Welding；建议措施是：Operational limits: weather windows, alarm thresholds for motions; Other- Specify; Expanded design load cases (including typhoon/hurricane scenarios); Better understanding of temperature ranges。",正确,1.0,52.89,语义RAG,0.1667,1.0,0,1.0,6,,,,,,"Operational limits: weather windows, alarm thresholds for motions; Other- Specify; Expanded design load cases (including typhoon/hurricane scenarios); Better understanding of temperature ranges",,潜在失效原因/机理；潜在失效后果；建议措施,68,
972,972,Full全量模型,无,故障措施推荐类,原因后果查建议措施,原因到措施推理,,,困难,依据FMEA，若“Operation; Structures break/collapse due to collision with other FWT”造成“Potential Failure/Asset damage Energy production loss”，对应的建议措施是什么？,"Operational limits: weather windows, alarm thresholds for motions; -; Expanded design load cases (including typhoon/hurricane scenarios); Freeboard margin increase and water-tight compartmentalization","失效模式是：Floater unit sinkage；项目/功能是：Floating support structure / Floating Support structure / All structures；建议措施是：Operational limits: weather windows, alarm thresholds for motions; -; Expanded design load cases (including typhoon/hurricane scenarios); Freeboard margin increase and water-tight compartmentalization。",正确,1.0,67.45,语义RAG,0.1667,1.0,0,1.0,6,,,,,,"Operational limits: weather windows, alarm thresholds for motions; -; Expanded design load cases (including typhoon/hurricane scenarios); Freeboard margin increase and water-tight compartmentalization",,潜在失效原因/机理；潜在失效后果；建议措施,69,
973,973,Full全量模型,无,故障措施推荐类,原因后果查建议措施,原因到措施推理,,,困难,"依据FMEA，若“Environmental condition; Typhoon can cause failure of the floating unit if it gets hit by dropping objects. (eg. damaged blade)(strong wind/wave)”造成“Damage to the facility, vast economic loses”，对应的建议措施是什么？",Expanded design load cases (including typhoon/hurricane scenarios); High-fidelity coupled aero-hydro-elastic simulation in design updates; -,"失效模式是：Hit by dropped objects [1,9]；项目/功能是：Floating support structure / Floating Support structure / All structures；建议措施是：Expanded design load cases (including typhoon/hurricane scenarios); High-fidelity coupled aero-hydro-elastic simulation in design updates; -。",正确,1.0,64.82,语义RAG,0.1667,1.0,0,1.0,6,,,,,,Expanded design load cases (including typhoon/hurricane scenarios); High-fidelity coupled aero-hydro-elastic simulation in design updates; -,,潜在失效原因/机理；潜在失效后果；建议措施,70,
974,974,Full全量模型,无,故障措施推荐类,原因后果查建议措施,原因到措施推理,,,困难,"依据FMEA，若“Design; Underdesigned structure/Component due to insufficient environmental data”造成“Watertight fault, Potential Floater Unit sinkage”，对应的建议措施是什么？",Expanded design load cases (including typhoon/hurricane scenarios); High-fidelity coupled aero-hydro-elastic simulation in design updates,失效模式是：Structural break [11]；项目/功能是：Floating support structure / Floating Support structure / All structures；建议措施是：Expanded design load cases (including typhoon/hurricane scenarios); High-fidelity coupled aero-hydro-elastic simulation in design updates。,正确,1.0,73.08,语义RAG,0.5,1.0,0,1.0,6,,,,,,Expanded design load cases (including typhoon/hurricane scenarios); High-fidelity coupled aero-hydro-elastic simulation in design updates,,潜在失效原因/机理；潜在失效后果；建议措施,71,
975,975,Full全量模型,无,故障措施推荐类,原因后果查建议措施,原因到措施推理,,,困难,"依据FMEA，若“Maintenance; Undetected defects due to poor quality control”造成“Watertight fault, Potential Floater Unit sinkage”，对应的建议措施是什么？","Operational limits: weather windows, alarm thresholds for motions; Other- Specify; -; Welding quality assurance and NDT enhancement (phased-array UT)","失效模式是：Structural break [11]；项目/功能是：Floating support structure / Floating Support structure / All structures & Welding；建议措施是：Operational limits: weather windows, alarm thresholds for motions; Other- Specify; -; Welding quality assurance and NDT enhancement (phased-array UT)。",正确,1.0,67.32,语义RAG,0.5,1.0,0,1.0,6,,,,,,"Operational limits: weather windows, alarm thresholds for motions; Other- Specify; -; Welding quality assurance and NDT enhancement (phased-array UT)",,潜在失效原因/机理；潜在失效后果；建议措施,72,
976,976,Full全量模型,无,故障措施推荐类,原因后果查建议措施,原因到措施推理,,,困难,依据FMEA，若“Operation; Abnormal working conditions”造成“Anchor failure”，对应的建议措施是什么？,"Continuous tension and vibration monitoring; thresholds for intervention; Procedural controls: load management, operational envelopes; Better design by expanded load case matrix including more failure modes; -","失效模式是：Anchor failure [1], [17]；项目/功能是：Station keeping / Anchor (AC)；建议措施是：Continuous tension and vibration monitoring; thresholds for intervention; Procedural controls: load management, operational envelopes; Better design by expanded load case matrix including more failure modes; -。",正确,1.0,67.64,语义RAG,0.5,1.0,0,1.0,6,,,,,,"Continuous tension and vibration monitoring; thresholds for intervention; Procedural controls: load management, operational envelopes; Better design by expanded load case matrix including more failure modes; -",,潜在失效原因/机理；潜在失效后果；建议措施,75,
977,977,Full全量模型,无,故障措施推荐类,原因后果查建议措施,原因到措施推理,,,困难,依据FMEA，若“Operation; Cyclic degradation”造成“Anchor failure”，对应的建议措施是什么？,"Continuous tension and vibration monitoring; thresholds for intervention; Procedural controls: load management, operational envelopes; Better design by expanded load case matrix including more failure modes; -","失效模式是：Anchor failure [1], [17]；项目/功能是：Station keeping / Anchor (AC)；建议措施是：Continuous tension and vibration monitoring; thresholds for intervention; Procedural controls: load management, operational envelopes; Better design by expanded load case matrix including more failure modes; -。",正确,1.0,61.66,语义RAG,0.3333,1.0,0,1.0,6,,,,,,"Continuous tension and vibration monitoring; thresholds for intervention; Procedural controls: load management, operational envelopes; Better design by expanded load case matrix including more failure modes; -",,潜在失效原因/机理；潜在失效后果；建议措施,76,
978,978,Full全量模型,无,故障措施推荐类,原因后果查建议措施,原因到措施推理,,,困难,依据FMEA，若“Operation; Fairlead fatigue”造成“The anchor cannot be dropped and lift”，对应的建议措施是什么？,Continuous tension and vibration monitoring; thresholds for intervention; Fairlead geometry improvements and low-wear lining; Optimized chain/wire/rope selection and fatigue margins (design); -,"失效模式是：Fairlead failure [1], [17]；项目/功能是：Station keeping / Fairlead (FL)；建议措施是：Continuous tension and vibration monitoring; thresholds for intervention; Fairlead geometry improvements and low-wear lining; Optimized chain/wire/rope selection and fatigue margins (design); -。",正确,1.0,75.68,语义RAG,0.3333,1.0,0,1.0,6,,,,,,Continuous tension and vibration monitoring; thresholds for intervention; Fairlead geometry improvements and low-wear lining; Optimized chain/wire/rope selection and fatigue margins (design); -,,潜在失效原因/机理；潜在失效后果；建议措施,79,
979,979,Full全量模型,无,故障措施推荐类,原因后果查建议措施,原因到措施推理,,,困难,依据FMEA，若“Operation; Fairlead corrosion”造成“The anchor cannot be dropped and lift”，对应的建议措施是什么？,Cathodic protection and corrosion monitoring regimes; -,"失效模式是：Fairlead failure [1],[17]；项目/功能是：Station keeping / Fairlead (FL)；建议措施是：Cathodic protection and corrosion monitoring regimes; -。",正确,1.0,66.97,语义RAG,0.3333,1.0,0,1.0,6,,,,,,Cathodic protection and corrosion monitoring regimes; -,,潜在失效原因/机理；潜在失效后果；建议措施,80,
980,980,Full全量模型,无,故障措施推荐类,原因后果查建议措施,原因到措施推理,,,困难,依据FMEA，若“Manufacturing; Poor splice quality/ workmanship/qualification”造成“Mooring line strength decrease or broken”，对应的建议措施是什么？,ROV visual inspections; targeted maintenance on wear zones; Diversity in materials/vendors to reduce common-cause risks; -,失效模式是：Mooring line breakage [8]；项目/功能是：Station keeping / Mooring Lines (ML) / Mooring lines；建议措施是：ROV visual inspections; targeted maintenance on wear zones; Diversity in materials/vendors to reduce common-cause risks; -。,正确,1.0,63.46,语义RAG,1.0,1.0,0,1.0,6,,,,,,ROV visual inspections; targeted maintenance on wear zones; Diversity in materials/vendors to reduce common-cause risks; -,,潜在失效原因/机理；潜在失效后果；建议措施,82,
981,981,Full全量模型,无,故障措施推荐类,原因后果查建议措施,原因到措施推理,,,困难,依据FMEA，若“Environmental condition; Abnormal stress due to mooring lines wear caused by unexpected seismic loads/ The tension overpassing the limit value can cause the mooring line to instantaneously break”造成“Mooring line strength decrease or broken”，对应的建议措施是什么？,Continuous tension and vibration monitoring; thresholds for intervention; -,失效模式是：Mooring line breakage[8]；项目/功能是：Station keeping / Mooring Lines (ML) / Mooring lines；建议措施是：Continuous tension and vibration monitoring; thresholds for intervention; -。,正确,1.0,54.02,语义RAG,0.6667,1.0,0,1.0,6,,,,,,Continuous tension and vibration monitoring; thresholds for intervention; -,,潜在失效原因/机理；潜在失效后果；建议措施,83,
982,982,Full全量模型,无,故障措施推荐类,原因后果查建议措施,原因到措施推理,,,困难,依据FMEA，若“Environmental condition; Mooring lines wear caused by unexpected external damage (from e.g. overtrawling)/particulate ingress/UV light”造成“Mooring line strength decrease or broken”，对应的建议措施是什么？,Continuous tension and vibration monitoring; thresholds for intervention; -,失效模式是：Mooring line breakage[8]；项目/功能是：Station keeping / Mooring Lines (ML) / Mooring lines；建议措施是：Continuous tension and vibration monitoring; thresholds for intervention; -。,正确,1.0,58.24,语义RAG,0.8333,1.0,0,1.0,6,,,,,,Continuous tension and vibration monitoring; thresholds for intervention; -,,潜在失效原因/机理；潜在失效后果；建议措施,84,
983,983,Full全量模型,无,故障措施推荐类,原因后果查建议措施,原因到措施推理,,,困难,依据FMEA，若“Maintenance; Mooring lines corrosion due to improper maintenance of the corroded components”造成“Mooring line strength decrease or broken”，对应的建议措施是什么？,Continuous tension and vibration monitoring; thresholds for intervention; Optimized chain/wire/rope selection and fatigue margins (design); -,失效模式是：Mooring Line Corrosion [1]；项目/功能是：Station keeping / Mooring Lines (ML) / Mooring lines；建议措施是：Continuous tension and vibration monitoring; thresholds for intervention; Optimized chain/wire/rope selection and fatigue margins (design); -。,正确,1.0,60.27,语义RAG,0.8333,1.0,0,1.0,6,,,,,,Continuous tension and vibration monitoring; thresholds for intervention; Optimized chain/wire/rope selection and fatigue margins (design); -,,潜在失效原因/机理；潜在失效后果；建议措施,85,
984,984,Full全量模型,无,故障措施推荐类,原因后果查建议措施,原因到措施推理,,,困难,"依据FMEA，若“Operation; Mooring line fatigue due to Improper operational procedures, such as excessive loading, bending or twisting.”造成“Mooring line strength decrease or broken”，对应的建议措施是什么？",Continuous tension and vibration monitoring; thresholds for intervention; Optimized chain/wire/rope selection and fatigue margins (design); -,失效模式是：Mooring Line Fatigue [1]；项目/功能是：Station keeping / Mooring Lines (ML) / Mooring lines；建议措施是：Continuous tension and vibration monitoring; thresholds for intervention; Optimized chain/wire/rope selection and fatigue margins (design); -。,正确,1.0,67.99,语义RAG,1.0,1.0,0,1.0,6,,,,,,Continuous tension and vibration monitoring; thresholds for intervention; Optimized chain/wire/rope selection and fatigue margins (design); -,,潜在失效原因/机理；潜在失效后果；建议措施,87,
985,985,Full全量模型,无,故障措施推荐类,原因后果查建议措施,原因到措施推理,,,困难,依据FMEA，若“Operation; Transitional chain wear due to repeated loading and unloading cycles over time”造成“Asset not in correct location or position”，对应的建议措施是什么？,"ROV visual inspections; targeted maintenance on wear zones; Optimized chain/wire/rope selection and fatigue margins (design); Only chain and wire above MSL, keep fiber ropes wet; -","失效模式是：Mooring lines broken [1,3]；项目/功能是：Station keeping / Mooring lines (ML) / Mooring lines；建议措施是：ROV visual inspections; targeted maintenance on wear zones; Optimized chain/wire/rope selection and fatigue margins (design); Only chain and wire above MSL, keep fiber ropes wet; -。",正确,1.0,71.1,语义RAG,0.6667,1.0,0,1.0,6,,,,,,"ROV visual inspections; targeted maintenance on wear zones; Optimized chain/wire/rope selection and fatigue margins (design); Only chain and wire above MSL, keep fiber ropes wet; -",,潜在失效原因/机理；潜在失效后果；建议措施,91,
986,986,Full全量模型,无,故障措施推荐类,原因后果查建议措施,原因到措施推理,,,困难,依据FMEA，若“Maintenance; Transitional chain wear due to improper inspection and maintenance”造成“Asset not in correct location or position”，对应的建议措施是什么？,"ROV visual inspections; targeted maintenance on wear zones; Optimized chain/wire/rope selection and fatigue margins (design); Only chain and wire above MSL, keep fiber ropes wet; -","失效模式是：Mooring lines broken [1,3]；项目/功能是：Station keeping / Mooring lines (ML) / Mooring lines；建议措施是：ROV visual inspections; targeted maintenance on wear zones; Optimized chain/wire/rope selection and fatigue margins (design); Only chain and wire above MSL, keep fiber ropes wet; -。",正确,1.0,72.26,语义RAG,0.8333,1.0,0,1.0,6,,,,,,"ROV visual inspections; targeted maintenance on wear zones; Optimized chain/wire/rope selection and fatigue margins (design); Only chain and wire above MSL, keep fiber ropes wet; -",,潜在失效原因/机理；潜在失效后果；建议措施,92,
987,987,Full全量模型,无,故障措施推荐类,原因后果查建议措施,原因到措施推理,,,困难,"依据FMEA，若“Operation; Friction chain wear due to significant movement and tension due to the forces of wind, waves”造成“Asset not in correct location or position”，对应的建议措施是什么？","ROV visual inspections; targeted maintenance on wear zones; Optimized chain/wire/rope selection and fatigue margins (design); Only chain and wire above MSL, keep fiber ropes wet; -","失效模式是：Mooring lines broken [1,3]；项目/功能是：Station keeping / Mooring lines (ML) / Mooring lines；建议措施是：ROV visual inspections; targeted maintenance on wear zones; Optimized chain/wire/rope selection and fatigue margins (design); Only chain and wire above MSL, keep fiber ropes wet; -。",正确,1.0,58.53,语义RAG,0.6667,1.0,0,1.0,6,,,,,,"ROV visual inspections; targeted maintenance on wear zones; Optimized chain/wire/rope selection and fatigue margins (design); Only chain and wire above MSL, keep fiber ropes wet; -",,潜在失效原因/机理；潜在失效后果；建议措施,93,
988,988,Full全量模型,无,故障措施推荐类,原因后果查建议措施,原因到措施推理,,,困难,依据FMEA，若“Operation; Mooring line wear due to hysteretic heating or wet-dry cycling”造成“Asset not in correct location or position”，对应的建议措施是什么？,ROV visual inspections; targeted maintenance on wear zones; -,"失效模式是：Mooring lines broken [1,3]；项目/功能是：Station keeping / Mooring lines (ML) / Mooring lines；建议措施是：ROV visual inspections; targeted maintenance on wear zones; -。",正确,1.0,64.09,语义RAG,0.8333,1.0,0,1.0,6,,,,,,ROV visual inspections; targeted maintenance on wear zones; -,,潜在失效原因/机理；潜在失效后果；建议措施,94,
989,989,Full全量模型,无,故障措施推荐类,原因后果查建议措施,原因到措施推理,,,困难,依据FMEA，若“Maintenance; Mooring winch failure due to undetected hazard during operation”造成“Asset not in correct location or position”，对应的建议措施是什么？,"Continuous tension and vibration monitoring; thresholds for intervention; Procedural controls: load management, operational envelopes; -","Continuous tension and vibration monitoring; thresholds for intervention; Procedural controls: load management, operational envelopes; -",正确,1.0,846.47,语义RAG,0.5,1.0,0,1.0,6,,,,,,"Continuous tension and vibration monitoring; thresholds for intervention; Procedural controls: load management, operational envelopes; -",,潜在失效原因/机理；潜在失效后果；建议措施,96,
990,990,Full全量模型,无,故障措施推荐类,原因后果查建议措施,原因到措施推理,,,困难,依据FMEA，若“Design Phase; Underestimation of dynamic conditions - Unexpected contingency scenario ( loss of mooring line ) - unexpected dynamic loads”造成“Structural damage - cable composition weakening”，对应的建议措施是什么？,"Monitoring: DTS/RTTR, electrical integrity tests, leak detection; Lazy-wave configuration optimization; buoyancy spacing; hang-off upgrades; -","失效模式是：accelerated mechanical fatigue；项目/功能是：Dynamic cable / Dynamic Cable / Dynamic Cable/；建议措施是：Monitoring: DTS/RTTR, electrical integrity tests, leak detection; Lazy-wave configuration optimization; buoyancy spacing; hang-off upgrades; -。",正确,1.0,73.63,语义RAG,0.3333,1.0,0,1.0,6,,,,,,"Monitoring: DTS/RTTR, electrical integrity tests, leak detection; Lazy-wave configuration optimization; buoyancy spacing; hang-off upgrades; -",,潜在失效原因/机理；潜在失效后果；建议措施,97,
991,991,Full全量模型,无,故障措施推荐类,原因后果查建议措施,原因到措施推理,,,困难,"依据FMEA，若“Design Phase; Seawater exposure, environmental conditions due to insufficient coating”造成“J-tube degradation affecting cable integrity”，对应的建议措施是什么？",-; Cathodic protection; coating improvements,Cathodic protection; coating improvements.,正确,1.0,676.59,语义RAG,0.5,1.0,0,1.0,6,,,,,,-; Cathodic protection; coating improvements,,潜在失效原因/机理；潜在失效后果；建议措施,101,
992,992,Full全量模型,无,故障措施推荐类,原因后果查建议措施,原因到措施推理,,,困难,依据FMEA，若“Design Phase; Wrong design/execution of the isolation material”造成“High risk of fault on the cable - total loss of the line Prodution loss on the string”，对应的建议措施是什么？,-; Design review; improved material selection,-; Design review; improved material selection,正确,1.0,665.6,语义RAG,0.3333,1.0,0,1.0,6,,,,,,-; Design review; improved material selection,,潜在失效原因/机理；潜在失效后果；建议措施,103,
993,993,Full全量模型,无,故障措施推荐类,原因后果查建议措施,原因到措施推理,,,困难,依据FMEA，若“Environmental conditions; Floating debris - marine activities”造成“Cable damage - operational disruption”，对应的建议措施是什么？,-; Environmental protections; debris management,失效模式是：Debris disturbance；项目/功能是：Dynamic cable / Dynamic Cable / Dynamic Cable/；建议措施是：-; Environmental protections; debris management。,正确,1.0,69.96,语义RAG,0.1667,1.0,0,1.0,6,,,,,,-; Environmental protections; debris management,,潜在失效原因/机理；潜在失效后果；建议措施,104,
994,994,Full全量模型,无,故障措施推荐类,原因后果查建议措施,原因到措施推理,,,困难,依据FMEA，若“Operation; Connector failure - Mechanical stress”造成“cable disconnection - water penetration - Power loss”，对应的建议措施是什么？,-; Design review; improved material selection,失效模式是：Detachment；项目/功能是：Dynamic cable / Dynamic Cable / Dynamic Cable/；建议措施是：-; Design review; improved material selection。,正确,1.0,67.97,语义RAG,0.1667,1.0,0,1.0,6,,,,,,-; Design review; improved material selection,,潜在失效原因/机理；潜在失效后果；建议措施,105,
995,995,Full全量模型,无,故障措施推荐类,原因后果查建议措施,原因到措施推理,,,困难,依据FMEA，若“Manufacturing; Poor quality of insulating fluids”造成“breakdown of insulation”，对应的建议措施是什么？,-; Design improvements; enhanced termination QA,失效模式是：Failure of end termination [6]；项目/功能是：Dynamic cable / Dynamic Cable / Joints and terminations；建议措施是：-; Design improvements; enhanced termination QA。,正确,1.0,67.75,语义RAG,0.3333,1.0,0,1.0,6,,,,,,-; Design improvements; enhanced termination QA,,潜在失效原因/机理；潜在失效后果；建议措施,107,
996,996,Full全量模型,无,故障措施推荐类,原因后果查建议措施,原因到措施推理,,,困难,依据FMEA，若“Manufacturing; Errors or defects during manufacturing”造成“Reduced or interupted electricity flow”，对应的建议措施是什么？,"Installation QA/QC: pull-in tension verification, handling procedures; Watertightness assurance: enhanced sealing tests; end termination QA; -","失效模式是：Failure of watertightness；项目/功能是：Dynamic cable / Dynamic Cable / Dynamic Cable/；建议措施是：Installation QA/QC: pull-in tension verification, handling procedures; Watertightness assurance: enhanced sealing tests; end termination QA; -。",正确,1.0,71.6,语义RAG,0.1667,1.0,0,1.0,6,,,,,,"Installation QA/QC: pull-in tension verification, handling procedures; Watertightness assurance: enhanced sealing tests; end termination QA; -",,潜在失效原因/机理；潜在失效后果；建议措施,112,
997,997,Full全量模型,无,故障措施推荐类,原因后果查建议措施,原因到措施推理,,,困难,依据FMEA，若“Operation; Damage on the cable due to extreme environmental events”造成“Reduced or interupted electricity flow”，对应的建议措施是什么？,Watertightness assurance: enhanced sealing tests; end termination QA; -,失效模式是：Failure of watertightness；项目/功能是：Dynamic cable / Dynamic Cable / Dynamic Cable/；建议措施是：Watertightness assurance: enhanced sealing tests; end termination QA; -。,正确,1.0,63.22,语义RAG,0.1667,1.0,0,1.0,6,,,,,,Watertightness assurance: enhanced sealing tests; end termination QA; -,,潜在失效原因/机理；潜在失效后果；建议措施,113,
998,998,Full全量模型,无,故障措施推荐类,原因后果查建议措施,原因到措施推理,,,困难,依据FMEA，若“Operation; Internal damage: Problem in insulation material - Electrical overload”造成“Electrical faults - loss of production”，对应的建议措施是什么？,"-; Monitoring (DTS/RTTR, electrical integrity tests)","失效模式是：failures of conductors；项目/功能是：Dynamic cable / Dynamic Cable / Conductor；建议措施是：-; Monitoring (DTS/RTTR, electrical integrity tests)。",正确,1.0,59.41,语义RAG,0.3333,1.0,0,1.0,6,,,,,,"-; Monitoring (DTS/RTTR, electrical integrity tests)",,潜在失效原因/机理；潜在失效后果；建议措施,114,
999,999,Full全量模型,无,故障措施推荐类,原因后果查建议措施,原因到措施推理,,,困难,依据FMEA，若“Operation; Repeated stress cycles - bending motions”造成“Crack may evolve in a fault of the cable - Cable weakening”，对应的建议措施是什么？,"Monitoring: DTS/RTTR, electrical integrity tests, leak detection; -","失效模式是：Fatigue Cracks；项目/功能是：Dynamic cable / Dynamic Cable / Dynamic Cable/；建议措施是：Monitoring: DTS/RTTR, electrical integrity tests, leak detection; -。",正确,1.0,80.99,语义RAG,0.3333,1.0,0,1.0,6,,,,,,"Monitoring: DTS/RTTR, electrical integrity tests, leak detection; -",,潜在失效原因/机理；潜在失效后果；建议措施,115,
1000,1000,Full全量模型,无,故障措施推荐类,原因后果查建议措施,原因到措施推理,,,困难,依据FMEA，若“Design Phase; Underestimation of dynamic conditions - Unexpected contingency scenario ( loss of mooring line )”造成“Weakening of cable materials - loss of production”，对应的建议措施是什么？,"Monitoring: DTS/RTTR, electrical integrity tests, leak detection; -","失效模式是：material degradation；项目/功能是：Dynamic cable / Dynamic Cable / Dynamic Cable/；建议措施是：Monitoring: DTS/RTTR, electrical integrity tests, leak detection; -。",正确,1.0,66.48,语义RAG,0.5,1.0,0,1.0,6,,,,,,"Monitoring: DTS/RTTR, electrical integrity tests, leak detection; -",,潜在失效原因/机理；潜在失效后果；建议措施,119,
1001,1001,Full全量模型,无,风险影响评估类,项目失效现象查后果,风险后果查询,,,简单,在项目/功能“Tower / Tower / Primary steelwork”中，故障现象“Abnormal vibration”的潜在失效后果是什么？,Excessive Fatigue Life Consumption,失效模式“Abnormal vibration”的潜在失效后果是：Excessive Fatigue Life Consumption。,正确,1.0,4.58,CSV直答,0.0,0.0,0,,1,,,,,,Excessive Fatigue Life Consumption,,项目/功能；潜在失效模式；潜在失效后果,0,
1002,1002,Full全量模型,无,风险影响评估类,项目失效现象查后果,风险后果查询,,,简单,在项目/功能“Tower / Tower / Primary steelwork”中，故障现象“Cracks”的潜在失效后果是什么？,Failure of whole facility and vast economic loses,失效模式“Cracks”的潜在失效后果是：Failure of whole facility and vast economic loses。,正确,1.0,4.28,CSV直答,0.0,0.0,0,,1,,,,,,Failure of whole facility and vast economic loses,,项目/功能；潜在失效模式；潜在失效后果,4,
1003,1003,Full全量模型,无,风险影响评估类,项目失效现象查后果,风险后果查询,,,简单,在项目/功能“Tower / Tower / Primary structure & welding”中，故障现象“Cracks”的潜在失效后果是什么？,Potential collapse,失效模式“Cracks”的潜在失效后果是：Failure of whole facility and vast economic loses。,错误,0.0,3.86,CSV直答,0.0,0.0,0,,1,Potential collapse,,,,,Potential collapse,,项目/功能；潜在失效模式；潜在失效后果,7,
1004,1004,Full全量模型,无,风险影响评估类,项目失效现象查后果,风险后果查询,,,简单,在项目/功能“Tower / Tower / Welding”中，故障现象“Cracks”的潜在失效后果是什么？,Potential collapse,失效模式“Cracks”的潜在失效后果是：Failure of whole facility and vast economic loses。,错误,0.0,3.84,CSV直答,0.0,0.0,0,,1,Potential collapse,,,,,Potential collapse,,项目/功能；潜在失效模式；潜在失效后果,10,
1005,1005,Full全量模型,无,风险影响评估类,项目失效现象查后果,风险后果查询,,,简单,在项目/功能“Tower / Tower / Primary steelwork”中，故障现象“Plastic deformation”的潜在失效后果是什么？,Potential collapse,失效模式“Plastic deformation”的潜在失效后果是：Potential collapse。,正确,1.0,3.91,CSV直答,0.0,0.0,0,,1,,,,,,Potential collapse,,项目/功能；潜在失效模式；潜在失效后果,21,
1006,1006,Full全量模型,无,风险影响评估类,项目失效现象查后果,风险后果查询,,,简单,在项目/功能“Tower / Tower / Primary steelwork”中，故障现象“Tower collapse”的潜在失效后果是什么？,Failure of whole facility and vast economic loses,失效模式“Tower collapse”的潜在失效后果是：Failure of whole facility and vast economic loses。,正确,1.0,3.92,CSV直答,0.0,0.0,0,,1,,,,,,Failure of whole facility and vast economic loses,,项目/功能；潜在失效模式；潜在失效后果,23,
1007,1007,Full全量模型,无,风险影响评估类,项目失效现象查后果,风险后果查询,,,简单,在项目/功能“Transition piece / Transition Piece / Primary structure & welding”中，故障现象“Transition piece break”的潜在失效后果是什么？,"Tower Unit collapse, Floater Unit damage","失效模式“Transition piece break”的潜在失效后果是：Tower Unit collapse, Floater Unit damage。",正确,1.0,4.0,CSV直答,0.0,0.0,0,,1,,,,,,"Tower Unit collapse, Floater Unit damage",,项目/功能；潜在失效模式；潜在失效后果,24,
1008,1008,Full全量模型,无,风险影响评估类,项目失效现象查后果,风险后果查询,,,简单,在项目/功能“Transition piece / Transition Piece / Primary structure”中，故障现象“Transition piece break”的潜在失效后果是什么？,"tension failure (rupture), buckling of the transition piece/ Tower unit damage","失效模式“Transition piece break”的潜在失效后果是：Tower Unit collapse, Floater Unit damage。",错误,0.0,4.04,CSV直答,0.0,0.0,0,,1,"tension failure (rupture), buckling of the transition piece/ Tower unit damage",,,,,"tension failure (rupture), buckling of the transition piece/ Tower unit damage",,项目/功能；潜在失效模式；潜在失效后果,25,
1009,1009,Full全量模型,无,风险影响评估类,项目失效现象查后果,风险后果查询,,,简单,在项目/功能“Transition piece / Transition Piece / Primary stucture”中，故障现象“Structural plastic deformation”的潜在失效后果是什么？,Local stress accumulation,失效模式“Structural plastic deformation”的潜在失效后果是：Local stress accumulation。,正确,1.0,4.03,CSV直答,0.0,0.0,0,,1,,,,,,Local stress accumulation,,项目/功能；潜在失效模式；潜在失效后果,26,
1010,1010,Full全量模型,无,风险影响评估类,项目失效现象查后果,风险后果查询,,,简单,在项目/功能“Transition piece / Transition Piece / Primary structure & welding”中，故障现象“Cracks”的潜在失效后果是什么？,Tower transition piece connections failure / resonance,失效模式“Cracks”的潜在失效后果是：Failure of whole facility and vast economic loses。,错误,0.0,4.08,CSV直答,0.0,0.0,0,,1,Tower transition piece connections failure / resonance,,,,,Tower transition piece connections failure / resonance,,项目/功能；潜在失效模式；潜在失效后果,27,
1011,1011,Full全量模型,无,风险影响评估类,项目失效现象查后果,风险后果查询,,,简单,在项目/功能“Transition piece / Transition Piece / Primary structure & welding”中，故障现象“Abnormal vibration”的潜在失效后果是什么？,potential tower connections failure,失效模式“Abnormal vibration”的潜在失效后果是：Excessive Fatigue Life Consumption。,错误,0.0,3.98,CSV直答,0.0,0.0,0,,1,potential tower connections failure,,,,,potential tower connections failure,,项目/功能；潜在失效模式；潜在失效后果,29,
1012,1012,Full全量模型,无,风险影响评估类,项目失效现象查后果,风险后果查询,,,简单,在项目/功能“Transition piece / Transition Piece / Primary structure”中，故障现象“Cracks”的潜在失效后果是什么？,Tower transition piece connections failure,失效模式“Cracks”的潜在失效后果是：Failure of whole facility and vast economic loses。,错误,0.0,3.96,CSV直答,0.0,0.0,0,,1,Tower transition piece connections failure,,,,,Tower transition piece connections failure,,项目/功能；潜在失效模式；潜在失效后果,31,
1013,1013,Full全量模型,无,风险影响评估类,项目失效现象查后果,风险后果查询,,,简单,在项目/功能“Transition piece / Transition Piece / Welding”中，故障现象“Cracks”的潜在失效后果是什么？,potential tower connections failure,失效模式“Cracks”的潜在失效后果是：Failure of whole facility and vast economic loses。,错误,0.0,4.09,CSV直答,0.0,0.0,0,,1,potential tower connections failure,,,,,potential tower connections failure,,项目/功能；潜在失效模式；潜在失效后果,33,
1014,1014,Full全量模型,无,风险影响评估类,项目失效现象查后果,风险后果查询,,,简单,在项目/功能“Floating support structure / Floating Support structure / All structures”中，故障现象“Capsize”的潜在失效后果是什么？,"Watertight fault, Potential Floater Unit sinkage","失效模式“Capsize”的潜在失效后果是：Watertight fault, Potential Floater Unit sinkage。",正确,1.0,4.52,CSV直答,0.0,0.0,0,,1,,,,,,"Watertight fault, Potential Floater Unit sinkage",,项目/功能；潜在失效模式；潜在失效后果,45,
1015,1015,Full全量模型,无,风险影响评估类,项目失效现象查后果,风险后果查询,,,简单,在项目/功能“Floating support structure / Floating Support structure / Primary structure”中，故障现象“Capsize”的潜在失效后果是什么？,Project cancellation,"失效模式“Capsize”的潜在失效后果是：Watertight fault, Potential Floater Unit sinkage。",错误,0.0,4.54,CSV直答,0.0,0.0,0,,1,Project cancellation,,,,,Project cancellation,,项目/功能；潜在失效模式；潜在失效后果,46,
1016,1016,Full全量模型,无,风险影响评估类,项目失效现象查后果,风险后果查询,,,简单,在项目/功能“Floating support structure / Floating Support structure / Secondary structure”中，故障现象“Additional Structures Failures”的潜在失效后果是什么？,Potential failure,失效模式“Additional Structures Failures”的潜在失效后果是：Potential failure。,正确,1.0,3.92,CSV直答,0.0,0.0,0,,1,,,,,,Potential failure,,项目/功能；潜在失效模式；潜在失效后果,47,
1017,1017,Full全量模型,无,风险影响评估类,项目失效现象查后果,风险后果查询,,,简单,在项目/功能“Floating support structure / Floating Support structure / All structures”中，故障现象“Hit by dropped objects”的潜在失效后果是什么？,"Damage to the facility, vast economic loses","失效模式“Hit by dropped objects”的潜在失效后果是：Damage to the facility, vast economic loses。",正确,1.0,4.56,CSV直答,0.0,0.0,0,,1,,,,,,"Damage to the facility, vast economic loses",,项目/功能；潜在失效模式；潜在失效后果,48,
1018,1018,Full全量模型,无,风险影响评估类,项目失效现象查后果,风险后果查询,,,简单,在项目/功能“Floating support structure / Floating Support structure / All structures”中，故障现象“Structural break”的潜在失效后果是什么？,Structural reassessment,失效模式“Structural break”的潜在失效后果是：Structural reassessment。,正确,1.0,4.49,CSV直答,0.0,0.0,0,,1,,,,,,Structural reassessment,,项目/功能；潜在失效模式；潜在失效后果,49,
1019,1019,Full全量模型,无,风险影响评估类,项目失效现象查后果,风险后果查询,,,简单,在项目/功能“Floating support structure / Floating Support structure / Primary Structure”中，故障现象“Cracks”的潜在失效后果是什么？,Structural failure,失效模式“Cracks”的潜在失效后果是：Failure of whole facility and vast economic loses。,错误,0.0,3.94,CSV直答,0.0,0.0,0,,1,Structural failure,,,,,Structural failure,,项目/功能；潜在失效模式；潜在失效后果,51,
1020,1020,Full全量模型,无,风险影响评估类,项目失效现象查后果,风险后果查询,,,简单,在项目/功能“Floating support structure / Floating Support structure / Primary structure & Welding”中，故障现象“Capsize”的潜在失效后果是什么？,Asset damage Energy production loss,"失效模式“Capsize”的潜在失效后果是：Watertight fault, Potential Floater Unit sinkage。",错误,0.0,4.54,CSV直答,0.0,0.0,0,,1,Asset damage Energy production loss,,,,,Asset damage Energy production loss,,项目/功能；潜在失效模式；潜在失效后果,52,
1021,1021,Full全量模型,无,风险影响评估类,项目失效现象查后果,风险后果查询,,,简单,在项目/功能“Floating support structure / Floating Support structure / Primary structure & Welding”中，故障现象“Cracks”的潜在失效后果是什么？,Structural failure,失效模式“Cracks”的潜在失效后果是：Failure of whole facility and vast economic loses。,错误,0.0,3.99,CSV直答,0.0,0.0,0,,1,Structural failure,,,,,Structural failure,,项目/功能；潜在失效模式；潜在失效后果,53,
1022,1022,Full全量模型,无,风险影响评估类,项目失效现象查后果,风险后果查询,,,简单,在项目/功能“Floating support structure / Floating Support structure / All structures”中，故障现象“Cracks”的潜在失效后果是什么？,Structural failure,失效模式“Cracks”的潜在失效后果是：Failure of whole facility and vast economic loses。,错误,0.0,3.95,CSV直答,0.0,0.0,0,,1,Structural failure,,,,,Structural failure,,项目/功能；潜在失效模式；潜在失效后果,54,
1023,1023,Full全量模型,无,风险影响评估类,项目失效现象查后果,风险后果查询,,,简单,在项目/功能“Floating support structure / Floating Support structure / Secondary structure”中，故障现象“Watertight fault”的潜在失效后果是什么？,Potential Failure/Asset damage Energy production loss,失效模式“Watertight fault”的潜在失效后果是：Potential Failure/Asset damage Energy production loss。,正确,1.0,4.67,CSV直答,0.0,0.0,0,,1,,,,,,Potential Failure/Asset damage Energy production loss,,项目/功能；潜在失效模式；潜在失效后果,57,
1024,1024,Full全量模型,无,风险影响评估类,项目失效现象查后果,风险后果查询,,,简单,在项目/功能“Floating support structure / Floating Support structure / Secondary structure”中，故障现象“Floater unit sinkage”的潜在失效后果是什么？,Potential Failure/Asset damage Energy production loss,失效模式“Floater unit sinkage”的潜在失效后果是：Potential Failure/Asset damage Energy production loss。,正确,1.0,4.0,CSV直答,0.0,0.0,0,,1,,,,,,Potential Failure/Asset damage Energy production loss,,项目/功能；潜在失效模式；潜在失效后果,58,
1025,1025,Full全量模型,无,风险影响评估类,项目失效现象查后果,风险后果查询,,,简单,在项目/功能“Floating support structure / Floating Support structure / All structures”中，故障现象“Structural plastic deformation”的潜在失效后果是什么？,Local stress accumulation,失效模式“Structural plastic deformation”的潜在失效后果是：Local stress accumulation。,正确,1.0,3.95,CSV直答,0.0,0.0,0,,1,,,,,,Local stress accumulation,,项目/功能；潜在失效模式；潜在失效后果,59,
1026,1026,Full全量模型,无,风险影响评估类,项目失效现象查后果,风险后果查询,,,简单,在项目/功能“Floating support structure / Floating Support structure / All structures”中，故障现象“Watertight fault”的潜在失效后果是什么？,"If these cracks propagate through the wall and lie under water or within the splash zone, then they constitute a risk to the watertightness.",失效模式“Watertight fault”的潜在失效后果是：Potential Failure/Asset damage Energy production loss。,错误,0.0,4.5,CSV直答,0.0,0.0,0,,1,"If these cracks propagate through the wall and lie under water or within the splash zone, then they constitute a risk to the watertightness.",,,,,"If these cracks propagate through the wall and lie under water or within the splash zone, then they constitute a risk to the watertightness.",,项目/功能；潜在失效模式；潜在失效后果,62,
1027,1027,Full全量模型,无,风险影响评估类,项目失效现象查后果,风险后果查询,,,简单,在项目/功能“Floating support structure / Floating Support structure / Secondary structure”中，故障现象“Structural break”的潜在失效后果是什么？,Asset damage Energy production loss/reduced stability,失效模式“Structural break”的潜在失效后果是：Structural reassessment。,错误,0.0,4.51,CSV直答,0.0,0.0,0,,1,Asset damage Energy production loss/reduced stability,,,,,Asset damage Energy production loss/reduced stability,,项目/功能；潜在失效模式；潜在失效后果,66,
1028,1028,Full全量模型,无,风险影响评估类,项目失效现象查后果,风险后果查询,,,简单,在项目/功能“Floating support structure / Floating Support structure / Primary structure & Welding”中，故障现象“Structural break”的潜在失效后果是什么？,Tower collapse,失效模式“Structural break”的潜在失效后果是：Structural reassessment。,错误,0.0,4.53,CSV直答,0.0,0.0,0,,1,Tower collapse,,,,,Tower collapse,,项目/功能；潜在失效模式；潜在失效后果,68,
1029,1029,Full全量模型,无,风险影响评估类,项目失效现象查后果,风险后果查询,,,简单,在项目/功能“Floating support structure / Floating Support structure / All structures”中，故障现象“Floater unit sinkage”的潜在失效后果是什么？,Potential Failure/Asset damage Energy production loss,失效模式“Floater unit sinkage”的潜在失效后果是：Potential Failure/Asset damage Energy production loss。,正确,1.0,3.86,CSV直答,0.0,0.0,0,,1,,,,,,Potential Failure/Asset damage Energy production loss,,项目/功能；潜在失效模式；潜在失效后果,69,
1030,1030,Full全量模型,无,风险影响评估类,项目失效现象查后果,风险后果查询,,,简单,在项目/功能“Floating support structure / Floating Support structure / All structures & Welding”中，故障现象“Structural break”的潜在失效后果是什么？,"Watertight fault, Potential Floater Unit sinkage",失效模式“Structural break”的潜在失效后果是：Structural reassessment。,错误,0.0,4.5,CSV直答,0.0,0.0,0,,1,"Watertight fault, Potential Floater Unit sinkage",,,,,"Watertight fault, Potential Floater Unit sinkage",,项目/功能；潜在失效模式；潜在失效后果,72,
1031,1031,Full全量模型,无,风险影响评估类,项目失效现象查后果,风险后果查询,,,简单,在项目/功能“Floating support structure / Floating Support structure / Secondary structure & Welding”中，故障现象“Watertight fault”的潜在失效后果是什么？,Reduced stability,失效模式“Watertight fault”的潜在失效后果是：Potential Failure/Asset damage Energy production loss。,错误,0.0,4.67,CSV直答,0.0,0.0,0,,1,Reduced stability,,,,,Reduced stability,,项目/功能；潜在失效模式；潜在失效后果,73,
1032,1032,Full全量模型,无,风险影响评估类,项目失效现象查后果,风险后果查询,,,简单,在项目/功能“Floating support structure / Floating Support structure / Welding”中，故障现象“Cracks”的潜在失效后果是什么？,Watertight fault,失效模式“Cracks”的潜在失效后果是：Failure of whole facility and vast economic loses。,错误,0.0,3.98,CSV直答,0.0,0.0,0,,1,Watertight fault,,,,,Watertight fault,,项目/功能；潜在失效模式；潜在失效后果,74,
1033,1033,Full全量模型,无,风险影响评估类,项目失效现象查后果,风险后果查询,,,简单,在项目/功能“Station keeping / Anchor”中，故障现象“Anchor failure”的潜在失效后果是什么？,Anchor failure,失效模式“Anchor failure”的潜在失效后果是：Anchor failure。,正确,1.0,4.36,CSV直答,0.0,0.0,0,,1,,,,,,Anchor failure,,项目/功能；潜在失效模式；潜在失效后果,75,
1034,1034,Full全量模型,无,风险影响评估类,项目失效现象查后果,风险后果查询,,,简单,在项目/功能“Station keeping / Fairlead”中，故障现象“Fairlead failure”的潜在失效后果是什么？,The anchor cannot be dropped and lift,失效模式“Fairlead failure”的潜在失效后果是：The anchor cannot be dropped and lift。,正确,1.0,4.38,CSV直答,0.0,0.0,0,,1,,,,,,The anchor cannot be dropped and lift,,项目/功能；潜在失效模式；潜在失效后果,79,
1035,1035,Full全量模型,无,风险影响评估类,项目失效现象查后果,风险后果查询,,,简单,在项目/功能“Station keeping / Monitoring System”中，故障现象“Monitoring system fails”的潜在失效后果是什么？,Unable to monitor tension in the mooring lines,失效模式“Monitoring system fails”的潜在失效后果是：Unable to monitor tension in the mooring lines。,正确,1.0,3.81,CSV直答,0.0,0.0,0,,1,,,,,,Unable to monitor tension in the mooring lines,,项目/功能；潜在失效模式；潜在失效后果,81,
1036,1036,Full全量模型,无,风险影响评估类,项目失效现象查后果,风险后果查询,,,简单,在项目/功能“Station keeping / Mooring Lines / Mooring lines”中，故障现象“Mooring line breakage”的潜在失效后果是什么？,Mooring line strength decrease or broken,失效模式“Mooring line breakage”的潜在失效后果是：Mooring line strength decrease or broken。,正确,1.0,4.35,CSV直答,0.0,0.0,0,,1,,,,,,Mooring line strength decrease or broken,,项目/功能；潜在失效模式；潜在失效后果,82,
1037,1037,Full全量模型,无,风险影响评估类,项目失效现象查后果,风险后果查询,,,简单,在项目/功能“Station keeping / Mooring Lines / Mooring lines”中，故障现象“Mooring Line Corrosion”的潜在失效后果是什么？,Mooring line strength decrease or broken,失效模式“Mooring Line Corrosion”的潜在失效后果是：Mooring line strength decrease or broken。,正确,1.0,4.33,CSV直答,0.0,0.0,0,,1,,,,,,Mooring line strength decrease or broken,,项目/功能；潜在失效模式；潜在失效后果,85,
1038,1038,Full全量模型,无,风险影响评估类,项目失效现象查后果,风险后果查询,,,简单,在项目/功能“Station keeping / Mooring Lines / Mooring lines”中，故障现象“Mooring Line Fatigue”的潜在失效后果是什么？,Mooring line strength decrease or broken,失效模式“Mooring Line Fatigue”的潜在失效后果是：Mooring line strength decrease or broken。,正确,1.0,4.3,CSV直答,0.0,0.0,0,,1,,,,,,Mooring line strength decrease or broken,,项目/功能；潜在失效模式；潜在失效后果,86,
1039,1039,Full全量模型,无,风险影响评估类,项目失效现象查后果,风险后果查询,,,简单,在项目/功能“Station keeping / Mooring Lines / Mooring lines”中，故障现象“Mooring line wear”的潜在失效后果是什么？,Mooring line strength decrease or broken,失效模式“Mooring line wear”的潜在失效后果是：Mooring line strength decrease or broken。,正确,1.0,4.46,CSV直答,0.0,0.0,0,,1,,,,,,Mooring line strength decrease or broken,,项目/功能；潜在失效模式；潜在失效后果,88,
1040,1040,Full全量模型,无,风险影响评估类,项目失效现象查后果,风险后果查询,,,简单,在项目/功能“Station keeping / Mooring lines / Mooring lines”中，故障现象“Mooring lines broken”的潜在失效后果是什么？,Asset not in correct location or position,失效模式“Mooring lines broken”的潜在失效后果是：Asset not in correct location or position。,正确,1.0,4.32,CSV直答,0.0,0.0,0,,1,,,,,,Asset not in correct location or position,,项目/功能；潜在失效模式；潜在失效后果,91,
1041,1041,Full全量模型,无,风险影响评估类,项目失效现象查后果,风险后果查询,,,简单,在项目/功能“Station keeping / Mooring lines / Mooring winch”中，故障现象“Mooring winch failure”的潜在失效后果是什么？,Asset not in correct location or position,失效模式“Mooring winch failure”的潜在失效后果是：Asset not in correct location or position。,正确,1.0,4.3,CSV直答,0.0,0.0,0,,1,,,,,,Asset not in correct location or position,,项目/功能；潜在失效模式；潜在失效后果,95,
1042,1042,Full全量模型,无,风险影响评估类,项目失效现象查后果,风险后果查询,,,简单,在项目/功能“Dynamic cable / Dynamic Cable / Dynamic Cable”中，故障现象“accelerated mechanical fatigue”的潜在失效后果是什么？,Structural damage - cable composition weakening,失效模式“accelerated mechanical fatigue”的潜在失效后果是：Structural damage - cable composition weakening。,正确,1.0,3.76,CSV直答,0.0,0.0,0,,1,,,,,,Structural damage - cable composition weakening,,项目/功能；潜在失效模式；潜在失效后果,97,
1043,1043,Full全量模型,无,风险影响评估类,项目失效现象查后果,风险后果查询,,,简单,在项目/功能“Dynamic cable / Dynamic Cable / Dynamic Cable”中，故障现象“anchoring damages”的潜在失效后果是什么？,Structural integrity damage - extra stress on cables,失效模式“anchoring damages”的潜在失效后果是：Structural integrity damage - extra stress on cables。,正确,1.0,3.75,CSV直答,0.0,0.0,0,,1,,,,,,Structural integrity damage - extra stress on cables,,项目/功能；潜在失效模式；潜在失效后果,98,
1044,1044,Full全量模型,无,风险影响评估类,项目失效现象查后果,风险后果查询,,,简单,在项目/功能“Dynamic cable / Dynamic Cable / Dynamic Cable”中，故障现象“Cable Damage”的潜在失效后果是什么？,Operational disruption,失效模式“Cable Damage”的潜在失效后果是：Operational disruption。,正确,1.0,3.74,CSV直答,0.0,0.0,0,,1,,,,,,Operational disruption,,项目/功能；潜在失效模式；潜在失效后果,99,
1045,1045,Full全量模型,无,风险影响评估类,项目失效现象查后果,风险后果查询,,,简单,在项目/功能“Dynamic cable / Dynamic Cable / J-tube”中，故障现象“Corrosion of J-tube”的潜在失效后果是什么？,J-tube degradation affecting cable integrity,失效模式“Corrosion of J-tube”的潜在失效后果是：J-tube degradation affecting cable integrity。,正确,1.0,4.31,CSV直答,0.0,0.0,0,,1,,,,,,J-tube degradation affecting cable integrity,,项目/功能；潜在失效模式；潜在失效后果,100,
1046,1046,Full全量模型,无,风险影响评估类,项目失效现象查后果,风险后果查询,,,简单,在项目/功能“Dynamic cable / Dynamic Cable / Dynamic Cable”中，故障现象“Crushing or deformation”的潜在失效后果是什么？,Structural damage - cable weakening,失效模式“Crushing or deformation”的潜在失效后果是：Structural damage - cable weakening。,正确,1.0,3.78,CSV直答,0.0,0.0,0,,1,,,,,,Structural damage - cable weakening,,项目/功能；潜在失效模式；潜在失效后果,102,
1047,1047,Full全量模型,无,风险影响评估类,项目失效现象查后果,风险后果查询,,,简单,在项目/功能“Dynamic cable / Dynamic Cable / Hang-off”中，故障现象“damage and corrosion of mechanical parts”的潜在失效后果是什么？,High risk of fault on the cable - total loss of the line Prodution loss on the string,失效模式“damage and corrosion of mechanical parts”的潜在失效后果是：High risk of fault on the cable - total loss of the line Prodution loss on the string。,正确,1.0,3.76,CSV直答,0.0,0.0,0,,1,,,,,,High risk of fault on the cable - total loss of the line Prodution loss on the string,,项目/功能；潜在失效模式；潜在失效后果,103,
1048,1048,Full全量模型,无,风险影响评估类,项目失效现象查后果,风险后果查询,,,简单,在项目/功能“Dynamic cable / Dynamic Cable / Dynamic Cable”中，故障现象“Debris disturbance”的潜在失效后果是什么？,Cable damage - operational disruption,失效模式“Debris disturbance”的潜在失效后果是：Cable damage - operational disruption。,正确,1.0,3.78,CSV直答,0.0,0.0,0,,1,,,,,,Cable damage - operational disruption,,项目/功能；潜在失效模式；潜在失效后果,104,
1049,1049,Full全量模型,无,风险影响评估类,项目失效现象查后果,风险后果查询,,,简单,在项目/功能“Dynamic cable / Dynamic Cable / Dynamic Cable”中，故障现象“Detachment”的潜在失效后果是什么？,cable disconnection - water penetration - Power loss,失效模式“Detachment”的潜在失效后果是：cable disconnection - water penetration - Power loss。,正确,1.0,3.7,CSV直答,0.0,0.0,0,,1,,,,,,cable disconnection - water penetration - Power loss,,项目/功能；潜在失效模式；潜在失效后果,105,
1050,1050,Full全量模型,无,风险影响评估类,项目失效现象查后果,风险后果查询,,,简单,在项目/功能“Dynamic cable / Dynamic Cable / Joints and terminations”中，故障现象“Failure of end termination”的潜在失效后果是什么？,breakdown of insulation,失效模式“Failure of end termination”的潜在失效后果是：breakdown of insulation。,正确,1.0,4.52,CSV直答,0.0,0.0,0,,1,,,,,,breakdown of insulation,,项目/功能；潜在失效模式；潜在失效后果,106,
1051,1051,Full全量模型,无,风险影响评估类,项目失效现象查后果,风险后果查询,,,简单,在项目/功能“Dynamic cable / Dynamic Cable / Dynamic Cable”中，故障现象“Failure of fixing clamps”的潜在失效后果是什么？,Cable damage - exposure to elements,失效模式“Failure of fixing clamps”的潜在失效后果是：Cable damage - exposure to elements。,正确,1.0,3.73,CSV直答,0.0,0.0,0,,1,,,,,,Cable damage - exposure to elements,,项目/功能；潜在失效模式；潜在失效后果,109,
1052,1052,Full全量模型,无,风险影响评估类,项目失效现象查后果,风险后果查询,,,简单,在项目/功能“Dynamic cable / Dynamic Cable / Insulation”中，故障现象“Failure of insulations”的潜在失效后果是什么？,Fault in the cable - power disruption,失效模式“Failure of insulations”的潜在失效后果是：Fault in the cable - power disruption。,正确,1.0,3.76,CSV直答,0.0,0.0,0,,1,,,,,,Fault in the cable - power disruption,,项目/功能；潜在失效模式；潜在失效后果,110,
1053,1053,Full全量模型,无,风险影响评估类,项目失效现象查后果,风险后果查询,,,简单,在项目/功能“Dynamic cable / Dynamic Cable / Sheath”中，故障现象“Failure of sheath”的潜在失效后果是什么？,Fault in the cable - exposure to elements,失效模式“Failure of sheath”的潜在失效后果是：Fault in the cable - exposure to elements。,正确,1.0,3.71,CSV直答,0.0,0.0,0,,1,,,,,,Fault in the cable - exposure to elements,,项目/功能；潜在失效模式；潜在失效后果,111,
1054,1054,Full全量模型,无,风险影响评估类,项目失效现象查后果,风险后果查询,,,简单,在项目/功能“Dynamic cable / Dynamic Cable / Dynamic Cable”中，故障现象“Failure of watertightness”的潜在失效后果是什么？,Reduced or interupted electricity flow,失效模式“Failure of watertightness”的潜在失效后果是：Reduced or interupted electricity flow。,正确,1.0,3.75,CSV直答,0.0,0.0,0,,1,,,,,,Reduced or interupted electricity flow,,项目/功能；潜在失效模式；潜在失效后果,112,
1055,1055,Full全量模型,无,风险影响评估类,项目失效现象查后果,风险后果查询,,,简单,在项目/功能“Dynamic cable / Dynamic Cable / Conductor”中，故障现象“failures of conductors”的潜在失效后果是什么？,Electrical faults - loss of production,失效模式“failures of conductors”的潜在失效后果是：Electrical faults - loss of production。,正确,1.0,3.75,CSV直答,0.0,0.0,0,,1,,,,,,Electrical faults - loss of production,,项目/功能；潜在失效模式；潜在失效后果,114,
1056,1056,Full全量模型,无,风险影响评估类,项目失效现象查后果,风险后果查询,,,简单,在项目/功能“Dynamic cable / Dynamic Cable / Dynamic Cable”中，故障现象“Fatigue Cracks”的潜在失效后果是什么？,Crack may evolve in a fault of the cable - Cable weakening,失效模式“Fatigue Cracks”的潜在失效后果是：Crack may evolve in a fault of the cable - Cable weakening。,正确,1.0,3.73,CSV直答,0.0,0.0,0,,1,,,,,,Crack may evolve in a fault of the cable - Cable weakening,,项目/功能；潜在失效模式；潜在失效后果,115,
1057,1057,Full全量模型,无,风险影响评估类,项目失效现象查后果,风险后果查询,,,简单,在项目/功能“Dynamic cable / Dynamic Cable / Dynamic Cable”中，故障现象“Geo-Hazards”的潜在失效后果是什么？,"Cable damage, production disruption","失效模式“Geo-Hazards”的潜在失效后果是：Cable damage, production disruption。",正确,1.0,3.71,CSV直答,0.0,0.0,0,,1,,,,,,"Cable damage, production disruption",,项目/功能；潜在失效模式；潜在失效后果,116,
1058,1058,Full全量模型,无,风险影响评估类,项目失效现象查后果,风险后果查询,,,简单,在项目/功能“Dynamic cable / Dynamic Cable / Dynamic Cable”中，故障现象“Loss of dynamic positioning”的潜在失效后果是什么？,Cables stress,失效模式“Loss of dynamic positioning”的潜在失效后果是：Cables stress。,正确,1.0,3.75,CSV直答,0.0,0.0,0,,1,,,,,,Cables stress,,项目/功能；潜在失效模式；潜在失效后果,117,
1059,1059,Full全量模型,无,风险影响评估类,项目失效现象查后果,风险后果查询,,,简单,在项目/功能“Dynamic cable / Dynamic Cable / Dynamic Cable”中，故障现象“material degradation”的潜在失效后果是什么？,Weakening of cable materials - loss of production,失效模式“material degradation”的潜在失效后果是：Weakening of cable materials - loss of production。,正确,1.0,3.71,CSV直答,0.0,0.0,0,,1,,,,,,Weakening of cable materials - loss of production,,项目/功能；潜在失效模式；潜在失效后果,119,
1060,1060,Full全量模型,无,风险影响评估类,项目失效现象查后果,风险后果查询,,,简单,在项目/功能“Dynamic cable / Dynamic Cable / Cable Protection System”中，故障现象“Movement of CPS due to scour/seabed mobility”的潜在失效后果是什么？,Cable being vulnerable to scour and need for repair or replacement,失效模式“Movement of CPS due to scour/seabed mobility”的潜在失效后果是：Cable being vulnerable to scour and need for repair or replacement。,正确,1.0,4.47,CSV直答,0.0,0.0,0,,1,,,,,,Cable being vulnerable to scour and need for repair or replacement,,项目/功能；潜在失效模式；潜在失效后果,121,
1061,1061,Full全量模型,无,风险影响评估类,项目失效现象查后果,风险后果查询,,,简单,在项目/功能“Dynamic cable / Dynamic Cable / Dynamic Cable”中，故障现象“Premature damage of outer protection layer”的潜在失效后果是什么？,"Structural damage - cable weakening, exposure to elements","失效模式“Premature damage of outer protection layer”的潜在失效后果是：Structural damage - cable weakening, exposure to elements。",正确,1.0,3.81,CSV直答,0.0,0.0,0,,1,,,,,,"Structural damage - cable weakening, exposure to elements",,项目/功能；潜在失效模式；潜在失效后果,124,
1062,1062,Full全量模型,无,风险影响评估类,项目失效现象查后果,风险后果查询,,,简单,在项目/功能“Dynamic cable / Dynamic Cable / Static cable/Export Cable”中，故障现象“Reduced sediment cover lower than designed value for protection”的潜在失效后果是什么？,"need for re-burial, change of cable protection requirement or even replacement of cable","失效模式“Reduced sediment cover lower than designed value for protection”的潜在失效后果是：need for re-burial, change of cable protection requirement or even replacement of cable。",正确,1.0,4.36,CSV直答,0.0,0.0,0,,1,,,,,,"need for re-burial, change of cable protection requirement or even replacement of cable",,项目/功能；潜在失效模式；潜在失效后果,125,
1063,1063,Full全量模型,无,风险影响评估类,项目失效现象查后果,风险后果查询,,,简单,在项目/功能“Dynamic cable / Dynamic Cable / Dynamic Cable (Touchdown point)”中，故障现象“Reduced sediment cover lower than designed value for protection”的潜在失效后果是什么？,"need for re-burial, change of cable protection requirement or even replacement of cable","失效模式“Reduced sediment cover lower than designed value for protection”的潜在失效后果是：need for re-burial, change of cable protection requirement or even replacement of cable。",正确,1.0,4.36,CSV直答,0.0,0.0,0,,1,,,,,,"need for re-burial, change of cable protection requirement or even replacement of cable",,项目/功能；潜在失效模式；潜在失效后果,126,
1064,1064,Full全量模型,无,风险影响评估类,项目失效现象查后果,风险后果查询,,,简单,在项目/功能“Dynamic cable / Dynamic Cable / Dynamic Cable”中，故障现象“Small bending radius”的潜在失效后果是什么？,Cable damage - insulation degradation,失效模式“Small bending radius”的潜在失效后果是：Cable damage - insulation degradation。,正确,1.0,3.72,CSV直答,0.0,0.0,0,,1,,,,,,Cable damage - insulation degradation,,项目/功能；潜在失效模式；潜在失效后果,128,
1065,1065,Full全量模型,无,风险影响评估类,fmea_id_to_risk_profile,风险后果查询,,,中等,FMEA编号TO1的S、O、D、RPN分别是多少？,S=4.4；O=3；D=2.5；RPN=33.33。,FMEA编号“TO1”对应的失效模式“Abnormal vibration”的S、O、D、RPN分别是：S=4.4；O=3.0；D=2.5；RPN=33.33。,正确,1.0,3.8,CSV直答,0.0,1.0,0,,1,,,4.4；3.0；2.5；33.33,,,,4.4；3.0；2.5；33.33,FMEA编号；严酷度(S)；发生度(O)；可探测度(D)；风险优先数(RPN),0,
1066,1066,Full全量模型,无,风险影响评估类,fmea_id_to_risk_profile,风险后果查询,,,中等,FMEA编号TO2这条记录的风险分和SOD给我看一下。,S=4.4；O=3；D=2.5；RPN=33.33。,FMEA编号“TO2”对应的失效模式“Abnormal vibration”的S、O、D、RPN分别是：S=4.4；O=3.0；D=2.5；RPN=33.33。,正确,1.0,3.79,CSV直答,0.0,1.0,0,,1,,,4.4；3.0；2.5；33.33,,,,4.4；3.0；2.5；33.33,FMEA编号；严酷度(S)；发生度(O)；可探测度(D)；风险优先数(RPN),1,
1067,1067,Full全量模型,无,风险影响评估类,fmea_id_to_risk_profile,风险后果查询,,,中等,查一下FMEA编号TO3的严重度S、发生度O、探测度D和RPN。,S=3.75；O=2.2；D=3；RPN=12.67。,FMEA编号“TO3”对应的失效模式“Abnormal vibration”的S、O、D、RPN分别是：S=3.75；O=2.2；D=3.0；RPN=12.67。,正确,1.0,3.81,CSV直答,0.0,1.0,0,,1,,,3.0；3.75；2.2；3.0；12.67,,,,3.75；2.2；3.0；12.67,FMEA编号；严酷度(S)；发生度(O)；可探测度(D)；风险优先数(RPN),2,
1068,1068,Full全量模型,无,风险影响评估类,fmea_id_to_risk_profile,风险后果查询,,,中等,FMEA编号TO4这条FMEA风险画像是什么，后果和RPN是多少？,潜在失效后果：Potential collapse；RPN=31。,FMEA编号“TO4”对应的失效模式“Abnormal vibration”的风险画像为：项目/功能=Tower / Tower (TO) / Primary steelwork；失效后果=Potential collapse；S=4.2；O=2.0；D=3.0；RPN=31.0。,正确,1.0,3.8,CSV直答,1.0,1.0,0,,1,,,31.0,,,Potential collapse,31.0,FMEA编号；潜在失效后果；风险优先数(RPN),3,
1069,1069,Full全量模型,无,风险影响评估类,fmea_id_to_risk_profile,风险后果查询,,,中等,FMEA编号TO5这条记录，影响是什么，风险优先数是多少？,潜在失效后果：Failure of whole facility and vast economic loses；RPN=26。,FMEA编号“TO5”对应的失效模式“Cracks”：失效后果=Failure of whole facility and vast economic loses；RPN=26.0。,正确,1.0,3.81,CSV直答,1.0,1.0,0,,1,,,26.0,,,Failure of whole facility and vast economic loses,26.0,FMEA编号；潜在失效后果；风险优先数(RPN),4,
1070,1070,Full全量模型,无,风险影响评估类,fmea_id_to_risk_profile,风险后果查询,,,中等,FMEA编号TO6的S、O、D、RPN分别是多少？,S=4.4；O=2.6；D=3.2；RPN=25.25。,FMEA编号“TO6”对应的失效模式“Cracks”的S、O、D、RPN分别是：S=4.4；O=2.6；D=3.2；RPN=25.25。,正确,1.0,3.76,CSV直答,0.0,1.0,0,,1,,,4.4；2.6；3.2；25.25,,,,4.4；2.6；3.2；25.25,FMEA编号；严酷度(S)；发生度(O)；可探测度(D)；风险优先数(RPN),5,
1071,1071,Full全量模型,无,风险影响评估类,fmea_id_to_risk_profile,风险后果查询,,,中等,FMEA编号TO7这条记录的风险分和SOD给我看一下。,S=4.4；O=2.8；D=3.2；RPN=30。,FMEA编号“TO7”对应的失效模式“Cracks”的S、O、D、RPN分别是：S=4.4；O=2.8；D=3.2；RPN=30.0。,正确,1.0,3.92,CSV直答,0.0,1.0,0,,1,,,4.4；2.8；3.2；30.0,,,,4.4；2.8；3.2；30.0,FMEA编号；严酷度(S)；发生度(O)；可探测度(D)；风险优先数(RPN),6,
1072,1072,Full全量模型,无,风险影响评估类,fmea_id_to_risk_profile,风险后果查询,,,中等,查一下FMEA编号TO8的严重度S、发生度O、探测度D和RPN。,S=4；O=2.25；D=3.67；RPN=21.8。,FMEA编号“TO8”对应的失效模式“Cracks”的S、O、D、RPN分别是：S=4.0；O=2.25；D=3.67；RPN=21.8。,正确,1.0,3.78,CSV直答,0.0,1.0,0,,1,,,4.0；2.25；3.67；21.8,,,,4.0；2.25；3.67；21.8,FMEA编号；严酷度(S)；发生度(O)；可探测度(D)；风险优先数(RPN),7,
1073,1073,Full全量模型,无,风险影响评估类,fmea_id_to_risk_profile,风险后果查询,,,中等,FMEA编号TO9这条FMEA风险画像是什么，后果和RPN是多少？,潜在失效后果：Potential collapse；RPN=38。,FMEA编号“TO9”对应的失效模式“Cracks”的风险画像为：项目/功能=Tower / Tower (TO) / Primary structure & welding；失效后果=Potential collapse；S=4.0；O=2.25；D=3.67；RPN=38.0。,正确,1.0,3.81,CSV直答,1.0,1.0,0,,1,,,38.0,,,Potential collapse,38.0,FMEA编号；潜在失效后果；风险优先数(RPN),8,
1074,1074,Full全量模型,无,风险影响评估类,fmea_id_to_risk_profile,风险后果查询,,,中等,FMEA编号TO10这条记录，影响是什么，风险优先数是多少？,潜在失效后果：Potential collapse；RPN=40。,FMEA编号“TO10”对应的失效模式“Cracks”：失效后果=Potential collapse；RPN=40.0。,正确,1.0,3.77,CSV直答,1.0,1.0,0,,1,,,40.0,,,Potential collapse,40.0,FMEA编号；潜在失效后果；风险优先数(RPN),9,
1075,1075,Full全量模型,无,风险影响评估类,fmea_id_to_risk_profile,风险后果查询,,,中等,FMEA编号TO11的S、O、D、RPN分别是多少？,S=4；O=2.25；D=3.67；RPN=33.33。,FMEA编号“TO11”对应的失效模式“Cracks”的S、O、D、RPN分别是：S=4.0；O=2.25；D=3.67；RPN=33.33。,正确,1.0,3.76,CSV直答,0.0,1.0,0,,1,,,4.0；2.25；3.67；33.33,,,,4.0；2.25；3.67；33.33,FMEA编号；严酷度(S)；发生度(O)；可探测度(D)；风险优先数(RPN),10,
1076,1076,Full全量模型,无,风险影响评估类,fmea_id_to_risk_profile,风险后果查询,,,中等,FMEA编号TO12这条记录的风险分和SOD给我看一下。,S=4；O=2.8；D=3.75；RPN=30。,FMEA编号“TO12”对应的失效模式“Cracks”的S、O、D、RPN分别是：S=4.0；O=2.8；D=3.75；RPN=30.0。,正确,1.0,3.82,CSV直答,0.0,1.0,0,,1,,,4.0；2.8；3.75；30.0,,,,4.0；2.8；3.75；30.0,FMEA编号；严酷度(S)；发生度(O)；可探测度(D)；风险优先数(RPN),11,
1077,1077,Full全量模型,无,风险影响评估类,fmea_id_to_risk_profile,风险后果查询,,,中等,查一下FMEA编号TO13的严重度S、发生度O、探测度D和RPN。,S=3.75；O=3；D=2.67；RPN=40.75。,FMEA编号“TO13”对应的失效模式“Cracks”的S、O、D、RPN分别是：S=3.75；O=3.0；D=2.67；RPN=40.75。,正确,1.0,3.87,CSV直答,0.0,1.0,0,,1,,,3.75；3.0；2.67；40.75,,,,3.75；3.0；2.67；40.75,FMEA编号；严酷度(S)；发生度(O)；可探测度(D)；风险优先数(RPN),12,
1078,1078,Full全量模型,无,风险影响评估类,fmea_id_to_risk_profile,风险后果查询,,,中等,FMEA编号TO14这条FMEA风险画像是什么，后果和RPN是多少？,潜在失效后果：Potential collapse；RPN=33.5。,FMEA编号“TO14”对应的失效模式“Cracks”的风险画像为：项目/功能=Tower / Tower (TO) / Primary steelwork；失效后果=Potential collapse；S=4.33；O=2.0；D=2.67；RPN=33.5。,正确,1.0,3.86,CSV直答,1.0,1.0,0,,1,,,33.5,,,Potential collapse,33.5,FMEA编号；潜在失效后果；风险优先数(RPN),13,
1079,1079,Full全量模型,无,风险影响评估类,fmea_id_to_risk_profile,风险后果查询,,,中等,FMEA编号TO15这条记录，影响是什么，风险优先数是多少？,潜在失效后果：Potential collapse；RPN=30。,FMEA编号“TO15”对应的失效模式“Cracks”：失效后果=Potential collapse；RPN=30.0。,正确,1.0,3.91,CSV直答,1.0,1.0,0,,1,,,30.0,,,Potential collapse,30.0,FMEA编号；潜在失效后果；风险优先数(RPN),14,
1080,1080,Full全量模型,无,风险影响评估类,fmea_id_to_risk_profile,风险后果查询,,,中等,FMEA编号TO16的S、O、D、RPN分别是多少？,S=4.25；O=1.75；D=3；RPN=26。,FMEA编号“TO16”对应的失效模式“Cracks”的S、O、D、RPN分别是：S=4.25；O=1.75；D=3.0；RPN=26.0。,正确,1.0,3.82,CSV直答,0.0,1.0,0,,1,,,4.25；1.75；3.0；26.0,,,,4.25；1.75；3.0；26.0,FMEA编号；严酷度(S)；发生度(O)；可探测度(D)；风险优先数(RPN),15,
1081,1081,Full全量模型,无,风险影响评估类,fmea_id_to_risk_profile,风险后果查询,,,中等,FMEA编号TO17这条记录的风险分和SOD给我看一下。,S=3.8；O=2.4；D=3；RPN=25.5。,FMEA编号“TO17”对应的失效模式“Cracks”的S、O、D、RPN分别是：S=3.8；O=2.4；D=3.0；RPN=25.5。,正确,1.0,3.8,CSV直答,0.0,1.0,0,,1,,,3.8；2.4；3.0；25.5,,,,3.8；2.4；3.0；25.5,FMEA编号；严酷度(S)；发生度(O)；可探测度(D)；风险优先数(RPN),16,
1082,1082,Full全量模型,无,风险影响评估类,fmea_id_to_risk_profile,风险后果查询,,,中等,查一下FMEA编号TO18的严重度S、发生度O、探测度D和RPN。,S=4；O=2.4；D=3.25；RPN=33.33。,FMEA编号“TO18”对应的失效模式“Cracks”的S、O、D、RPN分别是：S=4.0；O=2.4；D=3.25；RPN=33.33。,正确,1.0,3.95,CSV直答,0.0,1.0,0,,1,,,4.0；2.4；3.25；33.33,,,,4.0；2.4；3.25；33.33,FMEA编号；严酷度(S)；发生度(O)；可探测度(D)；风险优先数(RPN),17,
1083,1083,Full全量模型,无,风险影响评估类,fmea_id_to_risk_profile,风险后果查询,,,中等,FMEA编号TO19这条FMEA风险画像是什么，后果和RPN是多少？,潜在失效后果：Failure of whole facility and vast economic loses；RPN=23.33。,FMEA编号“TO19”对应的失效模式“Cracks”的风险画像为：项目/功能=Tower / Tower (TO) / Primary steelwork；失效后果=Failure of whole facility and vast economic loses；S=4.0；O=1.5；D=2.67；RPN=23.33。,正确,1.0,3.79,CSV直答,1.0,1.0,0,,1,,,23.33,,,Failure of whole facility and vast economic loses,23.33,FMEA编号；潜在失效后果；风险优先数(RPN),18,
1084,1084,Full全量模型,无,风险影响评估类,fmea_id_to_risk_profile,风险后果查询,,,中等,FMEA编号TO20这条记录，影响是什么，风险优先数是多少？,潜在失效后果：Failure of whole facility and vast economic loses；RPN=26.5。,FMEA编号“TO20”对应的失效模式“Cracks”：失效后果=Failure of whole facility and vast economic loses；RPN=26.5。,正确,1.0,3.8,CSV直答,1.0,1.0,0,,1,,,26.5,,,Failure of whole facility and vast economic loses,26.5,FMEA编号；潜在失效后果；风险优先数(RPN),19,
1085,1085,Full全量模型,无,风险影响评估类,fmea_id_to_risk_profile,风险后果查询,,,中等,FMEA编号TO21的S、O、D、RPN分别是多少？,S=4.25；O=1.5；D=3.33；RPN=27。,FMEA编号“TO21”对应的失效模式“Cracks”的S、O、D、RPN分别是：S=4.25；O=1.5；D=3.33；RPN=27.0。,正确,1.0,3.78,CSV直答,0.0,1.0,0,,1,,,4.25；1.5；3.33；27.0,,,,4.25；1.5；3.33；27.0,FMEA编号；严酷度(S)；发生度(O)；可探测度(D)；风险优先数(RPN),20,
1086,1086,Full全量模型,无,风险影响评估类,fmea_id_to_risk_profile,风险后果查询,,,中等,FMEA编号TO22这条记录的风险分和SOD给我看一下。,S=4；O=2.25；D=3；RPN=25.67。,FMEA编号“TO22”对应的失效模式“Plastic deformation”的S、O、D、RPN分别是：S=4.0；O=2.25；D=3.0；RPN=25.67。,正确,1.0,3.79,CSV直答,0.0,1.0,0,,1,,,4.0；2.25；3.0；25.67,,,,4.0；2.25；3.0；25.67,FMEA编号；严酷度(S)；发生度(O)；可探测度(D)；风险优先数(RPN),21,
1087,1087,Full全量模型,无,风险影响评估类,fmea_id_to_risk_profile,风险后果查询,,,中等,查一下FMEA编号TO23的严重度S、发生度O、探测度D和RPN。,S=4.4；O=2.2；D=2.8；RPN=18。,FMEA编号“TO23”对应的失效模式“Plastic deformation”的S、O、D、RPN分别是：S=4.4；O=2.2；D=2.8；RPN=18.0。,正确,1.0,3.8,CSV直答,0.0,1.0,0,,1,,,4.4；2.2；2.8；18.0,,,,4.4；2.2；2.8；18.0,FMEA编号；严酷度(S)；发生度(O)；可探测度(D)；风险优先数(RPN),22,
1088,1088,Full全量模型,无,风险影响评估类,fmea_id_to_risk_profile,风险后果查询,,,中等,FMEA编号TO24这条FMEA风险画像是什么，后果和RPN是多少？,潜在失效后果：Failure of whole facility and vast economic loses；RPN=21.33。,FMEA编号“TO24”对应的失效模式“Tower collapse”的风险画像为：项目/功能=Tower / Tower (TO) / Primary steelwork；失效后果=Failure of whole facility and vast economic loses；S=5.0；O=1.5；D=3.33；RPN=21.33。,正确,1.0,3.81,CSV直答,1.0,1.0,0,,1,,,21.33,,,Failure of whole facility and vast economic loses,21.33,FMEA编号；潜在失效后果；风险优先数(RPN),23,
1089,1089,Full全量模型,无,风险影响评估类,fmea_id_to_risk_profile,风险后果查询,,,中等,FMEA编号TP1这条记录，影响是什么，风险优先数是多少？,"潜在失效后果：Tower Unit collapse, Floater Unit damage；RPN=36.5。","FMEA编号“TP1”对应的失效模式“Transition piece break”：失效后果=Tower Unit collapse, Floater Unit damage；RPN=36.5。",正确,1.0,3.83,CSV直答,1.0,1.0,0,,1,,,36.5,,,"Tower Unit collapse, Floater Unit damage",36.5,FMEA编号；潜在失效后果；风险优先数(RPN),24,
1090,1090,Full全量模型,无,风险影响评估类,fmea_id_to_risk_profile,风险后果查询,,,中等,FMEA编号TP2的S、O、D、RPN分别是多少？,S=4.25；O=2.25；D=3.25；RPN=33。,FMEA编号“TP2”对应的失效模式“Transition piece break”的S、O、D、RPN分别是：S=4.25；O=2.25；D=3.25；RPN=33.0。,正确,1.0,3.82,CSV直答,0.0,1.0,0,,1,,,4.25；2.25；3.25；33.0,,,,4.25；2.25；3.25；33.0,FMEA编号；严酷度(S)；发生度(O)；可探测度(D)；风险优先数(RPN),25,
1091,1091,Full全量模型,无,风险影响评估类,fmea_id_to_risk_profile,风险后果查询,,,中等,FMEA编号TP3这条记录的风险分和SOD给我看一下。,S=4；O=2.5；D=3；RPN=32。,FMEA编号“TP3”对应的失效模式“Structural plastic deformation”的S、O、D、RPN分别是：S=4.0；O=2.5；D=3.0；RPN=32.0。,正确,1.0,3.8,CSV直答,0.0,1.0,0,,1,,,3.0；4.0；2.5；3.0；32.0,,,,4.0；2.5；3.0；32.0,FMEA编号；严酷度(S)；发生度(O)；可探测度(D)；风险优先数(RPN),26,
1092,1092,Full全量模型,无,风险影响评估类,fmea_id_to_risk_profile,风险后果查询,,,中等,查一下FMEA编号TP4的严重度S、发生度O、探测度D和RPN。,S=3.5；O=2.5；D=3.75；RPN=29。,FMEA编号“TP4”对应的失效模式“Cracks”的S、O、D、RPN分别是：S=3.5；O=2.5；D=3.75；RPN=29.0。,正确,1.0,3.81,CSV直答,0.0,1.0,0,,1,,,3.5；2.5；3.75；29.0,,,,3.5；2.5；3.75；29.0,FMEA编号；严酷度(S)；发生度(O)；可探测度(D)；风险优先数(RPN),27,
1093,1093,Full全量模型,无,风险影响评估类,fmea_id_to_risk_profile,风险后果查询,,,中等,FMEA编号TP5这条FMEA风险画像是什么，后果和RPN是多少？,"潜在失效后果：Tower Unit collapse, Floater Unit damage；RPN=31。","FMEA编号“TP5”对应的失效模式“Transition piece break”的风险画像为：项目/功能=Transition piece / Transition Piece (TP) / Primary structure & welding；失效后果=Tower Unit collapse, Floater Unit damage；S=5.0；O=2.0；D=2.67；RPN=31.0。",正确,1.0,4.01,CSV直答,1.0,1.0,0,,1,,,31.0,,,"Tower Unit collapse, Floater Unit damage",31.0,FMEA编号；潜在失效后果；风险优先数(RPN),28,
1094,1094,Full全量模型,无,风险影响评估类,fmea_id_to_risk_profile,风险后果查询,,,中等,FMEA编号TP6这条记录，影响是什么，风险优先数是多少？,潜在失效后果：potential tower connections failure；RPN=35.25。,FMEA编号“TP6”对应的失效模式“Abnormal vibration”：失效后果=potential tower connections failure；RPN=35.25。,正确,1.0,3.79,CSV直答,1.0,1.0,0,,1,,,35.25,,,potential tower connections failure,35.25,FMEA编号；潜在失效后果；风险优先数(RPN),29,
1095,1095,Full全量模型,无,风险影响评估类,fmea_id_to_risk_profile,风险后果查询,,,中等,FMEA编号TP7的S、O、D、RPN分别是多少？,S=3.67；O=2.67；D=3；RPN=24。,FMEA编号“TP7”对应的失效模式“Structural plastic deformation”的S、O、D、RPN分别是：S=3.67；O=2.67；D=3.0；RPN=24.0。,正确,1.0,3.8,CSV直答,0.0,1.0,0,,1,,,3.67；2.67；3.0；24.0,,,,3.67；2.67；3.0；24.0,FMEA编号；严酷度(S)；发生度(O)；可探测度(D)；风险优先数(RPN),30,
1096,1096,Full全量模型,无,风险影响评估类,fmea_id_to_risk_profile,风险后果查询,,,中等,FMEA编号TP8这条记录的风险分和SOD给我看一下。,S=3.75；O=2.5；D=3.25；RPN=21.67。,FMEA编号“TP8”对应的失效模式“Cracks”的S、O、D、RPN分别是：S=3.75；O=2.5；D=3.25；RPN=21.67。,正确,1.0,3.81,CSV直答,0.0,1.0,0,,1,,,3.75；2.5；3.25；21.67,,,,3.75；2.5；3.25；21.67,FMEA编号；严酷度(S)；发生度(O)；可探测度(D)；风险优先数(RPN),31,
1097,1097,Full全量模型,无,风险影响评估类,fmea_id_to_risk_profile,风险后果查询,,,中等,查一下FMEA编号TP9的严重度S、发生度O、探测度D和RPN。,S=4；O=2.5；D=3；RPN=38。,FMEA编号“TP9”对应的失效模式“Cracks”的S、O、D、RPN分别是：S=4.0；O=2.5；D=3.0；RPN=38.0。,正确,1.0,3.78,CSV直答,0.0,1.0,0,,1,,,4.0；2.5；3.0；38.0,,,,4.0；2.5；3.0；38.0,FMEA编号；严酷度(S)；发生度(O)；可探测度(D)；风险优先数(RPN),32,
1098,1098,Full全量模型,无,风险影响评估类,fmea_id_to_risk_profile,风险后果查询,,,中等,FMEA编号TP10这条FMEA风险画像是什么，后果和RPN是多少？,潜在失效后果：potential tower connections failure；RPN=24.67。,FMEA编号“TP10”对应的失效模式“Cracks”的风险画像为：项目/功能=Transition piece / Transition Piece (TP) / Welding；失效后果=potential tower connections failure；S=3.0；O=3.0；D=2.67；RPN=24.67。,正确,1.0,3.68,CSV直答,1.0,1.0,0,,1,,,24.67,,,potential tower connections failure,24.67,FMEA编号；潜在失效后果；风险优先数(RPN),33,
1099,1099,Full全量模型,无,风险影响评估类,fmea_id_to_risk_profile,风险后果查询,,,中等,FMEA编号TP11这条记录，影响是什么，风险优先数是多少？,潜在失效后果：potential tower connections failure；RPN=24.67。,FMEA编号“TP11”对应的失效模式“Abnormal vibration”：失效后果=potential tower connections failure；RPN=24.67。,正确,1.0,3.67,CSV直答,1.0,1.0,0,,1,,,24.67,,,potential tower connections failure,24.67,FMEA编号；潜在失效后果；风险优先数(RPN),34,
1100,1100,Full全量模型,无,风险影响评估类,fmea_id_to_risk_profile,风险后果查询,,,中等,FMEA编号TP12的S、O、D、RPN分别是多少？,S=3.67；O=2.33；D=3；RPN=28。,FMEA编号“TP12”对应的失效模式“Structural plastic deformation”的S、O、D、RPN分别是：S=3.67；O=2.33；D=3.0；RPN=28.0。,正确,1.0,3.64,CSV直答,0.0,1.0,0,,1,,,3.67；2.33；3.0；28.0,,,,3.67；2.33；3.0；28.0,FMEA编号；严酷度(S)；发生度(O)；可探测度(D)；风险优先数(RPN),35,
1101,1101,Full全量模型,无,风险影响评估类,fmea_id_to_risk_profile,风险后果查询,,,中等,FMEA编号TP13这条记录的风险分和SOD给我看一下。,S=3.33；O=2.67；D=3；RPN=26。,FMEA编号“TP13”对应的失效模式“Cracks”的S、O、D、RPN分别是：S=3.33；O=2.67；D=3.0；RPN=26.0。,正确,1.0,3.66,CSV直答,0.0,1.0,0,,1,,,3.33；2.67；3.0；26.0,,,,3.33；2.67；3.0；26.0,FMEA编号；严酷度(S)；发生度(O)；可探测度(D)；风险优先数(RPN),36,
1102,1102,Full全量模型,无,风险影响评估类,fmea_id_to_risk_profile,风险后果查询,,,中等,查一下FMEA编号TP14的严重度S、发生度O、探测度D和RPN。,S=3.33；O=2；D=3.67；RPN=23.33。,FMEA编号“TP14”对应的失效模式“Cracks”的S、O、D、RPN分别是：S=3.33；O=2.0；D=3.67；RPN=23.33。,正确,1.0,3.6,CSV直答,0.0,1.0,0,,1,,,3.33；2.0；3.67；23.33,,,,3.33；2.0；3.67；23.33,FMEA编号；严酷度(S)；发生度(O)；可探测度(D)；风险优先数(RPN),37,
1103,1103,Full全量模型,无,风险影响评估类,fmea_id_to_risk_profile,风险后果查询,,,中等,FMEA编号TP15这条FMEA风险画像是什么，后果和RPN是多少？,潜在失效后果：Tower transition piece connections failure/ displacement variations between tower end；RPN=26。,FMEA编号“TP15”对应的失效模式“Cracks”的风险画像为：项目/功能=Transition piece / Transition Piece (TP) / Primary structure & welding；失效后果=Tower transition piece connections failure/ displacement variations between tower end；S=3.33；O=2.33；D=3.33；RPN=26.0。,正确,1.0,3.64,CSV直答,1.0,1.0,0,,1,,,26.0,,,Tower transition piece connections failure/ displacement variations between tower end,26.0,FMEA编号；潜在失效后果；风险优先数(RPN),38,
1104,1104,Full全量模型,无,风险影响评估类,fmea_id_to_risk_profile,风险后果查询,,,中等,FMEA编号TP16这条记录，影响是什么，风险优先数是多少？,"潜在失效后果：Tower Unit collapse, Floater Unit damage；RPN=25.67。","FMEA编号“TP16”对应的失效模式“Transition piece break”：失效后果=Tower Unit collapse, Floater Unit damage；RPN=25.67。",正确,1.0,3.81,CSV直答,1.0,1.0,0,,1,,,25.67,,,"Tower Unit collapse, Floater Unit damage",25.67,FMEA编号；潜在失效后果；风险优先数(RPN),39,
1105,1105,Full全量模型,无,风险影响评估类,fmea_id_to_risk_profile,风险后果查询,,,中等,FMEA编号TP17的S、O、D、RPN分别是多少？,S=4.67；O=1.67；D=3.33；RPN=37.5。,FMEA编号“TP17”对应的失效模式“Transition piece break”的S、O、D、RPN分别是：S=4.67；O=1.67；D=3.33；RPN=37.5。,正确,1.0,3.65,CSV直答,0.0,1.0,0,,1,,,4.67；1.67；3.33；37.5,,,,4.67；1.67；3.33；37.5,FMEA编号；严酷度(S)；发生度(O)；可探测度(D)；风险优先数(RPN),40,
1106,1106,Full全量模型,无,风险影响评估类,fmea_id_to_risk_profile,风险后果查询,,,中等,FMEA编号TP18这条记录的风险分和SOD给我看一下。,S=3.33；O=2.33；D=3.33；RPN=24。,FMEA编号“TP18”对应的失效模式“Cracks”的S、O、D、RPN分别是：S=3.33；O=2.33；D=3.33；RPN=24.0。,正确,1.0,3.6,CSV直答,0.0,1.0,0,,1,,,3.33；2.33；3.33；24.0,,,,3.33；2.33；3.33；24.0,FMEA编号；严酷度(S)；发生度(O)；可探测度(D)；风险优先数(RPN),41,
1107,1107,Full全量模型,无,风险影响评估类,fmea_id_to_risk_profile,风险后果查询,,,中等,查一下FMEA编号TP19的严重度S、发生度O、探测度D和RPN。,S=3.5；O=2.5；D=4；RPN=30.25。,FMEA编号“TP19”对应的失效模式“Cracks”的S、O、D、RPN分别是：S=3.5；O=2.5；D=4.0；RPN=30.25。,正确,1.0,3.58,CSV直答,0.0,1.0,0,,1,,,3.5；2.5；4.0；30.25,,,,3.5；2.5；4.0；30.25,FMEA编号；严酷度(S)；发生度(O)；可探测度(D)；风险优先数(RPN),42,
1108,1108,Full全量模型,无,风险影响评估类,fmea_id_to_risk_profile,风险后果查询,,,中等,FMEA编号TP20这条FMEA风险画像是什么，后果和RPN是多少？,潜在失效后果：Tower transition piece connections failure；RPN=24.67。,FMEA编号“TP20”对应的失效模式“Cracks”的风险画像为：项目/功能=Transition piece / Transition Piece (TP) / Welding；失效后果=Tower transition piece connections failure；S=3.33；O=2.67；D=3.0；RPN=24.67。,正确,1.0,3.61,CSV直答,1.0,1.0,0,,1,,,24.67,,,Tower transition piece connections failure,24.67,FMEA编号；潜在失效后果；风险优先数(RPN),43,
1109,1109,Full全量模型,无,风险影响评估类,fmea_id_to_risk_profile,风险后果查询,,,中等,FMEA编号TP21这条记录，影响是什么，风险优先数是多少？,潜在失效后果：Tower transition piece connections failure；RPN=26.67。,FMEA编号“TP21”对应的失效模式“Cracks”：失效后果=Tower transition piece connections failure；RPN=26.67。,正确,1.0,3.59,CSV直答,1.0,1.0,0,,1,,,26.67,,,Tower transition piece connections failure,26.67,FMEA编号；潜在失效后果；风险优先数(RPN),44,
1110,1110,Full全量模型,无,风险影响评估类,fmea_id_to_risk_profile,风险后果查询,,,中等,FMEA编号FF1的S、O、D、RPN分别是多少？,S=4.57；O=2.29；D=3.86；RPN=27.2。,FMEA编号“FF1”对应的失效模式“Capsize [11]”的S、O、D、RPN分别是：S=4.57；O=2.29；D=3.86；RPN=27.2。,正确,1.0,3.59,CSV直答,0.0,1.0,0,,1,,,4.57；2.29；3.86；27.2,,,,4.57；2.29；3.86；27.2,FMEA编号；严酷度(S)；发生度(O)；可探测度(D)；风险优先数(RPN),45,
1111,1111,Full全量模型,无,风险影响评估类,fmea_id_to_risk_profile,风险后果查询,,,中等,FMEA编号FF2这条记录的风险分和SOD给我看一下。,S=5；O=1.67；D=3；RPN=42.71。,FMEA编号“FF2”对应的失效模式“Capsize [11]”的S、O、D、RPN分别是：S=5.0；O=1.67；D=3.0；RPN=42.71。,正确,1.0,3.61,CSV直答,0.0,1.0,0,,1,,,5.0；1.67；3.0；42.71,,,,5.0；1.67；3.0；42.71,FMEA编号；严酷度(S)；发生度(O)；可探测度(D)；风险优先数(RPN),46,
1112,1112,Full全量模型,无,风险影响评估类,fmea_id_to_risk_profile,风险后果查询,,,中等,查一下FMEA编号FF3的严重度S、发生度O、探测度D和RPN。,S=3.43；O=2.86；D=3.17；RPN=40.14。,FMEA编号“FF3”对应的失效模式“Additional Structures Failures”的S、O、D、RPN分别是：S=3.43；O=2.86；D=3.17；RPN=40.14。,正确,1.0,3.68,CSV直答,0.0,1.0,0,,1,,,3.43；2.86；3.17；40.14,,,,3.43；2.86；3.17；40.14,FMEA编号；严酷度(S)；发生度(O)；可探测度(D)；风险优先数(RPN),47,
1113,1113,Full全量模型,无,风险影响评估类,fmea_id_to_risk_profile,风险后果查询,,,中等,FMEA编号FF4这条FMEA风险画像是什么，后果和RPN是多少？,"潜在失效后果：Damage to the facility, vast economic loses；RPN=24.86。","FMEA编号“FF4”对应的失效模式“Hit by dropped objects [1,9]”的风险画像为：项目/功能=Floating support structure / Floating Support structure / All structures；失效后果=Damage to the facility, vast economic loses；S=3.57；O=2.17；D=4.14；RPN=24.86。",正确,1.0,3.63,CSV直答,1.0,1.0,0,,1,,,24.86,,,"Damage to the facility, vast economic loses",24.86,FMEA编号；潜在失效后果；风险优先数(RPN),48,
1114,1114,Full全量模型,无,风险影响评估类,fmea_id_to_risk_profile,风险后果查询,,,中等,FMEA编号FF5这条记录，影响是什么，风险优先数是多少？,潜在失效后果：Structural reassessment；RPN=25。,FMEA编号“FF5”对应的失效模式“Structural break [11]”：失效后果=Structural reassessment；RPN=25.0。,正确,1.0,3.59,CSV直答,1.0,1.0,0,,1,,,25.0,,,Structural reassessment,25.0,FMEA编号；潜在失效后果；风险优先数(RPN),49,
1115,1115,Full全量模型,无,风险影响评估类,fmea_id_to_risk_profile,风险后果查询,,,中等,FMEA编号FF6的S、O、D、RPN分别是多少？,S=3.83；O=2.6；D=4；RPN=25.83。,FMEA编号“FF6”对应的失效模式“Additional Structures Failures”的S、O、D、RPN分别是：S=3.83；O=2.6；D=4.0；RPN=25.83。,正确,1.0,3.74,CSV直答,0.0,1.0,0,,1,,,3.83；2.6；4.0；25.83,,,,3.83；2.6；4.0；25.83,FMEA编号；严酷度(S)；发生度(O)；可探测度(D)；风险优先数(RPN),50,
1116,1116,Full全量模型,无,风险影响评估类,fmea_id_to_risk_profile,风险后果查询,,,中等,FMEA编号FF7这条记录的风险分和SOD给我看一下。,S=4.17；O=2.83；D=3.5；RPN=30.57。,FMEA编号“FF7”对应的失效模式“Cracks [11]”的S、O、D、RPN分别是：S=4.17；O=2.83；D=3.5；RPN=30.57。,正确,1.0,3.59,CSV直答,0.0,1.0,0,,1,,,4.17；2.83；3.5；30.57,,,,4.17；2.83；3.5；30.57,FMEA编号；严酷度(S)；发生度(O)；可探测度(D)；风险优先数(RPN),51,
1117,1117,Full全量模型,无,风险影响评估类,fmea_id_to_risk_profile,风险后果查询,,,中等,查一下FMEA编号FF8的严重度S、发生度O、探测度D和RPN。,S=4.8；O=1.8；D=3.2；RPN=34.5。,FMEA编号“FF8”对应的失效模式“Capsize [11]”的S、O、D、RPN分别是：S=4.8；O=1.8；D=3.2；RPN=34.5。,正确,1.0,3.58,CSV直答,0.0,1.0,0,,1,,,4.8；1.8；3.2；34.5,,,,4.8；1.8；3.2；34.5,FMEA编号；严酷度(S)；发生度(O)；可探测度(D)；风险优先数(RPN),52,
1118,1118,Full全量模型,无,风险影响评估类,fmea_id_to_risk_profile,风险后果查询,,,中等,FMEA编号FF9这条FMEA风险画像是什么，后果和RPN是多少？,潜在失效后果：Structural failure；RPN=22.67。,FMEA编号“FF9”对应的失效模式“Cracks [11]”的风险画像为：项目/功能=Floating support structure / Floating Support structure / Primary structure & Welding；失效后果=Structural failure；S=4.14；O=2.86；D=3.57；RPN=22.67。,正确,1.0,3.63,CSV直答,1.0,1.0,0,,1,,,22.67,,,Structural failure,22.67,FMEA编号；潜在失效后果；风险优先数(RPN),53,
1119,1119,Full全量模型,无,风险影响评估类,fmea_id_to_risk_profile,风险后果查询,,,中等,FMEA编号FF10这条记录，影响是什么，风险优先数是多少？,潜在失效后果：Structural failure；RPN=34。,FMEA编号“FF10”对应的失效模式“Cracks [11]”：失效后果=Structural failure；RPN=34.0。,正确,1.0,3.6,CSV直答,1.0,1.0,0,,1,,,34.0,,,Structural failure,34.0,FMEA编号；潜在失效后果；风险优先数(RPN),54,
1120,1120,Full全量模型,无,风险影响评估类,fmea_id_to_risk_profile,风险后果查询,,,中等,FMEA编号FF11的S、O、D、RPN分别是多少？,S=3.86；O=3；D=2.71；RPN=32。,FMEA编号“FF11”对应的失效模式“Additional Structures Failures”的S、O、D、RPN分别是：S=3.86；O=3.0；D=2.71；RPN=32.0。,正确,1.0,3.6,CSV直答,0.0,1.0,0,,1,,,3.86；3.0；2.71；32.0,,,,3.86；3.0；2.71；32.0,FMEA编号；严酷度(S)；发生度(O)；可探测度(D)；风险优先数(RPN),55,
1121,1121,Full全量模型,无,风险影响评估类,fmea_id_to_risk_profile,风险后果查询,,,中等,FMEA编号FF12这条记录的风险分和SOD给我看一下。,S=4.17；O=1.83；D=2.83；RPN=31.83。,FMEA编号“FF12”对应的失效模式“Additional Structures Failures”的S、O、D、RPN分别是：S=4.17；O=1.83；D=2.83；RPN=31.83。,正确,1.0,3.58,CSV直答,0.0,1.0,0,,1,,,4.17；1.83；2.83；31.83,,,,4.17；1.83；2.83；31.83,FMEA编号；严酷度(S)；发生度(O)；可探测度(D)；风险优先数(RPN),56,
1122,1122,Full全量模型,无,风险影响评估类,fmea_id_to_risk_profile,风险后果查询,,,中等,查一下FMEA编号FF13的严重度S、发生度O、探测度D和RPN。,S=3.83；O=2.83；D=3.33；RPN=31.2。,FMEA编号“FF13”对应的失效模式“Watertight fault [1]”的S、O、D、RPN分别是：S=3.83；O=2.83；D=3.33；RPN=31.2。,正确,1.0,3.58,CSV直答,0.0,1.0,0,,1,,,3.83；2.83；3.33；31.2,,,,3.83；2.83；3.33；31.2,FMEA编号；严酷度(S)；发生度(O)；可探测度(D)；风险优先数(RPN),57,
1123,1123,Full全量模型,无,风险影响评估类,fmea_id_to_risk_profile,风险后果查询,,,中等,FMEA编号FF14这条FMEA风险画像是什么，后果和RPN是多少？,潜在失效后果：Potential Failure/Asset damage Energy production loss；RPN=26.86。,FMEA编号“FF14”对应的失效模式“Floater unit sinkage”的风险画像为：项目/功能=Floating support structure / Floating Support structure / Secondary structure；失效后果=Potential Failure/Asset damage Energy production loss；S=4.83；O=1.83；D=3.4；RPN=26.86。,正确,1.0,3.62,CSV直答,1.0,1.0,0,,1,,,26.86,,,Potential Failure/Asset damage Energy production loss,26.86,FMEA编号；潜在失效后果；风险优先数(RPN),58,
1124,1124,Full全量模型,无,风险影响评估类,fmea_id_to_risk_profile,风险后果查询,,,中等,FMEA编号FF15这条记录，影响是什么，风险优先数是多少？,潜在失效后果：Local stress accumulation；RPN=24.17。,FMEA编号“FF15”对应的失效模式“Structural plastic deformation [11]”：失效后果=Local stress accumulation；RPN=24.17。,正确,1.0,3.63,CSV直答,1.0,1.0,0,,1,,,24.17,,,Local stress accumulation,24.17,FMEA编号；潜在失效后果；风险优先数(RPN),59,
1125,1125,Full全量模型,无,风险影响评估类,fmea_id_to_risk_profile,风险后果查询,,,中等,FMEA编号FF16的S、O、D、RPN分别是多少？,S=4.5；O=2.33；D=3；RPN=37.2。,FMEA编号“FF16”对应的失效模式“Watertight fault [1]”的S、O、D、RPN分别是：S=4.5；O=2.33；D=3.0；RPN=37.2。,正确,1.0,3.61,CSV直答,0.0,1.0,0,,1,,,4.5；2.33；3.0；37.2,,,,4.5；2.33；3.0；37.2,FMEA编号；严酷度(S)；发生度(O)；可探测度(D)；风险优先数(RPN),60,
1126,1126,Full全量模型,无,风险影响评估类,fmea_id_to_risk_profile,风险后果查询,,,中等,FMEA编号FF17这条记录的风险分和SOD给我看一下。,S=3.86；O=2.71；D=2.57；RPN=23.5。,FMEA编号“FF17”对应的失效模式“Additional Structures Failures”的S、O、D、RPN分别是：S=3.86；O=2.71；D=2.57；RPN=23.5。,正确,1.0,3.75,CSV直答,0.0,1.0,0,,1,,,3.86；2.71；2.57；23.5,,,,3.86；2.71；2.57；23.5,FMEA编号；严酷度(S)；发生度(O)；可探测度(D)；风险优先数(RPN),61,
1127,1127,Full全量模型,无,风险影响评估类,fmea_id_to_risk_profile,风险后果查询,,,中等,查一下FMEA编号FF18的严重度S、发生度O、探测度D和RPN。,S=4；O=2.2；D=3.25；RPN=30.8。,FMEA编号“FF18”对应的失效模式“Watertight fault [1]”的S、O、D、RPN分别是：S=4.0；O=2.2；D=3.25；RPN=30.8。,正确,1.0,3.61,CSV直答,0.0,1.0,0,,1,,,4.0；2.2；3.25；30.8,,,,4.0；2.2；3.25；30.8,FMEA编号；严酷度(S)；发生度(O)；可探测度(D)；风险优先数(RPN),62,
1128,1128,Full全量模型,无,风险影响评估类,fmea_id_to_risk_profile,风险后果查询,,,中等,FMEA编号FF19这条FMEA风险画像是什么，后果和RPN是多少？,"潜在失效后果：Increased risk of collision, potential damage to the floater；RPN=36.5。","FMEA编号“FF19”对应的失效模式“Additional Structures Failures”的风险画像为：项目/功能=Floating support structure / Floating Support structure / Secondary structure；失效后果=Increased risk of collision, potential damage to the floater；S=4.0；O=3.0；D=2.0；RPN=36.5。",正确,1.0,3.61,CSV直答,1.0,1.0,0,,1,,,36.5,,,"Increased risk of collision, potential damage to the floater",36.5,FMEA编号；潜在失效后果；风险优先数(RPN),63,
1129,1129,Full全量模型,无,风险影响评估类,fmea_id_to_risk_profile,风险后果查询,,,中等,FMEA编号FF20这条记录，影响是什么，风险优先数是多少？,"潜在失效后果：Damage to the facility, vast economic loses；RPN=31.75。","FMEA编号“FF20”对应的失效模式“Hit by dropped objects [1,9]”：失效后果=Damage to the facility, vast economic loses；RPN=31.75。",正确,1.0,3.56,CSV直答,1.0,1.0,0,,1,,,31.75,,,"Damage to the facility, vast economic loses",31.75,FMEA编号；潜在失效后果；风险优先数(RPN),64,
1130,1130,Full全量模型,无,风险影响评估类,fmea_id_to_risk_profile,风险后果查询,,,中等,FMEA编号FF21的S、O、D、RPN分别是多少？,S=2；O=3；D=3；RPN=41.17。,FMEA编号“FF21”对应的失效模式“Additional Structures Failures”的S、O、D、RPN分别是：S=2.0；O=3.0；D=3.0；RPN=41.17。,正确,1.0,3.59,CSV直答,0.0,1.0,0,,1,,,2.0；3.0；3.0；41.17,,,,2.0；3.0；3.0；41.17,FMEA编号；严酷度(S)；发生度(O)；可探测度(D)；风险优先数(RPN),65,
1131,1131,Full全量模型,无,风险影响评估类,fmea_id_to_risk_profile,风险后果查询,,,中等,FMEA编号FF22这条记录的风险分和SOD给我看一下。,S=4；O=2.6；D=3.25；RPN=18.8。,FMEA编号“FF22”对应的失效模式“Structural break [11]”的S、O、D、RPN分别是：S=4.0；O=2.6；D=3.25；RPN=18.8。,正确,1.0,3.58,CSV直答,0.0,1.0,0,,1,,,4.0；2.6；3.25；18.8,,,,4.0；2.6；3.25；18.8,FMEA编号；严酷度(S)；发生度(O)；可探测度(D)；风险优先数(RPN),66,
1132,1132,Full全量模型,无,风险影响评估类,fmea_id_to_risk_profile,风险后果查询,,,中等,查一下FMEA编号FF23的严重度S、发生度O、探测度D和RPN。,S=4.17；O=2.67；D=3.2；RPN=36。,FMEA编号“FF23”对应的失效模式“Structural break [11]”的S、O、D、RPN分别是：S=4.17；O=2.67；D=3.2；RPN=36.0。,正确,1.0,3.59,CSV直答,0.0,1.0,0,,1,,,4.17；2.67；3.2；36.0,,,,4.17；2.67；3.2；36.0,FMEA编号；严酷度(S)；发生度(O)；可探测度(D)；风险优先数(RPN),67,
1133,1133,Full全量模型,无,风险影响评估类,fmea_id_to_risk_profile,风险后果查询,,,中等,FMEA编号FF24这条FMEA风险画像是什么，后果和RPN是多少？,潜在失效后果：Tower collapse；RPN=33.4。,FMEA编号“FF24”对应的失效模式“Structural break [11]”的风险画像为：项目/功能=Floating support structure / Floating Support structure / Primary structure & Welding；失效后果=Tower collapse；S=4.67；O=1.33；D=3.6；RPN=33.4。,正确,1.0,3.66,CSV直答,1.0,1.0,0,,1,,,33.4,,,Tower collapse,33.4,FMEA编号；潜在失效后果；风险优先数(RPN),68,
1134,1134,Full全量模型,无,风险影响评估类,fmea_id_to_risk_profile,风险后果查询,,,中等,FMEA编号FF25这条记录，影响是什么，风险优先数是多少？,潜在失效后果：Potential Failure/Asset damage Energy production loss；RPN=30.8。,FMEA编号“FF25”对应的失效模式“Floater unit sinkage”：失效后果=Potential Failure/Asset damage Energy production loss；RPN=30.8。,正确,1.0,3.61,CSV直答,1.0,1.0,0,,1,,,30.8,,,Potential Failure/Asset damage Energy production loss,30.8,FMEA编号；潜在失效后果；风险优先数(RPN),69,
1135,1135,Full全量模型,无,风险影响评估类,fmea_id_to_risk_profile,风险后果查询,,,中等,FMEA编号FF26的S、O、D、RPN分别是多少？,S=4.83；O=1.67；D=3.17；RPN=25。,"FMEA编号“FF26”对应的失效模式“Hit by dropped objects [1,9]”的S、O、D、RPN分别是：S=4.83；O=1.67；D=3.17；RPN=25.0。",正确,1.0,3.58,CSV直答,0.0,1.0,0,,1,,,4.83；1.67；3.17；25.0,,,,4.83；1.67；3.17；25.0,FMEA编号；严酷度(S)；发生度(O)；可探测度(D)；风险优先数(RPN),70,
1136,1136,Full全量模型,无,风险影响评估类,fmea_id_to_risk_profile,风险后果查询,,,中等,FMEA编号FF27这条记录的风险分和SOD给我看一下。,S=4.67；O=2.33；D=3；RPN=22.4。,FMEA编号“FF27”对应的失效模式“Structural break [11]”的S、O、D、RPN分别是：S=4.67；O=2.33；D=3.0；RPN=22.4。,正确,1.0,3.6,CSV直答,0.0,1.0,0,,1,,,4.67；2.33；3.0；22.4,,,,4.67；2.33；3.0；22.4,FMEA编号；严酷度(S)；发生度(O)；可探测度(D)；风险优先数(RPN),71,
1137,1137,Full全量模型,无,风险影响评估类,fmea_id_to_risk_profile,风险后果查询,,,中等,查一下FMEA编号FF28的严重度S、发生度O、探测度D和RPN。,S=4.5；O=2.33；D=3.6；RPN=19。,FMEA编号“FF28”对应的失效模式“Structural break [11]”的S、O、D、RPN分别是：S=4.5；O=2.33；D=3.6；RPN=19.0。,正确,1.0,3.71,CSV直答,0.0,1.0,0,,1,,,4.5；2.33；3.6；19.0,,,,4.5；2.33；3.6；19.0,FMEA编号；严酷度(S)；发生度(O)；可探测度(D)；风险优先数(RPN),72,
1138,1138,Full全量模型,无,风险影响评估类,fmea_id_to_risk_profile,风险后果查询,,,中等,FMEA编号FF29这条FMEA风险画像是什么，后果和RPN是多少？,潜在失效后果：Reduced stability；RPN=36。,FMEA编号“FF29”对应的失效模式“Watertight fault [1]”的风险画像为：项目/功能=Floating support structure / Floating Support structure / Secondary structure & Welding；失效后果=Reduced stability；S=3.6；O=2.33；D=3.6；RPN=36.0。,正确,1.0,3.62,CSV直答,1.0,1.0,0,,1,,,36.0,,,Reduced stability,36.0,FMEA编号；潜在失效后果；风险优先数(RPN),73,
1139,1139,Full全量模型,无,风险影响评估类,fmea_id_to_risk_profile,风险后果查询,,,中等,FMEA编号FF30这条记录，影响是什么，风险优先数是多少？,潜在失效后果：Watertight fault；RPN=31.2。,FMEA编号“FF30”对应的失效模式“Cracks [11]”：失效后果=Watertight fault；RPN=31.2。,正确,1.0,3.62,CSV直答,1.0,1.0,0,,1,,,31.2,,,Watertight fault,31.2,FMEA编号；潜在失效后果；风险优先数(RPN),74,
1140,1140,Full全量模型,无,风险影响评估类,fmea_id_to_risk_profile,风险后果查询,,,中等,FMEA编号SKS1的S、O、D、RPN分别是多少？,S=4.2；O=2.2；D=3.8；RPN=34。,"FMEA编号“SKS1”对应的失效模式“Anchor failure [1], [17]”的S、O、D、RPN分别是：S=4.2；O=2.2；D=3.8；RPN=34.0。",正确,1.0,3.62,CSV直答,0.0,1.0,0,,1,,,4.2；2.2；3.8；34.0,,,,4.2；2.2；3.8；34.0,FMEA编号；严酷度(S)；发生度(O)；可探测度(D)；风险优先数(RPN),75,
1141,1141,Full全量模型,无,风险影响评估类,fmea_id_to_risk_profile,风险后果查询,,,中等,FMEA编号SKS2这条记录的风险分和SOD给我看一下。,S=4.2；O=2.2；D=3.8；RPN=34。,"FMEA编号“SKS2”对应的失效模式“Anchor failure [1], [17]”的S、O、D、RPN分别是：S=4.2；O=2.2；D=3.8；RPN=34.0。",正确,1.0,3.66,CSV直答,0.0,1.0,0,,1,,,4.2；2.2；3.8；34.0,,,,4.2；2.2；3.8；34.0,FMEA编号；严酷度(S)；发生度(O)；可探测度(D)；风险优先数(RPN),76,
1142,1142,Full全量模型,无,风险影响评估类,fmea_id_to_risk_profile,风险后果查询,,,中等,查一下FMEA编号SKS3的严重度S、发生度O、探测度D和RPN。,S=3；O=3；D=3.25；RPN=29.25。,FMEA编号“SKS3”对应的失效模式“Failure in buoyancy element”的S、O、D、RPN分别是：S=3.0；O=3.0；D=3.25；RPN=29.25。,正确,1.0,3.62,CSV直答,0.0,1.0,0,,1,,,3.0；3.0；3.0；3.25；29.25,,,,3.0；3.0；3.25；29.25,FMEA编号；严酷度(S)；发生度(O)；可探测度(D)；风险优先数(RPN),77,
1143,1143,Full全量模型,无,风险影响评估类,fmea_id_to_risk_profile,风险后果查询,,,中等,FMEA编号SKS4这条FMEA风险画像是什么，后果和RPN是多少？,潜在失效后果：；RPN=28.5。,FMEA编号“SKS4”对应的失效模式“Failure in clump weight”的风险画像为：项目/功能=Station keeping / Mooring Lines (ML) / Clump weight；失效后果=；S=3.0；O=2.75；D=3.5；RPN=28.5。,正确,1.0,3.64,CSV直答,0.0,1.0,0,,1,,,28.5,,,,28.5,FMEA编号；潜在失效后果；风险优先数(RPN),78,
1144,1144,Full全量模型,无,风险影响评估类,fmea_id_to_risk_profile,风险后果查询,,,中等,FMEA编号SKS5这条记录，影响是什么，风险优先数是多少？,潜在失效后果：The anchor cannot be dropped and lift；RPN=30。,"FMEA编号“SKS5”对应的失效模式“Fairlead failure [1], [17]”：失效后果=The anchor cannot be dropped and lift；RPN=30.0。",正确,1.0,3.59,CSV直答,1.0,1.0,0,,1,,,30.0,,,The anchor cannot be dropped and lift,30.0,FMEA编号；潜在失效后果；风险优先数(RPN),79,
1145,1145,Full全量模型,无,风险影响评估类,fmea_id_to_risk_profile,风险后果查询,,,中等,FMEA编号SKS6的S、O、D、RPN分别是多少？,S=3.8；O=2.8；D=3；RPN=30。,"FMEA编号“SKS6”对应的失效模式“Fairlead failure [1],[17]”的S、O、D、RPN分别是：S=3.8；O=2.8；D=3.0；RPN=30.0。",正确,1.0,3.61,CSV直答,0.0,1.0,0,,1,,,3.8；2.8；3.0；30.0,,,,3.8；2.8；3.0；30.0,FMEA编号；严酷度(S)；发生度(O)；可探测度(D)；风险优先数(RPN),80,
1146,1146,Full全量模型,无,风险影响评估类,fmea_id_to_risk_profile,风险后果查询,,,中等,FMEA编号SKS7这条记录的风险分和SOD给我看一下。,S=2.6；O=3.2；D=2；RPN=13.5。,FMEA编号“SKS7”对应的失效模式“Monitoring system fails”的S、O、D、RPN分别是：S=2.6；O=3.2；D=2.0；RPN=13.5。,正确,1.0,3.84,CSV直答,0.0,1.0,0,,1,,,2.6；3.2；2.0；13.5,,,,2.6；3.2；2.0；13.5,FMEA编号；严酷度(S)；发生度(O)；可探测度(D)；风险优先数(RPN),81,
1147,1147,Full全量模型,无,风险影响评估类,fmea_id_to_risk_profile,风险后果查询,,,中等,查一下FMEA编号SKS8的严重度S、发生度O、探测度D和RPN。,S=4；O=2.4；D=3.2；RPN=28.8。,FMEA编号“SKS8”对应的失效模式“Mooring line breakage [8]”的S、O、D、RPN分别是：S=4.0；O=2.4；D=3.2；RPN=28.8。,正确,1.0,3.89,CSV直答,0.0,1.0,0,,1,,,4.0；2.4；3.2；28.8,,,,4.0；2.4；3.2；28.8,FMEA编号；严酷度(S)；发生度(O)；可探测度(D)；风险优先数(RPN),82,
1148,1148,Full全量模型,无,风险影响评估类,fmea_id_to_risk_profile,风险后果查询,,,中等,FMEA编号SKS9这条FMEA风险画像是什么，后果和RPN是多少？,潜在失效后果：Mooring line strength decrease or broken；RPN=20。,FMEA编号“SKS9”对应的失效模式“Mooring line breakage[8]”的风险画像为：项目/功能=Station keeping / Mooring Lines (ML) / Mooring lines；失效后果=Mooring line strength decrease or broken；S=4.0；O=2.0；D=2.6；RPN=20.0。,正确,1.0,4.2,CSV直答,1.0,1.0,0,,1,,,20.0,,,Mooring line strength decrease or broken,20.0,FMEA编号；潜在失效后果；风险优先数(RPN),83,
1149,1149,Full全量模型,无,风险影响评估类,fmea_id_to_risk_profile,风险后果查询,,,中等,FMEA编号SKS10这条记录，影响是什么，风险优先数是多少？,潜在失效后果：Mooring line strength decrease or broken；RPN=24。,FMEA编号“SKS10”对应的失效模式“Mooring line breakage[8]”：失效后果=Mooring line strength decrease or broken；RPN=24.0。,正确,1.0,4.33,CSV直答,1.0,1.0,0,,1,,,24.0,,,Mooring line strength decrease or broken,24.0,FMEA编号；潜在失效后果；风险优先数(RPN),84,
1150,1150,Full全量模型,无,风险影响评估类,fmea_id_to_risk_profile,风险后果查询,,,中等,FMEA编号SKS11的S、O、D、RPN分别是多少？,S=3.6；O=2.8；D=3；RPN=29.2。,FMEA编号“SKS11”对应的失效模式“Mooring Line Corrosion [1]”的S、O、D、RPN分别是：S=3.6；O=2.8；D=3.0；RPN=29.2。,正确,1.0,4.08,CSV直答,0.0,1.0,0,,1,,,3.6；2.8；3.0；29.2,,,,3.6；2.8；3.0；29.2,FMEA编号；严酷度(S)；发生度(O)；可探测度(D)；风险优先数(RPN),85,
1151,1151,Full全量模型,无,风险影响评估类,fmea_id_to_risk_profile,风险后果查询,,,中等,FMEA编号SKS12这条记录的风险分和SOD给我看一下。,S=3.6；O=2.8；D=3；RPN=29.6。,FMEA编号“SKS12”对应的失效模式“Mooring Line Fatigue [1]”的S、O、D、RPN分别是：S=3.6；O=2.8；D=3.0；RPN=29.6。,正确,1.0,3.97,CSV直答,0.0,1.0,0,,1,,,3.6；2.8；3.0；29.6,,,,3.6；2.8；3.0；29.6,FMEA编号；严酷度(S)；发生度(O)；可探测度(D)；风险优先数(RPN),86,
1152,1152,Full全量模型,无,风险影响评估类,fmea_id_to_risk_profile,风险后果查询,,,中等,查一下FMEA编号SKS13的严重度S、发生度O、探测度D和RPN。,S=3.6；O=3；D=3；RPN=31.6。,FMEA编号“SKS13”对应的失效模式“Mooring Line Fatigue [1]”的S、O、D、RPN分别是：S=3.6；O=3.0；D=3.0；RPN=31.6。,正确,1.0,4.16,CSV直答,0.0,1.0,0,,1,,,3.6；3.0；3.0；31.6,,,,3.6；3.0；3.0；31.6,FMEA编号；严酷度(S)；发生度(O)；可探测度(D)；风险优先数(RPN),87,
1153,1153,Full全量模型,无,风险影响评估类,fmea_id_to_risk_profile,风险后果查询,,,中等,FMEA编号SKS14这条FMEA风险画像是什么，后果和RPN是多少？,潜在失效后果：Mooring line strength decrease or broken；RPN=35.6。,FMEA编号“SKS14”对应的失效模式“Mooring line wear [1]”的风险画像为：项目/功能=Station keeping / Mooring Lines (ML) / Mooring lines；失效后果=Mooring line strength decrease or broken；S=3.6；O=2.8；D=3.6；RPN=35.6。,正确,1.0,4.02,CSV直答,1.0,1.0,0,,1,,,35.6,,,Mooring line strength decrease or broken,35.6,FMEA编号；潜在失效后果；风险优先数(RPN),88,
1154,1154,Full全量模型,无,风险影响评估类,fmea_id_to_risk_profile,风险后果查询,,,中等,FMEA编号SKS15这条记录，影响是什么，风险优先数是多少？,潜在失效后果：Mooring line strength decrease or broken；RPN=26.4。,FMEA编号“SKS15”对应的失效模式“Mooring line wear [1]”：失效后果=Mooring line strength decrease or broken；RPN=26.4。,正确,1.0,3.91,CSV直答,1.0,1.0,0,,1,,,26.4,,,Mooring line strength decrease or broken,26.4,FMEA编号；潜在失效后果；风险优先数(RPN),89,
1155,1155,Full全量模型,无,风险影响评估类,fmea_id_to_risk_profile,风险后果查询,,,中等,FMEA编号SKS16的S、O、D、RPN分别是多少？,S=3.6；O=2.4；D=3.6；RPN=31.6。,FMEA编号“SKS16”对应的失效模式“Mooring line wear [1]”的S、O、D、RPN分别是：S=3.6；O=2.4；D=3.6；RPN=31.6。,正确,1.0,3.86,CSV直答,0.0,1.0,0,,1,,,3.6；2.4；3.6；31.6,,,,3.6；2.4；3.6；31.6,FMEA编号；严酷度(S)；发生度(O)；可探测度(D)；风险优先数(RPN),90,
1156,1156,Full全量模型,无,风险影响评估类,fmea_id_to_risk_profile,风险后果查询,,,中等,FMEA编号SKS17这条记录的风险分和SOD给我看一下。,S=4；O=2.4；D=2.6；RPN=24.8。,"FMEA编号“SKS17”对应的失效模式“Mooring lines broken [1,3]”的S、O、D、RPN分别是：S=4.0；O=2.4；D=2.6；RPN=24.8。",正确,1.0,3.94,CSV直答,0.0,1.0,0,,1,,,4.0；2.4；2.6；24.8,,,,4.0；2.4；2.6；24.8,FMEA编号；严酷度(S)；发生度(O)；可探测度(D)；风险优先数(RPN),91,
1157,1157,Full全量模型,无,风险影响评估类,fmea_id_to_risk_profile,风险后果查询,,,中等,查一下FMEA编号SKS18的严重度S、发生度O、探测度D和RPN。,S=4；O=2；D=2.6；RPN=20。,"FMEA编号“SKS18”对应的失效模式“Mooring lines broken [1,3]”的S、O、D、RPN分别是：S=4.0；O=2.0；D=2.6；RPN=20.0。",正确,1.0,4.01,CSV直答,0.0,1.0,0,,1,,,4.0；2.0；2.6；20.0,,,,4.0；2.0；2.6；20.0,FMEA编号；严酷度(S)；发生度(O)；可探测度(D)；风险优先数(RPN),92,
1158,1158,Full全量模型,无,风险影响评估类,fmea_id_to_risk_profile,风险后果查询,,,中等,FMEA编号SKS19这条FMEA风险画像是什么，后果和RPN是多少？,潜在失效后果：Asset not in correct location or position；RPN=22.4。,"FMEA编号“SKS19”对应的失效模式“Mooring lines broken [1,3]”的风险画像为：项目/功能=Station keeping / Mooring lines (ML) / Mooring lines；失效后果=Asset not in correct location or position；S=4.0；O=2.2；D=2.6；RPN=22.4。",正确,1.0,3.91,CSV直答,1.0,1.0,0,,1,,,22.4,,,Asset not in correct location or position,22.4,FMEA编号；潜在失效后果；风险优先数(RPN),93,
1159,1159,Full全量模型,无,风险影响评估类,fmea_id_to_risk_profile,风险后果查询,,,中等,FMEA编号SKS20这条记录，影响是什么，风险优先数是多少？,潜在失效后果：Asset not in correct location or position；RPN=28。,"FMEA编号“SKS20”对应的失效模式“Mooring lines broken [1,3]”：失效后果=Asset not in correct location or position；RPN=28.0。",正确,1.0,4.03,CSV直答,1.0,1.0,0,,1,,,28.0,,,Asset not in correct location or position,28.0,FMEA编号；潜在失效后果；风险优先数(RPN),94,
1160,1160,Full全量模型,无,风险影响评估类,fmea_id_to_risk_profile,风险后果查询,,,中等,FMEA编号SKS21的S、O、D、RPN分别是多少？,S=4；O=2；D=2.8；RPN=21.6。,FMEA编号“SKS21”对应的失效模式“Mooring winch failure [1]”的S、O、D、RPN分别是：S=4.0；O=2.0；D=2.8；RPN=21.6。,正确,1.0,3.86,CSV直答,0.0,1.0,0,,1,,,4.0；2.0；2.8；21.6,,,,4.0；2.0；2.8；21.6,FMEA编号；严酷度(S)；发生度(O)；可探测度(D)；风险优先数(RPN),95,
1161,1161,Full全量模型,无,风险影响评估类,fmea_id_to_risk_profile,风险后果查询,,,中等,FMEA编号SKS22这条记录的风险分和SOD给我看一下。,S=4；O=2；D=3.2；RPN=25.6。,FMEA编号“SKS22”对应的失效模式“Mooring winch failure [1]”的S、O、D、RPN分别是：S=4.0；O=2.0；D=3.2；RPN=25.6。,正确,1.0,3.83,CSV直答,0.0,1.0,0,,1,,,4.0；2.0；3.2；25.6,,,,4.0；2.0；3.2；25.6,FMEA编号；严酷度(S)；发生度(O)；可探测度(D)；风险优先数(RPN),96,
1162,1162,Full全量模型,无,风险影响评估类,fmea_id_to_risk_profile,风险后果查询,,,中等,查一下FMEA编号DC1的严重度S、发生度O、探测度D和RPN。,S=4.2；O=2.2；D=3.75；RPN=30.25。,FMEA编号“DC1”对应的失效模式“accelerated mechanical fatigue”的S、O、D、RPN分别是：S=4.2；O=2.2；D=3.75；RPN=30.25。,正确,1.0,3.87,CSV直答,0.0,1.0,0,,1,,,4.2；2.2；3.75；30.25,,,,4.2；2.2；3.75；30.25,FMEA编号；严酷度(S)；发生度(O)；可探测度(D)；风险优先数(RPN),97,
1163,1163,Full全量模型,无,风险影响评估类,fmea_id_to_risk_profile,风险后果查询,,,中等,FMEA编号DC2这条FMEA风险画像是什么，后果和RPN是多少？,潜在失效后果：Structural integrity damage - extra stress on cables；RPN=20。,FMEA编号“DC2”对应的失效模式“anchoring damages”的风险画像为：项目/功能=Dynamic cable / Dynamic Cable / Dynamic Cable/；失效后果=Structural integrity damage - extra stress on cables；S=4.2；O=1.6；D=2.4；RPN=20.0。,正确,1.0,3.86,CSV直答,1.0,1.0,0,,1,,,20.0,,,Structural integrity damage - extra stress on cables,20.0,FMEA编号；潜在失效后果；风险优先数(RPN),98,
1164,1164,Full全量模型,无,风险影响评估类,fmea_id_to_risk_profile,风险后果查询,,,中等,FMEA编号DC3这条记录，影响是什么，风险优先数是多少？,潜在失效后果：Operational disruption；RPN=32。,FMEA编号“DC3”对应的失效模式“Cable Damage”：失效后果=Operational disruption；RPN=32.0。,正确,1.0,3.88,CSV直答,1.0,1.0,0,,1,,,32.0,,,Operational disruption,32.0,FMEA编号；潜在失效后果；风险优先数(RPN),99,
1165,1165,Full全量模型,无,风险影响评估类,fmea_id_to_risk_profile,风险后果查询,,,中等,FMEA编号DC4的S、O、D、RPN分别是多少？,S=2.8；O=2.8；D=3.2；RPN=22.5。,FMEA编号“DC4”对应的失效模式“Corrosion of J-tube [6]”的S、O、D、RPN分别是：S=2.8；O=2.8；D=3.2；RPN=22.5。,正确,1.0,3.85,CSV直答,0.0,1.0,0,,1,,,2.8；2.8；3.2；22.5,,,,2.8；2.8；3.2；22.5,FMEA编号；严酷度(S)；发生度(O)；可探测度(D)；风险优先数(RPN),100,
1166,1166,Full全量模型,无,风险影响评估类,fmea_id_to_risk_profile,风险后果查询,,,中等,FMEA编号DC5这条记录的风险分和SOD给我看一下。,S=3.2；O=2；D=3.4；RPN=15。,FMEA编号“DC5”对应的失效模式“Corrosion of J-tube [6]”的S、O、D、RPN分别是：S=3.2；O=2.0；D=3.4；RPN=15.0。,正确,1.0,3.85,CSV直答,0.0,1.0,0,,1,,,3.2；2.0；3.4；15.0,,,,3.2；2.0；3.4；15.0,FMEA编号；严酷度(S)；发生度(O)；可探测度(D)；风险优先数(RPN),101,
1167,1167,Full全量模型,无,风险影响评估类,fmea_id_to_risk_profile,风险后果查询,,,中等,查一下FMEA编号DC6的严重度S、发生度O、探测度D和RPN。,S=3.8；O=1.8；D=3.2；RPN=24。,FMEA编号“DC6”对应的失效模式“Crushing or deformation”的S、O、D、RPN分别是：S=3.8；O=1.8；D=3.2；RPN=24.0。,正确,1.0,3.84,CSV直答,0.0,1.0,0,,1,,,3.8；1.8；3.2；24.0,,,,3.8；1.8；3.2；24.0,FMEA编号；严酷度(S)；发生度(O)；可探测度(D)；风险优先数(RPN),102,
1168,1168,Full全量模型,无,风险影响评估类,fmea_id_to_risk_profile,风险后果查询,,,中等,FMEA编号DC7这条FMEA风险画像是什么，后果和RPN是多少？,潜在失效后果：High risk of fault on the cable - total loss of the line Prodution loss on the string；RPN=24。,FMEA编号“DC7”对应的失效模式“damage and corrosion of mechanical parts”的风险画像为：项目/功能=Dynamic cable / Dynamic Cable / Hang-off；失效后果=High risk of fault on the cable - total loss of the line Prodution loss on the string；S=3.2；O=1.75；D=3.5；RPN=24.0。,正确,1.0,3.85,CSV直答,1.0,1.0,0,,1,,,24.0,,,High risk of fault on the cable - total loss of the line Prodution loss on the string,24.0,FMEA编号；潜在失效后果；风险优先数(RPN),103,
1169,1169,Full全量模型,无,风险影响评估类,fmea_id_to_risk_profile,风险后果查询,,,中等,FMEA编号DC8这条记录，影响是什么，风险优先数是多少？,潜在失效后果：Cable damage - operational disruption；RPN=16。,FMEA编号“DC8”对应的失效模式“Debris disturbance”：失效后果=Cable damage - operational disruption；RPN=16.0。,正确,1.0,3.83,CSV直答,1.0,1.0,0,,1,,,16.0,,,Cable damage - operational disruption,16.0,FMEA编号；潜在失效后果；风险优先数(RPN),104,
1170,1170,Full全量模型,无,风险影响评估类,fmea_id_to_risk_profile,风险后果查询,,,中等,FMEA编号DC9的S、O、D、RPN分别是多少？,S=4.4；O=2；D=2.4；RPN=18.5。,FMEA编号“DC9”对应的失效模式“Detachment”的S、O、D、RPN分别是：S=4.4；O=2.0；D=2.4；RPN=18.5。,正确,1.0,3.96,CSV直答,0.0,1.0,0,,1,,,4.4；2.0；2.4；18.5,,,,4.4；2.0；2.4；18.5,FMEA编号；严酷度(S)；发生度(O)；可探测度(D)；风险优先数(RPN),105,
1171,1171,Full全量模型,无,风险影响评估类,fmea_id_to_risk_profile,风险后果查询,,,中等,FMEA编号DC10这条记录的风险分和SOD给我看一下。,S=3.6；O=2.6；D=2.8；RPN=25.2。,FMEA编号“DC10”对应的失效模式“Failure of end termination [6]”的S、O、D、RPN分别是：S=3.6；O=2.6；D=2.8；RPN=25.2。,正确,1.0,3.82,CSV直答,0.0,1.0,0,,1,,,3.6；2.6；2.8；25.2,,,,3.6；2.6；2.8；25.2,FMEA编号；严酷度(S)；发生度(O)；可探测度(D)；风险优先数(RPN),106,
1172,1172,Full全量模型,无,风险影响评估类,fmea_id_to_risk_profile,风险后果查询,,,中等,查一下FMEA编号DC11的严重度S、发生度O、探测度D和RPN。,S=3.8；O=2.6；D=3.2；RPN=28.6。,FMEA编号“DC11”对应的失效模式“Failure of end termination [6]”的S、O、D、RPN分别是：S=3.8；O=2.6；D=3.2；RPN=28.6。,正确,1.0,3.85,CSV直答,0.0,1.0,0,,1,,,3.8；2.6；3.2；28.6,,,,3.8；2.6；3.2；28.6,FMEA编号；严酷度(S)；发生度(O)；可探测度(D)；风险优先数(RPN),107,
1173,1173,Full全量模型,无,风险影响评估类,fmea_id_to_risk_profile,风险后果查询,,,中等,FMEA编号DC12这条FMEA风险画像是什么，后果和RPN是多少？,潜在失效后果：breakdown of insulation；RPN=27.6。,FMEA编号“DC12”对应的失效模式“Failure of end termination [6]”的风险画像为：项目/功能=Dynamic cable / Dynamic Cable / Joints and terminations；失效后果=breakdown of insulation；S=3.6；O=2.8；D=2.8；RPN=27.6。,正确,1.0,3.83,CSV直答,1.0,1.0,0,,1,,,27.6,,,breakdown of insulation,27.6,FMEA编号；潜在失效后果；风险优先数(RPN),108,
1174,1174,Full全量模型,无,风险影响评估类,fmea_id_to_risk_profile,风险后果查询,,,中等,FMEA编号DC13这条记录，影响是什么，风险优先数是多少？,潜在失效后果：Cable damage - exposure to elements；RPN=28。,FMEA编号“DC13”对应的失效模式“Failure of fixing clamps”：失效后果=Cable damage - exposure to elements；RPN=28.0。,正确,1.0,3.85,CSV直答,1.0,1.0,0,,1,,,28.0,,,Cable damage - exposure to elements,28.0,FMEA编号；潜在失效后果；风险优先数(RPN),109,
1175,1175,Full全量模型,无,风险影响评估类,fmea_id_to_risk_profile,风险后果查询,,,中等,FMEA编号DC14的S、O、D、RPN分别是多少？,S=4.4；O=2.2；D=2.8；RPN=25.6。,FMEA编号“DC14”对应的失效模式“Failure of insulations”的S、O、D、RPN分别是：S=4.4；O=2.2；D=2.8；RPN=25.6。,正确,1.0,3.83,CSV直答,0.0,1.0,0,,1,,,4.4；2.2；2.8；25.6,,,,4.4；2.2；2.8；25.6,FMEA编号；严酷度(S)；发生度(O)；可探测度(D)；风险优先数(RPN),110,
1176,1176,Full全量模型,无,风险影响评估类,fmea_id_to_risk_profile,风险后果查询,,,中等,FMEA编号DC15这条记录的风险分和SOD给我看一下。,S=4.2；O=2.4；D=3；RPN=31.6。,FMEA编号“DC15”对应的失效模式“Failure of sheath”的S、O、D、RPN分别是：S=4.2；O=2.4；D=3.0；RPN=31.6。,正确,1.0,3.82,CSV直答,0.0,1.0,0,,1,,,4.2；2.4；3.0；31.6,,,,4.2；2.4；3.0；31.6,FMEA编号；严酷度(S)；发生度(O)；可探测度(D)；风险优先数(RPN),111,
1177,1177,Full全量模型,无,风险影响评估类,fmea_id_to_risk_profile,风险后果查询,,,中等,查一下FMEA编号DC16的严重度S、发生度O、探测度D和RPN。,S=4.2；O=2.6；D=3；RPN=30.2。,FMEA编号“DC16”对应的失效模式“Failure of watertightness”的S、O、D、RPN分别是：S=4.2；O=2.6；D=3.0；RPN=30.2。,正确,1.0,3.82,CSV直答,0.0,1.0,0,,1,,,4.2；2.6；3.0；30.2,,,,4.2；2.6；3.0；30.2,FMEA编号；严酷度(S)；发生度(O)；可探测度(D)；风险优先数(RPN),112,
1178,1178,Full全量模型,无,风险影响评估类,fmea_id_to_risk_profile,风险后果查询,,,中等,FMEA编号DC17这条FMEA风险画像是什么，后果和RPN是多少？,潜在失效后果：Reduced or interupted electricity flow；RPN=27.8。,FMEA编号“DC17”对应的失效模式“Failure of watertightness”的风险画像为：项目/功能=Dynamic cable / Dynamic Cable / Dynamic Cable/；失效后果=Reduced or interupted electricity flow；S=4.2；O=2.0；D=3.6；RPN=27.8。,正确,1.0,3.88,CSV直答,1.0,1.0,0,,1,,,27.8,,,Reduced or interupted electricity flow,27.8,FMEA编号；潜在失效后果；风险优先数(RPN),113,
1179,1179,Full全量模型,无,风险影响评估类,fmea_id_to_risk_profile,风险后果查询,,,中等,FMEA编号DC18这条记录，影响是什么，风险优先数是多少？,潜在失效后果：Electrical faults - loss of production；RPN=25。,FMEA编号“DC18”对应的失效模式“failures of conductors”：失效后果=Electrical faults - loss of production；RPN=25.0。,正确,1.0,3.84,CSV直答,1.0,1.0,0,,1,,,25.0,,,Electrical faults - loss of production,25.0,FMEA编号；潜在失效后果；风险优先数(RPN),114,
1180,1180,Full全量模型,无,风险影响评估类,fmea_id_to_risk_profile,风险后果查询,,,中等,FMEA编号DC19的S、O、D、RPN分别是多少？,S=4.2；O=2.4；D=3.6；RPN=35.6。,FMEA编号“DC19”对应的失效模式“Fatigue Cracks”的S、O、D、RPN分别是：S=4.2；O=2.4；D=3.6；RPN=35.6。,正确,1.0,3.79,CSV直答,0.0,1.0,0,,1,,,4.2；2.4；3.6；35.6,,,,4.2；2.4；3.6；35.6,FMEA编号；严酷度(S)；发生度(O)；可探测度(D)；风险优先数(RPN),115,
1181,1181,Full全量模型,无,风险影响评估类,fmea_id_to_risk_profile,风险后果查询,,,中等,FMEA编号DC20这条记录的风险分和SOD给我看一下。,S=4.6；O=1.4；D=3.5；RPN=32。,FMEA编号“DC20”对应的失效模式“Geo-Hazards”的S、O、D、RPN分别是：S=4.6；O=1.4；D=3.5；RPN=32.0。,正确,1.0,3.96,CSV直答,0.0,1.0,0,,1,,,4.6；1.4；3.5；32.0,,,,4.6；1.4；3.5；32.0,FMEA编号；严酷度(S)；发生度(O)；可探测度(D)；风险优先数(RPN),116,
1182,1182,Full全量模型,无,风险影响评估类,fmea_id_to_risk_profile,风险后果查询,,,中等,查一下FMEA编号DC21的严重度S、发生度O、探测度D和RPN。,S=3.4；O=2.6；D=3；RPN=26。,FMEA编号“DC21”对应的失效模式“Loss of dynamic positioning”的S、O、D、RPN分别是：S=3.4；O=2.6；D=3.0；RPN=26.0。,正确,1.0,3.83,CSV直答,0.0,1.0,0,,1,,,3.4；2.6；3.0；26.0,,,,3.4；2.6；3.0；26.0,FMEA编号；严酷度(S)；发生度(O)；可探测度(D)；风险优先数(RPN),117,
1183,1183,Full全量模型,无,风险影响评估类,fmea_id_to_risk_profile,风险后果查询,,,中等,FMEA编号DC22这条FMEA风险画像是什么，后果和RPN是多少？,潜在失效后果：；RPN=24。,FMEA编号“DC22”对应的失效模式“Loss of float bility (water adsorption)”的风险画像为：项目/功能=Dynamic cable / Dynamic Cable / Buoyancy modules；失效后果=；S=3.5；O=2.5；D=3.0；RPN=24.0。,正确,1.0,3.87,CSV直答,0.0,1.0,0,,1,,,24.0,,,,24.0,FMEA编号；潜在失效后果；风险优先数(RPN),118,
1184,1184,Full全量模型,无,风险影响评估类,fmea_id_to_risk_profile,风险后果查询,,,中等,FMEA编号DC23这条记录，影响是什么，风险优先数是多少？,潜在失效后果：Weakening of cable materials - loss of production；RPN=18.5。,FMEA编号“DC23”对应的失效模式“material degradation”：失效后果=Weakening of cable materials - loss of production；RPN=18.5。,正确,1.0,3.83,CSV直答,1.0,1.0,0,,1,,,18.5,,,Weakening of cable materials - loss of production,18.5,FMEA编号；潜在失效后果；风险优先数(RPN),119,
1185,1185,Full全量模型,无,风险影响评估类,fmea_id_to_risk_profile,风险后果查询,,,中等,FMEA编号DC24的S、O、D、RPN分别是多少？,S=2.5；O=1.75；D=2.5；RPN=12。,FMEA编号“DC24”对应的失效模式“Mechanical degradation [20]”的S、O、D、RPN分别是：S=2.5；O=1.75；D=2.5；RPN=12.0。,正确,1.0,3.82,CSV直答,0.0,1.0,0,,1,,,2.5；1.75；2.5；12.0,,,,2.5；1.75；2.5；12.0,FMEA编号；严酷度(S)；发生度(O)；可探测度(D)；风险优先数(RPN),120,
1186,1186,Full全量模型,无,风险影响评估类,fmea_id_to_risk_profile,风险后果查询,,,中等,FMEA编号DC25这条记录的风险分和SOD给我看一下。,S=3.8；O=2.2；D=4.4；RPN=38.4。,FMEA编号“DC25”对应的失效模式“Movement of CPS due to scour/seabed mobility [6]”的S、O、D、RPN分别是：S=3.8；O=2.2；D=4.4；RPN=38.4。,正确,1.0,3.81,CSV直答,0.0,1.0,0,,1,,,3.8；2.2；4.4；38.4,,,,3.8；2.2；4.4；38.4,FMEA编号；严酷度(S)；发生度(O)；可探测度(D)；风险优先数(RPN),121,
1187,1187,Full全量模型,无,风险影响评估类,fmea_id_to_risk_profile,风险后果查询,,,中等,查一下FMEA编号DC26的严重度S、发生度O、探测度D和RPN。,S=3.8；O=2.6；D=4.4；RPN=44。,FMEA编号“DC26”对应的失效模式“Movement of CPS due to scour/seabed mobility [6]”的S、O、D、RPN分别是：S=3.8；O=2.6；D=4.4；RPN=44.0。,正确,1.0,3.83,CSV直答,0.0,1.0,0,,1,,,3.8；2.6；4.4；44.0,,,,3.8；2.6；4.4；44.0,FMEA编号；严酷度(S)；发生度(O)；可探测度(D)；风险优先数(RPN),122,
1188,1188,Full全量模型,无,风险影响评估类,fmea_id_to_risk_profile,风险后果查询,,,中等,FMEA编号DC27这条FMEA风险画像是什么，后果和RPN是多少？,潜在失效后果：Cable being vulnerable to scour and need for repair or replacement；RPN=41.6。,FMEA编号“DC27”对应的失效模式“Movement of CPS due to scour/seabed mobility [6]”的风险画像为：项目/功能=Dynamic cable / Dynamic Cable / Cable Protection System (CPS)；失效后果=Cable being vulnerable to scour and need for repair or replacement；S=3.8；O=2.8；D=4.0；RPN=41.6。,正确,1.0,3.87,CSV直答,1.0,1.0,0,,1,,,41.6,,,Cable being vulnerable to scour and need for repair or replacement,41.6,FMEA编号；潜在失效后果；风险优先数(RPN),123,
1189,1189,Full全量模型,无,风险影响评估类,fmea_id_to_risk_profile,风险后果查询,,,中等,FMEA编号DC28这条记录，影响是什么，风险优先数是多少？,"潜在失效后果：Structural damage - cable weakening, exposure to elements；RPN=29。","FMEA编号“DC28”对应的失效模式“Premature damage of outer protection layer”：失效后果=Structural damage - cable weakening, exposure to elements；RPN=29.0。",正确,1.0,3.83,CSV直答,1.0,1.0,0,,1,,,29.0,,,"Structural damage - cable weakening, exposure to elements",29.0,FMEA编号；潜在失效后果；风险优先数(RPN),124,
1190,1190,Full全量模型,无,风险影响评估类,fmea_id_to_risk_profile,风险后果查询,,,中等,FMEA编号DC29的S、O、D、RPN分别是多少？,S=3.6；O=2.4；D=3.8；RPN=28.6。,FMEA编号“DC29”对应的失效模式“Reduced sediment cover lower than designed value for protection [6]”的S、O、D、RPN分别是：S=3.6；O=2.4；D=3.8；RPN=28.6。,正确,1.0,3.83,CSV直答,0.0,1.0,0,,1,,,3.6；2.4；3.8；28.6,,,,3.6；2.4；3.8；28.6,FMEA编号；严酷度(S)；发生度(O)；可探测度(D)；风险优先数(RPN),125,
1191,1191,Full全量模型,无,风险影响评估类,fmea_id_to_risk_profile,风险后果查询,,,中等,FMEA编号DC30这条记录的风险分和SOD给我看一下。,S=4；O=2；D=3.5；RPN=0。,FMEA编号“DC30”对应的失效模式“Reduced sediment cover lower than designed value for protection [6]”的S、O、D、RPN分别是：S=4.0；O=2.0；D=3.5；RPN=0.0。,正确,1.0,3.82,CSV直答,0.0,1.0,0,,1,,,4.0；2.0；3.5；0.0,,,,4.0；2.0；3.5；0.0,FMEA编号；严酷度(S)；发生度(O)；可探测度(D)；风险优先数(RPN),126,
1192,1192,Full全量模型,无,风险影响评估类,失效现象后果查RPN,风险指标查询,,,简单,故障现象“Abnormal vibration”会造成“Excessive Fatigue Life Consumption”，请给出RPN。,RPN=33.33,失效模式“Abnormal vibration”的RPN是33.33。,正确,1.0,59.97,QueryIR结构化查询,1.0,1.0,0,,1,,,33.33,,,,33.33,潜在失效模式；潜在失效后果；风险优先数(RPN),0,
1193,1193,Full全量模型,无,风险影响评估类,失效现象后果查RPN,风险指标查询,,,简单,故障现象“Abnormal vibration”会造成“Potential collapse”，请给出RPN。,RPN=12.67,失效模式“Abnormal vibration”的RPN是33.33。,错误,0.0,9.13,QueryIR结构化查询,1.0,0.0,0,,1,,12.67,,,,,12.67,潜在失效模式；潜在失效后果；风险优先数(RPN),2,
1194,1194,Full全量模型,无,风险影响评估类,失效现象后果查RPN,风险指标查询,,,简单,故障现象“Cracks”会造成“Failure of whole facility and vast economic loses”，请给出RPN。,RPN=26,失效模式“Cracks”的RPN是26。,正确,1.0,45.89,QueryIR结构化查询,1.0,1.0,0,,1,,,26.0,,,,26.0,潜在失效模式；潜在失效后果；风险优先数(RPN),4,
1195,1195,Full全量模型,无,风险影响评估类,失效现象后果查RPN,风险指标查询,,,简单,故障现象“Cracks”会造成“Potential collapse”，请给出RPN。,RPN=30,失效模式“Cracks”的RPN是26。,错误,0.0,8.97,QueryIR结构化查询,1.0,0.0,0,,1,,30.0,,,,,30.0,潜在失效模式；潜在失效后果；风险优先数(RPN),6,
1196,1196,Full全量模型,无,风险影响评估类,失效现象后果查RPN,风险指标查询,,,简单,故障现象“Cracks”会造成“Failure of the WTG/Major repair campaign/Structure reassessment”，请给出RPN。,RPN=25.5,失效模式“Cracks”的RPN是26。,错误,0.0,7.75,QueryIR结构化查询,1.0,0.0,0,,1,,25.5,,,,,25.5,潜在失效模式；潜在失效后果；风险优先数(RPN),16,
1197,1197,Full全量模型,无,风险影响评估类,失效现象后果查RPN,风险指标查询,,,简单,故障现象“Plastic deformation”会造成“Potential collapse”，请给出RPN。,RPN=25.67,失效模式“Plastic deformation”的RPN是25.67。,正确,1.0,7.33,QueryIR结构化查询,1.0,1.0,0,,1,,,25.67,,,,25.67,潜在失效模式；潜在失效后果；风险优先数(RPN),21,
1198,1198,Full全量模型,无,风险影响评估类,失效现象后果查RPN,风险指标查询,,,简单,故障现象“Tower collapse”会造成“Failure of whole facility and vast economic loses”，请给出RPN。,RPN=21.33,失效模式“Tower collapse”的RPN是21.33。,正确,1.0,7.38,QueryIR结构化查询,1.0,1.0,0,,1,,,21.33,,,,21.33,潜在失效模式；潜在失效后果；风险优先数(RPN),23,
1199,1199,Full全量模型,无,风险影响评估类,失效现象后果查RPN,风险指标查询,,,简单,"故障现象“Transition piece break”会造成“Tower Unit collapse, Floater Unit damage”，请给出RPN。",RPN=36.5,失效模式“Transition piece break”的RPN是36.5。,正确,1.0,7.55,QueryIR结构化查询,1.0,1.0,0,,1,,,36.5,,,,36.5,潜在失效模式；潜在失效后果；风险优先数(RPN),24,
1200,1200,Full全量模型,无,风险影响评估类,失效现象后果查RPN,风险指标查询,,,简单,"故障现象“Transition piece break”会造成“tension failure (rupture), buckling of the transition piece/ Tower unit damage”，请给出RPN。",RPN=33,失效模式“Transition piece break”的RPN是36.5。,错误,0.0,7.44,QueryIR结构化查询,1.0,0.0,0,,1,,33.0,,,,,33.0,潜在失效模式；潜在失效后果；风险优先数(RPN),25,
1201,1201,Full全量模型,无,风险影响评估类,失效现象后果查RPN,风险指标查询,,,简单,故障现象“Structural plastic deformation”会造成“Local stress accumulation”，请给出RPN。,RPN=32,失效模式“Structural plastic deformation”的RPN是32。,正确,1.0,7.6,QueryIR结构化查询,1.0,1.0,0,,1,,,32.0,,,,32.0,潜在失效模式；潜在失效后果；风险优先数(RPN),26,
1202,1202,Full全量模型,无,风险影响评估类,失效现象后果查RPN,风险指标查询,,,简单,故障现象“Cracks”会造成“Tower transition piece connections failure / resonance”，请给出RPN。,RPN=29,失效模式“Cracks”的RPN是26。,错误,0.0,7.4,QueryIR结构化查询,1.0,0.0,0,,1,,29.0,,,,,29.0,潜在失效模式；潜在失效后果；风险优先数(RPN),27,
1203,1203,Full全量模型,无,风险影响评估类,失效现象后果查RPN,风险指标查询,,,简单,故障现象“Abnormal vibration”会造成“potential tower connections failure”，请给出RPN。,RPN=35.25,失效模式“Abnormal vibration”的RPN是33.33。,错误,0.0,7.22,QueryIR结构化查询,1.0,0.0,0,,1,,35.25,,,,,35.25,潜在失效模式；潜在失效后果；风险优先数(RPN),29,
1204,1204,Full全量模型,无,风险影响评估类,失效现象后果查RPN,风险指标查询,,,简单,故障现象“Cracks”会造成“Tower transition piece connections failure”，请给出RPN。,RPN=21.67,失效模式“Cracks”的RPN是26。,错误,0.0,8.17,QueryIR结构化查询,1.0,0.0,0,,1,,21.67,,,,,21.67,潜在失效模式；潜在失效后果；风险优先数(RPN),31,
1205,1205,Full全量模型,无,风险影响评估类,失效现象后果查RPN,风险指标查询,,,简单,故障现象“Cracks”会造成“Tower transition piece connections failure/ displacement variations between tower end”，请给出RPN。,RPN=38,失效模式“Cracks”的RPN是26。,错误,0.0,8.1,QueryIR结构化查询,1.0,0.0,0,,1,,38.0,,,,,38.0,潜在失效模式；潜在失效后果；风险优先数(RPN),32,
1206,1206,Full全量模型,无,风险影响评估类,失效现象后果查RPN,风险指标查询,,,简单,故障现象“Cracks”会造成“potential tower connections failure”，请给出RPN。,RPN=24.67,失效模式“Cracks”的RPN是26。,错误,0.0,8.17,QueryIR结构化查询,1.0,0.0,0,,1,,24.67,,,,,24.67,潜在失效模式；潜在失效后果；风险优先数(RPN),33,
1207,1207,Full全量模型,无,风险影响评估类,失效现象后果查RPN,风险指标查询,,,简单,"故障现象“Capsize”会造成“Watertight fault, Potential Floater Unit sinkage”，请给出RPN。",RPN=27.2,失效模式“Capsize [11]”的RPN是27.2。,正确,1.0,8.46,QueryIR结构化查询,1.0,1.0,0,,1,,,27.2,,,,27.2,潜在失效模式；潜在失效后果；风险优先数(RPN),45,
1208,1208,Full全量模型,无,风险影响评估类,失效现象后果查RPN,风险指标查询,,,简单,故障现象“Capsize”会造成“Project cancellation”，请给出RPN。,RPN=42.71,失效模式“Capsize [11]”的RPN是27.2。,错误,0.0,8.74,QueryIR结构化查询,1.0,0.0,0,,1,,42.71,,,,,42.71,潜在失效模式；潜在失效后果；风险优先数(RPN),46,
1209,1209,Full全量模型,无,风险影响评估类,失效现象后果查RPN,风险指标查询,,,简单,故障现象“Additional Structures Failures”会造成“Potential failure”，请给出RPN。,RPN=40.14,失效模式“Additional Structures Failures”的RPN是40.14。,正确,1.0,11.83,QueryIR结构化查询,1.0,1.0,0,,1,,,40.14,,,,40.14,潜在失效模式；潜在失效后果；风险优先数(RPN),47,
1210,1210,Full全量模型,无,风险影响评估类,失效现象后果查RPN,风险指标查询,,,简单,"故障现象“Hit by dropped objects”会造成“Damage to the facility, vast economic loses”，请给出RPN。",RPN=24.86,"失效模式“Hit by dropped objects [1,9]”的RPN是24.86。",正确,1.0,9.18,QueryIR结构化查询,1.0,1.0,0,,1,,,24.86,,,,24.86,潜在失效模式；潜在失效后果；风险优先数(RPN),48,
1211,1211,Full全量模型,无,风险影响评估类,失效现象后果查RPN,风险指标查询,,,简单,故障现象“Structural break”会造成“Structural reassessment”，请给出RPN。,RPN=25,失效模式“Structural break [11]”的RPN是25。,正确,1.0,12.09,QueryIR结构化查询,1.0,1.0,0,,1,,,25.0,,,,25.0,潜在失效模式；潜在失效后果；风险优先数(RPN),49,
1212,1212,Full全量模型,无,风险影响评估类,失效现象后果查RPN,风险指标查询,,,简单,故障现象“Cracks”会造成“Structural failure”，请给出RPN。,RPN=30.57,失效模式“Cracks”的RPN是26。,错误,0.0,8.21,QueryIR结构化查询,1.0,0.0,0,,1,,30.57,,,,,30.57,潜在失效模式；潜在失效后果；风险优先数(RPN),51,
1213,1213,Full全量模型,无,风险影响评估类,失效现象后果查RPN,风险指标查询,,,简单,故障现象“Capsize”会造成“Asset damage Energy production loss”，请给出RPN。,RPN=34.5,失效模式“Capsize [11]”的RPN是27.2。,错误,0.0,9.58,QueryIR结构化查询,1.0,0.0,0,,1,,34.5,,,,,34.5,潜在失效模式；潜在失效后果；风险优先数(RPN),52,
1214,1214,Full全量模型,无,风险影响评估类,失效现象后果查RPN,风险指标查询,,,简单,故障现象“Additional Structures Failures”会造成“Potential failure of landing platform”，请给出RPN。,RPN=31.83,失效模式“Additional Structures Failures”的RPN是40.14。,错误,0.0,8.11,QueryIR结构化查询,1.0,0.0,0,,1,,31.83,,,,,31.83,潜在失效模式；潜在失效后果；风险优先数(RPN),56,
1215,1215,Full全量模型,无,风险影响评估类,失效现象后果查RPN,风险指标查询,,,简单,故障现象“Watertight fault”会造成“Potential Failure/Asset damage Energy production loss”，请给出RPN。,RPN=31.2,失效模式“Watertight fault [1]”的RPN是31.2。,正确,1.0,8.28,QueryIR结构化查询,1.0,1.0,0,,1,,,31.2,,,,31.2,潜在失效模式；潜在失效后果；风险优先数(RPN),57,
1216,1216,Full全量模型,无,风险影响评估类,失效现象后果查RPN,风险指标查询,,,简单,故障现象“Floater unit sinkage”会造成“Potential Failure/Asset damage Energy production loss”，请给出RPN。,RPN=26.86,失效模式“Floater unit sinkage”的RPN是26.86。,正确,1.0,7.95,QueryIR结构化查询,1.0,1.0,0,,1,,,26.86,,,,26.86,潜在失效模式；潜在失效后果；风险优先数(RPN),58,
1217,1217,Full全量模型,无,风险影响评估类,失效现象后果查RPN,风险指标查询,,,简单,故障现象“Watertight fault”会造成“Asset damage Energy production loss/reduced stability”，请给出RPN。,RPN=37.2,失效模式“Watertight fault [1]”的RPN是31.2。,错误,0.0,8.29,QueryIR结构化查询,1.0,0.0,0,,1,,37.2,,,,,37.2,潜在失效模式；潜在失效后果；风险优先数(RPN),60,
1218,1218,Full全量模型,无,风险影响评估类,失效现象后果查RPN,风险指标查询,,,简单,"故障现象“Watertight fault”会造成“If these cracks propagate through the wall and lie under water or within the splash zone, then they constitute a risk to the watertightness.”，请给出RPN。",RPN=30.8,失效模式“Watertight fault [1]”的RPN是31.2。,错误,0.0,8.94,QueryIR结构化查询,1.0,0.0,0,,1,,30.8,,,,,30.8,潜在失效模式；潜在失效后果；风险优先数(RPN),62,
1219,1219,Full全量模型,无,风险影响评估类,失效现象后果查RPN,风险指标查询,,,简单,"故障现象“Additional Structures Failures”会造成“Increased risk of collision, potential damage to the floater”，请给出RPN。",RPN=36.5,失效模式“Additional Structures Failures”的RPN是40.14。,错误,0.0,8.14,QueryIR结构化查询,1.0,0.0,0,,1,,36.5,,,,,36.5,潜在失效模式；潜在失效后果；风险优先数(RPN),63,
1220,1220,Full全量模型,无,风险影响评估类,失效现象后果查RPN,风险指标查询,,,简单,故障现象“Structural break”会造成“Asset damage Energy production loss/reduced stability”，请给出RPN。,RPN=18.8,失效模式“Structural break [11]”的RPN是25。,错误,0.0,9.11,QueryIR结构化查询,1.0,0.0,0,,1,,18.8,,,,,18.8,潜在失效模式；潜在失效后果；风险优先数(RPN),66,
1221,1221,Full全量模型,无,风险影响评估类,失效现象后果查RPN,风险指标查询,,,简单,"故障现象“Structural break”会造成“Watertight fault, Potential Floater Unit sinkage”，请给出RPN。",RPN=36,失效模式“Structural break [11]”的RPN是25。,错误,0.0,8.75,QueryIR结构化查询,1.0,0.0,0,,1,,36.0,,,,,36.0,潜在失效模式；潜在失效后果；风险优先数(RPN),67,
1222,1222,Full全量模型,无,风险影响评估类,失效现象后果查RPN,风险指标查询,,,简单,故障现象“Structural break”会造成“Tower collapse”，请给出RPN。,RPN=33.4,失效模式“Structural break [11]”的RPN是25。,错误,0.0,8.8,QueryIR结构化查询,1.0,0.0,0,,1,,33.4,,,,,33.4,潜在失效模式；潜在失效后果；风险优先数(RPN),68,
1223,1223,Full全量模型,无,风险影响评估类,失效现象后果查RPN,风险指标查询,,,简单,故障现象“Watertight fault”会造成“Reduced stability”，请给出RPN。,RPN=36,失效模式“Watertight fault [1]”的RPN是31.2。,错误,0.0,8.56,QueryIR结构化查询,1.0,0.0,0,,1,,36.0,,,,,36.0,潜在失效模式；潜在失效后果；风险优先数(RPN),73,
1224,1224,Full全量模型,无,风险影响评估类,失效现象后果查RPN,风险指标查询,,,简单,故障现象“Cracks”会造成“Watertight fault”，请给出RPN。,RPN=31.2,失效模式“Cracks”的RPN是26。,错误,0.0,8.12,QueryIR结构化查询,1.0,0.0,0,,1,,31.2,,,,,31.2,潜在失效模式；潜在失效后果；风险优先数(RPN),74,
1225,1225,Full全量模型,无,风险影响评估类,失效现象后果查RPN,风险指标查询,,,简单,故障现象“Anchor failure”会造成“Anchor failure”，请给出RPN。,RPN=34,"失效模式“Anchor failure [1], [17]”的RPN是34。",正确,1.0,8.2,QueryIR结构化查询,1.0,1.0,0,,1,,,34.0,,,,34.0,潜在失效模式；潜在失效后果；风险优先数(RPN),75,
1226,1226,Full全量模型,无,风险影响评估类,失效现象后果查RPN,风险指标查询,,,简单,故障现象“Failure in buoyancy element”会造成“未说明”，请给出RPN。,RPN=29.25,失效模式“Failure in buoyancy element”的RPN是29.25。,正确,1.0,7.89,QueryIR结构化查询,1.0,1.0,0,,1,,,29.25,,,,29.25,潜在失效模式；潜在失效后果；风险优先数(RPN),77,
1227,1227,Full全量模型,无,风险影响评估类,失效现象后果查RPN,风险指标查询,,,简单,故障现象“Failure in clump weight”会造成“未说明”，请给出RPN。,RPN=28.5,失效模式“Failure in clump weight”的RPN是28.5。,正确,1.0,7.51,QueryIR结构化查询,1.0,1.0,0,,1,,,28.5,,,,28.5,潜在失效模式；潜在失效后果；风险优先数(RPN),78,
1228,1228,Full全量模型,无,风险影响评估类,失效现象后果查RPN,风险指标查询,,,简单,故障现象“Fairlead failure”会造成“The anchor cannot be dropped and lift”，请给出RPN。,RPN=30,"失效模式“Fairlead failure [1],[17]”的RPN是30。",正确,1.0,8.42,QueryIR结构化查询,1.0,1.0,0,,1,,,30.0,,,,30.0,潜在失效模式；潜在失效后果；风险优先数(RPN),79,
1229,1229,Full全量模型,无,风险影响评估类,失效现象后果查RPN,风险指标查询,,,简单,故障现象“Monitoring system fails”会造成“Unable to monitor tension in the mooring lines”，请给出RPN。,RPN=13.5,失效模式“Monitoring system fails”的RPN是13.5。,正确,1.0,7.71,QueryIR结构化查询,1.0,1.0,0,,1,,,13.5,,,,13.5,潜在失效模式；潜在失效后果；风险优先数(RPN),81,
1230,1230,Full全量模型,无,风险影响评估类,失效现象后果查RPN,风险指标查询,,,简单,故障现象“Mooring line breakage”会造成“Mooring line strength decrease or broken”，请给出RPN。,RPN=28.8,失效模式“Mooring line breakage[8]”的RPN是20。,错误,0.0,8.64,QueryIR结构化查询,1.0,0.0,0,,1,,28.8,,,,,28.8,潜在失效模式；潜在失效后果；风险优先数(RPN),82,
1231,1231,Full全量模型,无,风险影响评估类,失效现象后果查RPN,风险指标查询,,,简单,故障现象“Mooring Line Corrosion”会造成“Mooring line strength decrease or broken”，请给出RPN。,RPN=29.2,失效模式“Mooring Line Corrosion [1]”的RPN是29.2。,正确,1.0,8.29,QueryIR结构化查询,1.0,1.0,0,,1,,,29.2,,,,29.2,潜在失效模式；潜在失效后果；风险优先数(RPN),85,
1232,1232,Full全量模型,无,风险影响评估类,失效现象后果查RPN,风险指标查询,,,简单,故障现象“Mooring Line Fatigue”会造成“Mooring line strength decrease or broken”，请给出RPN。,RPN=29.6,失效模式“Mooring Line Fatigue [1]”的RPN是29.6。,正确,1.0,8.45,QueryIR结构化查询,1.0,1.0,0,,1,,,29.6,,,,29.6,潜在失效模式；潜在失效后果；风险优先数(RPN),86,
1233,1233,Full全量模型,无,风险影响评估类,失效现象后果查RPN,风险指标查询,,,简单,故障现象“Mooring line wear”会造成“Mooring line strength decrease or broken”，请给出RPN。,RPN=35.6,失效模式“Mooring line wear [1]”的RPN是35.6。,正确,1.0,8.05,QueryIR结构化查询,1.0,1.0,0,,1,,,35.6,,,,35.6,潜在失效模式；潜在失效后果；风险优先数(RPN),88,
1234,1234,Full全量模型,无,风险影响评估类,失效现象后果查RPN,风险指标查询,,,简单,故障现象“Mooring lines broken”会造成“Asset not in correct location or position”，请给出RPN。,RPN=24.8,"失效模式“Mooring lines broken [1,3]”的RPN是24.8。",正确,1.0,7.99,QueryIR结构化查询,1.0,1.0,0,,1,,,24.8,,,,24.8,潜在失效模式；潜在失效后果；风险优先数(RPN),91,
1235,1235,Full全量模型,无,风险影响评估类,失效现象后果查RPN,风险指标查询,,,简单,故障现象“Mooring winch failure”会造成“Asset not in correct location or position”，请给出RPN。,RPN=21.6,失效模式“Mooring winch failure [1]”的RPN是21.6。,正确,1.0,7.83,QueryIR结构化查询,1.0,1.0,0,,1,,,21.6,,,,21.6,潜在失效模式；潜在失效后果；风险优先数(RPN),95,
1236,1236,Full全量模型,无,风险影响评估类,失效现象后果查RPN,风险指标查询,,,简单,故障现象“accelerated mechanical fatigue”会造成“Structural damage - cable composition weakening”，请给出RPN。,RPN=30.25,失效模式“accelerated mechanical fatigue”的RPN是30.25。,正确,1.0,7.57,QueryIR结构化查询,1.0,1.0,0,,1,,,30.25,,,,30.25,潜在失效模式；潜在失效后果；风险优先数(RPN),97,
1237,1237,Full全量模型,无,风险影响评估类,失效现象后果查RPN,风险指标查询,,,简单,故障现象“anchoring damages”会造成“Structural integrity damage - extra stress on cables”，请给出RPN。,RPN=20,失效模式“anchoring damages”的RPN是20。,正确,1.0,7.25,QueryIR结构化查询,1.0,1.0,0,,1,,,20.0,,,,20.0,潜在失效模式；潜在失效后果；风险优先数(RPN),98,
1238,1238,Full全量模型,无,风险影响评估类,失效现象后果查RPN,风险指标查询,,,简单,故障现象“Cable Damage”会造成“Operational disruption”，请给出RPN。,RPN=32,失效模式“Cable Damage”的RPN是32。,正确,1.0,7.11,QueryIR结构化查询,1.0,1.0,0,,1,,,32.0,,,,32.0,潜在失效模式；潜在失效后果；风险优先数(RPN),99,
1239,1239,Full全量模型,无,风险影响评估类,失效现象后果查RPN,风险指标查询,,,简单,故障现象“Corrosion of J-tube”会造成“J-tube degradation affecting cable integrity”，请给出RPN。,RPN=22.5,失效模式“Corrosion of J-tube [6]”的RPN是22.5。,正确,1.0,8.0,QueryIR结构化查询,1.0,1.0,0,,1,,,22.5,,,,22.5,潜在失效模式；潜在失效后果；风险优先数(RPN),100,
1240,1240,Full全量模型,无,风险影响评估类,失效现象后果查RPN,风险指标查询,,,简单,故障现象“Crushing or deformation”会造成“Structural damage - cable weakening”，请给出RPN。,RPN=24,失效模式“Crushing or deformation”的RPN是24。,正确,1.0,7.21,QueryIR结构化查询,1.0,1.0,0,,1,,,24.0,,,,24.0,潜在失效模式；潜在失效后果；风险优先数(RPN),102,
1241,1241,Full全量模型,无,风险影响评估类,失效现象后果查RPN,风险指标查询,,,简单,故障现象“damage and corrosion of mechanical parts”会造成“High risk of fault on the cable - total loss of the line Prodution loss on the string”，请给出RPN。,RPN=24,失效模式“damage and corrosion of mechanical parts”的RPN是24。,正确,1.0,7.73,QueryIR结构化查询,1.0,1.0,0,,1,,,24.0,,,,24.0,潜在失效模式；潜在失效后果；风险优先数(RPN),103,
1242,1242,Full全量模型,无,风险影响评估类,失效现象后果查RPN,风险指标查询,,,简单,故障现象“Debris disturbance”会造成“Cable damage - operational disruption”，请给出RPN。,RPN=16,失效模式“Debris disturbance”的RPN是16。,正确,1.0,7.24,QueryIR结构化查询,1.0,1.0,0,,1,,,16.0,,,,16.0,潜在失效模式；潜在失效后果；风险优先数(RPN),104,
1243,1243,Full全量模型,无,风险影响评估类,失效现象后果查RPN,风险指标查询,,,简单,故障现象“Detachment”会造成“cable disconnection - water penetration - Power loss”，请给出RPN。,RPN=18.5,失效模式“Detachment”的RPN是18.5。,正确,1.0,7.25,QueryIR结构化查询,1.0,1.0,0,,1,,,18.5,,,,18.5,潜在失效模式；潜在失效后果；风险优先数(RPN),105,
1244,1244,Full全量模型,无,风险影响评估类,失效现象后果查RPN,风险指标查询,,,简单,故障现象“Failure of end termination”会造成“breakdown of insulation”，请给出RPN。,RPN=25.2,失效模式“Failure of end termination [6]”的RPN是25.2。,正确,1.0,7.95,QueryIR结构化查询,1.0,1.0,0,,1,,,25.2,,,,25.2,潜在失效模式；潜在失效后果；风险优先数(RPN),106,
1245,1245,Full全量模型,无,风险影响评估类,失效现象后果查RPN,风险指标查询,,,简单,故障现象“Failure of fixing clamps”会造成“Cable damage - exposure to elements”，请给出RPN。,RPN=28,失效模式“Failure of fixing clamps”的RPN是28。,正确,1.0,7.24,QueryIR结构化查询,1.0,1.0,0,,1,,,28.0,,,,28.0,潜在失效模式；潜在失效后果；风险优先数(RPN),109,
1246,1246,Full全量模型,无,风险影响评估类,失效现象后果查RPN,风险指标查询,,,简单,故障现象“Failure of insulations”会造成“Fault in the cable - power disruption”，请给出RPN。,RPN=25.6,失效模式“Failure of insulations”的RPN是25.6。,正确,1.0,7.49,QueryIR结构化查询,1.0,1.0,0,,1,,,25.6,,,,25.6,潜在失效模式；潜在失效后果；风险优先数(RPN),110,
1247,1247,Full全量模型,无,风险影响评估类,失效现象后果查RPN,风险指标查询,,,简单,故障现象“Failure of sheath”会造成“Fault in the cable - exposure to elements”，请给出RPN。,RPN=31.6,失效模式“Failure of sheath”的RPN是31.6。,正确,1.0,7.19,QueryIR结构化查询,1.0,1.0,0,,1,,,31.6,,,,31.6,潜在失效模式；潜在失效后果；风险优先数(RPN),111,
1248,1248,Full全量模型,无,风险影响评估类,失效现象后果查RPN,风险指标查询,,,简单,故障现象“Failure of watertightness”会造成“Reduced or interupted electricity flow”，请给出RPN。,RPN=30.2,失效模式“Failure of watertightness”的RPN是30.2。,正确,1.0,7.24,QueryIR结构化查询,1.0,1.0,0,,1,,,30.2,,,,30.2,潜在失效模式；潜在失效后果；风险优先数(RPN),112,
1249,1249,Full全量模型,无,风险影响评估类,失效现象后果查RPN,风险指标查询,,,简单,故障现象“failures of conductors”会造成“Electrical faults - loss of production”，请给出RPN。,RPN=25,失效模式“failures of conductors”的RPN是25。,正确,1.0,7.44,QueryIR结构化查询,1.0,1.0,0,,1,,,25.0,,,,25.0,潜在失效模式；潜在失效后果；风险优先数(RPN),114,
1250,1250,Full全量模型,无,风险影响评估类,失效现象后果查RPN,风险指标查询,,,简单,故障现象“Fatigue Cracks”会造成“Crack may evolve in a fault of the cable - Cable weakening”，请给出RPN。,RPN=35.6,失效模式“Cracks”的RPN是26。,错误,0.0,8.83,QueryIR结构化查询,0.0,0.0,0,,1,,35.6,,,,,35.6,潜在失效模式；潜在失效后果；风险优先数(RPN),115,
1251,1251,Full全量模型,无,风险影响评估类,失效现象后果查RPN,风险指标查询,,,简单,"故障现象“Geo-Hazards”会造成“Cable damage, production disruption”，请给出RPN。",RPN=32,失效模式“Geo-Hazards”的RPN是32。,正确,1.0,8.82,QueryIR结构化查询,1.0,1.0,0,,1,,,32.0,,,,32.0,潜在失效模式；潜在失效后果；风险优先数(RPN),116,
1252,1252,Full全量模型,无,风险影响评估类,失效现象后果查RPN,风险指标查询,,,简单,故障现象“Loss of dynamic positioning”会造成“Cables stress”，请给出RPN。,RPN=26,失效模式“Loss of dynamic positioning”的RPN是26。,正确,1.0,7.86,QueryIR结构化查询,1.0,1.0,0,,1,,,26.0,,,,26.0,潜在失效模式；潜在失效后果；风险优先数(RPN),117,
1253,1253,Full全量模型,无,风险影响评估类,失效现象后果查RPN,风险指标查询,,,简单,故障现象“Loss of float bility (water adsorption)”会造成“未说明”，请给出RPN。,RPN=24,失效模式“Loss of float bility (water adsorption)”的RPN是24。,正确,1.0,7.8,QueryIR结构化查询,1.0,1.0,0,,1,,,24.0,,,,24.0,潜在失效模式；潜在失效后果；风险优先数(RPN),118,
1254,1254,Full全量模型,无,风险影响评估类,失效现象后果查RPN,风险指标查询,,,简单,故障现象“material degradation”会造成“Weakening of cable materials - loss of production”，请给出RPN。,RPN=18.5,失效模式“material degradation”的RPN是18.5。,正确,1.0,8.13,QueryIR结构化查询,1.0,1.0,0,,1,,,18.5,,,,18.5,潜在失效模式；潜在失效后果；风险优先数(RPN),119,
1255,1255,Full全量模型,无,风险影响评估类,失效现象后果查RPN,风险指标查询,,,简单,故障现象“Mechanical degradation”会造成“未说明”，请给出RPN。,RPN=12,失效模式“Mechanical degradation [20]”的RPN是12。,正确,1.0,8.22,QueryIR结构化查询,1.0,1.0,0,,1,,,12.0,,,,12.0,潜在失效模式；潜在失效后果；风险优先数(RPN),120,
1256,1256,Full全量模型,无,风险影响评估类,失效现象后果查RPN,风险指标查询,,,简单,故障现象“Movement of CPS due to scour/seabed mobility”会造成“Cable being vulnerable to scour and need for repair or replacement”，请给出RPN。,RPN=38.4,失效模式“Movement of CPS due to scour/seabed mobility [6]”的RPN是38.4。,正确,1.0,8.85,QueryIR结构化查询,1.0,1.0,0,,1,,,38.4,,,,38.4,潜在失效模式；潜在失效后果；风险优先数(RPN),121,
1257,1257,Full全量模型,无,风险影响评估类,失效现象后果查RPN,风险指标查询,,,简单,"故障现象“Premature damage of outer protection layer”会造成“Structural damage - cable weakening, exposure to elements”，请给出RPN。",RPN=29,失效模式“Premature damage of outer protection layer”的RPN是29。,正确,1.0,8.2,QueryIR结构化查询,1.0,1.0,0,,1,,,29.0,,,,29.0,潜在失效模式；潜在失效后果；风险优先数(RPN),124,
1258,1258,Full全量模型,无,风险影响评估类,失效现象后果查RPN,风险指标查询,,,简单,"故障现象“Reduced sediment cover lower than designed value for protection”会造成“need for re-burial, change of cable protection requirement or even replacement of cable”，请给出RPN。",RPN=28.6,失效模式“Reduced sediment cover lower than designed value for protection [6]”的RPN是28.6。,正确,1.0,9.03,QueryIR结构化查询,1.0,1.0,0,,1,,,28.6,,,,28.6,潜在失效模式；潜在失效后果；风险优先数(RPN),125,
1259,1259,Full全量模型,无,风险影响评估类,失效现象后果查RPN,风险指标查询,,,简单,故障现象“Small bending radius”会造成“Cable damage - insulation degradation”，请给出RPN。,RPN=28.6,失效模式“Small bending radius”的RPN是28.6。,正确,1.0,7.78,QueryIR结构化查询,1.0,1.0,0,,1,,,28.6,,,,28.6,潜在失效模式；潜在失效后果；风险优先数(RPN),128,
1260,1260,Full全量模型,无,风险影响评估类,项目失效现象查后果与RPN,后果与风险指标查询,,,中等,在“Tower / Tower / Primary steelwork”中，失效模式“Abnormal vibration”的风险影响如何？请给出后果和RPN。,Excessive Fatigue Life Consumption；RPN=33.33,"匹配到4条记录：1) FMEA编号=TO1；项目/功能=Tower / Tower (TO) / Primary steelwork；失效模式=Abnormal vibration；失效原因=Design phase; Resonance occurs when the natural frequency of the tower or other components of the wind turbine matches the frequency of the wind or other external forces.；失效后果=Excessive Fatigue Life Consumption；S=4.4；O=3；D=2.5；RPN=33.33；建议措施=-；2) FMEA编号=TO2；项目/功能=Tower / Tower (TO) / Primary steelwork；失效模式=Abnormal vibration；失效原因=Environmental condition; Resonance occurs when the natural frequency of the tower or other components of the wind turbine matches the frequency of the wind or other external forces.；失效后果=Excessive Fatigue Life Consumption；S=4.4；O=3；D=2.5；RPN=33.33；建议措施=-；3) FMEA编号=TO3；项目/功能=Tower / Tower (TO) / Primary steelwork；失效模式=Abnormal vibration；失效原因=Installation phase; Faulty welding of Tower [10,15]；失效后果=Potential collapse；S=3.75；O=2.2；D=3；RPN=12.67；建议措施=-；4) FMEA编号=TO4；项目/功能=Tower / Tower (TO) / Primary steelwork；失效模式=Abnormal vibration；失效原因=Maintenance phase; Due to poor inspection Faulty welding of Tower couldn't be detected before getting severe [10,15]；失效后果=Potential collapse；S=4.2；O=2；D=3；RPN=31；建议措施=-。",正确,1.0,22.55,确定性规则问答,1.0,1.0,0,,4,,,33.33；33.33,,,Excessive Fatigue Life Consumption,33.33,项目/功能；潜在失效模式；潜在失效后果；风险优先数(RPN),0,
1261,1261,Full全量模型,无,风险影响评估类,项目失效现象查后果与RPN,后果与风险指标查询,,,中等,在“Tower / Tower / Primary steelwork”中，失效模式“Cracks”的风险影响如何？请给出后果和RPN。,Failure of whole facility and vast economic loses；RPN=26,"匹配到14条记录：1) FMEA编号=TO10；项目/功能=Tower / Tower (TO) / Primary steelwork；失效模式=Cracks；失效原因=Fabrication; Material fatigue due to insufficient manufacturing quality [15]；失效后果=Potential collapse；S=4；O=2.25；D=3.67；RPN=40；建议措施=-；2) FMEA编号=TO12；项目/功能=Tower / Tower (TO) / Primary steelwork；失效模式=Cracks；失效原因=Installation phase; Installation phase stress/fatigue due to waves, wind, and process. Incorrect installation/error can cause stress concentration and fatigue. [11]；失效后果=Potential collapse；S=4；O=2.8；D=3.75；RPN=30；建议措施=-；3) FMEA编号=TO13；项目/功能=Tower / Tower (TO) / Primary steelwork；失效模式=Cracks；失效原因=Maintenance phase; Corrosion due to lack of regular inspection and maintenance to prevent critical steps and failure [11]；失效后果=Potential collapse；S=3.75；O=3；D=2.67；RPN=40.75；建议措施=-；4) FMEA编号=TO14；项目/功能=Tower / Tower (TO) / Primary steelwork；失效模式=Cracks；失效原因=Operation phase; Repeated or cyclic loading and unloading of the tower over a long period of time can cause cracks caused by plastic deformation [11]；失效后果=Potential collapse；S=4.33；O=2；D=2.67；RPN=33.5；建议措施=-；5) FMEA编号=TO15；项目/功能=Tower / Tower (TO) / Primary steelwork；失效模式=Cracks；失效原因=Maintenance phase; Blade replacements, repairs, and corrosion mitigation can add stress. Improper execution can lead to damage and fatigue. [11]；失效后果=Potential collapse；S=3.67；O=2.33；D=3；RPN=30；建议措施=-；6) FMEA编号=TO16；项目/功能=Tower / Tower (TO) / Primary steelwork；失效模式=Cracks；失效原因=Design phase; Braking system failure due to wrong estimation of operating conditions [15]；失效后果=Failure of whole facility and vast economic loses；S=4.25；O=1.75；D=3；RPN=26；建议措施=-；7) FMEA编号=TO17；项目/功能=Tower / Tower (TO) / Primary steelwork；失效模式=Cracks；失效原因=Environmental condition; Lightning strikes[9]；失效后果=Failure of the WTG/Major repair campaign/Structure reassessment；S=3.8；O=2.4；D=3；RPN=25.5；建议措施=-；8) FMEA编号=TO18；项目/功能=Tower / Tower (TO) / Primary steelwork；失效模式=Cracks；失效原因=Design phase; Lightning strikes damages due to inefficient lightning prevention system [9]；失效后果=Failure of whole facility and vast economic loses；S=4；O=2.4；D=3.25；RPN=33.33；建议措施=-；9) FMEA编号=TO19；项目/功能=Tower / Tower (TO) / Primary steelwork；失效模式=Cracks；失效原因=Manufacturing; Hit by blades due to poor manufacturing quality control [9]；失效后果=Failure of whole facility and vast economic loses；S=4；O=1.5；D=2.67；RPN=23.33；建议措施=-；10) FMEA编号=TO20；项目/功能=Tower / Tower (TO) / Primary steelwork；失效模式=Cracks；失效原因=Maintenance; Hit by blades due to poor maintenance and inspection leading to undetected wear and damage [15]；失效后果=Failure of whole facility and vast economic loses；S=4；O=2；D=2.67；RPN=26.5；建议措施=-；11) FMEA编号=TO21；项目/功能=Tower / Tower (TO) / Primary steelwork；失效模式=Cracks；失效原因=due to Operation; Hit by blades due to human error or operational failure [15]；失效后果=Failure of whole facility and vast economic loses；S=4.25；O=1.5；D=3.33；RPN=27；建议措施=-；12) FMEA编号=TO5；项目/功能=Tower / Tower (TO) / Primary steelwork；失效模式=Cracks；失效原因=Environmental loads; The interaction between the blades and the tower can cause pressure fluctuations, leading to cyclic fatigue [14]；失效后果=Failure of whole facility and vast economic loses；S=3.8；O=2；D=3；RPN=26；建议措施=High-fidelity coupled aero-hydro-elastic simulation in design updates; Thicker shell sections / local reinforcement；13) FMEA编号=TO6；项目/功能=Tower / Tower (TO) / Primary steelwork；失效模式=Cracks；失效原因=Environmental loads; Material fatigue due to high waves and high frequency of loads [1]；失效后果=Failure of whole facility and vast economic loses；S=4.4；O=2.6；D=3.2；RPN=25.25；建议措施=Enhanced SHM: acoustic emission, strain gauges, modal monitoring; -; High-fidelity coupled aero-hydro-elastic simulation in design updates; Weld detail optimization and hotspot redesign；14) FMEA编号=TO7；项目/功能=Tower / Tower (TO) / Primary steelwork；失效模式=Cracks；失效原因=Environmental condition; Cyclic wind/wave loading (above design assumption)creates stress concentrations and fatigue. [11]；失效后果=Potential collapse；S=4.4；O=2.8；D=3.2；RPN=30；建议措施=Weld detail optimization and hotspot redesign; Enhanced SHM: acoustic emission, strain gauges, modal monitoring; Thicker shell sections / local reinforcement; High-fidelity coupled aero-hydro-elastic simulation in design updates。",正确,1.0,22.05,确定性规则问答,1.0,1.0,1,,14,,,26.0；26.0,,8.0,Failure of whole facility and vast economic loses,26.0,项目/功能；潜在失效模式；潜在失效后果；风险优先数(RPN),4,
1262,1262,Full全量模型,无,风险影响评估类,项目失效现象查后果与RPN,后果与风险指标查询,,,中等,在“Tower / Tower / Primary structure & welding”中，失效模式“Cracks”的风险影响如何？请给出后果和RPN。,Potential collapse；RPN=21.8,"匹配到2条记录：1) FMEA编号=TO8；项目/功能=Tower / Tower (TO) / Primary structure & welding；失效模式=Cracks；失效原因=Design phase; Welding failure due to Poor design or inadequate specification of welding procedures considering harsh environmental condition [1,15]；失效后果=Potential collapse；S=4；O=2.25；D=3.67；RPN=21.8；建议措施=-；2) FMEA编号=TO9；项目/功能=Tower / Tower (TO) / Primary structure & welding；失效模式=Cracks；失效原因=Manufacturing; Welding failure due to Poor design or inadequate specification of welding procedures considering harsh environmental condition [1,15]；失效后果=Potential collapse；S=4；O=2.25；D=3.67；RPN=38；建议措施=-。",正确,1.0,19.2,确定性规则问答,1.0,1.0,1,,2,,,21.8,,2.0；2.0,Potential collapse,21.8,项目/功能；潜在失效模式；潜在失效后果；风险优先数(RPN),7,
1263,1263,Full全量模型,无,风险影响评估类,项目失效现象查后果与RPN,后果与风险指标查询,,,中等,在“Tower / Tower / Welding”中，失效模式“Cracks”的风险影响如何？请给出后果和RPN。,Potential collapse；RPN=33.33,"匹配到1条记录：1) FMEA编号=TO11；项目/功能=Tower / Tower (TO) / Welding；失效模式=Cracks；失效原因=Fabrication; Welding failure due to Poor quality control during the welding process [1,10]；失效后果=Potential collapse；S=4；O=2.25；D=3.67；RPN=33.33；建议措施=-。",正确,1.0,18.24,确定性规则问答,1.0,1.0,0,,1,,,33.33,,,Potential collapse,33.33,项目/功能；潜在失效模式；潜在失效后果；风险优先数(RPN),10,
1264,1264,Full全量模型,无,风险影响评估类,项目失效现象查后果与RPN,后果与风险指标查询,,,中等,在“Tower / Tower / Primary steelwork”中，失效模式“Plastic deformation”的风险影响如何？请给出后果和RPN。,Potential collapse；RPN=25.67,"匹配到2条记录：1) FMEA编号=TO22；项目/功能=Tower / Tower (TO) / Primary steelwork；失效模式=Plastic deformation；失效原因=Manufacturing; Inadequate quality control during the manufacturing process may create structural weaknesses or defects in the tower, causing plastic deformation over time. [11]；失效后果=Potential collapse；S=4；O=2.25；D=3；RPN=25.67；建议措施=-；2) FMEA编号=TO23；项目/功能=Tower / Tower (TO) / Primary steelwork；失效模式=Plastic deformation；失效原因=Design phase; Plastic deformation due to insufficient yield strength and lack of detailed stress analysis and simulations [13]；失效后果=Potential collapse；S=4.4；O=2.2；D=2.8；RPN=18；建议措施=Operational limits & control strategies for extreme motions; Blade–tower clearance and control optimization for extreme motions; High-fidelity coupled aero-hydro-elastic simulation in design updates。",正确,1.0,16.75,确定性规则问答,1.0,1.0,1,,2,,,25.67,,2.0；2.0,Potential collapse,25.67,项目/功能；潜在失效模式；潜在失效后果；风险优先数(RPN),21,
1265,1265,Full全量模型,无,风险影响评估类,项目失效现象查后果与RPN,后果与风险指标查询,,,中等,在“Tower / Tower / Primary steelwork”中，失效模式“Tower collapse”的风险影响如何？请给出后果和RPN。,Failure of whole facility and vast economic loses；RPN=21.33,匹配到1条记录：1) FMEA编号=TO24；项目/功能=Tower / Tower (TO) / Primary steelwork；失效模式=Tower collapse；失效原因=Operation phase; Mooring system failure can lead to direct tower collapse [1]；失效后果=Failure of whole facility and vast economic loses；S=5；O=1.5；D=3.33；RPN=21.33；建议措施=-。,正确,1.0,12.84,确定性规则问答,1.0,1.0,0,,1,,,21.33,,,Failure of whole facility and vast economic loses,21.33,项目/功能；潜在失效模式；潜在失效后果；风险优先数(RPN),23,
1266,1266,Full全量模型,无,风险影响评估类,项目失效现象查后果与RPN,后果与风险指标查询,,,中等,在“Transition piece / Transition Piece / Primary structure & welding”中，失效模式“Transition piece break”的风险影响如何？请给出后果和RPN。,"Tower Unit collapse, Floater Unit damage；RPN=36.5","匹配到4条记录：1) FMEA编号=TP1；项目/功能=Transition piece / Transition Piece (TP) / Primary structure & welding；失效模式=Transition piece break；失效原因=Design; Analysis and calculation fault due to human error [11]；失效后果=Tower Unit collapse, Floater Unit damage；S=4.75；O=2.5；D=3；RPN=36.5；建议措施=Interface redesign to reduce stress concentrations (fillets, radii); High-fidelity coupled analysis of TP–tower–floater interaction; Improve engineering skills；2) FMEA编号=TP16；项目/功能=Transition piece / Transition Piece (TP) / Primary structure & welding；失效模式=Transition piece break；失效原因=Design; Under-designed structure/ Component due to human error/Insufficient environmental data；失效后果=Tower Unit collapse, Floater Unit damage；S=5；O=1.67；D=2.67；RPN=25.67；建议措施=High-fidelity coupled analysis of TP–tower–floater interaction; Design requalification for extreme storms (updated metocean; load cases); High-fidelity coupled aero-hydro-elastic simulation in design updates；3) FMEA编号=TP17；项目/功能=Transition piece / Transition Piece (TP) / Primary structure & welding；失效模式=Transition piece break；失效原因=Operation and Maintenance; Undetected defects and poor quality control [11]；失效后果=Tower Unit collapse, Floater Unit damage；S=4.67；O=1.67；D=3.33；RPN=37.5；建议措施=SHM for TP connections (strain gauges, acoustic emission, bolt preload monitoring); Welding quality assurance and NDT enhancement (phased-array UT)；4) FMEA编号=TP5；项目/功能=Transition piece / Transition Piece (TP) / Primary structure & welding；失效模式=Transition piece break；失效原因=Environmental condition; Design parameters superseded due to climate change [11]；失效后果=Tower Unit collapse, Floater Unit damage；S=5；O=2；D=2.67；RPN=31；建议措施=High-fidelity coupled analysis of TP–tower–floater interaction; Design requalification for extreme storms (updated metocean; load cases); Improved metocean data measurements。",正确,1.0,12.97,确定性规则问答,1.0,1.0,1,,4,,,36.5,,4.0；4.0,"Tower Unit collapse, Floater Unit damage",36.5,项目/功能；潜在失效模式；潜在失效后果；风险优先数(RPN),24,
1267,1267,Full全量模型,无,风险影响评估类,项目失效现象查后果与RPN,后果与风险指标查询,,,中等,在“Transition piece / Transition Piece / Primary structure”中，失效模式“Transition piece break”的风险影响如何？请给出后果和RPN。,"tension failure (rupture), buckling of the transition piece/ Tower unit damage；RPN=33","匹配到1条记录：1) FMEA编号=TP2；项目/功能=Transition piece / Transition Piece (TP) / Primary structure；失效模式=Transition piece break；失效原因=Operation and Maintenance; Brittle fracture due to extreme environmental temperature, leading to a shift in the ductile-to-brittle transition temperature [16]；失效后果=tension failure (rupture), buckling of the transition piece/ Tower unit damage；S=4.25；O=2.25；D=3.25；RPN=33；建议措施=SHM for TP connections (strain gauges, acoustic emission, bolt preload monitoring); Design requalification for extreme storms (updated metocean; load cases); -。",正确,1.0,12.78,确定性规则问答,1.0,1.0,0,,1,,,33.0,,,"tension failure (rupture), buckling of the transition piece/ Tower unit damage",33.0,项目/功能；潜在失效模式；潜在失效后果；风险优先数(RPN),25,
1268,1268,Full全量模型,无,风险影响评估类,项目失效现象查后果与RPN,后果与风险指标查询,,,中等,在“Transition piece / Transition Piece / Primary stucture”中，失效模式“Structural plastic deformation”的风险影响如何？请给出后果和RPN。,Local stress accumulation；RPN=32,"匹配到3条记录：1) FMEA编号=TP12；项目/功能=Transition piece / Transition Piece (TP) / Primary stucture；失效模式=Structural plastic deformation；失效原因=Maintenance; Plastic deformation can occur due to the application of excessive force or improper handling of the structure. [1]；失效后果=Local stress accumulation；S=3.67；O=2.33；D=3；RPN=28；建议措施=-；2) FMEA编号=TP3；项目/功能=Transition piece / Transition Piece (TP) / Primary stucture；失效模式=Structural plastic deformation；失效原因=Operation; Changes in wave spectra can cause increased loads, resonance, and stress concentrations, leading to plastic deformation in offshore wind turbines. [11]；失效后果=Local stress accumulation；S=4；O=2.5；D=3；RPN=32；建议措施=SHM for TP connections (strain gauges, acoustic emission, bolt preload monitoring); Design requalification for extreme storms (updated metocean; load cases); High-fidelity coupled analysis of TP–tower–floater interaction; -；3) FMEA编号=TP7；项目/功能=Transition piece / Transition Piece (TP) / Primary stucture；失效模式=Structural plastic deformation；失效原因=Installation; During installation, plastic deformation can occur due to processes like welding and bending [1]；失效后果=Local stress accumulation；S=3.67；O=2.67；D=3；RPN=24；建议措施=-。",正确,1.0,12.85,确定性规则问答,1.0,1.0,1,,3,,,32.0,,2.0,Local stress accumulation,32.0,项目/功能；潜在失效模式；潜在失效后果；风险优先数(RPN),26,
1269,1269,Full全量模型,无,风险影响评估类,项目失效现象查后果与RPN,后果与风险指标查询,,,中等,在“Transition piece / Transition Piece / Primary structure & welding”中，失效模式“Cracks”的风险影响如何？请给出后果和RPN。,Tower transition piece connections failure / resonance；RPN=29,"匹配到5条记录：1) FMEA编号=TP14；项目/功能=Transition piece / Transition Piece (TP) / Primary structure & welding；失效模式=Cracks；失效原因=Maintenance; The transition piece may be subjected to large forces from lifting and handling equipment during maintenance, which are not considered in design assumptions [11]；失效后果=Tower transition piece connections failure；S=3.33；O=2；D=3.67；RPN=23.33；建议措施=-；2) FMEA编号=TP15；项目/功能=Transition piece / Transition Piece (TP) / Primary structure & welding；失效模式=Cracks；失效原因=Installation; Transition piece may be subjected to large forces from wave, wind, and vessel motion during installation. [10]；失效后果=Tower transition piece connections failure/ displacement variations between tower end；S=3.33；O=2.33；D=3.33；RPN=26；建议措施=-；3) FMEA编号=TP18；项目/功能=Transition piece / Transition Piece (TP) / Primary structure & welding；失效模式=Cracks；失效原因=Fabrication; Welding and heat treatment could induce fatigue cracks in fabrication process. [1]；失效后果=Tower transition piece connections failure；S=3.33；O=2.33；D=3.33；RPN=24；建议措施=-；4) FMEA编号=TP4；项目/功能=Transition piece / Transition Piece (TP) / Primary structure & welding；失效模式=Cracks；失效原因=Operation; Cycling loading could cause microstructural changes in the material and eventually lead to fatigue crack initiation [1,15]；失效后果=Tower transition piece connections failure / resonance；S=3.5；O=2.5；D=3.75；RPN=29；建议措施=-；5) FMEA编号=TP9；项目/功能=Transition piece / Transition Piece (TP) / Primary structure & welding；失效模式=Cracks；失效原因=Environmental Loads; Extreme environmental conditions like hurricanes or storm surges can subject the transition piece to large forces that exceed their design limits [10,11,15]；失效后果=Tower transition piece connections failure/ displacement variations between tower end；S=4；O=2.5；D=3；RPN=38；建议措施=Design requalification for extreme storms (updated metocean; load cases); High-fidelity coupled aero-hydro-elastic simulation in design updates。",正确,1.0,13.06,确定性规则问答,1.0,1.0,1,,5,,,29.0,,5.0；5.0,Tower transition piece connections failure / resonance,29.0,项目/功能；潜在失效模式；潜在失效后果；风险优先数(RPN),27,
1270,1270,Full全量模型,无,风险影响评估类,项目失效现象查后果与RPN,后果与风险指标查询,,,中等,在“Transition piece / Transition Piece / Primary structure & welding”中，失效模式“Abnormal vibration”的风险影响如何？请给出后果和RPN。,potential tower connections failure；RPN=35.25,匹配到2条记录：1) FMEA编号=TP11；项目/功能=Transition piece / Transition Piece (TP) / Primary structure & welding；失效模式=Abnormal vibration；失效原因=Maintenance; Misalignments or looseness in the connections between the tower and the foundation or inadequate bracing can cause abnormal vibration in the transition piece [12]；失效后果=potential tower connections failure；S=4；O=2.33；D=2.67；RPN=24.67；建议措施=-；2) FMEA编号=TP6；项目/功能=Transition piece / Transition Piece (TP) / Primary structure & welding；失效模式=Abnormal vibration；失效原因=Operation; due to unbalanced loads or wind-induced vibrations. [11]；失效后果=potential tower connections failure；S=4.25；O=2.75；D=3；RPN=35.25；建议措施=-。,正确,1.0,12.9,确定性规则问答,1.0,1.0,1,,2,,,35.25,,2.0；2.0,potential tower connections failure,35.25,项目/功能；潜在失效模式；潜在失效后果；风险优先数(RPN),29,
1271,1271,Full全量模型,无,风险影响评估类,项目失效现象查后果与RPN,后果与风险指标查询,,,中等,在“Transition piece / Transition Piece / Primary structure”中，失效模式“Cracks”的风险影响如何？请给出后果和RPN。,Tower transition piece connections failure；RPN=21.67,匹配到1条记录：1) FMEA编号=TP8；项目/功能=Transition piece / Transition Piece (TP) / Primary structure；失效模式=Cracks；失效原因=Installation; During Transportation and installation transition piece may be subjected to bending and twisting loads which could lead to fatigue cracks；失效后果=Tower transition piece connections failure；S=3.75；O=2.5；D=3.25；RPN=21.67；建议措施=-。,正确,1.0,12.87,确定性规则问答,1.0,1.0,0,,1,,,21.67,,,Tower transition piece connections failure,21.67,项目/功能；潜在失效模式；潜在失效后果；风险优先数(RPN),31,
1272,1272,Full全量模型,无,风险影响评估类,项目失效现象查后果与RPN,后果与风险指标查询,,,中等,在“Transition piece / Transition Piece / Welding”中，失效模式“Cracks”的风险影响如何？请给出后果和RPN。,potential tower connections failure；RPN=24.67,"匹配到5条记录：1) FMEA编号=TP10；项目/功能=Transition piece / Transition Piece (TP) / Welding；失效模式=Cracks；失效原因=Fabrication; Improper surface preparation before applying a protective coating or performing welding repairs like cleaning the surface with solvent and treating the surface with a rust inhibitor or primer for improving the adhesion can cause corrosion and crack propagation. [15]；失效后果=potential tower connections failure；S=3；O=3；D=2.67；RPN=24.67；建议措施=-；2) FMEA编号=TP13；项目/功能=Transition piece / Transition Piece (TP) / Welding；失效模式=Cracks；失效原因=Maintenance; Repairing welding during maintenance can introduce residual stresses, leading to crack initiation [11]；失效后果=Tower transition piece connections failure；S=3.33；O=2.67；D=3；RPN=26；建议措施=-；3) FMEA编号=TP19；项目/功能=Transition piece / Transition Piece (TP) / Welding；失效模式=Cracks；失效原因=Maintenance; Welding and heat treatment during maintenance can add more residual stresses and increase the likelihood of fatigue crack in the welds and heat-affected areas. [11]；失效后果=Tower transition piece connections failure；S=3.5；O=2.5；D=4；RPN=30.25；建议措施=-；4) FMEA编号=TP20；项目/功能=Transition piece / Transition Piece (TP) / Welding；失效模式=Cracks；失效原因=Maintenance; Welding failure due to corrosion without proper maintenance [11]；失效后果=Tower transition piece connections failure；S=3.33；O=2.67；D=3；RPN=24.67；建议措施=-；5) FMEA编号=TP21；项目/功能=Transition piece / Transition Piece (TP) / Welding；失效模式=Cracks；失效原因=Installation; Welding failure due to poor performance (e.g. overheating, lack of fusion) during installation [1,10,15]；失效后果=Tower transition piece connections failure；S=3.33；O=3；D=3；RPN=26.67；建议措施=-。",正确,1.0,12.98,确定性规则问答,1.0,1.0,1,,5,,,24.67；24.67,,5.0；2.0；5.0,potential tower connections failure,24.67,项目/功能；潜在失效模式；潜在失效后果；风险优先数(RPN),33,
1273,1273,Full全量模型,无,风险影响评估类,项目失效现象查后果与RPN,后果与风险指标查询,,,中等,在“Floating support structure / Floating Support structure / All structures”中，失效模式“Capsize”的风险影响如何？请给出后果和RPN。,"Watertight fault, Potential Floater Unit sinkage；RPN=27.2","匹配到1条记录：1) FMEA编号=FF1；项目/功能=Floating support structure / Floating Support structure / All structures；失效模式=Capsize [11]；失效原因=Design; Analysis and Calculation fault due to human error；失效后果=Watertight fault, Potential Floater Unit sinkage；S=4.57；O=2.29；D=3.86；RPN=27.2；建议措施=Expanded design load cases (including typhoon/hurricane scenarios); Freeboard margin increase and water-tight compartmentalization; Improve engineering skills。",正确,1.0,13.16,确定性规则问答,1.0,1.0,0,,1,,,27.2,,,"Watertight fault, Potential Floater Unit sinkage",27.2,项目/功能；潜在失效模式；潜在失效后果；风险优先数(RPN),45,
1274,1274,Full全量模型,无,风险影响评估类,项目失效现象查后果与RPN,后果与风险指标查询,,,中等,在“Floating support structure / Floating Support structure / Primary structure”中，失效模式“Capsize”的风险影响如何？请给出后果和RPN。,Project cancellation；RPN=42.71,匹配到1条记录：1) FMEA编号=FF2；项目/功能=Floating support structure / Floating Support structure / Primary structure；失效模式=Capsize [11]；失效原因=Design; Analysis and Calculation fault due to human error [11]；失效后果=Project cancellation；S=5；O=1.67；D=3；RPN=42.71；建议措施=Expanded design load cases (including typhoon/hurricane scenarios); -; Improved engineering skills。,正确,1.0,13.09,确定性规则问答,1.0,1.0,0,,1,,,42.71,,,Project cancellation,42.71,项目/功能；潜在失效模式；潜在失效后果；风险优先数(RPN),46,
1275,1275,Full全量模型,无,风险影响评估类,项目失效现象查后果与RPN,后果与风险指标查询,,,中等,在“Floating support structure / Floating Support structure / Secondary structure”中，失效模式“Additional Structures Failures”的风险影响如何？请给出后果和RPN。,Potential failure；RPN=40.14,"匹配到7条记录：1) FMEA编号=FF11；项目/功能=Floating support structure / Floating Support structure / Secondary structure；失效模式=Additional Structures Failures；失效原因=Operation; Handrails Corrosion [1,12]；失效后果=Potential failure；S=3.86；O=3；D=2.71；RPN=32；建议措施=-；2) FMEA编号=FF12；项目/功能=Floating support structure / Floating Support structure / Secondary structure；失效模式=Additional Structures Failures；失效原因=Operation; Helicopter assistance equipment fail [1,12]；失效后果=Potential failure of landing platform；S=4.17；O=1.83；D=2.83；RPN=31.83；建议措施=-；3) FMEA编号=FF17；项目/功能=Floating support structure / Floating Support structure / Secondary structure；失效模式=Additional Structures Failures；失效原因=Operation; Ladders Corrosion [1,12]；失效后果=Potential failure；S=3.86；O=2.71；D=2.57；RPN=23.5；建议措施=-；4) FMEA编号=FF19；项目/功能=Floating support structure / Floating Support structure / Secondary structure；失效模式=Additional Structures Failures；失效原因=Operation; Navigation and work lights fail [1,12]；失效后果=Increased risk of collision, potential damage to the floater；S=4；O=3；D=2；RPN=36.5；建议措施=-；5) FMEA编号=FF21；项目/功能=Floating support structure / Floating Support structure / Secondary structure；失效模式=Additional Structures Failures；失效原因=Operation; Sensors for platform monitoring fail [1,12]；失效后果=Potential failure；S=2；O=3；D=3；RPN=41.17；建议措施=-；6) FMEA编号=FF3；项目/功能=Floating support structure / Floating Support structure / Secondary structure；失效模式=Additional Structures Failures；失效原因=Operation; Bilge piping/pumps fail [1,12]；失效后果=Potential failure；S=3.43；O=2.86；D=3.17；RPN=40.14；建议措施=-；7) FMEA编号=FF6；项目/功能=Floating support structure / Floating Support structure / Secondary structure；失效模式=Additional Structures Failures；失效原因=Operation; Dynamic umbilical connection/cable fail [1,12]；失效后果=Potential failure；S=3.83；O=2.6；D=4；RPN=25.83；建议措施=Freeboard margin increase and water-tight compartmentalization; -; Expanded design load cases (including typhoon/hurricane scenarios); Improved cable mechnical design。",正确,1.0,13.25,确定性规则问答,1.0,1.0,1,,7,,,40.14,,7.0；5.0；7.0,Potential failure,40.14,项目/功能；潜在失效模式；潜在失效后果；风险优先数(RPN),47,
1276,1276,Full全量模型,无,风险影响评估类,项目失效现象查后果与RPN,后果与风险指标查询,,,中等,在“Floating support structure / Floating Support structure / All structures”中，失效模式“Hit by dropped objects”的风险影响如何？请给出后果和RPN。,"Damage to the facility, vast economic loses；RPN=24.86","匹配到3条记录：1) FMEA编号=FF20；项目/功能=Floating support structure / Floating Support structure / All structures；失效模式=Hit by dropped objects [1,9]；失效原因=Operation; Plane crush；失效后果=Damage to the facility, vast economic loses；S=4.83；O=1.17；D=4.67；RPN=31.75；建议措施=-；2) FMEA编号=FF26；项目/功能=Floating support structure / Floating Support structure / All structures；失效模式=Hit by dropped objects [1,9]；失效原因=Environmental condition; Typhoon can cause failure of the floating unit if it gets hit by dropping objects. (eg. damaged blade)(strong wind/wave)；失效后果=Damage to the facility, vast economic loses；S=4.83；O=1.67；D=3.17；RPN=25；建议措施=Expanded design load cases (including typhoon/hurricane scenarios); High-fidelity coupled aero-hydro-elastic simulation in design updates; -；3) FMEA编号=FF4；项目/功能=Floating support structure / Floating Support structure / All structures；失效模式=Hit by dropped objects [1,9]；失效原因=Operation; Biological collision；失效后果=Damage to the facility, vast economic loses；S=3.57；O=2.17；D=4.14；RPN=24.86；建议措施=-。",正确,1.0,13.26,确定性规则问答,1.0,1.0,1,,3,,,24.86,,3.0；2.0；3.0,"Damage to the facility, vast economic loses",24.86,项目/功能；潜在失效模式；潜在失效后果；风险优先数(RPN),48,
1277,1277,Full全量模型,无,风险影响评估类,项目失效现象查后果与RPN,后果与风险指标查询,,,中等,在“Floating support structure / Floating Support structure / All structures”中，失效模式“Structural break”的风险影响如何？请给出后果和RPN。,Structural reassessment；RPN=25,"匹配到3条记录：1) FMEA编号=FF23；项目/功能=Floating support structure / Floating Support structure / All structures；失效模式=Structural break [11]；失效原因=Operation and Maintenance; Structural degradation due to corrosion [11]；失效后果=Watertight fault, Potential Floater Unit sinkage；S=4.17；O=2.67；D=3.2；RPN=36；建议措施=-；2) FMEA编号=FF27；项目/功能=Floating support structure / Floating Support structure / All structures；失效模式=Structural break [11]；失效原因=Design; Underdesigned structure/Component due to insufficient environmental data；失效后果=Watertight fault, Potential Floater Unit sinkage；S=4.67；O=2.33；D=3；RPN=22.4；建议措施=Expanded design load cases (including typhoon/hurricane scenarios); High-fidelity coupled aero-hydro-elastic simulation in design updates；3) FMEA编号=FF5；项目/功能=Floating support structure / Floating Support structure / All structures；失效模式=Structural break [11]；失效原因=Environmental condition; Design parameter superseded due to climate change [11]；失效后果=Structural reassessment；S=4.33；O=1.67；D=3.5；RPN=25；建议措施=Expanded design load cases (including typhoon/hurricane scenarios); -。",正确,1.0,13.37,确定性规则问答,1.0,1.0,1,,3,,,25.0,,2.0,Structural reassessment,25.0,项目/功能；潜在失效模式；潜在失效后果；风险优先数(RPN),49,
1278,1278,Full全量模型,无,风险影响评估类,项目失效现象查后果与RPN,后果与风险指标查询,,,中等,在“Floating support structure / Floating Support structure / Primary Structure”中，失效模式“Cracks”的风险影响如何？请给出后果和RPN。,Structural failure；RPN=30.57,匹配到1条记录：1) FMEA编号=FF7；项目/功能=Floating support structure / Floating Support structure / Primary Structure；失效模式=Cracks [11]；失效原因=Installation; Excessive fatigue life consumption due to installation/ transportation [19]；失效后果=Structural failure；S=4.17；O=2.83；D=3.5；RPN=30.57；建议措施=-。,正确,1.0,12.77,确定性规则问答,1.0,1.0,0,,1,,,30.57,,,Structural failure,30.57,项目/功能；潜在失效模式；潜在失效后果；风险优先数(RPN),51,
1279,1279,Full全量模型,无,风险影响评估类,项目失效现象查后果与RPN,后果与风险指标查询,,,中等,在“Floating support structure / Floating Support structure / Primary structure & Welding”中，失效模式“Capsize”的风险影响如何？请给出后果和RPN。,Asset damage Energy production loss；RPN=34.5,"匹配到1条记录：1) FMEA编号=FF8；项目/功能=Floating support structure / Floating Support structure / Primary structure & Welding；失效模式=Capsize [11]；失效原因=Environmental condition; Extreme horizontal oscillatory force；失效后果=Asset damage Energy production loss；S=4.8；O=1.8；D=3.2；RPN=34.5；建议措施=Expanded design load cases (including typhoon/hurricane scenarios); Operational limits: weather windows, alarm thresholds for motions; Resonance avoidance via structural tuning/damping。",正确,1.0,13.21,确定性规则问答,1.0,1.0,0,,1,,,34.5,,,Asset damage Energy production loss,34.5,项目/功能；潜在失效模式；潜在失效后果；风险优先数(RPN),52,
1280,1280,Full全量模型,无,风险影响评估类,项目失效现象查后果与RPN,后果与风险指标查询,,,中等,在“Floating support structure / Floating Support structure / Primary structure & Welding”中，失效模式“Cracks”的风险影响如何？请给出后果和RPN。,Structural failure；RPN=22.67,匹配到1条记录：1) FMEA编号=FF9；项目/功能=Floating support structure / Floating Support structure / Primary structure & Welding；失效模式=Cracks [11]；失效原因=Operation; Fatigue due to continuous vibrations/resonance [11]；失效后果=Structural failure；S=4.14；O=2.86；D=3.57；RPN=22.67；建议措施=Expanded design load cases (including typhoon/hurricane scenarios); Resonance avoidance via structural tuning/damping; High-fidelity coupled aero-hydro-elastic simulation in design updates。,正确,1.0,12.97,确定性规则问答,1.0,1.0,0,,1,,,22.67,,,Structural failure,22.67,项目/功能；潜在失效模式；潜在失效后果；风险优先数(RPN),53,
1281,1281,Full全量模型,无,风险影响评估类,项目失效现象查后果与RPN,后果与风险指标查询,,,中等,在“Floating support structure / Floating Support structure / All structures”中，失效模式“Cracks”的风险影响如何？请给出后果和RPN。,Structural failure；RPN=34,匹配到1条记录：1) FMEA编号=FF10；项目/功能=Floating support structure / Floating Support structure / All structures；失效模式=Cracks [11]；失效原因=Design; Fatigue due to underestimation of steel thickness and/or environmental loads；失效后果=Structural failure；S=3.83；O=2.5；D=3.5；RPN=34；建议措施=-。,正确,1.0,12.99,确定性规则问答,1.0,1.0,0,,1,,,34.0,,,Structural failure,34.0,项目/功能；潜在失效模式；潜在失效后果；风险优先数(RPN),54,
1282,1282,Full全量模型,无,风险影响评估类,项目失效现象查后果与RPN,后果与风险指标查询,,,中等,在“Floating support structure / Floating Support structure / Secondary structure”中，失效模式“Watertight fault”的风险影响如何？请给出后果和RPN。,Potential Failure/Asset damage Energy production loss；RPN=31.2,匹配到2条记录：1) FMEA编号=FF13；项目/功能=Floating support structure / Floating Support structure / Secondary structure；失效模式=Watertight fault [1]；失效原因=Maintenance; Inefficient detection [1]；失效后果=Potential Failure/Asset damage Energy production loss；S=3.83；O=2.83；D=3.33；RPN=31.2；建议措施=-；2) FMEA编号=FF16；项目/功能=Floating support structure / Floating Support structure / Secondary structure；失效模式=Watertight fault [1]；失效原因=Maintenance; Insufficient structural strength due to ship collision [11]；失效后果=Asset damage Energy production loss/reduced stability；S=4.5；O=2.33；D=3；RPN=37.2；建议措施=-。,正确,1.0,13.57,确定性规则问答,1.0,1.0,1,,2,,,31.2,,2.0；2.0,Potential Failure/Asset damage Energy production loss,31.2,项目/功能；潜在失效模式；潜在失效后果；风险优先数(RPN),57,
1283,1283,Full全量模型,无,风险影响评估类,项目失效现象查后果与RPN,后果与风险指标查询,,,中等,在“Floating support structure / Floating Support structure / Secondary structure”中，失效模式“Floater unit sinkage”的风险影响如何？请给出后果和RPN。,Potential Failure/Asset damage Energy production loss；RPN=26.86,匹配到1条记录：1) FMEA编号=FF14；项目/功能=Floating support structure / Floating Support structure / Secondary structure；失效模式=Floater unit sinkage；失效原因=Design; Insufficient structural strength and cracks on the floater resulting in water ingress to the support structure；失效后果=Potential Failure/Asset damage Energy production loss；S=4.83；O=1.83；D=3.4；RPN=26.86；建议措施=Ballast redundancy and automated ballast management; Freeboard margin increase and water-tight compartmentalization; Expanded design load cases (including typhoon/hurricane scenarios)。,正确,1.0,13.07,确定性规则问答,1.0,1.0,0,,1,,,26.86,,,Potential Failure/Asset damage Energy production loss,26.86,项目/功能；潜在失效模式；潜在失效后果；风险优先数(RPN),58,
1284,1284,Full全量模型,无,风险影响评估类,项目失效现象查后果与RPN,后果与风险指标查询,,,中等,在“Floating support structure / Floating Support structure / All structures”中，失效模式“Structural plastic deformation”的风险影响如何？请给出后果和RPN。,Local stress accumulation；RPN=24.17,匹配到1条记录：1) FMEA编号=FF15；项目/功能=Floating support structure / Floating Support structure / All structures；失效模式=Structural plastic deformation [11]；失效原因=Operation and Maintenance; Insufficient structural strength due to ship collision；失效后果=Local stress accumulation；S=4.43；O=2；D=3；RPN=24.17；建议措施=-。,正确,1.0,12.95,确定性规则问答,1.0,1.0,0,,1,,,24.17,,,Local stress accumulation,24.17,项目/功能；潜在失效模式；潜在失效后果；风险优先数(RPN),59,
1285,1285,Full全量模型,无,风险影响评估类,项目失效现象查后果与RPN,后果与风险指标查询,,,中等,在“Floating support structure / Floating Support structure / All structures”中，失效模式“Watertight fault”的风险影响如何？请给出后果和RPN。,"If these cracks propagate through the wall and lie under water or within the splash zone, then they constitute a risk to the watertightness.；RPN=30.8","匹配到1条记录：1) FMEA编号=FF18；项目/功能=Floating support structure / Floating Support structure / All structures；失效模式=Watertight fault [1]；失效原因=Environmental condition; Marine growth under water can add additional weight and stress for the material, which can lead to cracks in the outer hull；失效后果=If these cracks propagate through the wall and lie under water or within the splash zone, then they constitute a risk to the watertightness.；S=4；O=2.2；D=3.25；RPN=30.8；建议措施=-。",正确,1.0,13.12,确定性规则问答,1.0,1.0,0,,1,,,30.8,,,"If these cracks propagate through the wall and lie under water or within the splash zone, then they constitute a risk to the watertightness.",30.8,项目/功能；潜在失效模式；潜在失效后果；风险优先数(RPN),62,
1286,1286,Full全量模型,无,风险影响评估类,项目失效现象查后果与RPN,后果与风险指标查询,,,中等,在“Floating support structure / Floating Support structure / Secondary structure”中，失效模式“Structural break”的风险影响如何？请给出后果和RPN。,Asset damage Energy production loss/reduced stability；RPN=18.8,匹配到1条记录：1) FMEA编号=FF22；项目/功能=Floating support structure / Floating Support structure / Secondary structure；失效模式=Structural break [11]；失效原因=Operation and Maintenance; Structural component degradation due to corrosion [12]；失效后果=Asset damage Energy production loss/reduced stability；S=4；O=2.6；D=3.25；RPN=18.8；建议措施=-。,正确,1.0,13.15,确定性规则问答,1.0,1.0,0,,1,,,18.8,,,Asset damage Energy production loss/reduced stability,18.8,项目/功能；潜在失效模式；潜在失效后果；风险优先数(RPN),66,
1287,1287,Full全量模型,无,风险影响评估类,项目失效现象查后果与RPN,后果与风险指标查询,,,中等,在“Floating support structure / Floating Support structure / Primary structure & Welding”中，失效模式“Structural break”的风险影响如何？请给出后果和RPN。,Tower collapse；RPN=33.4,"匹配到1条记录：1) FMEA编号=FF24；项目/功能=Floating support structure / Floating Support structure / Primary structure & Welding；失效模式=Structural break [11]；失效原因=Operation; Structure brittle fracture due to extreme environmental temperature；失效后果=Tower collapse；S=4.67；O=1.33；D=3.6；RPN=33.4；建议措施=Operational limits: weather windows, alarm thresholds for motions; Other- Specify; Expanded design load cases (including typhoon/hurricane scenarios); Better understanding of temperature ranges。",正确,1.0,13.26,确定性规则问答,1.0,1.0,0,,1,,,33.4,,,Tower collapse,33.4,项目/功能；潜在失效模式；潜在失效后果；风险优先数(RPN),68,
1288,1288,Full全量模型,无,风险影响评估类,项目失效现象查后果与RPN,后果与风险指标查询,,,中等,在“Floating support structure / Floating Support structure / All structures”中，失效模式“Floater unit sinkage”的风险影响如何？请给出后果和RPN。,Potential Failure/Asset damage Energy production loss；RPN=30.8,"匹配到1条记录：1) FMEA编号=FF25；项目/功能=Floating support structure / Floating Support structure / All structures；失效模式=Floater unit sinkage；失效原因=Operation; Structures break/collapse due to collision with other FWT；失效后果=Potential Failure/Asset damage Energy production loss；S=5；O=1.33；D=2.6；RPN=30.8；建议措施=Operational limits: weather windows, alarm thresholds for motions; -; Expanded design load cases (including typhoon/hurricane scenarios); Freeboard margin increase and water-tight compartmentalization。",正确,1.0,12.84,确定性规则问答,1.0,1.0,0,,1,,,30.8,,,Potential Failure/Asset damage Energy production loss,30.8,项目/功能；潜在失效模式；潜在失效后果；风险优先数(RPN),69,
1289,1289,Full全量模型,无,风险影响评估类,项目失效现象查后果与RPN,后果与风险指标查询,,,中等,在“Floating support structure / Floating Support structure / All structures & Welding”中，失效模式“Structural break”的风险影响如何？请给出后果和RPN。,"Watertight fault, Potential Floater Unit sinkage；RPN=19","匹配到1条记录：1) FMEA编号=FF28；项目/功能=Floating support structure / Floating Support structure / All structures & Welding；失效模式=Structural break [11]；失效原因=Maintenance; Undetected defects due to poor quality control；失效后果=Watertight fault, Potential Floater Unit sinkage；S=4.5；O=2.33；D=3.6；RPN=19；建议措施=Operational limits: weather windows, alarm thresholds for motions; Other- Specify; -; Welding quality assurance and NDT enhancement (phased-array UT)。",正确,1.0,13.18,确定性规则问答,1.0,1.0,0,,1,,,19.0,,,"Watertight fault, Potential Floater Unit sinkage",19.0,项目/功能；潜在失效模式；潜在失效后果；风险优先数(RPN),72,
1290,1290,Full全量模型,无,风险影响评估类,项目失效现象查后果与RPN,后果与风险指标查询,,,中等,在“Floating support structure / Floating Support structure / Secondary structure & Welding”中，失效模式“Watertight fault”的风险影响如何？请给出后果和RPN。,Reduced stability；RPN=36,匹配到1条记录：1) FMEA编号=FF29；项目/功能=Floating support structure / Floating Support structure / Secondary structure & Welding；失效模式=Watertight fault [1]；失效原因=Manufacturing and Installation; Ventilation heads/Manholes failure due to Manufacturing defect/Welding defect；失效后果=Reduced stability；S=3.6；O=2.33；D=3.6；RPN=36；建议措施=-。,正确,1.0,13.18,确定性规则问答,1.0,1.0,0,,1,,,36.0,,,Reduced stability,36.0,项目/功能；潜在失效模式；潜在失效后果；风险优先数(RPN),73,
1291,1291,Full全量模型,无,风险影响评估类,项目失效现象查后果与RPN,后果与风险指标查询,,,中等,在“Floating support structure / Floating Support structure / Welding”中，失效模式“Cracks”的风险影响如何？请给出后果和RPN。,Watertight fault；RPN=31.2,匹配到1条记录：1) FMEA编号=FF30；项目/功能=Floating support structure / Floating Support structure / Welding；失效模式=Cracks [11]；失效原因=Manufacturing; Welding failure；失效后果=Watertight fault；S=3.6；O=3；D=3.2；RPN=31.2；建议措施=-。,正确,1.0,12.75,确定性规则问答,1.0,1.0,0,,1,,,31.2,,,Watertight fault,31.2,项目/功能；潜在失效模式；潜在失效后果；风险优先数(RPN),74,
1292,1292,Full全量模型,无,风险影响评估类,项目失效现象查后果与RPN,后果与风险指标查询,,,中等,在“Station keeping / Anchor”中，失效模式“Anchor failure”的风险影响如何？请给出后果和RPN。,Anchor failure；RPN=34,"匹配到2条记录：1) FMEA编号=SKS1；项目/功能=Station keeping / Anchor (AC)；失效模式=Anchor failure [1], [17]；失效原因=Operation; Abnormal working conditions；失效后果=Anchor failure；S=4.2；O=2.2；D=3.8；RPN=34；建议措施=Continuous tension and vibration monitoring; thresholds for intervention; Procedural controls: load management, operational envelopes; Better design by expanded load case matrix including more failure modes; -；2) FMEA编号=SKS2；项目/功能=Station keeping / Anchor (AC)；失效模式=Anchor failure [1], [17]；失效原因=Operation; Cyclic degradation；失效后果=Anchor failure；S=4.2；O=2.2；D=3.8；RPN=34；建议措施=Continuous tension and vibration monitoring; thresholds for intervention; Procedural controls: load management, operational envelopes; Better design by expanded load case matrix including more failure modes; -。",正确,1.0,12.8,确定性规则问答,1.0,1.0,0,,2,,,34.0；34.0,,,Anchor failure,34.0,项目/功能；潜在失效模式；潜在失效后果；风险优先数(RPN),75,
1293,1293,Full全量模型,无,风险影响评估类,项目失效现象查后果与RPN,后果与风险指标查询,,,中等,在“Station keeping / Mooring Lines / Buoyancy element”中，失效模式“Failure in buoyancy element”的风险影响如何？请给出后果和RPN。,RPN=29.25,匹配到1条记录：1) FMEA编号=SKS3；项目/功能=Station keeping / Mooring Lines (ML) / Buoyancy element；失效模式=Failure in buoyancy element；失效原因=Operation；S=3；O=3；D=3.25；RPN=29.25；建议措施=-。,正确,1.0,12.72,确定性规则问答,1.0,1.0,0,,1,,,29.25,,,,29.25,项目/功能；潜在失效模式；潜在失效后果；风险优先数(RPN),77,
1294,1294,Full全量模型,无,风险影响评估类,项目失效现象查后果与RPN,后果与风险指标查询,,,中等,在“Station keeping / Mooring Lines / Clump weight”中，失效模式“Failure in clump weight”的风险影响如何？请给出后果和RPN。,RPN=28.5,匹配到1条记录：1) FMEA编号=SKS4；项目/功能=Station keeping / Mooring Lines (ML) / Clump weight；失效模式=Failure in clump weight；失效原因=Operation；S=3；O=2.75；D=3.5；RPN=28.5；建议措施=-。,正确,1.0,12.8,确定性规则问答,1.0,1.0,0,,1,,,28.5,,,,28.5,项目/功能；潜在失效模式；潜在失效后果；风险优先数(RPN),78,
1295,1295,Full全量模型,无,风险影响评估类,项目失效现象查后果与RPN,后果与风险指标查询,,,中等,在“Station keeping / Fairlead”中，失效模式“Fairlead failure”的风险影响如何？请给出后果和RPN。,The anchor cannot be dropped and lift；RPN=30,"匹配到2条记录：1) FMEA编号=SKS5；项目/功能=Station keeping / Fairlead (FL)；失效模式=Fairlead failure [1], [17]；失效原因=Operation; Fairlead fatigue；失效后果=The anchor cannot be dropped and lift；S=3.8；O=2.8；D=3；RPN=30；建议措施=Continuous tension and vibration monitoring; thresholds for intervention; Fairlead geometry improvements and low-wear lining; Optimized chain/wire/rope selection and fatigue margins (design); -；2) FMEA编号=SKS6；项目/功能=Station keeping / Fairlead (FL)；失效模式=Fairlead failure [1],[17]；失效原因=Operation; Fairlead corrosion；失效后果=The anchor cannot be dropped and lift；S=3.8；O=2.8；D=3；RPN=30；建议措施=Cathodic protection and corrosion monitoring regimes; -。",正确,1.0,12.93,确定性规则问答,1.0,1.0,1,,2,,,30.0；30.0,,2.0；2.0,The anchor cannot be dropped and lift,30.0,项目/功能；潜在失效模式；潜在失效后果；风险优先数(RPN),79,
1296,1296,Full全量模型,无,风险影响评估类,项目失效现象查后果与RPN,后果与风险指标查询,,,中等,在“Station keeping / Monitoring System”中，失效模式“Monitoring system fails”的风险影响如何？请给出后果和RPN。,Unable to monitor tension in the mooring lines；RPN=13.5,匹配到1条记录：1) FMEA编号=SKS7；项目/功能=Station keeping / Monitoring System；失效模式=Monitoring system fails；失效原因=Operation；失效后果=Unable to monitor tension in the mooring lines；S=2.6；O=3.2；D=2；RPN=13.5；建议措施=-。,正确,1.0,12.68,确定性规则问答,1.0,1.0,0,,1,,,13.5,,,Unable to monitor tension in the mooring lines,13.5,项目/功能；潜在失效模式；潜在失效后果；风险优先数(RPN),81,
1297,1297,Full全量模型,无,风险影响评估类,项目失效现象查后果与RPN,后果与风险指标查询,,,中等,在“Station keeping / Mooring Lines / Mooring lines”中，失效模式“Mooring line breakage”的风险影响如何？请给出后果和RPN。,Mooring line strength decrease or broken；RPN=28.8,匹配到3条记录：1) FMEA编号=SKS10；项目/功能=Station keeping / Mooring Lines (ML) / Mooring lines；失效模式=Mooring line breakage[8]；失效原因=Environmental condition; Mooring lines wear caused by unexpected external damage (from e.g. overtrawling)/particulate ingress/UV light；失效后果=Mooring line strength decrease or broken；S=4；O=2；D=3；RPN=24；建议措施=Continuous tension and vibration monitoring; thresholds for intervention; -；2) FMEA编号=SKS8；项目/功能=Station keeping / Mooring Lines (ML) / Mooring lines；失效模式=Mooring line breakage [8]；失效原因=Manufacturing; Poor splice quality/ workmanship/qualification；失效后果=Mooring line strength decrease or broken；S=4；O=2.4；D=3.2；RPN=28.8；建议措施=ROV visual inspections; targeted maintenance on wear zones; Diversity in materials/vendors to reduce common-cause risks; -；3) FMEA编号=SKS9；项目/功能=Station keeping / Mooring Lines (ML) / Mooring lines；失效模式=Mooring line breakage[8]；失效原因=Environmental condition; Abnormal stress due to mooring lines wear caused by unexpected seismic loads/ The tension overpassing the limit value can cause the mooring line to instantaneously break [18]；失效后果=Mooring line strength decrease or broken；S=4；O=2；D=2.6；RPN=20；建议措施=Continuous tension and vibration monitoring; thresholds for intervention; -。,正确,1.0,13.18,确定性规则问答,1.0,1.0,0,,3,,,28.8,,,Mooring line strength decrease or broken,28.8,项目/功能；潜在失效模式；潜在失效后果；风险优先数(RPN),82,
1298,1298,Full全量模型,无,风险影响评估类,项目失效现象查后果与RPN,后果与风险指标查询,,,中等,在“Station keeping / Mooring Lines / Mooring lines”中，失效模式“Mooring Line Corrosion”的风险影响如何？请给出后果和RPN。,Mooring line strength decrease or broken；RPN=29.2,匹配到1条记录：1) FMEA编号=SKS11；项目/功能=Station keeping / Mooring Lines (ML) / Mooring lines；失效模式=Mooring Line Corrosion [1]；失效原因=Maintenance; Mooring lines corrosion due to improper maintenance of the corroded components；失效后果=Mooring line strength decrease or broken；S=3.6；O=2.8；D=3；RPN=29.2；建议措施=Continuous tension and vibration monitoring; thresholds for intervention; Optimized chain/wire/rope selection and fatigue margins (design); -。,正确,1.0,13.18,确定性规则问答,1.0,1.0,0,,1,,,29.2,,,Mooring line strength decrease or broken,29.2,项目/功能；潜在失效模式；潜在失效后果；风险优先数(RPN),85,
1299,1299,Full全量模型,无,风险影响评估类,项目失效现象查后果与RPN,后果与风险指标查询,,,中等,在“Station keeping / Mooring Lines / Mooring lines”中，失效模式“Mooring Line Fatigue”的风险影响如何？请给出后果和RPN。,Mooring line strength decrease or broken；RPN=29.6,"匹配到2条记录：1) FMEA编号=SKS12；项目/功能=Station keeping / Mooring Lines (ML) / Mooring lines；失效模式=Mooring Line Fatigue [1]；失效原因=Maintenance; Mooring line fatigue due to Lack of proper maintenance, including inspection, monitoring, and replacement of the mooring lines.；失效后果=Mooring line strength decrease or broken；S=3.6；O=2.8；D=3；RPN=29.6；建议措施=-；2) FMEA编号=SKS13；项目/功能=Station keeping / Mooring Lines (ML) / Mooring lines；失效模式=Mooring Line Fatigue [1]；失效原因=Operation; Mooring line fatigue due to Improper operational procedures, such as excessive loading, bending or twisting.；失效后果=Mooring line strength decrease or broken；S=3.6；O=3；D=3；RPN=31.6；建议措施=Continuous tension and vibration monitoring; thresholds for intervention; Optimized chain/wire/rope selection and fatigue margins (design); -。",正确,1.0,13.25,确定性规则问答,1.0,1.0,1,,2,,,29.6,,2.0；2.0,Mooring line strength decrease or broken,29.6,项目/功能；潜在失效模式；潜在失效后果；风险优先数(RPN),86,
1300,1300,Full全量模型,无,风险影响评估类,项目失效现象查后果与RPN,后果与风险指标查询,,,中等,在“Station keeping / Mooring Lines / Mooring lines”中，失效模式“Mooring line wear”的风险影响如何？请给出后果和RPN。,Mooring line strength decrease or broken；RPN=35.6,"匹配到3条记录：1) FMEA编号=SKS14；项目/功能=Station keeping / Mooring Lines (ML) / Mooring lines；失效模式=Mooring line wear [1]；失效原因=Manufacturing; Mooring lines wear due to poor quality during fabrication；失效后果=Mooring line strength decrease or broken；S=3.6；O=2.8；D=3.6；RPN=35.6；建议措施=-；2) FMEA编号=SKS15；项目/功能=Station keeping / Mooring Lines (ML) / Mooring lines；失效模式=Mooring line wear [1]；失效原因=Design; Mooring lines wear due to underestimation of seisemic events during design or due to rope compression not considered；失效后果=Mooring line strength decrease or broken；S=3.6；O=2；D=3.6；RPN=26.4；建议措施=-；3) FMEA编号=SKS16；项目/功能=Station keeping / Mooring Lines (ML) / Mooring lines；失效模式=Mooring line wear [1]；失效原因=Operation; Mooring lines wear due to Improper handling, such as excessive tension, bending, or twisting of the mooring lines.；失效后果=Mooring line strength decrease or broken；S=3.6；O=2.4；D=3.6；RPN=31.6；建议措施=-。",正确,1.0,13.11,确定性规则问答,1.0,1.0,1,,3,,,35.6,,3.0；3.0,Mooring line strength decrease or broken,35.6,项目/功能；潜在失效模式；潜在失效后果；风险优先数(RPN),88,
1301,1301,Full全量模型,无,风险影响评估类,项目失效现象查后果与RPN,后果与风险指标查询,,,中等,在“Station keeping / Mooring lines / Mooring lines”中，失效模式“Mooring lines broken”的风险影响如何？请给出后果和RPN。,Asset not in correct location or position；RPN=24.8,"匹配到4条记录：1) FMEA编号=SKS17；项目/功能=Station keeping / Mooring lines (ML) / Mooring lines；失效模式=Mooring lines broken [1,3]；失效原因=Operation; Transitional chain wear due to repeated loading and unloading cycles over time；失效后果=Asset not in correct location or position；S=4；O=2.4；D=2.6；RPN=24.8；建议措施=ROV visual inspections; targeted maintenance on wear zones; Optimized chain/wire/rope selection and fatigue margins (design); Only chain and wire above MSL, keep fiber ropes wet; -；2) FMEA编号=SKS18；项目/功能=Station keeping / Mooring lines (ML) / Mooring lines；失效模式=Mooring lines broken [1,3]；失效原因=Maintenance; Transitional chain wear due to improper inspection and maintenance；失效后果=Asset not in correct location or position；S=4；O=2；D=2.6；RPN=20；建议措施=ROV visual inspections; targeted maintenance on wear zones; Optimized chain/wire/rope selection and fatigue margins (design); Only chain and wire above MSL, keep fiber ropes wet; -；3) FMEA编号=SKS19；项目/功能=Station keeping / Mooring lines (ML) / Mooring lines；失效模式=Mooring lines broken [1,3]；失效原因=Operation; Friction chain wear due to significant movement and tension due to the forces of wind, waves；失效后果=Asset not in correct location or position；S=4；O=2.2；D=2.6；RPN=22.4；建议措施=ROV visual inspections; targeted maintenance on wear zones; Optimized chain/wire/rope selection and fatigue margins (design); Only chain and wire above MSL, keep fiber ropes wet; -；4) FMEA编号=SKS20；项目/功能=Station keeping / Mooring lines (ML) / Mooring lines；失效模式=Mooring lines broken [1,3]；失效原因=Operation; Mooring line wear due to hysteretic heating or wet-dry cycling；失效后果=Asset not in correct location or position；S=4；O=2.2；D=3；RPN=28；建议措施=ROV visual inspections; targeted maintenance on wear zones; -。",正确,1.0,13.14,确定性规则问答,1.0,1.0,0,,4,,,24.8,,,Asset not in correct location or position,24.8,项目/功能；潜在失效模式；潜在失效后果；风险优先数(RPN),91,
1302,1302,Full全量模型,无,风险影响评估类,项目失效现象查后果与RPN,后果与风险指标查询,,,中等,在“Station keeping / Mooring lines / Mooring winch”中，失效模式“Mooring winch failure”的风险影响如何？请给出后果和RPN。,Asset not in correct location or position；RPN=21.6,"匹配到2条记录：1) FMEA编号=SKS21；项目/功能=Station keeping / Mooring lines (ML) / Mooring winch；失效模式=Mooring winch failure [1]；失效原因=Design; Mooring winch failure due to understimation of loads during design phase；失效后果=Asset not in correct location or position；S=4；O=2；D=2.8；RPN=21.6；建议措施=-；2) FMEA编号=SKS22；项目/功能=Station keeping / Mooring lines (ML) / Mooring winch；失效模式=Mooring winch failure [1]；失效原因=Maintenance; Mooring winch failure due to undetected hazard during operation；失效后果=Asset not in correct location or position；S=4；O=2；D=3.2；RPN=25.6；建议措施=Continuous tension and vibration monitoring; thresholds for intervention; Procedural controls: load management, operational envelopes; -。",正确,1.0,13.14,确定性规则问答,1.0,1.0,0,,2,,,21.6,,,Asset not in correct location or position,21.6,项目/功能；潜在失效模式；潜在失效后果；风险优先数(RPN),95,
1303,1303,Full全量模型,无,风险影响评估类,项目失效现象查后果与RPN,后果与风险指标查询,,,中等,在“Dynamic cable / Dynamic Cable / Dynamic Cable”中，失效模式“accelerated mechanical fatigue”的风险影响如何？请给出后果和RPN。,Structural damage - cable composition weakening；RPN=30.25,"匹配到1条记录：1) FMEA编号=DC1；项目/功能=Dynamic cable / Dynamic Cable / Dynamic Cable/；失效模式=accelerated mechanical fatigue；失效原因=Design Phase; Underestimation of dynamic conditions - Unexpected contingency scenario ( loss of mooring line ) - unexpected dynamic loads；失效后果=Structural damage - cable composition weakening；S=4.2；O=2.2；D=3.75；RPN=30.25；建议措施=Monitoring: DTS/RTTR, electrical integrity tests, leak detection; Lazy-wave configuration optimization; buoyancy spacing; hang-off upgrades; -。",正确,1.0,12.76,确定性规则问答,1.0,1.0,0,,1,,,30.25,,,Structural damage - cable composition weakening,30.25,项目/功能；潜在失效模式；潜在失效后果；风险优先数(RPN),97,
1304,1304,Full全量模型,无,风险影响评估类,项目失效现象查后果与RPN,后果与风险指标查询,,,中等,在“Dynamic cable / Dynamic Cable / Dynamic Cable”中，失效模式“anchoring damages”的风险影响如何？请给出后果和RPN。,Structural integrity damage - extra stress on cables；RPN=20,匹配到1条记录：1) FMEA编号=DC2；项目/功能=Dynamic cable / Dynamic Cable / Dynamic Cable/；失效模式=anchoring damages；失效原因=Environmental conditions; Anchor impacts - seabed movement；失效后果=Structural integrity damage - extra stress on cables；S=4.2；O=1.6；D=2.4；RPN=20；建议措施=-。,正确,1.0,12.74,确定性规则问答,1.0,1.0,0,,1,,,20.0,,,Structural integrity damage - extra stress on cables,20.0,项目/功能；潜在失效模式；潜在失效后果；风险优先数(RPN),98,
1305,1305,Full全量模型,无,风险影响评估类,项目失效现象查后果与RPN,后果与风险指标查询,,,中等,在“Dynamic cable / Dynamic Cable / Dynamic Cable”中，失效模式“Cable Damage”的风险影响如何？请给出后果和RPN。,Operational disruption；RPN=32,"匹配到1条记录：1) FMEA编号=DC3；项目/功能=Dynamic cable / Dynamic Cable / Dynamic Cable/；失效模式=Cable Damage；失效原因=Operation; Mechanical stress - cable motion,Bending and motion；失效后果=Operational disruption；S=2.67；O=3；D=3；RPN=32；建议措施=-。",正确,1.0,12.75,确定性规则问答,1.0,1.0,0,,1,,,32.0,,,Operational disruption,32.0,项目/功能；潜在失效模式；潜在失效后果；风险优先数(RPN),99,
1306,1306,Full全量模型,无,风险影响评估类,项目失效现象查后果与RPN,后果与风险指标查询,,,中等,在“Dynamic cable / Dynamic Cable / J-tube”中，失效模式“Corrosion of J-tube”的风险影响如何？请给出后果和RPN。,J-tube degradation affecting cable integrity；RPN=22.5,"匹配到2条记录：1) FMEA编号=DC4；项目/功能=Dynamic cable / Dynamic Cable / J-tube；失效模式=Corrosion of J-tube [6]；失效原因=Installation phase; Seawater exposure, environmental conditions due to failure of corrosion protection anodes；失效后果=J-tube degradation affecting cable integrity；S=2.8；O=2.8；D=3.2；RPN=22.5；建议措施=-；2) FMEA编号=DC5；项目/功能=Dynamic cable / Dynamic Cable / J-tube；失效模式=Corrosion of J-tube [6]；失效原因=Design Phase; Seawater exposure, environmental conditions due to insufficient coating；失效后果=J-tube degradation affecting cable integrity；S=3.2；O=2；D=3.4；RPN=15；建议措施=-; Cathodic protection; coating improvements。",正确,1.0,12.97,确定性规则问答,1.0,1.0,0,,2,,,22.5,,,J-tube degradation affecting cable integrity,22.5,项目/功能；潜在失效模式；潜在失效后果；风险优先数(RPN),100,
1307,1307,Full全量模型,无,风险影响评估类,项目失效现象查后果与RPN,后果与风险指标查询,,,中等,在“Dynamic cable / Dynamic Cable / Dynamic Cable”中，失效模式“Crushing or deformation”的风险影响如何？请给出后果和RPN。,Structural damage - cable weakening；RPN=24,匹配到1条记录：1) FMEA编号=DC6；项目/功能=Dynamic cable / Dynamic Cable / Dynamic Cable/；失效模式=Crushing or deformation；失效原因=Design Phase; Excessive mechanical load - equipment interraction；失效后果=Structural damage - cable weakening；S=3.8；O=1.8；D=3.2；RPN=24；建议措施=-。,正确,1.0,12.77,确定性规则问答,1.0,1.0,0,,1,,,24.0,,,Structural damage - cable weakening,24.0,项目/功能；潜在失效模式；潜在失效后果；风险优先数(RPN),102,
1308,1308,Full全量模型,无,风险影响评估类,项目失效现象查后果与RPN,后果与风险指标查询,,,中等,在“Dynamic cable / Dynamic Cable / Hang-off”中，失效模式“damage and corrosion of mechanical parts”的风险影响如何？请给出后果和RPN。,High risk of fault on the cable - total loss of the line Prodution loss on the string；RPN=24,匹配到1条记录：1) FMEA编号=DC7；项目/功能=Dynamic cable / Dynamic Cable / Hang-off；失效模式=damage and corrosion of mechanical parts；失效原因=Design Phase; Wrong design/execution of the isolation material；失效后果=High risk of fault on the cable - total loss of the line Prodution loss on the string；S=3.2；O=1.75；D=3.5；RPN=24；建议措施=-; Design review; improved material selection。,正确,1.0,12.77,确定性规则问答,1.0,1.0,0,,1,,,24.0,,,High risk of fault on the cable - total loss of the line Prodution loss on the string,24.0,项目/功能；潜在失效模式；潜在失效后果；风险优先数(RPN),103,
1309,1309,Full全量模型,无,风险影响评估类,项目失效现象查后果与RPN,后果与风险指标查询,,,中等,在“Dynamic cable / Dynamic Cable / Dynamic Cable”中，失效模式“Debris disturbance”的风险影响如何？请给出后果和RPN。,Cable damage - operational disruption；RPN=16,匹配到1条记录：1) FMEA编号=DC8；项目/功能=Dynamic cable / Dynamic Cable / Dynamic Cable/；失效模式=Debris disturbance；失效原因=Environmental conditions; Floating debris - marine activities；失效后果=Cable damage - operational disruption；S=3.2；O=2；D=3.2；RPN=16；建议措施=-; Environmental protections; debris management。,正确,1.0,12.71,确定性规则问答,1.0,1.0,0,,1,,,16.0,,,Cable damage - operational disruption,16.0,项目/功能；潜在失效模式；潜在失效后果；风险优先数(RPN),104,
1310,1310,Full全量模型,无,风险影响评估类,项目失效现象查后果与RPN,后果与风险指标查询,,,中等,在“Dynamic cable / Dynamic Cable / Dynamic Cable”中，失效模式“Detachment”的风险影响如何？请给出后果和RPN。,cable disconnection - water penetration - Power loss；RPN=18.5,匹配到1条记录：1) FMEA编号=DC9；项目/功能=Dynamic cable / Dynamic Cable / Dynamic Cable/；失效模式=Detachment；失效原因=Operation; Connector failure - Mechanical stress；失效后果=cable disconnection - water penetration - Power loss；S=4.4；O=2；D=2.4；RPN=18.5；建议措施=-; Design review; improved material selection。,正确,1.0,12.72,确定性规则问答,1.0,1.0,0,,1,,,18.5,,,cable disconnection - water penetration - Power loss,18.5,项目/功能；潜在失效模式；潜在失效后果；风险优先数(RPN),105,
1311,1311,Full全量模型,无,风险影响评估类,项目失效现象查后果与RPN,后果与风险指标查询,,,中等,在“Dynamic cable / Dynamic Cable / Joints and terminations”中，失效模式“Failure of end termination”的风险影响如何？请给出后果和RPN。,breakdown of insulation；RPN=25.2,匹配到3条记录：1) FMEA编号=DC10；项目/功能=Dynamic cable / Dynamic Cable / Joints and terminations；失效模式=Failure of end termination [6]；失效原因=Manufacturing; Poor quality components [6]；失效后果=breakdown of insulation；S=3.6；O=2.6；D=2.8；RPN=25.2；建议措施=-；2) FMEA编号=DC11；项目/功能=Dynamic cable / Dynamic Cable / Joints and terminations；失效模式=Failure of end termination [6]；失效原因=Manufacturing; Poor quality of insulating fluids [6]；失效后果=breakdown of insulation；S=3.8；O=2.6；D=3.2；RPN=28.6；建议措施=-; Design improvements; enhanced termination QA；3) FMEA编号=DC12；项目/功能=Dynamic cable / Dynamic Cable / Joints and terminations；失效模式=Failure of end termination [6]；失效原因=Manufacturing; Quality of workmanship [6]；失效后果=breakdown of insulation；S=3.6；O=2.8；D=2.8；RPN=27.6；建议措施=-。,正确,1.0,13.13,确定性规则问答,1.0,1.0,1,,3,,,25.2,,3.0；2.0；3.0,breakdown of insulation,25.2,项目/功能；潜在失效模式；潜在失效后果；风险优先数(RPN),106,
1312,1312,Full全量模型,无,风险影响评估类,项目失效现象查后果与RPN,后果与风险指标查询,,,中等,在“Dynamic cable / Dynamic Cable / Dynamic Cable”中，失效模式“Failure of fixing clamps”的风险影响如何？请给出后果和RPN。,Cable damage - exposure to elements；RPN=28,匹配到1条记录：1) FMEA编号=DC13；项目/功能=Dynamic cable / Dynamic Cable / Dynamic Cable/；失效模式=Failure of fixing clamps；失效原因=Operation; Mechanical stress；失效后果=Cable damage - exposure to elements；S=3.6；O=2.6；D=3；RPN=28；建议措施=-。,正确,1.0,12.74,确定性规则问答,1.0,1.0,0,,1,,,28.0,,,Cable damage - exposure to elements,28.0,项目/功能；潜在失效模式；潜在失效后果；风险优先数(RPN),109,
1313,1313,Full全量模型,无,风险影响评估类,项目失效现象查后果与RPN,后果与风险指标查询,,,中等,在“Dynamic cable / Dynamic Cable / Insulation”中，失效模式“Failure of insulations”的风险影响如何？请给出后果和RPN。,Fault in the cable - power disruption；RPN=25.6,匹配到1条记录：1) FMEA编号=DC14；项目/功能=Dynamic cable / Dynamic Cable / Insulation；失效模式=Failure of insulations；失效原因=Design Phase; Inproper design : need quality insulation materials and protection；失效后果=Fault in the cable - power disruption；S=4.4；O=2.2；D=2.8；RPN=25.6；建议措施=-。,正确,1.0,12.61,确定性规则问答,1.0,1.0,0,,1,,,25.6,,,Fault in the cable - power disruption,25.6,项目/功能；潜在失效模式；潜在失效后果；风险优先数(RPN),110,
1314,1314,Full全量模型,无,风险影响评估类,项目失效现象查后果与RPN,后果与风险指标查询,,,中等,在“Dynamic cable / Dynamic Cable / Sheath”中，失效模式“Failure of sheath”的风险影响如何？请给出后果和RPN。,Fault in the cable - exposure to elements；RPN=31.6,匹配到1条记录：1) FMEA编号=DC15；项目/功能=Dynamic cable / Dynamic Cable / Sheath；失效模式=Failure of sheath；失效原因=Operation; Mechanical and thermal stress；失效后果=Fault in the cable - exposure to elements；S=4.2；O=2.4；D=3；RPN=31.6；建议措施=-。,正确,1.0,12.65,确定性规则问答,1.0,1.0,0,,1,,,31.6,,,Fault in the cable - exposure to elements,31.6,项目/功能；潜在失效模式；潜在失效后果；风险优先数(RPN),111,
1315,1315,Full全量模型,无,风险影响评估类,项目失效现象查后果与RPN,后果与风险指标查询,,,中等,在“Dynamic cable / Dynamic Cable / Dynamic Cable”中，失效模式“Failure of watertightness”的风险影响如何？请给出后果和RPN。,Reduced or interupted electricity flow；RPN=30.2,"匹配到2条记录：1) FMEA编号=DC16；项目/功能=Dynamic cable / Dynamic Cable / Dynamic Cable/；失效模式=Failure of watertightness；失效原因=Manufacturing; Errors or defects during manufacturing；失效后果=Reduced or interupted electricity flow；S=4.2；O=2.6；D=3；RPN=30.2；建议措施=Installation QA/QC: pull-in tension verification, handling procedures; Watertightness assurance: enhanced sealing tests; end termination QA; -；2) FMEA编号=DC17；项目/功能=Dynamic cable / Dynamic Cable / Dynamic Cable/；失效模式=Failure of watertightness；失效原因=Operation; Damage on the cable due to extreme environmental events；失效后果=Reduced or interupted electricity flow；S=4.2；O=2；D=3.6；RPN=27.8；建议措施=Watertightness assurance: enhanced sealing tests; end termination QA; -。",正确,1.0,12.8,确定性规则问答,1.0,1.0,0,,2,,,30.2,,,Reduced or interupted electricity flow,30.2,项目/功能；潜在失效模式；潜在失效后果；风险优先数(RPN),112,
1316,1316,Full全量模型,无,风险影响评估类,项目失效现象查后果与RPN,后果与风险指标查询,,,中等,在“Dynamic cable / Dynamic Cable / Conductor”中，失效模式“failures of conductors”的风险影响如何？请给出后果和RPN。,Electrical faults - loss of production；RPN=25,"匹配到1条记录：1) FMEA编号=DC18；项目/功能=Dynamic cable / Dynamic Cable / Conductor；失效模式=failures of conductors；失效原因=Operation; Internal damage: Problem in insulation material - Electrical overload；失效后果=Electrical faults - loss of production；S=4.2；O=2.4；D=2.4；RPN=25；建议措施=-; Monitoring (DTS/RTTR, electrical integrity tests)。",正确,1.0,12.6,确定性规则问答,1.0,1.0,0,,1,,,25.0,,,Electrical faults - loss of production,25.0,项目/功能；潜在失效模式；潜在失效后果；风险优先数(RPN),114,
1317,1317,Full全量模型,无,风险影响评估类,项目失效现象查后果与RPN,后果与风险指标查询,,,中等,在“Dynamic cable / Dynamic Cable / Dynamic Cable”中，失效模式“Fatigue Cracks”的风险影响如何？请给出后果和RPN。,Crack may evolve in a fault of the cable - Cable weakening；RPN=35.6,"匹配到1条记录：1) FMEA编号=DC19；项目/功能=Dynamic cable / Dynamic Cable / Dynamic Cable/；失效模式=Fatigue Cracks；失效原因=Operation; Repeated stress cycles - bending motions；失效后果=Crack may evolve in a fault of the cable - Cable weakening；S=4.2；O=2.4；D=3.6；RPN=35.6；建议措施=Monitoring: DTS/RTTR, electrical integrity tests, leak detection; -。",正确,1.0,12.67,确定性规则问答,1.0,1.0,0,,1,,,35.6,,,Crack may evolve in a fault of the cable - Cable weakening,35.6,项目/功能；潜在失效模式；潜在失效后果；风险优先数(RPN),115,
1318,1318,Full全量模型,无,风险影响评估类,项目失效现象查后果与RPN,后果与风险指标查询,,,中等,在“Dynamic cable / Dynamic Cable / Dynamic Cable”中，失效模式“Geo-Hazards”的风险影响如何？请给出后果和RPN。,"Cable damage, production disruption；RPN=32","匹配到1条记录：1) FMEA编号=DC20；项目/功能=Dynamic cable / Dynamic Cable / Dynamic Cable/；失效模式=Geo-Hazards；失效原因=Design Phase; Unexpected contingency ( earthquake, seabed movement)；失效后果=Cable damage, production disruption；S=4.6；O=1.4；D=3.5；RPN=32；建议措施=-。",正确,1.0,13.0,确定性规则问答,1.0,1.0,0,,1,,,32.0,,,"Cable damage, production disruption",32.0,项目/功能；潜在失效模式；潜在失效后果；风险优先数(RPN),116,
1319,1319,Full全量模型,无,风险影响评估类,项目失效现象查后果与RPN,后果与风险指标查询,,,中等,在“Dynamic cable / Dynamic Cable / Dynamic Cable”中，失效模式“Loss of dynamic positioning”的风险影响如何？请给出后果和RPN。,Cables stress；RPN=26,匹配到1条记录：1) FMEA编号=DC21；项目/功能=Dynamic cable / Dynamic Cable / Dynamic Cable/；失效模式=Loss of dynamic positioning；失效原因=Environmental conditions; Dynamic positioning system failure due to excessive environmental conditions；失效后果=Cables stress；S=3.4；O=2.6；D=3；RPN=26；建议措施=-。,正确,1.0,12.74,确定性规则问答,1.0,1.0,0,,1,,,26.0,,,Cables stress,26.0,项目/功能；潜在失效模式；潜在失效后果；风险优先数(RPN),117,
1320,1320,Full全量模型,无,风险影响评估类,项目失效现象查后果与RPN,后果与风险指标查询,,,中等,在“Dynamic cable / Dynamic Cable / Buoyancy modules”中，失效模式“Loss of float bility (water adsorption)”的风险影响如何？请给出后果和RPN。,RPN=24,匹配到1条记录：1) FMEA编号=DC22；项目/功能=Dynamic cable / Dynamic Cable / Buoyancy modules；失效模式=Loss of float bility (water adsorption)；失效原因=Operation；S=3.5；O=2.5；D=3；RPN=24；建议措施=-。,正确,1.0,12.72,确定性规则问答,1.0,1.0,0,,1,,,24.0,,,,24.0,项目/功能；潜在失效模式；潜在失效后果；风险优先数(RPN),118,
1321,1321,Full全量模型,无,风险影响评估类,项目失效现象查后果与RPN,后果与风险指标查询,,,中等,在“Dynamic cable / Dynamic Cable / Dynamic Cable”中，失效模式“material degradation”的风险影响如何？请给出后果和RPN。,Weakening of cable materials - loss of production；RPN=18.5,"匹配到1条记录：1) FMEA编号=DC23；项目/功能=Dynamic cable / Dynamic Cable / Dynamic Cable/；失效模式=material degradation；失效原因=Design Phase; Underestimation of dynamic conditions - Unexpected contingency scenario ( loss of mooring line )；失效后果=Weakening of cable materials - loss of production；S=4.4；O=1.8；D=3；RPN=18.5；建议措施=Monitoring: DTS/RTTR, electrical integrity tests, leak detection; -。",正确,1.0,12.86,确定性规则问答,1.0,1.0,0,,1,,,18.5,,,Weakening of cable materials - loss of production,18.5,项目/功能；潜在失效模式；潜在失效后果；风险优先数(RPN),119,
1322,1322,Full全量模型,无,风险影响评估类,项目失效现象查后果与RPN,后果与风险指标查询,,,中等,在“Dynamic cable / Dynamic Cable / Fiber optic”中，失效模式“Mechanical degradation”的风险影响如何？请给出后果和RPN。,RPN=12,匹配到1条记录：1) FMEA编号=DC24；项目/功能=Dynamic cable / Dynamic Cable / Fiber optic；失效模式=Mechanical degradation [20]；失效原因=Operation；S=2.5；O=1.75；D=2.5；RPN=12；建议措施=-。,正确,1.0,12.89,确定性规则问答,1.0,1.0,0,,1,,,12.0,,,,12.0,项目/功能；潜在失效模式；潜在失效后果；风险优先数(RPN),120,
1323,1323,Full全量模型,无,风险影响评估类,项目失效现象查后果与RPN,后果与风险指标查询,,,中等,在“Dynamic cable / Dynamic Cable / Cable Protection System”中，失效模式“Movement of CPS due to scour/seabed mobility”的风险影响如何？请给出后果和RPN。,Cable being vulnerable to scour and need for repair or replacement；RPN=38.4,"匹配到3条记录：1) FMEA编号=DC25；项目/功能=Dynamic cable / Dynamic Cable / Cable Protection System (CPS)；失效模式=Movement of CPS due to scour/seabed mobility [6]；失效原因=Design Phase; Design inefficiency [6]；失效后果=Cable being vulnerable to scour and need for repair or replacement；S=3.8；O=2.2；D=4.4；RPN=38.4；建议措施=-；2) FMEA编号=DC26；项目/功能=Dynamic cable / Dynamic Cable / Cable Protection System (CPS)；失效模式=Movement of CPS due to scour/seabed mobility [6]；失效原因=Design Phase; lack of data of the deployment location [4,6]；失效后果=Cable being vulnerable to scour and need for repair or replacement；S=3.8；O=2.6；D=4.4；RPN=44；建议措施=Burial/trenching optimization; scour mitigation; as-built metrology; -；3) FMEA编号=DC27；项目/功能=Dynamic cable / Dynamic Cable / Cable Protection System (CPS)；失效模式=Movement of CPS due to scour/seabed mobility [6]；失效原因=Installation phase; incorrect installation [6]；失效后果=Cable being vulnerable to scour and need for repair or replacement；S=3.8；O=2.8；D=4；RPN=41.6；建议措施=Burial/trenching optimization; scour mitigation; as-built metrology; -。",正确,1.0,13.13,确定性规则问答,1.0,1.0,1,,3,,,38.4,,3.0；2.0；3.0,Cable being vulnerable to scour and need for repair or replacement,38.4,项目/功能；潜在失效模式；潜在失效后果；风险优先数(RPN),121,
1324,1324,Full全量模型,无,风险影响评估类,项目失效现象查后果与RPN,后果与风险指标查询,,,中等,在“Dynamic cable / Dynamic Cable / Dynamic Cable”中，失效模式“Premature damage of outer protection layer”的风险影响如何？请给出后果和RPN。,"Structural damage - cable weakening, exposure to elements；RPN=29","匹配到1条记录：1) FMEA编号=DC28；项目/功能=Dynamic cable / Dynamic Cable / Dynamic Cable/；失效模式=Premature damage of outer protection layer；失效原因=Environmental conditions; Environmental exposure - wear；失效后果=Structural damage - cable weakening, exposure to elements；S=3.6；O=2.2；D=3.75；RPN=29；建议措施=-。",正确,1.0,12.76,确定性规则问答,1.0,1.0,0,,1,,,29.0,,,"Structural damage - cable weakening, exposure to elements",29.0,项目/功能；潜在失效模式；潜在失效后果；风险优先数(RPN),124,
1325,1325,Full全量模型,无,风险影响评估类,项目失效现象查后果与RPN,后果与风险指标查询,,,中等,在“Dynamic cable / Dynamic Cable / Static cable/Export Cable”中，失效模式“Reduced sediment cover lower than designed value for protection”的风险影响如何？请给出后果和RPN。,"need for re-burial, change of cable protection requirement or even replacement of cable；RPN=28.6","匹配到2条记录：1) FMEA编号=DC29；项目/功能=Dynamic cable / Dynamic Cable / Static cable/Export Cable；失效模式=Reduced sediment cover lower than designed value for protection [6]；失效原因=Design Phase; Insufficient information for the deployment location [6]；失效后果=need for re-burial, change of cable protection requirement or even replacement of cable；S=3.6；O=2.4；D=3.8；RPN=28.6；建议措施=Burial/trenching optimization; scour mitigation; as-built metrology; Monitoring: DTS/RTTR, electrical integrity tests, leak detection; -；2) FMEA编号=DC31；项目/功能=Dynamic cable / Dynamic Cable / Static cable/Export Cable；失效模式=Reduced sediment cover lower than designed value for protection [6]；失效原因=Environmental conditions; exposure of seabed cover to extreme environmental phenomena；失效后果=need for re-burial, change of cable protection requirement or even replacement of cable；S=3.6；O=2.2；D=4.2；RPN=29.6；建议措施=-。",正确,1.0,13.11,确定性规则问答,1.0,1.0,1,,2,,,28.6,,2.0；2.0,"need for re-burial, change of cable protection requirement or even replacement of cable",28.6,项目/功能；潜在失效模式；潜在失效后果；风险优先数(RPN),125,
1326,1326,Full全量模型,无,风险影响评估类,项目失效现象查后果与RPN,后果与风险指标查询,,,中等,在“Dynamic cable / Dynamic Cable / Dynamic Cable (Touchdown point)”中，失效模式“Reduced sediment cover lower than designed value for protection”的风险影响如何？请给出后果和RPN。,"need for re-burial, change of cable protection requirement or even replacement of cable；RPN=0","匹配到1条记录：1) FMEA编号=DC30；项目/功能=Dynamic cable / Dynamic Cable / Dynamic Cable (Touchdown point)；失效模式=Reduced sediment cover lower than designed value for protection [6]；失效原因=Design Phase; Insufficient information for the deployment location [6]；失效后果=need for re-burial, change of cable protection requirement or even replacement of cable；S=4；O=2；D=3.5；RPN=0；建议措施=-。",正确,1.0,13.25,确定性规则问答,1.0,1.0,0,,1,,,0.0,,,"need for re-burial, change of cable protection requirement or even replacement of cable",0.0,项目/功能；潜在失效模式；潜在失效后果；风险优先数(RPN),126,
1327,1327,Full全量模型,无,风险影响评估类,项目失效现象查后果与RPN,后果与风险指标查询,,,中等,在“Dynamic cable / Dynamic Cable / Dynamic Cable”中，失效模式“Small bending radius”的风险影响如何？请给出后果和RPN。,Cable damage - insulation degradation；RPN=28.6,匹配到1条记录：1) FMEA编号=DC32；项目/功能=Dynamic cable / Dynamic Cable / Dynamic Cable/；失效模式=Small bending radius；失效原因=Operation; Mechanical stress - excessive bending；失效后果=Cable damage - insulation degradation；S=3.4；O=2.6；D=3.2；RPN=28.6；建议措施=Lazy-wave configuration optimization; buoyancy spacing; hang-off upgrades; -。,正确,1.0,12.81,确定性规则问答,1.0,1.0,0,,1,,,28.6,,,Cable damage - insulation degradation,28.6,项目/功能；潜在失效模式；潜在失效后果；风险优先数(RPN),128,
1328,1328,Full全量模型,无,风险影响评估类,失效现象查完整风险画像,完整风险画像,,,困难,请评估“Abnormal vibration”这类故障：后果、S/O/D/RPN分别是什么？,Excessive Fatigue Life Consumption；S=4.4；O=3；D=2.5；RPN=33.33,失效模式是：Abnormal vibration；项目/功能是：Transition piece / Transition Piece (TP) / Primary structure & welding；失效后果是：potential tower connections failure。,错误,0.0,60.13,语义RAG,0.8333,1.0,0,1.0,6,Excessive Fatigue Life Consumption,4.4；3.0；2.5；33.33,,,,Excessive Fatigue Life Consumption,4.4；3.0；2.5；33.33,潜在失效模式；潜在失效后果；严酷度(S)；发生度(O)；可探测度(D)；风险优先数(RPN),0,
1329,1329,Full全量模型,无,风险影响评估类,失效现象查完整风险画像,完整风险画像,,,困难,请评估“Cracks”这类故障：后果、S/O/D/RPN分别是什么？,Failure of whole facility and vast economic loses；S=3.8；O=2；D=3；RPN=26,失效模式是：Structural plastic deformation [11]；项目/功能是：Floating support structure / Floating Support structure / All structures；失效后果是：Local stress accumulation。,错误,0.0,56.39,语义RAG,0.0,0.6,0,0.6,6,Failure of whole facility and vast economic loses,3.8；2.0；3.0；26.0,,,,Failure of whole facility and vast economic loses,3.8；2.0；3.0；26.0,潜在失效模式；潜在失效后果；严酷度(S)；发生度(O)；可探测度(D)；风险优先数(RPN),4,
1330,1330,Full全量模型,无,风险影响评估类,失效现象查完整风险画像,完整风险画像,,,困难,请评估“Plastic deformation”这类故障：后果、S/O/D/RPN分别是什么？,Potential collapse；S=4；O=2.25；D=3；RPN=25.67,失效模式是：Structural plastic deformation；项目/功能是：Transition piece / Transition Piece (TP) / Primary stucture；失效后果是：Local stress accumulation。,错误,0.0,50.57,语义RAG,0.8333,1.0,0,1.0,6,Potential collapse,4.0；2.25；3.0；25.67,,,,Potential collapse,4.0；2.25；3.0；25.67,潜在失效模式；潜在失效后果；严酷度(S)；发生度(O)；可探测度(D)；风险优先数(RPN),21,
1331,1331,Full全量模型,无,风险影响评估类,失效现象查完整风险画像,完整风险画像,,,困难,请评估“Tower collapse”这类故障：后果、S/O/D/RPN分别是什么？,Failure of whole facility and vast economic loses；S=5；O=1.5；D=3.33；RPN=21.33,失效模式是：Tower collapse；项目/功能是：Tower / Tower (TO) / Primary steelwork；失效后果是：Failure of whole facility and vast economic loses。,错误,0.2,65.1,语义RAG,0.3333,1.0,0,1.0,6,,5.0；1.5；3.33；21.33,,,,Failure of whole facility and vast economic loses,5.0；1.5；3.33；21.33,潜在失效模式；潜在失效后果；严酷度(S)；发生度(O)；可探测度(D)；风险优先数(RPN),23,
1332,1332,Full全量模型,无,风险影响评估类,失效现象查完整风险画像,完整风险画像,,,困难,请评估“Transition piece break”这类故障：后果、S/O/D/RPN分别是什么？,"Tower Unit collapse, Floater Unit damage；S=4.75；O=2.5；D=3；RPN=36.5","失效模式是：Transition piece break；项目/功能是：Transition piece / Transition Piece (TP) / Primary structure；失效后果是：tension failure (rupture), buckling of the transition piece/ Tower unit damage。",错误,0.0,67.41,语义RAG,0.5,1.0,0,1.0,6,"Tower Unit collapse, Floater Unit damage",4.75；2.5；3.0；36.5,,,,"Tower Unit collapse, Floater Unit damage",4.75；2.5；3.0；36.5,潜在失效模式；潜在失效后果；严酷度(S)；发生度(O)；可探测度(D)；风险优先数(RPN),24,
1333,1333,Full全量模型,无,风险影响评估类,失效现象查完整风险画像,完整风险画像,,,困难,请评估“Structural plastic deformation”这类故障：后果、S/O/D/RPN分别是什么？,Local stress accumulation；S=4；O=2.5；D=3；RPN=32,失效模式是：Structural plastic deformation；项目/功能是：Transition piece / Transition Piece (TP) / Primary stucture；失效后果是：Local stress accumulation。,错误,0.2,65.59,语义RAG,0.6667,1.0,0,1.0,6,,4.0；2.5；3.0；32.0,,,,Local stress accumulation,4.0；2.5；3.0；32.0,潜在失效模式；潜在失效后果；严酷度(S)；发生度(O)；可探测度(D)；风险优先数(RPN),26,
1334,1334,Full全量模型,无,风险影响评估类,失效现象查完整风险画像,完整风险画像,,,困难,请评估“Capsize”这类故障：后果、S/O/D/RPN分别是什么？,"Watertight fault, Potential Floater Unit sinkage；S=4.57；O=2.29；D=3.86；RPN=27.2",失效模式是：Structural plastic deformation [11]；项目/功能是：Floating support structure / Floating Support structure / All structures；失效后果是：Local stress accumulation。,错误,0.0,65.31,语义RAG,0.0,0.0,0,0.0,6,"Watertight fault, Potential Floater Unit sinkage",4.57；2.29；3.86；27.2,,,,"Watertight fault, Potential Floater Unit sinkage",4.57；2.29；3.86；27.2,潜在失效模式；潜在失效后果；严酷度(S)；发生度(O)；可探测度(D)；风险优先数(RPN),45,
1335,1335,Full全量模型,无,风险影响评估类,失效现象查完整风险画像,完整风险画像,,,困难,请评估“Additional Structures Failures”这类故障：后果、S/O/D/RPN分别是什么？,Potential failure；S=3.43；O=2.86；D=3.17；RPN=40.14,失效模式是：Additional Structures Failures；项目/功能是：Floating support structure / Floating Support structure / Secondary structure；失效后果是：Potential failure of landing platform。,错误,0.2,66.92,语义RAG,0.1667,0.2,0,0.2,6,,3.43；2.86；3.17；40.14,,,,Potential failure,3.43；2.86；3.17；40.14,潜在失效模式；潜在失效后果；严酷度(S)；发生度(O)；可探测度(D)；风险优先数(RPN),47,
1336,1336,Full全量模型,无,风险影响评估类,失效现象查完整风险画像,完整风险画像,,,困难,请评估“Hit by dropped objects”这类故障：后果、S/O/D/RPN分别是什么？,"Damage to the facility, vast economic loses；S=3.57；O=2.17；D=4.14；RPN=24.86","失效模式是：Hit by dropped objects [1,9]；项目/功能是：Floating support structure / Floating Support structure / All structures；失效后果是：Damage to the facility, vast economic loses。",错误,0.2,76.34,语义RAG,0.5,1.0,0,1.0,6,,3.57；2.17；4.14；24.86,,,,"Damage to the facility, vast economic loses",3.57；2.17；4.14；24.86,潜在失效模式；潜在失效后果；严酷度(S)；发生度(O)；可探测度(D)；风险优先数(RPN),48,
1337,1337,Full全量模型,无,风险影响评估类,失效现象查完整风险画像,完整风险画像,,,困难,请评估“Structural break”这类故障：后果、S/O/D/RPN分别是什么？,Structural reassessment；S=4.33；O=1.67；D=3.5；RPN=25,失效模式是：Structural break [11]；项目/功能是：Floating support structure / Floating Support structure / Primary structure & Welding；失效后果是：Tower collapse。,错误,0.0,63.32,语义RAG,0.1667,0.2,0,0.2,6,Structural reassessment,4.33；1.67；3.5；25.0,,,,Structural reassessment,4.33；1.67；3.5；25.0,潜在失效模式；潜在失效后果；严酷度(S)；发生度(O)；可探测度(D)；风险优先数(RPN),49,
1338,1338,Full全量模型,无,风险影响评估类,失效现象查完整风险画像,完整风险画像,,,困难,请评估“Watertight fault”这类故障：后果、S/O/D/RPN分别是什么？,Potential Failure/Asset damage Energy production loss；S=3.83；O=2.83；D=3.33；RPN=31.2,失效模式是：Watertight fault [1]；项目/功能是：Floating support structure / Floating Support structure / Secondary structure；失效后果是：Asset damage Energy production loss/reduced stability。,错误,0.0,64.91,语义RAG,0.6667,0.2,0,0.2,6,Potential Failure/Asset damage Energy production loss,3.83；2.83；3.33；31.2,,,,Potential Failure/Asset damage Energy production loss,3.83；2.83；3.33；31.2,潜在失效模式；潜在失效后果；严酷度(S)；发生度(O)；可探测度(D)；风险优先数(RPN),57,
1339,1339,Full全量模型,无,风险影响评估类,失效现象查完整风险画像,完整风险画像,,,困难,请评估“Floater unit sinkage”这类故障：后果、S/O/D/RPN分别是什么？,Potential Failure/Asset damage Energy production loss；S=4.83；O=1.83；D=3.4；RPN=26.86,失效模式是：Floater unit sinkage；项目/功能是：Floating support structure / Floating Support structure / Secondary structure；失效后果是：Potential Failure/Asset damage Energy production loss。,错误,0.2,72.78,语义RAG,0.8333,1.0,0,1.0,6,,4.83；1.83；3.4；26.86,,,,Potential Failure/Asset damage Energy production loss,4.83；1.83；3.4；26.86,潜在失效模式；潜在失效后果；严酷度(S)；发生度(O)；可探测度(D)；风险优先数(RPN),58,
1340,1340,Full全量模型,无,风险影响评估类,失效现象查完整风险画像,完整风险画像,,,困难,请评估“Anchor failure”这类故障：后果、S/O/D/RPN分别是什么？,Anchor failure；S=4.2；O=2.2；D=3.8；RPN=34,"失效模式是：Anchor failure [1], [17]；项目/功能是：Station keeping / Anchor (AC)；失效后果是：Anchor failure。",错误,0.2,71.85,语义RAG,0.3333,1.0,0,1.0,6,,4.2；2.2；3.8；34.0,,,,Anchor failure,4.2；2.2；3.8；34.0,潜在失效模式；潜在失效后果；严酷度(S)；发生度(O)；可探测度(D)；风险优先数(RPN),75,
1341,1341,Full全量模型,无,风险影响评估类,失效现象查完整风险画像,完整风险画像,,,困难,请评估“Failure in buoyancy element”这类故障：后果、S/O/D/RPN分别是什么？,S=3；O=3；D=3.25；RPN=29.25,后果: 未记录 S: 3 O: 3 D: 3.25 RPN: 29.25,正确,1.0,857.4,语义RAG,0.3333,1.0,0,1.0,6,,,3.0；3.0；3.25；29.25,,,,3.0；3.0；3.25；29.25,潜在失效模式；潜在失效后果；严酷度(S)；发生度(O)；可探测度(D)；风险优先数(RPN),77,
1342,1342,Full全量模型,无,风险影响评估类,失效现象查完整风险画像,完整风险画像,,,困难,请评估“Failure in clump weight”这类故障：后果、S/O/D/RPN分别是什么？,S=3；O=2.75；D=3.5；RPN=28.5,后果: 未记录 S: 3 O: 2.75 D: 3.5 RPN: 28.5,正确,1.0,900.77,语义RAG,0.3333,1.0,0,1.0,6,,,3.0；2.75；3.5；28.5,,,,3.0；2.75；3.5；28.5,潜在失效模式；潜在失效后果；严酷度(S)；发生度(O)；可探测度(D)；风险优先数(RPN),78,
1343,1343,Full全量模型,无,风险影响评估类,失效现象查完整风险画像,完整风险画像,,,困难,请评估“Fairlead failure”这类故障：后果、S/O/D/RPN分别是什么？,The anchor cannot be dropped and lift；S=3.8；O=2.8；D=3；RPN=30,"失效模式是：Anchor failure [1], [17]；项目/功能是：Station keeping / Anchor (AC)；失效后果是：Anchor failure。",错误,0.0,54.81,语义RAG,0.0,0.4,0,0.4,6,The anchor cannot be dropped and lift,3.8；2.8；3.0；30.0,,,,The anchor cannot be dropped and lift,3.8；2.8；3.0；30.0,潜在失效模式；潜在失效后果；严酷度(S)；发生度(O)；可探测度(D)；风险优先数(RPN),79,
1344,1344,Full全量模型,无,风险影响评估类,失效现象查完整风险画像,完整风险画像,,,困难,请评估“Monitoring system fails”这类故障：后果、S/O/D/RPN分别是什么？,Unable to monitor tension in the mooring lines；S=2.6；O=3.2；D=2；RPN=13.5,失效模式是：Additional Structures Failures；项目/功能是：Floating support structure / Floating Support structure / Secondary structure；失效后果是：Potential failure of landing platform。,错误,0.0,65.05,语义RAG,0.0,0.2,0,0.2,6,Unable to monitor tension in the mooring lines,2.6；3.2；2.0；13.5,,,,Unable to monitor tension in the mooring lines,2.6；3.2；2.0；13.5,潜在失效模式；潜在失效后果；严酷度(S)；发生度(O)；可探测度(D)；风险优先数(RPN),81,
1345,1345,Full全量模型,无,风险影响评估类,失效现象查完整风险画像,完整风险画像,,,困难,请评估“Mooring line breakage”这类故障：后果、S/O/D/RPN分别是什么？,Mooring line strength decrease or broken；S=4；O=2.4；D=3.2；RPN=28.8,失效模式是：Mooring line breakage[8]；项目/功能是：Station keeping / Mooring Lines (ML) / Mooring lines；失效后果是：Mooring line strength decrease or broken。,错误,0.2,68.37,语义RAG,0.5,1.0,0,1.0,6,,4.0；2.4；3.2；28.8,,,,Mooring line strength decrease or broken,4.0；2.4；3.2；28.8,潜在失效模式；潜在失效后果；严酷度(S)；发生度(O)；可探测度(D)；风险优先数(RPN),82,
1346,1346,Full全量模型,无,风险影响评估类,失效现象查完整风险画像,完整风险画像,,,困难,请评估“Mooring Line Corrosion”这类故障：后果、S/O/D/RPN分别是什么？,Mooring line strength decrease or broken；S=3.6；O=2.8；D=3；RPN=29.2,失效模式是：Structural plastic deformation [11]；项目/功能是：Floating support structure / Floating Support structure / All structures；失效后果是：Local stress accumulation。,错误,0.0,60.16,语义RAG,0.0,0.2,0,0.2,6,Mooring line strength decrease or broken,3.6；2.8；3.0；29.2,,,,Mooring line strength decrease or broken,3.6；2.8；3.0；29.2,潜在失效模式；潜在失效后果；严酷度(S)；发生度(O)；可探测度(D)；风险优先数(RPN),85,
1347,1347,Full全量模型,无,风险影响评估类,失效现象查完整风险画像,完整风险画像,,,困难,请评估“Mooring Line Fatigue”这类故障：后果、S/O/D/RPN分别是什么？,Mooring line strength decrease or broken；S=3.6；O=2.8；D=3；RPN=29.6,失效模式是：Structural plastic deformation [11]；项目/功能是：Floating support structure / Floating Support structure / All structures；失效后果是：Local stress accumulation。,错误,0.0,59.37,语义RAG,0.0,0.2,0,0.2,6,Mooring line strength decrease or broken,3.6；2.8；3.0；29.6,,,,Mooring line strength decrease or broken,3.6；2.8；3.0；29.6,潜在失效模式；潜在失效后果；严酷度(S)；发生度(O)；可探测度(D)；风险优先数(RPN),86,
1348,1348,Full全量模型,无,风险影响评估类,失效现象查完整风险画像,完整风险画像,,,困难,请评估“Mooring line wear”这类故障：后果、S/O/D/RPN分别是什么？,Mooring line strength decrease or broken；S=3.6；O=2.8；D=3.6；RPN=35.6,失效模式是：Mooring line wear [1]；项目/功能是：Station keeping / Mooring Lines (ML) / Mooring lines；失效后果是：Mooring line strength decrease or broken。,错误,0.2,45.86,语义RAG,0.6667,1.0,0,1.0,6,,3.6；2.8；3.6；35.6,,,,Mooring line strength decrease or broken,3.6；2.8；3.6；35.6,潜在失效模式；潜在失效后果；严酷度(S)；发生度(O)；可探测度(D)；风险优先数(RPN),88,
1349,1349,Full全量模型,无,风险影响评估类,失效现象查完整风险画像,完整风险画像,,,困难,请评估“Mooring lines broken”这类故障：后果、S/O/D/RPN分别是什么？,Asset not in correct location or position；S=4；O=2.4；D=2.6；RPN=24.8,"失效模式是：Mooring lines broken [1,3]；项目/功能是：Station keeping / Mooring lines (ML) / Mooring lines；失效后果是：Asset not in correct location or position。",错误,0.2,53.44,语义RAG,0.1667,0.8,0,0.8,6,,4.0；2.4；2.6；24.8,,,,Asset not in correct location or position,4.0；2.4；2.6；24.8,潜在失效模式；潜在失效后果；严酷度(S)；发生度(O)；可探测度(D)；风险优先数(RPN),91,
1350,1350,Full全量模型,无,风险影响评估类,失效现象查完整风险画像,完整风险画像,,,困难,请评估“Mooring winch failure”这类故障：后果、S/O/D/RPN分别是什么？,Asset not in correct location or position；S=4；O=2；D=2.8；RPN=21.6,后果: Asset not in correct location or position S: 4 O: 2 D: 3.2 RPN: 25.6,错误,0.6,949.02,语义RAG,0.5,1.0,0,1.0,6,,2.8；21.6,4.0；2.0,,,Asset not in correct location or position,4.0；2.0；2.8；21.6,潜在失效模式；潜在失效后果；严酷度(S)；发生度(O)；可探测度(D)；风险优先数(RPN),95,
1351,1351,Full全量模型,无,风险影响评估类,失效现象查完整风险画像,完整风险画像,,,困难,请评估“accelerated mechanical fatigue”这类故障：后果、S/O/D/RPN分别是什么？,Structural damage - cable composition weakening；S=4.2；O=2.2；D=3.75；RPN=30.25,失效模式是：accelerated mechanical fatigue；项目/功能是：Dynamic cable / Dynamic Cable / Dynamic Cable/；失效后果是：Structural damage - cable composition weakening。,错误,0.2,63.49,语义RAG,0.1667,1.0,0,1.0,6,,4.2；2.2；3.75；30.25,,,,Structural damage - cable composition weakening,4.2；2.2；3.75；30.25,潜在失效模式；潜在失效后果；严酷度(S)；发生度(O)；可探测度(D)；风险优先数(RPN),97,
1352,1352,Full全量模型,无,风险影响评估类,失效现象查完整风险画像,完整风险画像,,,困难,请评估“anchoring damages”这类故障：后果、S/O/D/RPN分别是什么？,Structural integrity damage - extra stress on cables；S=4.2；O=1.6；D=2.4；RPN=20,失效模式是：anchoring damages；项目/功能是：Dynamic cable / Dynamic Cable / Dynamic Cable/；失效后果是：Structural integrity damage - extra stress on cables。,错误,0.2,59.28,语义RAG,0.1667,1.0,0,1.0,6,,4.2；1.6；2.4；20.0,,,,Structural integrity damage - extra stress on cables,4.2；1.6；2.4；20.0,潜在失效模式；潜在失效后果；严酷度(S)；发生度(O)；可探测度(D)；风险优先数(RPN),98,
1353,1353,Full全量模型,无,风险影响评估类,失效现象查完整风险画像,完整风险画像,,,困难,请评估“Cable Damage”这类故障：后果、S/O/D/RPN分别是什么？,Operational disruption；S=2.67；O=3；D=3；RPN=32,失效模式是：Structural plastic deformation [11]；项目/功能是：Floating support structure / Floating Support structure / All structures；失效后果是：Local stress accumulation。,错误,0.0,75.09,语义RAG,0.1667,0.6,0,0.6,6,Operational disruption,2.67；3.0；3.0；32.0,,,,Operational disruption,2.67；3.0；3.0；32.0,潜在失效模式；潜在失效后果；严酷度(S)；发生度(O)；可探测度(D)；风险优先数(RPN),99,
1354,1354,Full全量模型,无,风险影响评估类,失效现象查完整风险画像,完整风险画像,,,困难,请评估“Corrosion of J-tube”这类故障：后果、S/O/D/RPN分别是什么？,J-tube degradation affecting cable integrity；S=2.8；O=2.8；D=3.2；RPN=22.5,后果: J-tube degradation affecting cable integrity S: 2.8 O: 2.8 D: 3.2 RPN: 22.5,正确,1.0,960.57,语义RAG,0.5,1.0,0,1.0,6,,,2.8；2.8；3.2；22.5,,,J-tube degradation affecting cable integrity,2.8；2.8；3.2；22.5,潜在失效模式；潜在失效后果；严酷度(S)；发生度(O)；可探测度(D)；风险优先数(RPN),100,
1355,1355,Full全量模型,无,风险影响评估类,失效现象查完整风险画像,完整风险画像,,,困难,请评估“Crushing or deformation”这类故障：后果、S/O/D/RPN分别是什么？,Structural damage - cable weakening；S=3.8；O=1.8；D=3.2；RPN=24,失效模式是：Crushing or deformation；项目/功能是：Dynamic cable / Dynamic Cable / Dynamic Cable/；失效后果是：Structural damage - cable weakening。,错误,0.2,66.4,语义RAG,0.1667,1.0,0,1.0,6,,3.8；1.8；3.2；24.0,,,,Structural damage - cable weakening,3.8；1.8；3.2；24.0,潜在失效模式；潜在失效后果；严酷度(S)；发生度(O)；可探测度(D)；风险优先数(RPN),102,
1356,1356,Full全量模型,无,风险影响评估类,失效现象查完整风险画像,完整风险画像,,,困难,请评估“damage and corrosion of mechanical parts”这类故障：后果、S/O/D/RPN分别是什么？,High risk of fault on the cable - total loss of the line Prodution loss on the string；S=3.2；O=1.75；D=3.5；RPN=24,失效模式是：damage and corrosion of mechanical parts；项目/功能是：Dynamic cable / Dynamic Cable / Hang-off；失效后果是：High risk of fault on the cable - total loss of the line Prodution loss on the string。,错误,0.2,51.36,语义RAG,0.1667,1.0,0,1.0,6,,3.2；1.75；3.5；24.0,,,,High risk of fault on the cable - total loss of the line Prodution loss on the string,3.2；1.75；3.5；24.0,潜在失效模式；潜在失效后果；严酷度(S)；发生度(O)；可探测度(D)；风险优先数(RPN),103,
1357,1357,Full全量模型,无,风险影响评估类,失效现象查完整风险画像,完整风险画像,,,困难,请评估“Debris disturbance”这类故障：后果、S/O/D/RPN分别是什么？,Cable damage - operational disruption；S=3.2；O=2；D=3.2；RPN=16,失效模式是：Debris disturbance；项目/功能是：Dynamic cable / Dynamic Cable / Dynamic Cable/；失效后果是：Cable damage - operational disruption。,错误,0.2,58.7,语义RAG,0.1667,1.0,0,1.0,6,,3.2；2.0；3.2；16.0,,,,Cable damage - operational disruption,3.2；2.0；3.2；16.0,潜在失效模式；潜在失效后果；严酷度(S)；发生度(O)；可探测度(D)；风险优先数(RPN),104,
1358,1358,Full全量模型,无,风险影响评估类,失效现象查完整风险画像,完整风险画像,,,困难,请评估“Detachment”这类故障：后果、S/O/D/RPN分别是什么？,cable disconnection - water penetration - Power loss；S=4.4；O=2；D=2.4；RPN=18.5,失效模式是：Structural plastic deformation [11]；项目/功能是：Floating support structure / Floating Support structure / All structures；失效后果是：Local stress accumulation。,错误,0.0,57.93,语义RAG,0.0,0.2,0,0.2,6,cable disconnection - water penetration - Power loss,4.4；2.0；2.4；18.5,,,,cable disconnection - water penetration - Power loss,4.4；2.0；2.4；18.5,潜在失效模式；潜在失效后果；严酷度(S)；发生度(O)；可探测度(D)；风险优先数(RPN),105,
1359,1359,Full全量模型,无,风险影响评估类,失效现象查完整风险画像,完整风险画像,,,困难,请评估“Failure of end termination”这类故障：后果、S/O/D/RPN分别是什么？,breakdown of insulation；S=3.6；O=2.6；D=2.8；RPN=25.2,后果: breakdown of insulation S: 3.8 O: 2.6 D: 3.2 RPN: 28.6,错误,0.4,960.38,语义RAG,0.6667,1.0,0,1.0,6,,3.6；2.8；25.2,2.6,,,breakdown of insulation,3.6；2.6；2.8；25.2,潜在失效模式；潜在失效后果；严酷度(S)；发生度(O)；可探测度(D)；风险优先数(RPN),106,
1360,1360,Full全量模型,无,风险影响评估类,失效现象查完整风险画像,完整风险画像,,,困难,请评估“Failure of fixing clamps”这类故障：后果、S/O/D/RPN分别是什么？,Cable damage - exposure to elements；S=3.6；O=2.6；D=3；RPN=28,失效模式是：Failure of fixing clamps；项目/功能是：Dynamic cable / Dynamic Cable / Dynamic Cable/；失效后果是：Cable damage - exposure to elements。,错误,0.2,65.91,语义RAG,0.1667,1.0,0,1.0,6,,3.6；2.6；3.0；28.0,,,,Cable damage - exposure to elements,3.6；2.6；3.0；28.0,潜在失效模式；潜在失效后果；严酷度(S)；发生度(O)；可探测度(D)；风险优先数(RPN),109,
1361,1361,Full全量模型,无,风险影响评估类,失效现象查完整风险画像,完整风险画像,,,困难,请评估“Failure of insulations”这类故障：后果、S/O/D/RPN分别是什么？,Fault in the cable - power disruption；S=4.4；O=2.2；D=2.8；RPN=25.6,后果：Fault in the cable - power disruption S：4.4 O：2.2 D：2.8 RPN：25.6,正确,1.0,895.52,语义RAG,0.3333,1.0,0,1.0,6,,,4.4；2.2；2.8；25.6,,,Fault in the cable - power disruption,4.4；2.2；2.8；25.6,潜在失效模式；潜在失效后果；严酷度(S)；发生度(O)；可探测度(D)；风险优先数(RPN),110,
1362,1362,Full全量模型,无,风险影响评估类,失效现象查完整风险画像,完整风险画像,,,困难,请评估“Failure of sheath”这类故障：后果、S/O/D/RPN分别是什么？,Fault in the cable - exposure to elements；S=4.2；O=2.4；D=3；RPN=31.6,后果=Fault in the cable - exposure to elements; S=4.2; O=2.4; D=3; RPN=31.6;,正确,1.0,868.71,语义RAG,0.3333,1.0,0,1.0,6,,,4.2；2.4；3.0；31.6,,,Fault in the cable - exposure to elements,4.2；2.4；3.0；31.6,潜在失效模式；潜在失效后果；严酷度(S)；发生度(O)；可探测度(D)；风险优先数(RPN),111,
1363,1363,Full全量模型,无,风险影响评估类,失效现象查完整风险画像,完整风险画像,,,困难,请评估“Failure of watertightness”这类故障：后果、S/O/D/RPN分别是什么？,Reduced or interupted electricity flow；S=4.2；O=2.6；D=3；RPN=30.2,失效模式是：Failure of watertightness；项目/功能是：Dynamic cable / Dynamic Cable / Dynamic Cable/；失效后果是：Reduced or interupted electricity flow。,错误,0.2,58.37,语义RAG,0.3333,1.0,0,1.0,6,,4.2；2.6；3.0；30.2,,,,Reduced or interupted electricity flow,4.2；2.6；3.0；30.2,潜在失效模式；潜在失效后果；严酷度(S)；发生度(O)；可探测度(D)；风险优先数(RPN),112,
1364,1364,Full全量模型,无,风险影响评估类,失效现象查完整风险画像,完整风险画像,,,困难,请评估“failures of conductors”这类故障：后果、S/O/D/RPN分别是什么？,Electrical faults - loss of production；S=4.2；O=2.4；D=2.4；RPN=25,后果=Electrical faults - loss of production S=4.2 O=2.4 D=2.4 RPN=25,正确,1.0,835.28,语义RAG,0.3333,1.0,0,1.0,6,,,4.2；2.4；2.4；25.0,,,Electrical faults - loss of production,4.2；2.4；2.4；25.0,潜在失效模式；潜在失效后果；严酷度(S)；发生度(O)；可探测度(D)；风险优先数(RPN),114,
1365,1365,Full全量模型,无,风险影响评估类,失效现象查完整风险画像,完整风险画像,,,困难,请评估“Fatigue Cracks”这类故障：后果、S/O/D/RPN分别是什么？,Crack may evolve in a fault of the cable - Cable weakening；S=4.2；O=2.4；D=3.6；RPN=35.6,失效模式是：Structural plastic deformation [11]；项目/功能是：Floating support structure / Floating Support structure / All structures；失效后果是：Local stress accumulation。,错误,0.0,61.9,语义RAG,0.0,0.0,0,0.0,6,Crack may evolve in a fault of the cable - Cable weakening,4.2；2.4；3.6；35.6,,,,Crack may evolve in a fault of the cable - Cable weakening,4.2；2.4；3.6；35.6,潜在失效模式；潜在失效后果；严酷度(S)；发生度(O)；可探测度(D)；风险优先数(RPN),115,
1366,1366,Full全量模型,无,风险影响评估类,失效现象查完整风险画像,完整风险画像,,,困难,请评估“Geo-Hazards”这类故障：后果、S/O/D/RPN分别是什么？,"Cable damage, production disruption；S=4.6；O=1.4；D=3.5；RPN=32","失效模式是：Geo-Hazards；项目/功能是：Dynamic cable / Dynamic Cable / Dynamic Cable/；失效后果是：Cable damage, production disruption。",错误,0.2,48.72,语义RAG,0.1667,1.0,0,1.0,6,,4.6；1.4；3.5；32.0,,,,"Cable damage, production disruption",4.6；1.4；3.5；32.0,潜在失效模式；潜在失效后果；严酷度(S)；发生度(O)；可探测度(D)；风险优先数(RPN),116,
1367,1367,Full全量模型,无,风险影响评估类,失效现象查完整风险画像,完整风险画像,,,困难,请评估“Loss of dynamic positioning”这类故障：后果、S/O/D/RPN分别是什么？,Cables stress；S=3.4；O=2.6；D=3；RPN=26,失效模式是：Loss of dynamic positioning；项目/功能是：Dynamic cable / Dynamic Cable / Dynamic Cable/；失效后果是：Cables stress。,错误,0.2,72.5,语义RAG,0.1667,1.0,0,1.0,6,,3.4；2.6；3.0；26.0,,,,Cables stress,3.4；2.6；3.0；26.0,潜在失效模式；潜在失效后果；严酷度(S)；发生度(O)；可探测度(D)；风险优先数(RPN),117,
1368,1368,Full全量模型,无,风险影响评估类,失效现象查完整风险画像,完整风险画像,,,困难,请评估“Loss of float bility (water adsorption)”这类故障：后果、S/O/D/RPN分别是什么？,S=3.5；O=2.5；D=3；RPN=24,后果: 未记录 S: 3.5 O: 2.5 D: 3 RPN: 24,正确,1.0,898.09,语义RAG,0.3333,1.0,0,1.0,6,,,3.5；2.5；3.0；24.0,,,,3.5；2.5；3.0；24.0,潜在失效模式；潜在失效后果；严酷度(S)；发生度(O)；可探测度(D)；风险优先数(RPN),118,
1369,1369,Full全量模型,无,风险影响评估类,失效现象查完整风险画像,完整风险画像,,,困难,请评估“material degradation”这类故障：后果、S/O/D/RPN分别是什么？,Weakening of cable materials - loss of production；S=4.4；O=1.8；D=3；RPN=18.5,失效模式是：material degradation；项目/功能是：Dynamic cable / Dynamic Cable / Dynamic Cable/；失效后果是：Weakening of cable materials - loss of production。,错误,0.2,64.16,语义RAG,0.1667,1.0,0,1.0,6,,4.4；1.8；3.0；18.5,,,,Weakening of cable materials - loss of production,4.4；1.8；3.0；18.5,潜在失效模式；潜在失效后果；严酷度(S)；发生度(O)；可探测度(D)；风险优先数(RPN),119,
1370,1370,Full全量模型,无,风险影响评估类,失效现象查完整风险画像,完整风险画像,,,困难,请评估“Mechanical degradation”这类故障：后果、S/O/D/RPN分别是什么？,S=2.5；O=1.75；D=2.5；RPN=12,失效模式是：material degradation；项目/功能是：Dynamic cable / Dynamic Cable / Dynamic Cable/；失效后果是：Weakening of cable materials - loss of production。,错误,0.0,51.37,语义RAG,0.0,0.25,0,0.25,6,,2.5；1.75；2.5；12.0,,,,,2.5；1.75；2.5；12.0,潜在失效模式；潜在失效后果；严酷度(S)；发生度(O)；可探测度(D)；风险优先数(RPN),120,
1371,1371,Full全量模型,无,风险影响评估类,失效现象查完整风险画像,完整风险画像,,,困难,请评估“Movement of CPS due to scour/seabed mobility”这类故障：后果、S/O/D/RPN分别是什么？,Cable being vulnerable to scour and need for repair or replacement；S=3.8；O=2.2；D=4.4；RPN=38.4,"后果: Cable being vulnerable to scour and need for repair or replacement S: 3.8 O: 2.6, 2.8, 2.2 D: 4.4 RPN: 44, 41.6, 38.4",正确,1.0,1666.48,语义RAG,0.8333,1.0,0,1.0,6,,,3.8；2.2；4.4；38.4,,,Cable being vulnerable to scour and need for repair or replacement,3.8；2.2；4.4；38.4,潜在失效模式；潜在失效后果；严酷度(S)；发生度(O)；可探测度(D)；风险优先数(RPN),121,
1372,1372,Full全量模型,无,风险影响评估类,失效现象查完整风险画像,完整风险画像,,,困难,请评估“Premature damage of outer protection layer”这类故障：后果、S/O/D/RPN分别是什么？,"Structural damage - cable weakening, exposure to elements；S=3.6；O=2.2；D=3.75；RPN=29","失效模式是：Premature damage of outer protection layer；项目/功能是：Dynamic cable / Dynamic Cable / Dynamic Cable/；失效后果是：Structural damage - cable weakening, exposure to elements。",错误,0.2,65.19,语义RAG,0.1667,1.0,0,1.0,6,,3.6；2.2；3.75；29.0,,,,"Structural damage - cable weakening, exposure to elements",3.6；2.2；3.75；29.0,潜在失效模式；潜在失效后果；严酷度(S)；发生度(O)；可探测度(D)；风险优先数(RPN),124,
1373,1373,Full全量模型,无,风险影响评估类,失效现象查完整风险画像,完整风险画像,,,困难,请评估“Reduced sediment cover lower than designed value for protection”这类故障：后果、S/O/D/RPN分别是什么？,"need for re-burial, change of cable protection requirement or even replacement of cable；S=3.6；O=2.4；D=3.8；RPN=28.6","后果: need for re-burial, change of cable protection requirement or even replacement of cable S: 3.6 O: 2.2 和 2.4 D: 4.2 RPN: 29.6 和 28.6",错误,0.8,1145.17,语义RAG,0.8333,1.0,0,1.0,6,,3.8,3.6；2.4；28.6,,,"need for re-burial, change of cable protection requirement or even replacement of cable",3.6；2.4；3.8；28.6,潜在失效模式；潜在失效后果；严酷度(S)；发生度(O)；可探测度(D)；风险优先数(RPN),125,
1374,1374,Full全量模型,无,风险影响评估类,失效现象查完整风险画像,完整风险画像,,,困难,请评估“Small bending radius”这类故障：后果、S/O/D/RPN分别是什么？,Cable damage - insulation degradation；S=3.4；O=2.6；D=3.2；RPN=28.6,失效模式是：Small bending radius；项目/功能是：Dynamic cable / Dynamic Cable / Dynamic Cable/；失效后果是：Cable damage - insulation degradation。,错误,0.2,52.89,语义RAG,0.1667,1.0,0,1.0,6,,3.4；2.6；3.2；28.6,,,,Cable damage - insulation degradation,3.4；2.6；3.2；28.6,潜在失效模式；潜在失效后果；严酷度(S)；发生度(O)；可探测度(D)；风险优先数(RPN),128,
1375,1375,Full全量模型,无,风险影响评估类,fmea_id_to_risk_profile,风险后果查询,,,中等,查一下FMEA编号DC31的严重度S、发生度O、探测度D和RPN。,S=3.6；O=2.2；D=4.2；RPN=29.6。,FMEA编号“DC31”对应的失效模式“Reduced sediment cover lower than designed value for protection [6]”的S、O、D、RPN分别是：S=3.6；O=2.2；D=4.2；RPN=29.6。,正确,1.0,2.77,CSV直答,0.0,1.0,0,,1,,,3.6；2.2；4.2；29.6,,,,3.6；2.2；4.2；29.6,FMEA编号；严酷度(S)；发生度(O)；可探测度(D)；风险优先数(RPN),127,
1376,1376,Full全量模型,无,风险影响评估类,fmea_id_to_risk_profile,风险后果查询,,,中等,FMEA编号DC32这条FMEA风险画像是什么，后果和RPN是多少？,潜在失效后果：Cable damage - insulation degradation；RPN=28.6。,FMEA编号“DC32”对应的失效模式“Small bending radius”的风险画像为：项目/功能=Dynamic cable / Dynamic Cable / Dynamic Cable/；失效后果=Cable damage - insulation degradation；S=3.4；O=2.6；D=3.2；RPN=28.6。,正确,1.0,2.3,CSV直答,1.0,1.0,0,,1,,,28.6,,,Cable damage - insulation degradation,28.6,FMEA编号；潜在失效后果；风险优先数(RPN),128,
1377,1377,Full全量模型,无,风险影响评估类,fmea_id_to_risk_profile,风险后果查询,,,中等,FMEA编号TO1这条记录，影响是什么，风险优先数是多少？,潜在失效后果：Excessive Fatigue Life Consumption；RPN=33.33。,FMEA编号“TO1”对应的失效模式“Abnormal vibration”：失效后果=Excessive Fatigue Life Consumption；RPN=33.33。,正确,1.0,1.99,CSV直答,1.0,1.0,0,,1,,,33.33,,,Excessive Fatigue Life Consumption,33.33,FMEA编号；潜在失效后果；风险优先数(RPN),0,
1378,1378,Full全量模型,无,风险影响评估类,fmea_id_to_risk_profile,风险后果查询,,,中等,FMEA编号TO2的S、O、D、RPN分别是多少？,S=4.4；O=3；D=2.5；RPN=33.33。,FMEA编号“TO2”对应的失效模式“Abnormal vibration”的S、O、D、RPN分别是：S=4.4；O=3.0；D=2.5；RPN=33.33。,正确,1.0,1.97,CSV直答,0.0,1.0,0,,1,,,4.4；3.0；2.5；33.33,,,,4.4；3.0；2.5；33.33,FMEA编号；严酷度(S)；发生度(O)；可探测度(D)；风险优先数(RPN),1,
1379,1379,Full全量模型,无,风险影响评估类,fmea_id_to_risk_profile,风险后果查询,,,中等,FMEA编号TO3这条记录的风险分和SOD给我看一下。,S=3.75；O=2.2；D=3；RPN=12.67。,FMEA编号“TO3”对应的失效模式“Abnormal vibration”的S、O、D、RPN分别是：S=3.75；O=2.2；D=3.0；RPN=12.67。,正确,1.0,1.96,CSV直答,0.0,1.0,0,,1,,,3.0；3.75；2.2；3.0；12.67,,,,3.75；2.2；3.0；12.67,FMEA编号；严酷度(S)；发生度(O)；可探测度(D)；风险优先数(RPN),2,
1380,1380,Full全量模型,无,风险影响评估类,fmea_id_to_risk_profile,风险后果查询,,,中等,查一下FMEA编号TO4的严重度S、发生度O、探测度D和RPN。,S=4.2；O=2；D=3；RPN=31。,FMEA编号“TO4”对应的失效模式“Abnormal vibration”的S、O、D、RPN分别是：S=4.2；O=2.0；D=3.0；RPN=31.0。,正确,1.0,1.95,CSV直答,0.0,1.0,0,,1,,,4.2；2.0；3.0；31.0,,,,4.2；2.0；3.0；31.0,FMEA编号；严酷度(S)；发生度(O)；可探测度(D)；风险优先数(RPN),3,
1381,1381,Full全量模型,无,风险影响评估类,fmea_id_to_risk_profile,风险后果查询,,,中等,FMEA编号TO5这条FMEA风险画像是什么，后果和RPN是多少？,潜在失效后果：Failure of whole facility and vast economic loses；RPN=26。,FMEA编号“TO5”对应的失效模式“Cracks”的风险画像为：项目/功能=Tower / Tower (TO) / Primary steelwork；失效后果=Failure of whole facility and vast economic loses；S=3.8；O=2.0；D=3.0；RPN=26.0。,正确,1.0,1.96,CSV直答,1.0,1.0,0,,1,,,26.0,,,Failure of whole facility and vast economic loses,26.0,FMEA编号；潜在失效后果；风险优先数(RPN),4,
1382,1382,Full全量模型,无,风险影响评估类,fmea_id_to_risk_profile,风险后果查询,,,中等,FMEA编号TO6这条记录，影响是什么，风险优先数是多少？,潜在失效后果：Failure of whole facility and vast economic loses；RPN=25.25。,FMEA编号“TO6”对应的失效模式“Cracks”：失效后果=Failure of whole facility and vast economic loses；RPN=25.25。,正确,1.0,1.94,CSV直答,1.0,1.0,0,,1,,,25.25,,,Failure of whole facility and vast economic loses,25.25,FMEA编号；潜在失效后果；风险优先数(RPN),5,
1383,1383,Full全量模型,无,风险影响评估类,fmea_id_to_risk_profile,风险后果查询,,,中等,FMEA编号TO7的S、O、D、RPN分别是多少？,S=4.4；O=2.8；D=3.2；RPN=30。,FMEA编号“TO7”对应的失效模式“Cracks”的S、O、D、RPN分别是：S=4.4；O=2.8；D=3.2；RPN=30.0。,正确,1.0,1.93,CSV直答,0.0,1.0,0,,1,,,4.4；2.8；3.2；30.0,,,,4.4；2.8；3.2；30.0,FMEA编号；严酷度(S)；发生度(O)；可探测度(D)；风险优先数(RPN),6,
1384,1384,Full全量模型,无,风险影响评估类,fmea_id_to_risk_profile,风险后果查询,,,中等,FMEA编号TO8这条记录的风险分和SOD给我看一下。,S=4；O=2.25；D=3.67；RPN=21.8。,FMEA编号“TO8”对应的失效模式“Cracks”的S、O、D、RPN分别是：S=4.0；O=2.25；D=3.67；RPN=21.8。,正确,1.0,1.95,CSV直答,0.0,1.0,0,,1,,,4.0；2.25；3.67；21.8,,,,4.0；2.25；3.67；21.8,FMEA编号；严酷度(S)；发生度(O)；可探测度(D)；风险优先数(RPN),7,
1385,1385,Full全量模型,无,风险影响评估类,fmea_id_to_risk_profile,风险后果查询,,,中等,查一下FMEA编号TO9的严重度S、发生度O、探测度D和RPN。,S=4；O=2.25；D=3.67；RPN=38。,FMEA编号“TO9”对应的失效模式“Cracks”的S、O、D、RPN分别是：S=4.0；O=2.25；D=3.67；RPN=38.0。,正确,1.0,1.95,CSV直答,0.0,1.0,0,,1,,,4.0；2.25；3.67；38.0,,,,4.0；2.25；3.67；38.0,FMEA编号；严酷度(S)；发生度(O)；可探测度(D)；风险优先数(RPN),8,
1386,1386,Full全量模型,无,风险影响评估类,fmea_id_to_risk_profile,风险后果查询,,,中等,FMEA编号TO10这条FMEA风险画像是什么，后果和RPN是多少？,潜在失效后果：Potential collapse；RPN=40。,FMEA编号“TO10”对应的失效模式“Cracks”的风险画像为：项目/功能=Tower / Tower (TO) / Primary steelwork；失效后果=Potential collapse；S=4.0；O=2.25；D=3.67；RPN=40.0。,正确,1.0,1.93,CSV直答,1.0,1.0,0,,1,,,40.0,,,Potential collapse,40.0,FMEA编号；潜在失效后果；风险优先数(RPN),9,
1387,1387,Full全量模型,无,风险影响评估类,fmea_id_to_risk_profile,风险后果查询,,,中等,FMEA编号TO11这条记录，影响是什么，风险优先数是多少？,潜在失效后果：Potential collapse；RPN=33.33。,FMEA编号“TO11”对应的失效模式“Cracks”：失效后果=Potential collapse；RPN=33.33。,正确,1.0,2.01,CSV直答,1.0,1.0,0,,1,,,33.33,,,Potential collapse,33.33,FMEA编号；潜在失效后果；风险优先数(RPN),10,
1388,1388,Full全量模型,无,风险影响评估类,fmea_id_to_risk_profile,风险后果查询,,,中等,FMEA编号TO12的S、O、D、RPN分别是多少？,S=4；O=2.8；D=3.75；RPN=30。,FMEA编号“TO12”对应的失效模式“Cracks”的S、O、D、RPN分别是：S=4.0；O=2.8；D=3.75；RPN=30.0。,正确,1.0,1.92,CSV直答,0.0,1.0,0,,1,,,4.0；2.8；3.75；30.0,,,,4.0；2.8；3.75；30.0,FMEA编号；严酷度(S)；发生度(O)；可探测度(D)；风险优先数(RPN),11,
1389,1389,Full全量模型,无,风险影响评估类,fmea_id_to_risk_profile,风险后果查询,,,中等,FMEA编号TO13这条记录的风险分和SOD给我看一下。,S=3.75；O=3；D=2.67；RPN=40.75。,FMEA编号“TO13”对应的失效模式“Cracks”的S、O、D、RPN分别是：S=3.75；O=3.0；D=2.67；RPN=40.75。,正确,1.0,1.93,CSV直答,0.0,1.0,0,,1,,,3.75；3.0；2.67；40.75,,,,3.75；3.0；2.67；40.75,FMEA编号；严酷度(S)；发生度(O)；可探测度(D)；风险优先数(RPN),12,
1390,1390,Full全量模型,无,风险影响评估类,fmea_id_to_risk_profile,风险后果查询,,,中等,查一下FMEA编号TO14的严重度S、发生度O、探测度D和RPN。,S=4.33；O=2；D=2.67；RPN=33.5。,FMEA编号“TO14”对应的失效模式“Cracks”的S、O、D、RPN分别是：S=4.33；O=2.0；D=2.67；RPN=33.5。,正确,1.0,2.03,CSV直答,0.0,1.0,0,,1,,,4.33；2.0；2.67；33.5,,,,4.33；2.0；2.67；33.5,FMEA编号；严酷度(S)；发生度(O)；可探测度(D)；风险优先数(RPN),13,
1391,1391,Full全量模型,无,风险影响评估类,fmea_id_to_risk_profile,风险后果查询,,,中等,FMEA编号TO15这条FMEA风险画像是什么，后果和RPN是多少？,潜在失效后果：Potential collapse；RPN=30。,FMEA编号“TO15”对应的失效模式“Cracks”的风险画像为：项目/功能=Tower / Tower (TO) / Primary steelwork；失效后果=Potential collapse；S=3.67；O=2.33；D=3.0；RPN=30.0。,正确,1.0,2.26,CSV直答,1.0,1.0,0,,1,,,30.0,,,Potential collapse,30.0,FMEA编号；潜在失效后果；风险优先数(RPN),14,
1392,1392,Full全量模型,无,风险影响评估类,fmea_id_to_risk_profile,风险后果查询,,,中等,FMEA编号TO16这条记录，影响是什么，风险优先数是多少？,潜在失效后果：Failure of whole facility and vast economic loses；RPN=26。,FMEA编号“TO16”对应的失效模式“Cracks”：失效后果=Failure of whole facility and vast economic loses；RPN=26.0。,正确,1.0,2.23,CSV直答,1.0,1.0,0,,1,,,26.0,,,Failure of whole facility and vast economic loses,26.0,FMEA编号；潜在失效后果；风险优先数(RPN),15,
1393,1393,Full全量模型,无,风险影响评估类,fmea_id_to_risk_profile,风险后果查询,,,中等,FMEA编号TO17的S、O、D、RPN分别是多少？,S=3.8；O=2.4；D=3；RPN=25.5。,FMEA编号“TO17”对应的失效模式“Cracks”的S、O、D、RPN分别是：S=3.8；O=2.4；D=3.0；RPN=25.5。,正确,1.0,2.22,CSV直答,0.0,1.0,0,,1,,,3.8；2.4；3.0；25.5,,,,3.8；2.4；3.0；25.5,FMEA编号；严酷度(S)；发生度(O)；可探测度(D)；风险优先数(RPN),16,
1394,1394,Full全量模型,无,风险影响评估类,fmea_id_to_risk_profile,风险后果查询,,,中等,FMEA编号TO18这条记录的风险分和SOD给我看一下。,S=4；O=2.4；D=3.25；RPN=33.33。,FMEA编号“TO18”对应的失效模式“Cracks”的S、O、D、RPN分别是：S=4.0；O=2.4；D=3.25；RPN=33.33。,正确,1.0,2.23,CSV直答,0.0,1.0,0,,1,,,4.0；2.4；3.25；33.33,,,,4.0；2.4；3.25；33.33,FMEA编号；严酷度(S)；发生度(O)；可探测度(D)；风险优先数(RPN),17,
1395,1395,Full全量模型,无,风险影响评估类,fmea_id_to_risk_profile,风险后果查询,,,中等,查一下FMEA编号TO19的严重度S、发生度O、探测度D和RPN。,S=4；O=1.5；D=2.67；RPN=23.33。,FMEA编号“TO19”对应的失效模式“Cracks”的S、O、D、RPN分别是：S=4.0；O=1.5；D=2.67；RPN=23.33。,正确,1.0,2.23,CSV直答,0.0,1.0,0,,1,,,4.0；1.5；2.67；23.33,,,,4.0；1.5；2.67；23.33,FMEA编号；严酷度(S)；发生度(O)；可探测度(D)；风险优先数(RPN),18,
1396,1396,Full全量模型,无,风险影响评估类,fmea_id_to_risk_profile,风险后果查询,,,中等,FMEA编号TO20这条FMEA风险画像是什么，后果和RPN是多少？,潜在失效后果：Failure of whole facility and vast economic loses；RPN=26.5。,FMEA编号“TO20”对应的失效模式“Cracks”的风险画像为：项目/功能=Tower / Tower (TO) / Primary steelwork；失效后果=Failure of whole facility and vast economic loses；S=4.0；O=2.0；D=2.67；RPN=26.5。,正确,1.0,2.24,CSV直答,1.0,1.0,0,,1,,,26.5,,,Failure of whole facility and vast economic loses,26.5,FMEA编号；潜在失效后果；风险优先数(RPN),19,
1397,1397,Full全量模型,无,风险影响评估类,fmea_id_to_risk_profile,风险后果查询,,,中等,FMEA编号TO21这条记录，影响是什么，风险优先数是多少？,潜在失效后果：Failure of whole facility and vast economic loses；RPN=27。,FMEA编号“TO21”对应的失效模式“Cracks”：失效后果=Failure of whole facility and vast economic loses；RPN=27.0。,正确,1.0,2.22,CSV直答,1.0,1.0,0,,1,,,27.0,,,Failure of whole facility and vast economic loses,27.0,FMEA编号；潜在失效后果；风险优先数(RPN),20,
1398,1398,Full全量模型,无,风险影响评估类,fmea_id_to_risk_profile,风险后果查询,,,中等,FMEA编号TO22的S、O、D、RPN分别是多少？,S=4；O=2.25；D=3；RPN=25.67。,FMEA编号“TO22”对应的失效模式“Plastic deformation”的S、O、D、RPN分别是：S=4.0；O=2.25；D=3.0；RPN=25.67。,正确,1.0,2.32,CSV直答,0.0,1.0,0,,1,,,4.0；2.25；3.0；25.67,,,,4.0；2.25；3.0；25.67,FMEA编号；严酷度(S)；发生度(O)；可探测度(D)；风险优先数(RPN),21,
1399,1399,Full全量模型,无,风险影响评估类,fmea_id_to_risk_profile,风险后果查询,,,中等,FMEA编号TO23这条记录的风险分和SOD给我看一下。,S=4.4；O=2.2；D=2.8；RPN=18。,FMEA编号“TO23”对应的失效模式“Plastic deformation”的S、O、D、RPN分别是：S=4.4；O=2.2；D=2.8；RPN=18.0。,正确,1.0,2.23,CSV直答,0.0,1.0,0,,1,,,4.4；2.2；2.8；18.0,,,,4.4；2.2；2.8；18.0,FMEA编号；严酷度(S)；发生度(O)；可探测度(D)；风险优先数(RPN),22,
1400,1400,Full全量模型,无,风险影响评估类,fmea_id_to_risk_profile,风险后果查询,,,中等,查一下FMEA编号TO24的严重度S、发生度O、探测度D和RPN。,S=5；O=1.5；D=3.33；RPN=21.33。,FMEA编号“TO24”对应的失效模式“Tower collapse”的S、O、D、RPN分别是：S=5.0；O=1.5；D=3.33；RPN=21.33。,正确,1.0,2.23,CSV直答,0.0,1.0,0,,1,,,5.0；1.5；3.33；21.33,,,,5.0；1.5；3.33；21.33,FMEA编号；严酷度(S)；发生度(O)；可探测度(D)；风险优先数(RPN),23,
1401,1401,Full全量模型,无,风险影响评估类,fmea_id_to_risk_profile,风险后果查询,,,中等,FMEA编号TP1这条FMEA风险画像是什么，后果和RPN是多少？,"潜在失效后果：Tower Unit collapse, Floater Unit damage；RPN=36.5。","FMEA编号“TP1”对应的失效模式“Transition piece break”的风险画像为：项目/功能=Transition piece / Transition Piece (TP) / Primary structure & welding；失效后果=Tower Unit collapse, Floater Unit damage；S=4.75；O=2.5；D=3.0；RPN=36.5。",正确,1.0,2.24,CSV直答,1.0,1.0,0,,1,,,36.5,,,"Tower Unit collapse, Floater Unit damage",36.5,FMEA编号；潜在失效后果；风险优先数(RPN),24,
1402,1402,Full全量模型,无,风险影响评估类,fmea_id_to_risk_profile,风险后果查询,,,中等,FMEA编号TP2这条记录，影响是什么，风险优先数是多少？,"潜在失效后果：tension failure (rupture), buckling of the transition piece/ Tower unit damage；RPN=33。","FMEA编号“TP2”对应的失效模式“Transition piece break”：失效后果=tension failure (rupture), buckling of the transition piece/ Tower unit damage；RPN=33.0。",正确,1.0,2.23,CSV直答,1.0,1.0,0,,1,,,33.0,,,"tension failure (rupture), buckling of the transition piece/ Tower unit damage",33.0,FMEA编号；潜在失效后果；风险优先数(RPN),25,
1403,1403,Full全量模型,无,风险影响评估类,fmea_id_to_risk_profile,风险后果查询,,,中等,FMEA编号TP3的S、O、D、RPN分别是多少？,S=4；O=2.5；D=3；RPN=32。,FMEA编号“TP3”对应的失效模式“Structural plastic deformation”的S、O、D、RPN分别是：S=4.0；O=2.5；D=3.0；RPN=32.0。,正确,1.0,2.23,CSV直答,0.0,1.0,0,,1,,,3.0；4.0；2.5；3.0；32.0,,,,4.0；2.5；3.0；32.0,FMEA编号；严酷度(S)；发生度(O)；可探测度(D)；风险优先数(RPN),26,
1404,1404,Full全量模型,无,风险影响评估类,fmea_id_to_risk_profile,风险后果查询,,,中等,FMEA编号TP4这条记录的风险分和SOD给我看一下。,S=3.5；O=2.5；D=3.75；RPN=29。,FMEA编号“TP4”对应的失效模式“Cracks”的S、O、D、RPN分别是：S=3.5；O=2.5；D=3.75；RPN=29.0。,正确,1.0,2.21,CSV直答,0.0,1.0,0,,1,,,3.5；2.5；3.75；29.0,,,,3.5；2.5；3.75；29.0,FMEA编号；严酷度(S)；发生度(O)；可探测度(D)；风险优先数(RPN),27,
1405,1405,Full全量模型,无,风险影响评估类,fmea_id_to_risk_profile,风险后果查询,,,中等,查一下FMEA编号TP5的严重度S、发生度O、探测度D和RPN。,S=5；O=2；D=2.67；RPN=31。,FMEA编号“TP5”对应的失效模式“Transition piece break”的S、O、D、RPN分别是：S=5.0；O=2.0；D=2.67；RPN=31.0。,正确,1.0,2.26,CSV直答,0.0,1.0,0,,1,,,5.0；5.0；2.0；2.67；31.0,,,,5.0；2.0；2.67；31.0,FMEA编号；严酷度(S)；发生度(O)；可探测度(D)；风险优先数(RPN),28,
1406,1406,Full全量模型,无,风险影响评估类,fmea_id_to_risk_profile,风险后果查询,,,中等,FMEA编号TP6这条FMEA风险画像是什么，后果和RPN是多少？,潜在失效后果：potential tower connections failure；RPN=35.25。,FMEA编号“TP6”对应的失效模式“Abnormal vibration”的风险画像为：项目/功能=Transition piece / Transition Piece (TP) / Primary structure & welding；失效后果=potential tower connections failure；S=4.25；O=2.75；D=3.0；RPN=35.25。,正确,1.0,2.23,CSV直答,1.0,1.0,0,,1,,,35.25,,,potential tower connections failure,35.25,FMEA编号；潜在失效后果；风险优先数(RPN),29,
1407,1407,Full全量模型,无,风险影响评估类,fmea_id_to_risk_profile,风险后果查询,,,中等,FMEA编号TP7这条记录，影响是什么，风险优先数是多少？,潜在失效后果：Local stress accumulation；RPN=24。,FMEA编号“TP7”对应的失效模式“Structural plastic deformation”：失效后果=Local stress accumulation；RPN=24.0。,正确,1.0,2.2,CSV直答,1.0,1.0,0,,1,,,24.0,,,Local stress accumulation,24.0,FMEA编号；潜在失效后果；风险优先数(RPN),30,
1408,1408,Full全量模型,无,风险影响评估类,fmea_id_to_risk_profile,风险后果查询,,,中等,FMEA编号TP8的S、O、D、RPN分别是多少？,S=3.75；O=2.5；D=3.25；RPN=21.67。,FMEA编号“TP8”对应的失效模式“Cracks”的S、O、D、RPN分别是：S=3.75；O=2.5；D=3.25；RPN=21.67。,正确,1.0,2.2,CSV直答,0.0,1.0,0,,1,,,3.75；2.5；3.25；21.67,,,,3.75；2.5；3.25；21.67,FMEA编号；严酷度(S)；发生度(O)；可探测度(D)；风险优先数(RPN),31,
1409,1409,Full全量模型,无,风险影响评估类,fmea_id_to_risk_profile,风险后果查询,,,中等,FMEA编号TP9这条记录的风险分和SOD给我看一下。,S=4；O=2.5；D=3；RPN=38。,FMEA编号“TP9”对应的失效模式“Cracks”的S、O、D、RPN分别是：S=4.0；O=2.5；D=3.0；RPN=38.0。,正确,1.0,2.31,CSV直答,0.0,1.0,0,,1,,,4.0；2.5；3.0；38.0,,,,4.0；2.5；3.0；38.0,FMEA编号；严酷度(S)；发生度(O)；可探测度(D)；风险优先数(RPN),32,
1410,1410,Full全量模型,无,风险影响评估类,fmea_id_to_risk_profile,风险后果查询,,,中等,查一下FMEA编号TP10的严重度S、发生度O、探测度D和RPN。,S=3；O=3；D=2.67；RPN=24.67。,FMEA编号“TP10”对应的失效模式“Cracks”的S、O、D、RPN分别是：S=3.0；O=3.0；D=2.67；RPN=24.67。,正确,1.0,2.22,CSV直答,0.0,1.0,0,,1,,,3.0；3.0；2.67；24.67,,,,3.0；3.0；2.67；24.67,FMEA编号；严酷度(S)；发生度(O)；可探测度(D)；风险优先数(RPN),33,
1411,1411,Full全量模型,无,风险影响评估类,fmea_id_to_risk_profile,风险后果查询,,,中等,FMEA编号TP11这条FMEA风险画像是什么，后果和RPN是多少？,潜在失效后果：potential tower connections failure；RPN=24.67。,FMEA编号“TP11”对应的失效模式“Abnormal vibration”的风险画像为：项目/功能=Transition piece / Transition Piece (TP) / Primary structure & welding；失效后果=potential tower connections failure；S=4.0；O=2.33；D=2.67；RPN=24.67。,正确,1.0,2.3,CSV直答,1.0,1.0,0,,1,,,24.67,,,potential tower connections failure,24.67,FMEA编号；潜在失效后果；风险优先数(RPN),34,
1412,1412,Full全量模型,无,风险影响评估类,fmea_id_to_risk_profile,风险后果查询,,,中等,FMEA编号TP12这条记录，影响是什么，风险优先数是多少？,潜在失效后果：Local stress accumulation；RPN=28。,FMEA编号“TP12”对应的失效模式“Structural plastic deformation”：失效后果=Local stress accumulation；RPN=28.0。,正确,1.0,2.21,CSV直答,1.0,1.0,0,,1,,,28.0,,,Local stress accumulation,28.0,FMEA编号；潜在失效后果；风险优先数(RPN),35,
1413,1413,Full全量模型,无,风险影响评估类,fmea_id_to_risk_profile,风险后果查询,,,中等,FMEA编号TP13的S、O、D、RPN分别是多少？,S=3.33；O=2.67；D=3；RPN=26。,FMEA编号“TP13”对应的失效模式“Cracks”的S、O、D、RPN分别是：S=3.33；O=2.67；D=3.0；RPN=26.0。,正确,1.0,2.21,CSV直答,0.0,1.0,0,,1,,,3.33；2.67；3.0；26.0,,,,3.33；2.67；3.0；26.0,FMEA编号；严酷度(S)；发生度(O)；可探测度(D)；风险优先数(RPN),36,
1414,1414,Full全量模型,无,风险影响评估类,原因后果查风险指标,风险指标查询,,,困难,"潜在原因“Design; Under-designed structure/ Component due to human error/Insufficient environmental data”导致后果“Tower Unit collapse, Floater Unit damage”时，S、O、D、RPN分别是多少？",S=5；O=1.67；D=2.67；RPN=25.67,"匹配到1条记录：1) FMEA编号=TP16；项目/功能=Transition piece / Transition Piece (TP) / Primary structure & welding；失效模式=Transition piece break；失效原因=Design; Under-designed structure/ Component due to human error/Insufficient environmental data；失效后果=Tower Unit collapse, Floater Unit damage；S=5；O=1.67；D=2.67；RPN=25.67；建议措施=High-fidelity coupled analysis of TP–tower–floater interaction; Design requalification for extreme storms (updated metocean; load cases); High-fidelity coupled aero-hydro-elastic simulation in design updates。",正确,1.0,13.08,确定性规则问答,1.0,1.0,0,1.0,1,,,5.0；1.67；2.67；25.67,,,,5.0；1.67；2.67；25.67,潜在失效原因/机理；潜在失效后果；严酷度(S)；发生度(O)；可探测度(D)；风险优先数(RPN),39,
1415,1415,Full全量模型,无,风险影响评估类,原因后果查风险指标,风险指标查询,,,困难,"潜在原因“Operation and Maintenance; Undetected defects and poor quality control”导致后果“Tower Unit collapse, Floater Unit damage”时，S、O、D、RPN分别是多少？",S=4.67；O=1.67；D=3.33；RPN=37.5,"匹配到1条记录：1) FMEA编号=TP17；项目/功能=Transition piece / Transition Piece (TP) / Primary structure & welding；失效模式=Transition piece break；失效原因=Operation and Maintenance; Undetected defects and poor quality control [11]；失效后果=Tower Unit collapse, Floater Unit damage；S=4.67；O=1.67；D=3.33；RPN=37.5；建议措施=SHM for TP connections (strain gauges, acoustic emission, bolt preload monitoring); Welding quality assurance and NDT enhancement (phased-array UT)。",正确,1.0,12.33,确定性规则问答,1.0,1.0,0,1.0,1,,,4.67；1.67；3.33；37.5,,,,4.67；1.67；3.33；37.5,潜在失效原因/机理；潜在失效后果；严酷度(S)；发生度(O)；可探测度(D)；风险优先数(RPN),40,
1416,1416,Full全量模型,无,风险影响评估类,原因后果查风险指标,风险指标查询,,,困难,潜在原因“Fabrication; Welding and heat treatment could induce fatigue cracks in fabrication process.”导致后果“Tower transition piece connections failure”时，S、O、D、RPN分别是多少？,S=3.33；O=2.33；D=3.33；RPN=24,匹配到1条记录：1) FMEA编号=TP18；项目/功能=Transition piece / Transition Piece (TP) / Primary structure & welding；失效模式=Cracks；失效原因=Fabrication; Welding and heat treatment could induce fatigue cracks in fabrication process. [1]；失效后果=Tower transition piece connections failure；S=3.33；O=2.33；D=3.33；RPN=24；建议措施=-。,正确,1.0,12.34,确定性规则问答,1.0,1.0,0,1.0,1,,,3.33；2.33；3.33；24.0,,,,3.33；2.33；3.33；24.0,潜在失效原因/机理；潜在失效后果；严酷度(S)；发生度(O)；可探测度(D)；风险优先数(RPN),41,
1417,1417,Full全量模型,无,风险影响评估类,原因后果查风险指标,风险指标查询,,,困难,潜在原因“Maintenance; Welding and heat treatment during maintenance can add more residual stresses and increase the likelihood of fatigue crack in the welds and heat-affected areas.”导致后果“Tower transition piece connections failure”时，S、O、D、RPN分别是多少？,S=3.5；O=2.5；D=4；RPN=30.25,匹配到1条记录：1) FMEA编号=TP19；项目/功能=Transition piece / Transition Piece (TP) / Welding；失效模式=Cracks；失效原因=Maintenance; Welding and heat treatment during maintenance can add more residual stresses and increase the likelihood of fatigue crack in the welds and heat-affected areas. [11]；失效后果=Tower transition piece connections failure；S=3.5；O=2.5；D=4；RPN=30.25；建议措施=-。,正确,1.0,12.99,确定性规则问答,1.0,1.0,0,1.0,1,,,3.5；2.5；4.0；30.25,,,,3.5；2.5；4.0；30.25,潜在失效原因/机理；潜在失效后果；严酷度(S)；发生度(O)；可探测度(D)；风险优先数(RPN),42,
1418,1418,Full全量模型,无,风险影响评估类,原因后果查风险指标,风险指标查询,,,困难,潜在原因“Maintenance; Welding failure due to corrosion without proper maintenance”导致后果“Tower transition piece connections failure”时，S、O、D、RPN分别是多少？,S=3.33；O=2.67；D=3；RPN=24.67,匹配到1条记录：1) FMEA编号=TP20；项目/功能=Transition piece / Transition Piece (TP) / Welding；失效模式=Cracks；失效原因=Maintenance; Welding failure due to corrosion without proper maintenance [11]；失效后果=Tower transition piece connections failure；S=3.33；O=2.67；D=3；RPN=24.67；建议措施=-。,正确,1.0,12.62,确定性规则问答,1.0,1.0,0,1.0,1,,,3.33；2.67；3.0；24.67,,,,3.33；2.67；3.0；24.67,潜在失效原因/机理；潜在失效后果；严酷度(S)；发生度(O)；可探测度(D)；风险优先数(RPN),43,
1419,1419,Full全量模型,无,风险影响评估类,原因后果查风险指标,风险指标查询,,,困难,"潜在原因“Installation; Welding failure due to poor performance (e.g. overheating, lack of fusion) during installation”导致后果“Tower transition piece connections failure”时，S、O、D、RPN分别是多少？",S=3.33；O=3；D=3；RPN=26.67,"匹配到1条记录：1) FMEA编号=TP21；项目/功能=Transition piece / Transition Piece (TP) / Welding；失效模式=Cracks；失效原因=Installation; Welding failure due to poor performance (e.g. overheating, lack of fusion) during installation [1,10,15]；失效后果=Tower transition piece connections failure；S=3.33；O=3；D=3；RPN=26.67；建议措施=-。",正确,1.0,14.35,确定性规则问答,1.0,1.0,0,1.0,1,,,3.33；3.0；3.0；26.67,,,,3.33；3.0；3.0；26.67,潜在失效原因/机理；潜在失效后果；严酷度(S)；发生度(O)；可探测度(D)；风险优先数(RPN),44,
1420,1420,Full全量模型,无,风险影响评估类,原因后果查风险指标,风险指标查询,,,困难,"潜在原因“Design; Analysis and Calculation fault due to human error”导致后果“Watertight fault, Potential Floater Unit sinkage”时，S、O、D、RPN分别是多少？",S=4.57；O=2.29；D=3.86；RPN=27.2,"匹配到1条记录：1) FMEA编号=FF1；项目/功能=Floating support structure / Floating Support structure / All structures；失效模式=Capsize [11]；失效原因=Design; Analysis and Calculation fault due to human error；失效后果=Watertight fault, Potential Floater Unit sinkage；S=4.57；O=2.29；D=3.86；RPN=27.2；建议措施=Expanded design load cases (including typhoon/hurricane scenarios); Freeboard margin increase and water-tight compartmentalization; Improve engineering skills。",正确,1.0,15.99,确定性规则问答,1.0,1.0,0,1.0,1,,,4.57；2.29；3.86；27.2,,,,4.57；2.29；3.86；27.2,潜在失效原因/机理；潜在失效后果；严酷度(S)；发生度(O)；可探测度(D)；风险优先数(RPN),45,
1421,1421,Full全量模型,无,风险影响评估类,原因后果查风险指标,风险指标查询,,,困难,潜在原因“Design; Analysis and Calculation fault due to human error”导致后果“Project cancellation”时，S、O、D、RPN分别是多少？,S=5；O=1.67；D=3；RPN=42.71,匹配到1条记录：1) FMEA编号=FF2；项目/功能=Floating support structure / Floating Support structure / Primary structure；失效模式=Capsize [11]；失效原因=Design; Analysis and Calculation fault due to human error [11]；失效后果=Project cancellation；S=5；O=1.67；D=3；RPN=42.71；建议措施=Expanded design load cases (including typhoon/hurricane scenarios); -; Improved engineering skills。,正确,1.0,20.51,确定性规则问答,1.0,1.0,0,1.0,1,,,5.0；1.67；3.0；42.71,,,,5.0；1.67；3.0；42.71,潜在失效原因/机理；潜在失效后果；严酷度(S)；发生度(O)；可探测度(D)；风险优先数(RPN),46,
1422,1422,Full全量模型,无,风险影响评估类,原因后果查风险指标,风险指标查询,,,困难,潜在原因“Operation; Bilge piping/pumps fail”导致后果“Potential failure”时，S、O、D、RPN分别是多少？,S=3.43；O=2.86；D=3.17；RPN=40.14,"匹配到1条记录：1) FMEA编号=FF3；项目/功能=Floating support structure / Floating Support structure / Secondary structure；失效模式=Additional Structures Failures；失效原因=Operation; Bilge piping/pumps fail [1,12]；失效后果=Potential failure；S=3.43；O=2.86；D=3.17；RPN=40.14；建议措施=-。",正确,1.0,15.5,确定性规则问答,1.0,1.0,0,1.0,1,,,3.43；2.86；3.17；40.14,,,,3.43；2.86；3.17；40.14,潜在失效原因/机理；潜在失效后果；严酷度(S)；发生度(O)；可探测度(D)；风险优先数(RPN),47,
1423,1423,Full全量模型,无,风险影响评估类,原因后果查风险指标,风险指标查询,,,困难,"潜在原因“Operation; Biological collision”导致后果“Damage to the facility, vast economic loses”时，S、O、D、RPN分别是多少？",S=3.57；O=2.17；D=4.14；RPN=24.86,"匹配到1条记录：1) FMEA编号=FF4；项目/功能=Floating support structure / Floating Support structure / All structures；失效模式=Hit by dropped objects [1,9]；失效原因=Operation; Biological collision；失效后果=Damage to the facility, vast economic loses；S=3.57；O=2.17；D=4.14；RPN=24.86；建议措施=-。",正确,1.0,12.31,确定性规则问答,1.0,1.0,0,1.0,1,,,3.57；2.17；4.14；24.86,,,,3.57；2.17；4.14；24.86,潜在失效原因/机理；潜在失效后果；严酷度(S)；发生度(O)；可探测度(D)；风险优先数(RPN),48,
1424,1424,Full全量模型,无,风险影响评估类,原因后果查风险指标,风险指标查询,,,困难,潜在原因“Environmental condition; Design parameter superseded due to climate change”导致后果“Structural reassessment”时，S、O、D、RPN分别是多少？,S=4.33；O=1.67；D=3.5；RPN=25,匹配到1条记录：1) FMEA编号=FF5；项目/功能=Floating support structure / Floating Support structure / All structures；失效模式=Structural break [11]；失效原因=Environmental condition; Design parameter superseded due to climate change [11]；失效后果=Structural reassessment；S=4.33；O=1.67；D=3.5；RPN=25；建议措施=Expanded design load cases (including typhoon/hurricane scenarios); -。,正确,1.0,12.47,确定性规则问答,1.0,1.0,0,1.0,1,,,4.33；1.67；3.5；25.0,,,,4.33；1.67；3.5；25.0,潜在失效原因/机理；潜在失效后果；严酷度(S)；发生度(O)；可探测度(D)；风险优先数(RPN),49,
1425,1425,Full全量模型,无,风险影响评估类,原因后果查风险指标,风险指标查询,,,困难,潜在原因“Operation; Dynamic umbilical connection/cable fail”导致后果“Potential failure”时，S、O、D、RPN分别是多少？,S=3.83；O=2.6；D=4；RPN=25.83,"匹配到1条记录：1) FMEA编号=FF6；项目/功能=Floating support structure / Floating Support structure / Secondary structure；失效模式=Additional Structures Failures；失效原因=Operation; Dynamic umbilical connection/cable fail [1,12]；失效后果=Potential failure；S=3.83；O=2.6；D=4；RPN=25.83；建议措施=Freeboard margin increase and water-tight compartmentalization; -; Expanded design load cases (including typhoon/hurricane scenarios); Improved cable mechnical design。",正确,1.0,12.47,确定性规则问答,1.0,1.0,0,1.0,1,,,3.83；2.6；4.0；25.83,,,,3.83；2.6；4.0；25.83,潜在失效原因/机理；潜在失效后果；严酷度(S)；发生度(O)；可探测度(D)；风险优先数(RPN),50,
1426,1426,Full全量模型,无,风险影响评估类,原因后果查风险指标,风险指标查询,,,困难,潜在原因“Installation; Excessive fatigue life consumption due to installation/ transportation”导致后果“Structural failure”时，S、O、D、RPN分别是多少？,S=4.17；O=2.83；D=3.5；RPN=30.57,匹配到1条记录：1) FMEA编号=FF7；项目/功能=Floating support structure / Floating Support structure / Primary Structure；失效模式=Cracks [11]；失效原因=Installation; Excessive fatigue life consumption due to installation/ transportation [19]；失效后果=Structural failure；S=4.17；O=2.83；D=3.5；RPN=30.57；建议措施=-。,正确,1.0,12.62,确定性规则问答,1.0,1.0,0,1.0,1,,,4.17；2.83；3.5；30.57,,,,4.17；2.83；3.5；30.57,潜在失效原因/机理；潜在失效后果；严酷度(S)；发生度(O)；可探测度(D)；风险优先数(RPN),51,
1427,1427,Full全量模型,无,风险影响评估类,原因后果查风险指标,风险指标查询,,,困难,潜在原因“Environmental condition; Extreme horizontal oscillatory force”导致后果“Asset damage Energy production loss”时，S、O、D、RPN分别是多少？,S=4.8；O=1.8；D=3.2；RPN=34.5,"匹配到1条记录：1) FMEA编号=FF8；项目/功能=Floating support structure / Floating Support structure / Primary structure & Welding；失效模式=Capsize [11]；失效原因=Environmental condition; Extreme horizontal oscillatory force；失效后果=Asset damage Energy production loss；S=4.8；O=1.8；D=3.2；RPN=34.5；建议措施=Expanded design load cases (including typhoon/hurricane scenarios); Operational limits: weather windows, alarm thresholds for motions; Resonance avoidance via structural tuning/damping。",正确,1.0,12.48,确定性规则问答,1.0,1.0,0,1.0,1,,,4.8；1.8；3.2；34.5,,,,4.8；1.8；3.2；34.5,潜在失效原因/机理；潜在失效后果；严酷度(S)；发生度(O)；可探测度(D)；风险优先数(RPN),52,
1428,1428,Full全量模型,无,风险影响评估类,原因后果查风险指标,风险指标查询,,,困难,潜在原因“Operation; Fatigue due to continuous vibrations/resonance”导致后果“Structural failure”时，S、O、D、RPN分别是多少？,S=4.14；O=2.86；D=3.57；RPN=22.67,匹配到1条记录：1) FMEA编号=FF9；项目/功能=Floating support structure / Floating Support structure / Primary structure & Welding；失效模式=Cracks [11]；失效原因=Operation; Fatigue due to continuous vibrations/resonance [11]；失效后果=Structural failure；S=4.14；O=2.86；D=3.57；RPN=22.67；建议措施=Expanded design load cases (including typhoon/hurricane scenarios); Resonance avoidance via structural tuning/damping; High-fidelity coupled aero-hydro-elastic simulation in design updates。,正确,1.0,12.4,确定性规则问答,1.0,1.0,0,1.0,1,,,4.14；2.86；3.57；22.67,,,,4.14；2.86；3.57；22.67,潜在失效原因/机理；潜在失效后果；严酷度(S)；发生度(O)；可探测度(D)；风险优先数(RPN),53,
1429,1429,Full全量模型,无,风险影响评估类,原因后果查风险指标,风险指标查询,,,困难,潜在原因“Design; Fatigue due to underestimation of steel thickness and/or environmental loads”导致后果“Structural failure”时，S、O、D、RPN分别是多少？,S=3.83；O=2.5；D=3.5；RPN=34,匹配到1条记录：1) FMEA编号=FF10；项目/功能=Floating support structure / Floating Support structure / All structures；失效模式=Cracks [11]；失效原因=Design; Fatigue due to underestimation of steel thickness and/or environmental loads；失效后果=Structural failure；S=3.83；O=2.5；D=3.5；RPN=34；建议措施=-。,正确,1.0,12.49,确定性规则问答,1.0,1.0,0,1.0,1,,,3.83；2.5；3.5；34.0,,,,3.83；2.5；3.5；34.0,潜在失效原因/机理；潜在失效后果；严酷度(S)；发生度(O)；可探测度(D)；风险优先数(RPN),54,
1430,1430,Full全量模型,无,风险影响评估类,原因后果查风险指标,风险指标查询,,,困难,潜在原因“Operation; Handrails Corrosion”导致后果“Potential failure”时，S、O、D、RPN分别是多少？,S=3.86；O=3；D=2.71；RPN=32,"匹配到1条记录：1) FMEA编号=FF11；项目/功能=Floating support structure / Floating Support structure / Secondary structure；失效模式=Additional Structures Failures；失效原因=Operation; Handrails Corrosion [1,12]；失效后果=Potential failure；S=3.86；O=3；D=2.71；RPN=32；建议措施=-。",正确,1.0,12.12,确定性规则问答,1.0,1.0,0,1.0,1,,,3.86；3.0；2.71；32.0,,,,3.86；3.0；2.71；32.0,潜在失效原因/机理；潜在失效后果；严酷度(S)；发生度(O)；可探测度(D)；风险优先数(RPN),55,
1431,1431,Full全量模型,无,风险影响评估类,原因后果查风险指标,风险指标查询,,,困难,潜在原因“Operation; Helicopter assistance equipment fail”导致后果“Potential failure of landing platform”时，S、O、D、RPN分别是多少？,S=4.17；O=1.83；D=2.83；RPN=31.83,"匹配到1条记录：1) FMEA编号=FF12；项目/功能=Floating support structure / Floating Support structure / Secondary structure；失效模式=Additional Structures Failures；失效原因=Operation; Helicopter assistance equipment fail [1,12]；失效后果=Potential failure of landing platform；S=4.17；O=1.83；D=2.83；RPN=31.83；建议措施=-。",正确,1.0,12.25,确定性规则问答,1.0,1.0,0,1.0,1,,,4.17；1.83；2.83；31.83,,,,4.17；1.83；2.83；31.83,潜在失效原因/机理；潜在失效后果；严酷度(S)；发生度(O)；可探测度(D)；风险优先数(RPN),56,
1432,1432,Full全量模型,无,风险影响评估类,原因后果查风险指标,风险指标查询,,,困难,潜在原因“Maintenance; Inefficient detection”导致后果“Potential Failure/Asset damage Energy production loss”时，S、O、D、RPN分别是多少？,S=3.83；O=2.83；D=3.33；RPN=31.2,匹配到1条记录：1) FMEA编号=FF13；项目/功能=Floating support structure / Floating Support structure / Secondary structure；失效模式=Watertight fault [1]；失效原因=Maintenance; Inefficient detection [1]；失效后果=Potential Failure/Asset damage Energy production loss；S=3.83；O=2.83；D=3.33；RPN=31.2；建议措施=-。,正确,1.0,12.28,确定性规则问答,1.0,1.0,0,1.0,1,,,3.83；2.83；3.33；31.2,,,,3.83；2.83；3.33；31.2,潜在失效原因/机理；潜在失效后果；严酷度(S)；发生度(O)；可探测度(D)；风险优先数(RPN),57,
1433,1433,Full全量模型,无,风险影响评估类,原因后果查风险指标,风险指标查询,,,困难,潜在原因“Design; Insufficient structural strength and cracks on the floater resulting in water ingress to the support structure”导致后果“Potential Failure/Asset damage Energy production loss”时，S、O、D、RPN分别是多少？,S=4.83；O=1.83；D=3.4；RPN=26.86,匹配到1条记录：1) FMEA编号=FF14；项目/功能=Floating support structure / Floating Support structure / Secondary structure；失效模式=Floater unit sinkage；失效原因=Design; Insufficient structural strength and cracks on the floater resulting in water ingress to the support structure；失效后果=Potential Failure/Asset damage Energy production loss；S=4.83；O=1.83；D=3.4；RPN=26.86；建议措施=Ballast redundancy and automated ballast management; Freeboard margin increase and water-tight compartmentalization; Expanded design load cases (including typhoon/hurricane scenarios)。,正确,1.0,12.76,确定性规则问答,1.0,1.0,0,1.0,1,,,4.83；1.83；3.4；26.86,,,,4.83；1.83；3.4；26.86,潜在失效原因/机理；潜在失效后果；严酷度(S)；发生度(O)；可探测度(D)；风险优先数(RPN),58,
1434,1434,Full全量模型,无,风险影响评估类,原因后果查风险指标,风险指标查询,,,困难,潜在原因“Operation and Maintenance; Insufficient structural strength due to ship collision”导致后果“Local stress accumulation”时，S、O、D、RPN分别是多少？,S=4.43；O=2；D=3；RPN=24.17,匹配到1条记录：1) FMEA编号=FF15；项目/功能=Floating support structure / Floating Support structure / All structures；失效模式=Structural plastic deformation [11]；失效原因=Operation and Maintenance; Insufficient structural strength due to ship collision；失效后果=Local stress accumulation；S=4.43；O=2；D=3；RPN=24.17；建议措施=-。,正确,1.0,12.46,确定性规则问答,1.0,1.0,0,1.0,1,,,4.43；2.0；3.0；24.17,,,,4.43；2.0；3.0；24.17,潜在失效原因/机理；潜在失效后果；严酷度(S)；发生度(O)；可探测度(D)；风险优先数(RPN),59,
1435,1435,Full全量模型,无,风险影响评估类,原因后果查风险指标,风险指标查询,,,困难,潜在原因“Maintenance; Insufficient structural strength due to ship collision”导致后果“Asset damage Energy production loss/reduced stability”时，S、O、D、RPN分别是多少？,S=4.5；O=2.33；D=3；RPN=37.2,匹配到1条记录：1) FMEA编号=FF16；项目/功能=Floating support structure / Floating Support structure / Secondary structure；失效模式=Watertight fault [1]；失效原因=Maintenance; Insufficient structural strength due to ship collision [11]；失效后果=Asset damage Energy production loss/reduced stability；S=4.5；O=2.33；D=3；RPN=37.2；建议措施=-。,正确,1.0,12.46,确定性规则问答,1.0,1.0,0,1.0,1,,,4.5；2.33；3.0；37.2,,,,4.5；2.33；3.0；37.2,潜在失效原因/机理；潜在失效后果；严酷度(S)；发生度(O)；可探测度(D)；风险优先数(RPN),60,
1436,1436,Full全量模型,无,风险影响评估类,原因后果查风险指标,风险指标查询,,,困难,潜在原因“Operation; Ladders Corrosion”导致后果“Potential failure”时，S、O、D、RPN分别是多少？,S=3.86；O=2.71；D=2.57；RPN=23.5,"匹配到1条记录：1) FMEA编号=FF17；项目/功能=Floating support structure / Floating Support structure / Secondary structure；失效模式=Additional Structures Failures；失效原因=Operation; Ladders Corrosion [1,12]；失效后果=Potential failure；S=3.86；O=2.71；D=2.57；RPN=23.5；建议措施=-。",正确,1.0,12.11,确定性规则问答,1.0,1.0,0,1.0,1,,,3.86；2.71；2.57；23.5,,,,3.86；2.71；2.57；23.5,潜在失效原因/机理；潜在失效后果；严酷度(S)；发生度(O)；可探测度(D)；风险优先数(RPN),61,
1437,1437,Full全量模型,无,风险影响评估类,原因后果查风险指标,风险指标查询,,,困难,"潜在原因“Environmental condition; Marine growth under water can add additional weight and stress for the material, which can lead to cracks in the outer hull”导致后果“If these cracks propagate through the wall and lie under water or within the splash zone, then they constitute a risk to the watertightness.”时，S、O、D、RPN分别是多少？",S=4；O=2.2；D=3.25；RPN=30.8,"匹配到1条记录：1) FMEA编号=FF18；项目/功能=Floating support structure / Floating Support structure / All structures；失效模式=Watertight fault [1]；失效原因=Environmental condition; Marine growth under water can add additional weight and stress for the material, which can lead to cracks in the outer hull；失效后果=If these cracks propagate through the wall and lie under water or within the splash zone, then they constitute a risk to the watertightness.；S=4；O=2.2；D=3.25；RPN=30.8；建议措施=-。",正确,1.0,13.2,确定性规则问答,1.0,1.0,0,1.0,1,,,4.0；2.2；3.25；30.8,,,,4.0；2.2；3.25；30.8,潜在失效原因/机理；潜在失效后果；严酷度(S)；发生度(O)；可探测度(D)；风险优先数(RPN),62,
1438,1438,Full全量模型,无,风险影响评估类,原因后果查风险指标,风险指标查询,,,困难,"潜在原因“Operation; Navigation and work lights fail”导致后果“Increased risk of collision, potential damage to the floater”时，S、O、D、RPN分别是多少？",S=4；O=3；D=2；RPN=36.5,"匹配到1条记录：1) FMEA编号=FF19；项目/功能=Floating support structure / Floating Support structure / Secondary structure；失效模式=Additional Structures Failures；失效原因=Operation; Navigation and work lights fail [1,12]；失效后果=Increased risk of collision, potential damage to the floater；S=4；O=3；D=2；RPN=36.5；建议措施=-。",正确,1.0,12.33,确定性规则问答,1.0,1.0,0,1.0,1,,,4.0；3.0；2.0；36.5,,,,4.0；3.0；2.0；36.5,潜在失效原因/机理；潜在失效后果；严酷度(S)；发生度(O)；可探测度(D)；风险优先数(RPN),63,
1439,1439,Full全量模型,无,风险影响评估类,原因后果查风险指标,风险指标查询,,,困难,"潜在原因“Operation; Plane crush”导致后果“Damage to the facility, vast economic loses”时，S、O、D、RPN分别是多少？",S=4.83；O=1.17；D=4.67；RPN=31.75,"匹配到1条记录：1) FMEA编号=FF20；项目/功能=Floating support structure / Floating Support structure / All structures；失效模式=Hit by dropped objects [1,9]；失效原因=Operation; Plane crush；失效后果=Damage to the facility, vast economic loses；S=4.83；O=1.17；D=4.67；RPN=31.75；建议措施=-。",正确,1.0,12.24,确定性规则问答,1.0,1.0,0,1.0,1,,,4.83；1.17；4.67；31.75,,,,4.83；1.17；4.67；31.75,潜在失效原因/机理；潜在失效后果；严酷度(S)；发生度(O)；可探测度(D)；风险优先数(RPN),64,
1440,1440,Full全量模型,无,风险影响评估类,原因后果查风险指标,风险指标查询,,,困难,潜在原因“Operation; Sensors for platform monitoring fail”导致后果“Potential failure”时，S、O、D、RPN分别是多少？,S=2；O=3；D=3；RPN=41.17,"匹配到1条记录：1) FMEA编号=FF21；项目/功能=Floating support structure / Floating Support structure / Secondary structure；失效模式=Additional Structures Failures；失效原因=Operation; Sensors for platform monitoring fail [1,12]；失效后果=Potential failure；S=2；O=3；D=3；RPN=41.17；建议措施=-。",正确,1.0,12.3,确定性规则问答,1.0,1.0,0,1.0,1,,,2.0；3.0；3.0；41.17,,,,2.0；3.0；3.0；41.17,潜在失效原因/机理；潜在失效后果；严酷度(S)；发生度(O)；可探测度(D)；风险优先数(RPN),65,
1441,1441,Full全量模型,无,风险影响评估类,原因后果查风险指标,风险指标查询,,,困难,潜在原因“Operation and Maintenance; Structural component degradation due to corrosion”导致后果“Asset damage Energy production loss/reduced stability”时，S、O、D、RPN分别是多少？,S=4；O=2.6；D=3.25；RPN=18.8,匹配到1条记录：1) FMEA编号=FF22；项目/功能=Floating support structure / Floating Support structure / Secondary structure；失效模式=Structural break [11]；失效原因=Operation and Maintenance; Structural component degradation due to corrosion [12]；失效后果=Asset damage Energy production loss/reduced stability；S=4；O=2.6；D=3.25；RPN=18.8；建议措施=-。,正确,1.0,12.49,确定性规则问答,1.0,1.0,0,1.0,1,,,4.0；2.6；3.25；18.8,,,,4.0；2.6；3.25；18.8,潜在失效原因/机理；潜在失效后果；严酷度(S)；发生度(O)；可探测度(D)；风险优先数(RPN),66,
1442,1442,Full全量模型,无,风险影响评估类,原因后果查风险指标,风险指标查询,,,困难,"潜在原因“Operation and Maintenance; Structural degradation due to corrosion”导致后果“Watertight fault, Potential Floater Unit sinkage”时，S、O、D、RPN分别是多少？",S=4.17；O=2.67；D=3.2；RPN=36,"匹配到1条记录：1) FMEA编号=FF23；项目/功能=Floating support structure / Floating Support structure / All structures；失效模式=Structural break [11]；失效原因=Operation and Maintenance; Structural degradation due to corrosion [11]；失效后果=Watertight fault, Potential Floater Unit sinkage；S=4.17；O=2.67；D=3.2；RPN=36；建议措施=-。",正确,1.0,12.51,确定性规则问答,1.0,1.0,0,1.0,1,,,4.17；2.67；3.2；36.0,,,,4.17；2.67；3.2；36.0,潜在失效原因/机理；潜在失效后果；严酷度(S)；发生度(O)；可探测度(D)；风险优先数(RPN),67,
1443,1443,Full全量模型,无,风险影响评估类,原因后果查风险指标,风险指标查询,,,困难,潜在原因“Operation; Structure brittle fracture due to extreme environmental temperature”导致后果“Tower collapse”时，S、O、D、RPN分别是多少？,S=4.67；O=1.33；D=3.6；RPN=33.4,"匹配到1条记录：1) FMEA编号=FF24；项目/功能=Floating support structure / Floating Support structure / Primary structure & Welding；失效模式=Structural break [11]；失效原因=Operation; Structure brittle fracture due to extreme environmental temperature；失效后果=Tower collapse；S=4.67；O=1.33；D=3.6；RPN=33.4；建议措施=Operational limits: weather windows, alarm thresholds for motions; Other- Specify; Expanded design load cases (including typhoon/hurricane scenarios); Better understanding of temperature ranges。",正确,1.0,12.4,确定性规则问答,1.0,1.0,0,1.0,1,,,4.67；1.33；3.6；33.4,,,,4.67；1.33；3.6；33.4,潜在失效原因/机理；潜在失效后果；严酷度(S)；发生度(O)；可探测度(D)；风险优先数(RPN),68,
1444,1444,Full全量模型,无,风险影响评估类,原因后果查风险指标,风险指标查询,,,困难,潜在原因“Operation; Structures break/collapse due to collision with other FWT”导致后果“Potential Failure/Asset damage Energy production loss”时，S、O、D、RPN分别是多少？,S=5；O=1.33；D=2.6；RPN=30.8,"匹配到1条记录：1) FMEA编号=FF25；项目/功能=Floating support structure / Floating Support structure / All structures；失效模式=Floater unit sinkage；失效原因=Operation; Structures break/collapse due to collision with other FWT；失效后果=Potential Failure/Asset damage Energy production loss；S=5；O=1.33；D=2.6；RPN=30.8；建议措施=Operational limits: weather windows, alarm thresholds for motions; -; Expanded design load cases (including typhoon/hurricane scenarios); Freeboard margin increase and water-tight compartmentalization。",正确,1.0,12.52,确定性规则问答,1.0,1.0,0,1.0,1,,,5.0；1.33；2.6；30.8,,,,5.0；1.33；2.6；30.8,潜在失效原因/机理；潜在失效后果；严酷度(S)；发生度(O)；可探测度(D)；风险优先数(RPN),69,
1445,1445,Full全量模型,无,风险影响评估类,原因后果查风险指标,风险指标查询,,,困难,"潜在原因“Environmental condition; Typhoon can cause failure of the floating unit if it gets hit by dropping objects. (eg. damaged blade)(strong wind/wave)”导致后果“Damage to the facility, vast economic loses”时，S、O、D、RPN分别是多少？",S=4.83；O=1.67；D=3.17；RPN=25,"匹配到1条记录：1) FMEA编号=FF26；项目/功能=Floating support structure / Floating Support structure / All structures；失效模式=Hit by dropped objects [1,9]；失效原因=Environmental condition; Typhoon can cause failure of the floating unit if it gets hit by dropping objects. (eg. damaged blade)(strong wind/wave)；失效后果=Damage to the facility, vast economic loses；S=4.83；O=1.67；D=3.17；RPN=25；建议措施=Expanded design load cases (including typhoon/hurricane scenarios); High-fidelity coupled aero-hydro-elastic simulation in design updates; -。",正确,1.0,12.81,确定性规则问答,1.0,1.0,0,1.0,1,,,4.83；1.67；3.17；25.0,,,,4.83；1.67；3.17；25.0,潜在失效原因/机理；潜在失效后果；严酷度(S)；发生度(O)；可探测度(D)；风险优先数(RPN),70,
1446,1446,Full全量模型,无,风险影响评估类,原因后果查风险指标,风险指标查询,,,困难,"潜在原因“Design; Underdesigned structure/Component due to insufficient environmental data”导致后果“Watertight fault, Potential Floater Unit sinkage”时，S、O、D、RPN分别是多少？",S=4.67；O=2.33；D=3；RPN=22.4,"匹配到1条记录：1) FMEA编号=FF27；项目/功能=Floating support structure / Floating Support structure / All structures；失效模式=Structural break [11]；失效原因=Design; Underdesigned structure/Component due to insufficient environmental data；失效后果=Watertight fault, Potential Floater Unit sinkage；S=4.67；O=2.33；D=3；RPN=22.4；建议措施=Expanded design load cases (including typhoon/hurricane scenarios); High-fidelity coupled aero-hydro-elastic simulation in design updates。",正确,1.0,12.57,确定性规则问答,1.0,1.0,0,1.0,1,,,4.67；2.33；3.0；22.4,,,,4.67；2.33；3.0；22.4,潜在失效原因/机理；潜在失效后果；严酷度(S)；发生度(O)；可探测度(D)；风险优先数(RPN),71,
1447,1447,Full全量模型,无,风险影响评估类,原因后果查风险指标,风险指标查询,,,困难,"潜在原因“Maintenance; Undetected defects due to poor quality control”导致后果“Watertight fault, Potential Floater Unit sinkage”时，S、O、D、RPN分别是多少？",S=4.5；O=2.33；D=3.6；RPN=19,"匹配到1条记录：1) FMEA编号=FF28；项目/功能=Floating support structure / Floating Support structure / All structures & Welding；失效模式=Structural break [11]；失效原因=Maintenance; Undetected defects due to poor quality control；失效后果=Watertight fault, Potential Floater Unit sinkage；S=4.5；O=2.33；D=3.6；RPN=19；建议措施=Operational limits: weather windows, alarm thresholds for motions; Other- Specify; -; Welding quality assurance and NDT enhancement (phased-array UT)。",正确,1.0,12.38,确定性规则问答,1.0,1.0,0,1.0,1,,,4.5；2.33；3.6；19.0,,,,4.5；2.33；3.6；19.0,潜在失效原因/机理；潜在失效后果；严酷度(S)；发生度(O)；可探测度(D)；风险优先数(RPN),72,
1448,1448,Full全量模型,无,风险影响评估类,原因后果查风险指标,风险指标查询,,,困难,潜在原因“Manufacturing and Installation; Ventilation heads/Manholes failure due to Manufacturing defect/Welding defect”导致后果“Reduced stability”时，S、O、D、RPN分别是多少？,S=3.6；O=2.33；D=3.6；RPN=36,匹配到1条记录：1) FMEA编号=FF29；项目/功能=Floating support structure / Floating Support structure / Secondary structure & Welding；失效模式=Watertight fault [1]；失效原因=Manufacturing and Installation; Ventilation heads/Manholes failure due to Manufacturing defect/Welding defect；失效后果=Reduced stability；S=3.6；O=2.33；D=3.6；RPN=36；建议措施=-。,正确,1.0,12.7,确定性规则问答,1.0,1.0,0,1.0,1,,,3.6；2.33；3.6；36.0,,,,3.6；2.33；3.6；36.0,潜在失效原因/机理；潜在失效后果；严酷度(S)；发生度(O)；可探测度(D)；风险优先数(RPN),73,
1449,1449,Full全量模型,无,风险影响评估类,原因后果查风险指标,风险指标查询,,,困难,潜在原因“Manufacturing; Welding failure”导致后果“Watertight fault”时，S、O、D、RPN分别是多少？,S=3.6；O=3；D=3.2；RPN=31.2,匹配到1条记录：1) FMEA编号=FF30；项目/功能=Floating support structure / Floating Support structure / Welding；失效模式=Cracks [11]；失效原因=Manufacturing; Welding failure；失效后果=Watertight fault；S=3.6；O=3；D=3.2；RPN=31.2；建议措施=-。,正确,1.0,12.2,确定性规则问答,1.0,1.0,0,1.0,1,,,3.6；3.0；3.2；31.2,,,,3.6；3.0；3.2；31.2,潜在失效原因/机理；潜在失效后果；严酷度(S)；发生度(O)；可探测度(D)；风险优先数(RPN),74,
1450,1450,Full全量模型,无,风险影响评估类,原因后果查风险指标,风险指标查询,,,困难,潜在原因“Operation; Abnormal working conditions”导致后果“Anchor failure”时，S、O、D、RPN分别是多少？,S=4.2；O=2.2；D=3.8；RPN=34,"匹配到1条记录：1) FMEA编号=SKS1；项目/功能=Station keeping / Anchor (AC)；失效模式=Anchor failure [1], [17]；失效原因=Operation; Abnormal working conditions；失效后果=Anchor failure；S=4.2；O=2.2；D=3.8；RPN=34；建议措施=Continuous tension and vibration monitoring; thresholds for intervention; Procedural controls: load management, operational envelopes; Better design by expanded load case matrix including more failure modes; -。",正确,1.0,12.29,确定性规则问答,1.0,1.0,0,1.0,1,,,4.2；2.2；3.8；34.0,,,,4.2；2.2；3.8；34.0,潜在失效原因/机理；潜在失效后果；严酷度(S)；发生度(O)；可探测度(D)；风险优先数(RPN),75,
1451,1451,Full全量模型,无,风险影响评估类,原因后果查风险指标,风险指标查询,,,困难,潜在原因“Operation; Cyclic degradation”导致后果“Anchor failure”时，S、O、D、RPN分别是多少？,S=4.2；O=2.2；D=3.8；RPN=34,"匹配到1条记录：1) FMEA编号=SKS2；项目/功能=Station keeping / Anchor (AC)；失效模式=Anchor failure [1], [17]；失效原因=Operation; Cyclic degradation；失效后果=Anchor failure；S=4.2；O=2.2；D=3.8；RPN=34；建议措施=Continuous tension and vibration monitoring; thresholds for intervention; Procedural controls: load management, operational envelopes; Better design by expanded load case matrix including more failure modes; -。",正确,1.0,12.14,确定性规则问答,1.0,1.0,0,1.0,1,,,4.2；2.2；3.8；34.0,,,,4.2；2.2；3.8；34.0,潜在失效原因/机理；潜在失效后果；严酷度(S)；发生度(O)；可探测度(D)；风险优先数(RPN),76,
1452,1452,Full全量模型,无,风险影响评估类,原因后果查风险指标,风险指标查询,,,困难,潜在原因“Operation”导致后果“未说明”时，S、O、D、RPN分别是多少？,S=3；O=3；D=3.25；RPN=29.25,失效模式是：Capsize [11]；项目/功能是：Floating support structure / Floating Support structure / Primary structure & Welding；潜在失效原因/机理是：Environmental condition; Extreme horizontal oscillatory force。,错误,0.0,82.1,语义RAG,0.5,0.25,0,0.25,6,,3.0；3.0；3.25；29.25,,,,,3.0；3.0；3.25；29.25,潜在失效原因/机理；潜在失效后果；严酷度(S)；发生度(O)；可探测度(D)；风险优先数(RPN),77,
1453,1453,Full全量模型,无,风险影响评估类,原因后果查风险指标,风险指标查询,,,困难,潜在原因“Operation; Fairlead fatigue”导致后果“The anchor cannot be dropped and lift”时，S、O、D、RPN分别是多少？,S=3.8；O=2.8；D=3；RPN=30,"匹配到1条记录：1) FMEA编号=SKS5；项目/功能=Station keeping / Fairlead (FL)；失效模式=Fairlead failure [1], [17]；失效原因=Operation; Fairlead fatigue；失效后果=The anchor cannot be dropped and lift；S=3.8；O=2.8；D=3；RPN=30；建议措施=Continuous tension and vibration monitoring; thresholds for intervention; Fairlead geometry improvements and low-wear lining; Optimized chain/wire/rope selection and fatigue margins (design); -。",正确,1.0,12.41,确定性规则问答,1.0,1.0,0,1.0,1,,,3.8；2.8；3.0；30.0,,,,3.8；2.8；3.0；30.0,潜在失效原因/机理；潜在失效后果；严酷度(S)；发生度(O)；可探测度(D)；风险优先数(RPN),79,
1454,1454,Full全量模型,无,风险影响评估类,原因后果查风险指标,风险指标查询,,,困难,潜在原因“Operation; Fairlead corrosion”导致后果“The anchor cannot be dropped and lift”时，S、O、D、RPN分别是多少？,S=3.8；O=2.8；D=3；RPN=30,"匹配到1条记录：1) FMEA编号=SKS6；项目/功能=Station keeping / Fairlead (FL)；失效模式=Fairlead failure [1],[17]；失效原因=Operation; Fairlead corrosion；失效后果=The anchor cannot be dropped and lift；S=3.8；O=2.8；D=3；RPN=30；建议措施=Cathodic protection and corrosion monitoring regimes; -。",正确,1.0,15.45,确定性规则问答,1.0,1.0,0,1.0,1,,,3.8；2.8；3.0；30.0,,,,3.8；2.8；3.0；30.0,潜在失效原因/机理；潜在失效后果；严酷度(S)；发生度(O)；可探测度(D)；风险优先数(RPN),80,
1455,1455,Full全量模型,无,风险影响评估类,原因后果查风险指标,风险指标查询,,,困难,潜在原因“Operation”导致后果“Unable to monitor tension in the mooring lines”时，S、O、D、RPN分别是多少？,S=2.6；O=3.2；D=2；RPN=13.5,匹配到1条记录：1) FMEA编号=SKS7；项目/功能=Station keeping / Monitoring System；失效模式=Monitoring system fails；失效原因=Operation；失效后果=Unable to monitor tension in the mooring lines；S=2.6；O=3.2；D=2；RPN=13.5；建议措施=-。,正确,1.0,14.45,确定性规则问答,1.0,1.0,0,1.0,1,,,2.6；3.2；2.0；13.5,,,,2.6；3.2；2.0；13.5,潜在失效原因/机理；潜在失效后果；严酷度(S)；发生度(O)；可探测度(D)；风险优先数(RPN),81,
1456,1456,Full全量模型,无,风险影响评估类,原因后果查风险指标,风险指标查询,,,困难,潜在原因“Manufacturing; Poor splice quality/ workmanship/qualification”导致后果“Mooring line strength decrease or broken”时，S、O、D、RPN分别是多少？,S=4；O=2.4；D=3.2；RPN=28.8,匹配到1条记录：1) FMEA编号=SKS8；项目/功能=Station keeping / Mooring Lines (ML) / Mooring lines；失效模式=Mooring line breakage [8]；失效原因=Manufacturing; Poor splice quality/ workmanship/qualification；失效后果=Mooring line strength decrease or broken；S=4；O=2.4；D=3.2；RPN=28.8；建议措施=ROV visual inspections; targeted maintenance on wear zones; Diversity in materials/vendors to reduce common-cause risks; -。,正确,1.0,12.27,确定性规则问答,1.0,1.0,0,1.0,1,,,4.0；2.4；3.2；28.8,,,,4.0；2.4；3.2；28.8,潜在失效原因/机理；潜在失效后果；严酷度(S)；发生度(O)；可探测度(D)；风险优先数(RPN),82,
1457,1457,Full全量模型,无,风险影响评估类,原因后果查风险指标,风险指标查询,,,困难,潜在原因“Environmental condition; Abnormal stress due to mooring lines wear caused by unexpected seismic loads/ The tension overpassing the limit value can cause the mooring line to instantaneously break”导致后果“Mooring line strength decrease or broken”时，S、O、D、RPN分别是多少？,S=4；O=2；D=2.6；RPN=20,匹配到1条记录：1) FMEA编号=SKS9；项目/功能=Station keeping / Mooring Lines (ML) / Mooring lines；失效模式=Mooring line breakage[8]；失效原因=Environmental condition; Abnormal stress due to mooring lines wear caused by unexpected seismic loads/ The tension overpassing the limit value can cause the mooring line to instantaneously break [18]；失效后果=Mooring line strength decrease or broken；S=4；O=2；D=2.6；RPN=20；建议措施=Continuous tension and vibration monitoring; thresholds for intervention; -。,正确,1.0,13.15,确定性规则问答,1.0,1.0,0,1.0,1,,,4.0；2.0；2.6；20.0,,,,4.0；2.0；2.6；20.0,潜在失效原因/机理；潜在失效后果；严酷度(S)；发生度(O)；可探测度(D)；风险优先数(RPN),83,
1458,1458,Full全量模型,无,风险影响评估类,原因后果查风险指标,风险指标查询,,,困难,潜在原因“Environmental condition; Mooring lines wear caused by unexpected external damage (from e.g. overtrawling)/particulate ingress/UV light”导致后果“Mooring line strength decrease or broken”时，S、O、D、RPN分别是多少？,S=4；O=2；D=3；RPN=24,匹配到1条记录：1) FMEA编号=SKS10；项目/功能=Station keeping / Mooring Lines (ML) / Mooring lines；失效模式=Mooring line breakage[8]；失效原因=Environmental condition; Mooring lines wear caused by unexpected external damage (from e.g. overtrawling)/particulate ingress/UV light；失效后果=Mooring line strength decrease or broken；S=4；O=2；D=3；RPN=24；建议措施=Continuous tension and vibration monitoring; thresholds for intervention; -。,正确,1.0,12.98,确定性规则问答,1.0,1.0,0,1.0,1,,,4.0；2.0；3.0；24.0,,,,4.0；2.0；3.0；24.0,潜在失效原因/机理；潜在失效后果；严酷度(S)；发生度(O)；可探测度(D)；风险优先数(RPN),84,
1459,1459,Full全量模型,无,风险影响评估类,原因后果查风险指标,风险指标查询,,,困难,潜在原因“Maintenance; Mooring lines corrosion due to improper maintenance of the corroded components”导致后果“Mooring line strength decrease or broken”时，S、O、D、RPN分别是多少？,S=3.6；O=2.8；D=3；RPN=29.2,匹配到1条记录：1) FMEA编号=SKS11；项目/功能=Station keeping / Mooring Lines (ML) / Mooring lines；失效模式=Mooring Line Corrosion [1]；失效原因=Maintenance; Mooring lines corrosion due to improper maintenance of the corroded components；失效后果=Mooring line strength decrease or broken；S=3.6；O=2.8；D=3；RPN=29.2；建议措施=Continuous tension and vibration monitoring; thresholds for intervention; Optimized chain/wire/rope selection and fatigue margins (design); -。,正确,1.0,12.54,确定性规则问答,1.0,1.0,0,1.0,1,,,3.6；2.8；3.0；29.2,,,,3.6；2.8；3.0；29.2,潜在失效原因/机理；潜在失效后果；严酷度(S)；发生度(O)；可探测度(D)；风险优先数(RPN),85,
1460,1460,Full全量模型,无,风险影响评估类,原因后果查风险指标,风险指标查询,,,困难,"潜在原因“Maintenance; Mooring line fatigue due to Lack of proper maintenance, including inspection, monitoring, and replacement of the mooring lines.”导致后果“Mooring line strength decrease or broken”时，S、O、D、RPN分别是多少？",S=3.6；O=2.8；D=3；RPN=29.6,"匹配到1条记录：1) FMEA编号=SKS12；项目/功能=Station keeping / Mooring Lines (ML) / Mooring lines；失效模式=Mooring Line Fatigue [1]；失效原因=Maintenance; Mooring line fatigue due to Lack of proper maintenance, including inspection, monitoring, and replacement of the mooring lines.；失效后果=Mooring line strength decrease or broken；S=3.6；O=2.8；D=3；RPN=29.6；建议措施=-。",正确,1.0,12.92,确定性规则问答,1.0,1.0,0,1.0,1,,,3.6；2.8；3.0；29.6,,,,3.6；2.8；3.0；29.6,潜在失效原因/机理；潜在失效后果；严酷度(S)；发生度(O)；可探测度(D)；风险优先数(RPN),86,
1461,1461,Full全量模型,无,风险影响评估类,原因后果查风险指标,风险指标查询,,,困难,"潜在原因“Operation; Mooring line fatigue due to Improper operational procedures, such as excessive loading, bending or twisting.”导致后果“Mooring line strength decrease or broken”时，S、O、D、RPN分别是多少？",S=3.6；O=3；D=3；RPN=31.6,"匹配到1条记录：1) FMEA编号=SKS13；项目/功能=Station keeping / Mooring Lines (ML) / Mooring lines；失效模式=Mooring Line Fatigue [1]；失效原因=Operation; Mooring line fatigue due to Improper operational procedures, such as excessive loading, bending or twisting.；失效后果=Mooring line strength decrease or broken；S=3.6；O=3；D=3；RPN=31.6；建议措施=Continuous tension and vibration monitoring; thresholds for intervention; Optimized chain/wire/rope selection and fatigue margins (design); -。",正确,1.0,12.76,确定性规则问答,1.0,1.0,0,1.0,1,,,3.6；3.0；3.0；31.6,,,,3.6；3.0；3.0；31.6,潜在失效原因/机理；潜在失效后果；严酷度(S)；发生度(O)；可探测度(D)；风险优先数(RPN),87,
1462,1462,Full全量模型,无,风险影响评估类,原因后果查风险指标,风险指标查询,,,困难,潜在原因“Manufacturing; Mooring lines wear due to poor quality during fabrication”导致后果“Mooring line strength decrease or broken”时，S、O、D、RPN分别是多少？,S=3.6；O=2.8；D=3.6；RPN=35.6,匹配到1条记录：1) FMEA编号=SKS14；项目/功能=Station keeping / Mooring Lines (ML) / Mooring lines；失效模式=Mooring line wear [1]；失效原因=Manufacturing; Mooring lines wear due to poor quality during fabrication；失效后果=Mooring line strength decrease or broken；S=3.6；O=2.8；D=3.6；RPN=35.6；建议措施=-。,正确,1.0,12.48,确定性规则问答,1.0,1.0,0,1.0,1,,,3.6；2.8；3.6；35.6,,,,3.6；2.8；3.6；35.6,潜在失效原因/机理；潜在失效后果；严酷度(S)；发生度(O)；可探测度(D)；风险优先数(RPN),88,
1463,1463,Full全量模型,无,风险影响评估类,原因后果查风险指标,风险指标查询,,,困难,潜在原因“Design; Mooring lines wear due to underestimation of seisemic events during design or due to rope compression not considered”导致后果“Mooring line strength decrease or broken”时，S、O、D、RPN分别是多少？,S=3.6；O=2；D=3.6；RPN=26.4,匹配到1条记录：1) FMEA编号=SKS15；项目/功能=Station keeping / Mooring Lines (ML) / Mooring lines；失效模式=Mooring line wear [1]；失效原因=Design; Mooring lines wear due to underestimation of seisemic events during design or due to rope compression not considered；失效后果=Mooring line strength decrease or broken；S=3.6；O=2；D=3.6；RPN=26.4；建议措施=-。,正确,1.0,12.87,确定性规则问答,1.0,1.0,0,1.0,1,,,3.6；2.0；3.6；26.4,,,,3.6；2.0；3.6；26.4,潜在失效原因/机理；潜在失效后果；严酷度(S)；发生度(O)；可探测度(D)；风险优先数(RPN),89,
1464,1464,Full全量模型,无,风险影响评估类,原因后果查风险指标,风险指标查询,,,困难,"潜在原因“Operation; Mooring lines wear due to Improper handling, such as excessive tension, bending, or twisting of the mooring lines.”导致后果“Mooring line strength decrease or broken”时，S、O、D、RPN分别是多少？",S=3.6；O=2.4；D=3.6；RPN=31.6,"匹配到1条记录：1) FMEA编号=SKS16；项目/功能=Station keeping / Mooring Lines (ML) / Mooring lines；失效模式=Mooring line wear [1]；失效原因=Operation; Mooring lines wear due to Improper handling, such as excessive tension, bending, or twisting of the mooring lines.；失效后果=Mooring line strength decrease or broken；S=3.6；O=2.4；D=3.6；RPN=31.6；建议措施=-。",正确,1.0,12.78,确定性规则问答,1.0,1.0,0,1.0,1,,,3.6；2.4；3.6；31.6,,,,3.6；2.4；3.6；31.6,潜在失效原因/机理；潜在失效后果；严酷度(S)；发生度(O)；可探测度(D)；风险优先数(RPN),90,
1465,1465,Full全量模型,无,风险影响评估类,原因后果查风险指标,风险指标查询,,,困难,潜在原因“Operation; Transitional chain wear due to repeated loading and unloading cycles over time”导致后果“Asset not in correct location or position”时，S、O、D、RPN分别是多少？,S=4；O=2.4；D=2.6；RPN=24.8,"匹配到1条记录：1) FMEA编号=SKS17；项目/功能=Station keeping / Mooring lines (ML) / Mooring lines；失效模式=Mooring lines broken [1,3]；失效原因=Operation; Transitional chain wear due to repeated loading and unloading cycles over time；失效后果=Asset not in correct location or position；S=4；O=2.4；D=2.6；RPN=24.8；建议措施=ROV visual inspections; targeted maintenance on wear zones; Optimized chain/wire/rope selection and fatigue margins (design); Only chain and wire above MSL, keep fiber ropes wet; -。",正确,1.0,12.47,确定性规则问答,1.0,1.0,0,1.0,1,,,4.0；2.4；2.6；24.8,,,,4.0；2.4；2.6；24.8,潜在失效原因/机理；潜在失效后果；严酷度(S)；发生度(O)；可探测度(D)；风险优先数(RPN),91,
1466,1466,Full全量模型,无,风险影响评估类,原因后果查风险指标,风险指标查询,,,困难,潜在原因“Maintenance; Transitional chain wear due to improper inspection and maintenance”导致后果“Asset not in correct location or position”时，S、O、D、RPN分别是多少？,S=4；O=2；D=2.6；RPN=20,"匹配到1条记录：1) FMEA编号=SKS18；项目/功能=Station keeping / Mooring lines (ML) / Mooring lines；失效模式=Mooring lines broken [1,3]；失效原因=Maintenance; Transitional chain wear due to improper inspection and maintenance；失效后果=Asset not in correct location or position；S=4；O=2；D=2.6；RPN=20；建议措施=ROV visual inspections; targeted maintenance on wear zones; Optimized chain/wire/rope selection and fatigue margins (design); Only chain and wire above MSL, keep fiber ropes wet; -。",正确,1.0,12.43,确定性规则问答,1.0,1.0,0,1.0,1,,,4.0；2.0；2.6；20.0,,,,4.0；2.0；2.6；20.0,潜在失效原因/机理；潜在失效后果；严酷度(S)；发生度(O)；可探测度(D)；风险优先数(RPN),92,
1467,1467,Full全量模型,无,风险影响评估类,原因后果查风险指标,风险指标查询,,,困难,"潜在原因“Operation; Friction chain wear due to significant movement and tension due to the forces of wind, waves”导致后果“Asset not in correct location or position”时，S、O、D、RPN分别是多少？",S=4；O=2.2；D=2.6；RPN=22.4,"匹配到1条记录：1) FMEA编号=SKS19；项目/功能=Station keeping / Mooring lines (ML) / Mooring lines；失效模式=Mooring lines broken [1,3]；失效原因=Operation; Friction chain wear due to significant movement and tension due to the forces of wind, waves；失效后果=Asset not in correct location or position；S=4；O=2.2；D=2.6；RPN=22.4；建议措施=ROV visual inspections; targeted maintenance on wear zones; Optimized chain/wire/rope selection and fatigue margins (design); Only chain and wire above MSL, keep fiber ropes wet; -。",正确,1.0,12.66,确定性规则问答,1.0,1.0,0,1.0,1,,,4.0；2.2；2.6；22.4,,,,4.0；2.2；2.6；22.4,潜在失效原因/机理；潜在失效后果；严酷度(S)；发生度(O)；可探测度(D)；风险优先数(RPN),93,
1468,1468,Full全量模型,无,风险影响评估类,原因后果查风险指标,风险指标查询,,,困难,潜在原因“Operation; Mooring line wear due to hysteretic heating or wet-dry cycling”导致后果“Asset not in correct location or position”时，S、O、D、RPN分别是多少？,S=4；O=2.2；D=3；RPN=28,"匹配到1条记录：1) FMEA编号=SKS20；项目/功能=Station keeping / Mooring lines (ML) / Mooring lines；失效模式=Mooring lines broken [1,3]；失效原因=Operation; Mooring line wear due to hysteretic heating or wet-dry cycling；失效后果=Asset not in correct location or position；S=4；O=2.2；D=3；RPN=28；建议措施=ROV visual inspections; targeted maintenance on wear zones; -。",正确,1.0,12.45,确定性规则问答,1.0,1.0,0,1.0,1,,,3.0；4.0；2.2；3.0；28.0,,,,4.0；2.2；3.0；28.0,潜在失效原因/机理；潜在失效后果；严酷度(S)；发生度(O)；可探测度(D)；风险优先数(RPN),94,
1469,1469,Full全量模型,无,风险影响评估类,原因后果查风险指标,风险指标查询,,,困难,潜在原因“Design; Mooring winch failure due to understimation of loads during design phase”导致后果“Asset not in correct location or position”时，S、O、D、RPN分别是多少？,S=4；O=2；D=2.8；RPN=21.6,匹配到1条记录：1) FMEA编号=SKS21；项目/功能=Station keeping / Mooring lines (ML) / Mooring winch；失效模式=Mooring winch failure [1]；失效原因=Design; Mooring winch failure due to understimation of loads during design phase；失效后果=Asset not in correct location or position；S=4；O=2；D=2.8；RPN=21.6；建议措施=-。,正确,1.0,12.49,确定性规则问答,1.0,1.0,0,1.0,1,,,4.0；2.0；2.8；21.6,,,,4.0；2.0；2.8；21.6,潜在失效原因/机理；潜在失效后果；严酷度(S)；发生度(O)；可探测度(D)；风险优先数(RPN),95,
1470,1470,Full全量模型,无,风险影响评估类,原因后果查风险指标,风险指标查询,,,困难,潜在原因“Maintenance; Mooring winch failure due to undetected hazard during operation”导致后果“Asset not in correct location or position”时，S、O、D、RPN分别是多少？,S=4；O=2；D=3.2；RPN=25.6,"匹配到1条记录：1) FMEA编号=SKS22；项目/功能=Station keeping / Mooring lines (ML) / Mooring winch；失效模式=Mooring winch failure [1]；失效原因=Maintenance; Mooring winch failure due to undetected hazard during operation；失效后果=Asset not in correct location or position；S=4；O=2；D=3.2；RPN=25.6；建议措施=Continuous tension and vibration monitoring; thresholds for intervention; Procedural controls: load management, operational envelopes; -。",正确,1.0,12.38,确定性规则问答,1.0,1.0,0,1.0,1,,,4.0；2.0；3.2；25.6,,,,4.0；2.0；3.2；25.6,潜在失效原因/机理；潜在失效后果；严酷度(S)；发生度(O)；可探测度(D)；风险优先数(RPN),96,
1471,1471,Full全量模型,无,风险影响评估类,原因后果查风险指标,风险指标查询,,,困难,潜在原因“Design Phase; Underestimation of dynamic conditions - Unexpected contingency scenario ( loss of mooring line ) - unexpected dynamic loads”导致后果“Structural damage - cable composition weakening”时，S、O、D、RPN分别是多少？,S=4.2；O=2.2；D=3.75；RPN=30.25,"匹配到1条记录：1) FMEA编号=DC1；项目/功能=Dynamic cable / Dynamic Cable / Dynamic Cable/；失效模式=accelerated mechanical fatigue；失效原因=Design Phase; Underestimation of dynamic conditions - Unexpected contingency scenario ( loss of mooring line ) - unexpected dynamic loads；失效后果=Structural damage - cable composition weakening；S=4.2；O=2.2；D=3.75；RPN=30.25；建议措施=Monitoring: DTS/RTTR, electrical integrity tests, leak detection; Lazy-wave configuration optimization; buoyancy spacing; hang-off upgrades; -。",正确,1.0,14.08,确定性规则问答,1.0,1.0,0,1.0,1,,,4.2；2.2；3.75；30.25,,,,4.2；2.2；3.75；30.25,潜在失效原因/机理；潜在失效后果；严酷度(S)；发生度(O)；可探测度(D)；风险优先数(RPN),97,
1472,1472,Full全量模型,无,风险影响评估类,原因后果查风险指标,风险指标查询,,,困难,潜在原因“Environmental conditions; Anchor impacts - seabed movement”导致后果“Structural integrity damage - extra stress on cables”时，S、O、D、RPN分别是多少？,S=4.2；O=1.6；D=2.4；RPN=20,匹配到1条记录：1) FMEA编号=DC2；项目/功能=Dynamic cable / Dynamic Cable / Dynamic Cable/；失效模式=anchoring damages；失效原因=Environmental conditions; Anchor impacts - seabed movement；失效后果=Structural integrity damage - extra stress on cables；S=4.2；O=1.6；D=2.4；RPN=20；建议措施=-。,正确,1.0,13.55,确定性规则问答,1.0,1.0,0,1.0,1,,,4.2；1.6；2.4；20.0,,,,4.2；1.6；2.4；20.0,潜在失效原因/机理；潜在失效后果；严酷度(S)；发生度(O)；可探测度(D)；风险优先数(RPN),98,
1473,1473,Full全量模型,无,风险影响评估类,原因后果查风险指标,风险指标查询,,,困难,"潜在原因“Operation; Mechanical stress - cable motion,Bending and motion”导致后果“Operational disruption”时，S、O、D、RPN分别是多少？",S=2.67；O=3；D=3；RPN=32,"匹配到1条记录：1) FMEA编号=DC3；项目/功能=Dynamic cable / Dynamic Cable / Dynamic Cable/；失效模式=Cable Damage；失效原因=Operation; Mechanical stress - cable motion,Bending and motion；失效后果=Operational disruption；S=2.67；O=3；D=3；RPN=32；建议措施=-。",正确,1.0,13.55,确定性规则问答,1.0,1.0,0,1.0,1,,,3.0；2.67；3.0；3.0；32.0,,,,2.67；3.0；3.0；32.0,潜在失效原因/机理；潜在失效后果；严酷度(S)；发生度(O)；可探测度(D)；风险优先数(RPN),99,
1474,1474,Full全量模型,无,风险影响评估类,原因后果查风险指标,风险指标查询,,,困难,"潜在原因“Installation phase; Seawater exposure, environmental conditions due to failure of corrosion protection anodes”导致后果“J-tube degradation affecting cable integrity”时，S、O、D、RPN分别是多少？",S=2.8；O=2.8；D=3.2；RPN=22.5,"匹配到1条记录：1) FMEA编号=DC4；项目/功能=Dynamic cable / Dynamic Cable / J-tube；失效模式=Corrosion of J-tube [6]；失效原因=Installation phase; Seawater exposure, environmental conditions due to failure of corrosion protection anodes；失效后果=J-tube degradation affecting cable integrity；S=2.8；O=2.8；D=3.2；RPN=22.5；建议措施=-。",正确,1.0,13.93,确定性规则问答,1.0,1.0,0,1.0,1,,,2.8；2.8；3.2；22.5,,,,2.8；2.8；3.2；22.5,潜在失效原因/机理；潜在失效后果；严酷度(S)；发生度(O)；可探测度(D)；风险优先数(RPN),100,
1475,1475,Full全量模型,无,风险影响评估类,原因后果查风险指标,风险指标查询,,,困难,"潜在原因“Design Phase; Seawater exposure, environmental conditions due to insufficient coating”导致后果“J-tube degradation affecting cable integrity”时，S、O、D、RPN分别是多少？",S=3.2；O=2；D=3.4；RPN=15,"匹配到1条记录：1) FMEA编号=DC5；项目/功能=Dynamic cable / Dynamic Cable / J-tube；失效模式=Corrosion of J-tube [6]；失效原因=Design Phase; Seawater exposure, environmental conditions due to insufficient coating；失效后果=J-tube degradation affecting cable integrity；S=3.2；O=2；D=3.4；RPN=15；建议措施=-; Cathodic protection; coating improvements。",正确,1.0,13.73,确定性规则问答,1.0,1.0,0,1.0,1,,,3.2；2.0；3.4；15.0,,,,3.2；2.0；3.4；15.0,潜在失效原因/机理；潜在失效后果；严酷度(S)；发生度(O)；可探测度(D)；风险优先数(RPN),101,
1476,1476,Full全量模型,无,风险影响评估类,原因后果查风险指标,风险指标查询,,,困难,潜在原因“Design Phase; Excessive mechanical load - equipment interraction”导致后果“Structural damage - cable weakening”时，S、O、D、RPN分别是多少？,S=3.8；O=1.8；D=3.2；RPN=24,匹配到1条记录：1) FMEA编号=DC6；项目/功能=Dynamic cable / Dynamic Cable / Dynamic Cable/；失效模式=Crushing or deformation；失效原因=Design Phase; Excessive mechanical load - equipment interraction；失效后果=Structural damage - cable weakening；S=3.8；O=1.8；D=3.2；RPN=24；建议措施=-。,正确,1.0,13.48,确定性规则问答,1.0,1.0,0,1.0,1,,,3.8；1.8；3.2；24.0,,,,3.8；1.8；3.2；24.0,潜在失效原因/机理；潜在失效后果；严酷度(S)；发生度(O)；可探测度(D)；风险优先数(RPN),102,
1477,1477,Full全量模型,无,风险影响评估类,原因后果查风险指标,风险指标查询,,,困难,潜在原因“Design Phase; Wrong design/execution of the isolation material”导致后果“High risk of fault on the cable - total loss of the line Prodution loss on the string”时，S、O、D、RPN分别是多少？,S=3.2；O=1.75；D=3.5；RPN=24,匹配到1条记录：1) FMEA编号=DC7；项目/功能=Dynamic cable / Dynamic Cable / Hang-off；失效模式=damage and corrosion of mechanical parts；失效原因=Design Phase; Wrong design/execution of the isolation material；失效后果=High risk of fault on the cable - total loss of the line Prodution loss on the string；S=3.2；O=1.75；D=3.5；RPN=24；建议措施=-; Design review; improved material selection。,正确,1.0,13.67,确定性规则问答,1.0,1.0,0,1.0,1,,,3.2；1.75；3.5；24.0,,,,3.2；1.75；3.5；24.0,潜在失效原因/机理；潜在失效后果；严酷度(S)；发生度(O)；可探测度(D)；风险优先数(RPN),103,
1478,1478,Full全量模型,无,风险影响评估类,原因后果查风险指标,风险指标查询,,,困难,潜在原因“Environmental conditions; Floating debris - marine activities”导致后果“Cable damage - operational disruption”时，S、O、D、RPN分别是多少？,S=3.2；O=2；D=3.2；RPN=16,匹配到1条记录：1) FMEA编号=DC8；项目/功能=Dynamic cable / Dynamic Cable / Dynamic Cable/；失效模式=Debris disturbance；失效原因=Environmental conditions; Floating debris - marine activities；失效后果=Cable damage - operational disruption；S=3.2；O=2；D=3.2；RPN=16；建议措施=-; Environmental protections; debris management。,正确,1.0,13.54,确定性规则问答,1.0,1.0,0,1.0,1,,,3.2；2.0；3.2；16.0,,,,3.2；2.0；3.2；16.0,潜在失效原因/机理；潜在失效后果；严酷度(S)；发生度(O)；可探测度(D)；风险优先数(RPN),104,
1479,1479,Full全量模型,无,风险影响评估类,原因后果查风险指标,风险指标查询,,,困难,潜在原因“Operation; Connector failure - Mechanical stress”导致后果“cable disconnection - water penetration - Power loss”时，S、O、D、RPN分别是多少？,S=4.4；O=2；D=2.4；RPN=18.5,匹配到1条记录：1) FMEA编号=DC9；项目/功能=Dynamic cable / Dynamic Cable / Dynamic Cable/；失效模式=Detachment；失效原因=Operation; Connector failure - Mechanical stress；失效后果=cable disconnection - water penetration - Power loss；S=4.4；O=2；D=2.4；RPN=18.5；建议措施=-; Design review; improved material selection。,正确,1.0,13.41,确定性规则问答,1.0,1.0,0,1.0,1,,,4.4；2.0；2.4；18.5,,,,4.4；2.0；2.4；18.5,潜在失效原因/机理；潜在失效后果；严酷度(S)；发生度(O)；可探测度(D)；风险优先数(RPN),105,
1480,1480,Full全量模型,无,风险影响评估类,原因后果查风险指标,风险指标查询,,,困难,潜在原因“Manufacturing; Poor quality components”导致后果“breakdown of insulation”时，S、O、D、RPN分别是多少？,S=3.6；O=2.6；D=2.8；RPN=25.2,匹配到1条记录：1) FMEA编号=DC10；项目/功能=Dynamic cable / Dynamic Cable / Joints and terminations；失效模式=Failure of end termination [6]；失效原因=Manufacturing; Poor quality components [6]；失效后果=breakdown of insulation；S=3.6；O=2.6；D=2.8；RPN=25.2；建议措施=-。,正确,1.0,13.23,确定性规则问答,1.0,1.0,0,1.0,1,,,3.6；2.6；2.8；25.2,,,,3.6；2.6；2.8；25.2,潜在失效原因/机理；潜在失效后果；严酷度(S)；发生度(O)；可探测度(D)；风险优先数(RPN),106,
1481,1481,Full全量模型,无,风险影响评估类,原因后果查风险指标,风险指标查询,,,困难,潜在原因“Manufacturing; Poor quality of insulating fluids”导致后果“breakdown of insulation”时，S、O、D、RPN分别是多少？,S=3.8；O=2.6；D=3.2；RPN=28.6,匹配到1条记录：1) FMEA编号=DC11；项目/功能=Dynamic cable / Dynamic Cable / Joints and terminations；失效模式=Failure of end termination [6]；失效原因=Manufacturing; Poor quality of insulating fluids [6]；失效后果=breakdown of insulation；S=3.8；O=2.6；D=3.2；RPN=28.6；建议措施=-; Design improvements; enhanced termination QA。,正确,1.0,13.37,确定性规则问答,1.0,1.0,0,1.0,1,,,3.8；2.6；3.2；28.6,,,,3.8；2.6；3.2；28.6,潜在失效原因/机理；潜在失效后果；严酷度(S)；发生度(O)；可探测度(D)；风险优先数(RPN),107,
1482,1482,Full全量模型,无,风险影响评估类,原因后果查风险指标,风险指标查询,,,困难,潜在原因“Manufacturing; Quality of workmanship”导致后果“breakdown of insulation”时，S、O、D、RPN分别是多少？,S=3.6；O=2.8；D=2.8；RPN=27.6,匹配到1条记录：1) FMEA编号=DC12；项目/功能=Dynamic cable / Dynamic Cable / Joints and terminations；失效模式=Failure of end termination [6]；失效原因=Manufacturing; Quality of workmanship [6]；失效后果=breakdown of insulation；S=3.6；O=2.8；D=2.8；RPN=27.6；建议措施=-。,正确,1.0,13.25,确定性规则问答,1.0,1.0,0,1.0,1,,,3.6；2.8；2.8；27.6,,,,3.6；2.8；2.8；27.6,潜在失效原因/机理；潜在失效后果；严酷度(S)；发生度(O)；可探测度(D)；风险优先数(RPN),108,
1483,1483,Full全量模型,无,风险影响评估类,原因后果查风险指标,风险指标查询,,,困难,潜在原因“Operation; Mechanical stress”导致后果“Cable damage - exposure to elements”时，S、O、D、RPN分别是多少？,S=3.6；O=2.6；D=3；RPN=28,匹配到1条记录：1) FMEA编号=DC13；项目/功能=Dynamic cable / Dynamic Cable / Dynamic Cable/；失效模式=Failure of fixing clamps；失效原因=Operation; Mechanical stress；失效后果=Cable damage - exposure to elements；S=3.6；O=2.6；D=3；RPN=28；建议措施=-。,正确,1.0,13.14,确定性规则问答,1.0,1.0,0,1.0,1,,,3.6；2.6；3.0；28.0,,,,3.6；2.6；3.0；28.0,潜在失效原因/机理；潜在失效后果；严酷度(S)；发生度(O)；可探测度(D)；风险优先数(RPN),109,
1484,1484,Full全量模型,无,风险影响评估类,原因后果查风险指标,风险指标查询,,,困难,潜在原因“Design Phase; Inproper design : need quality insulation materials and protection”导致后果“Fault in the cable - power disruption”时，S、O、D、RPN分别是多少？,S=4.4；O=2.2；D=2.8；RPN=25.6,匹配到1条记录：1) FMEA编号=DC14；项目/功能=Dynamic cable / Dynamic Cable / Insulation；失效模式=Failure of insulations；失效原因=Design Phase; Inproper design : need quality insulation materials and protection；失效后果=Fault in the cable - power disruption；S=4.4；O=2.2；D=2.8；RPN=25.6；建议措施=-。,正确,1.0,13.6,确定性规则问答,1.0,1.0,0,1.0,1,,,4.4；2.2；2.8；25.6,,,,4.4；2.2；2.8；25.6,潜在失效原因/机理；潜在失效后果；严酷度(S)；发生度(O)；可探测度(D)；风险优先数(RPN),110,
1485,1485,Full全量模型,无,风险影响评估类,原因后果查风险指标,风险指标查询,,,困难,潜在原因“Operation; Mechanical and thermal stress”导致后果“Fault in the cable - exposure to elements”时，S、O、D、RPN分别是多少？,S=4.2；O=2.4；D=3；RPN=31.6,匹配到1条记录：1) FMEA编号=DC15；项目/功能=Dynamic cable / Dynamic Cable / Sheath；失效模式=Failure of sheath；失效原因=Operation; Mechanical and thermal stress；失效后果=Fault in the cable - exposure to elements；S=4.2；O=2.4；D=3；RPN=31.6；建议措施=-。,正确,1.0,13.29,确定性规则问答,1.0,1.0,0,1.0,1,,,4.2；2.4；3.0；31.6,,,,4.2；2.4；3.0；31.6,潜在失效原因/机理；潜在失效后果；严酷度(S)；发生度(O)；可探测度(D)；风险优先数(RPN),111,
1486,1486,Full全量模型,无,风险影响评估类,原因后果查风险指标,风险指标查询,,,困难,潜在原因“Manufacturing; Errors or defects during manufacturing”导致后果“Reduced or interupted electricity flow”时，S、O、D、RPN分别是多少？,S=4.2；O=2.6；D=3；RPN=30.2,"匹配到1条记录：1) FMEA编号=DC16；项目/功能=Dynamic cable / Dynamic Cable / Dynamic Cable/；失效模式=Failure of watertightness；失效原因=Manufacturing; Errors or defects during manufacturing；失效后果=Reduced or interupted electricity flow；S=4.2；O=2.6；D=3；RPN=30.2；建议措施=Installation QA/QC: pull-in tension verification, handling procedures; Watertightness assurance: enhanced sealing tests; end termination QA; -。",正确,1.0,13.47,确定性规则问答,1.0,1.0,0,1.0,1,,,4.2；2.6；3.0；30.2,,,,4.2；2.6；3.0；30.2,潜在失效原因/机理；潜在失效后果；严酷度(S)；发生度(O)；可探测度(D)；风险优先数(RPN),112,
1487,1487,Full全量模型,无,风险影响评估类,原因后果查风险指标,风险指标查询,,,困难,潜在原因“Operation; Damage on the cable due to extreme environmental events”导致后果“Reduced or interupted electricity flow”时，S、O、D、RPN分别是多少？,S=4.2；O=2；D=3.6；RPN=27.8,匹配到1条记录：1) FMEA编号=DC17；项目/功能=Dynamic cable / Dynamic Cable / Dynamic Cable/；失效模式=Failure of watertightness；失效原因=Operation; Damage on the cable due to extreme environmental events；失效后果=Reduced or interupted electricity flow；S=4.2；O=2；D=3.6；RPN=27.8；建议措施=Watertightness assurance: enhanced sealing tests; end termination QA; -。,正确,1.0,13.39,确定性规则问答,1.0,1.0,0,1.0,1,,,4.2；2.0；3.6；27.8,,,,4.2；2.0；3.6；27.8,潜在失效原因/机理；潜在失效后果；严酷度(S)；发生度(O)；可探测度(D)；风险优先数(RPN),113,
1488,1488,Full全量模型,无,风险影响评估类,原因后果查风险指标,风险指标查询,,,困难,潜在原因“Operation; Internal damage: Problem in insulation material - Electrical overload”导致后果“Electrical faults - loss of production”时，S、O、D、RPN分别是多少？,S=4.2；O=2.4；D=2.4；RPN=25,"匹配到1条记录：1) FMEA编号=DC18；项目/功能=Dynamic cable / Dynamic Cable / Conductor；失效模式=failures of conductors；失效原因=Operation; Internal damage: Problem in insulation material - Electrical overload；失效后果=Electrical faults - loss of production；S=4.2；O=2.4；D=2.4；RPN=25；建议措施=-; Monitoring (DTS/RTTR, electrical integrity tests)。",正确,1.0,13.72,确定性规则问答,1.0,1.0,0,1.0,1,,,4.2；2.4；2.4；25.0,,,,4.2；2.4；2.4；25.0,潜在失效原因/机理；潜在失效后果；严酷度(S)；发生度(O)；可探测度(D)；风险优先数(RPN),114,
1489,1489,Full全量模型,无,风险影响评估类,原因后果查风险指标,风险指标查询,,,困难,潜在原因“Operation; Repeated stress cycles - bending motions”导致后果“Crack may evolve in a fault of the cable - Cable weakening”时，S、O、D、RPN分别是多少？,S=4.2；O=2.4；D=3.6；RPN=35.6,"匹配到1条记录：1) FMEA编号=DC19；项目/功能=Dynamic cable / Dynamic Cable / Dynamic Cable/；失效模式=Fatigue Cracks；失效原因=Operation; Repeated stress cycles - bending motions；失效后果=Crack may evolve in a fault of the cable - Cable weakening；S=4.2；O=2.4；D=3.6；RPN=35.6；建议措施=Monitoring: DTS/RTTR, electrical integrity tests, leak detection; -。",正确,1.0,13.51,确定性规则问答,1.0,1.0,0,1.0,1,,,4.2；2.4；3.6；35.6,,,,4.2；2.4；3.6；35.6,潜在失效原因/机理；潜在失效后果；严酷度(S)；发生度(O)；可探测度(D)；风险优先数(RPN),115,
1490,1490,Full全量模型,无,风险影响评估类,原因后果查风险指标,风险指标查询,,,困难,"潜在原因“Design Phase; Unexpected contingency ( earthquake, seabed movement)”导致后果“Cable damage, production disruption”时，S、O、D、RPN分别是多少？",S=4.6；O=1.4；D=3.5；RPN=32,"匹配到1条记录：1) FMEA编号=DC20；项目/功能=Dynamic cable / Dynamic Cable / Dynamic Cable/；失效模式=Geo-Hazards；失效原因=Design Phase; Unexpected contingency ( earthquake, seabed movement)；失效后果=Cable damage, production disruption；S=4.6；O=1.4；D=3.5；RPN=32；建议措施=-。",正确,1.0,13.42,确定性规则问答,1.0,1.0,0,1.0,1,,,4.6；1.4；3.5；32.0,,,,4.6；1.4；3.5；32.0,潜在失效原因/机理；潜在失效后果；严酷度(S)；发生度(O)；可探测度(D)；风险优先数(RPN),116,
1491,1491,Full全量模型,无,风险影响评估类,原因后果查风险指标,风险指标查询,,,困难,潜在原因“Environmental conditions; Dynamic positioning system failure due to excessive environmental conditions”导致后果“Cables stress”时，S、O、D、RPN分别是多少？,S=3.4；O=2.6；D=3；RPN=26,匹配到1条记录：1) FMEA编号=DC21；项目/功能=Dynamic cable / Dynamic Cable / Dynamic Cable/；失效模式=Loss of dynamic positioning；失效原因=Environmental conditions; Dynamic positioning system failure due to excessive environmental conditions；失效后果=Cables stress；S=3.4；O=2.6；D=3；RPN=26；建议措施=-。,正确,1.0,13.62,确定性规则问答,1.0,1.0,0,1.0,1,,,3.4；2.6；3.0；26.0,,,,3.4；2.6；3.0；26.0,潜在失效原因/机理；潜在失效后果；严酷度(S)；发生度(O)；可探测度(D)；风险优先数(RPN),117,
1492,1492,Full全量模型,无,风险影响评估类,原因后果查风险指标,风险指标查询,,,困难,潜在原因“Design Phase; Underestimation of dynamic conditions - Unexpected contingency scenario ( loss of mooring line )”导致后果“Weakening of cable materials - loss of production”时，S、O、D、RPN分别是多少？,S=4.4；O=1.8；D=3；RPN=18.5,"匹配到1条记录：1) FMEA编号=DC23；项目/功能=Dynamic cable / Dynamic Cable / Dynamic Cable/；失效模式=material degradation；失效原因=Design Phase; Underestimation of dynamic conditions - Unexpected contingency scenario ( loss of mooring line )；失效后果=Weakening of cable materials - loss of production；S=4.4；O=1.8；D=3；RPN=18.5；建议措施=Monitoring: DTS/RTTR, electrical integrity tests, leak detection; -。",正确,1.0,13.65,确定性规则问答,1.0,1.0,0,1.0,1,,,4.4；1.8；3.0；18.5,,,,4.4；1.8；3.0；18.5,潜在失效原因/机理；潜在失效后果；严酷度(S)；发生度(O)；可探测度(D)；风险优先数(RPN),119,
1493,1493,Full全量模型,无,风险影响评估类,原因后果查风险指标,风险指标查询,,,困难,潜在原因“Design Phase; Design inefficiency”导致后果“Cable being vulnerable to scour and need for repair or replacement”时，S、O、D、RPN分别是多少？,S=3.8；O=2.2；D=4.4；RPN=38.4,匹配到1条记录：1) FMEA编号=DC25；项目/功能=Dynamic cable / Dynamic Cable / Cable Protection System (CPS)；失效模式=Movement of CPS due to scour/seabed mobility [6]；失效原因=Design Phase; Design inefficiency [6]；失效后果=Cable being vulnerable to scour and need for repair or replacement；S=3.8；O=2.2；D=4.4；RPN=38.4；建议措施=-。,正确,1.0,13.54,确定性规则问答,1.0,1.0,0,1.0,1,,,3.8；2.2；4.4；38.4,,,,3.8；2.2；4.4；38.4,潜在失效原因/机理；潜在失效后果；严酷度(S)；发生度(O)；可探测度(D)；风险优先数(RPN),121,
1494,1494,Full全量模型,无,风险影响评估类,原因后果查风险指标,风险指标查询,,,困难,潜在原因“Design Phase; lack of data of the deployment location”导致后果“Cable being vulnerable to scour and need for repair or replacement”时，S、O、D、RPN分别是多少？,S=3.8；O=2.6；D=4.4；RPN=44,"匹配到1条记录：1) FMEA编号=DC26；项目/功能=Dynamic cable / Dynamic Cable / Cable Protection System (CPS)；失效模式=Movement of CPS due to scour/seabed mobility [6]；失效原因=Design Phase; lack of data of the deployment location [4,6]；失效后果=Cable being vulnerable to scour and need for repair or replacement；S=3.8；O=2.6；D=4.4；RPN=44；建议措施=Burial/trenching optimization; scour mitigation; as-built metrology; -。",正确,1.0,14.07,确定性规则问答,1.0,1.0,0,1.0,1,,,3.8；2.6；4.4；44.0,,,,3.8；2.6；4.4；44.0,潜在失效原因/机理；潜在失效后果；严酷度(S)；发生度(O)；可探测度(D)；风险优先数(RPN),122,
1495,1495,Full全量模型,无,风险影响评估类,原因后果查风险指标,风险指标查询,,,困难,潜在原因“Installation phase; incorrect installation”导致后果“Cable being vulnerable to scour and need for repair or replacement”时，S、O、D、RPN分别是多少？,S=3.8；O=2.8；D=4；RPN=41.6,匹配到1条记录：1) FMEA编号=DC27；项目/功能=Dynamic cable / Dynamic Cable / Cable Protection System (CPS)；失效模式=Movement of CPS due to scour/seabed mobility [6]；失效原因=Installation phase; incorrect installation [6]；失效后果=Cable being vulnerable to scour and need for repair or replacement；S=3.8；O=2.8；D=4；RPN=41.6；建议措施=Burial/trenching optimization; scour mitigation; as-built metrology; -。,正确,1.0,13.78,确定性规则问答,1.0,1.0,0,1.0,1,,,3.8；2.8；4.0；41.6,,,,3.8；2.8；4.0；41.6,潜在失效原因/机理；潜在失效后果；严酷度(S)；发生度(O)；可探测度(D)；风险优先数(RPN),123,
1496,1496,Full全量模型,无,风险影响评估类,原因后果查风险指标,风险指标查询,,,困难,"潜在原因“Environmental conditions; Environmental exposure - wear”导致后果“Structural damage - cable weakening, exposure to elements”时，S、O、D、RPN分别是多少？",S=3.6；O=2.2；D=3.75；RPN=29,"匹配到1条记录：1) FMEA编号=DC28；项目/功能=Dynamic cable / Dynamic Cable / Dynamic Cable/；失效模式=Premature damage of outer protection layer；失效原因=Environmental conditions; Environmental exposure - wear；失效后果=Structural damage - cable weakening, exposure to elements；S=3.6；O=2.2；D=3.75；RPN=29；建议措施=-。",正确,1.0,13.89,确定性规则问答,1.0,1.0,0,1.0,1,,,3.6；2.2；3.75；29.0,,,,3.6；2.2；3.75；29.0,潜在失效原因/机理；潜在失效后果；严酷度(S)；发生度(O)；可探测度(D)；风险优先数(RPN),124,
1497,1497,Full全量模型,无,风险影响评估类,原因后果查风险指标,风险指标查询,,,困难,"潜在原因“Design Phase; Insufficient information for the deployment location”导致后果“need for re-burial, change of cable protection requirement or even replacement of cable”时，S、O、D、RPN分别是多少？",S=3.6；O=2.4；D=3.8；RPN=28.6,"匹配到2条记录：1) FMEA编号=DC29；项目/功能=Dynamic cable / Dynamic Cable / Static cable/Export Cable；失效模式=Reduced sediment cover lower than designed value for protection [6]；失效原因=Design Phase; Insufficient information for the deployment location [6]；失效后果=need for re-burial, change of cable protection requirement or even replacement of cable；S=3.6；O=2.4；D=3.8；RPN=28.6；建议措施=Burial/trenching optimization; scour mitigation; as-built metrology; Monitoring: DTS/RTTR, electrical integrity tests, leak detection; -；2) FMEA编号=DC30；项目/功能=Dynamic cable / Dynamic Cable / Dynamic Cable (Touchdown point)；失效模式=Reduced sediment cover lower than designed value for protection [6]；失效原因=Design Phase; Insufficient information for the deployment location [6]；失效后果=need for re-burial, change of cable protection requirement or even replacement of cable；S=4；O=2；D=3.5；RPN=0；建议措施=-。",正确,1.0,14.06,确定性规则问答,1.0,1.0,0,1.0,2,,,3.6；2.4；3.8；28.6,,,,3.6；2.4；3.8；28.6,潜在失效原因/机理；潜在失效后果；严酷度(S)；发生度(O)；可探测度(D)；风险优先数(RPN),125,
1498,1498,Full全量模型,无,风险影响评估类,原因后果查风险指标,风险指标查询,,,困难,"潜在原因“Environmental conditions; exposure of seabed cover to extreme environmental phenomena”导致后果“need for re-burial, change of cable protection requirement or even replacement of cable”时，S、O、D、RPN分别是多少？",S=3.6；O=2.2；D=4.2；RPN=29.6,"匹配到1条记录：1) FMEA编号=DC31；项目/功能=Dynamic cable / Dynamic Cable / Static cable/Export Cable；失效模式=Reduced sediment cover lower than designed value for protection [6]；失效原因=Environmental conditions; exposure of seabed cover to extreme environmental phenomena；失效后果=need for re-burial, change of cable protection requirement or even replacement of cable；S=3.6；O=2.2；D=4.2；RPN=29.6；建议措施=-。",正确,1.0,13.79,确定性规则问答,1.0,1.0,0,1.0,1,,,3.6；2.2；4.2；29.6,,,,3.6；2.2；4.2；29.6,潜在失效原因/机理；潜在失效后果；严酷度(S)；发生度(O)；可探测度(D)；风险优先数(RPN),127,
1499,1499,Full全量模型,无,风险影响评估类,原因后果查风险指标,风险指标查询,,,困难,潜在原因“Operation; Mechanical stress - excessive bending”导致后果“Cable damage - insulation degradation”时，S、O、D、RPN分别是多少？,S=3.4；O=2.6；D=3.2；RPN=28.6,匹配到1条记录：1) FMEA编号=DC32；项目/功能=Dynamic cable / Dynamic Cable / Dynamic Cable/；失效模式=Small bending radius；失效原因=Operation; Mechanical stress - excessive bending；失效后果=Cable damage - insulation degradation；S=3.4；O=2.6；D=3.2；RPN=28.6；建议措施=Lazy-wave configuration optimization; buoyancy spacing; hang-off upgrades; -。,正确,1.0,13.47,确定性规则问答,1.0,1.0,0,1.0,1,,,3.4；2.6；3.2；28.6,,,,3.4；2.6；3.2；28.6,潜在失效原因/机理；潜在失效后果；严酷度(S)；发生度(O)；可探测度(D)；风险优先数(RPN),128,
1500,1500,Full全量模型,无,风险影响评估类,项目原因查后果与RPN,项目范围风险评估,,,困难,在项目/功能“Tower / Tower / Primary steelwork”中，由“Design phase; Resonance occurs when the natural frequency of the tower or other components of the wind turbine matches the frequency of the wind or other external forces.”引起的故障，其失效后果和RPN是什么？,Excessive Fatigue Life Consumption；RPN=33.33,失效模式是：Abnormal vibration；项目/功能是：Tower / Tower (TO) / Primary steelwork；失效后果是：Excessive Fatigue Life Consumption。,错误,0.5,83.62,语义RAG,0.1667,1.0,0,1.0,6,,33.33,,,,Excessive Fatigue Life Consumption,33.33,项目/功能；潜在失效原因/机理；潜在失效后果；风险优先数(RPN),0,
